ONEWEB-0012             
1 44057U 19010A   26119.31114408  .00000059  00000+0  11944-3 0  9997
2 44057  87.9086 238.4910 0002279 105.6116 254.5266 13.16594210345135
ONEWEB-0010             
1 44058U 19010B   26119.26047680  .00000076  00000+0  16468-3 0  9994
2 44058  87.9085 238.4970 0001803  90.1626 269.9712 13.16595054345174
ONEWEB-0008             
1 44059U 19010C   26119.28579677 -.00000048  00000+0 -15870-3 0  9990
2 44059  87.9084 238.4880 0001756 108.4624 251.6698 13.16592886345296
ONEWEB-0007             
1 44060U 19010D   26118.97784329 -.00000207  00000+0 -58444-3 0  9990
2 44060  87.8953 269.0350 0002078  91.6158 268.5210 13.15548660344901
ONEWEB-0006             
1 44061U 19010E   26119.13389812 -.00000307  00000+0 -84930-3 0  9998
2 44061  87.8966 268.9629 0001866  91.1083 269.0262 13.15545039344976
ONEWEB-0011             
1 44062U 19010F   26119.17828172  .00000143  00000+0  34658-3 0  9998
2 44062  87.8965 268.9634 0001619  94.7901 265.3414 13.15547483344979
ONEWEB-0013             
1 45131U 20008A   26119.34342833 -.00000295  00000+0 -89360-3 0  9999
2 45131  87.8519  62.6734 0002658  97.3146 262.8283 13.09456831299677
ONEWEB-0017             
1 45132U 20008B   26119.51269503 -.00000623  00000+0 -18219-2 0  9990
2 45132  87.8851  45.9541 0001871  71.7439 288.3892 13.10372417301575
ONEWEB-0020             
1 45133U 20008C   26119.25375972  .00000516  00000+0  14412-2 0  9990
2 45133  87.8860  46.0007 0001908  78.5969 281.5372 13.10370263301934
ONEWEB-0021             
1 45134U 20008D   26119.49776803 -.00000181  00000+0 -55557-3 0  9991
2 45134  87.8847  45.9723 0001970  78.3659 281.7690 13.10369233302274
ONEWEB-0023             
1 45136U 20008F   26119.50854344 -.00000684  00000+0 -19959-2 0  9995
2 45136  87.8853  45.9496 0001908  83.5482 276.5863 13.10369494301703
ONEWEB-0024             
1 45137U 20008G   26119.48117661  .00000574  00000+0  16070-2 0  9994
2 45137  87.8859  45.9448 0001927  77.1863 282.9479 13.10370405301865
ONEWEB-0025             
1 45138U 20008H   26119.25034514  .00000697  00000+0  19690-2 0  9992
2 45138  87.8862  45.9781 0002427  48.9998 311.1339 13.10076930302161
ONEWEB-0026             
1 45139U 20008J   26119.48122125 -.00000416  00000+0 -12098-2 0  9990
2 45139  87.8933  30.7512 0001738  74.1542 285.9777 13.11418530304720
ONEWEB-0028             
1 45140U 20008K   26119.51590333  .00000553  00000+0  15380-2 0  9993
2 45140  87.8919  30.7481 0002225  90.5753 269.5629 13.10848688302248
ONEWEB-0032             
1 45141U 20008L   26119.51435649 -.00000605  00000+0 -17693-2 0  9991
2 45141  87.8853  45.9549 0002161  90.0318 270.1057 13.10373959301921
ONEWEB-0033             
1 45142U 20008M   26119.48948225  .00000302  00000+0  83001-3 0  9996
2 45142  87.8847  45.9686 0001798  62.5731 297.5579 13.10370415301831
ONEWEB-0035             
1 45143U 20008N   26119.51887727 -.00000533  00000+0 -15521-2 0  9999
2 45143  87.8850  45.9600 0001857  74.9127 285.2206 13.10885495301564
ONEWEB-0036             
1 45144U 20008P   26119.23613594  .00000897  00000+0  25547-2 0  9998
2 45144  87.8869  46.0057 0001857  85.5596 274.5743 13.09825031301959
ONEWEB-0038             
1 45145U 20008Q   26119.49154220  .00000012  00000+0 -22339-5 0  9992
2 45145  87.8941  30.7524 0003413  64.2118 295.9362 13.11419791303944
ONEWEB-0039             
1 45146U 20008R   26119.49278949  .00000147  00000+0  38406-3 0  9996
2 45146  87.8854  45.9562 0002210  89.6388 270.4992 13.10369374301789
ONEWEB-0040             
1 45147U 20008S   26119.33344196  .00000435  00000+0  12112-2 0  9993
2 45147  87.8848  46.0004 0001959  77.8487 282.2860 13.10370301301466
ONEWEB-0043             
1 45149U 20008U   26119.33509619  .00000370  00000+0  10230-2 0  9995
2 45149  87.8855  45.9859 0002251  91.2277 268.9108 13.10369625301783
ONEWEB-0044             
1 45150U 20008V   26119.21059726 -.00000609  00000+0 -17801-2 0  9991
2 45150  87.8861  46.0083 0002056  81.6114 278.5247 13.10374459302063
ONEWEB-0045             
1 45151U 20008W   26119.25742291 -.00000128  00000+0 -39658-3 0  9993
2 45151  87.8936  30.7840 0001936  79.9181 280.2166 13.11420136303996
ONEWEB-0047             
1 45152U 20008X   26119.50937881 -.00000565  00000+0 -16557-2 0  9990
2 45152  87.8857  45.9490 0001929  73.3023 286.8316 13.10372664301823
ONEWEB-0048             
1 45153U 20008Y   26119.50439912 -.00000449  00000+0 -13240-2 0  9990
2 45153  87.8850  45.9747 0001910  76.7683 283.3658 13.10370428301435
ONEWEB-0049             
1 45154U 20008Z   26119.35486987 -.00000558  00000+0 -16362-2 0  9997
2 45154  87.8853  45.9927 0001638  91.2187 268.9128 13.10371871301633
ONEWEB-0051             
1 45155U 20008AA  26119.48460718 -.00000289  00000+0 -85245-3 0  9994
2 45155  87.8929  30.7499 0001876  79.5281 280.6059 13.11415565304707
ONEWEB-0052             
1 45156U 20008AB  26119.22267154 -.00000059  00000+0 -20437-3 0  9993
2 45156  87.8858  46.0043 0001692  91.8183 268.3138 13.10497523301529
ONEWEB-0053             
1 45157U 20008AC  26119.48450256  .00000472  00000+0  13147-2 0  9995
2 45157  87.8850  45.9757 0002109  93.1341 267.0028 13.10370981301530
ONEWEB-0054             
1 45158U 20008AD  26119.51933806 -.00000610  00000+0 -17847-2 0  9994
2 45158  87.8863  45.9472 0001822  79.5310 280.6022 13.10374195301653
ONEWEB-0056             
1 45159U 20008AE  26119.49884051 -.00000143  00000+0 -44222-3 0  9998
2 45159  87.8856  45.9497 0001597  77.1043 283.0263 13.10839097301807
ONEWEB-0057             
1 45160U 20008AF  26119.50786475 -.00000518  00000+0 -15203-2 0  9995
2 45160  87.8857  45.9573 0002050  93.2992 266.8370 13.10371777301974
ONEWEB-0058             
1 45161U 20008AG  26119.49458948  .00000019  00000+0  16865-4 0  9996
2 45161  87.8849  45.9681 0002018  73.6530 286.4819 13.10370710302041
ONEWEB-0059             
1 45162U 20008AH  26119.49115419  .00002083  00000+0  59301-2 0  9993
2 45162  87.8847  45.9682 0001989  79.1461 280.9890 13.10362390301942
ONEWEB-0062             
1 45163U 20008AJ  26119.21141453 -.00000566  00000+0 -16577-2 0  9995
2 45163  87.8858  46.0091 0001959  65.7204 294.4128 13.10375603301770
ONEWEB-0065             
1 45164U 20008AK  26119.24201160  .00000699  00000+0  19647-2 0  9997
2 45164  87.8856  46.0102 0001757  89.8932 270.2397 13.10373634301472
ONEWEB-0066             
1 45424U 20020A   26119.46935319 -.00000462  00000+0 -13401-2 0  9996
2 45424  87.8930  30.7560 0001994  78.4500 281.6851 13.11417313296298
ONEWEB-0067             
1 45425U 20020B   26119.50746625  .00000527  00000+0  14509-2 0  9992
2 45425  87.8947  30.6630 0001846  87.2395 272.8944 13.11421744296355
ONEWEB-0080             
1 45426U 20020C   26119.50681117  .00000505  00000+0  13896-2 0  9991
2 45426  87.8935  30.7419 0001847  68.3737 291.7588 13.11417201296324
ONEWEB-0090             
1 45427U 20020D   26119.45931435 -.00000240  00000+0 -71165-3 0  9999
2 45427  87.8934  30.7564 0001815  77.1065 283.0265 13.11416252296288
ONEWEB-0061             
1 45428U 20020E   26119.26237686  .00000031  00000+0  51968-4 0  9992
2 45428  87.8934  30.7809 0001853  77.0346 283.0989 13.11419991296213
ONEWEB-0081             
1 45429U 20020F   26119.47272889 -.00000495  00000+0 -14314-2 0  9998
2 45429  87.8924  30.7518 0001982  82.8577 277.2776 13.11415452296355
ONEWEB-0069             
1 45430U 20020G   26119.23429926 -.00000458  00000+0 -13397-2 0  9999
2 45430  87.8929  30.7958 0001885  81.1921 278.9420 13.10856052296254
ONEWEB-0031             
1 45431U 20020H   26119.51005433  .00000530  00000+0  14595-2 0  9994
2 45431  87.8922  30.7550 0001801  72.1734 287.9590 13.11417319296276
ONEWEB-0027             
1 45432U 20020J   26119.25110980  .00000033  00000+0  50934-4 0  9997
2 45432  87.9193  15.5707 0001483  73.7015 286.4279 13.17649872299917
ONEWEB-0064             
1 45433U 20020K   26119.50835667  .00000563  00000+0  15516-2 0  9995
2 45433  87.8924  30.7457 0001724  73.7165 286.4152 13.11417861296309
ONEWEB-0018             
1 45434U 20020L   26119.23537639 -.00000423  00000+0 -12302-2 0  9991
2 45434  87.8923  30.7992 0002194  75.0790 285.0581 13.11416276296214
ONEWEB-0083             
1 45435U 20020M   26119.45454692 -.00000081  00000+0 -26391-3 0  9997
2 45435  87.8932  30.7462 0001857  76.4779 283.6556 13.11533215296280
ONEWEB-0095             
1 45436U 20020N   26119.21687264  .00000282  00000+0  76003-3 0  9991
2 45436  87.8932  30.8017 0001173  93.6886 266.4376 13.11417470296259
ONEWEB-0092             
1 45437U 20020P   26119.49379240  .00016731  00000+0  46995-1 0  9995
2 45437  87.8934  30.7467 0001671  95.5162 264.6157 13.11549483296405
ONEWEB-0085             
1 45438U 20020Q   26119.45405207  .00002614  00000+0  73360-2 0  9997
2 45438  87.8921  30.7577 0001934  82.0152 278.1195 13.11440704296280
ONEWEB-0096             
1 45439U 20020R   26119.45578492 -.00000137  00000+0 -42189-3 0  9991
2 45439  87.8933  30.7479 0001876  80.5315 279.6025 13.11416777296274
ONEWEB-0037             
1 45440U 20020S   26119.50741942  .00000462  00000+0  12594-2 0  9996
2 45440  87.8944  30.7149 0001751  80.6561 279.4765 13.11908814296310
ONEWEB-0042             
1 45441U 20020T   26119.44548456  .00000264  00000+0  70914-3 0  9996
2 45441  87.8934  30.7470 0001910  81.6607 278.4737 13.11415682296275
ONEWEB-0098             
1 45442U 20020U   26119.44138221  .00000387  00000+0  10566-2 0  9994
2 45442  87.8929  30.7582 0001825  75.8872 284.2459 13.11414266296259
ONEWEB-0055             
1 45443U 20020V   26119.49920566  .00000307  00000+0  82497-3 0  9996
2 45443  87.8933  30.7460 0001919  72.6373 287.4965 13.11920149296232
ONEWEB-0093             
1 45444U 20020W   26119.47627106 -.00000567  00000+0 -16354-2 0  9997
2 45444  87.8936  30.7413 0002131  87.7059 272.4313 13.11417796296295
ONEWEB-0029             
1 45445U 20020X   26119.49224799  .00000116  00000+0  29219-3 0  9994
2 45445  87.8926  30.7475 0001968  79.6335 280.5014 13.11419450296272
ONEWEB-0068             
1 45446U 20020Y   26119.47599876 -.00000473  00000+0 -13706-2 0  9995
2 45446  87.8936  30.7447 0002017  80.8876 279.2480 13.11418160296216
ONEWEB-0046             
1 45447U 20020Z   26119.23876354 -.00000511  00000+0 -14781-2 0  9996
2 45447  87.8936  30.7988 0001857  86.6819 273.4521 13.11417670296193
ONEWEB-0063             
1 45448U 20020AA  26119.19130463  .00000333  00000+0  90347-3 0  9999
2 45448  87.8937  30.8060 0001692  85.1681 274.9640 13.11418896296273
ONEWEB-0019             
1 45449U 20020AB  26119.23014969 -.00000289  00000+0 -85238-3 0  9992
2 45449  87.8927  30.7880 0001789  73.4229 286.7095 13.11416410296126
ONEWEB-0094             
1 45450U 20020AC  26119.22409228  .00000060  00000+0  12218-3 0  9992
2 45450  87.9192  15.5745 0001986  76.8459 283.2894 13.17651734299864
ONEWEB-0087             
1 45451U 20020AD  26119.20134646  .00000564  00000+0  15566-2 0  9997
2 45451  87.8942  30.7744 0002142  80.3890 279.7480 13.11417231296166
ONEWEB-0082             
1 45452U 20020AE  26119.19809032  .00000614  00000+0  16962-2 0  9991
2 45452  87.8935  30.7954 0002063  79.0838 281.0522 13.11417923296252
ONEWEB-0050             
1 45453U 20020AF  26119.25908404  .00003006  00000+0  30839-3 0  9990
2 45453  88.9281 239.8526 0005505 127.4444 232.7287 14.90172662333092
ONEWEB-0034             
1 45454U 20020AG  26119.22059084  .00000129  00000+0  32931-3 0  9997
2 45454  87.8932  30.7945 0001849  78.3240 281.8095 13.10929624296170
ONEWEB-0060             
1 45455U 20020AH  26119.19045545  .00000346  00000+0  94112-3 0  9991
2 45455  87.8928  30.8082 0002859  79.4180 280.7270 13.11418474296121
ONEWEB-0086             
1 45456U 20020AJ  26119.24554991 -.00000449  00000+0 -13023-2 0  9995
2 45456  87.8936  30.7889 0002426  66.7200 293.4183 13.11418387296191
ONEWEB-0088             
1 45457U 20020AK  26119.22351174  .00000002  00000+0 -30315-4 0  9991
2 45457  87.8944  30.7619 0001744  92.6839 267.4489 13.11413817296126
ONEWEB-0102             
1 47258U 20100A   26119.41841601  .00000335  00000+0  89617-3 0  9997
2 47258  87.8985   0.3707 0001913  75.0066 285.1274 13.12444092258338
ONEWEB-0109             
1 47259U 20100B   26119.42688288  .00000422  00000+0  11389-2 0  9996
2 47259  87.8994   0.3479 0001702  77.5366 282.5952 13.12444136258165
ONEWEB-0110             
1 47260U 20100C   26119.37775512 -.00000239  00000+0 -69985-3 0  9993
2 47260  87.8994   0.3420 0001988  76.3297 283.8052 13.12442914258324
ONEWEB-0111             
1 47261U 20100D   26119.40824515  .00000045  00000+0  90725-4 0  9996
2 47261  87.8991   0.3546 0001891  82.3371 277.7972 13.12444663258162
ONEWEB-0114             
1 47262U 20100E   26119.36250500  .00000172  00000+0  44154-3 0  9994
2 47262  87.8997   0.3603 0001485  80.3345 279.7951 13.12442205258115
ONEWEB-0117             
1 47263U 20100F   26119.20156446  .00000362  00000+0  97213-3 0  9997
2 47263  87.8994   0.3848 0001782  79.9184 280.2145 13.12442496258102
ONEWEB-0118             
1 47264U 20100G   26119.38791711 -.00000334  00000+0 -96290-3 0  9992
2 47264  87.8998   0.3499 0001489  87.4125 272.7174 13.12443179258323
ONEWEB-0119             
1 47265U 20100H   26119.41333343  .00000316  00000+0  84285-3 0  9999
2 47265  87.8984   0.3664 0001737  80.5988 279.5336 13.12444414258306
ONEWEB-0120             
1 47266U 20100J   26119.36094806  .00000247  00000+0  65055-3 0  9999
2 47266  87.8985   0.3778 0001678  79.4430 280.6887 13.12442599258325
ONEWEB-0121             
1 47267U 20100K   26119.42519860  .00000473  00000+0  12804-2 0  9993
2 47267  87.8994   0.3463 0001971  79.1648 280.9703 13.12443265258243
ONEWEB-0122             
1 47268U 20100L   26119.41926911  .00000327  00000+0  87423-3 0  9990
2 47268  87.8996   0.3508 0001766  75.3412 284.7912 13.12442921258157
ONEWEB-0123             
1 47269U 20100M   26119.41502412  .00000295  00000+0  78451-3 0  9992
2 47269  87.8982   0.3650 0001705  83.9384 276.1938 13.12444038258296
ONEWEB-0124             
1 47270U 20100N   26119.40485429 -.00000004  00000+0 -45777-4 0  9997
2 47270  87.8983   0.3708 0001855  83.2521 276.8818 13.12444765258173
ONEWEB-0125             
1 47271U 20100P   26119.38283530 -.00000367  00000+0 -10543-2 0  9997
2 47271  87.8998   0.3524 0001893  90.3588 269.7757 13.12443412258238
ONEWEB-0126             
1 47272U 20100Q   26119.40330203 -.00000076  00000+0 -24597-3 0  9993
2 47272  87.8988   0.3677 0001658  79.5128 280.6187 13.12443062258303
ONEWEB-0127             
1 47273U 20100R   26119.36928169  .00000000  00000+0 -35595-4 0  9990
2 47273  87.8983   0.3756 0001652  76.8460 283.2852 13.12443207258321
ONEWEB-0128             
1 47274U 20100S   26119.39131005 -.00000404  00000+0 -11574-2 0  9997
2 47274  87.8983   0.3850 0002063  76.1614 283.9744 13.12443342258347
ONEWEB-0129             
1 47275U 20100T   26119.37097671 -.00000038  00000+0 -14115-3 0  9994
2 47275  87.8994   0.3579 0001015  41.7105 318.4100 13.12442200258271
ONEWEB-0130             
1 47276U 20100U   26119.39807558 -.00000254  00000+0 -74021-3 0  9992
2 47276  87.8995   0.3473 0001752  77.4779 282.6545 13.12444961258245
ONEWEB-0131             
1 47277U 20100V   26119.39468682 -.00000320  00000+0 -92454-3 0  9998
2 47277  87.8984   0.3715 0001783  79.5652 280.5677 13.12444517258284
ONEWEB-0132             
1 47278U 20100W   26119.42349823  .00000472  00000+0  12756-2 0  9990
2 47278  87.8986   0.3663 0001854  80.2070 279.9268 13.12444198258183
ONEWEB-0133             
1 47279U 20100X   26119.36406713  .00000200  00000+0  52009-3 0  9991
2 47279  87.8997   0.3486 0001918  78.4707 281.6637 13.12442825258338
ONEWEB-0134             
1 47280U 20100Y   26119.40993882  .00000157  00000+0  40227-3 0  9996
2 47280  87.8999   0.3366 0001806  72.3367 287.7958 13.12444638258315
ONEWEB-0135             
1 47281U 20100Z   26119.22866758 -.00000405  00000+0 -11598-2 0  9994
2 47281  87.8984   0.4016 0001921  72.1171 288.0167 13.12442966258310
ONEWEB-0136             
1 47282U 20100AA  26119.39977707 -.00000240  00000+0 -70348-3 0  9996
2 47282  87.8995   0.3450 0001799  70.2526 289.8796 13.12444400258266
ONEWEB-0137             
1 47283U 20100AB  26119.35742785  .00000370  00000+0  99343-3 0  9997
2 47283  87.8998   0.3612 0001696  85.0727 275.0595 13.12443483258166
ONEWEB-0138             
1 47284U 20100AC  26119.41166063  .00000207  00000+0  54022-3 0  9998
2 47284  87.8995   0.3577 0001712  73.1854 286.9462 13.12443834258256
ONEWEB-0139             
1 47285U 20100AD  26119.37620881 -.00000210  00000+0 -61820-3 0  9997
2 47285  87.8993   0.3516 0001737  79.6814 280.4510 13.12442226258327
ONEWEB-0140             
1 47286U 20100AE  26119.40655549  .00000090  00000+0  21600-3 0  9997
2 47286  87.8995   0.3355 0001926  79.9877 280.1469 13.12444399258292
ONEWEB-0141             
1 47287U 20100AF  26119.37592221 -.00000168  00000+0 -50240-3 0  9991
2 47287  87.8995   0.3470 0001553  89.8888 270.2419 13.12443017258278
ONEWEB-0142             
1 47288U 20100AG  26119.36434345  .00000162  00000+0  41616-3 0  9992
2 47288  87.8990   0.3733 0001339  81.1428 278.9852 13.12442512258267
ONEWEB-0143             
1 47289U 20100AH  26119.22189204 -.00000185  00000+0 -54986-3 0  9990
2 47289  87.8994   0.3981 0001713  81.2720 278.8602 13.12442744258224
ONEWEB-0144             
1 47290U 20100AJ  26119.42179830  .00000402  00000+0  10813-2 0  9998
2 47290  87.9000   0.3303 0001497  72.3172 287.8119 13.12442910258176
ONEWEB-0145             
1 47291U 20100AK  26119.39300096 -.00000299  00000+0 -86535-3 0  9996
2 47291  87.8988   0.3693 0001679  79.3078 280.8239 13.12444182258367
ONEWEB-0146             
1 47292U 20100AL  26119.38961057 -.00000320  00000+0 -92455-3 0  9999
2 47292  87.8994   0.3580 0002075  84.4101 275.7265 13.12443766258274
ONEWEB-0147             
1 47293U 20100AM  26119.43197021  .00000429  00000+0  11567-2 0  9990
2 47293  87.8997   0.3308 0001834  76.2951 283.8382 13.12442208258179
ONEWEB-0115             
1 48042U 21025A   26119.49824149  .00000333  00000+0  87704-3 0  9995
2 48042  87.8967 329.9213 0001802  85.9851 274.1485 13.13470059247200
ONEWEB-0152             
1 48043U 21025B   26119.51178269  .00000035  00000+0  59904-4 0  9995
2 48043  87.8960 329.9169 0001868  86.1032 274.0311 13.13469094247169
ONEWEB-0153             
1 48044U 21025C   26119.48977287  .00000328  00000+0  86398-3 0  9990
2 48044  87.8958 329.9254 0001644  85.4386 274.6931 13.13470570247152
ONEWEB-0154             
1 48045U 21025D   26119.48637711  .00000279  00000+0  72776-3 0  9996
2 48045  87.8957 329.9237 0001781  83.1149 277.0183 13.13469683247112
ONEWEB-0116             
1 48046U 21025E   26119.52531993 -.00000210  00000+0 -60973-3 0  9990
2 48046  87.8970 329.9081 0001878  86.2488 273.8855 13.13469562247264
ONEWEB-0150             
1 48047U 21025F   26119.50162623  .00000278  00000+0  72712-3 0  9995
2 48047  87.8967 329.9110 0001641  92.0505 268.0812 13.13469554247155
ONEWEB-0107             
1 48048U 21025G   26119.50330674  .00000235  00000+0  60769-3 0  9991
2 48048  87.8969 329.9060 0001462  83.5884 276.5412 13.13470067247137
ONEWEB-0101             
1 48049U 21025H   26119.54223920 -.00000133  00000+0 -39920-3 0  9995
2 48049  87.8960 329.9188 0001698  81.1016 279.0305 13.13471168247112
ONEWEB-0113             
1 48050U 21025J   26119.50635529  .00000125  00000+0  30501-3 0  9990
2 48050  87.8965 329.8406 0001999  90.5423 269.5935 13.13947261247217
ONEWEB-0112             
1 48051U 21025K   26119.50839705  .00000150  00000+0  37603-3 0  9991
2 48051  87.8970 329.9027 0001618  77.7204 282.4106 13.13468878247201
ONEWEB-0156             
1 48052U 21025L   26119.51685716 -.00000014  00000+0 -73706-4 0  9990
2 48052  87.8971 329.9115 0001601  87.0140 273.1172 13.13469593247188
ONEWEB-0161             
1 48053U 21025M   26119.33911066  .00000323  00000+0  85049-3 0  9994
2 48053  87.8958 329.9515 0001551  86.2846 273.8460 13.13470532247098
ONEWEB-0158             
1 48054U 21025N   26119.52700552 -.00000227  00000+0 -65774-3 0  9990
2 48054  87.8968 329.9087 0002048  82.1696 277.9666 13.13469928247241
ONEWEB-0157             
1 48055U 21025P   26119.55239583  .00000052  00000+0  10677-3 0  9991
2 48055  87.8971 329.9086 0001362  80.5299 279.5984 13.13470991247180
ONEWEB-0162             
1 48056U 21025Q   26119.52856566 -.00000231  00000+0 -66773-3 0  9994
2 48056  87.8965 329.9163 0001663  90.9386 269.1933 13.13470837247151
ONEWEB-0155             
1 48057U 21025R   26119.53546972 -.00000197  00000+0 -57459-3 0  9995
2 48057  87.8963 329.9113 0001678  80.4711 279.6608 13.13470741247291
ONEWEB-0149             
1 48058U 21025S   26119.55748674  .00000258  00000+0  67252-3 0  9999
2 48058  87.8971 329.9080 0001678  92.6369 267.4952 13.13470606247105
ONEWEB-0148             
1 48059U 21025T   26119.52023834 -.00000114  00000+0 -34837-3 0  9997
2 48059  87.8961 329.9261 0001473 104.8821 255.2472 13.13469994247221
ONEWEB-0160             
1 48060U 21025U   26119.53717199 -.00000261  00000+0 -75007-3 0  9991
2 48060  87.8961 329.9188 0002504  87.9889 272.1527 13.13469890247170
ONEWEB-0163             
1 48061U 21025V   26119.52192095 -.00000159  00000+0 -46954-3 0  9998
2 48061  87.8961 329.9149 0001445  80.8830 279.2462 13.13469806247295
ONEWEB-0159             
1 48062U 21025W   26119.51347856  .00000033  00000+0  54451-4 0  9996
2 48062  87.8970 329.9074 0001509  80.3498 279.7802 13.13472127247214
ONEWEB-0164             
1 48063U 21025X   26119.49485360  .00000353  00000+0  93143-3 0  9992
2 48063  87.8971 329.9174 0001814  84.9335 275.2001 13.13470442247193
ONEWEB-0167             
1 48064U 21025Y   26119.52278183 -.00000139  00000+0 -41453-3 0  9991
2 48064  87.8965 329.9262 0001650  62.9673 297.1624 13.13469215247183
ONEWEB-0166             
1 48065U 21025Z   26119.54561488  .00000781  00000+0  21019-2 0  9993
2 48065  87.8970 329.8884 0001654  91.0384 269.0934 13.13480464247265
ONEWEB-0151             
1 48066U 21025AA  26119.54731966 -.00000083  00000+0 -26128-3 0  9998
2 48066  87.8960 329.9101 0001768  81.1518 278.9811 13.13470796247207
ONEWEB-0170             
1 48067U 21025AB  26119.55579383  .00000122  00000+0  29970-3 0  9993
2 48067  87.8958 329.9102 0002119  77.8692 282.2674 13.13470863247167
ONEWEB-0168             
1 48068U 21025AC  26119.54055205 -.00000201  00000+0 -58483-3 0  9996
2 48068  87.8968 329.9086 0001526  84.7628 275.3676 13.13470620247174
ONEWEB-0173             
1 48069U 21025AD  26119.53208544 -.00000153  00000+0 -45477-3 0  9997
2 48069  87.8967 329.9146 0001489  76.0024 284.1270 13.13470207247419
ONEWEB-0171             
1 48070U 21025AE  26119.49315397  .00000334  00000+0  88021-3 0  9990
2 48070  87.8958 329.9320 0001769  82.6070 277.5260 13.13470681247220
ONEWEB-0172             
1 48071U 21025AF  26119.54900178  .00000006  00000+0 -17455-4 0  9995
2 48071  87.8960 329.9085 0001685  80.1490 279.9829 13.13471604248121
ONEWEB-0174             
1 48072U 21025AG  26119.53038700 -.00000218  00000+0 -63185-3 0  9994
2 48072  87.8961 329.9127 0001625  89.6545 270.4770 13.13470683247440
ONEWEB-0175             
1 48073U 21025AH  26119.48468852  .00000287  00000+0  75173-3 0  9998
2 48073  87.8968 329.9024 0001899  76.1210 284.0130 13.13470454247095
ONEWEB-0177             
1 48074U 21025AJ  26119.49652574  .00000357  00000+0  94231-3 0  9990
2 48074  87.8964 329.9207 0001494  86.4559 273.6741 13.13471367247283
ONEWEB-0178             
1 48075U 21025AK  26119.51530419  .00000021  00000+0  23309-4 0  9994
2 48075  87.8951 329.9363 0001700  76.1035 284.0283 13.13468878247334
ONEWEB-0108             
1 48076U 21025AL  26119.55071485  .00000027  00000+0  37777-4 0  9992
2 48076  87.8970 329.8991 0001851  92.0104 268.1237 13.13470722247268
ONEWEB-0169             
1 48077U 21025AM  26119.50671356  .00000244  00000+0  63265-3 0  9992
2 48077  87.8961 329.9201 0001617  88.4219 271.7096 13.13470284245916
ONEWEB-0176             
1 48210U 21031A   26119.53971813 -.00000045  00000+0 -15701-3 0  9995
2 48210  87.8925 299.4076 0001694  88.7528 271.3795 13.14503794241920
ONEWEB-0184             
1 48211U 21031B   26119.51276468 -.00000050  00000+0 -16823-3 0  9990
2 48211  87.8938 299.4094 0001914  66.3722 293.7609 13.14502802241895
ONEWEB-0179             
1 48212U 21031C   26119.50002315  .00003603  00000+0  23933-2 0  9992
2 48212  87.8926 298.6318 0110562  52.4667 252.3084 13.98156180  5204
ONEWEB-0180             
1 48213U 21031D   26119.51593583 -.00000907  00000+0 -24816-2 0  9993
2 48213  87.8926 299.4079 0001427  85.7381 274.3912 13.14493718241822
ONEWEB-0218             
1 48214U 21031E   26119.53813626 -.00000044  00000+0 -15237-3 0  9999
2 48214  87.8926 299.4018 0001638  61.8626 298.2669 13.14503292241987
ONEWEB-0209             
1 48215U 21031F   26119.52704463 -.00000170  00000+0 -49404-3 0  9990
2 48215  87.8915 299.4262 0001539  93.7204 266.4101 13.14502281241988
ONEWEB-0198             
1 48216U 21031G   26119.51131727 -.00000032  00000+0 -12118-3 0  9996
2 48216  87.8919 299.4300 0001390  80.7681 279.3606 13.14502729242099
ONEWEB-0189             
1 48217U 21031H   26119.52386666 -.00000150  00000+0 -43965-3 0  9997
2 48217  87.8927 299.4082 0001486  83.2290 276.9009 13.14502737241836
ONEWEB-0196             
1 48218U 21031J   26119.50166312  .00000086  00000+0  19763-3 0  9995
2 48218  87.8926 299.4227 0001573  90.0275 270.1035 13.14503434241833
ONEWEB-0183             
1 48219U 21031K   26119.47628959  .00000163  00000+0  40506-3 0  9997
2 48219  87.8923 299.4267 0001706  98.8808 261.2515 13.14503137241925
ONEWEB-0185             
1 48220U 21031L   26119.50246163  .00000063  00000+0  13510-3 0  9990
2 48220  87.8935 299.4105 0001437 103.5316 256.5974 13.14502676241855
ONEWEB-0187             
1 48221U 21031M   26119.48250524  .00000251  00000+0  64380-3 0  9994
2 48221  87.8911 299.4385 0001485  93.3508 266.7792 13.14502910241865
ONEWEB-0192             
1 48222U 21031N   26119.52862713 -.00000190  00000+0 -54834-3 0  9996
2 48222  87.8913 299.4180 0001714  89.1158 271.0168 13.14502449241784
ONEWEB-0219             
1 48223U 21031P   26119.50799693 -.00000010  00000+0 -60842-4 0  9999
2 48223  87.8923 299.4123 0001479  95.7175 264.4124 13.14501283241988
ONEWEB-0202             
1 48224U 21031Q   26119.48896382  .00000289  00000+0  74541-3 0  9996
2 48224  87.8927 299.4264 0001592  68.2015 291.9284 13.14504704241964
ONEWEB-0204             
1 48225U 21031R   26119.52306769 -.00000101  00000+0 -30701-3 0  9992
2 48225  87.8926 299.4144 0001735 102.5418 257.5906 13.14503690241860
ONEWEB-0205             
1 48226U 21031S   26119.49848986  .00000175  00000+0  43662-3 0  9990
2 48226  87.8932 299.4103 0001540  94.3177 265.8129 13.14503189241870
ONEWEB-0206             
1 48227U 21031T   26119.54765025  .00000114  00000+0  27388-3 0  9999
2 48227  87.8927 299.4032 0001954  93.1906 266.9447 13.14504590241830
ONEWEB-0182             
1 48228U 21031U   26119.54289405  .00000051  00000+0  10266-3 0  9990
2 48228  87.8925 299.4135 0001765  99.8900 260.2429 13.14503471242048
ONEWEB-0186             
1 48229U 21031V   26119.55399737  .00000221  00000+0  56149-3 0  9991
2 48229  87.8929 299.3993 0001610  92.2382 267.8932 13.14503288241995
ONEWEB-0181             
1 48230U 21031W   26119.53180125 -.00000139  00000+0 -40963-3 0  9997
2 48230  87.8914 299.4401 0001569  88.5772 271.5538 13.14502636241844
ONEWEB-0188             
1 48231U 21031X   26119.49374912  .00000233  00000+0  59366-3 0  9992
2 48231  87.8917 299.4462 0001707  93.2411 266.8914 13.14502260241749
ONEWEB-0220             
1 48232U 21031Y   26119.53336880 -.00000128  00000+0 -38048-3 0  9999
2 48232  87.8931 299.4040 0001525  96.1899 263.9405 13.14504130242010
ONEWEB-0165             
1 48233U 21031Z   26119.48580485  .00000259  00000+0  66438-3 0  9993
2 48233  87.8926 299.4296 0001525  81.8673 278.2630 13.14504095241961
ONEWEB-0199             
1 48234U 21031AA  26119.54606513  .00000055  00000+0  11506-3 0  9992
2 48234  87.8931 299.4005 0001900  93.8367 266.2980 13.14504339241872
ONEWEB-0203             
1 48235U 21031AB  26119.53655111 -.00000081  00000+0 -25285-3 0  9990
2 48235  87.8936 299.4050 0001817  86.9871 273.1467 13.14503900241889
ONEWEB-0197             
1 48236U 21031AC  26119.51103602 -.00000006  00000+0 -50697-4 0  9995
2 48236  87.8922 299.4021 0001781 102.4704 257.6625 13.14503567241794
ONEWEB-0194             
1 48237U 21031AD  26119.49056497  .00000267  00000+0  68560-3 0  9996
2 48237  87.8927 299.4259 0001943  89.1816 270.9536 13.14503198241966
ONEWEB-0193             
1 48238U 21031AE  26119.50642340  .00000050  00000+0  10036-3 0  9992
2 48238  87.8926 299.4139 0002166  88.4664 271.6713 13.14502848241915
ONEWEB-0191             
1 48239U 21031AF  26119.51752409 -.00000096  00000+0 -29478-3 0  9994
2 48239  87.8930 299.4082 0001761  98.5237 261.6092 13.14503783241778
ONEWEB-0195             
1 48240U 21031AG  26119.49454231  .00000230  00000+0  58581-3 0  9990
2 48240  87.8937 299.4114 0001421  81.5829 278.5462 13.14502008241750
ONEWEB-0201             
1 48241U 21031AH  26119.48276810  .00000204  00000+0  51593-3 0  9992
2 48241  87.8916 299.4359 0001502 104.1006 256.0291 13.14503678241988
ONEWEB-0207             
1 48242U 21031AJ  26119.53892847 -.00000106  00000+0 -31920-3 0  9998
2 48242  87.8936 299.4045 0001585 100.6738 259.4570 13.14503086241909
ONEWEB-0208             
1 48243U 21031AK  26119.52070008  .00000014  00000+0  29653-5 0  9993
2 48243  87.8925 299.4169 0001542  81.9195 278.2110 13.14501350241918
ONEWEB-0200             
1 48244U 21031AL  26119.48422257  .00000230  00000+0  58638-3 0  9999
2 48244  87.8922 299.4114 0001616  91.0574 269.0741 13.14502731241834
ONEWEB-0217             
1 48245U 21031AM  26119.50008183  .00000124  00000+0  30093-3 0  9998
2 48245  87.8932 299.4100 0001473  82.7133 277.4164 13.14502519241780
ONEWEB-0211             
1 48767U 21045A   26119.23407286  .00000050  00000+0  97263-4 0  9990
2 48767  87.8956 268.8535 0001601  75.2824 284.8485 13.16193941238000
ONEWEB-0223             
1 48768U 21045B   26119.13629694 -.00000158  00000+0 -45255-3 0  9993
2 48768  87.8960 268.9683 0001857  84.2333 275.9009 13.15548381237956
ONEWEB-0230             
1 48769U 21045C   26119.10777835  .00000129  00000+0  30961-3 0  9996
2 48769  87.8954 268.9923 0001868 101.0954 259.0386 13.15548352238215
ONEWEB-0237             
1 48770U 21045D   26118.94457284  .00000058  00000+0  11970-3 0  9992
2 48770  87.8953 269.0266 0001969  90.8053 269.3303 13.15548038237915
ONEWEB-0235             
1 48771U 21045E   26119.14737480 -.00000112  00000+0 -33134-3 0  9994
2 48771  87.8961 268.9670 0001939  84.9489 275.1863 13.15548702237932
ONEWEB-0242             
1 48772U 21045F   26119.14103174 -.00000140  00000+0 -40490-3 0  9996
2 48772  87.8963 268.9644 0001981  94.7091 265.4266 13.15549053237974
ONEWEB-0241             
1 48773U 21045G   26119.12837568 -.00000124  00000+0 -36436-3 0  9993
2 48773  87.8953 268.9907 0001695  83.7935 276.3389 13.15548375237886
ONEWEB-0243             
1 48774U 21045H   26119.16006671  .00000161  00000+0  39290-3 0  9991
2 48774  87.8952 268.9962 0002292  90.6238 269.5155 13.15549748237918
ONEWEB-0222             
1 48775U 21045J   26119.14342294 -.00000179  00000+0 -50866-3 0  9997
2 48775  87.8958 268.9634 0001803  92.0062 268.1275 13.15547331237957
ONEWEB-0244             
1 48776U 21045K   26119.16956843  .00000166  00000+0  40591-3 0  9999
2 48776  87.8966 268.9498 0001956  93.6394 266.4960 13.15549054238529
ONEWEB-0247             
1 48777U 21045L   26119.16640688  .00000226  00000+0  56563-3 0  9990
2 48777  87.8953 268.9897 0002397  81.6953 278.4449 13.15548833237963
ONEWEB-0245             
1 48778U 21045M   26119.16164665  .00000170  00000+0  41732-3 0  9997
2 48778  87.8962 268.9652 0001640  92.0571 268.0747 13.15548020237936
ONEWEB-0229             
1 48779U 21045N   26119.46111583  .00000092  00000+0  21024-3 0  9997
2 48779  87.8961 268.9036 0001940  95.6993 264.4359 13.15548783238006
ONEWEB-0228             
1 48780U 21045P   26119.41848299  .00000086  00000+0  19425-3 0  9990
2 48780  87.8972 268.9013 0001835  94.2211 265.9129 13.15548470237919
ONEWEB-0232             
1 48781U 21045Q   26119.46904955  .00000193  00000+0  47754-3 0  9993
2 48781  87.8966 268.8935 0001756  96.2437 263.8893 13.15548474238245
ONEWEB-0231             
1 48782U 21045R   26119.44686432 -.00000093  00000+0 -28144-3 0  9992
2 48782  87.8954 268.9157 0001834  89.2214 270.9126 13.15549085237934
ONEWEB-0234             
1 48783U 21045S   26119.48474529  .00000197  00000+0  48875-3 0  9995
2 48783  87.8962 268.8876 0000986 108.8880 251.2357 13.15550187238074
ONEWEB-0238             
1 48784U 21045T   26119.40897868  .00000161  00000+0  39455-3 0  9998
2 48784  87.8957 268.8950 0001367 101.8945 258.2338 13.15548106237962
ONEWEB-0240             
1 48785U 21045U   26119.35416788 -.00000093  00000+0 -28007-3 0  9998
2 48785  87.8969 268.9154 0001680  86.6680 273.4642 13.15548161237987
ONEWEB-0246             
1 48786U 21045V   26119.42468071  .00000034  00000+0  56881-4 0  9994
2 48786  87.8964 268.9076 0001931  95.9563 264.1787 13.15548717237869
ONEWEB-0210             
1 48787U 21045W   26119.47538882  .00000182  00000+0  45056-3 0  9993
2 48787  87.8963 268.8943 0002640  87.4430 272.7002 13.15547618237918
ONEWEB-0214             
1 48788U 21045X   26119.48409668  .00000183  00000+0  45304-3 0  9991
2 48788  87.8966 268.8891 0002196  96.3633 263.7748 13.15547420237888
ONEWEB-0221             
1 48789U 21045Y   26119.41516654  .00000117  00000+0  27757-3 0  9998
2 48789  87.8965 268.9122 0001838  90.7956 269.3385 13.15549032237963
ONEWEB-0213             
1 48790U 21045Z   26119.40407914  .00000226  00000+0  56539-3 0  9998
2 48790  87.8962 268.9179 0002001  89.5584 270.5776 13.15548675238028
ONEWEB-0212             
1 48791U 21045AA  26119.45715081  .00000038  00000+0  66559-4 0  9996
2 48791  87.8963 268.9016 0001772  98.1085 262.0246 13.15546958238026
ONEWEB-0227             
1 48792U 21045AB  26119.45635603 -.00000014  00000+0 -71077-4 0  9995
2 48792  87.8959 268.9033 0001766  94.5160 265.6172 13.15549009237978
ONEWEB-0226             
1 48793U 21045AC  26119.45001832 -.00000017  00000+0 -78632-4 0  9994
2 48793  87.8960 268.9103 0002057  92.4824 267.6541 13.15549205237944
ONEWEB-0224             
1 48794U 21045AD  26119.48964306  .00000138  00000+0  33156-3 0  9995
2 48794  87.8955 268.9387 0001096  73.7520 286.3731 13.15548066237875
ONEWEB-0233             
1 48795U 21045AE  26119.49425801  .00000117  00000+0  27598-3 0  9999
2 48795  87.8954 268.9458 0001799  87.2819 272.8518 13.15549446237893
ONEWEB-0190             
1 48796U 21045AF  26119.40566407  .00000141  00000+0  33920-3 0  9992
2 48796  87.8954 268.9250 0002187  79.7901 280.3476 13.15548152237951
ONEWEB-0236             
1 48797U 21045AG  26119.42309506  .00000066  00000+0  14025-3 0  9991
2 48797  87.8955 268.9320 0001699 101.0587 259.0734 13.15548290237848
ONEWEB-0248             
1 48798U 21045AH  26119.43576913 -.00000068  00000+0 -21568-3 0  9995
2 48798  87.8964 268.9078 0001735  80.7730 279.3597 13.15550582238001
ONEWEB-0225             
1 48799U 21045AJ  26119.45793904  .00000064  00000+0  13561-3 0  9997
2 48799  87.8953 268.9152 0002054  81.8862 278.2501 13.15549247238016
ONEWEB-0215             
1 48800U 21045AK  26119.42785050  .00000028  00000+0  40434-4 0  9990
2 48800  87.8967 268.8993 0002023  76.3363 283.7992 13.15548266237886
ONEWEB-0216             
1 48801U 21045AL  26119.43735690 -.00000097  00000+0 -29197-3 0  9997
2 48801  87.8961 268.9138 0001881  98.7579 261.3765 13.15548423237897
ONEWEB-0239             
1 48802U 21045AM  26119.44209925 -.00000083  00000+0 -25490-3 0  9993
2 48802  87.8951 268.9237 0001825  70.6783 289.4545 13.15548915237939
ONEWEB-0249             
1 48967U 21060A   26119.56683113  .00000015  00000+0  53822-5 0  9995
2 48967  87.9087 238.4335 0001807  99.2144 260.9192 13.16595237233210
ONEWEB-0250             
1 48968U 21060B   26119.55529480  .00000074  00000+0  13859-3 0  9990
2 48968  87.9091 236.3500 0000913  99.8435 260.2804 13.25830581233771
ONEWEB-0252             
1 48970U 21060D   26119.36972499  .00000023  00000+0  25295-4 0  9996
2 48970  87.9085 238.4645 0002141 101.9956 258.1415 13.16594379233235
ONEWEB-0253             
1 48971U 21060E   26119.35862970  .00000004  00000+0 -22332-4 0  9997
2 48971  87.9084 238.4724 0001848  99.0711 261.0629 13.16594672233160
ONEWEB-0254             
1 48972U 21060F   26119.36814323 -.00000045  00000+0 -15259-3 0  9993
2 48972  87.9086 238.4669 0001773  91.6114 268.5220 13.16594704233168
ONEWEB-0255             
1 48973U 21060G   26119.55811885  .00000074  00000+0  15888-3 0  9993
2 48973  87.9088 238.4371 0001882  95.7311 264.4035 13.16596055233267
ONEWEB-0256             
1 48974U 21060H   26119.35626779 -.00000009  00000+0 -57473-4 0  9995
2 48974  87.9076 238.4840 0001977 104.1283 256.0067 13.16593015233203
ONEWEB-0257             
1 48975U 21060J   26119.38872339  .00000134  00000+0  31654-3 0  9993
2 48975  87.9085 238.4621 0001969  97.7939 262.3415 13.16595035233163
ONEWEB-0258             
1 48976U 21060K   26119.39029602  .00000098  00000+0  22180-3 0  9995
2 48976  87.9087 238.4730 0001810 100.0597 260.0738 13.16594758233175
ONEWEB-0259             
1 48977U 21060L   26119.30795507  .00000040  00000+0  70071-4 0  9991
2 48977  87.9086 238.4891 0001753  97.8000 262.3330 13.16596892233197
ONEWEB-0260             
1 48978U 21060M   26119.37525657  .00000060  00000+0  12444-3 0  9997
2 48978  87.9076 238.4805 0002280 105.7978 254.3404 13.16594070233189
ONEWEB-0261             
1 48979U 21060N   26119.26916481 -.00000086  00000+0 -25900-3 0  9996
2 48979  87.9083 238.4997 0002090  92.9564 267.1806 13.16593457233228
ONEWEB-0262             
1 48980U 21060P   26119.55338282  .00000032  00000+0  50505-4 0  9996
2 48980  87.9087 238.4280 0001653  95.4838 264.6482 13.16594047233223
ONEWEB-0263             
1 48981U 21060Q   26119.35704051  .00000001  00000+0 -31140-4 0  9997
2 48981  87.9085 238.4781 0001956  91.2444 268.8911 13.16595066233169
ONEWEB-0264             
1 48982U 21060R   26118.86227881 -.00000024  00000+0 -97516-4 0  9999
2 48982  87.9084 238.5802 0002115  99.6578 260.4792 13.16595506233100
ONEWEB-0266             
1 48984U 21060T   26119.56762634  .00000011  00000+0 -59720-5 0  9990
2 48984  87.9087 238.4299 0001815 103.1149 257.0185 13.16594639233187
ONEWEB-0267             
1 48985U 21060U   26119.35071200  .00000025  00000+0  32772-4 0  9991
2 48985  87.9086 238.4687 0002007  96.1368 263.9992 13.16595494233166
ONEWEB-0268             
1 48986U 21060V   26119.39504343  .00000102  00000+0  23412-3 0  9991
2 48986  87.9086 238.4701 0002011 103.4550 256.6805 13.16593080233435
ONEWEB-0269             
1 48987U 21060W   26119.37605655  .00000079  00000+0  17217-3 0  9997
2 48987  87.9074 238.4821 0001971 107.7156 252.4190 13.16594269233205
ONEWEB-0270             
1 48988U 21060X   26119.39347344  .00000110  00000+0  25487-3 0  9992
2 48988  87.9085 238.4722 0001800  89.7572 270.3766 13.16594384233240
ONEWEB-0271             
1 48989U 21060Y   26119.30481291  .00000066  00000+0  13964-3 0  9991
2 48989  87.9083 238.4808 0001953  93.4890 266.6465 13.16594532233236
ONEWEB-0272             
1 48990U 21060Z   26119.55495654  .00000099  00000+0  22547-3 0  9991
2 48990  87.9086 238.4422 0002198 100.1859 259.9520 13.16593556233216
ONEWEB-0273             
1 48991U 21060AA  26119.34914330  .00000025  00000+0  32586-4 0  9990
2 48991  87.9088 238.4815 0001880  96.7922 263.3423 13.16594475233169
ONEWEB-0274             
1 48992U 21060AB  26119.37446391  .00000006  00000+0 -16740-4 0  9995
2 48992  87.9075 238.4842 0002220 103.3117 256.8261 13.16594458233209
ONEWEB-0275             
1 48993U 21060AC  26119.36337765  .00000006  00000+0 -18453-4 0  9992
2 48993  87.9086 238.4706 0002001 100.0320 260.1037 13.16595218233134
ONEWEB-0276             
1 48994U 21060AD  26119.24464653  .00000121  00000+0  28221-3 0  9997
2 48994  87.9084 238.4947 0002082 102.9030 257.2334 13.16595399233135
ONEWEB-0277             
1 48995U 21060AE  26119.25731234  .00000127  00000+0  29826-3 0  9999
2 48995  87.9081 238.5034 0001883  96.5854 263.5491 13.16594584233129
ONEWEB-0278             
1 48996U 21060AF  26119.39980880  .00000092  00000+0  20700-3 0  9991
2 48996  87.9088 238.4617 0001714 106.6432 253.4887 13.16593736233272
ONEWEB-0279             
1 48997U 21060AG  26119.55970661  .00000024  00000+0  30066-4 0  9998
2 48997  87.9089 238.4288 0002062  96.0090 264.1275 13.16595874233227
ONEWEB-0280             
1 48998U 21060AH  26119.27076051  .00000112  00000+0  25936-3 0  9995
2 48998  87.9086 238.4906 0001555  94.5174 265.6135 13.16593574233129
ONEWEB-0281             
1 48999U 21060AJ  26119.35230043  .00000043  00000+0  79929-4 0  9993
2 48999  87.9087 238.4688 0001872 103.4180 256.7160 13.16598319233207
ONEWEB-0282             
1 49000U 21060AK  26119.30639786  .00000070  00000+0  15044-3 0  9996
2 49000  87.9083 238.4877 0001821  96.5226 263.6112 13.16593847233175
ONEWEB-0283             
1 49001U 21060AL  26119.37130265 -.00000005  00000+0 -45559-4 0  9997
2 49001  87.9082 238.4745 0001990  97.9281 262.2076 13.16593923233193
ONEWEB-0284             
1 49002U 21060AM  26119.36496713 -.00000004  00000+0 -43355-4 0  9991
2 49002  87.9086 238.4681 0001564 100.9612 259.1695 13.16595168233170
ONEWEB-0285             
1 49075U 21075A   26119.42096244  .00000494  00000+0  13369-2 0  9990
2 49075  87.8994   0.3530 0001737  78.3616 281.7707 13.12442863228819
ONEWEB-0286             
1 49076U 21075B   26119.40303240 -.00000165  00000+0 -49478-3 0  9994
2 49076  87.8983   0.3783 0001746  88.2757 271.8572 13.12443550228166
ONEWEB-0287             
1 49077U 21075C   26119.49156853  .00000035  00000+0  58009-4 0  9995
2 49077  87.9183  15.5428 0001605  93.7816 266.3499 13.17648547227215
ONEWEB-0288             
1 49078U 21075D   26119.37943486 -.00000261  00000+0 -76137-3 0  9993
2 49078  87.8993   0.3550 0001544  84.9698 275.1607 13.12441789228780
ONEWEB-0289             
1 49079U 21075E   26119.45431037 -.00000007  00000+0 -50644-4 0  9991
2 49079  87.9187  15.5648 0001576  67.9756 292.1543 13.17647962227787
ONEWEB-0290             
1 49080U 21075F   26119.42744031  .00000021  00000+0  20856-4 0  9997
2 49080  87.9192  15.5400 0001605  63.4032 296.7264 13.17652504227195
ONEWEB-0291             
1 49081U 21075G   26119.41225707  .00000066  00000+0  13604-3 0  9992
2 49081  87.9192  15.5516 0001419  83.9540 276.1754 13.17648809227186
ONEWEB-0293             
1 49082U 21075H   26119.43755772 -.00000552  00000+0 -14544-2 0  9990
2 49082  87.9182  15.5531 0001680  76.9644 283.1675 13.17650751227213
ONEWEB-0294             
1 49083U 21075J   26119.15751282 -.00000342  00000+0 -98464-3 0  9993
2 49083  87.8995   0.4022 0001594  71.2784 288.8517 13.12443661228145
ONEWEB-0295             
1 49084U 21075K   26119.43672259 -.00000004  00000+0 -42937-4 0  9991
2 49084  87.9180  15.5576 0001535  87.1430 272.9878 13.17649904227172
ONEWEB-0296             
1 49085U 21075L   26119.36589532  .00000152  00000+0  38821-3 0  9993
2 49085  87.8998   0.3664 0001427  85.5498 274.5793 13.12441720228171
ONEWEB-0297             
1 49086U 21075M   26119.39638330 -.00000223  00000+0 -65568-3 0  9997
2 49086  87.8983   0.3779 0001692  84.1849 275.9473 13.12444611228781
ONEWEB-0298             
1 49087U 21075N   26119.44107234 -.00000268  00000+0 -72448-3 0  9992
2 49087  87.9181  15.5542 0001899  84.8457 275.2892 13.17649469227207
ONEWEB-0299             
1 49088U 21075P   26119.44263605  .00000001  00000+0 -30430-4 0  9998
2 49088  87.9191  15.5295 0001750  85.3373 274.7958 13.17647927227184
ONEWEB-0300             
1 49089U 21075Q   26119.38875542 -.00000324  00000+0 -93718-3 0  9997
2 49089  87.8997   0.3530 0002053  88.7641 271.3722 13.12444789228802
ONEWEB-0301             
1 49090U 21075R   26119.37267465 -.00000081  00000+0 -26084-3 0  9999
2 49090  87.8993   0.3560 0002098  84.7796 275.3572 13.12443108228169
ONEWEB-0302             
1 49091U 21075S   26119.20664839  .00000272  00000+0  72184-3 0  9990
2 49091  87.8998   0.3993 0001482  74.2830 285.8461 13.12441948228123
ONEWEB-0304             
1 49092U 21075T   26119.41732821  .00000068  00000+0  14136-3 0  9997
2 49092  87.9183  15.5615 0001673  83.5614 276.5708 13.17649243227151
ONEWEB-0305             
1 49093U 21075U   26119.41057057  .00000032  00000+0  49569-4 0  9999
2 49093  87.9191  15.5437 0001575  92.8183 267.3129 13.17648705227188
ONEWEB-0308             
1 49094U 21075V   26119.42858365  .00000484  00000+0  13111-2 0  9995
2 49094  87.8996   0.3477 0001756  80.7066 279.4261 13.12442496228168
ONEWEB-0309             
1 49095U 21075W   26119.41393521  .00000105  00000+0  23647-3 0  9999
2 49095  87.9182  15.5554 0001451  71.1710 288.9579 13.17648352227152
ONEWEB-0310             
1 49096U 21075X   26119.36758684  .00000134  00000+0  33647-3 0  9992
2 49096  87.8985   0.3858 0001742  80.0436 280.0889 13.12443823228787
ONEWEB-0311             
1 49097U 21075Y   26119.42069971  .00000043  00000+0  78314-4 0  9994
2 49097  87.9193  15.5516 0001763  95.5229 264.6103 13.17649470227207
ONEWEB-0312             
1 49098U 21075Z   26119.43587924 -.00000017  00000+0 -77599-4 0  9996
2 49098  87.9180  15.5618 0001477  84.7997 275.3303 13.17648005227182
ONEWEB-0313             
1 49099U 21075AA  26119.44081758 -.00000001  00000+0 -36461-4 0  9998
2 49099  87.9177  15.5678 0001760  84.0163 276.1169 13.17647478227179
ONEWEB-0314             
1 49100U 21075AB  26119.40719957  .00000003  00000+0 -26003-4 0  9998
2 49100  87.9193  15.5413 0001453  86.3837 273.7460 13.17648967227147
ONEWEB-0315             
1 49101U 21075AC  26119.41672455  .00000420  00000+0  11335-2 0  9993
2 49101  87.8992   0.3362 0001805  93.8920 266.2415 13.12444010228771
ONEWEB-0316             
1 49102U 21075AD  26119.52197155 -.00001955  00000+0 -49921-2 0  9993
2 49102  87.9191 345.1405 0001812  85.4873 274.6466 13.18705524230794
ONEWEB-0317             
1 49103U 21075AE  26119.42011269  .00000388  00000+0  10426-2 0  9999
2 49103  87.8996   0.3586 0001826  57.4804 302.6500 13.12443400228799
ONEWEB-0318             
1 49104U 21075AF  26119.51863113  .00000051  00000+0  97449-4 0  9992
2 49104  87.9201 345.1384 0001779  92.6098 267.5238 13.18706744230754
ONEWEB-0319             
1 49105U 21075AG  26119.42238866  .00000158  00000+0  37260-3 0  9996
2 49105  87.9183  15.5585 0001915  97.1668 262.9681 13.17649307227184
ONEWEB-0323             
1 49106U 21075AH  26119.40147002 -.00000129  00000+0 -39279-3 0  9998
2 49106  87.8995   0.3437 0001734 100.6315 259.5009 13.12444947228153
ONEWEB-0329             
1 49107U 21075AJ  26119.43081862  .00000051  00000+0  97045-4 0  9991
2 49107  87.9182  15.5573 0001705  83.2018 276.9307 13.17647709227166
ONEWEB-0330             
1 49108U 21075AK  26119.45458897 -.00000004  00000+0 -43568-4 0  9991
2 49108  87.9183  15.5721 0001533  79.0881 281.0423 13.17649858227201
ONEWEB-0292             
1 49186U 21083A   26119.48808260  .00000342  00000+0  90282-3 0  9999
2 49186  87.8948 329.9456 0001781  91.4174 268.7159 13.13470526224531
ONEWEB-0303             
1 49187U 21083B   26119.36354650  .00000025  00000+0  30428-4 0  9991
2 49187  87.9196 345.1705 0001766  89.7640 270.3694 13.18719071223545
ONEWEB-0306             
1 49188U 21083C   26119.12586251  .00000161  00000+0  37581-3 0  9997
2 49188  87.9200 345.2027 0001767  76.9370 283.1960 13.18750659223555
ONEWEB-0307             
1 49189U 21083D   26119.55832149  .00000240  00000+0  62295-3 0  9993
2 49189  87.8961 329.9237 0001689  90.0038 270.1284 13.13470861224546
ONEWEB-0320             
1 49190U 21083E   26119.52548637  .00000028  00000+0  38586-4 0  9999
2 49190  87.9191 345.1466 0001759  83.6193 276.5140 13.18684730223565
ONEWEB-0321             
1 49191U 21083F   26119.48931586  .00000100  00000+0  21362-3 0  9998
2 49191  87.9144 284.1523 0001726  84.8389 275.2941 13.20770185230403
ONEWEB-0322             
1 49192U 21083G   26119.55410356  .00000060  00000+0  12806-3 0  9992
2 49192  87.8954 329.9271 0002012  75.3332 284.8020 13.13469981224534
ONEWEB-0324             
1 49193U 21083H   26119.34677550  .00000150  00000+0  34682-3 0  9997
2 49193  87.9200 345.1638 0001627  82.5706 277.5611 13.18772508223567
ONEWEB-0325             
1 49194U 21083J   26119.35012520  .00000135  00000+0  31003-3 0  9996
2 49194  87.9192 345.1762 0001821  85.1335 275.0005 13.18762761223570
ONEWEB-0326             
1 49195U 21083K   26119.51709257 -.00000398  00000+0 -10410-2 0  9996
2 49195  87.9201 345.1370 0001852  92.6514 267.4830 13.18714832223581
ONEWEB-0327             
1 49196U 21083L   26119.36506455  .00000081  00000+0  17178-3 0  9991
2 49196  87.9194 345.1755 0002034  94.2330 265.9035 13.18712025223589
ONEWEB-0328             
1 49197U 21083M   26119.54394179 -.00000156  00000+0 -46253-3 0  9991
2 49197  87.8967 329.8967 0001576  85.4973 274.6336 13.13470375224515
ONEWEB-0331             
1 49198U 21083N   26119.35848615 -.00000074  00000+0 -22023-3 0  9998
2 49198  87.9201 345.1621 0001672  95.6324 264.4999 13.18729777223571
ONEWEB-0333             
1 49199U 21083P   26119.53885738 -.00000190  00000+0 -55425-3 0  9997
2 49199  87.8960 329.9284 0001791  86.3122 273.8212 13.13471015224525
ONEWEB-0334             
1 49200U 21083Q   26119.50667433  .00000028  00000+0  37952-4 0  9991
2 49200  87.9135 284.1624 0002273  71.4486 288.6894 13.20770161230368
ONEWEB-0335             
1 49201U 21083R   26119.53377183 -.00000143  00000+0 -42746-3 0  9991
2 49201  87.8964 329.9254 0001723  92.2283 267.9044 13.13470755224537
ONEWEB-0336             
1 49202U 21083S   26119.50501039  .00000240  00000+0  62093-3 0  9991
2 49202  87.8959 329.9279 0001591  99.5707 260.5602 13.13470026224522
ONEWEB-0337             
1 49203U 21083T   26119.51503103  .00000013  00000+0 -15781-6 0  9991
2 49203  87.8956 329.9328 0001535  88.4517 271.6788 13.13469402224523
ONEWEB-0338             
1 49204U 21083U   26119.48141983  .00000087  00000+0  18204-3 0  9992
2 49204  87.9135 284.1723 0001921  84.9578 275.1774 13.20769664230388
ONEWEB-0339             
1 49205U 21083V   26119.52362367 -.00000184  00000+0 -53917-3 0  9999
2 49205  87.8959 329.9224 0001761  76.0010 284.1315 13.13469347224506
ONEWEB-0340             
1 49206U 21083W   26119.34509289  .00000147  00000+0  33989-3 0  9990
2 49206  87.9201 345.1704 0001659  87.8485 272.2837 13.18778186223531
ONEWEB-0341             
1 49207U 21083X   26119.35180337  .00000046  00000+0  82781-4 0  9994
2 49207  87.9195 345.1754 0001265  81.9047 278.2228 13.18757008223553
ONEWEB-0342             
1 49208U 21083Y   26119.48774206  .00000177  00000+0  40255-3 0  9997
2 49208  87.9143 284.1542 0001788  91.8241 268.3097 13.20770958230352
ONEWEB-0343             
1 49209U 21083Z   26119.36017444 -.00000737  00000+0 -19017-2 0  9994
2 49209  87.9202 345.1708 0001765  69.6698 290.4623 13.18744951223607
ONEWEB-0344             
1 49210U 21083AA  26119.51855132 -.00000133  00000+0 -39984-3 0  9993
2 49210  87.8949 329.9419 0001334  84.6953 275.4329 13.13469518224502
ONEWEB-0345             
1 49211U 21083AB  26119.51007341  .00000153  00000+0  38519-3 0  9998
2 49211  87.8966 329.9168 0001395  84.6178 275.5110 13.13470656224514
ONEWEB-0346             
1 49212U 21083AC  26119.35683257  .00000032  00000+0  47884-4 0  9999
2 49212  87.9190 345.1749 0001914 104.8791 255.2554 13.18740696223541
ONEWEB-0348             
1 49213U 21083AD  26119.47826074  .00000136  00000+0  30291-3 0  9997
2 49213  87.9144 284.1596 0001632 112.2810 247.8496 13.20770237230384
ONEWEB-0350             
1 49214U 21083AE  26119.51938157 -.00000101  00000+0 -31107-3 0  9990
2 49214  87.8971 329.9154 0001359  89.0623 271.0662 13.13469450224548
ONEWEB-0351             
1 49215U 21083AF  26119.47181806  .00000084  00000+0  17454-3 0  9994
2 49215  87.9145 284.1593 0001528  66.0444 294.0850 13.20773935230349
ONEWEB-0352             
1 49216U 21083AG  26119.49991060  .00000346  00000+0  91289-3 0  9997
2 49216  87.8958 329.9325 0001739  71.9469 288.1849 13.13470975224635
ONEWEB-0354             
1 49217U 21083AH  26119.49719785  .00000034  00000+0  52011-4 0  9995
2 49217  87.9147 284.1531 0001462 106.0194 254.1100 13.20774044230380
ONEWEB-0355             
1 49218U 21083AJ  26119.52883801 -.00000201  00000+0 -58589-3 0  9994
2 49218  87.8951 329.9322 0001579  80.0517 280.0790 13.13470015224512
ONEWEB-0357             
1 49219U 21083AK  26119.49404735  .00000037  00000+0  60075-4 0  9995
2 49219  87.9145 284.1483 0001728  89.5066 270.6266 13.20770022230382
ONEWEB-0332             
1 49279U 21090A   26119.50325318  .00000181  00000+0  45411-3 0  9996
2 49279  87.8924 299.4252 0001940  87.3025 272.8327 13.14502394221180
ONEWEB-0347             
1 49280U 21090B   26119.48458343  .00000177  00000+0  40222-3 0  9990
2 49280  87.9144 284.1589 0002019  93.4916 266.6448 13.20774299224614
ONEWEB-0349             
1 49281U 21090C   26119.44037007  .00000055  00000+0  10261-3 0  9992
2 49281  87.9144 284.1680 0001771  95.5309 264.6026 13.20774063223393
ONEWEB-0353             
1 49282U 21090D   26119.49532869  .00000232  00000+0  59068-3 0  9999
2 49282  87.8927 299.4213 0001988  87.4905 272.6453 13.14502884221186
ONEWEB-0356             
1 49283U 21090E   26119.51455655  .00000057  00000+0  10824-3 0  9992
2 49283  87.9145 284.1464 0002480 108.5251 251.6152 13.20770389223400
ONEWEB-0358             
1 49284U 21090F   26119.46880125  .00000089  00000+0  18589-3 0  9992
2 49284  87.9144 284.1588 0001793 100.4107 259.7229 13.20770685224127
ONEWEB-0359             
1 49285U 21090G   26119.54139306 -.00000164  00000+0 -43420-3 0  9998
2 49285  87.9144 284.1408 0001609 100.8783 259.2531 13.20772257224116
ONEWEB-0360             
1 49286U 21090H   26119.53192110  .00000080  00000+0  16524-3 0  9990
2 49286  87.9147 284.1492 0001632  97.2929 262.8390 13.20774154223424
ONEWEB-0361             
1 49287U 21090J   26119.51297242 -.00000004  00000+0 -40838-4 0  9995
2 49287  87.9146 284.1510 0001889  99.9599 260.1748 13.20773377223874
ONEWEB-0362             
1 49288U 21090K   26119.50285063  .00000039  00000+0  66173-4 0  9999
2 49288  87.9149 314.6876 0001622  82.2401 277.8916 13.19724563220492
ONEWEB-0363             
1 49289U 21090L   26119.52876963  .00000012  00000+0 -36411-5 0  9992
2 49289  87.9145 284.1487 0002000 104.1802 255.9554 13.20770159223883
ONEWEB-0364             
1 49290U 21090M   26119.49089197  .00000092  00000+0  19497-3 0  9995
2 49290  87.9137 284.1658 0001762  95.3474 264.7860 13.20770112225010
ONEWEB-0365             
1 49291U 21090N   26119.51233344  .00000052  00000+0  98710-4 0  9996
2 49291  87.9161 314.6702 0001798  85.1397 274.9941 13.19724308220008
ONEWEB-0366             
1 49292U 21090P   26119.49215402  .00000252  00000+0  64582-3 0  9990
2 49292  87.8919 299.4265 0001720  93.3019 266.8308 13.14503230221169
ONEWEB-0367             
1 49293U 21090Q   26119.45143397  .00000082  00000+0  17076-3 0  9997
2 49293  87.9147 284.1643 0001682  89.5019 270.6307 13.20770629223393
ONEWEB-0368             
1 49294U 21090R   26119.19732855  .00000074  00000+0  15084-3 0  9990
2 49294  87.9134 284.2309 0002510  93.4745 266.6676 13.20769640224511
ONEWEB-0369             
1 49295U 21090S   26119.05268563  .00000054  00000+0  10311-3 0  9992
2 49295  87.9150 314.7744 0001867  87.2869 272.8478 13.19724095219936
ONEWEB-0370             
1 49296U 21090T   26119.15786490 -.00000018  00000+0 -76118-4 0  9998
2 49296  87.9143 284.2234 0001513  94.1129 266.0178 13.20770310223398
ONEWEB-0371             
1 49297U 21090U   26119.28803833 -.00000006  00000+0 -46637-4 0  9994
2 49297  87.9153 314.7175 0001746  85.0999 275.0333 13.19724664220002
ONEWEB-0372             
1 49298U 21090V   26119.22245960  .00000080  00000+0  16468-3 0  9998
2 49298  87.9145 284.2113 0001786  94.4393 265.6944 13.20773557223376
ONEWEB-0373             
1 49299U 21090W   26119.17366963  .00000053  00000+0  99185-4 0  9998
2 49299  87.9142 284.2235 0001767  97.9597 262.1737 13.20770660224557
ONEWEB-0374             
1 49300U 21090X   26119.25110735  .00000310  00000+0  80176-3 0  9999
2 49300  87.8926 299.4627 0002076 107.9670 252.1686 13.14504274221132
ONEWEB-0375             
1 49301U 21090Y   26119.16103307 -.00000030  00000+0 -10464-3 0  9991
2 49301  87.9145 284.2163 0001976 111.0300 249.1045 13.20769960224059
ONEWEB-0376             
1 49302U 21090Z   26119.28645971 -.00000024  00000+0 -92908-4 0  9990
2 49302  87.9159 314.7151 0001879  82.6029 277.5318 13.19725500220003
ONEWEB-0377             
1 49303U 21090AA  26119.22273738  .00000061  00000+0  11834-3 0  9990
2 49303  87.9144 284.2055 0001584  99.7472 260.3841 13.20771483224059
ONEWEB-0378             
1 49304U 21090AB  26119.16906117  .00000070  00000+0  14031-3 0  9990
2 49304  87.9139 284.2243 0001888  98.5912 261.5436 13.20770103223315
ONEWEB-0379             
1 49305U 21090AC  26119.24635625  .00000186  00000+0  46728-3 0  9999
2 49305  87.8926 299.4747 0001846  95.0319 265.1021 13.14503235221134
ONEWEB-0380             
1 49306U 21090AD  26119.28329415  .00000030  00000+0  42400-4 0  9993
2 49306  87.9152 314.7254 0001694  95.6445 264.4881 13.19724094219976
ONEWEB-0381             
1 49307U 21090AE  26119.21941660 -.00000012  00000+0 -62584-4 0  9996
2 49307  87.9144 284.2106 0001888 102.9470 257.1875 13.20773222223369
ONEWEB-0382             
1 49308U 21090AF  26119.20679338 -.00000033  00000+0 -11250-3 0  9992
2 49308  87.9145 284.2086 0002029 102.3735 257.7625 13.20773253223356
ONEWEB-0383             
1 49309U 21090AG  26119.24001770  .00000012  00000+0 -26972-5 0  9991
2 49309  87.8934 299.4639 0001935  94.0931 266.0420 13.14502675221168
ONEWEB-0384             
1 49310U 21090AH  26119.19671262  .00000008  00000+0 -11900-4 0  9995
2 49310  87.9145 284.2538 0002277 103.2687 256.8701 13.20810440223368
ONEWEB-0385             
1 49311U 21090AJ  26119.19891570  .00000006  00000+0 -17086-4 0  9991
2 49311  87.9145 284.2148 0001937  99.8707 260.2646 13.20770162223331
ONEWEB-0386             
1 49312U 21090AK  26119.44354330  .00000064  00000+0  12506-3 0  9992
2 49312  87.9155 284.1542 0002019  98.8436 261.2926 13.20770312223384
ONEWEB-0387             
1 49313U 21090AL  26119.50352249  .00000092  00000+0  19526-3 0  9997
2 49313  87.9135 284.1715 0001660 105.9957 254.1359 13.20770582223395
ONEWEB-0388             
1 49314U 21090AM  26119.50600757  .00000061  00000+0  12099-3 0  9992
2 49314  87.9150 314.6788 0001889  91.9297 268.2052 13.19724286219991
ONEWEB-0389             
1 50469U 21132A   26119.21989239  .00000052  00000+0  10205-3 0  9992
2 50469  87.9179  15.5991 0001781  92.8268 267.3068 13.17647901211633
ONEWEB-0390             
1 50470U 21132B   26119.22157090  .00000047  00000+0  86853-4 0  9994
2 50470  87.9183  15.5994 0001580  76.6812 283.4496 13.17647955211638
ONEWEB-0391             
1 50471U 21132C   26119.22326427  .00000066  00000+0  13675-3 0  9999
2 50471  87.9181  15.6083 0001422 107.5286 252.6001 13.17648464211637
ONEWEB-0392             
1 50472U 21132D   26119.25364038  .00000031  00000+0  46331-4 0  9991
2 50472  87.9192  15.5667 0001698  94.7858 265.3468 13.17649947211673
ONEWEB-0393             
1 50473U 21132E   26119.22916824  .00000011  00000+0 -37999-5 0  9995
2 50473  87.9183  15.5929 0001730  85.8512 274.2818 13.17651824211664
ONEWEB-0394             
1 50474U 21132F   26119.15769245  .00000011  00000+0 -39183-5 0  9998
2 50474  87.9202 345.1947 0001798  91.9335 268.2003 13.18650901215135
ONEWEB-0395             
1 50475U 21132G   26119.48968378 -.00000027  00000+0 -11142-3 0  9994
2 50475  87.8922  30.7518 0001623  81.4231 278.7081 13.11420889209331
ONEWEB-0396             
1 50476U 21132H   26119.53036317 -.00000085  00000+0 -24787-3 0  9993
2 50476  87.9198 345.1329 0001805  89.2043 270.9295 13.18669370215223
ONEWEB-0397             
1 50477U 21132J   26119.54547056  .00000025  00000+0  29817-4 0  9994
2 50477  87.9201 345.1300 0001950  89.0475 271.0881 13.18620160215201
ONEWEB-0398             
1 50478U 21132K   26119.45747932 -.00000248  00000+0 -73601-3 0  9998
2 50478  87.8932  30.7440 0001530  73.3351 286.7945 13.11414183209225
ONEWEB-0399             
1 50479U 21132L   26119.21503646  .00000327  00000+0  88547-3 0  9996
2 50479  87.8933  30.8024 0001955  94.0271 266.1081 13.11415888209189
ONEWEB-0400             
1 50480U 21132M   26119.52368032  .00000021  00000+0  21478-4 0  9992
2 50480  87.9201 345.1242 0001631  80.9325 279.1992 13.18691803215192
ONEWEB-0401             
1 50481U 21132N   26119.34130693  .00000117  00000+0  26407-3 0  9995
2 50481  87.9203 345.1568 0001994  82.1370 277.9988 13.18544872215174
ONEWEB-0402             
1 50482U 21132P   26119.53204620  .00000031  00000+0  45477-4 0  9993
2 50482  87.9200 345.1095 0002282  83.9977 276.1415 13.18664076215221
ONEWEB-0403             
1 50483U 21132Q   26119.17780564  .00000056  00000+0  10855-3 0  9998
2 50483  87.9203 345.2033 0001706  87.7194 272.4133 13.18582498215134
ONEWEB-0404             
1 50484U 21132R   26119.50157983  .00000419  00000+0  11457-2 0  9990
2 50484  87.8924  30.7474 0001669  88.0401 272.0918 13.11418586209311
ONEWEB-0405             
1 50485U 21132S   26119.34339691  .00000250  00000+0  60073-3 0  9993
2 50485  87.9208 345.1531 0001189  64.0606 296.0649 13.18781618215559
ONEWEB-0406             
1 50486U 21132T   26119.56224885  .00000008  00000+0 -11200-4 0  9997
2 50486  87.9192 345.1317 0001659 102.5271 257.6047 13.18566028215216
ONEWEB-0407             
1 50487U 21132U   26119.55554109  .00000047  00000+0  87839-4 0  9995
2 50487  87.9202 345.1214 0001911  78.7158 281.4188 13.18587703215151
ONEWEB-0409             
1 50488U 21132V   26117.74490884  .00020287  00000+0  56951-1 0  9990
2 50488  87.8931  31.0813 0004731 132.0717 228.0814 13.11567295208976
ONEWEB-0412             
1 50489U 21132W   26119.54379150 -.00000038  00000+0 -12976-3 0  9998
2 50489  87.9193 345.1341 0002080  83.5620 276.5749 13.18624854215246
ONEWEB-0413             
1 50490U 21132X   26119.54883615  .00000043  00000+0  77131-4 0  9995
2 50490  87.9191 345.1351 0002036  80.2920 279.8442 13.18612721215184
ONEWEB-0414             
1 50491U 21132Y   26119.53372249  .00000014  00000+0  18975-5 0  9991
2 50491  87.9201 345.1150 0001935  87.1613 272.9740 13.18658422215213
ONEWEB-0417             
1 50492U 21132Z   26119.54213203  .00000013  00000+0 -77064-6 0  9992
2 50492  87.9192 345.1371 0001644  90.0397 270.0923 13.18637026215193
ONEWEB-0418             
1 50493U 21132AA  26119.55207661  .00000129  00000+0  29400-3 0  9990
2 50493  87.9203 345.1301 0001642  95.1396 264.9924 13.18600605215256
ONEWEB-0419             
1 50494U 21132AB  26119.34234764 -.00000106  00000+0 -30140-3 0  9992
2 50494  87.9201 345.1711 0001538  85.0997 275.0311 13.18664635215143
ONEWEB-0420             
1 50495U 21132AC  26119.53539713  .00000060  00000+0  11905-3 0  9991
2 50495  87.9192 345.1405 0001845  77.4258 282.7080 13.18653266215167
ONEWEB-0421             
1 50496U 21132AD  26119.52869073  .00000023  00000+0  25024-4 0  9993
2 50496  87.9196 345.1371 0002173  90.8935 269.2446 13.18673989215205
ONEWEB-0424             
1 50497U 21132AE  26119.33795850  .00000133  00000+0  30637-3 0  9991
2 50497  87.9201 345.1713 0001448  80.5973 279.5323 13.18555356215200
ONEWEB-0426             
1 50498U 21132AF  26119.52526713  .00000029  00000+0  40235-4 0  9993
2 50498  87.9200 345.1260 0002050 103.9754 256.1606 13.18691031215176
ONEWEB-0427             
1 50499U 21132AG  26119.56392441 -.00000151  00000+0 -41598-3 0  9997
2 50499  87.9202 345.1055 0001698  91.1511 268.9815 13.18561291215208
ONEWEB-0429             
1 50500U 21132AH  26119.55050330 -.00000045  00000+0 -14788-3 0  9990
2 50500  87.9193 345.1367 0001841  79.5795 280.5544 13.18603434215171
ONEWEB-0430             
1 50501U 21132AJ  26119.53877850 -.00000167  00000+0 -45635-3 0  9993
2 50501  87.9195 345.1372 0001729  76.0274 284.1051 13.18644770215215
ONEWEB-0432             
1 50502U 21132AK  26119.34488709  .00000111  00000+0  24918-3 0  9992
2 50502  87.9200 345.1466 0001121  94.4556 265.6704 13.18785968215146
ONEWEB-0440             
1 50503U 21132AL  26119.33124875  .00000111  00000+0  24987-3 0  9999
2 50503  87.9205 345.1706 0002160  82.3838 277.7539 13.18581476215139
ONEWEB-0450             
1 50504U 21132AM  26119.55231814  .00000021  00000+0  19917-4 0  9994
2 50504  87.9192 345.1371 0001819  77.3567 282.7768 13.18597615215194
ONEWEB-0410             
1 51622U 22012A   26119.46626270  .00000058  00000+0  11590-3 0  9996
2 51622  87.9193  15.5342 0001949 122.1218 238.0103 13.17648751207284
ONEWEB-0411             
1 51623U 22012B   26119.52598348 -.00000323  00000+0 -96221-3 0  9999
2 51623  87.8863  45.9460 0001709  60.7700 299.3598 13.10375961202919
ONEWEB-0415             
1 51624U 22012C   26119.52265797 -.00000510  00000+0 -14965-2 0  9991
2 51624  87.8855  45.9486 0001699  72.2827 287.8486 13.10374801202915
ONEWEB-0416             
1 51625U 22012D   26119.22885703 -.00001873  00000+0 -54007-2 0  9998
2 51625  87.8852  46.0262 0001362  76.0288 284.0990 13.10386814202913
ONEWEB-0422             
1 51626U 22012E   26119.40045002  .00000091  00000+0  20196-3 0  9991
2 51626  87.9191  15.5495 0002333  70.1610 289.9773 13.17650016207387
ONEWEB-0423             
1 51627U 22012F   26119.46963449  .00000077  00000+0  16483-3 0  9990
2 51627  87.9185  15.5439 0001939  80.1351 279.9999 13.17648444207283
ONEWEB-0425             
1 51628U 22012G   26119.23883069  .00000694  00000+0  19503-2 0  9995
2 51628  87.8857  46.0059 0001888  88.9324 271.2019 13.10372494202910
ONEWEB-0428             
1 51629U 22012H   26119.52432292 -.00000460  00000+0 -13542-2 0  9996
2 51629  87.8855  45.9576 0001946  77.8064 282.3281 13.10375172202914
ONEWEB-0431             
1 51630U 22012J   26119.49431269  .00000040  00000+0  77156-4 0  9992
2 51630  87.8858  45.9541 0001813  59.2346 300.8960 13.10369780202964
ONEWEB-0434             
1 51631U 22012K   26119.24228485  .00000699  00000+0  19670-2 0  9995
2 51631  87.8856  46.0287 0002007  97.6445 262.4911 13.10373326202919
ONEWEB-0435             
1 51632U 22012L   26119.25044344  .00000682  00000+0  19183-2 0  9998
2 51632  87.8849  46.0162 0002058  74.0887 286.0467 13.10370576202900
ONEWEB-0436             
1 51633U 22012M   26119.46118200 -.00000018  00000+0 -79189-4 0  9994
2 51633  87.9189  15.5249 0001920  74.4013 285.7330 13.17651099207266
ONEWEB-0438             
1 51634U 22012N   26119.23384448  .00000683  00000+0  19195-2 0  9994
2 51634  87.8854  46.0217 0001843  83.9134 276.2203 13.10374266202936
ONEWEB-0439             
1 51635U 22012P   26119.23716904  .00000734  00000+0  20650-2 0  9996
2 51635  87.8849  46.0092 0002005  80.6130 279.5224 13.10374411202912
ONEWEB-0442             
1 51636U 22012Q   26119.45360360 -.00000002  00000+0 -39227-4 0  9994
2 51636  87.9183  15.5621 0001666  99.5489 260.5830 13.17648072207251
ONEWEB-0443             
1 51637U 22012R   26119.47300969  .00000026  00000+0  34640-4 0  9994
2 51637  87.9181  15.5602 0002121  84.8251 275.3122 13.17648334207305
ONEWEB-0444             
1 51638U 22012S   26119.53264161 -.00000054  00000+0 -19144-3 0  9999
2 51638  87.8853  45.9492 0002046  81.3740 278.7619 13.10376325202962
ONEWEB-0445             
1 51639U 22012T   26119.24879160  .00000688  00000+0  19334-2 0  9990
2 51639  87.8858  45.9893 0001688  74.6758 285.4556 13.10373784202936
ONEWEB-0446             
1 51640U 22012U   26119.53096772 -.00000158  00000+0 -48968-3 0  9994
2 51640  87.8856  45.9658 0001740  76.7274 283.4047 13.10376277202955
ONEWEB-0448             
1 51641U 22012V   26119.23050514 -.00000096  00000+0 -31000-3 0  9996
2 51641  87.8853  46.0229 0001962  78.7735 281.3613 13.10376919202880
ONEWEB-0449             
1 51642U 22012W   26119.23550628  .00000622  00000+0  17465-2 0  9999
2 51642  87.8856  46.0055 0002028  92.6735 267.4624 13.10373769202898
ONEWEB-0451             
1 51643U 22012X   26119.45782391  .00000018  00000+0  13667-4 0  9999
2 51643  87.9193  15.5217 0001807  87.4676 272.6662 13.17649919207249
ONEWEB-0452             
1 51644U 22012Y   26119.45611994  .00000021  00000+0  20163-4 0  9993
2 51644  87.9182  15.5636 0002021  87.0068 273.1295 13.17650224207253
ONEWEB-0456             
1 51646U 22012AA  26119.24547080  .00000744  00000+0  20946-2 0  9995
2 51646  87.8863  45.9865 0002034  76.0842 284.0512 13.10373114202939
ONEWEB-0457             
1 51647U 22012AB  26119.22221698 -.00000166  00000+0 -51158-3 0  9998
2 51647  87.8854  46.0149 0001465  83.2317 276.8977 13.10375979202936
ONEWEB-0458             
1 51648U 22012AC  26119.24381299  .00000696  00000+0  19560-2 0  9991
2 51648  87.8858  45.9943 0001967  82.8810 277.2541 13.10373267202896
ONEWEB-0461             
1 51649U 22012AD  26119.32619978  .00000027  00000+0  36716-4 0  9991
2 51649  87.9194  15.5624 0001693  80.4127 279.7196 13.17648136207458
ONEWEB-0463             
1 51650U 22012AE  26119.45951344  .00000021  00000+0  19774-4 0  9992
2 51650  87.9180  15.5634 0001643  79.9500 280.1817 13.17648975207254
ONEWEB-0464             
1 51651U 22012AF  26119.24049207  .00000746  00000+0  21020-2 0  9995
2 51651  87.8853  46.0207 0002192  77.7078 282.4295 13.10373188202919
ONEWEB-0468             
1 51652U 22012AG  26119.24715444  .00000663  00000+0  18623-2 0  9992
2 51652  87.8851  46.0134 0002321  76.4704 283.6682 13.10391588202897
ONEWEB-0473             
1 51653U 22012AH  26119.23218374  .00000402  00000+0  11156-2 0  9997
2 51653  87.8854  46.0181 0002019  79.7071 280.4284 13.10375419202898
ONEWEB-0474             
1 51654U 22012AJ  26119.52931237 -.00000225  00000+0 -67946-3 0  9994
2 51654  87.8864  45.9386 0002211  78.1573 281.9803 13.10375449202929
ONEWEB-0475             
1 51655U 22012AK  26119.47131373  .00000058  00000+0  11599-3 0  9997
2 51655  87.9181  15.5535 0002475  82.2210 277.9203 13.17650736207272
ONEWEB-0490             
1 54113U 22138A   26119.53602131  .00000013  00000+0 -94494-6 0  9990
2 54113  87.9155 314.6666 0001865  82.9923 277.1422 13.19724609170416
ONEWEB-0492             
1 54114U 22138B   26119.48547610  .00000117  00000+0  25962-3 0  9990
2 54114  87.9148 314.6821 0001740  81.2395 278.8935 13.19725116170410
ONEWEB-0495             
1 54115U 22138C   26119.53918138  .00000067  00000+0  13570-3 0  9990
2 54115  87.9150 314.6736 0002224  73.6046 286.5331 13.19724934170407
ONEWEB-0497             
1 54116U 22138D   26119.55181595  .00000041  00000+0  69515-4 0  9995
2 54116  87.9153 314.6613 0001803  85.5695 274.5643 13.19724403170391
ONEWEB-0499             
1 54117U 22138E   26119.53522247  .00000005  00000+0 -20010-4 0  9995
2 54117  87.9150 314.6759 0002006  84.6061 275.5300 13.19724067170402
ONEWEB-0500             
1 54118U 22138F   26119.53760425  .00000046  00000+0  81452-4 0  9999
2 54118  87.9154 314.6655 0001690  87.9155 272.2171 13.19724434170419
ONEWEB-0501             
1 54119U 22138G   26119.49179579  .00000121  00000+0  27061-3 0  9998
2 54119  87.9156 314.6744 0002039  81.4841 278.6523 13.19724046170386
ONEWEB-0502             
1 54120U 22138H   26119.55339073  .00000088  00000+0  18759-3 0  9990
2 54120  87.9159 314.6509 0002062  85.5799 274.5569 13.19725229170416
ONEWEB-0503             
1 54121U 22138J   26119.54233947  .00000048  00000+0  87058-4 0  9998
2 54121  87.9161 314.6576 0001934  94.9481 265.1873 13.19724392170406
ONEWEB-0504             
1 54122U 22138K   26119.52968874 -.00001119  00000+0 -28265-2 0  9996
2 54122  87.9159 314.6663 0002052  86.5781 273.5586 13.19729934170415
ONEWEB-0505             
1 54123U 22138L   26119.52652686  .00000046  00000+0  81308-4 0  9993
2 54123  87.9160 314.6678 0002186  80.6554 279.4825 13.19726872170391
ONEWEB-0506             
1 54124U 22138M   26119.50126995  .00000082  00000+0  17259-3 0  9994
2 54124  87.9160 314.6696 0001985  83.1024 277.0334 13.19723927170384
ONEWEB-0507             
1 54125U 22138N   26119.52179389 -.00000010  00000+0 -58346-4 0  9998
2 54125  87.9149 314.6822 0001898  82.5715 277.5634 13.19723972170430
ONEWEB-0508             
1 54126U 22138P   26119.51864934  .00000013  00000+0 -29735-6 0  9999
2 54126  87.9152 314.6824 0001939  75.1172 285.0175 13.19724481170416
ONEWEB-0509             
1 54127U 22138Q   26119.49338038  .00000062  00000+0  12191-3 0  9996
2 54127  87.9162 314.6718 0001872  85.5336 274.6010 13.19724529170384
ONEWEB-0510             
1 54128U 22138R   26119.49563912  .00000007  00000+0 -14059-4 0  9994
2 54128  87.9145 284.1514 0001628 110.2075 249.9233 13.20772088172857
ONEWEB-0511             
1 54129U 22138S   26119.49020992  .00000091  00000+0  19439-3 0  9999
2 54129  87.9160 314.6766 0002089  92.1619 267.9753 13.19726628170411
ONEWEB-0512             
1 54130U 22138T   26119.55814110  .00000090  00000+0  19149-3 0  9998
2 54130  87.9149 314.6716 0002113  84.8202 275.3171 13.19725500170391
ONEWEB-0513             
1 54131U 22138U   26119.50790880  .00000098  00000+0  21182-3 0  9999
2 54131  87.9157 314.6319 0002755  85.3454 274.7994 13.20265943170294
ONEWEB-0514             
1 54132U 22138V   26119.49810975  .00000091  00000+0  19529-3 0  9991
2 54132  87.9156 314.6731 0001755  92.4469 267.6865 13.19724472170402
ONEWEB-0515             
1 54133U 22138W   26119.48298668  .00000126  00000+0  27888-3 0  9996
2 54133  87.9149 284.1457 0000949 104.7552 255.3687 13.20773745172873
ONEWEB-0516             
1 54134U 22138X   26119.54864022  .00000076  00000+0  15673-3 0  9990
2 54134  87.9150 314.6740 0001748  84.6096 275.5236 13.19724178170413
ONEWEB-0517             
1 54135U 22138Y   26119.52811751  .00000038  00000+0  63366-4 0  9991
2 54135  87.9150 314.6679 0001980  95.9065 264.2293 13.19724540170415
ONEWEB-0518             
1 54136U 22138Z   26119.54706150  .00000086  00000+0  18281-3 0  9998
2 54136  87.9150 314.6760 0001752  81.6647 278.4684 13.19728166170411
ONEWEB-0519             
1 54137U 22138AA  26119.49653003  .00000123  00000+0  27507-3 0  9994
2 54137  87.9163 314.6716 0001950  93.0992 267.0364 13.19725049170413
ONEWEB-0520             
1 54138U 22138AB  26119.53128454 -.00000005  00000+0 -44524-4 0  9997
2 54138  87.9154 314.6668 0001953  81.4291 278.7063 13.19724621170405
ONEWEB-0521             
1 54139U 22138AC  26119.48862672  .00000075  00000+0  15471-3 0  9992
2 54139  87.9160 314.6629 0001875  95.9129 264.2217 13.19724138170340
ONEWEB-0522             
1 54140U 22138AD  26119.54391870  .00000110  00000+0  24365-3 0  9990
2 54140  87.9161 314.6538 0001909  85.3468 274.7883 13.19724959170390
ONEWEB-0523             
1 54141U 22138AE  26119.47037721  .00000052  00000+0  96304-4 0  9993
2 54141  87.9144 284.1609 0001460 121.4877 238.6399 13.20770543172878
ONEWEB-0524             
1 54142U 22138AF  26119.45931495  .00000066  00000+0  13031-3 0  9993
2 54142  87.9145 284.1602 0000921  85.7966 274.3272 13.20770181172870
ONEWEB-0525             
1 54143U 22138AG  26119.48705838  .00000079  00000+0  16462-3 0  9992
2 54143  87.9157 314.6744 0001963  81.6184 278.5172 13.19723934170408
ONEWEB-0526             
1 54144U 22138AH  26119.52022883  .00000012  00000+0 -21967-5 0  9996
2 54144  87.9159 314.6677 0001767  85.5593 274.5741 13.19724758170385
ONEWEB-0529             
1 54145U 22138AJ  26119.52338375  .00000026  00000+0  33447-4 0  9992
2 54145  87.9150 314.6798 0001921  81.4761 278.6589 13.19724920170404
ONEWEB-0531             
1 54146U 22138AK  26119.44510846  .00000047  00000+0  82824-4 0  9995
2 54146  87.9144 284.1615 0001105 119.4928 240.6316 13.20770329172874
ONEWEB-0535             
1 54147U 22138AL  26119.55655515  .00000081  00000+0  17120-3 0  9995
2 54147  87.9157 314.6539 0001679  99.3849 260.7474 13.19724294170422
ONEWEB-0536             
1 54148U 22138AM  26119.20521025  .00000011  00000+0 -49981-5 0  9992
2 54148  87.9129 284.2373 0000940 120.7552 239.3674 13.20773221172837
ONEWEB-0527             
1 54642U 22166A   26119.27086854  .00000045  00000+0  76853-4 0  9998
2 54642  87.9219 253.7338 0001801  98.5469 261.5869 13.21825797165072
ONEWEB-0528             
1 54643U 22166B   26119.42813794 -.00000018  00000+0 -75787-4 0  9994
2 54643  87.9221 253.7064 0001910  92.2195 267.9157 13.21824127165100
ONEWEB-0539             
1 54644U 22166C   26119.39114422  .00000096  00000+0  20075-3 0  9996
2 54644  87.9225 253.6826 0002114 102.6515 257.4855 13.21827391165092
ONEWEB-0540             
1 54645U 22166D   26119.39800877  .00000039  00000+0  63847-4 0  9995
2 54645  87.9220 253.7147 0001952 102.1365 257.9987 13.21827161165087
ONEWEB-0542             
1 54646U 22166E   26119.40123514  .00000050  00000+0  89597-4 0  9997
2 54646  87.9227 253.6783 0002165 104.4932 255.6443 13.21827351165096
ONEWEB-0545             
1 54647U 22166F   26119.36590978  .00000019  00000+0  14624-4 0  9999
2 54647  87.9221 253.7012 0002283 109.3441 250.7940 13.21824499165051
ONEWEB-0580             
1 54648U 22166G   26119.41636660  .00000156  00000+0  34513-3 0  9995
2 54648  87.9222 253.6910 0002063 110.9116 249.2239 13.21823760165102
ONEWEB-0582             
1 54649U 22166H   26119.30702448  .00000093  00000+0  19268-3 0  9992
2 54649  87.9222 253.7054 0002221 109.5157 250.6217 13.21826678165066
ONEWEB-0583             
1 54650U 22166J   26119.39450435  .00000074  00000+0  14683-3 0  9994
2 54650  87.9221 253.7113 0002000 102.8734 257.2623 13.21827508165084
ONEWEB-0584             
1 54651U 22166K   26119.41467272  .00000132  00000+0  28815-3 0  9992
2 54651  87.9219 253.6939 0001924 106.4922 253.6423 13.21824487165070
ONEWEB-0585             
1 54652U 22166L   26119.36252859  .00000059  00000+0  11222-3 0  9992
2 54652  87.9223 253.6893 0001777  95.8066 264.3271 13.21826256165077
ONEWEB-0586             
1 54653U 22166M   26119.37600384  .00000079  00000+0  16016-3 0  9992
2 54653  87.9219 253.7127 0002037 102.7097 257.4265 13.21824279165075
ONEWEB-0587             
1 54654U 22166N   26119.38609075  .00000106  00000+0  22409-3 0  9994
2 54654  87.9230 253.6795 0001648  90.3446 269.7877 13.21827751165237
ONEWEB-0589             
1 54655U 22166P   26119.37263946  .00000033  00000+0  49062-4 0  9991
2 54655  87.9217 253.7007 0002477 117.8105 242.3280 13.21824529165097
ONEWEB-0590             
1 54656U 22166Q   26119.39773139  .00000075  00000+0  15062-3 0  9992
2 54656  87.9227 253.6809 0001549 111.9675 248.1624 13.21827582165081
ONEWEB-0591             
1 54657U 22166R   26119.40964226  .00000031  00000+0  42703-4 0  9999
2 54657  87.9220 253.6972 0001814 102.1044 258.0293 13.21827843165119
ONEWEB-0592             
1 54658U 22166S   26119.41300539  .00000021  00000+0  18956-4 0  9994
2 54658  87.9230 253.6705 0001858 100.0134 260.1210 13.21827317164994
ONEWEB-0593             
1 54659U 22166T   26119.35917706 -.00000001  00000+0 -33908-4 0  9992
2 54659  87.9222 253.6964 0002056 100.5338 259.6027 13.21824884165092
ONEWEB-0594             
1 54660U 22166U   26119.37936603  .00000076  00000+0  15283-3 0  9998
2 54660  87.9214 253.7097 0001859  97.6619 262.4726 13.21824823165115
ONEWEB-0595             
1 54661U 22166V   26119.35579957 -.00000006  00000+0 -46807-4 0  9994
2 54661  87.9229 253.6908 0001663  96.3757 263.7566 13.21823945165080
ONEWEB-0596             
1 54662U 22166W   26119.40627973  .00000075  00000+0  14979-3 0  9991
2 54662  87.9223 253.6954 0001779  98.7257 261.4078 13.21827845165092
ONEWEB-0597             
1 54663U 22166X   26119.38777999  .00000147  00000+0  32525-3 0  9990
2 54663  87.9218 253.7030 0002015 102.1112 258.0248 13.21827313165098
ONEWEB-0600             
1 54664U 22166Y   26119.44497101 -.00000033  00000+0 -11144-3 0  9992
2 54664  87.9223 253.6830 0002093  96.9071 263.2301 13.21824291165070
ONEWEB-0601             
1 54665U 22166Z   26119.36086574  .00000020  00000+0  17416-4 0  9995
2 54665  87.9219 253.7162 0002067 105.9933 254.1428 13.21824564165256
ONEWEB-0602             
1 54666U 22166AA  26119.40208017  .00000055  00000+0  10052-3 0  9995
2 54666  87.9219 253.7142 0002116  95.9446 264.1929 13.21827166165109
ONEWEB-0603             
1 54667U 22166AB  26119.40795889 -.00001115  00000+0 -27311-2 0  9999
2 54667  87.9230 253.6650 0002225  97.0309 263.1078 13.21834609165034
ONEWEB-0604             
1 54668U 22166AC  26119.39619014  .00000056  00000+0  10439-3 0  9998
2 54668  87.9232 253.6821 0001830  97.7878 262.3464 13.21827680164991
ONEWEB-0605             
1 54669U 22166AD  26119.38946036  .00000117  00000+0  25100-3 0  9994
2 54669  87.9221 253.7016 0002017 119.1152 241.0184 13.21827638165064
ONEWEB-0606             
1 54670U 22166AE  26119.41132589  .00000092  00000+0  19022-3 0  9998
2 54670  87.9221 253.7100 0001747  95.6457 264.4876 13.21827862165128
ONEWEB-0607             
1 54671U 22166AF  26119.37768458  .00000099  00000+0  20934-3 0  9995
2 54671  87.9227 253.6843 0002042 100.0903 260.0462 13.21824709165090
ONEWEB-0608             
1 54672U 22166AG  26119.30870458  .00000071  00000+0  13965-3 0  9999
2 54672  87.9229 253.6931 0002213 112.9060 247.2307 13.21824437165090
ONEWEB-0610             
1 54673U 22166AH  26119.36422514  .00000033  00000+0  48927-4 0  9997
2 54673  87.9220 253.7014 0002428 109.4622 250.6774 13.21824449165008
ONEWEB-0611             
1 54674U 22166AJ  26119.43317707 -.00000578  00000+0 -14307-2 0  9992
2 54674  87.9217 253.6838 0001847  97.8274 262.3070 13.21827497165000
ONEWEB-0612             
1 54675U 22166AK  26119.44665825 -.00000033  00000+0 -11040-3 0  9999
2 54675  87.9231 253.6711 0001990 104.6655 255.4699 13.21823476164996
ONEWEB-0615             
1 54676U 22166AL  26119.35075507  .00000040  00000+0  66460-4 0  9995
2 54676  87.9221 253.7093 0001830  91.3170 268.8173 13.21825937164996
ONEWEB-0655             
1 54677U 22166AM  26119.40291692  .00000066  00000+0  12862-3 0  9991
2 54677  87.9222 253.7009 0002171  97.9339 262.2041 13.21827124164995
ONEWEB-0659             
1 54678U 22166AN  26119.41970878  .00000055  00000+0  10108-3 0  9992
2 54678  87.9218 253.6977 0001792  99.9694 260.1642 13.21819719165084
ONEWEB-0685             
1 54679U 22166AP  26119.41979468 -.00000002  00000+0 -36527-4 0  9995
2 54679  87.9218 253.6910 0002094 100.6943 259.4427 13.21816888164978
ONEWEB-0712             
1 54680U 22166AQ  26119.34596721  .00000030  00000+0  44530-4 0  9998
2 54680  87.9089 238.4731 0002328  94.3240 265.8157 13.16594975165636
ONEWEB-0714             
1 54681U 22166AR  26119.34908760 -.00000012  00000+0 -60638-4 0  9998
2 54681  87.9220 253.7013 0002110  97.3360 262.8013 13.21824410165085
ONEWEB-0532             
1 55140U 23004A   26119.20639036  .00000101  00000+0  22661-3 0  9993
2 55140  87.9180  15.5981 0001557  89.7396 270.3914 13.17648425161138
ONEWEB-0533             
1 55141U 23004B   26119.20820785  .00000250  00000+0  65893-3 0  9996
2 55141  87.8997   0.4033 0001892  85.1393 274.9952 13.12442166161630
ONEWEB-0541             
1 55142U 23004C   26119.19978062  .00000586  00000+0  16169-2 0  9990
2 55142  87.8936  30.7941 0001683  76.1776 283.9540 13.11418829159527
ONEWEB-0543             
1 55143U 23004D   26119.37527769  .00000018  00000+0  13209-4 0  9999
2 55143  87.9188 345.1838 0001946  79.3410 280.7941 13.18680272163264
ONEWEB-0544             
1 55144U 23004E   26119.52031979  .00000110  00000+0  24740-3 0  9994
2 55144  87.9190 345.1544 0001669  75.7379 284.3938 13.18702868163282
ONEWEB-0560             
1 55145U 23004F   26119.36186083  .00000059  00000+0  11576-3 0  9999
2 55145  87.9192 345.1749 0001842  74.4254 285.7081 13.18727852163276
ONEWEB-0565             
1 55146U 23004G   26119.35515601  .00000056  00000+0  10816-3 0  9994
2 55146  87.9182 345.2086 0001352  75.0025 285.1257 13.18745087163268
ONEWEB-0567             
1 55147U 23004H   26119.34844972  .00000161  00000+0  37448-3 0  9997
2 55147  87.9192 345.1901 0001536  73.9922 286.1380 13.18767314163267
ONEWEB-0569             
1 55148U 23004J   26119.48300138  .00000259  00000+0  67543-3 0  9991
2 55148  87.8968 329.9193 0001783  55.4399 304.6898 13.13470746163780
ONEWEB-0570             
1 55149U 23004K   26119.33963508  .00000088  00000+0  19075-3 0  9999
2 55149  87.9191 345.1899 0001424  93.7097 266.4198 13.18550313163259
ONEWEB-0571             
1 55150U 23004L   26119.56057456  .00000031  00000+0  44894-4 0  9998
2 55150  87.9192 345.1450 0001233  40.2678 319.8546 13.18571622163295
ONEWEB-0572             
1 55151U 23004M   26119.46457340 -.00000057  00000+0 -18034-3 0  9990
2 55151  87.9180  15.5482 0001615  76.4514 283.6797 13.17648114161069
ONEWEB-0573             
1 55152U 23004N   26119.55385941  .00000046  00000+0  84826-4 0  9997
2 55152  87.9189 345.1476 0000963  78.2710 281.8530 13.18593193163285
ONEWEB-0588             
1 55153U 23004P   26119.54714631  .00000046  00000+0  84605-4 0  9994
2 55153  87.9190 345.1499 0001315  94.0486 266.0796 13.18614417163283
ONEWEB-0598             
1 55154U 23004Q   26119.25403098 -.00000192  00000+0 -57708-3 0  9992
2 55154  87.8924  30.7991 0001714  54.2209 305.9078 13.11416716159484
ONEWEB-0599             
1 55155U 23004R   26119.42576367  .00000106  00000+0  24039-3 0  9996
2 55155  87.9181  15.5543 0001964  74.6989 285.4359 13.17649234161063
ONEWEB-0614             
1 55156U 23004S   26119.47782992 -.00000405  00000+0 -11791-2 0  9999
2 55156  87.8926  30.7629 0001775  85.5224 274.6106 13.11418565159452
ONEWEB-0616             
1 55157U 23004T   26119.46794988  .00000091  00000+0  20045-3 0  9999
2 55157  87.9183  15.5489 0002666  70.6164 289.5255 13.17649678161283
ONEWEB-0617             
1 55158U 23004U   26119.46595547 -.00000421  00000+0 -12249-2 0  9995
2 55158  87.8930  30.7537 0001528  90.7646 269.3657 13.11417585159474
ONEWEB-0618             
1 55159U 23004V   26119.51078179  .00005360  00000+0  30350-3 0  9998
2 55159  86.9141 197.3786 0015155 111.6490 248.6365 15.12715566174900
ONEWEB-0619             
1 55160U 23004W   26119.42407546  .00000016  00000+0  75630-5 0  9999
2 55160  87.9193  15.5342 0002109  90.5349 269.6024 13.17649541161174
ONEWEB-0620             
1 55161U 23004X   26119.46087428 -.00000311  00000+0 -91322-3 0  9991
2 55161  87.8922  30.7662 0001567  73.0516 287.0784 13.11416277159443
ONEWEB-0621             
1 55162U 23004Y   26119.48800064 -.00000894  00000+0 -25577-2 0  9997
2 55162  87.8935  30.7452 0001549  86.2233 273.9072 13.11423343159421
ONEWEB-0622             
1 55163U 23004Z   26119.49309567  .00000130  00000+0  33099-3 0  9991
2 55163  87.8936  30.7460 0001226  96.8899 263.2368 13.11419311159418
ONEWEB-0623             
1 55164U 23004AA  26119.41900587  .00000073  00000+0  15585-3 0  9999
2 55164  87.9179  15.5713 0001798 105.4587 254.6743 13.17648981161165
ONEWEB-0624             
1 55165U 23004AB  26119.42110549  .00000299  00000+0  79026-3 0  9992
2 55165  87.8990   0.2860 0001781  87.8348 272.2985 13.12926723161678
ONEWEB-0625             
1 55166U 23004AC  26119.40888888  .00000058  00000+0  11574-3 0  9996
2 55166  87.9182  15.5679 0001952  79.2902 280.8450 13.17649366161156
ONEWEB-0626             
1 55167U 23004AD  26119.47468712 -.00000018  00000+0 -78405-4 0  9999
2 55167  87.9184  15.5546 0001790  63.8954 296.2362 13.17648251161164
ONEWEB-0627             
1 55168U 23004AE  26119.23507654  .00000026  00000+0  33007-4 0  9999
2 55168  87.9182  15.6025 0001765  98.3527 261.7805 13.17648189161133
ONEWEB-0628             
1 55169U 23004AF  26119.38452308 -.00000336  00000+0 -97027-3 0  9998
2 55169  87.8996   0.3515 0001888 103.8825 256.2514 13.12443505161631
ONEWEB-0629             
1 55170U 23004AG  26119.43841194 -.00000056  00000+0 -17863-3 0  9990
2 55170  87.9182  15.5585 0002066  87.6921 272.4447 13.17647570161167
ONEWEB-0631             
1 55171U 23004AH  26119.54043730  .00000058  00000+0  11384-3 0  9995
2 55171  87.9199 345.1125 0001263  81.4969 278.6306 13.18636464163266
ONEWEB-0709             
1 55172U 23004AJ  26119.45070807  .00000125  00000+0  31703-3 0  9993
2 55172  87.8922  30.7707 0001632  49.2893 310.8376 13.11414516159481
ONEWEB-0710             
1 55173U 23004AK  26119.45276358  .00000001  00000+0 -29894-4 0  9996
2 55173  87.9179  15.5510 0001679  84.9836 275.1488 13.17648713161163
ONEWEB-0711             
1 55174U 23004AL  26119.49818163  .00000360  00000+0  98037-3 0  9998
2 55174  87.8925  30.7475 0001535 102.5841 257.5459 13.11419589159457
ONEWEB-0713             
1 55175U 23004AM  26119.44053910  .00000441  00000+0  12076-2 0  9993
2 55175  87.8927  30.7593 0001619  90.1952 269.9362 13.11416567159430
ONEWEB-0715             
1 55176U 23004AN  26119.51175023  .00000602  00000+0  16638-2 0  9999
2 55176  87.8933  30.7451 0001319  60.0521 300.0737 13.11417170159485
ONEWEB-0716             
1 55177U 23004AP  26119.21820229  .00000043  00000+0  77492-4 0  9998
2 55177  87.9185  15.5990 0002019  77.1445 282.9912 13.17648526161132
ONEWEB-0717             
1 55178U 23004AQ  26119.42913756  .00000048  00000+0  89579-4 0  9994
2 55178  87.9191  15.5407 0001440 100.6872 259.4422 13.17648767161217
ONEWEB-0719             
1 55179U 23004AR  26119.43926135  .00000026  00000+0  33583-4 0  9991
2 55179  87.9189  15.5197 0002005  81.9297 278.2062 13.17648654161169
ONEWEB-0530             
1 55796U 23029A   26119.53035861 -.00000028  00000+0 -10045-3 0  9992
2 55796  87.9136 284.1830 0001978 109.2580 250.8768 13.20793270154723
ONEWEB-0534             
1 55797U 23029B   26119.44195580  .00000073  00000+0  14833-3 0  9995
2 55797  87.9135 284.1999 0001914  93.0917 267.0435 13.20770330154715
ONEWEB-0556             
1 55798U 23029C   26119.44829284  .00000007  00000+0 -15392-4 0  9991
2 55798  87.9134 284.1994 0002647  98.6505 261.4928 13.20771969154712
ONEWEB-0562             
1 55799U 23029D   26119.51140068  .00000003  00000+0 -24563-4 0  9992
2 55799  87.9136 284.1675 0002388 113.4748 246.6637 13.20770027154725
ONEWEB-0563             
1 55800U 23029E   26119.50509984  .00000040  00000+0  66454-4 0  9995
2 55800  87.9133 284.1988 0001983  91.4778 268.6583 13.20772308154717
ONEWEB-0564             
1 55801U 23029F   26119.42301176 -.00000194  00000+0 -50966-3 0  9992
2 55801  87.9136 284.1882 0001948 106.4306 253.7042 13.20771427154715
ONEWEB-0638             
1 55802U 23029G   26119.52545346 -.00000223  00000+0 -63519-3 0  9994
2 55802  87.8914 299.4674 0002275  98.8156 261.3231 13.14503374153001
ONEWEB-0639             
1 55803U 23029H   26119.50917493 -.00000004  00000+0 -42614-4 0  9990
2 55803  87.9150 314.6848 0002203  62.3922 297.7434 13.19724048152483
ONEWEB-0640             
1 55804U 23029J   26119.53497013 -.00000127  00000+0 -37776-3 0  9993
2 55804  87.8915 299.4567 0002472  90.4431 269.6982 13.14503163153020
ONEWEB-0641             
1 55805U 23029K   26119.50442991  .00000046  00000+0  81533-4 0  9995
2 55805  87.9148 314.6727 0001790  82.7295 277.4041 13.19724006152491
ONEWEB-0642             
1 55806U 23029L   26119.49968130  .00000094  00000+0  20153-3 0  9995
2 55806  87.9149 314.6877 0001918  62.1701 297.9626 13.19723872152480
ONEWEB-0643             
1 55807U 23029M   26119.50484366  .00000039  00000+0  70351-4 0  9997
2 55807  87.8916 299.4497 0001542  68.9223 291.2072 13.14502186152992
ONEWEB-0644             
1 55808U 23029N   26119.49495022  .00000058  00000+0  11260-3 0  9991
2 55808  87.9144 314.6911 0001764  76.2464 283.8865 13.19724624152482
ONEWEB-0645             
1 55809U 23029P   26119.51707066  .00000033  00000+0  49068-4 0  9990
2 55809  87.9150 314.6831 0002154  79.7323 280.4052 13.19725204152483
ONEWEB-0646             
1 55810U 23029Q   26119.53443589  .00000055  00000+0  10467-3 0  9995
2 55810  87.9149 314.6796 0001743  78.7644 281.3684 13.19724239152478
ONEWEB-0648             
1 55811U 23029R   26119.54925147  .00000116  00000+0  27797-3 0  9994
2 55811  87.8925 299.4097 0002320  70.5740 289.5641 13.14502623153002
ONEWEB-0649             
1 55812U 23029S   26119.48389872  .00000096  00000+0  20637-3 0  9990
2 55812  87.9149 314.6871 0001983  81.3620 278.7737 13.19724958152505
ONEWEB-0650             
1 55813U 23029T   26119.55497541  .00000103  00000+0  22451-3 0  9997
2 55813  87.9149 314.6755 0001839  73.3918 286.7417 13.19724731152488
ONEWEB-0652             
1 55814U 23029U   26119.53021497 -.00000144  00000+0 -42185-3 0  9992
2 55814  87.8915 299.4240 0001702  97.0659 263.0665 13.14502231152973
ONEWEB-0653             
1 55815U 23029V   26119.51435727 -.00000046  00000+0 -15726-3 0  9998
2 55815  87.8925 299.4225 0001869  95.5343 264.6000 13.14502403153001
ONEWEB-0654             
1 55816U 23029W   26119.50960125 -.00000043  00000+0 -15044-3 0  9993
2 55816  87.8925 299.4198 0001765 103.2734 256.8592 13.14502361153021
ONEWEB-0656             
1 55817U 23029X   26119.49245601  .00000063  00000+0  12297-3 0  9994
2 55817  87.9146 284.1449 0001872 109.1389 250.9947 13.20772724154724
ONEWEB-0657             
1 55818U 23029Y   26119.55023858  .00000100  00000+0  21757-3 0  9993
2 55818  87.9149 314.6753 0001178 102.7553 257.3711 13.19724694152499
ONEWEB-0658             
1 55819U 23029Z   26119.54549992  .00000054  00000+0  10224-3 0  9990
2 55819  87.9159 314.6476 0001776  74.3257 285.8071 13.19724374152504
ONEWEB-0660             
1 55820U 23029AA  26119.48739117  .00000299  00000+0  77144-3 0  9990
2 55820  87.8926 299.4152 0002037  86.9627 273.1735 13.14504138153001
ONEWEB-0661             
1 55821U 23029AB  26119.52228288 -.00000207  00000+0 -59262-3 0  9990
2 55821  87.8914 299.4587 0002064  90.3362 269.8004 13.14503752152995
ONEWEB-0662             
1 55822U 23029AC  26119.48105360  .00000259  00000+0  66537-3 0  9999
2 55822  87.8915 299.4741 0002050  88.6379 271.4986 13.14503464153036
ONEWEB-0663             
1 55823U 23029AD  26119.45426781  .00000053  00000+0  98711-4 0  9992
2 55823  87.9147 284.2257 0002041  83.7486 276.3880 13.20866054154711
ONEWEB-0664             
1 55824U 23029AE  26119.47986104  .00000093  00000+0  19779-3 0  9995
2 55824  87.9132 284.2070 0002265  98.4915 261.6475 13.20771842154714
ONEWEB-0665             
1 55825U 23029AF  26119.51911291 -.00000129  00000+0 -38161-3 0  9994
2 55825  87.8917 299.4402 0002001  84.6837 275.4521 13.14502531153017
ONEWEB-0666             
1 55826U 23029AG  26119.47352596  .00000134  00000+0  29857-3 0  9993
2 55826  87.9133 284.1980 0001290 113.0886 247.0383 13.20770247154729
ONEWEB-0667             
1 55827U 23029AH  26119.46720568  .00000130  00000+0  28889-3 0  9991
2 55827  87.9152 284.1489 0001998  92.8347 267.3015 13.20770374154713
ONEWEB-0669             
1 55828U 23029AJ  26119.53823807  .00000005  00000+0 -19675-4 0  9996
2 55828  87.9135 284.1508 0002068 111.3091 248.8263 13.20769941154727
ONEWEB-0670             
1 55829U 23029AK  26119.49691367  .00000191  00000+0  48191-3 0  9995
2 55829  87.8914 299.4630 0002164  93.3299 266.8078 13.14502611153032
ONEWEB-0671             
1 55830U 23029AL  26119.54075721  .00000036  00000+0  58385-4 0  9998
2 55830  87.9152 314.6782 0001939  86.2380 273.8975 13.19725191152485
ONEWEB-0672             
1 55831U 23029AM  26119.53350992  .00000110  00000+0  23847-3 0  9991
2 55831  87.9143 284.1434 0001674 104.2738 255.8582 13.20771156154722
ONEWEB-0673             
1 55832U 23029AN  26119.51783794  .00000062  00000+0  12297-3 0  9993
2 55832  87.9162 314.6701 0001913  88.2110 271.9242 13.19726310152484
ONEWEB-0674             
1 55833U 23029AP  26119.46518352 -.00001056  00000+0 -28838-2 0  9997
2 55833  87.8915 299.4463 0002226  94.9010 265.2374 13.14507946153015
ONEWEB-0675             
1 55834U 23029AQ  26119.53285666  .00000018  00000+0  12368-4 0  9993
2 55834  87.9150 314.6813 0001482  87.9689 272.1613 13.19724183152509
ONEWEB-0720             
1 55835U 23029AR  26119.52495676  .00000016  00000+0  86294-5 0  9995
2 55835  87.9149 314.6834 0001904  79.2474 280.8873 13.19724454152422
ONEWEB-0537             
1 56046U 23043A   26119.55654944  .00000071  00000+0  15294-3 0  9995
2 56046  87.9087 238.4292 0001759 107.4139 252.7185 13.16594405152566
ONEWEB-0538             
1 56047U 23043B   26119.09423338  .00000049  00000+0  94941-4 0  9998
2 56047  87.9086 238.5230 0001641  98.1981 261.9337 13.16591770152518
ONEWEB-0546             
1 56048U 23043C   26119.30955830  .00000080  00000+0  17557-3 0  9992
2 56048  87.9086 238.4796 0001620 124.0272 236.1013 13.16593818152536
ONEWEB-0547             
1 56049U 23043D   26119.34824122  .00000030  00000+0  40742-4 0  9994
2 56049  87.9231 253.6954 0001819  93.9527 266.1814 13.21826050151771
ONEWEB-0548             
1 56050U 23043E   26119.56207279  .00000066  00000+0  14002-3 0  9996
2 56050  87.9088 238.4271 0002363 106.5898 253.5492 13.16592367152568
ONEWEB-0549             
1 56051U 23043F   26119.34235882  .00000025  00000+0  30065-4 0  9997
2 56051  87.9218 253.7055 0001693  93.7796 266.3531 13.21827497151772
ONEWEB-0550             
1 56052U 23043G   26119.40460179  .00000117  00000+0  25151-3 0  9995
2 56052  87.9221 253.6896 0002161 103.0318 257.1057 13.21827407151788
ONEWEB-0551             
1 56053U 23043H   26119.40249373  .00000217  00000+0  54247-3 0  9996
2 56053  87.8953 268.9555 0001667  88.5293 271.6028 13.15548803149981
ONEWEB-0552             
1 56054U 23043J   26119.39955411  .00000095  00000+0  19784-3 0  9993
2 56054  87.9218 253.6973 0001972  94.7057 265.4302 13.21827366151786
ONEWEB-0553             
1 56055U 23043K   26119.23989436  .00000100  00000+0  22869-3 0  9996
2 56055  87.9085 238.4947 0001862 113.8797 246.2529 13.16594892152534
ONEWEB-0554             
1 56056U 23043L   26119.37922700 -.00000024  00000+0 -97685-4 0  9999
2 56056  87.9083 238.4766 0002177 106.9806 253.1564 13.16593322152539
ONEWEB-0555             
1 56057U 23043M   26119.26521678  .00000027  00000+0  37135-4 0  9992
2 56057  87.9089 238.4856 0001762 120.8144 239.3161 13.16592914152529
ONEWEB-0557             
1 56058U 23043N   26119.35547492 -.00000049  00000+0 -16274-3 0  9991
2 56058  87.9085 238.4784 0002839 124.3846 235.7554 13.16594520152532
ONEWEB-0558             
1 56059U 23043P   26119.39280403  .00000026  00000+0  31042-4 0  9996
2 56059  87.9221 253.6925 0001715  86.3332 273.7998 13.21824513151795
ONEWEB-0559             
1 56060U 23043Q   26119.38103205  .00000055  00000+0  10092-3 0  9994
2 56060  87.9223 253.6886 0001841  93.0104 267.1241 13.21824570151800
ONEWEB-0566             
1 56061U 23043R   26119.44999896  .00000058  00000+0  10808-3 0  9999
2 56061  87.9222 253.6736 0001798  89.8162 270.3178 13.21824249151798
ONEWEB-0568             
1 56062U 23043S   26119.37288472  .00000023  00000+0  25830-4 0  9997
2 56062  87.9081 238.4656 0001798 111.3176 248.8147 13.16594594152552
ONEWEB-0574             
1 56063U 23043T   26119.44329031 -.00000060  00000+0 -17608-3 0  9999
2 56063  87.9233 253.6734 0002028 105.0419 255.0940 13.21825878151834
ONEWEB-0575             
1 56064U 23043U   26119.36656053  .00000103  00000+0  23710-3 0  9995
2 56064  87.9083 238.4633 0002198 112.7585 247.3778 13.16594267152545
ONEWEB-0576             
1 56065U 23043V   26119.34756095  .00000049  00000+0  94256-4 0  9994
2 56065  87.9089 238.4731 0002035 108.2473 251.8879 13.16594359152530
ONEWEB-0577             
1 56066U 23043W   26119.35388848 -.00000043  00000+0 -14707-3 0  9991
2 56066  87.9087 238.4696 0002601 113.6801 246.4603 13.16594324152563
ONEWEB-0578             
1 56067U 23043X   26119.42982772 -.00000023  00000+0 -87008-4 0  9999
2 56067  87.9226 253.6776 0001721 109.6884 250.4436 13.21826256151796
ONEWEB-0579             
1 56068U 23043Y   26119.34572215 -.00000011  00000+0 -58999-4 0  9992
2 56068  87.9230 253.6889 0001999  92.3908 267.7455 13.21827417151791
ONEWEB-0581             
1 56069U 23043Z   26119.36022199 -.00000024  00000+0 -96903-4 0  9997
2 56069  87.9086 238.4801 0002443 109.5138 250.6257 13.16593577152532
ONEWEB-0609             
1 56070U 23043AA  26119.35258144 -.00000051  00000+0 -16856-3 0  9997
2 56070  87.8951 268.9516 0001715  96.9963 263.1362 13.15549972150017
ONEWEB-0613             
1 56071U 23043AB  26119.35020912  .00000028  00000+0  41158-4 0  9994
2 56071  87.8953 268.9640 0001843  89.0150 271.1191 13.15548176150015
ONEWEB-0630             
1 56072U 23043AC  26119.42151102  .00000046  00000+0  88153-4 0  9995
2 56072  87.8955 268.9203 0001879  90.1247 270.0099 13.15548042150019
ONEWEB-0632             
1 56073U 23043AD  26119.41675902  .00000127  00000+0  30384-3 0  9996
2 56073  87.8956 268.9391 0001979  99.7970 260.3384 13.15548607150014
ONEWEB-0633             
1 56074U 23043AE  26119.41040618  .00000189  00000+0  46711-3 0  9996
2 56074  87.8964 268.9121 0001707  84.5008 275.6317 13.15547996149998
ONEWEB-0634             
1 56075U 23043AF  26119.47221387  .00000104  00000+0  24092-3 0  9992
2 56075  87.8954 268.9441 0001502 103.3168 256.8130 13.15548223149991
ONEWEB-0635             
1 56076U 23043AG  26119.46746394  .00000111  00000+0  25999-3 0  9997
2 56076  87.8962 268.9034 0002072 101.8875 258.2488 13.15547783150028
ONEWEB-0636             
1 56077U 23043AH  26119.45953699  .00000046  00000+0  88112-4 0  9999
2 56077  87.8954 268.9148 0001995 101.7402 258.3952 13.15548021150005
ONEWEB-0637             
1 56078U 23043AJ  26119.45319591 -.00000005  00000+0 -47832-4 0  9998
2 56078  87.8954 268.9335 0001819 108.5338 251.5990 13.15548145150028
ONEWEB-0647             
1 56079U 23043AK  26119.44843257 -.00000057  00000+0 -18466-3 0  9996
2 56079  87.8953 268.9468 0001974  96.1566 263.9790 13.15549539150014
ONEWEB-0651             
1 56080U 23043AL  26119.51974873  .00000001  00000+0 -31402-4 0  9999
2 56080  87.8952 268.9268 0001959 105.2443 254.8904 13.15548581151228
ONEWEB-0718             
1 56081U 23043AM  26119.43894316 -.00000079  00000+0 -24433-3 0  9995
2 56081  87.8951 268.9233 0001311  99.1854 260.9425 13.15547706150020
ONEWEB-0561             
1 56710U 23068A   26119.48614534 -.00000086  00000+0 -24231-3 0  9992
2 56710  87.9140 284.1608 0002250  96.3695 263.7695 13.20771687143071
ONEWEB-0668             
1 56711U 23068B   26119.56287875  .00000064  00000+0  13293-3 0  9996
2 56711  87.9094 238.4266 0001558 116.1400 243.9892 13.16594893145389
ONEWEB-0676             
1 56712U 23068C   26119.34280478  .00000082  00000+0  18055-3 0  9996
2 56712  87.9088 238.4775 0002205 106.3411 253.7963 13.16593966145277
ONEWEB-0677             
1 56713U 23068D   26119.47509611  .00000112  00000+0  24359-3 0  9992
2 56713  87.9143 284.1553 0001819 107.7449 252.3883 13.20769798143376
ONEWEB-0678             
1 56714U 23068E   26119.40724507  .00000253  00000+0  63731-3 0  9992
2 56714  87.8963 268.9173 0001987  90.8817 269.2541 13.15549372142871
ONEWEB-0679             
1 56715U 23068F   26119.37763697  .00000103  00000+0  23690-3 0  9996
2 56715  87.9092 238.4609 0001982 119.8191 240.3137 13.16594350145303
ONEWEB-0680             
1 56716U 23068G   26119.34740667  .00000031  00000+0  44513-4 0  9994
2 56716  87.9233 253.6900 0001625 116.6238 243.5063 13.21824314144646
ONEWEB-0681             
1 56717U 23068H   26119.32805706  .00000086  00000+0  17596-3 0  9999
2 56717  87.9225 253.6979 0002835 108.3576 251.7867 13.21828680144633
ONEWEB-0682             
1 56718U 23068J   26119.43100082 -.00000045  00000+0 -15465-3 0  9997
2 56718  87.8962 268.9141 0001556 114.4121 245.7172 13.15549916143045
ONEWEB-0683             
1 56719U 23068K   26119.45478652  .00000007  00000+0 -16701-4 0  9993
2 56719  87.8962 268.9075 0001594 103.6666 256.4642 13.15548567143017
ONEWEB-0684             
1 56720U 23068L   26119.46270072  .00000090  00000+0  20386-3 0  9996
2 56720  87.8960 268.8972 0002138  59.1742 300.9598 13.15549298142844
ONEWEB-0686             
1 56721U 23068M   26119.56604292  .00000060  00000+0  12454-3 0  9997
2 56721  87.9079 238.4528 0001520  99.0366 261.0937 13.16594627145312
ONEWEB-0694             
1 56722U 23068N   26119.26838411  .00000032  00000+0  50635-4 0  9990
2 56722  87.9098 238.4668 0001607 114.6867 245.4431 13.16595671145332
ONEWEB-0696             
1 56723U 23068P   26119.49597697  .00000053  00000+0  10582-3 0  9993
2 56723  87.8955 268.9326 0002010  85.5111 274.6248 13.15549059142964
ONEWEB-0703             
1 56724U 23068Q   26119.42942778  .00000020  00000+0  18828-4 0  9997
2 56724  87.8955 268.9268 0002613  87.8495 272.2934 13.15549752142842
ONEWEB-0721             
1 56725U 23068R   26119.33967287  .00000061  00000+0  11156-3 0  9991
2 56725  86.6728 101.1090 0001984  86.0577 274.0782 13.22466303151480
ONEWEB-0015             
1 61594U 24188A   26119.47952330 -.00000450  00000+0 -13047-2 0  9997
2 61594  87.8927  30.7779 0001990  96.1015 264.0340 13.11418187 78078
ONEWEB-0687             
1 61595U 24188B   26119.25195221  .00000060  00000+0  12052-3 0  9993
2 61595  87.9175  15.6037 0001467  95.2167 264.9132 13.17648084 79459
ONEWEB-0688             
1 61596U 24188C   26119.43251848 -.00000001  00000+0 -36561-4 0  9991
2 61596  87.9174  15.5675 0002399 111.4852 248.6535 13.17648107 79477
ONEWEB-0689             
1 61597U 24188D   26119.51344903  .00000568  00000+0  15681-2 0  9990
2 61597  87.8944  30.7208 0001485  79.4397 280.6898 13.11416795 78078
ONEWEB-0690             
1 61598U 24188E   26119.21844123  .00000191  00000+0  50418-3 0  9997
2 61598  87.8932  30.7956 0002439  73.5853 286.5543 13.11413652 78215
ONEWEB-0691             
1 61599U 24188F   26119.44224535  .00000368  00000+0  10020-2 0  9992
2 61599  87.8943  30.6552 0001847  92.2603 267.8736 13.11415788 78096
ONEWEB-0692             
1 61600U 24188G   26119.23368073 -.00000431  00000+0 -12521-2 0  9999
2 61600  87.8924  30.8189 0001514  52.4513 307.6752 13.11415690 78054
ONEWEB-0693             
1 61601U 24188H   26119.21652245  .00000026  00000+0  34198-4 0  9999
2 61601  87.9173  15.6320 0002621  78.9736 281.1690 13.17647894 79439
ONEWEB-0695             
1 61602U 24188J   26119.51514286  .00000491  00000+0  13500-2 0  9993
2 61602  87.8922  30.7550 0001151  66.3080 293.8169 13.11416061 78089
ONEWEB-0697             
1 61603U 24188K   26119.47104975 -.00000501  00000+0 -14488-2 0  9999
2 61603  87.8928  30.7532 0001626  53.5307 306.5970 13.11417657 78065
ONEWEB-0698             
1 61604U 24188L   26119.44901549  .00000208  00000+0  55219-3 0  9999
2 61604  87.8922  30.7730 0002480  51.9687 308.1665 13.11415910 78083
ONEWEB-0699             
1 61605U 24188M   26119.49942917 -.00000243  00000+0 -73139-3 0  9991
2 61605  87.8850  45.9540 0001751  56.9600 303.1696 13.10371282 76934
ONEWEB-0700             
1 61606U 24188N   26119.50108125 -.00000295  00000+0 -88158-3 0  9993
2 61606  87.8869  45.8543 0001383  60.4788 299.6477 13.10370825 76922
ONEWEB-0701             
1 61607U 24188P   26119.51767938 -.00000581  00000+0 -17005-2 0  9998
2 61607  87.8850  45.9487 0001766  51.7053 308.4233 13.10374140 76938
ONEWEB-0702             
1 61608U 24188Q   26119.49477907  .00000201  00000+0  53157-3 0  9996
2 61608  87.8944  30.6605 0001361  44.7737 315.3501 13.11415619 78102
ONEWEB-0704             
1 61609U 24188R   26119.50605615 -.00000474  00000+0 -13946-2 0  9993
2 61609  87.8869  45.9342 0001159  45.9700 314.1523 13.10370029 76916
ONEWEB-0705             
1 61610U 24188S   26119.51103148 -.00000511  00000+0 -15014-2 0  9990
2 61610  87.8861  45.9416 0000809  99.0183 261.1036 13.10370068 69081
ONEWEB-0706             
1 61611U 24188T   26119.49610639 -.00000041  00000+0 -15447-3 0  9995
2 61611  87.8851  45.9530 0001324  67.3801 292.7466 13.10370208 77000
ONEWEB-0707             
1 61612U 24188U   26119.50274388 -.00000351  00000+0 -10414-2 0  9997
2 61612  87.8859  45.9430 0001385  65.2996 294.8276 13.10370413 76949
ONEWEB-0708             
1 61613U 24188V   26119.52100397 -.00000561  00000+0 -16442-2 0  9998
2 61613  87.8853  45.9620 0001541  93.7084 266.4219 13.10374353 76920
