ONEWEB-0012             
1 44057U 19010A   26074.54892735  .00000100  00000+0  22809-3 0  9997
2 44057  87.9009 247.4056 0001338 107.9983 252.1294 13.16594266339244
ONEWEB-0010             
1 44058U 19010B   26074.49826308 -.00000020  00000+0 -87241-4 0  9990
2 44058  87.9010 247.4111 0002026  99.8599 260.2761 13.16594255339287
ONEWEB-0008             
1 44059U 19010C   26074.52359715  .00000069  00000+0  14760-3 0  9994
2 44059  87.9007 247.4032 0001636  89.9709 270.1609 13.16594266339402
ONEWEB-0007             
1 44060U 19010D   26074.56034931  .00000158  00000+0  38648-3 0  9990
2 44060  87.8932 277.9170 0001712 101.5262 258.6061 13.15547696339060
ONEWEB-0006             
1 44061U 19010E   26074.56431792  .00000100  00000+0  23124-3 0  9997
2 44061  87.8942 277.8707 0001826  95.0284 265.1055 13.15547694339114
ONEWEB-0011             
1 44062U 19010F   26074.53262020  .00000063  00000+0  13272-3 0  9992
2 44062  87.8941 277.8852 0001844  87.0204 273.1138 13.15547514339109
ONEWEB-0013             
1 45131U 20008A   26074.49003384 -.00000354  00000+0 -10651-2 0  9992
2 45131  87.8447  71.7360 0000922 102.9758 257.1472 13.09453240293804
ONEWEB-0017             
1 45132U 20008B   26074.46179832  .00000579  00000+0  16236-2 0  9994
2 45132  87.8783  54.9281 0002111  86.7235 273.4134 13.10375024295672
ONEWEB-0020             
1 45133U 20008C   26074.50826151 -.00000598  00000+0 -17487-2 0  9995
2 45133  87.8790  54.9095 0001828  85.4244 274.7092 13.10373889296073
ONEWEB-0021             
1 45134U 20008D   26074.44684465 -.00000131  00000+0 -41112-3 0  9995
2 45134  87.8787  54.9461 0001836  87.0701 273.0637 13.10376111296373
ONEWEB-0023             
1 45136U 20008F   26074.45763468  .00000389  00000+0  10785-2 0  9993
2 45136  87.8783  54.9232 0001686  84.7102 275.4217 13.10377075295806
ONEWEB-0024             
1 45137U 20008G   26074.50659503 -.00000617  00000+0 -18042-2 0  9994
2 45137  87.8793  54.8990 0001887  86.7466 273.3877 13.10373182295978
ONEWEB-0025             
1 45138U 20008H   26074.43570949 -.00000524  00000+0 -15252-2 0  9990
2 45138  87.8789  54.9040 0001614  91.8203 268.3110 13.10877071296291
ONEWEB-0026             
1 45139U 20008J   26074.61872373 -.00000493  00000+0 -14255-2 0  9994
2 45139  87.8879  39.6659 0002039  80.9481 279.1878 13.11416721298843
ONEWEB-0028             
1 45140U 20008K   26074.42290209  .00000587  00000+0  16192-2 0  9991
2 45140  87.8868  39.7132 0001243  86.8030 273.3240 13.11416487296331
ONEWEB-0032             
1 45141U 20008L   26074.46346651  .00000568  00000+0  15899-2 0  9991
2 45141  87.8784  54.9291 0001380  85.7875 274.3410 13.10375245296022
ONEWEB-0033             
1 45142U 20008M   26074.43853118 -.00001142  00000+0 -33096-2 0  9990
2 45142  87.8785  54.9434 0002445  87.1030 273.0377 13.10367853295938
ONEWEB-0035             
1 45143U 20008N   26074.46927024  .00000624  00000+0  17514-2 0  9991
2 45143  87.8777  54.9359 0002007  85.5129 274.6227 13.10372811295662
ONEWEB-0036             
1 45144U 20008P   26074.39532355  .00000774  00000+0  21991-2 0  9993
2 45144  87.8790  54.9239 0001628  82.3989 277.7323 13.09815973296089
ONEWEB-0038             
1 45145U 20008Q   26074.62902611 -.00000340  00000+0 -99655-3 0  9990
2 45145  87.8886  39.6645 0002628 122.8417 237.2964 13.11419604298060
ONEWEB-0039             
1 45146U 20008R   26074.44186263 -.00000181  00000+0 -55382-3 0  9990
2 45146  87.8789  54.9267 0001282  91.4064 268.7210 13.10372522295883
ONEWEB-0040             
1 45147U 20008S   26074.43521821 -.00000590  00000+0 -17261-2 0  9990
2 45147  87.8781  54.9440 0001815  88.2200 271.9135 13.10374173295580
ONEWEB-0043             
1 45149U 20008U   26074.43687427 -.00000519  00000+0 -15227-2 0  9998
2 45149  87.8787  54.9263 0001283  88.1694 271.9580 13.10374344295906
ONEWEB-0044             
1 45150U 20008V   26074.46509862  .00000156  00000+0  41135-3 0  9992
2 45150  87.8791  54.9170 0001728  88.3056 271.8270 13.10375095296201
ONEWEB-0045             
1 45151U 20008W   26074.62381195 -.00000411  00000+0 -11953-2 0  9998
2 45151  87.8882  39.6522 0001775  84.3998 275.7332 13.11417099298146
ONEWEB-0047             
1 45152U 20008X   26074.45847533  .00000415  00000+0  11525-2 0  9990
2 45152  87.8789  54.9207 0002021  87.6240 272.5119 13.10375177295924
ONEWEB-0048             
1 45153U 20008Y   26074.45349055  .00000220  00000+0  59392-3 0  9996
2 45153  87.8782  54.9487 0001938  86.5852 273.5497 13.10375931295536
ONEWEB-0049             
1 45154U 20008Z   26074.45667546  .00000357  00000+0  98622-3 0  9995
2 45154  87.8784  54.9360 0001726  71.5733 288.5582 13.10375348295753
ONEWEB-0051             
1 45155U 20008AA  26074.62211346 -.00000471  00000+0 -13643-2 0  9996
2 45155  87.8878  39.6653 0001841  82.1984 277.9353 13.11417309298821
ONEWEB-0052             
1 45156U 20008AB  26074.45979533  .00000518  00000+0  14577-2 0  9994
2 45156  87.8796  54.9094 0001624  70.0054 290.1248 13.09877880295663
ONEWEB-0053             
1 45157U 20008AC  26074.43355821 -.00000629  00000+0 -18371-2 0  9992
2 45157  87.8782  54.9502 0001369  82.8909 277.2374 13.10374067295633
ONEWEB-0054             
1 45158U 20008AD  26074.46843992  .00000674  00000+0  18933-2 0  9999
2 45158  87.8791  54.9173 0001867  79.9543 280.1795 13.10373783295759
ONEWEB-0056             
1 45159U 20008AE  26074.44933719  .00000017  00000+0  13379-4 0  9997
2 45159  87.8792  54.9216 0001874  77.8195 282.3143 13.10376438295905
ONEWEB-0057             
1 45160U 20008AF  26074.45695337  .00000385  00000+0  10676-2 0  9994
2 45160  87.8787  54.9294 0001519  83.1508 276.9792 13.10379256296070
ONEWEB-0058             
1 45161U 20008AG  26074.44366134 -.00000270  00000+0 -80842-3 0  9992
2 45161  87.8785  54.9412 0002104  89.2477 270.8891 13.10376776296149
ONEWEB-0059             
1 45162U 20008AH  26074.44018709 -.00001079  00000+0 -31275-2 0  9998
2 45162  87.8789  54.9418 0001780  89.2314 270.9017 13.10368216296049
ONEWEB-0062             
1 45163U 20008AJ  26074.46594531  .00000745  00000+0  20967-2 0  9996
2 45163  87.8786  54.9199 0002262  89.3905 270.7482 13.10375245295915
ONEWEB-0065             
1 45164U 20008AK  26074.42014149 -.00000373  00000+0 -11039-2 0  9994
2 45164  87.8777  54.9376 0001656  75.5963 284.5348 13.10370355295607
ONEWEB-0066             
1 45424U 20020A   26074.60685884 -.00000179  00000+0 -54150-3 0  9993
2 45424  87.8878  39.6705 0001799  87.4136 272.7198 13.11416032290416
ONEWEB-0067             
1 45425U 20020B   26074.41541997  .00000339  00000+0  92067-3 0  9994
2 45425  87.8893  39.6180 0001658  80.5619 279.5696 13.11419132290440
ONEWEB-0080             
1 45426U 20020C   26074.42403301  .00037301  00000+0  10422+0 0  9992
2 45426  87.8884  39.7049 0002430  83.1132 277.0273 13.11788526290411
ONEWEB-0090             
1 45427U 20020D   26074.59683221  .00000213  00000+0  56410-3 0  9995
2 45427  87.8877  39.6711 0001893  82.5442 277.5901 13.11414762290408
ONEWEB-0061             
1 45428U 20020E   26074.62875226 -.00000344  00000+0 -10060-2 0  9995
2 45428  87.8881  39.6503 0001901  83.2490 276.8854 13.11419630290367
ONEWEB-0081             
1 45429U 20020F   26074.61024692 -.00000351  00000+0 -10254-2 0  9991
2 45429  87.8876  39.6698 0001662  85.4091 274.7227 13.11415115290479
ONEWEB-0069             
1 45430U 20020G   26074.59921055 -.00001868  00000+0 -53057-2 0  9991
2 45430  87.8874  39.6659 0001860  81.4142 278.7197 13.11423554290408
ONEWEB-0031             
1 45431U 20020H   26074.41867329  .00000465  00000+0  12766-2 0  9998
2 45431  87.8871  39.7194 0002050  82.6596 277.4765 13.11418795290362
ONEWEB-0027             
1 45432U 20020J   26074.60065291  .00000093  00000+0  20698-3 0  9999
2 45432  87.9167  24.4261 0002193  75.0779 285.0595 13.17650795294033
ONEWEB-0064             
1 45433U 20020K   26074.41697835  .00000378  00000+0  10297-2 0  9993
2 45433  87.8870  39.7102 0002051  80.0064 280.1296 13.11418890290394
ONEWEB-0018             
1 45434U 20020L   26074.60178568 -.00004686  00000+0 -13259-1 0  9990
2 45434  87.8875  39.6712 0002845  59.0744 301.0664 13.11439567290361
ONEWEB-0083             
1 45435U 20020M   26074.59246112  .00000345  00000+0  93855-3 0  9998
2 45435  87.8881  39.6611 0001939  83.7327 276.4022 13.11414717290409
ONEWEB-0095             
1 45436U 20020N   26074.43066740  .00000606  00000+0  16750-2 0  9997
2 45436  87.8879  39.7019 0002074  60.4920 299.6415 13.11417386290387
ONEWEB-0092             
1 45437U 20020P   26074.63144524 -.00000247  00000+0 -73355-3 0  9995
2 45437  87.8878  39.6617 0001716  71.6806 288.4509 13.11418532290529
ONEWEB-0085             
1 45438U 20020Q   26074.59160941  .00000339  00000+0  91997-3 0  9994
2 45438  87.8874  39.6738 0001835  81.1871 278.9465 13.11415335290400
ONEWEB-0096             
1 45439U 20020R   26074.59330712  .00000318  00000+0  86136-3 0  9996
2 45439  87.8879  39.6621 0001793  82.8728 277.2604 13.11415065290394
ONEWEB-0037             
1 45440U 20020S   26074.42121895  .00000509  00000+0  14015-2 0  9998
2 45440  87.8887  39.6725 0001849  78.9336 281.2000 13.11418534290404
ONEWEB-0042             
1 45441U 20020T   26074.43040038  .00000572  00000+0  15788-2 0  9997
2 45441  87.8879  39.6919 0001768  82.6052 277.5277 13.11416234290373
ONEWEB-0098             
1 45442U 20020U   26074.35000883  .00000609  00000+0  16830-2 0  9993
2 45442  87.8877  39.7191 0001936  83.3393 276.7955 13.11416661290343
ONEWEB-0055             
1 45443U 20020V   26074.40934354  .00000090  00000+0  21862-3 0  9995
2 45443  87.8879  39.7075 0001949  80.6959 279.4389 13.11419391290321
ONEWEB-0093             
1 45444U 20020W   26074.61378237 -.00000430  00000+0 -12483-2 0  9999
2 45444  87.8879  39.6565 0001419  85.2827 274.8463 13.11415524290418
ONEWEB-0029             
1 45445U 20020X   26074.40085885 -.00000277  00000+0 -81613-3 0  9992
2 45445  87.8877  39.7102 0001784  83.4482 276.6849 13.11419239290366
ONEWEB-0068             
1 45446U 20020Y   26074.61350161 -.00000393  00000+0 -11447-2 0  9994
2 45446  87.8880  39.6589 0001734  87.1509 272.9818 13.11416336290332
ONEWEB-0046             
1 45447U 20020Z   26074.45256958 -.00000211  00000+0 -63080-3 0  9996
2 45447  87.8879  39.6979 0001649  79.0721 281.0592 13.11414790290326
ONEWEB-0063             
1 45448U 20020AA  26074.63398758 -.00000150  00000+0 -45797-3 0  9999
2 45448  87.8883  39.6594 0001773  74.7616 285.3708 13.11418447290439
ONEWEB-0019             
1 45449U 20020AB  26074.59655366  .00000211  00000+0  55885-3 0  9991
2 45449  87.8871  39.6602 0002016  83.4289 276.7069 13.11414583290274
ONEWEB-0094             
1 45450U 20020AC  26074.57363942  .00000005  00000+0 -19031-4 0  9993
2 45450  87.9173  24.4285 0001909  86.9594 273.1756 13.17647882293989
ONEWEB-0087             
1 45451U 20020AD  26074.33884432  .00000376  00000+0  10242-2 0  9993
2 45451  87.8890  39.6846 0001691  88.5641 271.5680 13.11418549290283
ONEWEB-0082             
1 45452U 20020AE  26074.41188034  .00000199  00000+0  52463-3 0  9993
2 45452  87.8881  39.6943 0001757  86.8864 273.2465 13.11419017290385
ONEWEB-0050             
1 45453U 20020AF  26074.46668160  .00002077  00000+0  21315-3 0  9991
2 45453  88.9203 245.9640 0002068   3.2626 356.8616 14.90029290326426
ONEWEB-0034             
1 45454U 20020AG  26074.43309060  .00000527  00000+0  14503-2 0  9998
2 45454  87.8876  39.6948 0001879  82.0929 278.0412 13.11416073290307
ONEWEB-0060             
1 45455U 20020AH  26074.63312654 -.00000144  00000+0 -44326-3 0  9998
2 45455  87.8874  39.6649 0001656 116.2215 243.9083 13.11420095290286
ONEWEB-0086             
1 45456U 20020AJ  26074.61194276 -.00000364  00000+0 -10634-2 0  9993
2 45456  87.8879  39.6574 0002173 101.5277 258.6095 13.11415824290346
ONEWEB-0088             
1 45457U 20020AK  26074.58991676  .00000448  00000+0  12289-2 0  9998
2 45457  87.8888  39.6268 0001639  77.7032 282.4280 13.11415338290279
ONEWEB-0102             
1 47258U 20100A   26074.51472794  .00000076  00000+0  17705-3 0  9992
2 47258  87.8999   9.2744 0001915  85.1876 274.9471 13.12442855252441
ONEWEB-0109             
1 47259U 20100B   26074.52320023 -.00000161  00000+0 -48256-3 0  9993
2 47259  87.9012   9.2475 0001962  78.7788 281.3561 13.12441619252272
ONEWEB-0110             
1 47260U 20100C   26074.55028716 -.00000350  00000+0 -10091-2 0  9997
2 47260  87.9012   9.2268 0001848  87.8472 272.2868 13.12444356252447
ONEWEB-0111             
1 47261U 20100D   26074.35209324  .00000333  00000+0  88905-3 0  9991
2 47261  87.9009   9.2847 0001726  81.1886 278.9438 13.12442721252257
ONEWEB-0114             
1 47262U 20100E   26074.53505405 -.00000390  00000+0 -11185-2 0  9991
2 47262  87.9014   9.2437 0001991  72.2631 287.8715 13.12442868252239
ONEWEB-0117             
1 47263U 20100F   26074.52657933 -.00000276  00000+0 -80146-3 0  9992
2 47263  87.9009   9.2396 0001829  79.6113 280.5222 13.12442785252246
ONEWEB-0118             
1 47264U 20100G   26074.56047322  .00000254  00000+0  67147-3 0  9992
2 47264  87.9009   9.2354 0001861  68.8579 291.2748 13.12443977252441
ONEWEB-0119             
1 47265U 20100H   26074.50965019  .00000234  00000+0  61582-3 0  9994
2 47265  87.9000   9.2707 0001839  78.2907 281.8428 13.12442439252419
ONEWEB-0120             
1 47266U 20100J   26074.53349537 -.00000372  00000+0 -10700-2 0  9999
2 47266  87.9003   9.2662 0001912  77.1674 282.9668 13.12443000252440
ONEWEB-0121             
1 47267U 20100K   26074.36902607 -.00000224  00000+0 -65726-3 0  9999
2 47267  87.9011   9.2762 0001773  85.0767 275.0564 13.12442335252333
ONEWEB-0122             
1 47268U 20100L   26074.51556551  .00000045  00000+0  89461-4 0  9992
2 47268  87.9011   9.2495 0001981  80.8780 279.2573 13.12441338252266
ONEWEB-0123             
1 47269U 20100M   26074.51134047  .00000215  00000+0  56209-3 0  9997
2 47269  87.8999   9.2692 0001782  75.5787 284.5539 13.12442603252400
ONEWEB-0124             
1 47270U 20100N   26074.57741540  .00000454  00000+0  12278-2 0  9999
2 47270  87.9000   9.2605 0001735  80.4671 279.6654 13.12443117252296
ONEWEB-0125             
1 47271U 20100P   26074.32666294  .00000173  00000+0  44602-3 0  9990
2 47271  87.9019   9.2821 0001474  75.5422 284.5870 13.12446557252326
ONEWEB-0126             
1 47272U 20100Q   26074.57586041  .00000409  00000+0  11022-2 0  9990
2 47272  87.9003   9.2552 0001963  75.9562 284.1785 13.12442704252425
ONEWEB-0127             
1 47273U 20100R   26074.54183622 -.00000339  00000+0 -97710-3 0  9999
2 47273  87.9000   9.2651 0001977  78.0030 282.1320 13.12443025252444
ONEWEB-0128             
1 47274U 20100S   26074.33515217  .00000373  00000+0  10016-2 0  9995
2 47274  87.8999   9.3202 0001891  90.0924 270.0421 13.12444312252432
ONEWEB-0129             
1 47275U 20100T   26074.31482041 -.00000250  00000+0 -72958-3 0  9992
2 47275  87.9013   9.2880 0002955  69.9869 290.1577 13.12444030252361
ONEWEB-0130             
1 47276U 20100U   26074.57064123  .00000479  00000+0  12953-2 0  9997
2 47276  87.9009   9.2318 0001957  80.9384 279.1966 13.12443925252360
ONEWEB-0131             
1 47277U 20100V   26074.56724936  .00000375  00000+0  10075-2 0  9990
2 47277  87.9000   9.2609 0001872  79.9035 280.2305 13.12443445252404
ONEWEB-0132             
1 47278U 20100W   26074.36733516 -.00000211  00000+0 -62278-3 0  9997
2 47278  87.9002   9.2999 0001812  81.7905 278.3429 13.12441803252276
ONEWEB-0133             
1 47279U 20100X   26074.53661213 -.00000433  00000+0 -12390-2 0  9996
2 47279  87.9017   9.2311 0001823  83.2493 276.8843 13.12442541252455
ONEWEB-0134             
1 47280U 20100Y   26074.50626145  .00000329  00000+0  87839-3 0  9993
2 47280  87.9014   9.2349 0002049  83.5028 276.6334 13.12442865252422
ONEWEB-0135             
1 47281U 20100Z   26074.55368533  .00000028  00000+0  42098-4 0  9998
2 47281  87.9002   9.2603 0002045  86.7916 273.3446 13.12444013252458
ONEWEB-0136             
1 47282U 20100AA  26074.34362740  .00000424  00000+0  11426-2 0  9999
2 47282  87.9009   9.2757 0002129  83.9326 276.2045 13.12445854252353
ONEWEB-0137             
1 47283U 20100AB  26074.52995605 -.00000309  00000+0 -89362-3 0  9991
2 47283  87.9015   9.2442 0001768  74.9860 285.1464 13.12441350252286
ONEWEB-0138             
1 47284U 20100AC  26074.50795388  .00000271  00000+0  71917-3 0  9999
2 47284  87.9010   9.2579 0002064  81.0847 279.0515 13.12442569252368
ONEWEB-0139             
1 47285U 20100AD  26074.54874822 -.00000161  00000+0 -48281-3 0  9993
2 47285  87.9009   9.2369 0001857  78.7153 281.4184 13.12445248252441
ONEWEB-0140             
1 47286U 20100AE  26074.57911016  .00000388  00000+0  10438-2 0  9995
2 47286  87.9010   9.2199 0001765  83.9284 276.2046 13.12442553252418
ONEWEB-0141             
1 47287U 20100AF  26074.54846824 -.00000213  00000+0 -62810-3 0  9998
2 47287  87.9012   9.2318 0001766  68.6917 291.4400 13.12444442252397
ONEWEB-0142             
1 47288U 20100AG  26074.53688270 -.00000400  00000+0 -11461-2 0  9990
2 47288  87.9015   9.2574 0002098  68.0355 292.0997 13.12444862252387
ONEWEB-0143             
1 47289U 20100AH  26074.54690926 -.00000104  00000+0 -32416-3 0  9998
2 47289  87.9010   9.2530 0001799  78.0425 282.0905 13.12444915252366
ONEWEB-0144             
1 47290U 20100AJ  26074.51810580 -.00000067  00000+0 -22072-3 0  9992
2 47290  87.9013   9.2287 0002172  77.2249 282.9122 13.12440930252285
ONEWEB-0145             
1 47291U 20100AK  26074.56555336 -.00005182  00000+0 -14443-1 0  9997
2 47291  87.9005   9.2573 0001827  68.4175 291.7148 13.12470175252483
ONEWEB-0146             
1 47292U 20100AL  26074.56215490  .00000277  00000+0  73355-3 0  9999
2 47292  87.9011   9.2430 0001583  86.4859 273.6451 13.12443056252395
ONEWEB-0147             
1 47293U 20100AM  26074.52827621 -.00000306  00000+0 -88602-3 0  9997
2 47293  87.9013   9.2299 0002022  85.6716 274.4644 13.12443221252288
ONEWEB-0115             
1 48042U 21025A   26074.47727339  .00000277  00000+0  72255-3 0  9998
2 48042  87.9040 338.8638 0001670  80.1098 280.0220 13.13471425241290
ONEWEB-0152             
1 48043U 21025B   26074.49081744  .00000387  00000+0  10242-2 0  9993
2 48043  87.9033 338.8624 0001654  81.8051 278.3265 13.13470166241253
ONEWEB-0153             
1 48044U 21025C   26074.46880970  .00000100  00000+0  23796-3 0  9991
2 48044  87.9031 338.8717 0001801  77.0328 283.1003 13.13471720241243
ONEWEB-0154             
1 48045U 21025D   26074.46541218 -.00000092  00000+0 -28547-3 0  9992
2 48045  87.9033 338.8699 0001774  82.1435 277.9896 13.13471776241208
ONEWEB-0116             
1 48046U 21025E   26074.65671388  .00000192  00000+0  49071-3 0  9990
2 48046  87.9040 338.8209 0001665  82.2902 277.8416 13.13469863241372
ONEWEB-0150             
1 48047U 21025F   26074.48065981  .00000301  00000+0  79018-3 0  9994
2 48047  87.9041 338.8529 0001652  73.2400 286.8911 13.13471174241242
ONEWEB-0107             
1 48048U 21025G   26074.48235587  .00000377  00000+0  99860-3 0  9996
2 48048  87.9040 338.8481 0001946  73.8122 286.3221 13.13470720241225
ONEWEB-0101             
1 48049U 21025H   26074.44511066 -.00000193  00000+0 -56326-3 0  9990
2 48049  87.9031 338.8807 0001901  79.2858 280.8485 13.13470571241196
ONEWEB-0113             
1 48050U 21025J   26074.42566950  .00000162  00000+0  40454-3 0  9991
2 48050  87.9041 338.8034 0001465  87.8147 272.3150 13.13950601241295
ONEWEB-0112             
1 48051U 21025K   26074.48742977  .00000422  00000+0  11206-2 0  9994
2 48051  87.9042 338.8445 0001983  80.9173 279.2180 13.13471101241293
ONEWEB-0156             
1 48052U 21025L   26074.26736419  .00000335  00000+0  88130-3 0  9999
2 48052  87.9043 338.8993 0001784  74.2221 285.9105 13.13470048241247
ONEWEB-0161             
1 48053U 21025M   26074.47050398 -.00000265  00000+0 -76027-3 0  9994
2 48053  87.9036 338.8671 0001919  70.8417 289.2920 13.13472942241205
ONEWEB-0158             
1 48054U 21025N   26074.65840678  .00000127  00000+0  31361-3 0  9990
2 48054  87.9041 338.8215 0001692  89.8625 270.2699 13.13470289241356
ONEWEB-0157             
1 48055U 21025P   26074.45526521 -.00000272  00000+0 -77862-3 0  9996
2 48055  87.9040 338.8662 0002116  72.3198 287.8162 13.13470668241266
ONEWEB-0162             
1 48056U 21025Q   26074.65995500  .00000074  00000+0  16782-3 0  9998
2 48056  87.9040 338.8301 0001693  74.2246 285.9070 13.13468031241269
ONEWEB-0155             
1 48057U 21025R   26074.43833908 -.00000140  00000+0 -41695-3 0  9995
2 48057  87.9034 338.8728 0001928  78.9589 281.1757 13.13470225241378
ONEWEB-0149             
1 48058U 21025S   26074.46034116 -.00000173  00000+0 -50725-3 0  9993
2 48058  87.9041 338.8655 0001633  72.4021 287.7287 13.13470695241189
ONEWEB-0148             
1 48059U 21025T   26074.42309167  .00000301  00000+0  78927-3 0  9996
2 48059  87.9032 338.8872 0001670  58.3915 301.7377 13.13471848241309
ONEWEB-0160             
1 48060U 21025U   26074.44002242 -.00000179  00000+0 -52589-3 0  9995
2 48060  87.9030 338.8802 0001336 102.4773 257.6506 13.13470931241253
ONEWEB-0163             
1 48061U 21025V   26074.65333072  .00000200  00000+0  51316-3 0  9997
2 48061  87.9034 338.8303 0002014  74.5456 285.5895 13.13470054241409
ONEWEB-0159             
1 48062U 21025W   26074.26397847  .00000377  00000+0  99671-3 0  9996
2 48062  87.9043 338.8943 0001866  72.6580 287.4754 13.13469585241278
ONEWEB-0164             
1 48063U 21025X   26074.47388625  .00000162  00000+0  40875-3 0  9998
2 48063  87.9042 338.8594 0001709  81.3481 278.7842 13.13471396241288
ONEWEB-0167             
1 48064U 21025Y   26074.42565447  .00000217  00000+0  56008-3 0  9999
2 48064  87.9031 338.8875 0002405  84.7815 275.3588 13.13470921241262
ONEWEB-0166             
1 48065U 21025Z   26074.44848859 -.00000267  00000+0 -76727-3 0  9990
2 48065  87.9041 338.8464 0001739  72.5275 287.6044 13.13470274241345
ONEWEB-0151             
1 48066U 21025AA  26074.45019011 -.00000241  00000+0 -69448-3 0  9996
2 48066  87.9035 338.8712 0001828  81.0423 279.0913 13.13470344241285
ONEWEB-0170             
1 48067U 21025AB  26074.45864655 -.00000189  00000+0 -55171-3 0  9998
2 48067  87.9033 338.8711 0001804  93.8295 266.3040 13.13471410241246
ONEWEB-0168             
1 48068U 21025AC  26074.44340965 -.00000229  00000+0 -66300-3 0  9992
2 48068  87.9039 338.8661 0001901  74.3841 285.7498 13.13470881241250
ONEWEB-0173             
1 48069U 21025AD  26074.43495315 -.00000026  00000+0 -10673-3 0  9999
2 48069  87.9039 338.8745 0002155  76.1770 283.9599 13.13469713241497
ONEWEB-0171             
1 48070U 21025AE  26074.24365444  .00000120  00000+0  29310-3 0  9990
2 48070  87.9031 338.9242 0001781  80.8928 279.2402 13.13470389241284
ONEWEB-0172             
1 48071U 21025AF  26074.45187746 -.00000246  00000+0 -70909-3 0  9992
2 48071  87.9032 338.8701 0001907  79.9523 280.1821 13.13470642242206
ONEWEB-0174             
1 48072U 21025AG  26074.66179300  .00000010  00000+0 -83327-5 0  9991
2 48072  87.9030 338.8299 0001751  73.0983 287.0338 13.13469957241552
ONEWEB-0175             
1 48073U 21025AH  26074.46373313 -.00000175  00000+0 -51428-3 0  9998
2 48073  87.9040 338.8452 0001965  87.5001 272.6353 13.13470359241187
ONEWEB-0177             
1 48074U 21025AJ  26074.47557706  .00000221  00000+0  57139-3 0  9995
2 48074  87.9036 338.8642 0001877  73.4181 286.7154 13.13471002241371
ONEWEB-0178             
1 48075U 21025AK  26074.49434240  .00000371  00000+0  98178-3 0  9999
2 48075  87.9020 338.8868 0002007  81.7675 278.3682 13.13470685241426
ONEWEB-0108             
1 48076U 21025AL  26074.22503435 -.00000198  00000+0 -57682-3 0  9998
2 48076  87.9040 338.9018 0001512  76.2706 283.8591 13.13470839241310
ONEWEB-0169             
1 48077U 21025AM  26074.48573548  .00000303  00000+0  79411-3 0  9999
2 48077  87.9031 338.8656 0001528  77.7466 282.3834 13.13470404240001
ONEWEB-0176             
1 48210U 21031A   26074.63023670  .00000179  00000+0  44904-3 0  9998
2 48210  87.8974 308.3705 0001762  83.2608 276.8722 13.14502561236024
ONEWEB-0184             
1 48211U 21031B   26074.60326910 -.00000179  00000+0 -51696-3 0  9997
2 48211  87.8989 308.3670 0002394  95.7251 264.4152 13.14503067235993
ONEWEB-0179             
1 48212U 21031C   26074.57393490  .00000066  00000+0  14446-3 0  9996
2 48212  87.8979 308.3747 0001715  73.6481 286.4838 13.14503279236030
ONEWEB-0180             
1 48213U 21031D   26074.60644308 -.00000164  00000+0 -47796-3 0  9993
2 48213  87.8980 308.3691 0001977  77.8346 282.3005 13.14502873235924
ONEWEB-0218             
1 48214U 21031E   26074.62865311  .00000247  00000+0  63107-3 0  9999
2 48214  87.8974 308.3640 0002513  89.5280 270.6138 13.14502849236084
ONEWEB-0209             
1 48215U 21031F   26074.38919021  .00000101  00000+0  23865-3 0  9997
2 48215  87.8966 308.4381 0001783  76.3373 283.7955 13.14503066236055
ONEWEB-0198             
1 48216U 21031G   26074.60182438 -.00000196  00000+0 -56185-3 0  9994
2 48216  87.8974 308.3950 0002112  79.5568 280.5800 13.14502540236199
ONEWEB-0189             
1 48217U 21031H   26074.61437441  .00000001  00000+0 -31956-4 0  9997
2 48217  87.8976 308.3695 0002036  80.9094 279.2266 13.14502954235934
ONEWEB-0196             
1 48218U 21031J   26074.59216660 -.00000173  00000+0 -50109-3 0  9994
2 48218  87.8977 308.3847 0001802  79.6225 280.5108 13.14503151235936
ONEWEB-0183             
1 48219U 21031K   26074.56680045  .00000234  00000+0  59580-3 0  9992
2 48219  87.8976 308.3900 0001509  75.6588 284.4709 13.14502145236021
ONEWEB-0185             
1 48220U 21031L   26074.13625323 -.00000176  00000+0 -51023-3 0  9996
2 48220  87.8980 308.4611 0001733  68.3706 291.7609 13.14502009235891
ONEWEB-0187             
1 48221U 21031M   26074.57300532  .00000103  00000+0  24379-3 0  9999
2 48221  87.8966 308.4060 0001819  74.7484 285.3847 13.14502065235966
ONEWEB-0192             
1 48222U 21031N   26074.61912911  .00000067  00000+0  14552-3 0  9996
2 48222  87.8962 308.3857 0001756  83.2239 276.9091 13.14502919235885
ONEWEB-0219             
1 48223U 21031P   26074.59850872 -.00000257  00000+0 -72649-3 0  9995
2 48223  87.8976 308.3749 0001747  73.9085 286.2237 13.14503179236084
ONEWEB-0202             
1 48224U 21031Q   26074.57947779  .00000014  00000+0  25351-5 0  9996
2 48224  87.8976 308.3881 0002357  87.9301 272.2098 13.14501296236062
ONEWEB-0204             
1 48225U 21031R   26074.61356996 -.00000019  00000+0 -86170-4 0  9999
2 48225  87.8974 308.3752 0001449  73.2889 286.8399 13.14504133235964
ONEWEB-0205             
1 48226U 21031S   26074.36064210 -.00000081  00000+0 -25272-3 0  9991
2 48226  87.8978 308.4178 0001738  76.0144 284.1179 13.14503525235947
ONEWEB-0206             
1 48227U 21031T   26074.18145116  .00000281  00000+0  72359-3 0  9995
2 48227  87.8985 308.4540 0001584  90.6478 269.4833 13.14503915235878
ONEWEB-0182             
1 48228U 21031U   26074.55728705  .00000262  00000+0  67123-3 0  9990
2 48228  87.8973 308.3914 0001487  76.1654 283.9641 13.14502710236137
ONEWEB-0186             
1 48229U 21031V   26074.56838615  .00000184  00000+0  46053-3 0  9996
2 48229  87.8978 308.3767 0001716  78.9589 281.1734 13.14503337236084
ONEWEB-0181             
1 48230U 21031W   26074.62230427  .00000117  00000+0  28023-3 0  9995
2 48230  87.8964 308.4068 0001863  80.0706 280.0634 13.14502453235943
ONEWEB-0188             
1 48231U 21031X   26074.20365307 -.00000118  00000+0 -35282-3 0  9994
2 48231  87.8969 308.4883 0001669  80.4259 279.7059 13.14502828235790
ONEWEB-0220             
1 48232U 21031Y   26074.62389249  .00001408  00000+0  37619-2 0  9998
2 48232  87.8979 308.3648 0001816  74.7120 285.4211 13.14496800236110
ONEWEB-0165             
1 48233U 21031Z   26074.57632923  .00000858  00000+0  22796-2 0  9991
2 48233  87.8976 308.3909 0002045  81.8631 278.2731 13.14498472236067
ONEWEB-0199             
1 48234U 21031AA  26074.56043852  .00000497  00000+0  13064-2 0  9995
2 48234  87.8989 308.3759 0001689  89.0738 271.0586 13.14507427235964
ONEWEB-0203             
1 48235U 21031AB  26074.62705353  .00000192  00000+0  48251-3 0  9993
2 48235  87.8984 308.3631 0001714  87.2694 272.8632 13.14503772235981
ONEWEB-0197             
1 48236U 21031AC  26074.60154629 -.00000167  00000+0 -48585-3 0  9990
2 48236  87.8975 308.3659 0001440  74.0068 286.1220 13.14503183235894
ONEWEB-0194             
1 48237U 21031AD  26074.35271943 -.00000014  00000+0 -71627-4 0  9997
2 48237  87.8977 308.4334 0001610  89.8914 270.2400 13.14503401236035
ONEWEB-0193             
1 48238U 21031AE  26074.59692400 -.00000209  00000+0 -59947-3 0  9995
2 48238  87.8977 308.3762 0001548  97.8000 262.3305 13.14503111236017
ONEWEB-0191             
1 48239U 21031AF  26074.60802686 -.00000137  00000+0 -40353-3 0  9998
2 48239  87.8980 308.3697 0001592  81.9201 278.2109 13.14503066235875
ONEWEB-0195             
1 48240U 21031AG  26074.66115240 -.00000116  00000+0 -34759-3 0  9999
2 48240  87.8976 308.3558 0002064  80.1089 280.0273 13.14502814235860
ONEWEB-0201             
1 48241U 21031AH  26074.57326114  .00000084  00000+0  19199-3 0  9997
2 48241  87.8966 308.4015 0001679  68.2105 291.9204 13.14500807236086
ONEWEB-0207             
1 48242U 21031AJ  26074.62943881  .00000158  00000+0  39063-3 0  9994
2 48242  87.8975 308.3628 0001602  72.1978 287.9326 13.14504265236008
ONEWEB-0208             
1 48243U 21031AK  26074.61119470 -.00000034  00000+0 -12747-3 0  9998
2 48243  87.8978 308.3788 0001964  81.4220 278.7132 13.14503500236018
ONEWEB-0200             
1 48244U 21031AL  26074.34637577  .00000109  00000+0  25925-3 0  9995
2 48244  87.8974 308.4204 0001758  79.4739 280.6589 13.14502903235903
ONEWEB-0217             
1 48245U 21031AM  26074.36223147 -.00000080  00000+0 -25125-3 0  9994
2 48245  87.8979 308.4169 0002014  80.6794 279.4564 13.14503610235859
ONEWEB-0211             
1 48767U 21045A   26074.53413790  .00000104  00000+0  23986-3 0  9990
2 48767  87.8934 277.7999 0002117  93.3400 266.7973 13.16143932232126
ONEWEB-0223             
1 48768U 21045B   26074.56669987  .00000056  00000+0  11356-3 0  9999
2 48768  87.8940 277.8767 0002036  98.5368 261.5993 13.15548179232090
ONEWEB-0230             
1 48769U 21045C   26074.53817969  .00000065  00000+0  13771-3 0  9995
2 48769  87.8928 277.9045 0001535  90.5213 269.6093 13.15547960232357
ONEWEB-0237             
1 48770U 21045D   26074.52708410  .00000005  00000+0 -22124-4 0  9994
2 48770  87.8931 277.9083 0001774  98.8590 261.2741 13.15547799232076
ONEWEB-0235             
1 48771U 21045E   26074.50173027 -.00000005  00000+0 -46494-4 0  9990
2 48771  87.8942 277.8903 0002024 100.9028 259.2330 13.15548464232069
ONEWEB-0242             
1 48772U 21045F   26074.57144818 -.00000021  00000+0 -90757-4 0  9993
2 48772  87.8943 277.8719 0001636  96.8702 263.2615 13.15548423232118
ONEWEB-0241             
1 48773U 21045G   26074.55877721  .00000155  00000+0  37633-3 0  9997
2 48773  87.8932 277.9035 0002062  93.6714 266.4652 13.15548649232027
ONEWEB-0243             
1 48774U 21045H   26074.51439642 -.00000190  00000+0 -53849-3 0  9998
2 48774  87.8933 277.9230 0001689 109.7233 250.4080 13.15549514232047
ONEWEB-0222             
1 48775U 21045J   26074.57383418 -.00000025  00000+0 -99822-4 0  9993
2 48775  87.8940 277.8721 0001820  93.2358 266.8981 13.15548413232095
ONEWEB-0244             
1 48776U 21045K   26074.52391624 -.00000052  00000+0 -17210-3 0  9997
2 48776  87.8939 277.8724 0001710  95.2044 264.9282 13.15547633232657
ONEWEB-0247             
1 48777U 21045L   26074.52075123 -.00000059  00000+0 -19023-3 0  9992
2 48777  87.8931 277.9169 0002057 114.5012 245.6334 13.15548445232093
ONEWEB-0245             
1 48778U 21045M   26074.51598912 -.00000049  00000+0 -16516-3 0  9991
2 48778  87.8942 277.8884 0001875  89.3201 270.8144 13.15547982232066
ONEWEB-0229             
1 48779U 21045N   26074.51123745 -.00000078  00000+0 -24090-3 0  9998
2 48779  87.8946 277.8878 0001622  95.5817 264.5498 13.15547613232092
ONEWEB-0228             
1 48780U 21045P   26074.54465964  .00000198  00000+0  49218-3 0  9995
2 48780  87.8940 277.8683 0001728  93.9003 266.2324 13.15547689232010
ONEWEB-0232             
1 48781U 21045Q   26074.51915858  .00000029  00000+0  43597-4 0  9993
2 48781  87.8953 277.8731 0001670  91.4509 268.6813 13.15547160232337
ONEWEB-0231             
1 48782U 21045R   26074.57303694  .00000019  00000+0  15219-4 0  9998
2 48782  87.8933 277.8882 0001886  95.2130 264.9216 13.15548762232036
ONEWEB-0234             
1 48783U 21045S   26074.53485004 -.00000268  00000+0 -74517-3 0  9994
2 48783  87.8929 277.8737 0002158  69.9858 290.1504 13.15547902232169
ONEWEB-0238             
1 48784U 21045T   26074.53515138  .00000044  00000+0  82292-4 0  9997
2 48784  87.8930 277.8672 0001878  78.4285 281.7057 13.15547326232065
ONEWEB-0240             
1 48785U 21045U   26074.55641161  .00000161  00000+0  39411-3 0  9990
2 48785  87.8953 277.8661 0001997  92.8808 267.2551 13.15549648232092
ONEWEB-0246             
1 48786U 21045V   26074.55085373  .00000153  00000+0  37289-3 0  9990
2 48786  87.8941 277.8759 0001622  95.3507 264.7808 13.15548236231961
ONEWEB-0210             
1 48787U 21045W   26074.52549807  .00000029  00000+0  42752-4 0  9999
2 48787  87.8941 277.8776 0001823 121.3200 238.8109 13.15548187232001
ONEWEB-0214             
1 48788U 21045X   26074.53421994  .00000028  00000+0  40566-4 0  9997
2 48788  87.8939 277.8720 0001499 105.2560 254.8736 13.15547793231978
ONEWEB-0221             
1 48789U 21045Y   26074.46528820  .00000194  00000+0  48039-3 0  9992
2 48789  87.8940 277.8957 0001866  95.1752 264.9592 13.15548339232050
ONEWEB-0213             
1 48790U 21045Z   26074.53024855  .00000022  00000+0  24225-4 0  9993
2 48790  87.8940 277.8863 0001799 100.9156 259.2177 13.15548542232126
ONEWEB-0212             
1 48791U 21045AA  26074.50727644 -.00000032  00000+0 -11913-3 0  9999
2 48791  87.8944 277.8853 0001668  88.7251 271.4071 13.15548293232115
ONEWEB-0227             
1 48792U 21045AB  26074.50648746 -.00000053  00000+0 -17410-3 0  9996
2 48792  87.8942 277.8881 0001748  91.3954 268.7377 13.15547969232065
ONEWEB-0226             
1 48793U 21045AC  26074.50014465 -.00000052  00000+0 -17167-3 0  9990
2 48793  87.8931 277.8981 0001685 101.5149 258.6170 13.15548369232036
ONEWEB-0224             
1 48794U 21045AD  26074.46371549  .00000131  00000+0  31456-3 0  9998
2 48794  87.8931 277.9413 0002505  82.7366 277.4049 13.15549793231957
ONEWEB-0233             
1 48795U 21045AE  26074.46831856  .00000100  00000+0  23127-3 0  9993
2 48795  87.8927 277.9492 0001943  95.2839 264.8513 13.15548501231973
ONEWEB-0190             
1 48796U 21045AF  26074.53183250  .00000098  00000+0  22638-3 0  9992
2 48796  87.8928 277.8978 0002124 108.5306 251.6055 13.15549005232057
ONEWEB-0236             
1 48797U 21045AG  26074.54926610  .00000186  00000+0  46000-3 0  9996
2 48797  87.8930 277.9055 0001652  85.5984 274.5335 13.15548830231946
ONEWEB-0248             
1 48798U 21045AH  26074.56193578  .00000123  00000+0  29331-3 0  9997
2 48798  87.8941 277.8769 0002143  95.7702 264.3672 13.15551048232102
ONEWEB-0225             
1 48799U 21045AJ  26074.50806746 -.00000088  00000+0 -26774-3 0  9990
2 48799  87.8933 277.9029 0002055 105.1215 255.0143 13.15548137232106
ONEWEB-0215             
1 48800U 21045AK  26074.55402718  .00000233  00000+0  58494-3 0  9993
2 48800  87.8942 277.8674 0002249 104.8321 255.3058 13.15549104231981
ONEWEB-0216             
1 48801U 21045AL  26074.56351091  .00000161  00000+0  39426-3 0  9996
2 48801  87.8933 277.8844 0001546  91.2096 268.9211 13.15552905231993
ONEWEB-0239             
1 48802U 21045AM  26074.56828611 -.00000004  00000+0 -44358-4 0  9993
2 48802  87.8930 277.8973 0002442  99.6616 260.4790 13.15547525232037
ONEWEB-0249             
1 48967U 21060A   26074.50064359 -.00000012  00000+0 -65351-4 0  9992
2 48967  87.9009 247.4081 0001820  96.1879 263.9459 13.16594003227287
ONEWEB-0250             
1 48968U 21060B   26074.50089834  .00000052  00000+0  89089-4 0  9994
2 48968  87.9009 245.4687 0002506  78.9034 281.2384 13.25827733227808
ONEWEB-0252             
1 48970U 21060D   26074.53151485  .00000102  00000+0  23367-3 0  9994
2 48970  87.9006 247.3947 0001533 104.0690 256.0612 13.16593892227334
ONEWEB-0253             
1 48971U 21060E   26074.52043686  .00000042  00000+0  76599-4 0  9996
2 48971  87.9005 247.4025 0001779  97.3537 262.7796 13.16595493227266
ONEWEB-0254             
1 48972U 21060F   26074.52993271  .00000066  00000+0  13990-3 0  9992
2 48972  87.9011 247.3956 0002043  99.2272 260.9090 13.16593784227266
ONEWEB-0255             
1 48973U 21060G   26074.49192634  .00000803  00000+0  20657-2 0  9999
2 48973  87.9007 247.4116 0001796 100.6331 259.5003 13.16599738227339
ONEWEB-0256             
1 48974U 21060H   26074.51805814  .00000042  00000+0  75460-4 0  9993
2 48974  87.9011 247.4143 0001560  97.3017 262.8291 13.16594969227301
ONEWEB-0257             
1 48975U 21060J   26074.55051264  .00000059  00000+0  12172-3 0  9998
2 48975  87.9011 247.3915 0001764 102.4249 257.7079 13.16594646227263
ONEWEB-0258             
1 48976U 21060K   26074.55211089  .00000099  00000+0  22542-3 0  9998
2 48976  87.9011 247.4026 0001775  97.3355 262.7978 13.16597474227277
ONEWEB-0259             
1 48977U 21060L   26074.54575917  .00000166  00000+0  39942-3 0  9998
2 48977  87.9010 247.4027 0001863  99.3978 260.7364 13.16594360227301
ONEWEB-0260             
1 48978U 21060M   26074.53704373  .00000086  00000+0  19215-3 0  9990
2 48978  87.9009 247.4106 0001343 108.0504 252.0774 13.16594942227286
ONEWEB-0261             
1 48979U 21060N   26074.50694491  .00000073  00000+0  15801-3 0  9990
2 48979  87.9000 247.4158 0001904 107.0403 253.0937 13.16592318227338
ONEWEB-0262             
1 48980U 21060P   26074.48718274  .00000018  00000+0  14542-4 0  9996
2 48980  87.9011 247.4028 0001995  94.0739 266.0620 13.16594609227298
ONEWEB-0263             
1 48981U 21060Q   26074.51884338  .00000043  00000+0  79872-4 0  9991
2 48981  87.9007 247.4076 0002013 104.5439 255.5916 13.16593839227265
ONEWEB-0264             
1 48982U 21060R   26074.55604828  .00000111  00000+0  25590-3 0  9993
2 48982  87.9010 247.4044 0001665 105.7691 254.3623 13.16593806227277
ONEWEB-0266             
1 48984U 21060T   26074.50142158 -.00000002  00000+0 -38137-4 0  9996
2 48984  87.9013 247.4043 0001707  93.7971 266.3356 13.16596964227257
ONEWEB-0267             
1 48985U 21060U   26074.43651472  .00000018  00000+0  14569-4 0  9991
2 48985  87.9005 247.4138 0001783 103.1673 256.9657 13.16593398227250
ONEWEB-0268             
1 48986U 21060V   26074.55684710  .00000063  00000+0  12995-3 0  9996
2 48986  87.9011 247.3995 0001640  97.9687 262.1630 13.16594491227531
ONEWEB-0269             
1 48987U 21060W   26074.53784572  .00000037  00000+0  62775-4 0  9995
2 48987  87.8999 247.4165 0001473  94.6582 265.4717 13.16594203227306
ONEWEB-0270             
1 48988U 21060X   26074.55526459  .00000068  00000+0  14376-3 0  9993
2 48988  87.9009 247.4017 0002095 101.1090 259.0277 13.16594440227342
ONEWEB-0271             
1 48989U 21060Y   26074.46657785  .00000136  00000+0  32243-3 0  9990
2 48989  87.9010 247.4099 0001885 105.3642 254.7698 13.16596782227339
ONEWEB-0272             
1 48990U 21060Z   26074.48874772  .00000015  00000+0  46471-5 0  9997
2 48990  87.9009 247.4172 0001651 105.3425 254.7889 13.16592775227285
ONEWEB-0273             
1 48991U 21060AA  26074.51093169 -.00000017  00000+0 -78258-4 0  9996
2 48991  87.9008 247.4107 0001831  99.3745 260.7593 13.16593844227265
ONEWEB-0274             
1 48992U 21060AB  26074.53626452  .00000070  00000+0  15036-3 0  9997
2 48992  87.8998 247.4184 0001460 106.9872 253.1419 13.16593799227309
ONEWEB-0275             
1 48993U 21060AC  26074.52517961  .00000078  00000+0  17046-3 0  9992
2 48993  87.9005 247.4004 0001727 100.7105 259.4221 13.16593989227231
ONEWEB-0276             
1 48994U 21060AD  26074.48243350  .00000047  00000+0  88576-4 0  9999
2 48994  87.9011 247.4094 0001855  94.9344 265.1999 13.16594524227242
ONEWEB-0277             
1 48995U 21060AE  26074.49508368 -.00000038  00000+0 -13423-3 0  9994
2 48995  87.8999 247.4214 0001834 100.5082 259.6256 13.16594958227235
ONEWEB-0278             
1 48996U 21060AF  26074.48559291  .00000045  00000+0  82869-4 0  9992
2 48996  87.9013 247.4057 0001683  88.4020 271.7303 13.16594613227367
ONEWEB-0279             
1 48997U 21060AG  26074.49351498  .00000045  00000+0  85098-4 0  9990
2 48997  87.9013 247.4029 0001794 106.1141 254.0188 13.16593843227293
ONEWEB-0280             
1 48998U 21060AH  26074.50855848 -.00000009  00000+0 -56050-4 0  9999
2 48998  87.9009 247.4048 0002018  92.7003 267.4358 13.16594415227234
ONEWEB-0281             
1 48999U 21060AJ  26074.51409761  .00000029  00000+0  42867-4 0  9991
2 48999  87.9007 247.3984 0001553  99.0124 261.1183 13.16594098227300
ONEWEB-0282             
1 49000U 21060AK  26074.54417800  .00000133  00000+0  31421-3 0  9990
2 49000  87.9007 247.4027 0001848  98.5923 261.5417 13.16594305227283
ONEWEB-0283             
1 49001U 21060AL  26074.53309407  .00000099  00000+0  22506-3 0  9998
2 49001  87.9007 247.4049 0001763 102.3193 257.8135 13.16594180227294
ONEWEB-0284             
1 49002U 21060AM  26074.52676847  .00000063  00000+0  13142-3 0  9990
2 49002  87.9008 247.3975 0001934  89.2957 270.8396 13.16593957227277
ONEWEB-0285             
1 49075U 21075A   26074.51726481  .00000014  00000+0  31786-5 0  9997
2 49075  87.9008   9.2532 0001871  79.3961 280.7378 13.12442301222925
ONEWEB-0286             
1 49076U 21075B   26074.57558506  .00000448  00000+0  12095-2 0  9995
2 49076  87.8998   9.2678 0001645  74.1234 286.0076 13.12443564222284
ONEWEB-0287             
1 49077U 21075C   26074.61329828  .00000069  00000+0  14353-3 0  9993
2 49077  87.9161  24.4473 0001723  66.3487 293.7825 13.17648240221302
ONEWEB-0288             
1 49078U 21075D   26074.55200490 -.00000015  00000+0 -76273-4 0  9993
2 49078  87.9012   9.2406 0001895  75.8840 284.2499 13.12443971222901
ONEWEB-0289             
1 49079U 21075E   26074.57603086  .00000017  00000+0  10982-4 0  9999
2 49079  87.9165  24.4665 0002284  78.1215 282.0173 13.17648234221876
ONEWEB-0290             
1 49080U 21075F   26074.54918370  .00000025  00000+0  32229-4 0  9990
2 49080  87.9168  24.4412 0002453  84.1419 275.9992 13.17649887221282
ONEWEB-0291             
1 49081U 21075G   26074.60992888 -.00000033  00000+0 -11936-3 0  9996
2 49081  87.9167  24.4374 0002038  69.7690 290.3660 13.17648747221285
ONEWEB-0293             
1 49082U 21075H   26074.55930625  .00000048  00000+0  89430-4 0  9991
2 49082  87.9157  24.4577 0002000  78.2549 281.8806 13.17650065221303
ONEWEB-0294             
1 49083U 21075J   26074.55878574  .00000283  00000+0  75015-3 0  9990
2 49083  87.9013   9.2418 0002184  77.9963 282.1410 13.12443745222293
ONEWEB-0295             
1 49084U 21075K   26074.40658831  .00000035  00000+0  55932-4 0  9999
2 49084  87.9155  24.4930 0001923  69.4562 290.6776 13.17651098221240
ONEWEB-0296             
1 49085U 21075L   26074.53844127 -.00000354  00000+0 -10204-2 0  9996
2 49085  87.9016   9.2490 0001924  68.3036 291.8297 13.12444038222290
ONEWEB-0297             
1 49086U 21075M   26074.56895276  .00000487  00000+0  13193-2 0  9996
2 49086  87.9000   9.2677 0001776  75.2218 284.9107 13.12444002222907
ONEWEB-0298             
1 49087U 21075N   26074.41093946 -.00000030  00000+0 -10921-3 0  9998
2 49087  87.9160  24.4887 0001745  80.5661 279.5667 13.17648726221278
ONEWEB-0299             
1 49088U 21075P   26074.56435880  .00000051  00000+0  98165-4 0  9990
2 49088  87.9171  24.4296 0001804  75.1396 284.9935 13.17648895221271
ONEWEB-0300             
1 49089U 21075Q   26074.33260779  .00000309  00000+0  82226-3 0  9995
2 49089  87.9014   9.2830 0001483  82.9815 277.1482 13.12444721222895
ONEWEB-0301             
1 49090U 21075R   26074.31648990 -.00000386  00000+0 -11093-2 0  9990
2 49090  87.9010   9.2867 0001551  86.9931 273.1375 13.12443143222256
ONEWEB-0302             
1 49091U 21075S   26074.53166401 -.00000379  00000+0 -10877-2 0  9998
2 49091  87.9010   9.2529 0002103  74.3168 285.8193 13.12443385222266
ONEWEB-0304             
1 49092U 21075T   26074.61499102  .00000046  00000+0  85918-4 0  9994
2 49092  87.9165  24.4496 0001864  75.9660 284.1678 13.17650494221251
ONEWEB-0305             
1 49093U 21075U   26074.60824487  .00000001  00000+0 -30707-4 0  9990
2 49093  87.9166  24.4296 0001762  67.6316 292.5003 13.17650383221289
ONEWEB-0308             
1 49094U 21075V   26074.37241297 -.00000301  00000+0 -87257-3 0  9992
2 49094  87.9011   9.2774 0001831  78.9491 281.1843 13.12442415222251
ONEWEB-0309             
1 49095U 21075W   26074.61161262 -.00000036  00000+0 -12490-3 0  9995
2 49095  87.9170  24.4435 0002253  75.1264 285.0117 13.17645580221256
ONEWEB-0310             
1 49096U 21075X   26074.54012041 -.00000560  00000+0 -15908-2 0  9996
2 49096  87.9006   9.2735 0001862  79.5582 280.5757 13.12443171222905
ONEWEB-0311             
1 49097U 21075Y   26074.61836398  .00000077  00000+0  16599-3 0  9993
2 49097  87.9167  24.4370 0001613  67.5949 292.5353 13.17652533221303
ONEWEB-0312             
1 49098U 21075Z   26074.40574495 -.00000026  00000+0 -98852-4 0  9997
2 49098  87.9162  24.4968 0002002  70.0838 290.0509 13.17649179221253
ONEWEB-0313             
1 49099U 21075AA  26074.56254874  .00000018  00000+0  12406-4 0  9991
2 49099  87.9160  24.4717 0001807  76.0742 284.0591 13.17650094221269
ONEWEB-0314             
1 49100U 21075AB  26074.37705682  .00000026  00000+0  33914-4 0  9997
2 49100  87.9168  24.4721 0001981  68.3126 291.8217 13.17649132221215
ONEWEB-0315             
1 49101U 21075AC  26074.51303372  .00000116  00000+0  28576-3 0  9991
2 49101  87.9010   9.2362 0001475  70.5183 289.6105 13.12442094222888
ONEWEB-0316             
1 49102U 21075AD  26074.52727273  .00000083  00000+0  17731-3 0  9997
2 49102  87.9244 354.0672 0001724  77.0232 283.1093 13.18686095224869
ONEWEB-0317             
1 49103U 21075AE  26074.51642291  .00000086  00000+0  20280-3 0  9999
2 49103  87.9011   9.2579 0002533  87.2279 272.9140 13.12442993222903
ONEWEB-0318             
1 49104U 21075AF  26074.29635268  .00000015  00000+0  62255-5 0  9993
2 49104  87.9253 354.1060 0001576  72.3056 287.8248 13.18686377224798
ONEWEB-0319             
1 49105U 21075AG  26074.62005385  .00000100  00000+0  22330-3 0  9995
2 49105  87.9159  24.4483 0001386  69.6942 290.4338 13.17650161221284
ONEWEB-0323             
1 49106U 21075AH  26074.57402830  .00000423  00000+0  11392-2 0  9999
2 49106  87.9011   9.2284 0001570  57.3984 302.7296 13.12442952222279
ONEWEB-0329             
1 49107U 21075AJ  26074.55255359  .00000066  00000+0  13737-3 0  9999
2 49107  87.9159  24.4620 0001895  74.5940 285.5401 13.17649173221251
ONEWEB-0330             
1 49108U 21075AK  26074.40940641 -.00000116  00000+0 -33972-3 0  9990
2 49108  87.9162  24.5017 0002096  74.8123 285.3239 13.16080246221275
ONEWEB-0292             
1 49186U 21083A   26074.46709912 -.00000361  00000+0 -10222-2 0  9999
2 49186  87.9021 338.8957 0001538  75.5818 284.5482 13.13471417218625
ONEWEB-0303             
1 49187U 21083B   26074.29305727  .00000021  00000+0  21491-4 0  9990
2 49187  87.9253 354.1094 0001676  74.0754 286.0563 13.18686756217605
ONEWEB-0306             
1 49188U 21083C   26074.51078959  .00000007  00000+0 -15090-4 0  9993
2 49188  87.9253 354.0496 0002023  81.9766 278.1595 13.18686351217673
ONEWEB-0307             
1 49189U 21083D   26074.23265916 -.00000138  00000+0 -41254-3 0  9990
2 49189  87.9022 338.9311 0001749  77.9108 282.2217 13.13471004218595
ONEWEB-0320             
1 49190U 21083E   26074.52752548  .00000102  00000+0  22740-3 0  9994
2 49190  87.9241 354.0726 0001824  78.0537 282.0799 13.18134034217632
ONEWEB-0321             
1 49191U 21083F   26074.56553041  .00000043  00000+0  74399-4 0  9998
2 49191  87.9162 293.1297 0001986  90.3922 269.7439 13.20770651224472
ONEWEB-0322             
1 49192U 21083G   26074.22842245 -.00000229  00000+0 -66272-3 0  9997
2 49192  87.9025 338.9367 0001960  92.5688 267.5666 13.13470975218583
ONEWEB-0324             
1 49193U 21083H   26074.50419290  .00000086  00000+0  18624-3 0  9996
2 49193  87.9252 354.0567 0001926  75.3513 284.7832 13.18686326217652
ONEWEB-0325             
1 49194U 21083J   26074.50749546  .00000114  00000+0  25727-3 0  9991
2 49194  87.9243 354.0727 0001761  80.2682 279.8649 13.18687314217660
ONEWEB-0326             
1 49195U 21083K   26074.29484063  .00000008  00000+0 -13012-4 0  9996
2 49195  87.9253 354.1046 0001542  73.9412 286.1890 13.18685904217622
ONEWEB-0327             
1 49196U 21083L   26074.29455585 -.00000001  00000+0 -34942-4 0  9993
2 49196  87.9244 354.1168 0001379  77.0104 283.1182 13.18685252217648
ONEWEB-0328             
1 49197U 21083M   26074.44679564 -.00000170  00000+0 -50130-3 0  9999
2 49197  87.9045 338.8536 0001793  73.6395 286.4931 13.13471028218592
ONEWEB-0331             
1 49198U 21083N   26074.51574060  .00000041  00000+0  70982-4 0  9996
2 49198  87.9254 354.0544 0001668  69.0236 291.1074 13.18687154217660
ONEWEB-0333             
1 49199U 21083P   26074.44171642 -.00000118  00000+0 -35917-3 0  9993
2 49199  87.9022 338.8928 0001693  79.3514 280.7806 13.13470947218608
ONEWEB-0334             
1 49200U 21083Q   26074.58290316 -.00000039  00000+0 -12751-3 0  9994
2 49200  87.9153 293.1438 0002283 107.9377 252.2005 13.20770514224430
ONEWEB-0335             
1 49201U 21083R   26074.43664238 -.00000095  00000+0 -29479-3 0  9994
2 49201  87.9031 338.8879 0001621  72.4351 287.6955 13.13469749218611
ONEWEB-0336             
1 49202U 21083S   26074.48404375  .00000344  00000+0  90578-3 0  9997
2 49202  87.9030 338.8749 0001577  65.3389 294.7904 13.13470650218615
ONEWEB-0337             
1 49203U 21083T   26074.49407546  .00000312  00000+0  81978-3 0  9991
2 49203  87.9022 338.8822 0001818  73.2362 286.8967 13.13469927218612
ONEWEB-0338             
1 49204U 21083U   26074.55764684  .00000087  00000+0  18306-3 0  9992
2 49204  87.9155 293.1535 0001901  95.2718 264.8633 13.20770504224455
ONEWEB-0339             
1 49205U 21083V   26074.42648916  .00000168  00000+0  42468-3 0  9994
2 49205  87.9034 338.8840 0001967  83.9079 276.2274 13.13470141218585
ONEWEB-0340             
1 49206U 21083W   26074.50254305  .00000038  00000+0  64739-4 0  9991
2 49206  87.9254 354.0623 0001739  76.6879 283.4447 13.18686334217627
ONEWEB-0341             
1 49207U 21083X   26074.50914165  .00000050  00000+0  94763-4 0  9993
2 49207  87.9248 354.0705 0002209  69.3305 290.8064 13.18687065217649
ONEWEB-0342             
1 49208U 21083Y   26074.56395680  .00000069  00000+0  13712-3 0  9999
2 49208  87.9165 293.1312 0001768  88.4976 271.6360 13.20769369224421
ONEWEB-0343             
1 49209U 21083Z   26074.51738431  .00000069  00000+0  14129-3 0  9993
2 49209  87.9252 354.0632 0002354  77.3569 282.7826 13.18686497217696
ONEWEB-0344             
1 49210U 21083AA  26074.42140661  .00000394  00000+0  10447-2 0  9996
2 49210  87.9021 338.9078 0001976  70.2122 289.9221 13.13471303218583
ONEWEB-0345             
1 49211U 21083AB  26074.48912463  .00000418  00000+0  11106-2 0  9990
2 49211  87.9032 338.8626 0001989  72.0241 288.1105 13.13469710218604
ONEWEB-0346             
1 49212U 21083AC  26074.51406983  .00000009  00000+0 -93722-5 0  9994
2 49212  87.9243 354.0715 0001335  59.3598 300.7666 13.18685158217632
ONEWEB-0348             
1 49213U 21083AD  26074.55449136  .00000089  00000+0  18793-3 0  9996
2 49213  87.9164 293.1358 0001570  67.1220 293.0079 13.20770486224453
ONEWEB-0350             
1 49214U 21083AE  26074.26989833  .00000280  00000+0  73078-3 0  9998
2 49214  87.9031 338.9053 0001915  69.5318 290.6017 13.13470624218602
ONEWEB-0351             
1 49215U 21083AF  26074.54804458  .00000095  00000+0  20093-3 0  9992
2 49215  87.9165 293.1355 0002496  93.8109 266.3310 13.20770634224415
ONEWEB-0352             
1 49216U 21083AG  26074.47896750  .00000300  00000+0  78653-3 0  9995
2 49216  87.9028 338.8798 0002105  85.1725 274.9645 13.13471833218721
ONEWEB-0354             
1 49217U 21083AH  26074.57342331  .00000002  00000+0 -28194-4 0  9994
2 49217  87.9164 293.1299 0001732  76.3528 283.7798 13.20770165224452
ONEWEB-0355             
1 49218U 21083AJ  26074.43170224  .00000070  00000+0  15684-3 0  9993
2 49218  87.9020 338.8991 0001985  77.4133 282.7218 13.13469326218594
ONEWEB-0357             
1 49219U 21083AK  26074.57026748  .00000026  00000+0  32546-4 0  9998
2 49219  87.9163 293.1251 0001835  88.2150 271.9193 13.20770361224454
ONEWEB-0332             
1 49279U 21090A   26074.59375557 -.00000164  00000+0 -47739-3 0  9993
2 49279  87.8977 308.3868 0001717  89.9205 270.2121 13.14502715215286
ONEWEB-0347             
1 49280U 21090B   26074.56080322  .00000153  00000+0  34332-3 0  9996
2 49280  87.9163 293.1357 0001540  95.7860 264.3449 13.20770522218680
ONEWEB-0349             
1 49281U 21090C   26074.59236829  .00000024  00000+0  27339-4 0  9992
2 49281  87.9163 293.1295 0001710  86.2145 273.9184 13.20770891217479
ONEWEB-0353             
1 49282U 21090D   26074.20523560 -.00000107  00000+0 -32414-3 0  9995
2 49282  87.8982 308.4586 0001625  91.8125 268.3191 13.14503241215230
ONEWEB-0356             
1 49283U 21090E   26074.51502688  .00000046  00000+0  80122-4 0  9998
2 49283  87.9163 293.1384 0000814  95.1731 264.9496 13.20770536217465
ONEWEB-0358             
1 49284U 21090F   26074.54502323  .00000133  00000+0  29624-3 0  9994
2 49284  87.9164 293.1351 0001568  82.4733 277.6579 13.20770666218197
ONEWEB-0359             
1 49285U 21090G   26074.54186727  .00000083  00000+0  17244-3 0  9990
2 49285  87.9166 293.1330 0001687  76.5693 283.5629 13.20770847218179
ONEWEB-0360             
1 49286U 21090H   26074.60814556  .00000082  00000+0  17068-3 0  9999
2 49286  87.9162 293.1259 0001730  82.6013 277.5317 13.20770500217496
ONEWEB-0361             
1 49287U 21090J   26074.58920599  .00000016  00000+0  71346-5 0  9990
2 49287  87.9165 293.1276 0001473  85.7461 274.3841 13.20770176217940
ONEWEB-0362             
1 49288U 21090K   26074.61930657  .00000010  00000+0 -80419-5 0  9997
2 49288  87.9223 323.6257 0001992  80.4983 279.6374 13.19724939214570
ONEWEB-0363             
1 49289U 21090L   26074.52923988 -.00000003  00000+0 -39424-4 0  9999
2 49289  87.9164 293.1406 0001331  83.1231 277.0054 13.20770927217946
ONEWEB-0364             
1 49290U 21090M   26074.64286807  .00000006  00000+0 -16678-4 0  9994
2 49290  87.9152 293.1313 0001626  85.6515 274.4804 13.20772259219093
ONEWEB-0365             
1 49291U 21090N   26074.40133263  .00000068  00000+0  13801-3 0  9997
2 49291  87.9236 323.6490 0001825  83.5588 276.5753 13.19725199214056
ONEWEB-0366             
1 49292U 21090P   26074.58265653 -.00000028  00000+0 -10882-3 0  9990
2 49292  87.8969 308.3926 0001650  81.1735 278.9581 13.14502931215268
ONEWEB-0367             
1 49293U 21090Q   26074.52765143  .00000036  00000+0  56033-4 0  9990
2 49293  87.9163 293.1406 0001890  87.1900 272.9450 13.20770605217461
ONEWEB-0368             
1 49294U 21090R   26074.57657851 -.00000007  00000+0 -50280-4 0  9990
2 49294  87.9153 293.1519 0001380 114.4572 245.6705 13.20770151218624
ONEWEB-0369             
1 49295U 21090S   26074.39659587  .00000097  00000+0  20897-3 0  9996
2 49295  87.9226 323.6672 0001694  83.5946 276.5379 13.19725211214041
ONEWEB-0370             
1 49296U 21090T   26074.61289008  .00000032  00000+0  45567-4 0  9990
2 49296  87.9162 293.1248 0001904  80.3916 279.7433 13.20770398217516
ONEWEB-0371             
1 49297U 21090U   26074.63194532  .00000104  00000+0  22631-3 0  9996
2 49297  87.9223 323.6095 0001836  81.1712 278.9629 13.19724703214119
ONEWEB-0372             
1 49298U 21090V   26074.52595041 -.00000023  00000+0 -88782-4 0  9997
2 49298  87.9162 293.1425 0001721  89.6097 270.5234 13.20770944217474
ONEWEB-0373             
1 49299U 21090W   26074.55290862  .00000117  00000+0  25529-3 0  9995
2 49299  87.9152 293.1416 0001611  82.5837 277.5479 13.20771045218669
ONEWEB-0374             
1 49300U 21090X   26074.64609074  .00000161  00000+0  39881-3 0  9992
2 49300  87.8976 308.3646 0001103  83.9332 276.1923 13.14502455215273
ONEWEB-0375             
1 49301U 21090Y   26074.54029133  .00000022  00000+0  20975-4 0  9995
2 49301  87.9165 293.1324 0001236  72.8539 287.2729 13.20771120218164
ONEWEB-0376             
1 49302U 21090Z   26074.25127263  .00000124  00000+0  27624-3 0  9997
2 49302  87.9233 323.6786 0001843  86.6192 273.5152 13.19724620214068
ONEWEB-0377             
1 49303U 21090AA  26074.60197531 -.00000025  00000+0 -93198-4 0  9994
2 49303  87.9158 293.1221 0001718  78.8599 281.2728 13.20770355218163
ONEWEB-0378             
1 49304U 21090AB  26074.54830695  .00000120  00000+0  26346-3 0  9997
2 49304  87.9156 293.1428 0001508  85.2894 274.8411 13.20770403217427
ONEWEB-0379             
1 49305U 21090AC  26074.56522385 -.00000722  00000+0 -19825-2 0  9997
2 49305  87.8983 308.3900 0001382  85.4366 274.6922 13.14493192215260
ONEWEB-0380             
1 49306U 21090AD  26074.24811497  .00000084  00000+0  17812-3 0  9992
2 49306  87.9223 323.6941 0001651  72.2267 287.9046 13.19724912214037
ONEWEB-0381             
1 49307U 21090AE  26074.52292169  .00000002  00000+0 -27765-4 0  9993
2 49307  87.9164 293.1417 0001409  81.1804 278.9489 13.20770076217463
ONEWEB-0382             
1 49308U 21090AF  26074.58604780 -.00000045  00000+0 -14180-3 0  9990
2 49308  87.9164 293.1254 0001341  86.1672 273.9614 13.20769834217461
ONEWEB-0383             
1 49309U 21090AG  26074.63498710  .00000251  00000+0  64351-3 0  9993
2 49309  87.8977 308.3626 0001454  87.4379 272.6918 13.14502511215302
ONEWEB-0384             
1 49310U 21090AH  26074.57722778 -.00000018  00000+0 -76413-4 0  9998
2 49310  87.9165 293.1700 0001144  92.9178 267.2086 13.20807235217476
ONEWEB-0385             
1 49311U 21090AJ  26074.57817160  .00000036  00000+0  55472-4 0  9999
2 49311  87.9164 293.1312 0001457  84.0898 276.0402 13.20771339217445
ONEWEB-0386             
1 49312U 21090AK  26074.51976862  .00000046  00000+0  81257-4 0  9990
2 49312  87.9166 293.1281 0001398  89.2837 270.8457 13.20771108217454
ONEWEB-0387             
1 49313U 21090AL  26074.57973655  .00000023  00000+0  24700-4 0  9999
2 49313  87.9152 293.1527 0001534  75.4831 284.6472 13.20770017217465
ONEWEB-0388             
1 49314U 21090AM  26074.62245828  .00000027  00000+0  34351-4 0  9997
2 49314  87.9221 323.6168 0001568  80.7602 279.3709 13.19724523214072
ONEWEB-0389             
1 50469U 21132A   26074.56942732  .00000077  00000+0  16594-3 0  9991
2 50469  87.9158  24.4582 0001596  69.4568 290.6735 13.17650817205758
ONEWEB-0390             
1 50470U 21132B   26074.57110616  .00000055  00000+0  10905-3 0  9998
2 50470  87.9159  24.4586 0002082  75.9130 284.2233 13.17648294205751
ONEWEB-0391             
1 50471U 21132C   26074.57280275  .00000173  00000+0  41216-3 0  9998
2 50471  87.9159  24.4668 0001791  52.8855 307.2440 13.17650735205756
ONEWEB-0392             
1 50472U 21132D   26074.37537000  .00000053  00000+0  10412-3 0  9999
2 50472  87.9169  24.4676 0001669  68.8214 291.3096 13.17650162205762
ONEWEB-0393             
1 50473U 21132E   26074.57630925  .00000106  00000+0  24114-3 0  9995
2 50473  87.9169  24.4505 0001775  74.6348 285.4979 13.17649209205781
ONEWEB-0394             
1 50474U 21132F   26074.46625421  .00000049  00000+0  91868-4 0  9996
2 50474  87.9252 354.0571 0001650  75.7433 284.3883 13.18687374209242
ONEWEB-0395             
1 50475U 21132G   26074.62720934 -.00000402  00000+0 -11694-2 0  9992
2 50475  87.8868  39.6718 0001907  75.6504 284.4836 13.11417486203451
ONEWEB-0396             
1 50476U 21132H   26074.53553319  .00000065  00000+0  13195-3 0  9996
2 50476  87.9254 354.0549 0001709  78.7060 281.4264 13.18687115209294
ONEWEB-0397             
1 50477U 21132J   26074.47450300  .00000079  00000+0  16884-3 0  9999
2 50477  87.9254 354.0674 0001569  79.5005 280.6304 13.18687133209269
ONEWEB-0398             
1 50478U 21132K   26074.59499720  .00000364  00000+0  99051-3 0  9996
2 50478  87.8877  39.6591 0002178  76.3355 283.8015 13.11415944203343
ONEWEB-0399             
1 50479U 21132L   26074.42884293  .00000581  00000+0  16041-2 0  9990
2 50479  87.8880  39.7018 0001392  74.8740 285.2542 13.11416642203315
ONEWEB-0400             
1 50480U 21132M   26074.52893426  .00000062  00000+0  12528-3 0  9992
2 50480  87.9253 354.0465 0001965  76.9228 283.2124 13.18687492209265
ONEWEB-0401             
1 50481U 21132N   26074.49758825  .00000005  00000+0 -19882-4 0  9991
2 50481  87.9256 354.0483 0001729  83.9523 276.1807 13.18684872209261
ONEWEB-0402             
1 50482U 21132P   26074.53716601 -.00000040  00000+0 -13421-3 0  9995
2 50482  87.9252 354.0322 0001553  93.0259 267.1051 13.18685047209292
ONEWEB-0403             
1 50483U 21132Q   26074.48604964  .00000045  00000+0  82028-4 0  9991
2 50483  87.9254 354.0653 0001787  74.7391 285.3939 13.18686770209240
ONEWEB-0404             
1 50484U 21132R   26074.33387474  .00000142  00000+0  36471-3 0  9998
2 50484  87.8873  39.7273 0001733  71.7705 288.3611 13.11420310203398
ONEWEB-0405             
1 50485U 21132S   26074.50088637  .00000084  00000+0  17971-3 0  9996
2 50485  87.9254 354.0464 0002290  72.6490 287.4893 13.18685224209648
ONEWEB-0406             
1 50486U 21132T   26074.49098964  .00000106  00000+0  23648-3 0  9992
2 50486  87.9245 354.0726 0001586  63.4008 296.7287 13.18685975209272
ONEWEB-0407             
1 50487U 21132U   26074.48439751  .00000145  00000+0  33534-3 0  9993
2 50487  87.9254 354.0584 0001853  83.1858 276.9485 13.18686696209219
ONEWEB-0409             
1 50488U 21132V   26074.40846977 -.00000302  00000+0 -88809-3 0  9990
2 50488  87.8882  39.6937 0001853  72.4940 287.6390 13.11419004203293
ONEWEB-0412             
1 50489U 21132W   26074.47285038  .00000036  00000+0  59042-4 0  9993
2 50489  87.9255 354.0745 0001602  86.5013 273.6302 13.18686352209304
ONEWEB-0413             
1 50490U 21132X   26074.47780137  .00000068  00000+0  13912-3 0  9995
2 50490  87.9245 354.0772 0001755  88.1654 271.9679 13.18686983209244
ONEWEB-0414             
1 50491U 21132Y   26074.53881442 -.00000002  00000+0 -37537-4 0  9994
2 50491  87.9253 354.0374 0001613  79.8662 280.2652 13.18686158209283
ONEWEB-0417             
1 50492U 21132Z   26074.31943849  .00000017  00000+0  10614-4 0  9992
2 50492  87.9247 354.1084 0001750  71.6508 288.4814 13.18684961209232
ONEWEB-0418             
1 50493U 21132AA  26074.48095903  .00000102  00000+0  22628-3 0  9992
2 50493  87.9255 354.0669 0001701  65.2816 294.8493 13.18686172209316
ONEWEB-0419             
1 50494U 21132AB  26074.27161452  .00000083  00000+0  17864-3 0  9997
2 50494  87.9252 354.1084 0001970  70.5235 289.6109 13.18687579209204
ONEWEB-0420             
1 50495U 21132AC  26074.46458141  .00000016  00000+0  80954-5 0  9991
2 50495  87.9247 354.0816 0001922  84.1341 276.0010 13.18684754209222
ONEWEB-0421             
1 50496U 21132AD  26074.53388121  .00000056  00000+0  10979-3 0  9992
2 50496  87.9251 354.0604 0001525  81.5497 278.5808 13.18686603209277
ONEWEB-0424             
1 50497U 21132AE  26074.49429681  .00000018  00000+0  12946-4 0  9990
2 50497  87.9252 354.0634 0002086  72.2671 287.8688 13.18686508209291
ONEWEB-0426             
1 50498U 21132AF  26074.53056478  .00000042  00000+0  74781-4 0  9998
2 50498  87.9251 354.0484 0001161  68.6722 291.4534 13.18685034209242
ONEWEB-0427             
1 50499U 21132AG  26074.26499969  .00000057  00000+0  11108-3 0  9994
2 50499  87.9254 354.0874 0001718  69.6478 290.4838 13.18685767209234
ONEWEB-0429             
1 50500U 21132AH  26074.47944951  .00000093  00000+0  20444-3 0  9999
2 50500  87.9249 354.0770 0001884  82.1831 277.9515 13.18687186209232
ONEWEB-0430             
1 50501U 21132AJ  26074.46789114  .00000049  00000+0  92644-4 0  9990
2 50501  87.9254 354.0770 0002079  78.8565 281.2801 13.18688883209277
ONEWEB-0432             
1 50502U 21132AK  26074.50128684  .00000065  00000+0  13123-3 0  9997
2 50502  87.9252 354.0389 0002154  59.7201 300.4144 13.18645078209230
ONEWEB-0440             
1 50503U 21132AL  26074.33594438  .00000047  00000+0  86227-4 0  9999
2 50503  87.9255 354.0926 0001647  90.8842 269.2479 13.18686327209206
ONEWEB-0450             
1 50504U 21132AM  26074.32948550  .00000070  00000+0  14440-3 0  9990
2 50504  87.9244 354.1086 0002021  83.9433 276.1930 13.18687039209232
ONEWEB-0410             
1 51622U 22012A   26074.58799266  .00000014  00000+0  28785-5 0  9993
2 51622  87.9170  24.4339 0001382  32.6844 327.4373 13.17649936201377
ONEWEB-0411             
1 51623U 22012B   26074.47507804  .00000647  00000+0  18165-2 0  9997
2 51623  87.8782  54.9171 0002452  84.9281 275.2126 13.10371443197011
ONEWEB-0415             
1 51624U 22012C   26074.47175758  .00000720  00000+0  20258-2 0  9995
2 51624  87.8781  54.9201 0002174  85.7791 274.3585 13.10373340197018
ONEWEB-0416             
1 51625U 22012D   26074.63608768  .00000396  00000+0  10987-2 0  9993
2 51625  87.8778  54.9089 0002173  75.2578 284.8790 13.10370818197072
ONEWEB-0422             
1 51626U 22012E   26074.59811875 -.00000028  00000+0 -10556-3 0  9991
2 51626  87.9173  24.4347 0002067  99.9180 260.2185 13.17649060201488
ONEWEB-0423             
1 51627U 22012F   26074.59136033  .00000020  00000+0  17390-4 0  9992
2 51627  87.9168  24.4453 0001809  82.8591 277.2746 13.17648540201372
ONEWEB-0425             
1 51628U 22012G   26074.49332105 -.00000238  00000+0 -71940-3 0  9993
2 51628  87.8786  54.9152 0001568  80.1228 280.0076 13.10370426197057
ONEWEB-0428             
1 51629U 22012H   26074.47341767  .00000610  00000+0  17103-2 0  9998
2 51629  87.8781  54.9317 0001876  86.2621 273.8721 13.10372081197014
ONEWEB-0431             
1 51630U 22012J   26074.44339478 -.00000310  00000+0 -92492-3 0  9997
2 51630  87.8792  54.9238 0002512  86.9618 273.1796 13.10377232197064
ONEWEB-0434             
1 51631U 22012K   26074.49677580 -.00000351  00000+0 -10431-2 0  9999
2 51631  87.8778  54.9407 0001280  75.0429 285.0840 13.10370569197054
ONEWEB-0435             
1 51632U 22012L   26074.50489257 -.00003383  00000+0 -97297-2 0  9997
2 51632  87.8748  54.9236 0001591  99.7029 260.4278 13.10382772197046
ONEWEB-0436             
1 51633U 22012M   26074.35510063  .00000049  00000+0  91875-4 0  9993
2 51633  87.9167  24.4706 0001989  85.5277 274.6082 13.17647495201326
ONEWEB-0438             
1 51634U 22012N   26074.48834486  .00000017  00000+0  12040-4 0  9998
2 51634  87.8777  54.9340 0001734  81.8720 278.2604 13.10369868197079
ONEWEB-0439             
1 51635U 22012P   26074.49166712 -.00000075  00000+0 -25082-3 0  9995
2 51635  87.8775  54.9223 0001806  88.9439 271.1895 13.10370619197051
ONEWEB-0442             
1 51636U 22012Q   26074.57534212 -.00000046  00000+0 -15194-3 0  9990
2 51636  87.9160  24.4657 0001610  61.6274 298.5019 13.17648963201348
ONEWEB-0443             
1 51637U 22012R   26074.59473298  .00000104  00000+0  23532-3 0  9997
2 51637  87.9157  24.4648 0001562  86.3272 273.8038 13.17648907201393
ONEWEB-0444             
1 51638U 22012S   26074.63442686  .00000460  00000+0  12825-2 0  9997
2 51638  87.8778  54.8928 0001836  86.9821 273.1517 13.10371077197089
ONEWEB-0445             
1 51639U 22012T   26074.50328010 -.00000539  00000+0 -15791-2 0  9992
2 51639  87.8789  54.8983 0002070  82.0542 278.0821 13.10372385197075
ONEWEB-0446             
1 51640U 22012U   26074.63276850  .00000469  00000+0  13070-2 0  9990
2 51640  87.8778  54.9093 0001972  81.3183 278.8168 13.10370582197070
ONEWEB-0448             
1 51641U 22012V   26074.48502963  .00000208  00000+0  55957-3 0  9993
2 51641  87.8778  54.9365 0001860  86.2778 273.8562 13.10369781197020
ONEWEB-0449             
1 51642U 22012W   26074.49000265  .00000005  00000+0 -21587-4 0  9992
2 51642  87.8784  54.9149 0001460  78.9092 281.2200 13.10369554197032
ONEWEB-0451             
1 51643U 22012X   26074.57955518  .00000046  00000+0  86291-4 0  9999
2 51643  87.9171  24.4211 0001768  78.4496 281.6834 13.17649829201339
ONEWEB-0452             
1 51644U 22012Y   26074.57786794  .00000056  00000+0  11225-3 0  9993
2 51644  87.9161  24.4674 0001600  83.0077 277.1237 13.17650709201341
ONEWEB-0456             
1 51646U 22012AA  26074.49995666 -.00000551  00000+0 -16148-2 0  9996
2 51646  87.8799  54.8922 0001939  90.1880 269.9470 13.10371264197079
ONEWEB-0457             
1 51647U 22012AB  26074.47673574  .00000600  00000+0  16837-2 0  9994
2 51647  87.8781  54.9276 0001956  72.7291 287.4050 13.10371010197073
ONEWEB-0458             
1 51648U 22012AC  26074.49829864 -.00000377  00000+0 -11171-2 0  9991
2 51648  87.8785  54.9045 0001729  87.4897 272.6428 13.10371163197035
ONEWEB-0461             
1 51649U 22012AD  26074.59979809 -.00000070  00000+0 -21461-3 0  9992
2 51649  87.9172  24.4322 0002019  76.6657 283.4699 13.17648284201566
ONEWEB-0463             
1 51650U 22012AE  26074.58124263  .00000015  00000+0  62641-5 0  9993
2 51650  87.9158  24.4678 0001998  76.7484 283.3870 13.17650510201341
ONEWEB-0464             
1 51651U 22012AF  26074.49499391 -.00000263  00000+0 -78982-3 0  9991
2 51651  87.8777  54.9336 0001865  95.3178 264.8162 13.10372220197059
ONEWEB-0468             
1 51652U 22012AG  26074.50161311 -.00000539  00000+0 -15805-2 0  9992
2 51652  87.8779  54.9265 0001854  96.5879 263.5459 13.10371447197035
ONEWEB-0473             
1 51653U 22012AH  26074.48668553  .00000133  00000+0  34458-3 0  9994
2 51653  87.8776  54.9313 0001784  88.1509 271.9823 13.10369469197035
ONEWEB-0474             
1 51654U 22012AJ  26074.63111031  .00000489  00000+0  13644-2 0  9993
2 51654  87.8787  54.8781 0001868  94.1382 265.9959 13.10371581197047
ONEWEB-0475             
1 51655U 22012AK  26074.59305363 -.00000026  00000+0 -10010-3 0  9996
2 51655  87.9159  24.4576 0001544 100.7242 259.4064 13.17650054201365
ONEWEB-0490             
1 54113U 22138A   26074.65247755  .00000053  00000+0  10013-3 0  9995
2 54113  87.9228 323.6029 0001818  86.7489 273.3852 13.19724938164498
ONEWEB-0492             
1 54114U 22138B   26074.45029893  .00000045  00000+0  80971-4 0  9997
2 54114  87.9222 323.6507 0001941  85.3929 274.7426 13.19724832164478
ONEWEB-0495             
1 54115U 22138C   26074.65562892  .00000019  00000+0  13933-4 0  9996
2 54115  87.9221 323.6117 0002061 100.3476 259.7889 13.19724447164483
ONEWEB-0497             
1 54116U 22138D   26074.44082018  .00000026  00000+0  32361-4 0  9995
2 54116  87.9221 323.6452 0001776  83.4024 276.7311 13.19724941164442
ONEWEB-0499             
1 54117U 22138E   26074.65168106  .00000048  00000+0  87045-4 0  9995
2 54117  87.9222 323.6133 0001573  86.7337 273.3976 13.19725966164480
ONEWEB-0500             
1 54118U 22138F   26074.65405194  .00000045  00000+0  80132-4 0  9994
2 54118  87.9220 323.6022 0001803  79.2370 280.8966 13.19724483164492
ONEWEB-0501             
1 54119U 22138G   26074.15335434  .00000070  00000+0  14264-3 0  9999
2 54119  87.9222 323.7023 0001819  94.6149 265.5192 13.19725237164409
ONEWEB-0502             
1 54120U 22138H   26074.44240008  .00000059  00000+0  11425-3 0  9998
2 54120  87.9228 323.6304 0001656  90.4738 269.6584 13.19725248164463
ONEWEB-0503             
1 54121U 22138J   26074.65879428  .00000014  00000+0  24442-5 0  9992
2 54121  87.9231 323.5910 0001457  79.9621 280.1677 13.19724504164489
ONEWEB-0504             
1 54122U 22138K   26074.64616291  .00000091  00000+0  19388-3 0  9995
2 54122  87.9222 323.6039 0001640  88.8936 271.2384 13.19724627164498
ONEWEB-0505             
1 54123U 22138L   26074.41555235  .00000144  00000+0  32633-3 0  9998
2 54123  87.9235 323.6462 0001798  97.9965 262.1372 13.19724926164443
ONEWEB-0506             
1 54124U 22138M   26074.61772874  .00000019  00000+0  14833-4 0  9995
2 54124  87.9233 323.6037 0001762  91.3700 268.7635 13.19724869164468
ONEWEB-0507             
1 54125U 22138N   26074.41080760  .00000145  00000+0  33061-3 0  9993
2 54125  87.9223 323.6658 0001800  87.5474 272.5865 13.19724060164488
ONEWEB-0508             
1 54126U 22138P   26074.63509937  .00000079  00000+0  16512-3 0  9998
2 54126  87.9225 323.6198 0002040  92.2512 267.8854 13.19724696164494
ONEWEB-0509             
1 54127U 22138Q   26074.60982931 -.00000022  00000+0 -86340-4 0  9992
2 54127  87.9230 323.6055 0001772  84.6437 275.4898 13.19725352164465
ONEWEB-0510             
1 54128U 22138R   26074.57184923 -.00000017  00000+0 -74226-4 0  9998
2 54128  87.9163 293.1283 0001557  69.5448 290.5852 13.20770534166925
ONEWEB-0511             
1 54129U 22138S   26074.22758972  .00001031  00000+0  25428-2 0  9995
2 54129  87.9230 323.6863 0001375 100.3709 259.7579 13.19727198164440
ONEWEB-0512             
1 54130U 22138T   26074.44713221  .00000029  00000+0  39010-4 0  9999
2 54130  87.9219 323.6554 0001680  93.8373 266.2951 13.19725372164447
ONEWEB-0513             
1 54131U 22138U   26074.41531323  .00000027  00000+0  35399-4 0  9992
2 54131  87.9233 323.6164 0001484 115.3167 244.8120 13.20262371164340
ONEWEB-0514             
1 54132U 22138V   26074.61456241 -.00000060  00000+0 -18258-3 0  9993
2 54132  87.9222 323.6114 0001673  76.9040 283.2279 13.19724850164486
ONEWEB-0515             
1 54133U 22138W   26074.55922268  .00000134  00000+0  29858-3 0  9992
2 54133  87.9165 293.1200 0002245  66.6996 293.4373 13.20770374166947
ONEWEB-0516             
1 54134U 22138X   26074.21021267  .00000062  00000+0  12244-3 0  9996
2 54134  87.9218 323.7035 0001854  82.7454 277.3890 13.19724988164431
ONEWEB-0517             
1 54135U 22138Y   26074.64457510  .00000137  00000+0  30896-3 0  9994
2 54135  87.9224 323.6060 0001439  79.7564 280.3731 13.19724227164493
ONEWEB-0518             
1 54136U 22138Z   26074.43607921 -.00000008  00000+0 -51502-4 0  9992
2 54136  87.9220 323.6601 0001785  86.7660 273.3677 13.19724229164460
ONEWEB-0519             
1 54137U 22138AA  26074.61298907 -.00000025  00000+0 -93812-4 0  9992
2 54137  87.9231 323.6053 0001490  81.4673 278.6629 13.19724938164498
ONEWEB-0520             
1 54138U 22138AB  26074.64774039  .00000108  00000+0  23774-3 0  9990
2 54138  87.9223 323.6040 0001863  89.5768 270.5579 13.19724763164484
ONEWEB-0521             
1 54139U 22138AC  26074.22600381  .00000044  00000+0  78801-4 0  9994
2 54139  87.9230 323.6720 0001490  78.2279 281.9020 13.19724860164379
ONEWEB-0522             
1 54140U 22138AD  26074.43291684  .00000055  00000+0  10626-3 0  9993
2 54140  87.9232 323.6324 0001691  86.3539 273.7787 13.19724757164447
ONEWEB-0523             
1 54141U 22138AE  26074.54659727  .00000055  00000+0  10328-3 0  9991
2 54141  87.9164 293.1372 0001720  59.1584 300.9718 13.20770424166945
ONEWEB-0524             
1 54142U 22138AF  26074.53555239  .00000071  00000+0  14315-3 0  9992
2 54142  87.9155 293.1384 0002433  72.9173 287.2227 13.20770516166942
ONEWEB-0525             
1 54143U 22138AG  26074.22442598  .00000016  00000+0  81552-5 0  9990
2 54143  87.9224 323.6882 0001829  89.2603 270.8739 13.19724929164432
ONEWEB-0526             
1 54144U 22138AH  26074.18177571  .00000088  00000+0  18864-3 0  9995
2 54144  87.9234 323.6913 0001811  82.7025 277.4314 13.19725780164401
ONEWEB-0529             
1 54145U 22138AJ  26074.18494040  .00000120  00000+0  26661-3 0  9990
2 54145  87.9224 323.7084 0001834  87.4094 272.7249 13.19725064164426
ONEWEB-0531             
1 54146U 22138AK  26074.59710038 -.00000033  00000+0 -11249-3 0  9995
2 54146  87.9162 293.1241 0002044  60.3173 299.8164 13.20770250166950
ONEWEB-0535             
1 54147U 22138AL  26074.44555817  .00000023  00000+0  26007-4 0  9998
2 54147  87.9229 323.6335 0001572  70.2878 289.8424 13.19724707164472
ONEWEB-0536             
1 54148U 22138AM  26074.58447562 -.00000027  00000+0 -98155-4 0  9990
2 54148  87.9149 293.1603 0002199  60.6343 299.5009 13.20770024166945
ONEWEB-0527             
1 54642U 22166A   26074.53428735  .00000078  00000+0  15786-3 0  9998
2 54642  87.9163 262.6687 0001745  92.4768 267.6566 13.21826409159163
ONEWEB-0528             
1 54643U 22166B   26074.54086468  .00000103  00000+0  21703-3 0  9998
2 54643  87.9164 262.6713 0001745  94.1999 265.9335 13.21825103159176
ONEWEB-0539             
1 54644U 22166C   26074.50301751 -.00000065  00000+0 -18858-3 0  9996
2 54644  87.9166 262.6449 0001555  98.9007 261.2303 13.21826080159164
ONEWEB-0540             
1 54645U 22166D   26074.50973710  .00000005  00000+0 -19883-4 0  9990
2 54645  87.9161 262.6797 0001532  93.2326 266.8983 13.21824788159150
ONEWEB-0542             
1 54646U 22166E   26074.51288741  .00000062  00000+0  11789-3 0  9993
2 54646  87.9171 262.6393 0001340  96.3671 263.7616 13.21824862159161
ONEWEB-0545             
1 54647U 22166F   26074.55402362  .00000063  00000+0  12124-3 0  9990
2 54647  87.9165 262.6509 0001155  97.3407 262.7859 13.21827328159131
ONEWEB-0580             
1 54648U 22166G   26074.52770305  .00000028  00000+0  35930-4 0  9995
2 54648  87.9162 262.6558 0001298  90.5969 269.5314 13.21826524159171
ONEWEB-0582             
1 54649U 22166H   26074.57048596 -.00000037  00000+0 -12001-3 0  9996
2 54649  87.9164 262.6399 0001213  97.4880 262.6392 13.21826206159157
ONEWEB-0583             
1 54650U 22166J   26074.50629493  .00000044  00000+0  76113-4 0  9993
2 54650  87.9163 262.6762 0001562  96.0277 264.1035 13.21827570159150
ONEWEB-0584             
1 54651U 22166K   26074.52605422  .00000060  00000+0  11262-3 0  9993
2 54651  87.9160 262.6597 0001318  89.2557 270.8728 13.21827043159145
ONEWEB-0585             
1 54652U 22166L   26074.55073612  .00000092  00000+0  19033-3 0  9996
2 54652  87.9162 262.6392 0001798  91.2053 268.9287 13.21824921159158
ONEWEB-0586             
1 54653U 22166M   26074.56391229  .00000102  00000+0  21439-3 0  9990
2 54653  87.9164 262.6622 0001520  96.8032 263.3275 13.21825786159154
ONEWEB-0587             
1 54654U 22166N   26074.49807047  .00000079  00000+0  16066-3 0  9996
2 54654  87.9173 262.6397 0002048  92.6755 267.4614 13.21824492159308
ONEWEB-0589             
1 54655U 22166P   26074.56060230  .00000079  00000+0  15955-3 0  9996
2 54655  87.9159 262.6516 0000810  86.9068 273.2159 13.21824490159176
ONEWEB-0590             
1 54656U 22166Q   26074.50945774 -.00000005  00000+0 -44456-4 0  9996
2 54656  87.9171 262.6424 0001698  77.0552 283.0772 13.21825076159152
ONEWEB-0591             
1 54657U 22166R   26074.52111921  .00000027  00000+0  33610-4 0  9990
2 54657  87.9164 262.6614 0001633  90.2647 269.8674 13.21824916159185
ONEWEB-0592             
1 54658U 22166S   26074.52440614  .00000039  00000+0  63128-4 0  9995
2 54658  87.9170 262.6318 0001624  91.4729 268.6591 13.21824845159061
ONEWEB-0593             
1 54659U 22166T   26074.54743702  .00000143  00000+0  31398-3 0  9991
2 54659  87.9163 262.6458 0001587  97.9665 262.1649 13.21827276159173
ONEWEB-0594             
1 54660U 22166U   26074.56718450  .00000045  00000+0  76745-4 0  9994
2 54660  87.9165 262.6596 0001758  94.4241 265.7094 13.21824089159196
ONEWEB-0595             
1 54661U 22166V   26074.54415021  .00000008  00000+0 -12708-4 0  9990
2 54661  87.9174 262.6375 0001839  89.6536 270.4809 13.21824790159168
ONEWEB-0596             
1 54662U 22166W   26074.51782190  .00000048  00000+0  84449-4 0  9996
2 54662  87.9162 262.6599 0001731  90.3902 269.7430 13.21824971159163
ONEWEB-0597             
1 54663U 22166X   26074.49971960  .00000032  00000+0  46065-4 0  9994
2 54663  87.9160 262.6683 0001534  92.8754 267.2556 13.21826642159168
ONEWEB-0600             
1 54664U 22166Y   26074.55731869  .00000040  00000+0  65671-4 0  9997
2 54664  87.9164 262.6477 0001651 102.5596 257.5722 13.21824491159142
ONEWEB-0601             
1 54665U 22166Z   26074.54909012  .00000117  00000+0  25289-3 0  9999
2 54665  87.9162 262.6668 0001352  93.3990 266.7299 13.21827093159339
ONEWEB-0602             
1 54666U 22166AA  26074.51371254  .00000036  00000+0  56101-4 0  9996
2 54666  87.9162 262.6794 0001665 103.9601 256.1718 13.21824511159177
ONEWEB-0603             
1 54667U 22166AB  26074.51946807  .00000004  00000+0 -21656-4 0  9992
2 54667  87.9172 262.6250 0001513  94.2175 265.9132 13.21824252159109
ONEWEB-0604             
1 54668U 22166AC  26074.50794989 -.00000048  00000+0 -14678-3 0  9998
2 54668  87.9175 262.6417 0001736  93.7592 266.3740 13.21824155159069
ONEWEB-0605             
1 54669U 22166AD  26074.50136637  .00000019  00000+0  13995-4 0  9997
2 54669  87.9162 262.6657 0001173  82.8549 277.2719 13.21824234159131
ONEWEB-0606             
1 54670U 22166AE  26074.52275569  .00000036  00000+0  54565-4 0  9996
2 54670  87.9161 262.6749 0001794  90.1024 270.0315 13.21827347159190
ONEWEB-0607             
1 54671U 22166AF  26074.56555245  .00000036  00000+0  54740-4 0  9998
2 54671  87.9169 262.6309 0001490  95.7359 264.3945 13.21826374159178
ONEWEB-0608             
1 54672U 22166AG  26074.49642659 -.00000060  00000+0 -17653-3 0  9997
2 54672  87.9173 262.6386 0001123  88.6760 271.4503 13.21824201159175
ONEWEB-0610             
1 54673U 22166AH  26074.55237373  .00000093  00000+0  19320-3 0  9995
2 54673  87.9162 262.6514 0000996  98.2409 261.8838 13.21824642159084
ONEWEB-0611             
1 54674U 22166AJ  26074.54580134  .00000035  00000+0  52485-4 0  9997
2 54674  87.9162 262.6494 0001841  94.1479 265.9866 13.21824642159079
ONEWEB-0612             
1 54675U 22166AK  26074.55896484  .00000092  00000+0  19171-3 0  9994
2 54675  87.9174 262.6312 0001501  94.8238 265.3067 13.21827821159063
ONEWEB-0615             
1 54676U 22166AL  26074.53921677  .00000115  00000+0  24755-3 0  9996
2 54676  87.9164 262.6587 0001615  93.3389 266.7929 13.21827246159078
ONEWEB-0655             
1 54677U 22166AM  26074.51452433  .00000074  00000+0  14821-3 0  9991
2 54677  87.9162 262.6656 0001561 104.0760 256.0548 13.21824906159065
ONEWEB-0659             
1 54678U 22166AN  26074.53099396  .00000073  00000+0  14403-3 0  9994
2 54678  87.9162 262.6625 0001734  91.4636 268.6697 13.21828523159158
ONEWEB-0685             
1 54679U 22166AP  26074.53144998  .00000040  00000+0  64431-4 0  9995
2 54679  87.9158 262.6577 0001512  97.6561 262.4745 13.21813270159046
ONEWEB-0712             
1 54680U 22166AQ  26074.50776002  .00000036  00000+0  61429-4 0  9990
2 54680  87.9011 247.4016 0001780 114.2959 245.8358 13.16594684159739
ONEWEB-0714             
1 54681U 22166AR  26074.53757169  .00000099  00000+0  20770-3 0  9999
2 54681  87.9163 262.6516 0001520  98.7753 261.3553 13.21825151159161
ONEWEB-0532             
1 55140U 23004A   26074.32811950  .00000015  00000+0  56213-5 0  9999
2 55140  87.9171  24.5013 0001841  67.9440 292.1887 13.17648994155223
ONEWEB-0533             
1 55141U 23004B   26074.53322093 -.00000368  00000+0 -10593-2 0  9999
2 55141  87.9016   9.2566 0001635  80.3881 279.7432 13.12443303155773
ONEWEB-0541             
1 55142U 23004C   26074.33727404  .00000335  00000+0  90811-3 0  9997
2 55142  87.8883  39.7084 0001969  79.7303 280.4047 13.11419129153642
ONEWEB-0543             
1 55143U 23004D   26074.53223297  .00000038  00000+0  64694-4 0  9992
2 55143  87.9230 354.0824 0001847  87.9538 272.1806 13.18686441157354
ONEWEB-0544             
1 55144U 23004E   26074.52563427 -.00000001  00000+0 -34147-4 0  9996
2 55144  87.9243 354.0811 0002021  80.8584 279.2777 13.18686022157353
ONEWEB-0560             
1 55145U 23004F   26074.29140767 -.00000007  00000+0 -49853-4 0  9995
2 55145  87.9240 354.1171 0002025  82.4335 277.7027 13.18686523157332
ONEWEB-0565             
1 55146U 23004G   26074.51242719  .00000059  00000+0  11603-3 0  9997
2 55146  87.9232 354.1101 0002264  73.1157 287.0223 13.18685164157355
ONEWEB-0567             
1 55147U 23004H   26074.50584245 -.00000003  00000+0 -39884-4 0  9993
2 55147  87.9242 354.0865 0002210  77.4515 282.6864 13.18685932157354
ONEWEB-0569             
1 55148U 23004J   26074.46204120 -.00000109  00000+0 -33258-3 0  9995
2 55148  87.9043 338.8609 0002621  88.7222 271.4207 13.13471345157876
ONEWEB-0570             
1 55149U 23004K   26074.49594008  .00000045  00000+0  81721-4 0  9992
2 55149  87.9243 354.0864 0001908  63.7627 296.3702 13.18685933157344
ONEWEB-0571             
1 55150U 23004L   26074.48933976  .00000110  00000+0  24679-3 0  9995
2 55150  87.9245 354.0867 0003042  74.3454 285.8013 13.18685679157354
ONEWEB-0572             
1 55151U 23004M   26074.58629788 -.00000047  00000+0 -15432-3 0  9998
2 55151  87.9159  24.4529 0002072  76.3657 283.7705 13.17647806155151
ONEWEB-0573             
1 55152U 23004N   26074.48275040  .00000088  00000+0  19016-3 0  9991
2 55152  87.9241 354.0901 0002447  64.9053 295.2333 13.18687036157347
ONEWEB-0588             
1 55153U 23004P   26074.47614390  .00000102  00000+0  22496-3 0  9999
2 55153  87.9242 354.0921 0001986  66.0503 294.0837 13.18689544157343
ONEWEB-0598             
1 55154U 23004Q   26074.62041709 -.00000475  00000+0 -13754-2 0  9996
2 55154  87.8869  39.6725 0002475  84.9503 275.1907 13.11416872153630
ONEWEB-0599             
1 55155U 23004R   26074.54748921  .00000005  00000+0 -19703-4 0  9998
2 55155  87.9156  24.4595 0001950  86.1318 274.0037 13.17648635155154
ONEWEB-0614             
1 55156U 23004S   26074.61534628  .00003149  00000+0  88495-2 0  9997
2 55156  87.8869  39.6824 0001700  80.5205 279.6115 13.11400688153574
ONEWEB-0616             
1 55157U 23004T   26074.36187113 -.00000004  00000+0 -43914-4 0  9991
2 55157  87.9165  24.4975 0002075 108.3427 251.7931 13.17649163155348
ONEWEB-0617             
1 55158U 23004U   26074.45088468 -.00000137  00000+0 -42327-3 0  9998
2 55158  87.8878  39.6985 0001784  70.7259 289.4062 13.11419050153579
ONEWEB-0618             
1 55159U 23004V   26074.65167696  .00006518  00000+0  37676-3 0  9990
2 55159  86.9089 215.5580 0010385 281.3663  78.6410 15.12075714168126
ONEWEB-0619             
1 55160U 23004W   26074.62174212  .00000086  00000+0  18777-3 0  9996
2 55160  87.9168  24.4195 0001427  82.5032 277.6261 13.17650470155272
ONEWEB-0620             
1 55161U 23004X   26074.59838733  .00000107  00000+0  26680-3 0  9994
2 55161  87.8868  39.6848 0002123  77.8114 282.3252 13.11415204153565
ONEWEB-0621             
1 55162U 23004Y   26074.62550001 -.00000468  00000+0 -13576-2 0  9999
2 55162  87.8881  39.6594 0001693  77.1192 283.0125 13.11419019153542
ONEWEB-0622             
1 55163U 23004Z   26074.63057738 -.00000465  00000+0 -13467-2 0  9996
2 55163  87.8880  39.6607 0001966  59.3273 300.8049 13.11418714153535
ONEWEB-0623             
1 55164U 23004AA  26074.61667865  .00000095  00000+0  21196-3 0  9999
2 55164  87.9159  24.4615 0001422  58.5427 301.5843 13.17650321155266
ONEWEB-0624             
1 55165U 23004AB  26074.53389408 -.00000277  00000+0 -79840-3 0  9998
2 55165  87.9009   9.1915 0001633  74.2826 285.8482 13.12923645155783
ONEWEB-0625             
1 55166U 23004AC  26074.37874670  .00000002  00000+0 -29255-4 0  9992
2 55166  87.9159  24.5026 0001860  86.4316 273.7029 13.17649638155229
ONEWEB-0626             
1 55167U 23004AD  26074.59641898 -.00000036  00000+0 -12565-3 0  9994
2 55167  87.9157  24.4594 0002332  79.3126 280.8268 13.17647707155254
ONEWEB-0627             
1 55168U 23004AE  26074.35680564  .00000028  00000+0  39557-4 0  9992
2 55168  87.9157  24.5071 0001548  66.0853 294.0441 13.17650513155220
ONEWEB-0628             
1 55169U 23004AF  26074.32837120  .00000227  00000+0  59624-3 0  9999
2 55169  87.9016   9.2822 0001322  58.2114 301.9143 13.12444369155729
ONEWEB-0629             
1 55170U 23004AG  26074.56013782  .00000266  00000+0  65167-3 0  9999
2 55170  87.9157  24.4638 0001725  80.1434 279.9892 13.17647360155251
ONEWEB-0631             
1 55171U 23004AH  26074.46954406  .00000020  00000+0  18828-4 0  9997
2 55171  87.9253 354.0503 0002213  69.9535 290.1835 13.18687480157322
ONEWEB-0709             
1 55172U 23004AJ  26074.58822766  .00000540  00000+0  14872-2 0  9994
2 55172  87.8868  39.6904 0002744  83.5428 276.6012 13.11415659153600
ONEWEB-0710             
1 55173U 23004AK  26074.57448267  .00000041  00000+0  71286-4 0  9994
2 55173  87.9159  24.4558 0001831  73.9861 286.1473 13.17649131155252
ONEWEB-0711             
1 55174U 23004AL  26074.63568203 -.00000094  00000+0 -29964-3 0  9990
2 55174  87.8879  39.6634 0001614  57.1772 302.9512 13.11419245153577
ONEWEB-0713             
1 55175U 23004AM  26074.42545418  .00000518  00000+0  14253-2 0  9994
2 55175  87.8881  39.7045 0001708  70.7563 289.3750 13.11417049153539
ONEWEB-0715             
1 55176U 23004AN  26074.42036656  .00000538  00000+0  14809-2 0  9993
2 55176  87.8878  39.7053 0002508  73.7217 286.4187 13.11418430153574
ONEWEB-0716             
1 55177U 23004AP  26074.56774957  .00000018  00000+0  14361-4 0  9990
2 55177  87.9160  24.4577 0001870  87.3002 272.8344 13.17649836155259
ONEWEB-0717             
1 55178U 23004AQ  26074.55086541  .00000071  00000+0  14887-3 0  9996
2 55178  87.9169  24.4411 0001827  58.0788 302.0521 13.17649290155307
ONEWEB-0719             
1 55179U 23004AR  26074.56098203  .00000074  00000+0  15721-3 0  9997
2 55179  87.9169  24.4205 0001721  83.9758 276.1570 13.17649022155258
ONEWEB-0530             
1 55796U 23029A   26074.53081538 -.00000019  00000+0 -77542-4 0  9990
2 55796  87.9154 293.1795 0001267  73.2974 286.8298 13.20770374148787
ONEWEB-0534             
1 55797U 23029B   26074.51819188 -.00000004  00000+0 -42410-4 0  9999
2 55797  87.9150 293.1805 0001683  90.5938 269.5388 13.20770773148781
ONEWEB-0556             
1 55798U 23029C   26074.60026434 -.00000025  00000+0 -92545-4 0  9991
2 55798  87.9150 293.1663 0001194 119.7564 240.3689 13.20770839148795
ONEWEB-0562             
1 55799U 23029D   26074.58763356 -.00000045  00000+0 -14318-3 0  9993
2 55799  87.9150 293.1490 0000817  76.2028 283.9196 13.20770320148798
ONEWEB-0563             
1 55800U 23029E   26074.58130517  .00000037  00000+0  58894-4 0  9990
2 55800  87.9149 293.1807 0001694  95.2152 264.9175 13.20773114148783
ONEWEB-0564             
1 55801U 23029F   26074.57500862  .00000037  00000+0  59821-4 0  9995
2 55801  87.9151 293.1538 0001328  79.6886 280.4397 13.20770175148796
ONEWEB-0638             
1 55802U 23029G   26074.61595431  .00000032  00000+0  51283-4 0  9996
2 55802  87.8967 308.4337 0001131  94.1393 265.9867 13.14504547147100
ONEWEB-0639             
1 55803U 23029H   26074.24654727  .00000102  00000+0  22266-3 0  9996
2 55803  87.9223 323.6980 0002465 100.5594 259.5817 13.19725496146517
ONEWEB-0640             
1 55804U 23029J   26074.62547248  .00000174  00000+0  43521-3 0  9994
2 55804  87.8966 308.4225 0001386 110.1432 249.9847 13.14502859147128
ONEWEB-0641             
1 55805U 23029K   26074.62088516  .00000040  00000+0  67737-4 0  9991
2 55805  87.9225 323.6105 0001849  83.7566 276.3777 13.19724801146573
ONEWEB-0642             
1 55806U 23029L   26074.61614794  .00000001  00000+0 -29991-4 0  9992
2 55806  87.9219 323.6261 0002469  92.3219 267.8197 13.19724394146567
ONEWEB-0643             
1 55807U 23029M   26074.59534329 -.00000214  00000+0 -61174-3 0  9990
2 55807  87.8971 308.4154 0002353  86.6807 273.4592 13.14503014147095
ONEWEB-0644             
1 55808U 23029N   26074.38396309  .00000097  00000+0  20872-3 0  9999
2 55808  87.9211 323.6784 0002038  86.2541 273.8825 13.19725801146539
ONEWEB-0645             
1 55809U 23029P   26074.63352072  .00000117  00000+0  25894-3 0  9999
2 55809  87.9221 323.6211 0001828  96.7248 263.4092 13.19725460146567
ONEWEB-0646             
1 55810U 23029Q   26074.65088844  .00000015  00000+0  44609-5 0  9990
2 55810  87.9222 323.6179 0001992  84.7126 275.4234 13.19723982146554
ONEWEB-0648             
1 55811U 23029R   26074.56363223  .00000243  00000+0  62191-3 0  9995
2 55811  87.8976 308.3873 0002209 106.4807 253.6566 13.14502571147091
ONEWEB-0649             
1 55812U 23029S   26074.44871033  .00000000  00000+0 -33264-4 0  9998
2 55812  87.9219 323.6554 0001813  90.3023 269.8318 13.19725126146563
ONEWEB-0650             
1 55813U 23029T   26074.44397172  .00000045  00000+0  80856-4 0  9993
2 55813  87.9219 323.6593 0002090  89.9609 270.1764 13.19724427146539
ONEWEB-0652             
1 55814U 23029U   26074.62071742  .00000134  00000+0  32794-3 0  9992
2 55814  87.8965 308.3909 0001566  77.2303 282.9001 13.14502914147071
ONEWEB-0653             
1 55815U 23029V   26074.60485552 -.00000165  00000+0 -47961-3 0  9997
2 55815  87.8978 308.3849 0001480  82.8670 277.2628 13.14503057147108
ONEWEB-0654             
1 55816U 23029W   26074.60009483 -.00000177  00000+0 -51281-3 0  9996
2 55816  87.8972 308.3847 0001427  72.1582 287.9704 13.14503476147126
ONEWEB-0656             
1 55817U 23029X   26074.56869590  .00000008  00000+0 -11810-4 0  9992
2 55817  87.9160 293.1219 0001352  75.0107 285.1176 13.20770314148794
ONEWEB-0657             
1 55818U 23029Y   26074.21179460  .00000061  00000+0  12111-3 0  9997
2 55818  87.9218 323.7040 0002020  61.3055 298.8280 13.19725556146515
ONEWEB-0658             
1 55819U 23029Z   26074.66195872 -.00000097  00000+0 -27536-3 0  9990
2 55819  87.9236 323.5812 0002158  85.7647 274.3733 13.19724668146582
ONEWEB-0660             
1 55820U 23029AA  26074.57789581  .00000019  00000+0  16036-4 0  9994
2 55820  87.8978 308.3768 0001598  93.9866 266.1446 13.14503863147104
ONEWEB-0661             
1 55821U 23029AB  26074.61278023 -.00000011  00000+0 -63874-4 0  9990
2 55821  87.8964 308.4251 0001526  93.7872 266.3432 13.14503909147090
ONEWEB-0662             
1 55822U 23029AC  26074.34319261  .00000132  00000+0  32196-3 0  9995
2 55822  87.8968 308.4863 0001633  94.5783 265.5533 13.14502543147101
ONEWEB-0663             
1 55823U 23029AD  26074.60939757  .00000027  00000+0  35187-4 0  9990
2 55823  87.9167 293.1866 0001904 100.0623 260.0725 13.20862801148796
ONEWEB-0664             
1 55824U 23029AE  26073.87424971  .00000078  00000+0  16052-3 0  9991
2 55824  87.9155 293.3251 0001269  98.7298 261.3980 13.20769525148694
ONEWEB-0665             
1 55825U 23029AF  26074.60961695 -.00000097  00000+0 -29563-3 0  9997
2 55825  87.8970 308.4061 0001726  93.6628 266.4699 13.14503035147119
ONEWEB-0666             
1 55826U 23029AG  26074.54975676  .00000147  00000+0  32873-3 0  9997
2 55826  87.9154 293.1797 0001858  64.3466 295.7859 13.20770746148792
ONEWEB-0667             
1 55827U 23029AH  26074.54344909  .00000080  00000+0  16564-3 0  9992
2 55827  87.9169 293.1230 0001638  93.1825 266.9496 13.20770597148786
ONEWEB-0669             
1 55828U 23029AJ  26074.61446925  .00000056  00000+0  10521-3 0  9992
2 55828  87.9150 293.1325 0001121  74.8263 285.2995 13.20770672148794
ONEWEB-0670             
1 55829U 23029AK  26074.35905592 -.00000055  00000+0 -18234-3 0  9994
2 55829  87.8970 308.4748 0001357  94.4102 265.7182 13.14503738147109
ONEWEB-0671             
1 55830U 23029AL  26074.42976514  .00000021  00000+0  20279-4 0  9990
2 55830  87.9222 323.6617 0001684  87.3602 272.7723 13.19724416146533
ONEWEB-0672             
1 55831U 23029AM  26074.53397885  .00000040  00000+0  67476-4 0  9992
2 55831  87.9161 293.1358 0001694  76.5358 283.5964 13.20792016148787
ONEWEB-0673             
1 55832U 23029AN  26074.40685228  .00000136  00000+0  30620-3 0  9996
2 55832  87.9225 323.6516 0001643  84.2554 275.8766 13.19724597146534
ONEWEB-0674             
1 55833U 23029AP  26074.63181556  .00000226  00000+0  57639-3 0  9996
2 55833  87.8965 308.3978 0001288  94.2393 265.8884 13.14502535147121
ONEWEB-0675             
1 55834U 23029AQ  26074.64931930  .00000101  00000+0  21907-3 0  9998
2 55834  87.9218 323.6195 0001968  74.1862 285.9488 13.19724666146586
ONEWEB-0720             
1 55835U 23029AR  26074.41397721  .00000150  00000+0  34197-3 0  9997
2 55835  87.9222 323.6667 0001885  90.4830 269.6519 13.19725215146473
ONEWEB-0537             
1 56046U 23043A   26074.49033939  .00000048  00000+0  91838-4 0  9996
2 56046  87.9012 247.4038 0001666  88.6619 271.4703 13.16593448146633
ONEWEB-0538             
1 56047U 23043B   26074.56001076 -.00000031  00000+0 -11517-3 0  9991
2 56047  87.9011 247.3923 0001917  94.0212 266.1138 13.16594911146655
ONEWEB-0546             
1 56048U 23043C   26074.54732772 -.00000990  00000+0 -26221-2 0  9995
2 56048  87.9014 247.3929 0001653  72.0989 288.0322 13.16599565146646
ONEWEB-0547             
1 56049U 23043D   26074.53675667  .00000075  00000+0  14897-3 0  9993
2 56049  87.9164 262.6422 0001817  94.1874 265.9468 13.21824932145853
ONEWEB-0548             
1 56050U 23043E   26074.49589663 -.00000023  00000+0 -93176-4 0  9993
2 56050  87.9009 247.4022 0001281 108.9485 251.1784 13.16592974146634
ONEWEB-0549             
1 56051U 23043F   26074.52935054  .00000043  00000+0  72663-4 0  9995
2 56051  87.9160 262.6558 0001906  93.3345 266.8008 13.21826976145855
ONEWEB-0550             
1 56052U 23043G   26074.51618080  .00000120  00000+0  25930-3 0  9992
2 56052  87.9162 262.6541 0001583  93.6366 266.4949 13.21825506145855
ONEWEB-0551             
1 56053U 23043H   26074.52866487  .00000009  00000+0 -92453-5 0  9993
2 56053  87.8929 277.9280 0001983  91.4204 268.7154 13.15548971144084
ONEWEB-0552             
1 56054U 23043J   26074.51125225  .00000007  00000+0 -15285-4 0  9996
2 56054  87.9160 262.6631 0001788 100.6966 259.4370 13.21826175145850
ONEWEB-0553             
1 56055U 23043K   26074.47768067  .00000131  00000+0  30870-3 0  9992
2 56055  87.9010 247.4094 0001416  85.3322 274.7971 13.16593649146648
ONEWEB-0554             
1 56056U 23043L   26074.54100927  .00000081  00000+0  17766-3 0  9999
2 56056  87.9009 247.4067 0001388 102.8587 257.2699 13.16594221146632
ONEWEB-0555             
1 56057U 23043M   26074.50301384 -.00000015  00000+0 -73022-4 0  9993
2 56057  87.9012 247.3993 0001462  78.0893 282.0402 13.16594112146638
ONEWEB-0557             
1 56058U 23043N   26074.51726003  .00000017  00000+0  11593-4 0  9999
2 56058  87.9010 247.4082 0000404  86.1322 273.9855 13.16593775146634
ONEWEB-0558             
1 56059U 23043P   26074.50466200 -.00000044  00000+0 -13695-3 0  9995
2 56059  87.9164 262.6571 0002230  92.5549 267.5841 13.21826687145863
ONEWEB-0559             
1 56060U 23043Q   26074.56883849  .00000037  00000+0  57298-4 0  9993
2 56060  87.9164 262.6380 0001917  98.6359 261.4992 13.21824257145883
ONEWEB-0566             
1 56061U 23043R   26074.56225416  .00000085  00000+0  17333-3 0  9992
2 56061  87.9163 262.6384 0002008  96.7173 263.4190 13.21827520145868
ONEWEB-0568             
1 56062U 23043S   26074.53466848  .00000089  00000+0  19869-3 0  9996
2 56062  87.9011 247.3948 0001512  88.2907 271.8397 13.16596867146658
ONEWEB-0574             
1 56063U 23043T   26074.55568266  .00000076  00000+0  15325-3 0  9995
2 56063  87.9175 262.6333 0001513  95.0274 265.1032 13.21826137145903
ONEWEB-0575             
1 56064U 23043U   26074.52834180  .00000068  00000+0  14546-3 0  9999
2 56064  87.9005 247.3935 0001235  95.5437 264.5835 13.16594134146640
ONEWEB-0576             
1 56065U 23043V   26074.50934718 -.00000029  00000+0 -11053-3 0  9995
2 56065  87.9013 247.4011 0001421  96.1970 263.9323 13.16593747146635
ONEWEB-0577             
1 56066U 23043W   26074.51567813  .00000046  00000+0  87408-4 0  9990
2 56066  87.9010 247.3989 0000938 112.0875 248.0356 13.16594151146663
ONEWEB-0578             
1 56067U 23043X   26074.54250512  .00000086  00000+0  17567-3 0  9991
2 56067  87.9164 262.6419 0001634  83.8901 276.2419 13.21824306145869
ONEWEB-0579             
1 56068U 23043Y   26074.53263326  .00000072  00000+0  14367-3 0  9998
2 56068  87.9171 262.6346 0001819 101.0384 259.0955 13.21827207145878
ONEWEB-0581             
1 56069U 23043Z   26074.52201177  .00000073  00000+0  15766-3 0  9999
2 56069  87.9007 247.4091 0001145 108.6122 251.5133 13.16594581146630
ONEWEB-0609             
1 56070U 23043AA  26074.55719018  .00000155  00000+0  37677-3 0  9998
2 56070  87.8929 277.9104 0001722  89.1060 271.0267 13.15548410144128
ONEWEB-0613             
1 56071U 23043AB  26074.55243909  .00000175  00000+0  43153-3 0  9998
2 56071  87.8930 277.9218 0001885  98.1285 262.0059 13.15548639144128
ONEWEB-0630             
1 56072U 23043AC  26074.54768475  .00000120  00000+0  28538-3 0  9998
2 56072  87.8932 277.8928 0001809  96.9548 263.1788 13.15547970144119
ONEWEB-0632             
1 56073U 23043AD  26074.54293303  .00000085  00000+0  19120-3 0  9999
2 56073  87.8931 277.9114 0001476  94.2596 265.8703 13.15547579144112
ONEWEB-0633             
1 56074U 23043AE  26074.53659242  .00000030  00000+0  44629-4 0  9990
2 56074  87.8939 277.8807 0002078  94.8122 265.3246 13.15547853144098
ONEWEB-0634             
1 56075U 23043AF  26074.52231578 -.00000387  00000+0 -10632-2 0  9990
2 56075  87.8933 277.9316 0001862  81.2610 278.8731 13.15548137144084
ONEWEB-0635             
1 56076U 23043AG  26074.51757217 -.00000093  00000+0 -28173-3 0  9997
2 56076  87.8943 277.8868 0001378  94.4605 265.6682 13.15547795144111
ONEWEB-0636             
1 56077U 23043AH  26074.50965207  .00002013  00000+0  53121-2 0  9999
2 56077  87.8934 277.9020 0001306 100.3365 259.7913 13.15538431144099
ONEWEB-0637             
1 56078U 23043AJ  26074.50331522 -.00000013  00000+0 -69868-4 0  9994
2 56078  87.8934 277.9212 0001418  80.9864 279.1427 13.15548996144110
ONEWEB-0647             
1 56079U 23043AK  26074.57462048 -.00000011  00000+0 -62983-4 0  9999
2 56079  87.8932 277.9194 0001610  95.5437 264.5877 13.15548139144116
ONEWEB-0651             
1 56080U 23043AL  26074.56986637 -.00000029  00000+0 -11044-3 0  9995
2 56080  87.8932 277.9152 0001362  88.0237 272.1049 13.15548156145319
ONEWEB-0718             
1 56081U 23043AM  26074.56511190  .00000131  00000+0  31271-3 0  9990
2 56081  87.8932 277.8967 0002004  78.6346 281.5010 13.15549436144125
ONEWEB-0561             
1 56710U 23068A   26074.56238099  .00000182  00000+0  41592-3 0  9993
2 56710  87.9160 293.1383 0001337  99.7045 260.4239 13.20770397137140
ONEWEB-0668             
1 56711U 23068B   26074.49666612  .00000383  00000+0  96925-3 0  9995
2 56711  87.9024 247.3968 0001732  78.2016 281.9310 13.16600888139455
ONEWEB-0676             
1 56712U 23068C   26074.50459535  .00000035  00000+0  58867-4 0  9990
2 56712  87.9008 247.4066 0001372 102.1013 258.0272 13.16594864139371
ONEWEB-0677             
1 56713U 23068D   26074.55133964  .00000048  00000+0  87240-4 0  9992
2 56713  87.9161 293.1327 0001466  81.6690 278.4610 13.20773658137449
ONEWEB-0678             
1 56714U 23068E   26074.53342305  .00000043  00000+0  81348-4 0  9990
2 56714  87.8939 277.8859 0001756  99.7461 260.3868 13.15547675136973
ONEWEB-0679             
1 56715U 23068F   26074.53943034  .00000085  00000+0  18827-3 0  9994
2 56715  87.9019 247.3867 0001243  79.7150 280.4121 13.16594221139405
ONEWEB-0680             
1 56716U 23068G   26074.53593271  .00000113  00000+0  24201-3 0  9994
2 56716  87.9175 262.6352 0001616  73.7398 286.3914 13.21828241138727
ONEWEB-0681             
1 56717U 23068H   26074.51535908  .00000070  00000+0  13779-3 0  9996
2 56717  87.9162 262.6471 0000912 124.9623 235.1596 13.21826516138714
ONEWEB-0682             
1 56718U 23068J   26074.63507297  .00034202  00000+0  90027-1 0  9993
2 56718  87.8940 277.8708 0001901  67.6919 292.4413 13.15888740137150
ONEWEB-0683             
1 56719U 23068K   26074.50490172 -.00000094  00000+0 -28343-3 0  9991
2 56719  87.8941 277.8910 0001692  80.5234 279.6088 13.15547935137106
ONEWEB-0684             
1 56720U 23068L   26074.51282727 -.00000101  00000+0 -30186-3 0  9996
2 56720  87.8940 277.8817 0002877 105.6940 254.4508 13.15547241136930
ONEWEB-0686             
1 56721U 23068M   26074.49984068 -.00000024  00000+0 -97081-4 0  9993
2 56721  87.9000 247.4318 0001955  90.0916 270.0439 13.16594650139380
ONEWEB-0694             
1 56722U 23068N   26074.50618363  .00000012  00000+0 -35137-5 0  9999
2 56722  87.9018 247.3761 0001688  79.7947 280.3374 13.16594089139447
ONEWEB-0696             
1 56723U 23068P   26074.54608879  .00000080  00000+0  17874-3 0  9995
2 56723  87.8931 277.9203 0001965 103.1993 256.9357 13.15549329137053
ONEWEB-0703             
1 56724U 23068Q   26074.55560366  .00000122  00000+0  29040-3 0  9990
2 56724  87.8931 277.8994 0001875 122.7483 237.3828 13.15548180136948
ONEWEB-0721             
1 56725U 23068R   26074.54928001  .00000050  00000+0  86450-4 0  9993
2 56725  86.6748 115.4170 0001923  97.4250 262.7102 13.22462662145562
ONEWEB-0015             
1 61594U 24188A   26074.61703563 -.00002881  00000+0 -81701-2 0  9997
2 61594  87.8923  39.6941 0000809  51.9309 308.1892 13.11400621 72199
ONEWEB-0687             
1 61595U 24188B   26074.60148461  .00000011  00000+0 -49822-5 0  9990
2 61595  87.9148  24.4674 0001821  63.2814 296.8503 13.17648635 73577
ONEWEB-0688             
1 61596U 24188C   26074.40236053  .00000034  00000+0  54200-4 0  9993
2 61596  87.9150  24.5064 0000864  45.7794 314.3408 13.17649279 73545
ONEWEB-0689             
1 61597U 24188D   26074.42206254  .00000482  00000+0  13240-2 0  9990
2 61597  87.8890  39.6766 0002060  72.7712 287.3641 13.11417741 72168
ONEWEB-0690             
1 61598U 24188E   26074.43223964  .00000530  00000+0  14589-2 0  9990
2 61598  87.8880  39.6947 0001918 103.8043 256.3299 13.11415986 72347
ONEWEB-0691             
1 61599U 24188F   26074.42715342  .00000573  00000+0  15799-2 0  9997
2 61599  87.8888  39.5962 0001544  72.4147 287.7149 13.11417746 72194
ONEWEB-0692             
1 61600U 24188G   26074.60008476  .00000087  00000+0  20953-3 0  9992
2 61600  87.8867  39.6924 0002768  79.5261 280.6179 13.11415312 72201
ONEWEB-0693             
1 61601U 24188H   26074.56604017  .00000015  00000+0  65699-5 0  9990
2 61601  87.9149  24.4953 0001691 106.3115 253.8202 13.17648667 73556
ONEWEB-0695             
1 61602U 24188J   26074.42375742  .00000540  00000+0  14871-2 0  9992
2 61602  87.8871  39.7189 0002340  73.2073 286.9312 13.11418757 72170
ONEWEB-0697             
1 61603U 24188K   26074.60855769 -.00000280  00000+0 -82528-3 0  9993
2 61603  87.8868  39.6717 0002662  82.3278 277.8153 13.11415813 72181
ONEWEB-0698             
1 61604U 24188L   26074.43393533  .00000547  00000+0  15066-2 0  9997
2 61604  87.8868  39.7220 0002856 100.8240 259.3210 13.11415694 72188
ONEWEB-0699             
1 61605U 24188M   26074.44850982 -.00000049  00000+0 -17603-3 0  9994
2 61605  87.8793  54.9247 0002549  86.9004 273.2415 13.10376161 71034
ONEWEB-0700             
1 61606U 24188N   26074.45017026  .00000037  00000+0  69375-4 0  9999
2 61606  87.8805  54.8198 0002548  77.9299 282.2114 13.10376016 71022
ONEWEB-0701             
1 61607U 24188P   26074.46678140  .00000714  00000+0  20077-2 0  9997
2 61607  87.8789  54.9204 0002717  85.7537 274.3901 13.10373762 71035
ONEWEB-0702             
1 61608U 24188Q   26074.40338777 -.00000422  00000+0 -12253-2 0  9996
2 61608  87.8890  39.6170 0002879  76.9498 283.1951 13.11418352 72195
ONEWEB-0704             
1 61609U 24188R   26074.45515191  .00000319  00000+0  87642-3 0  9997
2 61609  87.8803  54.8995 0002813  77.5321 282.6121 13.10377264 71012
ONEWEB-0705             
1 61610U 24188S   26074.38378071  .00000557  00000+0  15579-2 0  9998
2 61610  87.8793  54.9266 0002333  55.7727 304.3621 13.10375686 63170
ONEWEB-0706             
1 61611U 24188T   26074.44518511 -.00000201  00000+0 -61345-3 0  9992
2 61611  87.8786  54.9262 0002404  74.2724 285.8668 13.10376112 71102
ONEWEB-0707             
1 61612U 24188U   26074.45183169  .00000130  00000+0  33634-3 0  9990
2 61612  87.8794  54.9126 0002390  76.5563 283.5831 13.10375954 71044
ONEWEB-0708             
1 61613U 24188V   26074.47009853  .00000816  00000+0  23014-2 0  9991
2 61613  87.8782  54.9362 0001759  66.0992 294.0319 13.10372536 71021
