ONEWEB-0012             
1 44057U 19010A   26069.91311028 -.00000031  00000+0 -11542-3 0  9990
2 44057  87.9002 248.3309 0001240 103.4177 256.7092 13.16593861338634
ONEWEB-0010             
1 44058U 19010B   26070.01444089  .00000101  00000+0  22969-3 0  9999
2 44058  87.9006 248.3059 0001949  99.6672 260.4679 13.16593353338698
ONEWEB-0008             
1 44059U 19010C   26070.03977550  .00000031  00000+0  47550-4 0  9992
2 44059  87.9006 248.2979 0001599  87.1521 272.9793 13.16593708338818
ONEWEB-0007             
1 44060U 19010D   26070.07296009 -.00000076  00000+0 -23563-3 0  9999
2 44060  87.8938 278.8140 0001607 102.2315 257.8995 13.15546730338472
ONEWEB-0006             
1 44061U 19010E   26070.07692989  .00000007  00000+0 -16559-4 0  9998
2 44061  87.8946 278.7678 0001733  96.5843 263.5485 13.15547322338520
ONEWEB-0011             
1 44062U 19010F   26070.04523377  .00000027  00000+0  36843-4 0  9999
2 44062  87.8951 278.7817 0001817  87.7981 272.3357 13.15547337338511
ONEWEB-0013             
1 45131U 20008A   26070.05819899  .00000421  00000+0  11841-2 0  9991
2 45131  87.8444  72.6327 0000844  91.5038 268.6186 13.09452724293222
ONEWEB-0017             
1 45132U 20008B   26070.03306174  .00000465  00000+0  12964-2 0  9992
2 45132  87.8772  55.8120 0002055  89.2794 270.8569 13.10370422295093
ONEWEB-0020             
1 45133U 20008C   26070.23225380 -.00000024  00000+0 -10411-3 0  9993
2 45133  87.8783  55.7632 0001817  85.3218 274.8117 13.10375865295512
ONEWEB-0021             
1 45134U 20008D   26070.01812473  .00000573  00000+0  16060-2 0  9997
2 45134  87.8775  55.8298 0001784  89.0555 271.0777 13.10373607295794
ONEWEB-0023             
1 45136U 20008F   26070.02890738  .00000583  00000+0  16336-2 0  9997
2 45136  87.8769  55.8074 0001660  85.3597 274.7720 13.10372089295228
ONEWEB-0024             
1 45137U 20008G   26069.92515559 -.00000110  00000+0 -35132-3 0  9994
2 45137  87.8785  55.8136 0001866  85.9430 274.1911 13.10375760295377
ONEWEB-0025             
1 45138U 20008H   26069.93235724  .00000327  00000+0  89405-3 0  9999
2 45138  87.8785  55.8035 0001504  90.1006 270.0294 13.10877566295709
ONEWEB-0026             
1 45139U 20008J   26069.96462942  .00000237  00000+0  63245-3 0  9991
2 45139  87.8872  40.5925 0002026  82.0645 278.0713 13.11417799298239
ONEWEB-0028             
1 45140U 20008K   26070.15027413  .00000112  00000+0  27908-3 0  9994
2 45140  87.8856  40.5642 0001185  82.2257 277.9006 13.11413251295773
ONEWEB-0032             
1 45141U 20008L   26069.95836949  .00001547  00000+0  43951-2 0  9991
2 45141  87.8771  55.8283 0001340  82.4729 277.6551 13.10364477295438
ONEWEB-0033             
1 45142U 20008M   26069.93344751 -.00000057  00000+0 -20040-3 0  9997
2 45142  87.8774  55.8425 0002252  87.7303 272.4082 13.10375691295341
ONEWEB-0035             
1 45143U 20008N   26070.19323918 -.00000021  00000+0 -96035-4 0  9999
2 45143  87.8768  55.7895 0001918  89.1612 270.9735 13.10368534295102
ONEWEB-0036             
1 45144U 20008P   26070.04108433  .00000014  00000+0  44681-5 0  9998
2 45144  87.8778  55.7918 0001602  84.5968 275.5341 13.09811898295516
ONEWEB-0038             
1 45145U 20008Q   26070.20382850  .00000464  00000+0  12726-2 0  9995
2 45145  87.8874  40.5456 0002337 129.2518 230.8817 13.11418344297489
ONEWEB-0039             
1 45146U 20008R   26069.93677622  .00000135  00000+0  35095-3 0  9998
2 45146  87.8782  55.8259 0001230  89.2927 270.8341 13.10373063295298
ONEWEB-0040             
1 45147U 20008S   26069.93014024  .00000201  00000+0  53897-3 0  9994
2 45147  87.8776  55.8429 0001787  89.4168 270.7164 13.10376343294999
ONEWEB-0043             
1 45149U 20008U   26069.93179598  .00000234  00000+0  63480-3 0  9999
2 45149  87.8782  55.8257 0001275  83.9077 276.2195 13.10375057295310
ONEWEB-0044             
1 45150U 20008V   26070.03637706  .00000284  00000+0  77644-3 0  9996
2 45150  87.8778  55.8007 0001665  88.9645 271.1673 13.10369409295622
ONEWEB-0045             
1 45151U 20008W   26069.96971852  .00000259  00000+0  69631-3 0  9999
2 45151  87.8872  40.5787 0001727  86.7572 273.3754 13.11417327297538
ONEWEB-0047             
1 45152U 20008X   26070.02974208  .00000577  00000+0  16174-2 0  9993
2 45152  87.8772  55.8047 0001980  90.2051 269.9303 13.10370321295348
ONEWEB-0048             
1 45153U 20008Y   26070.02476397  .00000652  00000+0  18313-2 0  9991
2 45153  87.8770  55.8329 0001890  87.9418 272.1926 13.10370858294958
ONEWEB-0049             
1 45154U 20008Z   26070.02794338  .00000649  00000+0  18240-2 0  9995
2 45154  87.8769  55.8201 0001758  71.3848 288.7470 13.10370793295173
ONEWEB-0051             
1 45155U 20008AA  26070.19691161  .00000315  00000+0  85174-3 0  9995
2 45155  87.8870  40.5469 0001836  83.0479 277.0857 13.11418275298241
ONEWEB-0052             
1 45156U 20008AB  26070.02937916  .00000629  00000+0  17773-2 0  9996
2 45156  87.8779  55.7927 0001687  72.0658 288.0653 13.09872481295083
ONEWEB-0053             
1 45157U 20008AC  26070.23390973  .00000039  00000+0  76219-4 0  9993
2 45157  87.8774  55.7883 0001372  77.7154 282.4127 13.10376122295081
ONEWEB-0054             
1 45158U 20008AD  26070.03969629  .00000119  00000+0  30328-3 0  9991
2 45158  87.8775  55.8015 0001860  84.4002 275.7337 13.10369729295173
ONEWEB-0056             
1 45159U 20008AE  26070.02061595  .00000642  00000+0  18039-2 0  9991
2 45159  87.8780  55.8055 0001905  79.5111 280.6231 13.10372919295320
ONEWEB-0057             
1 45160U 20008AF  26069.95187697  .00000586  00000+0  16436-2 0  9991
2 45160  87.8772  55.8286 0001518  81.6301 278.4998 13.10374445295482
ONEWEB-0058             
1 45161U 20008AG  26070.01494554  .00000542  00000+0  15176-2 0  9996
2 45161  87.8775  55.8251 0002014  91.1986 268.9372 13.10375170295560
ONEWEB-0059             
1 45162U 20008AH  26069.93509296 -.00002033  00000+0 -58588-2 0  9999
2 45162  87.8778  55.8416 0001891  89.3067 270.8277 13.10388887295451
ONEWEB-0062             
1 45163U 20008AJ  26070.18992178  .00000244  00000+0  66353-3 0  9994
2 45163  87.8778  55.7734 0002206  93.5433 266.5946 13.10370525295353
ONEWEB-0065             
1 45164U 20008AK  26070.22047598 -.00000560  00000+0 -16394-2 0  9999
2 45164  87.8773  55.7763 0001682  74.4661 285.6652 13.10374360295053
ONEWEB-0066             
1 45424U 20020A   26070.18164551 -.00000345  00000+0 -10086-2 0  9999
2 45424  87.8874  40.5517 0001741  86.8811 273.2517 13.11417805289838
ONEWEB-0067             
1 45425U 20020B   26070.14280343  .00000375  00000+0  10232-2 0  9998
2 45425  87.8878  40.4687 0001620  80.7040 279.4271 13.11414472289880
ONEWEB-0080             
1 45426U 20020C   26070.15196987  .00000098  00000+0  23979-3 0  9995
2 45426  87.8866  40.5549 0002165  88.8886 271.2490 13.11413070289851
ONEWEB-0090             
1 45427U 20020D   26070.17160889 -.00000545  00000+0 -15728-2 0  9991
2 45427  87.8869  40.5521 0001881  83.5135 276.6207 13.11415739289824
ONEWEB-0061             
1 45428U 20020E   26069.97466659  .00000520  00000+0  14316-2 0  9995
2 45428  87.8873  40.5768 0001841  84.8920 275.2417 13.11418846289757
ONEWEB-0081             
1 45429U 20020F   26070.18503384 -.00000193  00000+0 -58045-3 0  9994
2 45429  87.8870  40.5506 0001630  83.8907 276.2406 13.11417301289894
ONEWEB-0069             
1 45430U 20020G   26069.94511861 -.00000488  00000+0 -14125-2 0  9994
2 45430  87.8867  40.5931 0001771  83.5390 276.5939 13.11418306289792
ONEWEB-0031             
1 45431U 20020H   26070.14605288  .00000373  00000+0  10160-2 0  9992
2 45431  87.8858  40.5707 0002011  85.1622 274.9735 13.11414841289806
ONEWEB-0027             
1 45432U 20020J   26069.89261394  .00000022  00000+0  23501-4 0  9995
2 45432  87.9163  25.3609 0002217  77.5608 282.5772 13.17647652293418
ONEWEB-0064             
1 45433U 20020K   26070.14436066  .00000347  00000+0  94388-3 0  9996
2 45433  87.8860  40.5614 0002011  83.6987 276.4370 13.11414584289834
ONEWEB-0018             
1 45434U 20020L   26070.17655486 -.00000468  00000+0 -13552-2 0  9998
2 45434  87.8870  40.5524 0001798  88.1074 272.0260 13.11417690289789
ONEWEB-0083             
1 45435U 20020M   26069.93834458 -.00000522  00000+0 -15076-2 0  9993
2 45435  87.8872  40.5874 0001873  84.2531 275.8810 13.11415372289797
ONEWEB-0095             
1 45436U 20020N   26069.92915046 -.00000266  00000+0 -78585-3 0  9996
2 45436  87.8869  40.5980 0002156  62.5039 297.6308 13.11415271289791
ONEWEB-0092             
1 45437U 20020P   26070.20624499  .00000532  00000+0  14660-2 0  9996
2 45437  87.8870  40.5431 0001740  71.8632 288.2686 13.11418356289944
ONEWEB-0085             
1 45438U 20020Q   26069.93749407 -.00000474  00000+0 -13721-2 0  9996
2 45438  87.8866  40.6004 0001802  82.5961 277.5371 13.11415299289798
ONEWEB-0096             
1 45439U 20020R   26069.93919111 -.00000492  00000+0 -14244-2 0  9999
2 45439  87.8871  40.5884 0001740  83.6935 276.4391 13.11415559289782
ONEWEB-0037             
1 45440U 20020S   26069.91970490  .00000131  00000+0  33351-3 0  9995
2 45440  87.8877  40.5682 0001822  80.7063 279.4271 13.11414226289811
ONEWEB-0042             
1 45441U 20020T   26070.15777020 -.00000254  00000+0 -75119-3 0  9994
2 45441  87.8868  40.5426 0001722  82.4390 277.6934 13.11414334289815
ONEWEB-0098             
1 45442U 20020U   26069.92478573 -.00000056  00000+0 -19399-3 0  9997
2 45442  87.8865  40.6000 0001890  84.1187 276.0157 13.11413884289764
ONEWEB-0055             
1 45443U 20020V   26069.90784198  .00000548  00000+0  15108-2 0  9996
2 45443  87.8869  40.6031 0001873  86.3605 273.7737 13.11415955289739
ONEWEB-0093             
1 45444U 20020W   26069.95968303 -.00000021  00000+0 -95743-4 0  9997
2 45444  87.8871  40.5827 0001393  80.0190 280.1095 13.11417497289802
ONEWEB-0029             
1 45445U 20020X   26069.97565982  .00000460  00000+0  12632-2 0  9995
2 45445  87.8870  40.5909 0001697  86.3483 273.7839 13.11417463289788
ONEWEB-0068             
1 45446U 20020Y   26069.95940387 -.00000049  00000+0 -17486-3 0  9998
2 45446  87.8873  40.5855 0001674  85.9926 274.1393 13.11417676289724
ONEWEB-0046             
1 45447U 20020Z   26069.95105659 -.00000339  00000+0 -99266-3 0  9992
2 45447  87.8872  40.5939 0001662  78.2813 281.8501 13.11417703289732
ONEWEB-0063             
1 45448U 20020AA  26069.97989431  .00000537  00000+0  14787-2 0  9995
2 45448  87.8875  40.5859 0001768  74.7303 285.4021 13.11416724289828
ONEWEB-0019             
1 45449U 20020AB  26069.94243882 -.00000442  00000+0 -12829-2 0  9998
2 45449  87.8862  40.5873 0002028  85.2938 274.8421 13.11416394289663
ONEWEB-0094             
1 45450U 20020AC  26069.94152713  .00000019  00000+0  16978-4 0  9991
2 45450  87.9164  25.3480 0001795  86.4020 273.7317 13.17647203293377
ONEWEB-0087             
1 45451U 20020AD  26070.14252326  .00000331  00000+0  89821-3 0  9990
2 45451  87.8879  40.5198 0001607  90.8429 269.2883 13.11413927289730
ONEWEB-0082             
1 45452U 20020AE  26069.91037578  .00000465  00000+0  12748-2 0  9995
2 45452  87.8877  40.5902 0001657  88.5396 271.5922 13.11415559289793
ONEWEB-0050             
1 45453U 20020AF  26070.03421148  .00002269  00000+0  23319-3 0  9992
2 45453  88.9204 246.5707 0002800  16.3028 343.8291 14.90009575325768
ONEWEB-0034             
1 45454U 20020AG  26070.16045806 -.00000276  00000+0 -81346-3 0  9992
2 45454  87.8871  40.5451 0001833  84.0261 276.1075 13.11413905289744
ONEWEB-0060             
1 45455U 20020AH  26069.97903794  .00000508  00000+0  13981-2 0  9994
2 45455  87.8865  40.5918 0001371 116.2794 243.8475 13.11417447289674
ONEWEB-0086             
1 45456U 20020AJ  26070.18673304 -.00000180  00000+0 -54240-3 0  9993
2 45456  87.8873  40.5385 0002060 104.3025 255.8331 13.11417698289765
ONEWEB-0088             
1 45457U 20020AK  26070.16469129 -.00000406  00000+0 -11808-2 0  9993
2 45457  87.8881  40.5074 0001656  77.2452 282.8861 13.11415046289697
ONEWEB-0102             
1 47258U 20100A   26069.86425797 -.00000320  00000+0 -92366-3 0  9995
2 47258  87.8997  10.1964 0001881  87.0029 273.1315 13.12443620251838
ONEWEB-0109             
1 47259U 20100B   26070.10144494 -.00000167  00000+0 -49818-3 0  9990
2 47259  87.9008  10.1239 0001946  80.2189 279.9159 13.12442715251690
ONEWEB-0110             
1 47260U 20100C   26070.12854330  .00000421  00000+0  11353-2 0  9994
2 47260  87.9006  10.1032 0001757  88.0723 272.0606 13.12444153251869
ONEWEB-0111             
1 47261U 20100D   26069.85409296 -.00000373  00000+0 -10715-2 0  9999
2 47261  87.9006  10.1760 0001675  81.4432 278.6887 13.12442259251667
ONEWEB-0114             
1 47262U 20100E   26070.18954348  .00000221  00000+0  57803-3 0  9991
2 47262  87.9010  10.1051 0001982  73.4938 286.6408 13.12443107251660
ONEWEB-0117             
1 47263U 20100F   26070.10482802 -.00000111  00000+0 -34503-3 0  9997
2 47263  87.9005  10.1160 0001795  79.6815 280.4516 13.12443524251665
ONEWEB-0118             
1 47264U 20100G   26070.06248029  .00000217  00000+0  56782-3 0  9992
2 47264  87.9004  10.1269 0001889  69.4460 290.6871 13.12440996251850
ONEWEB-0119             
1 47265U 20100H   26069.85917696 -.00000421  00000+0 -12051-2 0  9990
2 47265  87.8995  10.1927 0001822  79.0323 281.1010 13.12442695251805
ONEWEB-0120             
1 47266U 20100J   26070.18798428  .00000070  00000+0  15813-3 0  9997
2 47266  87.8996  10.1282 0001876  78.1042 282.0297 13.12442776251872
ONEWEB-0121             
1 47267U 20100K   26069.87103409 -.00000214  00000+0 -63069-3 0  9999
2 47267  87.9006  10.1676 0001705  85.4646 274.6677 13.12443425251742
ONEWEB-0122             
1 47268U 20100L   26070.09380447 -.00000370  00000+0 -10638-2 0  9991
2 47268  87.9008  10.1257 0001930  82.0436 278.0911 13.12446264251686
ONEWEB-0123             
1 47269U 20100M   26070.08957954 -.00000401  00000+0 -11514-2 0  9993
2 47269  87.8995  10.1457 0001771  75.4788 284.6537 13.12442949251821
ONEWEB-0124             
1 47270U 20100N   26069.85070211 -.00000298  00000+0 -86260-3 0  9995
2 47270  87.8996  10.1978 0001671  81.4827 278.6491 13.12442085251678
ONEWEB-0125             
1 47271U 20100P   26070.05739189  .00000444  00000+0  11991-2 0  9995
2 47271  87.9011  10.1281 0001472  73.9749 286.1541 13.12443868251763
ONEWEB-0126             
1 47272U 20100Q   26069.84914672 -.00000304  00000+0 -88146-3 0  9997
2 47272  87.8999  10.1922 0001919  77.5258 282.6085 13.12441734251800
ONEWEB-0127             
1 47273U 20100R   26070.19632461  .00000366  00000+0  98200-3 0  9999
2 47273  87.8995  10.1267 0001940  79.5777 280.5570 13.12442004251875
ONEWEB-0128             
1 47274U 20100S   26069.83715802  .00000080  00000+0  18665-3 0  9990
2 47274  87.8994  10.2120 0001774  90.8441 269.2891 13.12441721251845
ONEWEB-0129             
1 47275U 20100T   26070.12178494  .00000362  00000+0  97047-3 0  9999
2 47275  87.9001  10.1195 0002926  74.5927 285.5524 13.12442750251819
ONEWEB-0130             
1 47276U 20100U   26070.07264313 -.00000122  00000+0 -37524-3 0  9990
2 47276  87.9006  10.1232 0001896  81.7330 278.4013 13.12441240251772
ONEWEB-0131             
1 47277U 20100V   26069.84053969 -.00000037  00000+0 -13725-3 0  9999
2 47277  87.8993  10.1984 0001826  84.1074 276.0262 13.12441077251785
ONEWEB-0132             
1 47278U 20100W   26070.09805059 -.00000151  00000+0 -45595-3 0  9991
2 47278  87.8998  10.1465 0001782  80.9771 279.1560 13.12443885251711
ONEWEB-0133             
1 47279U 20100X   26070.19110071  .00000199  00000+0  51835-3 0  9990
2 47279  87.9011  10.0927 0001744  84.8247 275.3080 13.12442442251881
ONEWEB-0134             
1 47280U 20100Y   26070.08449979 -.00000429  00000+0 -12270-2 0  9999
2 47280  87.9010  10.1109 0001999  85.5462 274.5894 13.12441879251847
ONEWEB-0135             
1 47281U 20100Z   26070.05569657  .00000406  00000+0  10938-2 0  9995
2 47281  87.8997  10.1522 0001964  88.7151 271.4202 13.12441737251866
ONEWEB-0136             
1 47282U 20100AA  26069.84563682 -.00000244  00000+0 -71429-3 0  9998
2 47282  87.9004  10.1670 0002069  88.4838 271.6528 13.12444100251766
ONEWEB-0137             
1 47283U 20100AB  26070.10820088  .00000066  00000+0  14685-3 0  9997
2 47283  87.9009  10.1205 0001750  74.3156 285.8166 13.12442776251705
ONEWEB-0138             
1 47284U 20100AC  26070.08619162 -.00000393  00000+0 -11279-2 0  9994
2 47284  87.9005  10.1340 0002001  81.8288 278.3067 13.12442949251788
ONEWEB-0139             
1 47285U 20100AD  26070.12700440  .00000383  00000+0  10285-2 0  9993
2 47285  87.9005  10.1136 0001814  79.4035 280.7298 13.12443934251863
ONEWEB-0140             
1 47286U 20100AE  26070.08110877 -.00000369  00000+0 -10612-2 0  9998
2 47286  87.9007  10.1110 0001711  84.8129 275.3195 13.12441685251821
ONEWEB-0141             
1 47287U 20100AF  26069.89800976  .00000444  00000+0  11988-2 0  9991
2 47287  87.9006  10.1536 0001797  68.4793 291.6527 13.12442997251784
ONEWEB-0142             
1 47288U 20100AG  26070.19137811  .00000238  00000+0  62675-3 0  9999
2 47288  87.9006  10.1200 0002072  70.7159 289.4193 13.12444642251819
ONEWEB-0143             
1 47289U 20100AH  26070.12516376  .00000433  00000+0  11677-2 0  9992
2 47289  87.9006  10.1294 0001772  76.4997 283.6329 13.12442829251780
ONEWEB-0144             
1 47290U 20100AJ  26070.09634306 -.00000283  00000+0 -82097-3 0  9994
2 47290  87.9008  10.1049 0002148  78.8993 281.2377 13.12441826251707
ONEWEB-0145             
1 47291U 20100AK  26069.83885040 -.00000064  00000+0 -21197-3 0  9999
2 47291  87.9002  10.1943 0001887  80.7258 279.4084 13.12441446251869
ONEWEB-0146             
1 47292U 20100AL  26069.83544501  .00000089  00000+0  21199-3 0  9991
2 47292  87.9007  10.1797 0001505  82.6610 277.4690 13.12440896251771
ONEWEB-0147             
1 47293U 20100AM  26069.87781573  .00000103  00000+0  25019-3 0  9990
2 47293  87.9006  10.1516 0001952  86.2270 273.9081 13.12444165251675
ONEWEB-0115             
1 48042U 21025A   26070.13515110  .00000091  00000+0  21374-3 0  9999
2 48042  87.9046 339.7246 0001647  78.5565 281.5749 13.13469842240724
ONEWEB-0152             
1 48043U 21025B   26070.14868938 -.00000194  00000+0 -56576-3 0  9998
2 48043  87.9037 339.7232 0001596  80.2176 279.9133 13.13469724240683
ONEWEB-0153             
1 48044U 21025C   26069.82198172  .00000216  00000+0  55783-3 0  9990
2 48044  87.9040 339.7927 0001771  74.7344 285.3981 13.13469012240636
ONEWEB-0154             
1 48045U 21025D   26069.74241011  .00000270  00000+0  70351-3 0  9991
2 48045  87.9035 339.8070 0001707  82.8245 277.3078 13.13471020240584
ONEWEB-0116             
1 48046U 21025E   26070.16223212 -.00000213  00000+0 -61724-3 0  9996
2 48046  87.9042 339.7116 0001605  80.9157 279.2154 13.13470550240786
ONEWEB-0150             
1 48047U 21025F   26070.13853552  .00000004  00000+0 -22584-4 0  9999
2 48047  87.9046 339.7136 0001641  72.1191 288.0117 13.13469735240672
ONEWEB-0107             
1 48048U 21025G   26070.14022921 -.00000010  00000+0 -63072-4 0  9994
2 48048  87.9045 339.7088 0001960  73.8135 286.3210 13.13469255240658
ONEWEB-0101             
1 48049U 21025H   26070.17916972  .00000157  00000+0  39453-3 0  9991
2 48049  87.9035 339.7264 0001865  80.7684 279.3656 13.13470837240636
ONEWEB-0113             
1 48050U 21025J   26070.16127874 -.00000131  00000+0 -39003-3 0  9992
2 48050  87.9042 339.6497 0001389  85.4336 274.6952 13.13951154240734
ONEWEB-0112             
1 48051U 21025K   26070.14530490 -.00000104  00000+0 -32009-3 0  9992
2 48051  87.9045 339.7053 0001956  80.3041 279.8309 13.13470370240722
ONEWEB-0156             
1 48052U 21025L   26070.15376917 -.00000267  00000+0 -76628-3 0  9991
2 48052  87.9045 339.7148 0001784  76.8915 283.2413 13.13469919240707
ONEWEB-0161             
1 48053U 21025M   26069.97602958  .00000180  00000+0  45886-3 0  9991
2 48053  87.9035 339.7589 0001834  74.1545 285.9786 13.13469355240618
ONEWEB-0158             
1 48054U 21025N   26070.16392743 -.00000219  00000+0 -63456-3 0  9991
2 48054  87.9045 339.7126 0001609  88.8989 271.2324 13.13470855240760
ONEWEB-0157             
1 48055U 21025P   26070.18932596  .00000381  00000+0  10078-2 0  9999
2 48055  87.9043 339.7124 0002106  74.2298 285.9063 13.13470588240701
ONEWEB-0162             
1 48056U 21025Q   26070.16547229 -.00000157  00000+0 -46563-3 0  9995
2 48056  87.9042 339.7213 0001685  73.6944 286.4370 13.13471963240673
ONEWEB-0155             
1 48057U 21025R   26070.17239467  .00000043  00000+0  82252-4 0  9997
2 48057  87.9034 339.7186 0001909  79.7091 280.4253 13.13470584240811
ONEWEB-0149             
1 48058U 21025S   26070.19440203  .00000348  00000+0  91853-3 0  9996
2 48058  87.9042 339.7113 0001656  70.1056 290.0251 13.13470765240621
ONEWEB-0148             
1 48059U 21025T   26070.15714772 -.00000240  00000+0 -69329-3 0  9994
2 48059  87.9036 339.7333 0001782  57.7269 302.4033 13.13472142240746
ONEWEB-0160             
1 48060U 21025U   26070.17408054  .00000075  00000+0  17021-3 0  9997
2 48060  87.9030 339.7260 0001138  99.1953 260.9305 13.13471527240696
ONEWEB-0163             
1 48061U 21025V   26070.15884890 -.00000261  00000+0 -74875-3 0  9991
2 48061  87.9039 339.7215 0002002  77.0121 283.1232 13.13470880240810
ONEWEB-0159             
1 48062U 21025W   26070.15038170 -.00000192  00000+0 -56172-3 0  9997
2 48062  87.9047 339.7097 0001873  74.2676 285.8660 13.13469674240731
ONEWEB-0164             
1 48063U 21025X   26070.13176490  .00000233  00000+0  60368-3 0  9990
2 48063  87.9046 339.7203 0001678  80.1938 279.9381 13.13470122240712
ONEWEB-0167             
1 48064U 21025Y   26070.15970799 -.00000223  00000+0 -64477-3 0  9993
2 48064  87.9037 339.7338 0002344  89.8477 270.2921 13.13471663240701
ONEWEB-0166             
1 48065U 21025Z   26070.18254994  .00000158  00000+0  39708-3 0  9993
2 48065  87.9040 339.6913 0001777  73.9293 286.2031 13.13470465240789
ONEWEB-0151             
1 48066U 21025AA  26070.18425017  .00000255  00000+0  66364-3 0  9996
2 48066  87.9037 339.7170 0001817  82.8204 277.3131 13.13470166240722
ONEWEB-0170             
1 48067U 21025AB  26070.19270858  .00000357  00000+0  94373-3 0  9993
2 48067  87.9035 339.7174 0001693  95.8016 264.3306 13.13470172240684
ONEWEB-0168             
1 48068U 21025AC  26070.17746942  .00000133  00000+0  32871-3 0  9991
2 48068  87.9044 339.7117 0001885  75.2831 284.8507 13.13471547240690
ONEWEB-0173             
1 48069U 21025AD  26070.16900809 -.00000070  00000+0 -22701-3 0  9998
2 48069  87.9043 339.7205 0002111  77.9751 282.1615 13.13471734240937
ONEWEB-0171             
1 48070U 21025AE  26070.13006314  .00000288  00000+0  75318-3 0  9996
2 48070  87.9034 339.7406 0001768  83.5064 276.6267 13.13469433240742
ONEWEB-0172             
1 48071U 21025AF  26070.18593904  .00000326  00000+0  85745-3 0  9996
2 48071  87.9033 339.7161 0001860  80.8410 279.2930 13.13470741241648
ONEWEB-0174             
1 48072U 21025AG  26070.16731342 -.00000076  00000+0 -24279-3 0  9994
2 48072  87.9034 339.7212 0001791  73.1875 286.9450 13.13470597240965
ONEWEB-0175             
1 48073U 21025AH  26070.19779162  .00000391  00000+0  10370-2 0  9994
2 48073  87.9043 339.6911 0001858  87.9803 272.1539 13.13470466240622
ONEWEB-0177             
1 48074U 21025AJ  26070.13345538  .00000120  00000+0  29334-3 0  9996
2 48074  87.9045 339.7248 0001861  73.1505 286.9828 13.13469808240801
ONEWEB-0178             
1 48075U 21025AK  26070.15221556 -.00000250  00000+0 -71969-3 0  9999
2 48075  87.9025 339.7482 0001957  82.7536 277.3816 13.13470555240853
ONEWEB-0108             
1 48076U 21025AL  26070.18762801  .00000337  00000+0  88840-3 0  9996
2 48076  87.9042 339.7020 0001491  74.5461 285.5832 13.13470564240781
ONEWEB-0169             
1 48077U 21025AM  26070.14360818 -.00000063  00000+0 -20686-3 0  9997
2 48077  87.9035 339.7271 0001558  73.3053 286.8247 13.13469803239438
ONEWEB-0176             
1 48210U 21031A   26070.13928257 -.00000156  00000+0 -45645-3 0  9994
2 48210  87.8987 309.2644 0001706  82.9217 277.2107 13.14502405235433
ONEWEB-0184             
1 48211U 21031B   26070.18844055  .00000291  00000+0  75163-3 0  9999
2 48211  87.8996 309.2457 0002237  99.0936 261.0447 13.14503331235418
ONEWEB-0179             
1 48212U 21031C   26070.15910272 -.00000116  00000+0 -34849-3 0  9996
2 48212  87.8984 309.2535 0001753  72.3049 287.8272 13.14503314235451
ONEWEB-0180             
1 48213U 21031D   26070.19161384  .00000218  00000+0  55256-3 0  9999
2 48213  87.8990 309.2482 0001960  81.8986 278.2366 13.14502834235347
ONEWEB-0218             
1 48214U 21031E   26070.13769980 -.00000043  00000+0 -14973-3 0  9999
2 48214  87.8987 309.2580 0002460  93.4063 266.7348 13.14502597235498
ONEWEB-0209             
1 48215U 21031F   26070.12659373  .00000061  00000+0  13083-3 0  9992
2 48215  87.8978 309.2870 0001796  77.4717 282.6613 13.14502214235498
ONEWEB-0198             
1 48216U 21031G   26070.18699449  .00000299  00000+0  77147-3 0  9991
2 48216  87.8980 309.2743 0002057  81.1711 278.9651 13.14503018235615
ONEWEB-0189             
1 48217U 21031H   26070.04730708  .00000178  00000+0  44595-3 0  9998
2 48217  87.8986 309.2790 0001990  82.5908 277.5448 13.14502407235331
ONEWEB-0196             
1 48218U 21031J   26070.17733833  .00000222  00000+0  56303-3 0  9995
2 48218  87.8986 309.2638 0001734  80.6316 279.5010 13.14503914235354
ONEWEB-0183             
1 48219U 21031K   26070.15196400 -.00000152  00000+0 -44524-3 0  9993
2 48219  87.8985 309.2691 0001555  74.4210 285.7091 13.14502588235442
ONEWEB-0185             
1 48220U 21031L   26070.17812801  .00000229  00000+0  58207-3 0  9993
2 48220  87.8982 309.2497 0001750  68.7312 291.4005 13.14502047235372
ONEWEB-0187             
1 48221U 21031M   26070.15817038 -.00000128  00000+0 -38016-3 0  9995
2 48221  87.8972 309.2855 0001877  75.6727 284.4610 13.14502513235380
ONEWEB-0192             
1 48222U 21031N   26070.05206068  .00000089  00000+0  20592-3 0  9994
2 48222  87.8974 309.2954 0001710  83.4860 276.6464 13.14502454235287
ONEWEB-0219             
1 48223U 21031P   26070.18368178  .00000209  00000+0  52815-3 0  9997
2 48223  87.8983 309.2548 0001794  73.7107 286.4220 13.14503270235506
ONEWEB-0202             
1 48224U 21031Q   26070.16464319 -.00000004  00000+0 -44250-4 0  9990
2 48224  87.8979 309.2668 0002269  91.2784 268.8606 13.14506185235486
ONEWEB-0204             
1 48225U 21031R   26070.19874261  .00000171  00000+0  42736-3 0  9994
2 48225  87.8985 309.2543 0001471  72.7769 287.3521 13.14504005235387
ONEWEB-0205             
1 48226U 21031S   26070.17416729  .00000163  00000+0  40557-3 0  9994
2 48226  87.8981 309.2515 0001726  77.2096 282.9227 13.14503700235395
ONEWEB-0206             
1 48227U 21031T   26070.14720685 -.00000104  00000+0 -31458-3 0  9998
2 48227  87.8991 309.2568 0001549  89.8863 270.2444 13.14503511235345
ONEWEB-0182             
1 48228U 21031U   26070.14245043 -.00000134  00000+0 -39714-3 0  9995
2 48228  87.8981 309.2705 0001490  75.7125 284.4170 13.14502387235554
ONEWEB-0186             
1 48229U 21031V   26070.15355255 -.00000163  00000+0 -47509-3 0  9997
2 48229  87.8988 309.2556 0001728  79.7427 280.3898 13.14503317235500
ONEWEB-0181             
1 48230U 21031W   26070.13135163  .00000042  00000+0  79015-4 0  9993
2 48230  87.8975 309.3016 0001833  85.7492 274.3847 13.14502297235352
ONEWEB-0188             
1 48231U 21031X   26070.16941082  .00000037  00000+0  64572-4 0  9998
2 48231  87.8978 309.2913 0001606  82.7714 277.3598 13.14503384235267
ONEWEB-0220             
1 48232U 21031Y   26070.13293730 -.00000026  00000+0 -10515-3 0  9993
2 48232  87.8989 309.2588 0001741  75.4721 284.6602 13.14502307235525
ONEWEB-0165             
1 48233U 21031Z   26070.16147932 -.00000001  00000+0 -36260-4 0  9998
2 48233  87.8982 309.2700 0001958  83.7750 276.3603 13.14503045235483
ONEWEB-0199             
1 48234U 21031AA  26070.14561887 -.00000181  00000+0 -52289-3 0  9993
2 48234  87.8985 309.2546 0001529  84.4424 275.6880 13.14502515235384
ONEWEB-0203             
1 48235U 21031AB  26070.13610410 -.00000056  00000+0 -18556-3 0  9990
2 48235  87.8997 309.2567 0001665  87.2388 272.8932 13.14503640235390
ONEWEB-0197             
1 48236U 21031AC  26070.18671814  .00000237  00000+0  60402-3 0  9997
2 48236  87.8982 309.2454 0001425  70.8667 289.2616 13.14502868235316
ONEWEB-0194             
1 48237U 21031AD  26070.16624144  .00000012  00000+0 -21402-5 0  9991
2 48237  87.8982 309.2669 0001533  88.9769 271.1536 13.14503152235484
ONEWEB-0193             
1 48238U 21031AE  26070.18209607  .00000220  00000+0  55793-3 0  9995
2 48238  87.8983 309.2555 0001368  96.4427 263.6859 13.14503508235435
ONEWEB-0191             
1 48239U 21031AF  26070.19319749  .00000211  00000+0  53459-3 0  9993
2 48239  87.8986 309.2491 0001562  80.5597 279.5710 13.14503071235297
ONEWEB-0195             
1 48240U 21031AG  26070.17020424  .00000069  00000+0  15261-3 0  9992
2 48240  87.8981 309.2502 0002026  81.4234 278.7125 13.14503304235279
ONEWEB-0201             
1 48241U 21031AH  26070.15842087 -.00000185  00000+0 -53224-3 0  9990
2 48241  87.8973 309.2811 0001730  67.2509 292.8803 13.14502224235508
ONEWEB-0207             
1 48242U 21031AJ  26070.13849071 -.00000087  00000+0 -26884-3 0  9992
2 48242  87.8987 309.2569 0001637  70.5691 289.5616 13.14504482235412
ONEWEB-0208             
1 48243U 21031AK  26070.19636624  .00000145  00000+0  35581-3 0  9994
2 48243  87.8985 309.2582 0001926  82.4476 277.6872 13.14503177235434
ONEWEB-0200             
1 48244U 21031AL  26070.15989527 -.00000036  00000+0 -13229-3 0  9990
2 48244  87.8980 309.2543 0001758  79.3045 280.8282 13.14502824235357
ONEWEB-0217             
1 48245U 21031AM  26070.17575663  .00000177  00000+0  44196-3 0  9996
2 48245  87.8987 309.2506 0001969  82.5294 277.6060 13.14503424235300
ONEWEB-0211             
1 48767U 21045A   26070.04878357  .00000083  00000+0  18510-3 0  9999
2 48767  87.8939 278.6971 0002066  95.4589 264.6777 13.16144252231534
ONEWEB-0223             
1 48768U 21045B   26070.07931462  .00000015  00000+0  61838-5 0  9998
2 48768  87.8944 278.7736 0001895  99.2799 260.8546 13.15548174231504
ONEWEB-0230             
1 48769U 21045C   26070.05079384  .00000035  00000+0  57694-4 0  9999
2 48769  87.8936 278.8016 0001481  88.3869 271.7431 13.15548317231767
ONEWEB-0237             
1 48770U 21045D   26070.03969961  .00000202  00000+0  50320-3 0  9992
2 48770  87.8936 278.8058 0001681 100.4876 259.6443 13.15547721231486
ONEWEB-0235             
1 48771U 21045E   26070.01434718  .00000142  00000+0  34185-3 0  9992
2 48771  87.8944 278.7868 0001847 102.2604 257.8734 13.15548304231477
ONEWEB-0242             
1 48772U 21045F   26070.08406419  .00000096  00000+0  22184-3 0  9991
2 48772  87.8944 278.7688 0001557  96.6750 263.4558 13.15548484231526
ONEWEB-0241             
1 48773U 21045G   26070.07139193 -.00000087  00000+0 -26428-3 0  9990
2 48773  87.8936 278.8004 0001996  95.8843 264.2515 13.15548253231438
ONEWEB-0243             
1 48774U 21045H   26070.02702171  .00000169  00000+0  41520-3 0  9997
2 48774  87.8938 278.8207 0001475 110.5942 249.5346 13.15551242231455
ONEWEB-0222             
1 48775U 21045J   26070.08645108  .00000104  00000+0  24296-3 0  9990
2 48775  87.8944 278.7687 0001720  94.4135 265.7191 13.15548534231505
ONEWEB-0244             
1 48776U 21045K   26070.03653191  .00000109  00000+0  25624-3 0  9998
2 48776  87.8949 278.7688 0001586  93.2815 266.8497 13.15547870232069
ONEWEB-0247             
1 48777U 21045L   26070.03336861  .00000153  00000+0  37169-3 0  9997
2 48777  87.8938 278.8140 0001823 117.3133 242.8183 13.15547946231505
ONEWEB-0245             
1 48778U 21045M   26070.02860677  .00000202  00000+0  50224-3 0  9996
2 48778  87.8948 278.7852 0001823  90.4444 269.6895 13.15548157231470
ONEWEB-0229             
1 48779U 21045N   26070.02385434  .00000154  00000+0  37418-3 0  9996
2 48779  87.8946 278.7848 0001524  95.0384 265.0920 13.15548198231504
ONEWEB-0228             
1 48780U 21045P   26070.13332938 -.00000156  00000+0 -44791-3 0  9997
2 48780  87.8946 278.7501 0001685  92.5220 267.6103 13.15547394231431
ONEWEB-0232             
1 48781U 21045Q   26070.03177243  .00000147  00000+0  35714-3 0  9996
2 48781  87.8956 278.7695 0001594  91.2114 268.9198 13.15547165231742
ONEWEB-0231             
1 48782U 21045R   26070.00959631  .00000093  00000+0  21336-3 0  9998
2 48782  87.8937 278.8008 0001798  96.8629 263.2706 13.15547970231432
ONEWEB-0234             
1 48783U 21045S   26070.04747007  .00000069  00000+0  14918-3 0  9996
2 48783  87.8937 278.7709 0002212  71.5935 288.5436 13.15550850231578
ONEWEB-0238             
1 48784U 21045T   26070.04776413  .00000053  00000+0  10739-3 0  9990
2 48784  87.8938 278.7645 0001888  80.8015 279.3329 13.15547785231470
ONEWEB-0240             
1 48785U 21045U   26070.06902671 -.00000066  00000+0 -20967-3 0  9990
2 48785  87.8956 278.7620 0001951  94.7968 265.3385 13.15546928231505
ONEWEB-0246             
1 48786U 21045V   26070.06346735 -.00000099  00000+0 -29725-3 0  9991
2 48786  87.8949 278.7726 0001561  95.3611 264.7697 13.15547853231376
ONEWEB-0210             
1 48787U 21045W   26070.03811425  .00000180  00000+0  44418-3 0  9997
2 48787  87.8948 278.7745 0001607 125.8211 234.3069 13.15548165231411
ONEWEB-0214             
1 48788U 21045X   26070.04683470  .00000039  00000+0  69185-4 0  9998
2 48788  87.8949 278.7686 0001342 102.4003 257.7278 13.15548400231382
ONEWEB-0221             
1 48789U 21045Y   26070.13001781 -.00000093  00000+0 -28068-3 0  9994
2 48789  87.8948 278.7617 0001769  95.4686 264.6646 13.15547718231485
ONEWEB-0213             
1 48790U 21045Z   26070.04286659  .00000073  00000+0  16002-3 0  9996
2 48790  87.8948 278.7831 0001658 101.0187 259.1130 13.15548749231530
ONEWEB-0212             
1 48791U 21045AA  26070.01989388  .00000124  00000+0  29522-3 0  9991
2 48791  87.8946 278.7826 0001625  88.9029 271.2287 13.15547715231524
ONEWEB-0227             
1 48792U 21045AB  26070.01910410  .00000160  00000+0  39134-3 0  9992
2 48792  87.8942 278.7851 0001676  91.2710 268.8612 13.15548008231473
ONEWEB-0226             
1 48793U 21045AC  26070.01276154  .00000136  00000+0  32627-3 0  9996
2 48793  87.8936 278.7951 0001579 102.3489 257.7818 13.15548092231442
ONEWEB-0224             
1 48794U 21045AD  26070.05239257  .00000027  00000+0  36829-4 0  9992
2 48794  87.8938 278.8232 0002488  87.5450 272.5965 13.15549854231377
ONEWEB-0233             
1 48795U 21045AE  26070.05699073 -.00000015  00000+0 -74113-4 0  9996
2 48795  87.8934 278.8312 0001844  96.4975 263.6365 13.15548702231397
ONEWEB-0190             
1 48796U 21045AF  26070.04445079  .00000064  00000+0  13644-3 0  9994
2 48796  87.8938 278.7947 0001956 111.4594 248.6745 13.15549163231469
ONEWEB-0236             
1 48797U 21045AG  26070.13793858 -.00000059  00000+0 -19162-3 0  9993
2 48797  87.8936 278.7871 0001638  84.2302 275.9015 13.15548385231362
ONEWEB-0248             
1 48798U 21045AH  26070.07455949 -.00000064  00000+0 -20355-3 0  9995
2 48798  87.8943 278.7737 0002075  98.7107 261.4259 13.15550244231515
ONEWEB-0225             
1 48799U 21045AJ  26070.02068493  .00000189  00000+0  46842-3 0  9990
2 48799  87.8935 278.8004 0001885 107.1815 252.9521 13.15548099231516
ONEWEB-0215             
1 48800U 21045AK  26070.06664262 -.00000086  00000+0 -26151-3 0  9992
2 48800  87.8948 278.7636 0002102 107.6498 252.4862 13.15548526231392
ONEWEB-0216             
1 48801U 21045AL  26070.07614028 -.00000023  00000+0 -94680-4 0  9993
2 48801  87.8937 278.7818 0001485  90.8810 269.2491 13.15552287231402
ONEWEB-0239             
1 48802U 21045AM  26070.08090045  .00000007  00000+0 -16441-4 0  9992
2 48802  87.8932 278.7950 0002326 104.2791 255.8598 13.15547601231445
ONEWEB-0249             
1 48967U 21060A   26070.01682247  .00000145  00000+0  34446-3 0  9991
2 48967  87.9005 248.3026 0001744  94.5997 265.5333 13.16594332226698
ONEWEB-0250             
1 48968U 21060B   26070.19921652  .00000056  00000+0  98603-4 0  9994
2 48968  87.9006 246.3414 0002590  83.2816 276.8615 13.25827658227233
ONEWEB-0252             
1 48970U 21060D   26070.19968596  .00000011  00000+0 -46905-5 0  9996
2 48970  87.9005 248.2593 0001476 102.2478 257.8819 13.16593964226764
ONEWEB-0253             
1 48971U 21060E   26070.18861395  .00000079  00000+0  17332-3 0  9998
2 48971  87.9004 248.2671 0001688  96.6161 263.5162 13.16595330226697
ONEWEB-0254             
1 48972U 21060F   26070.19810346  .00000028  00000+0  38969-4 0  9994
2 48972  87.9009 248.2598 0001960 100.1037 260.0315 13.16593520226698
ONEWEB-0255             
1 48973U 21060G   26070.00811331  .00000146  00000+0  34892-3 0  9991
2 48973  87.9005 248.3069 0001802  99.9455 260.1880 13.16593886226742
ONEWEB-0256             
1 48974U 21060H   26070.03423927  .00000061  00000+0  12536-3 0  9992
2 48974  87.9008 248.3089 0001482  95.5318 264.5982 13.16593609226713
ONEWEB-0257             
1 48975U 21060J   26069.91469668 -.00000087  00000+0 -26071-3 0  9999
2 48975  87.9004 248.3166 0001667 101.7986 258.3332 13.16593024226656
ONEWEB-0258             
1 48976U 21060K   26069.91630530  .00000407  00000+0  10313-2 0  9993
2 48976  87.9006 248.3275 0001645  99.5944 260.5373 13.16593393226664
ONEWEB-0259             
1 48977U 21060L   26069.90994307  .00000009  00000+0 -97153-5 0  9997
2 48977  87.9006 248.3279 0001801  98.4944 261.6391 13.16593845226698
ONEWEB-0260             
1 48978U 21060M   26070.05322422 -.00000061  00000+0 -19325-3 0  9991
2 48978  87.9005 248.3052 0001250 102.3063 257.8208 13.16594658226699
ONEWEB-0261             
1 48979U 21060N   26070.02311629  .00000007  00000+0 -15144-4 0  9991
2 48979  87.8996 248.3111 0001826 108.9039 251.2290 13.16591424226741
ONEWEB-0262             
1 48980U 21060P   26070.00336125  .00000065  00000+0  13673-3 0  9996
2 48980  87.9006 248.2972 0001925  95.0037 265.1314 13.16593556226709
ONEWEB-0263             
1 48981U 21060Q   26070.18701465  .00000080  00000+0  17447-3 0  9999
2 48981  87.9008 248.2721 0001903 105.5284 254.6057 13.16594080226699
ONEWEB-0264             
1 48982U 21060R   26069.92022903  .00000056  00000+0  11341-3 0  9993
2 48982  87.9004 248.3295 0001563 104.2252 255.9052 13.16592506226663
ONEWEB-0266             
1 48984U 21060T   26070.01760970  .00000093  00000+0  20954-3 0  9991
2 48984  87.9007 248.2991 0001673  91.8473 268.2849 13.16596355226665
ONEWEB-0267             
1 48985U 21060U   26070.02868844  .00000091  00000+0  20476-3 0  9999
2 48985  87.9006 248.2933 0001677 103.6167 256.5151 13.16593539226675
ONEWEB-0268             
1 48986U 21060V   26069.92103066  .00000035  00000+0  57716-4 0  9991
2 48986  87.9005 248.3249 0001572  98.8052 261.3257 13.16594058226924
ONEWEB-0269             
1 48987U 21060W   26070.05402335 -.00000064  00000+0 -20168-3 0  9993
2 48987  87.8995 248.3118 0001449  92.2571 267.8726 13.16593531226718
ONEWEB-0270             
1 48988U 21060X   26069.91944821  .00000046  00000+0  86480-4 0  9996
2 48988  87.9005 248.3269 0001990 102.5005 257.6349 13.16593936226736
ONEWEB-0271             
1 48989U 21060Y   26070.05876199 -.00000089  00000+0 -26577-3 0  9995
2 48989  87.9006 248.2896 0001805 105.2178 254.9152 13.16596056226759
ONEWEB-0272             
1 48990U 21060Z   26070.00492176  .00000059  00000+0  12027-3 0  9991
2 48990  87.9004 248.3119 0001527 104.5809 255.5491 13.16596264226699
ONEWEB-0273             
1 48991U 21060AA  26070.02710929  .00000138  00000+0  32821-3 0  9995
2 48991  87.9007 248.3052 0001774 102.5753 257.5577 13.16593831226671
ONEWEB-0274             
1 48992U 21060AB  26069.90044705 -.00000007  00000+0 -51057-4 0  9993
2 48992  87.8996 248.3441 0001365 105.0550 255.0732 13.16593891226693
ONEWEB-0275             
1 48993U 21060AC  26070.19335064  .00000049  00000+0  94366-4 0  9992
2 48993  87.9005 248.2650 0001607  99.6378 260.4934 13.16594224226664
ONEWEB-0276             
1 48994U 21060AD  26069.92261455  .00000063  00000+0  13242-3 0  9993
2 48994  87.9006 248.3191 0001814  95.2776 264.8562 13.16594080226644
ONEWEB-0277             
1 48995U 21060AE  26070.01126519  .00000099  00000+0  22595-3 0  9997
2 48995  87.8994 248.3169 0001728  98.8665 261.2661 13.16594570226640
ONEWEB-0278             
1 48996U 21060AF  26069.92577457  .00000051  00000+0  98704-4 0  9991
2 48996  87.9007 248.3152 0001698  88.2185 271.9140 13.16594224226764
ONEWEB-0279             
1 48997U 21060AG  26070.00969207  .00000116  00000+0  27037-3 0  9993
2 48997  87.9007 248.2977 0001642 105.4580 254.6732 13.16593039226701
ONEWEB-0280             
1 48998U 21060AH  26070.02473926  .00000091  00000+0  20513-3 0  9998
2 48998  87.9009 248.2993 0001973  92.5554 267.5803 13.16594257226644
ONEWEB-0281             
1 48999U 21060AJ  26070.03027559  .00000048  00000+0  91470-4 0  9990
2 48999  87.9005 248.2927 0001526  97.8002 262.3302 13.16593865226717
ONEWEB-0282             
1 49000U 21060AK  26069.90836118 -.00000006  00000+0 -48790-4 0  9990
2 49000  87.9004 248.3274 0001770  99.1967 260.9364 13.16593996226674
ONEWEB-0283             
1 49001U 21060AL  26070.20126471  .00000069  00000+0  14599-3 0  9996
2 49001  87.9005 248.2692 0001656 101.8103 258.3214 13.16594067226726
ONEWEB-0284             
1 49002U 21060AM  26070.04294578  .00000071  00000+0  15110-3 0  9996
2 49002  87.9007 248.2919 0001916  90.6199 269.5152 13.16594080226685
ONEWEB-0285             
1 49075U 21075A   26069.86679420 -.00000181  00000+0 -53892-3 0  9996
2 49075  87.9004  10.1747 0001886  81.8326 278.3017 13.12442985222313
ONEWEB-0286             
1 49076U 21075B   26070.07758730 -.00000287  00000+0 -83251-3 0  9993
2 49076  87.8994  10.1596 0001666  73.3628 286.7683 13.12442118221690
ONEWEB-0287             
1 49077U 21075C   26069.90525412 -.00000013  00000+0 -67888-4 0  9999
2 49077  87.9153  25.3824 0001785  66.3989 293.7330 13.17647968220685
ONEWEB-0288             
1 49078U 21075D   26069.82530543  .00000358  00000+0  95968-3 0  9991
2 49078  87.9005  10.1777 0001869  78.6062 281.5276 13.12442088222285
ONEWEB-0289             
1 49079U 21075E   26069.94392009  .00000112  00000+0  25541-3 0  9996
2 49079  87.9159  25.3869 0002266  81.5831 278.5557 13.17647782221263
ONEWEB-0290             
1 49080U 21075F   26070.14488742 -.00000043  00000+0 -14473-3 0  9999
2 49080  87.9161  25.3154 0002373  87.3306 272.8097 13.17649685220703
ONEWEB-0291             
1 49081U 21075G   26069.90188493 -.00000028  00000+0 -10533-3 0  9998
2 49081  87.9160  25.3719 0002060  71.6292 288.5063 13.17648572220669
ONEWEB-0293             
1 49082U 21075H   26069.92720103 -.00000045  00000+0 -14902-3 0  9994
2 49082  87.9152  25.3781 0001979  80.1523 279.9832 13.17648655220693
ONEWEB-0294             
1 49083U 21075J   26070.06079304  .00000255  00000+0  67328-3 0  9993
2 49083  87.9003  10.1333 0002146  80.9488 279.1883 13.12440692221706
ONEWEB-0295             
1 49084U 21075K   26069.92635858 -.00000007  00000+0 -52284-4 0  9992
2 49084  87.9153  25.3827 0001927  69.7231 290.4108 13.17649584220651
ONEWEB-0296             
1 49085U 21075L   26070.19293291  .00000319  00000+0  85005-3 0  9995
2 49085  87.9009  10.1106 0001960  68.9578 291.1760 13.12443246221729
ONEWEB-0297             
1 49086U 21075M   26069.84224343 -.00000131  00000+0 -39915-3 0  9991
2 49086  87.8994  10.2048 0001792  75.4181 284.7146 13.12440747222285
ONEWEB-0298             
1 49087U 21075N   26069.93070252 -.00000041  00000+0 -13924-3 0  9992
2 49087  87.9152  25.3787 0001678  79.3233 280.8087 13.17647656220680
ONEWEB-0299             
1 49088U 21075P   26069.93224908  .00000007  00000+0 -15717-4 0  9996
2 49088  87.9165  25.3490 0001802  75.6928 284.4403 13.17648128220660
ONEWEB-0300             
1 49089U 21075Q   26070.06332804  .00000376  00000+0  10088-2 0  9990
2 49089  87.9006  10.1292 0001438  81.2412 278.8879 13.12442412222336
ONEWEB-0301             
1 49090U 21075R   26069.89474361  .00000361  00000+0  96790-3 0  9995
2 49090  87.9001  10.1637 0001429  83.5741 276.5550 13.12444782221675
ONEWEB-0302             
1 49091U 21075S   26070.18615321  .00000154  00000+0  39179-3 0  9991
2 49091  87.9007  10.1143 0002123  75.0634 285.0729 13.12443921221692
ONEWEB-0304             
1 49092U 21075T   26069.90695323  .00000059  00000+0  11916-3 0  9993
2 49092  87.9159  25.3841 0001878  75.9179 284.2161 13.17649689220631
ONEWEB-0305             
1 49093U 21075U   26069.90020609  .00000078  00000+0  16894-3 0  9994
2 49093  87.9160  25.3639 0001837  67.7314 292.4012 13.17649333220669
ONEWEB-0308             
1 49094U 21075V   26070.10313473 -.00000105  00000+0 -32813-3 0  9995
2 49094  87.9005  10.1235 0001796  79.3289 280.8042 13.12443165221694
ONEWEB-0309             
1 49095U 21075W   26070.13136686  .00000017  00000+0  10821-4 0  9994
2 49095  87.9161  25.3327 0002239  77.5024 282.6358 13.17645218220662
ONEWEB-0310             
1 49096U 21075X   26069.81342860  .00000373  00000+0  10002-2 0  9995
2 49096  87.9000  10.2111 0001812  79.9132 280.2201 13.12445015222280
ONEWEB-0311             
1 49097U 21075Y   26069.91033234  .00000026  00000+0  33546-4 0  9994
2 49097  87.9160  25.3716 0001657  66.8442 293.2864 13.17651417220683
ONEWEB-0312             
1 49098U 21075Z   26069.92550964 -.00000097  00000+0 -28397-3 0  9997
2 49098  87.9155  25.3862 0002007  71.5712 288.5637 13.17648354220662
ONEWEB-0313             
1 49099U 21075AA  26070.15825198  .00000029  00000+0  41687-4 0  9990
2 49099  87.9154  25.3466 0001806  76.9248 283.2085 13.17648989220686
ONEWEB-0314             
1 49100U 21075AB  26069.89682236 -.00000006  00000+0 -49406-4 0  9990
2 49100  87.9162  25.3614 0002014  69.7139 290.4209 13.17648737220627
ONEWEB-0315             
1 49101U 21075AC  26069.86256124 -.00000378  00000+0 -10851-2 0  9993
2 49101  87.9006  10.1580 0001530  68.8648 291.2644 13.12442924222276
ONEWEB-0316             
1 49102U 21075AD  26069.82292801 -.00000004  00000+0 -42002-4 0  9993
2 49102  87.9244 354.9997 0001740  76.4512 283.6814 13.18685582224248
ONEWEB-0317             
1 49103U 21075AE  26070.09466551 -.00000290  00000+0 -84263-3 0  9991
2 49103  87.9009  10.1343 0002459  90.4785 269.6625 13.12443767222322
ONEWEB-0318             
1 49104U 21075AF  26070.19902155  .00000123  00000+0  27974-3 0  9997
2 49104  87.9252 354.9174 0001617  69.9830 290.1476 13.18685902224253
ONEWEB-0319             
1 49105U 21075AG  26069.91201303 -.00000036  00000+0 -12579-3 0  9993
2 49105  87.9154  25.3836 0001442  65.3960 294.7322 13.17649499220660
ONEWEB-0323             
1 49106U 21075AH  26069.84731609 -.00000298  00000+0 -86319-3 0  9996
2 49106  87.9006  10.1652 0001676  57.2896 302.8394 13.12441222221651
ONEWEB-0329             
1 49107U 21075AJ  26069.92044570 -.00000056  00000+0 -17715-3 0  9996
2 49107  87.9152  25.3820 0001880  75.3132 284.8208 13.17648104220644
ONEWEB-0330             
1 49108U 21075AK  26070.16667824  .00017250  00000+0  45351-1 0  9995
2 49108  87.9162  25.3397 0002129  76.7869 353.2605 13.16071148  5194
ONEWEB-0292             
1 49186U 21083A   26070.04880990  .00000271  00000+0  70635-3 0  9998
2 49186  87.9025 339.7727 0001526  75.4455 284.6843 13.13472236218045
ONEWEB-0303             
1 49187U 21083B   26070.19572716  .00000089  00000+0  19258-3 0  9990
2 49187  87.9253 354.9206 0001684  76.2749 283.8571 13.18685927217068
ONEWEB-0306             
1 49188U 21083C   26070.18582880  .00000069  00000+0  14281-3 0  9992
2 49188  87.9253 354.9063 0001956  83.8496 276.2859 13.18686293217102
ONEWEB-0307             
1 49189U 21083D   26070.19525186  .00000377  00000+0  99802-3 0  9994
2 49189  87.9026 339.7325 0001709  76.2606 283.8713 13.13470246218061
ONEWEB-0320             
1 49190U 21083E   26069.82121103  .00000045  00000+0  80970-4 0  9994
2 49190  87.9240 355.0043 0001800  77.8174 282.3159 13.18132315217017
ONEWEB-0321             
1 49191U 21083F   26070.17163158  .00000074  00000+0  14934-3 0  9999
2 49191  87.9169 294.0063 0001864  90.2341 269.9006 13.20770042223890
ONEWEB-0322             
1 49192U 21083G   26070.19101600  .00000390  00000+0  10332-2 0  9994
2 49192  87.9024 339.7378 0001799  91.7376 268.3959 13.13470711218052
ONEWEB-0324             
1 49193U 21083H   26070.17923271  .00000025  00000+0  30616-4 0  9993
2 49193  87.9253 354.9129 0001923  74.0510 286.0834 13.18686217217089
ONEWEB-0325             
1 49194U 21083J   26070.18253749  .00000033  00000+0  51283-4 0  9993
2 49194  87.9242 354.9296 0001733  80.5412 279.5916 13.18686594217092
ONEWEB-0326             
1 49195U 21083K   26070.19750847  .00000134  00000+0  30659-3 0  9991
2 49195  87.9253 354.9163 0001562  71.9931 288.1371 13.18685814217082
ONEWEB-0327             
1 49196U 21083L   26070.19722211  .00000183  00000+0  43092-3 0  9995
2 49196  87.9243 354.9286 0001375  72.2549 287.8733 13.18684870217101
ONEWEB-0328             
1 49197U 21083M   26070.18085713  .00000258  00000+0  67216-3 0  9991
2 49197  87.9043 339.6999 0001859  74.8683 285.2652 13.13470947218033
ONEWEB-0331             
1 49198U 21083N   26070.19078247  .00000112  00000+0  25251-3 0  9999
2 49198  87.9254 354.9110 0001710  64.6960 295.4349 13.18687467217097
ONEWEB-0333             
1 49199U 21083P   26070.17577573  .00000066  00000+0  14551-3 0  9993
2 49199  87.9025 339.7391 0001657  79.6393 280.4923 13.13471190218049
ONEWEB-0334             
1 49200U 21083Q   26070.03749155  .00000127  00000+0  28015-3 0  9996
2 49200  87.9157 294.0518 0002126 111.2417 248.8944 13.20770277223834
ONEWEB-0335             
1 49201U 21083R   26070.17069658 -.00000015  00000+0 -75513-4 0  9999
2 49201  87.9033 339.7342 0001670  72.6547 287.4765 13.13470145218058
ONEWEB-0336             
1 49202U 21083S   26070.14191771 -.00000045  00000+0 -15687-3 0  9997
2 49202  87.9032 339.7362 0001719  63.7114 296.4191 13.13469639218043
ONEWEB-0337             
1 49203U 21083T   26070.15194602 -.00000256  00000+0 -73461-3 0  9993
2 49203  87.9025 339.7439 0001822  73.3615 286.7714 13.13469708218049
ONEWEB-0338             
1 49204U 21083U   26070.16374845  .00000013  00000+0  85768-6 0  9999
2 49204  87.9158 294.0308 0001783  97.4454 262.6882 13.20770685223872
ONEWEB-0339             
1 49205U 21083V   26070.16054130 -.00000247  00000+0 -71208-3 0  9994
2 49205  87.9035 339.7301 0001929  85.1024 275.0325 13.13471106218025
ONEWEB-0340             
1 49206U 21083W   26070.17758387 -.00000137  00000+0 -37962-3 0  9998
2 49206  87.9255 354.9192 0001688  77.0596 283.0724 13.18685180217051
ONEWEB-0341             
1 49207U 21083X   26070.18418316  .00000037  00000+0  61327-4 0  9995
2 49207  87.9244 354.9273 0002220  70.9897 289.1476 13.18686570217076
ONEWEB-0342             
1 49208U 21083Y   26070.17005591  .00000068  00000+0  13486-3 0  9998
2 49208  87.9171 294.0083 0001723  89.7238 270.4093 13.20769591223841
ONEWEB-0343             
1 49209U 21083Z   26070.19242470  .00000124  00000+0  28218-3 0  9992
2 49209  87.9256 354.9197 0002331  80.0170 280.1225 13.18686374217126
ONEWEB-0344             
1 49210U 21083AA  26070.15545978 -.00000270  00000+0 -77375-3 0  9991
2 49210  87.9023 339.7542 0002007  72.5638 287.5711 13.13470901218023
ONEWEB-0345             
1 49211U 21083AB  26070.14699487 -.00000113  00000+0 -34327-3 0  9992
2 49211  87.9035 339.7235 0002031  73.0881 287.0471 13.13468892218034
ONEWEB-0346             
1 49212U 21083AC  26070.18910575  .00000095  00000+0  20853-3 0  9997
2 49212  87.9243 354.9284 0001458  56.7888 303.3384 13.18684913217062
ONEWEB-0348             
1 49213U 21083AD  26070.16059311  .00000000  00000+0 -31762-4 0  9997
2 49213  87.9167 294.0128 0001637  66.5812 293.5493 13.20770706223870
ONEWEB-0350             
1 49214U 21083AE  26070.15630622 -.00000293  00000+0 -83838-3 0  9992
2 49214  87.9031 339.7214 0001956  70.5629 289.5711 13.13470728218065
ONEWEB-0351             
1 49215U 21083AF  26070.15414618  .00000044  00000+0  75471-4 0  9995
2 49215  87.9168 294.0124 0002447 100.7126 259.4283 13.20770842223833
ONEWEB-0352             
1 49216U 21083AG  26070.13684614  .00000068  00000+0  15170-3 0  9994
2 49216  87.9032 339.7410 0002020  88.1960 271.9400 13.13470627218150
ONEWEB-0354             
1 49217U 21083AH  26070.17952422  .00000100  00000+0  21392-3 0  9994
2 49217  87.9169 294.0067 0001736  77.0608 283.0719 13.20769937223877
ONEWEB-0355             
1 49218U 21083AJ  26070.16575296 -.00000129  00000+0 -38789-3 0  9995
2 49218  87.9024 339.7459 0001963  78.7646 281.3704 13.13470163218031
ONEWEB-0357             
1 49219U 21083AK  26070.17636951  .00000043  00000+0  74484-4 0  9999
2 49219  87.9168 294.0023 0001800  88.1484 271.9856 13.20770206223876
ONEWEB-0332             
1 49279U 21090A   26070.17892593  .00000274  00000+0  70473-3 0  9998
2 49279  87.8981 309.2658 0001606  91.1344 268.9970 13.14503349214700
ONEWEB-0347             
1 49280U 21090B   26070.16690440  .00000070  00000+0  13912-3 0  9995
2 49280  87.9167 294.0128 0001467  95.4629 264.6672 13.20770648218105
ONEWEB-0349             
1 49281U 21090C   26070.04695741  .00000167  00000+0  37803-3 0  9994
2 49281  87.9168 294.0367 0001648  84.8523 275.2798 13.20770189216877
ONEWEB-0353             
1 49282U 21090D   26070.17099531  .00000095  00000+0  22043-3 0  9994
2 49282  87.8984 309.2617 0001518  92.1553 267.9750 13.14503426214708
ONEWEB-0356             
1 49283U 21090E   26070.04537155  .00000078  00000+0  15932-3 0  9990
2 49283  87.9168 294.0303 0000746  80.0062 280.1156 13.20770044216876
ONEWEB-0358             
1 49284U 21090F   26070.15112467 -.00000046  00000+0 -14433-3 0  9990
2 49284  87.9165 294.0120 0001558  83.7729 276.3582 13.20770094217611
ONEWEB-0359             
1 49285U 21090G   26070.14797042 -.00000009  00000+0 -54637-4 0  9998
2 49285  87.9167 294.0101 0001697  77.2063 282.9260 13.20770800217594
ONEWEB-0360             
1 49286U 21090H   26070.06273288 -.00000028  00000+0 -10162-3 0  9996
2 49286  87.9170 294.0331 0001697  83.1490 276.9837 13.20770183216893
ONEWEB-0361             
1 49287U 21090J   26070.04379330  .00000072  00000+0  14526-3 0  9995
2 49287  87.9170 294.0345 0001433  80.9555 279.1741 13.20770120217345
ONEWEB-0362             
1 49288U 21090K   26070.14611220 -.00000021  00000+0 -84991-4 0  9994
2 49288  87.9225 324.5144 0001948  81.4446 278.6907 13.19724593213984
ONEWEB-0363             
1 49289U 21090L   26070.13534270  .00000022  00000+0  22130-4 0  9999
2 49289  87.9168 294.0176 0001327  76.7090 283.4191 13.20770712217361
ONEWEB-0364             
1 49290U 21090M   26070.17321990  .00000090  00000+0  19045-3 0  9993
2 49290  87.9156 294.0240 0001517  84.9145 275.2162 13.20770273218501
ONEWEB-0365             
1 49291U 21090N   26070.15558888  .00000027  00000+0  35133-4 0  9997
2 49291  87.9237 324.4919 0001732  82.3233 277.8096 13.19724685213493
ONEWEB-0366             
1 49292U 21090P   26070.16782589 -.00000032  00000+0 -12152-3 0  9999
2 49292  87.8974 309.2723 0001625  79.3476 280.7836 13.14503369214687
ONEWEB-0367             
1 49293U 21090Q   26070.13375269  .00000024  00000+0  26198-4 0  9995
2 49293  87.9171 294.0172 0001834  88.1083 272.0260 13.20770037216885
ONEWEB-0368             
1 49294U 21090R   26070.03116535  .00000191  00000+0  43726-3 0  9994
2 49294  87.9160 294.0595 0001140 111.9323 248.1932 13.20770224218021
ONEWEB-0369             
1 49295U 21090S   26070.15085185  .00000027  00000+0  35256-4 0  9992
2 49295  87.9228 324.5108 0001633  85.0591 275.0728 13.19724617213481
ONEWEB-0370             
1 49296U 21090T   26070.14323462 -.00000015  00000+0 -69577-4 0  9997
2 49296  87.9166 294.0170 0001881  80.9826 279.1521 13.20770293216924
ONEWEB-0371             
1 49297U 21090U   26070.15875081  .00000063  00000+0  12500-3 0  9992
2 49297  87.9231 324.4984 0001802  81.5403 278.5934 13.19724964213526
ONEWEB-0372             
1 49298U 21090V   26070.13205347  .00000005  00000+0 -18512-4 0  9990
2 49298  87.9169 294.0192 0001650  90.1067 270.0255 13.20770304216890
ONEWEB-0373             
1 49299U 21090W   26070.15901132 -.00000007  00000+0 -49006-4 0  9993
2 49299  87.9158 294.0189 0001593  85.4484 274.6831 13.20770840218089
ONEWEB-0374             
1 49300U 21090X   26070.15513699 -.00000194  00000+0 -55869-3 0  9993
2 49300  87.8984 309.2582 0001088  75.4273 284.6977 13.14502722214687
ONEWEB-0375             
1 49301U 21090Y   26070.14639439 -.00000027  00000+0 -99339-4 0  9990
2 49301  87.9167 294.0095 0001281  68.2428 291.8841 13.20770740217585
ONEWEB-0376             
1 49302U 21090Z   26070.15716172 -.00000024  00000+0 -93049-4 0  9991
2 49302  87.9236 324.4916 0001744  89.1824 270.9509 13.19724348213529
ONEWEB-0377             
1 49303U 21090AA  26070.05656266 -.00000030  00000+0 -10616-3 0  9993
2 49303  87.9170 294.0295 0001704  78.0175 282.1149 13.20770537217567
ONEWEB-0378             
1 49304U 21090AB  26070.15440728  .00000010  00000+0 -69681-5 0  9994
2 49304  87.9157 294.0201 0001503  89.1548 270.9757 13.20770163216849
ONEWEB-0379             
1 49305U 21090AC  26070.15036596 -.00007311  00000+0 -19761-1 0  9991
2 49305  87.8989 309.2692 0001312  76.1997 283.9279 13.14538672214680
ONEWEB-0380             
1 49306U 21090AD  26070.15400391  .00000018  00000+0  12356-4 0  9991
2 49306  87.9227 324.5079 0001672  70.3478 289.7835 13.19724431213490
ONEWEB-0381             
1 49307U 21090AE  26070.12902178  .00000087  00000+0  18240-3 0  9992
2 49307  87.9170 294.0185 0001399  80.7829 279.3462 13.20769929216888
ONEWEB-0382             
1 49308U 21090AF  26070.04063449  .00000151  00000+0  33894-3 0  9997
2 49308  87.9168 294.0325 0001316  78.8847 281.2434 13.20769809216865
ONEWEB-0383             
1 49309U 21090AG  26070.14403270 -.00000103  00000+0 -31233-3 0  9993
2 49309  87.8985 309.2569 0001462  83.6707 276.4589 13.14502396214710
ONEWEB-0384             
1 49310U 21090AH  26070.18345247  .00000093  00000+0  19744-3 0  9997
2 49310  87.9173 294.0467 0001076  85.1883 274.9373 13.20807974216895
ONEWEB-0385             
1 49311U 21090AJ  26070.03276270  .00000118  00000+0  25906-3 0  9996
2 49311  87.9168 294.0388 0001407  82.5488 277.5805 13.20771191216847
ONEWEB-0386             
1 49312U 21090AK  26070.05011474  .00000091  00000+0  19079-3 0  9996
2 49312  87.9173 294.0200 0001355  85.9645 274.1643 13.20770906216869
ONEWEB-0387             
1 49313U 21090AL  26070.03432704  .00002200  00000+0  53791-2 0  9990
2 49313  87.9160 294.0599 0001677  73.9162 286.2156 13.20759648216868
ONEWEB-0388             
1 49314U 21090AM  26070.14926240  .00000028  00000+0  37793-4 0  9998
2 49314  87.9227 324.5056 0001553  77.7172 282.4135 13.19724169213484
ONEWEB-0389             
1 50469U 21132A   26069.93732507 -.00000007  00000+0 -50277-4 0  9995
2 50469  87.9152  25.3788 0001656  69.5103 290.6207 13.17649968205145
ONEWEB-0390             
1 50470U 21132B   26069.93899539  .00000074  00000+0  15773-3 0  9999
2 50470  87.9152  25.3786 0002065  77.4942 282.6421 13.17647594205141
ONEWEB-0391             
1 50471U 21132C   26069.86476496  .00000039  00000+0  66230-4 0  9991
2 50471  87.9152  25.4025 0001933  54.9430 305.1882 13.17649659205139
ONEWEB-0392             
1 50472U 21132D   26070.12294723 -.00000033  00000+0 -11831-3 0  9996
2 50472  87.9164  25.3117 0001719  68.3863 291.7451 13.17649307205205
ONEWEB-0393             
1 50473U 21132E   26069.94420162 -.00000033  00000+0 -11870-3 0  9996
2 50473  87.9162  25.3700 0001789  73.1447 286.9881 13.17647120205171
ONEWEB-0394             
1 50474U 21132F   26070.06541919  .00000017  00000+0  11592-4 0  9998
2 50474  87.9252 354.9287 0001622  74.0102 286.1209 13.18685862208666
ONEWEB-0395             
1 50475U 21132G   26069.97311713  .00000395  00000+0  10799-2 0  9999
2 50475  87.8860  40.5990 0001909  76.1720 283.9621 13.11416966202844
ONEWEB-0396             
1 50476U 21132H   26070.05882186  .00000166  00000+0  38897-3 0  9994
2 50476  87.9261 354.9409 0001780  74.9028 285.2301 13.18685762208702
ONEWEB-0397             
1 50477U 21132J   26070.14954410  .00000047  00000+0  86431-4 0  9991
2 50477  87.9253 354.9239 0001532  77.6049 282.5255 13.18685850208697
ONEWEB-0398             
1 50478U 21132K   26069.94088478 -.00000566  00000+0 -16321-2 0  9997
2 50478  87.8869  40.5859 0002186  78.3498 281.7875 13.11416300202731
ONEWEB-0399             
1 50479U 21132L   26069.92732331 -.00000118  00000+0 -36870-3 0  9995
2 50479  87.8868  40.5979 0001412  72.2617 287.8665 13.11414519202724
ONEWEB-0400             
1 50480U 21132M   26070.05222398  .00000092  00000+0  19944-3 0  9992
2 50480  87.9255 354.9335 0001974  77.0498 283.0855 13.18686494208677
ONEWEB-0401             
1 50481U 21132N   26070.17262278  .00000069  00000+0  14120-3 0  9992
2 50481  87.9255 354.9048 0001639  84.7499 275.3820 13.18685377208690
ONEWEB-0402             
1 50482U 21132P   26069.83281779  .00000017  00000+0  11097-4 0  9995
2 50482  87.9251 354.9640 0001413  92.1436 267.9858 13.18684179208674
ONEWEB-0403             
1 50483U 21132Q   26070.16108946 -.00000052  00000+0 -16455-3 0  9991
2 50483  87.9251 354.9221 0001756  74.1898 285.9428 13.18686232208677
ONEWEB-0404             
1 50484U 21132R   26070.21386017  .00000562  00000+0  15503-2 0  9991
2 50484  87.8862  40.5480 0001747  72.3203 287.8115 13.11416823202858
ONEWEB-0405             
1 50485U 21132S   26070.17592235  .00000012  00000+0 -29053-5 0  9997
2 50485  87.9251 354.9034 0002332  74.5212 285.6177 13.18685301209075
ONEWEB-0406             
1 50486U 21132T   26070.16602661  .00000049  00000+0  92046-4 0  9992
2 50486  87.9244 354.9306 0001625  65.2693 294.8608 13.18685409208703
ONEWEB-0407             
1 50487U 21132U   26070.15943551  .00000049  00000+0  92763-4 0  9994
2 50487  87.9252 354.9151 0001800  83.7077 276.4260 13.18685654208642
ONEWEB-0409             
1 50488U 21132V   26069.90697327  .00000523  00000+0  14394-2 0  9992
2 50488  87.8871  40.5900 0001815  74.7559 285.3769 13.11418250202703
ONEWEB-0412             
1 50489U 21132W   26070.14788719  .00000184  00000+0  43396-3 0  9995
2 50489  87.9251 354.9314 0001558  85.8585 274.2725 13.18686078208734
ONEWEB-0413             
1 50490U 21132X   26070.15284139  .00000028  00000+0  37997-4 0  9993
2 50490  87.9240 354.9343 0001683  87.6538 272.4787 13.18686354208671
ONEWEB-0414             
1 50491U 21132Y   26069.83447047 -.00000114  00000+0 -32181-3 0  9993
2 50491  87.9254 354.9683 0001594  79.4231 280.7080 13.18685325208668
ONEWEB-0417             
1 50492U 21132Z   26070.14622675 -.00000014  00000+0 -69145-4 0  9992
2 50492  87.9242 354.9355 0001721  71.0426 289.0893 13.18684294208688
ONEWEB-0418             
1 50493U 21132AA  26070.15599590  .00000057  00000+0  11087-3 0  9999
2 50493  87.9254 354.9236 0001730  67.2966 292.8349 13.18685357208742
ONEWEB-0419             
1 50494U 21132AB  26070.17428609  .00000060  00000+0  12022-3 0  9998
2 50494  87.9251 354.9199 0002002  73.7043 286.4309 13.18687104208667
ONEWEB-0420             
1 50495U 21132AC  26070.06373831 -.00000051  00000+0 -16202-3 0  9999
2 50495  87.9247 354.9533 0001861  84.6947 275.4397 13.18683286208641
ONEWEB-0421             
1 50496U 21132AD  26069.82953799 -.00000116  00000+0 -32664-3 0  9991
2 50496  87.9250 354.9920 0001477  79.7374 280.3925 13.18685239208651
ONEWEB-0424             
1 50497U 21132AE  26070.16933630  .00000081  00000+0  17163-3 0  9999
2 50497  87.9252 354.9205 0002127  73.9138 286.2228 13.18686571208726
ONEWEB-0426             
1 50498U 21132AF  26070.20559938  .00000108  00000+0  24140-3 0  9993
2 50498  87.9253 354.9049 0001226  61.1216 299.0039 13.18684325208670
ONEWEB-0427             
1 50499U 21132AG  26070.16766549  .00000012  00000+0 -34950-5 0  9994
2 50499  87.9254 354.8986 0001712  71.0838 289.0479 13.18685155208692
ONEWEB-0429             
1 50500U 21132AH  26070.15448903  .00000018  00000+0  12316-4 0  9993
2 50500  87.9248 354.9342 0001832  82.0225 278.1115 13.18685796208664
ONEWEB-0430             
1 50501U 21132AJ  26070.06706107  .00000013  00000+0 -45739-7 0  9991
2 50501  87.9255 354.9485 0002047  80.2576 279.8787 13.18686809208691
ONEWEB-0432             
1 50502U 21132AK  26070.02443417  .00000090  00000+0  19619-3 0  9998
2 50502  87.9252 354.9259 0002235  62.3259 297.8100 13.18644912208649
ONEWEB-0440             
1 50503U 21132AL  26070.16273537  .00000026  00000+0  34426-4 0  9991
2 50503  87.9253 354.9192 0001576  90.4729 269.6584 13.18686130208650
ONEWEB-0450             
1 50504U 21132AM  26069.85277259  .00000100  00000+0  22157-3 0  9991
2 50504  87.9243 354.9958 0001949  85.6760 274.4595 13.18685819208643
ONEWEB-0410             
1 51622U 22012A   26069.87995338  .00000020  00000+0  19593-4 0  9990
2 51622  87.9162  25.3686 0001658  33.6797 326.4440 13.17649486200752
ONEWEB-0411             
1 51623U 22012B   26070.19904299 -.00000241  00000+0 -72655-3 0  9998
2 51623  87.8773  55.7708 0002398  87.7278 272.4124 13.10369049196455
ONEWEB-0415             
1 51624U 22012C   26069.96665380  .00000001  00000+0 -33523-4 0  9992
2 51624  87.8770  55.8200 0002148  85.8897 274.2476 13.10370127196426
ONEWEB-0416             
1 51625U 22012D   26069.97826462 -.00000563  00000+0 -16480-2 0  9999
2 51625  87.8772  55.8386 0002183  77.6829 282.4542 13.10371132196463
ONEWEB-0422             
1 51626U 22012E   26069.89007617  .00000021  00000+0  20859-4 0  9998
2 51626  87.9164  25.3696 0001893 101.0552 259.0792 13.17649201200867
ONEWEB-0423             
1 51627U 22012F   26070.11112384 -.00000002  00000+0 -38482-4 0  9996
2 51627  87.9162  25.3350 0001744  83.3200 276.8130 13.17647566200786
ONEWEB-0425             
1 51628U 22012G   26069.91186484 -.00000576  00000+0 -16851-2 0  9995
2 51628  87.8784  55.8296 0001570  77.2613 282.8690 13.10373640196458
ONEWEB-0428             
1 51629U 22012H   26070.04466803 -.00000170  00000+0 -52301-3 0  9999
2 51629  87.8769  55.8157 0001806  87.6280 272.5054 13.10368850196430
ONEWEB-0431             
1 51630U 22012J   26070.01468050  .00000558  00000+0  15628-2 0  9992
2 51630  87.8785  55.8069 0002470  91.7223 268.4187 13.10375733196487
ONEWEB-0434             
1 51631U 22012K   26070.22075332 -.00000523  00000+0 -15360-2 0  9990
2 51631  87.8776  55.7948 0001332  68.4644 291.6625 13.10374600196495
ONEWEB-0435             
1 51632U 22012L   26069.92349712 -.00000105  00000+0 -33785-3 0  9990
2 51632  87.8774  55.8444 0001835  99.1750 260.9584 13.10375877196448
ONEWEB-0436             
1 51633U 22012M   26070.10267519  .00001927  00000+0  49279-2 0  9992
2 51633  87.9162  25.3150 0001991  87.5987 272.5373 13.17655464200769
ONEWEB-0438             
1 51634U 22012N   26070.21231240 -.00000619  00000+0 -18087-2 0  9999
2 51634  87.8773  55.7876 0001725  80.2349 279.8973 13.10371763196519
ONEWEB-0439             
1 51635U 22012P   26070.21564088 -.00000691  00000+0 -20162-2 0  9996
2 51635  87.8772  55.7764 0001746  87.1583 272.9744 13.10373183196499
ONEWEB-0442             
1 51636U 22012Q   26070.17104365  .00000050  00000+0  96585-4 0  9991
2 51636  87.9153  25.3406 0001692  59.9189 300.2110 13.17648715200760
ONEWEB-0443             
1 51637U 22012R   26070.11449708 -.00000144  00000+0 -40426-3 0  9997
2 51637  87.9155  25.3544 0001478  85.3353 274.7948 13.17648360200809
ONEWEB-0444             
1 51638U 22012S   26070.20567592 -.00000481  00000+0 -14147-2 0  9994
2 51638  87.8772  55.7768 0001788  87.2349 272.8983 13.10370348196509
ONEWEB-0445             
1 51639U 22012T   26070.22726799 -.00000276  00000+0 -82768-3 0  9990
2 51639  87.8787  55.7518 0002080  82.7717 277.3647 13.10376037196513
ONEWEB-0446             
1 51640U 22012U   26070.20401587 -.00000390  00000+0 -11524-2 0  9993
2 51640  87.8771  55.7933 0001945  82.8438 277.2911 13.10370074196494
ONEWEB-0448             
1 51641U 22012V   26070.20899403 -.00000542  00000+0 -15900-2 0  9993
2 51641  87.8771  55.7907 0001825  87.0385 273.0951 13.10370796196467
ONEWEB-0449             
1 51642U 22012W   26070.21397186 -.00000665  00000+0 -19414-2 0  9996
2 51642  87.8780  55.7683 0001490  75.9577 284.1716 13.10371997196473
ONEWEB-0451             
1 51643U 22012X   26069.94744940  .00000083  00000+0  18079-3 0  9998
2 51643  87.9160  25.3412 0001752  78.2101 281.9227 13.17649609200721
ONEWEB-0452             
1 51644U 22012Y   26070.09763784  .00000084  00000+0  18309-3 0  9991
2 51644  87.9150  25.3577 0001546  81.2566 278.8741 13.17650389200759
ONEWEB-0456             
1 51646U 22012AA  26069.91850837 -.00000360  00000+0 -10667-2 0  9995
2 51646  87.8797  55.8057 0001856  89.4672 270.6668 13.10375250196475
ONEWEB-0457             
1 51647U 22012AB  26070.20070005 -.00000288  00000+0 -86042-3 0  9991
2 51647  87.8770  55.7814 0001996  74.1312 286.0036 13.10369394196511
ONEWEB-0458             
1 51648U 22012AC  26070.22227947 -.00000543  00000+0 -15906-2 0  9997
2 51648  87.8783  55.7582 0001659  85.1508 274.9809 13.10374825196477
ONEWEB-0461             
1 51649U 22012AD  26070.11956073  .00000064  00000+0  13268-3 0  9991
2 51649  87.9168  25.3211 0001993  77.4411 282.6944 13.17647542200979
ONEWEB-0463             
1 51650U 22012AE  26070.10101187  .00000026  00000+0  34959-4 0  9999
2 51650  87.9152  25.3581 0001962  78.1945 281.9406 13.17650005200759
ONEWEB-0464             
1 51651U 22012AF  26069.91354668  .00000083  00000+0  20008-3 0  9993
2 51651  87.8774  55.8476 0001694  93.9915 266.1406 13.10372365196453
ONEWEB-0468             
1 51652U 22012AG  26069.92016691 -.00000319  00000+0 -94881-3 0  9990
2 51652  87.8777  55.8414 0001736  95.7942 264.3383 13.10375057196439
ONEWEB-0473             
1 51653U 22012AH  26070.21065100 -.00000660  00000+0 -19281-2 0  9993
2 51653  87.8773  55.7850 0001719  88.1311 272.0013 13.10370328196472
ONEWEB-0474             
1 51654U 22012AJ  26070.20235947 -.00000388  00000+0 -11470-2 0  9990
2 51654  87.8780  55.7617 0001740  95.5729 264.5597 13.10370001196461
ONEWEB-0475             
1 51655U 22012AK  26070.11282242  .00000096  00000+0  21538-3 0  9992
2 51655  87.9153  25.3469 0001426 101.5064 258.6228 13.17650497200778
ONEWEB-0490             
1 54113U 22138A   26070.17928445  .00000024  00000+0  27323-4 0  9991
2 54113  87.9235 324.4914 0001734  85.7639 274.3692 13.19724695163909
ONEWEB-0492             
1 54114U 22138B   26070.12873872  .00000155  00000+0  35570-3 0  9997
2 54114  87.9229 324.5096 0001884  83.3824 276.7523 13.19724586163909
ONEWEB-0495             
1 54115U 22138C   26070.18243390  .00000059  00000+0  11488-3 0  9995
2 54115  87.9228 324.5001 0001965 107.8171 252.3176 13.19724769163897
ONEWEB-0497             
1 54116U 22138D   26070.19507723  .00000106  00000+0  23218-3 0  9997
2 54116  87.9234 324.4881 0001746  81.4050 278.7280 13.19724785163885
ONEWEB-0499             
1 54117U 22138E   26070.17849146  .00000098  00000+0  21280-3 0  9991
2 54117  87.9225 324.5019 0001524  85.1219 275.0088 13.19726467163898
ONEWEB-0500             
1 54118U 22138F   26070.18085769  .00000069  00000+0  14083-3 0  9997
2 54118  87.9230 324.4909 0001792  78.3168 281.8166 13.19724356163905
ONEWEB-0501             
1 54119U 22138G   26070.13506231  .00000088  00000+0  18805-3 0  9992
2 54119  87.9227 324.5010 0001708  93.3531 266.7797 13.19724957163879
ONEWEB-0502             
1 54120U 22138H   26070.19665701 -.00000246  00000+0 -64741-3 0  9996
2 54120  87.9240 324.4737 0001657 105.6204 254.5111 13.19725698163900
ONEWEB-0503             
1 54121U 22138J   26070.18560074  .00000086  00000+0  18252-3 0  9999
2 54121  87.9236 324.4798 0001453  76.6201 283.5094 13.19724608163891
ONEWEB-0504             
1 54122U 22138K   26070.17296883  .00000036  00000+0  58777-4 0  9995
2 54122  87.9231 324.4923 0001558  90.6372 269.4939 13.19725420163904
ONEWEB-0505             
1 54123U 22138L   26070.16980913  .00000042  00000+0  73774-4 0  9990
2 54123  87.9238 324.4897 0001630  97.7660 262.3658 13.19724923163885
ONEWEB-0506             
1 54124U 22138M   26070.14453405  .00000113  00000+0  24980-3 0  9993
2 54124  87.9236 324.4920 0001640  91.0775 269.0546 13.19724657163879
ONEWEB-0507             
1 54125U 22138N   26070.16506211  .00000011  00000+0 -36691-5 0  9992
2 54125  87.9226 324.5095 0001743  87.3685 272.7647 13.19724036163925
ONEWEB-0508             
1 54126U 22138P   26070.16190454  .00000092  00000+0  19856-3 0  9991
2 54126  87.9227 324.5090 0001927  93.6658 266.4695 13.19725313163906
ONEWEB-0509             
1 54127U 22138Q   26070.13663601  .00000154  00000+0  35285-3 0  9991
2 54127  87.9239 324.4938 0001690  83.0824 277.0501 13.19724797163870
ONEWEB-0510             
1 54128U 22138R   26070.17795204  .00000078  00000+0  15869-3 0  9992
2 54128  87.9169 294.0053 0001629  67.8532 292.2774 13.20770696166348
ONEWEB-0511             
1 54129U 22138S   26070.13347225  .00000054  00000+0  10258-3 0  9996
2 54129  87.9238 324.4985 0001429  78.8481 281.2812 13.19724812163908
ONEWEB-0512             
1 54130U 22138T   26069.74648871  .00000000  00000+0 -33492-4 0  9992
2 54130  87.9227 324.5893 0001539  92.7492 267.3817 13.19723979163820
ONEWEB-0513             
1 54131U 22138U   26070.17129731  .00000049  00000+0  89705-4 0  9991
2 54131  87.9238 324.4594 0001220 113.4076 246.7185 13.20262963163783
ONEWEB-0514             
1 54132U 22138V   26070.14136721  .00000065  00000+0  12982-3 0  9996
2 54132  87.9229 324.5000 0001665  76.0745 284.0573 13.19724228163890
ONEWEB-0515             
1 54133U 22138W   26070.16532364  .00000063  00000+0  12212-3 0  9996
2 54133  87.9170 293.9967 0002320  68.8404 291.2977 13.20770409166364
ONEWEB-0516             
1 54134U 22138X   26070.19192073  .00000092  00000+0  19822-3 0  9995
2 54134  87.9227 324.5013 0001807  82.6786 277.4552 13.19724886163905
ONEWEB-0517             
1 54135U 22138Y   26070.17137976 -.00000149  00000+0 -40342-3 0  9991
2 54135  87.9230 324.4948 0001443  76.4084 283.7209 13.19724849163902
ONEWEB-0518             
1 54136U 22138Z   26070.19033536  .00000077  00000+0  15949-3 0  9994
2 54136  87.9228 324.5036 0001717  85.8401 274.2928 13.19724530163900
ONEWEB-0519             
1 54137U 22138AA  26070.13979554  .00000128  00000+0  28835-3 0  9993
2 54137  87.9236 324.4937 0001471  78.8134 281.3164 13.19725013163909
ONEWEB-0520             
1 54138U 22138AB  26070.17454699  .00000001  00000+0 -30984-4 0  9996
2 54138  87.9232 324.4926 0001723  88.2599 271.8731 13.19724621163890
ONEWEB-0521             
1 54139U 22138AC  26070.13189360  .00000018  00000+0  11520-4 0  9995
2 54139  87.9238 324.4851 0001525  72.7411 287.3888 13.19724787163837
ONEWEB-0522             
1 54140U 22138AD  26070.18717397  .00000040  00000+0  66735-4 0  9992
2 54140  87.9239 324.4755 0001687  85.6632 274.4694 13.19724687163886
ONEWEB-0523             
1 54141U 22138AE  26070.15269804 -.00000003  00000+0 -38875-4 0  9990
2 54141  87.9171 294.0137 0001812  62.3602 297.7715 13.20770661166360
ONEWEB-0524             
1 54142U 22138AF  26070.14165345  .00000013  00000+0 -78540-7 0  9991
2 54142  87.9159 294.0160 0002460  75.1740 284.9666 13.20769933166361
ONEWEB-0525             
1 54143U 22138AG  26070.13031576  .00000086  00000+0  18233-3 0  9997
2 54143  87.9230 324.5014 0001759  88.7542 271.3792 13.19724503163896
ONEWEB-0526             
1 54144U 22138AH  26070.16348410  .00000020  00000+0  16421-4 0  9995
2 54144  87.9237 324.4896 0001755  82.9796 277.1537 13.19725268163872
ONEWEB-0529             
1 54145U 22138AJ  26070.16664692  .00000095  00000+0  20453-3 0  9990
2 54145  87.9227 324.5070 0001764  88.2551 271.8784 13.19724983163895
ONEWEB-0531             
1 54146U 22138AK  26070.05168828  .00000000  00000+0 -31911-4 0  9998
2 54146  87.9172 294.0308 0002141  63.2252 296.9100 13.20769710166354
ONEWEB-0535             
1 54147U 22138AL  26070.12399839  .00000086  00000+0  18356-3 0  9995
2 54147  87.9238 324.4918 0001652  69.5694 290.5616 13.19724251163907
ONEWEB-0536             
1 54148U 22138AM  26070.03906324  .00000141  00000+0  31457-3 0  9998
2 54148  87.9156 294.0680 0002316  63.2953 296.8417 13.20770047166347
ONEWEB-0527             
1 54642U 22166A   26070.06819946 -.00000021  00000+0 -82527-4 0  9998
2 54642  87.9162 263.5618 0001696  92.5422 267.5906 13.21826013158571
ONEWEB-0528             
1 54643U 22166B   26070.07477195  .00000033  00000+0  47922-4 0  9997
2 54643  87.9164 263.5647 0001710  94.9492 265.1837 13.21824560158589
ONEWEB-0539             
1 54644U 22166C   26070.03693049  .00000047  00000+0  82938-4 0  9993
2 54644  87.9169 263.5377 0001449  97.3348 262.7951 13.21826411158577
ONEWEB-0540             
1 54645U 22166D   26070.04364384  .00000124  00000+0  26922-3 0  9998
2 54645  87.9164 263.5725 0001470  91.1478 268.9824 13.21824423158567
ONEWEB-0542             
1 54646U 22166E   26070.04679435  .00000023  00000+0  24786-4 0  9990
2 54646  87.9172 263.5321 0001268  93.0304 267.0975 13.21824018158571
ONEWEB-0545             
1 54647U 22166F   26070.01224225  .00000058  00000+0  10891-3 0  9990
2 54647  87.9163 263.5589 0001112  87.9259 272.2002 13.21826651158537
ONEWEB-0580             
1 54648U 22166G   26070.06161566  .00000033  00000+0  48830-4 0  9992
2 54648  87.9161 263.5489 0001264  83.8856 276.2422 13.21826362158585
ONEWEB-0582             
1 54649U 22166H   26070.02870281  .00000093  00000+0  19323-3 0  9990
2 54649  87.9164 263.5484 0001157  88.8346 271.2921 13.21826188158556
ONEWEB-0583             
1 54650U 22166J   26070.04021059  .00000062  00000+0  11954-3 0  9993
2 54650  87.9165 263.5692 0001502  94.7679 265.3626 13.21827275158564
ONEWEB-0584             
1 54651U 22166K   26070.05996840 -.00000045  00000+0 -14107-3 0  9990
2 54651  87.9163 263.5523 0001329  86.4536 273.6750 13.21826503158555
ONEWEB-0585             
1 54652U 22166L   26070.08464340  .00000107  00000+0  22741-3 0  9999
2 54652  87.9162 263.5321 0001779  91.7357 268.3981 13.21824766158567
ONEWEB-0586             
1 54653U 22166M   26070.02212641  .00000035  00000+0  53453-4 0  9994
2 54653  87.9165 263.5706 0001445  94.3777 265.7522 13.21825103158550
ONEWEB-0587             
1 54654U 22166N   26070.03197671  .00000085  00000+0  17537-3 0  9998
2 54654  87.9176 263.5319 0001967  93.4832 266.6527 13.21824482158716
ONEWEB-0589             
1 54655U 22166P   26070.01881207  .00000071  00000+0  13933-3 0  9993
2 54655  87.9162 263.5599 0000859  71.6372 288.4855 13.21824166158577
ONEWEB-0590             
1 54656U 22166Q   26070.04336528  .00000128  00000+0  27879-3 0  9995
2 54656  87.9172 263.5351 0001755  76.3843 283.7486 13.21824862158566
ONEWEB-0591             
1 54657U 22166R   26070.05502640  .00000000  00000+0 -31874-4 0  9998
2 54657  87.9166 263.5542 0001621  89.6228 270.5091 13.21824384158596
ONEWEB-0592             
1 54658U 22166S   26070.05831296 -.00000028  00000+0 -99499-4 0  9999
2 54658  87.9171 263.5240 0001610  91.4795 268.6523 13.21824135158475
ONEWEB-0593             
1 54659U 22166T   26070.08135318  .00000000  00000+0 -32664-4 0  9995
2 54659  87.9161 263.5390 0001533  95.2814 264.8495 13.21826987158584
ONEWEB-0594             
1 54660U 22166U   26070.02539385  .00000080  00000+0  16125-3 0  9993
2 54660  87.9164 263.5676 0001726  94.5167 265.6164 13.21824282158592
ONEWEB-0595             
1 54661U 22166V   26070.07805538  .00000050  00000+0  90446-4 0  9991
2 54661  87.9171 263.5301 0001831  89.9744 270.1600 13.21824006158570
ONEWEB-0596             
1 54662U 22166W   26070.05172871  .00000034  00000+0  50244-4 0  9991
2 54662  87.9165 263.5527 0001686  89.3242 270.8085 13.21824228158579
ONEWEB-0597             
1 54663U 22166X   26070.03363500  .00000067  00000+0  13101-3 0  9997
2 54663  87.9162 263.5617 0001488  88.3703 271.7601 13.21826547158578
ONEWEB-0600             
1 54664U 22166Y   26070.01552849  .00000090  00000+0  18606-3 0  9993
2 54664  87.9164 263.5560 0001564 102.0722 258.0587 13.21824525158540
ONEWEB-0601             
1 54665U 22166Z   26070.08300443  .00000059  00000+0  11050-3 0  9993
2 54665  87.9161 263.5597 0001330  90.1730 269.9556 13.21826760158747
ONEWEB-0602             
1 54666U 22166AA  26070.04761924  .00000017  00000+0  86002-5 0  9990
2 54666  87.9164 263.5725 0001532 102.2903 257.8403 13.21823881158585
ONEWEB-0603             
1 54667U 22166AB  26069.97767671  .00000067  00000+0  13111-3 0  9990
2 54667  87.9176 263.5326 0001462  92.3854 267.7447 13.21824356158500
ONEWEB-0604             
1 54668U 22166AC  26070.04185609 -.00000024  00000+0 -90569-4 0  9994
2 54668  87.9177 263.5345 0001730  93.8026 266.3306 13.21824046158479
ONEWEB-0605             
1 54669U 22166AD  26070.03527378  .00000078  00000+0  15793-3 0  9999
2 54669  87.9165 263.5592 0001261  71.7849 288.3422 13.21824582158544
ONEWEB-0606             
1 54670U 22166AE  26070.05667112  .00000027  00000+0  32684-4 0  9997
2 54670  87.9165 263.5675 0001759  89.4188 270.7148 13.21826971158603
ONEWEB-0607             
1 54671U 22166AF  26070.02377001  .00000077  00000+0  15534-3 0  9999
2 54671  87.9171 263.5388 0001462  93.6319 266.4982 13.21826362158574
ONEWEB-0608             
1 54672U 22166AG  26070.03033310  .00000134  00000+0  29348-3 0  9995
2 54672  87.9174 263.5310 0001134  80.9048 279.2215 13.21824481158589
ONEWEB-0610             
1 54673U 22166AH  26070.08628002  .00000053  00000+0  97351-4 0  9999
2 54673  87.9164 263.5443 0000968  87.7418 272.3827 13.21824175158499
ONEWEB-0611             
1 54674U 22166AJ  26070.07970878 -.00000295  00000+0 -74653-3 0  9999
2 54674  87.9165 263.5424 0001812  94.4747 265.6594 13.21825815158486
ONEWEB-0612             
1 54675U 22166AK  26070.01718473  .00000075  00000+0  15118-3 0  9990
2 54675  87.9175 263.5391 0001470  92.2973 267.8329 13.21827012158467
ONEWEB-0615             
1 54676U 22166AL  26070.07313146 -.00000029  00000+0 -10165-3 0  9993
2 54676  87.9165 263.5517 0001601  96.0248 264.1069 13.21826129158481
ONEWEB-0655             
1 54677U 22166AM  26070.04843102 -.00000595  00000+0 -14716-2 0  9994
2 54677  87.9162 263.5589 0001398 101.1041 259.0250 13.21828163158474
ONEWEB-0659             
1 54678U 22166AN  26070.06491324  .00000007  00000+0 -15125-4 0  9996
2 54678  87.9161 263.5563 0001678  88.9534 271.1792 13.21827807158566
ONEWEB-0685             
1 54679U 22166AP  26070.06531725 -.00000009  00000+0 -52583-4 0  9999
2 54679  87.9160 263.5510 0001438  95.3882 264.7416 13.21812735158453
ONEWEB-0712             
1 54680U 22166AQ  26070.02393993  .00000119  00000+0  27641-3 0  9996
2 54680  87.9009 248.2959 0001615 116.3317 243.7980 13.16594120159147
ONEWEB-0714             
1 54681U 22166AR  26070.07147965 -.00000040  00000+0 -12881-3 0  9993
2 54681  87.9164 263.5449 0001447  95.3640 264.7659 13.21823943158578
ONEWEB-0532             
1 55140U 23004A   26070.15162876  .00000034  00000+0  54398-4 0  9994
2 55140  87.9164  25.3304 0001883  68.4164 291.7168 13.17647817154670
ONEWEB-0533             
1 55141U 23004B   26070.18771013  .00000128  00000+0  32045-3 0  9995
2 55141  87.9009  10.1179 0001569  78.7286 281.4019 13.12443288155203
ONEWEB-0541             
1 55142U 23004C   26070.14095661  .00000481  00000+0  13200-2 0  9993
2 55142  87.8869  40.5439 0001973  81.6958 278.4394 13.11415631153098
ONEWEB-0543             
1 55143U 23004D   26069.82788996 -.00000110  00000+0 -31061-3 0  9994
2 55143  87.9232 355.0152 0001738  87.8299 272.3032 13.18685831156739
ONEWEB-0544             
1 55144U 23004E   26070.04892037  .00000071  00000+0  14718-3 0  9997
2 55144  87.9242 354.9681 0001988  81.8065 278.3292 13.18685507156765
ONEWEB-0560             
1 55145U 23004F   26070.19407675  .00000079  00000+0  16669-3 0  9999
2 55145  87.9241 354.9291 0001968  82.8238 277.3118 13.18686031156795
ONEWEB-0565             
1 55146U 23004G   26070.18746294  .00000040  00000+0  69756-4 0  9996
2 55146  87.9233 354.9677 0002238  76.1772 283.9609 13.18685321156783
ONEWEB-0567             
1 55147U 23004H   26070.18088092 -.00000025  00000+0 -96384-4 0  9994
2 55147  87.9242 354.9437 0002213  80.0186 280.1196 13.18686242156787
ONEWEB-0569             
1 55148U 23004J   26070.19610300  .00000389  00000+0  10304-2 0  9996
2 55148  87.9045 339.7068 0002514  92.2927 267.8490 13.13470568157318
ONEWEB-0570             
1 55149U 23004K   26070.17097722  .00000055  00000+0  10783-3 0  9994
2 55149  87.9241 354.9440 0002014  65.0115 295.1227 13.18685477156775
ONEWEB-0571             
1 55150U 23004L   26070.16437560 -.00000009  00000+0 -54938-4 0  9995
2 55150  87.9243 354.9438 0002996  79.7024 280.4446 13.18684871156784
ONEWEB-0572             
1 55151U 23004M   26070.10606052  .00000008  00000+0 -11980-4 0  9992
2 55151  87.9154  25.3429 0002042  78.9263 281.2098 13.17647820154561
ONEWEB-0573             
1 55152U 23004N   26070.15779201 -.00000152  00000+0 -41742-3 0  9994
2 55152  87.9241 354.9475 0002474  67.3462 292.7931 13.18684951156778
ONEWEB-0588             
1 55153U 23004P   26070.15119299 -.00000026  00000+0 -99188-4 0  9998
2 55153  87.9242 354.9490 0002025  65.7056 294.4288 13.18687742156775
ONEWEB-0598             
1 55154U 23004Q   26069.96632308  .00000267  00000+0  71655-3 0  9990
2 55154  87.8862  40.5997 0002434  88.6247 271.5160 13.11417922153027
ONEWEB-0599             
1 55155U 23004R   26069.91538030 -.00000024  00000+0 -94077-4 0  9990
2 55155  87.9148  25.3796 0001892  87.9379 272.1969 13.17647930154541
ONEWEB-0614             
1 55156U 23004S   26070.19012075 -.00000023  00000+0 -10010-3 0  9992
2 55156  87.8864  40.5632 0001772  71.8751 288.2570 13.11417533152998
ONEWEB-0616             
1 55157U 23004T   26069.88163570 -.00000012  00000+0 -63517-4 0  9993
2 55157  87.9158  25.3866 0001800 109.7918 250.3407 13.17649197154758
ONEWEB-0617             
1 55158U 23004U   26069.94937315 -.00001757  00000+0 -49946-2 0  9992
2 55158  87.8864  40.5949 0002029  71.5776 288.5572 13.11409088152981
ONEWEB-0618             
1 55159U 23004V   26070.15137223  .00009268  00000+0  53746-3 0  9995
2 55159  86.9073 217.3831 0010638 301.8725  58.1479 15.11999405167449
ONEWEB-0619             
1 55160U 23004W   26069.91370299 -.00000008  00000+0 -54678-4 0  9992
2 55160  87.9161  25.3540 0001405  79.5489 280.5800 13.17649143154655
ONEWEB-0620             
1 55161U 23004X   26069.94427520 -.00000488  00000+0 -14124-2 0  9998
2 55161  87.8860  40.6119 0002128  79.3135 280.8232 13.11416573152958
ONEWEB-0621             
1 55162U 23004Y   26069.97141376  .00000411  00000+0  11227-2 0  9999
2 55162  87.8873  40.5864 0001686  76.5793 283.5523 13.11419390152937
ONEWEB-0622             
1 55163U 23004Z   26069.90019304  .00000580  00000+0  16018-2 0  9998
2 55163  87.8870  40.6026 0002071  61.1830 298.9506 13.11418832152916
ONEWEB-0623             
1 55164U 23004AA  26069.90863947 -.00000043  00000+0 -14436-3 0  9998
2 55164  87.9153  25.3966 0001550  56.1586 303.9693 13.17649314154641
ONEWEB-0624             
1 55165U 23004AB  26069.88513475  .00000305  00000+0  80549-3 0  9991
2 55165  87.9003  10.1141 0001668  75.7221 284.4093 13.12923758155174
ONEWEB-0625             
1 55166U 23004AC  26070.12632311 -.00000003  00000+0 -41236-4 0  9990
2 55166  87.9154  25.3469 0001757  86.0068 274.1264 13.17649766154664
ONEWEB-0626             
1 55167U 23004AD  26070.11617960  .00000031  00000+0  47918-4 0  9995
2 55167  87.9152  25.3491 0002313  82.6577 277.4817 13.17647759154664
ONEWEB-0627             
1 55168U 23004AE  26069.95251155  .00000035  00000+0  57598-4 0  9995
2 55168  87.9151  25.3818 0001622  63.9088 296.2210 13.17650086154649
ONEWEB-0628             
1 55169U 23004AF  26070.05909108  .00000425  00000+0  11473-2 0  9990
2 55169  87.9002  10.1287 0001378  57.7304 302.3958 13.12442099155161
ONEWEB-0629             
1 55170U 23004AG  26069.92802692  .00000033  00000+0  52967-4 0  9996
2 55170  87.9148  25.3840 0001487  81.2236 278.9064 13.17647571154649
ONEWEB-0631             
1 55171U 23004AH  26070.14458477  .00000105  00000+0  23263-3 0  9997
2 55171  87.9251 354.9069 0002239  71.1950 288.9425 13.18685924156757
ONEWEB-0709             
1 55172U 23004AJ  26069.93411009 -.00000360  00000+0 -10503-2 0  9990
2 55172  87.8859  40.6171 0002718  88.3997 271.7442 13.11414449152993
ONEWEB-0710             
1 55173U 23004AK  26069.86643883 -.00000036  00000+0 -12619-3 0  9991
2 55173  87.9154  25.3910 0001825  74.9591 285.1743 13.17647661154639
ONEWEB-0711             
1 55174U 23004AL  26070.21048015  .00000543  00000+0  14965-2 0  9995
2 55174  87.8875  40.5439 0001752  57.5329 302.5968 13.11416787152996
ONEWEB-0713             
1 55175U 23004AM  26069.92393601 -.00000029  00000+0 -11786-3 0  9996
2 55175  87.8868  40.6008 0001762  69.5638 290.5679 13.11414334152945
ONEWEB-0715             
1 55176U 23004AN  26069.91885387  .00000179  00000+0  47030-3 0  9998
2 55176  87.8866  40.6019 0002546  78.6005 281.5409 13.11414485152988
ONEWEB-0716             
1 55177U 23004AP  26069.93564324  .00000082  00000+0  17692-3 0  9990
2 55177  87.9151  25.3775 0001787  88.7434 271.3903 13.17649099154648
ONEWEB-0717             
1 55178U 23004AQ  26069.91875837 -.00000033  00000+0 -11834-3 0  9993
2 55178  87.9162  25.3605 0001918  59.1044 301.0276 13.17648151154695
ONEWEB-0719             
1 55179U 23004AR  26070.15668075  .00000137  00000+0  32071-3 0  9995
2 55179  87.9162  25.2949 0001677  83.8465 276.2857 13.17648066154670
ONEWEB-0530             
1 55796U 23029A   26070.13691664  .00000002  00000+0 -26476-4 0  9990
2 55796  87.9160 294.0564 0001312  69.7785 290.3489 13.20770315148203
ONEWEB-0534             
1 55797U 23029B   26070.04853699  .00000061  00000+0  11730-3 0  9999
2 55797  87.9159 294.0727 0001583  90.2126 269.9189 13.20770399148190
ONEWEB-0556             
1 55798U 23029C   26070.13061075 -.00000038  00000+0 -12554-3 0  9990
2 55798  87.9158 294.0590 0000976 115.4570 244.6665 13.20770613148206
ONEWEB-0562             
1 55799U 23029D   26070.04222195  .00000117  00000+0  25596-3 0  9999
2 55799  87.9158 294.0565 0000890  61.5190 298.6033 13.20770401148194
ONEWEB-0563             
1 55800U 23029E   26070.03590288  .00000129  00000+0  28613-3 0  9998
2 55800  87.9159 294.0882 0001577  93.5297 266.6016 13.20772911148189
ONEWEB-0564             
1 55801U 23029F   26070.18111024  .00000117  00000+0  25515-3 0  9997
2 55801  87.9156 294.0315 0001362  72.0442 288.0840 13.20770827148215
ONEWEB-0638             
1 55802U 23029G   26070.12500964  .00000122  00000+0  29446-3 0  9990
2 55802  87.8974 309.3284 0001028  90.5618 269.5629 13.14503891146515
ONEWEB-0639             
1 55803U 23029H   26070.15243796  .00000001  00000+0 -30980-4 0  9994
2 55803  87.9225 324.5115 0002306 103.9765 256.1624 13.19725236145970
ONEWEB-0640             
1 55804U 23029J   26070.13451907  .00000016  00000+0  78907-5 0  9995
2 55804  87.8980 309.3171 0001215 111.8478 248.2780 13.14502702146532
ONEWEB-0641             
1 55805U 23029K   26070.14769023  .00000119  00000+0  26615-3 0  9999
2 55805  87.9230 324.4991 0001818  84.1337 276.0003 13.19724569145982
ONEWEB-0642             
1 55806U 23029L   26070.14295133 -.00000133  00000+0 -36395-3 0  9990
2 55806  87.9227 324.5147 0002322  96.7718 263.3679 13.19725594145972
ONEWEB-0643             
1 55807U 23029M   26070.18051399  .00000249  00000+0  63643-3 0  9991
2 55807  87.8977 309.2947 0002219  90.1647 269.9737 13.14503918146513
ONEWEB-0644             
1 55808U 23029N   26070.13822053  .00000183  00000+0  42433-3 0  9991
2 55808  87.9216 324.5223 0001974  86.9805 273.1553 13.19724574145974
ONEWEB-0645             
1 55809U 23029P   26070.16032782  .00000076  00000+0  15787-3 0  9990
2 55809  87.9225 324.5101 0001731  99.6822 260.4506 13.19725549145971
ONEWEB-0646             
1 55810U 23029Q   26070.17769207  .00000083  00000+0  17410-3 0  9995
2 55810  87.9226 324.5067 0001916  85.8812 274.2540 13.19724339145962
ONEWEB-0648             
1 55811U 23029R   26070.14879495 -.00000175  00000+0 -50626-3 0  9994
2 55811  87.8983 309.2664 0002021 109.6717 250.4631 13.14502463146518
ONEWEB-0649             
1 55812U 23029S   26070.12715101  .00000092  00000+0  19750-3 0  9995
2 55812  87.9226 324.5140 0001717  90.2619 269.8711 13.19724576145996
ONEWEB-0650             
1 55813U 23029T   26070.19822779  .00000079  00000+0  16447-3 0  9998
2 55813  87.9227 324.5029 0002026  91.3064 268.8300 13.19723872145973
ONEWEB-0652             
1 55814U 23029U   26070.12976644  .00000095  00000+0  22079-3 0  9999
2 55814  87.8977 309.2854 0001575  76.8418 283.2887 13.14502650146482
ONEWEB-0653             
1 55815U 23029V   26070.19002668  .00000310  00000+0  80056-3 0  9992
2 55815  87.8982 309.2642 0001443  78.6536 281.4756 13.14502896146521
ONEWEB-0654             
1 55816U 23029W   26070.18526762  .00000260  00000+0  66701-3 0  9993
2 55816  87.8973 309.2647 0001431  70.4937 289.6347 13.14502736146540
ONEWEB-0656             
1 55817U 23029X   26070.17479800  .00000075  00000+0  15160-3 0  9990
2 55817  87.9168 293.9988 0001398  69.7948 290.3335 13.20770831148212
ONEWEB-0657             
1 55818U 23029Y   26070.19350442  .00000005  00000+0 -18809-4 0  9991
2 55818  87.9228 324.5021 0002147  62.4191 297.7160 13.19725227145987
ONEWEB-0658             
1 55819U 23029Z   26070.18876501  .00000083  00000+0  17432-3 0  9995
2 55819  87.9240 324.4704 0002050  89.0690 271.0678 13.19724839145999
ONEWEB-0660             
1 55820U 23029AA  26070.16306605 -.00000064  00000+0 -20755-3 0  9991
2 55820  87.8989 309.2552 0001460  94.9533 265.1764 13.14504134146526
ONEWEB-0661             
1 55821U 23029AB  26070.19795186  .00000175  00000+0  43624-3 0  9992
2 55821  87.8975 309.3046 0001399  92.2850 267.8440 13.14503294146510
ONEWEB-0662             
1 55822U 23029AC  26070.15671527 -.00000281  00000+0 -79317-3 0  9999
2 55822  87.8971 309.3207 0001594  94.2313 265.8998 13.14503937146553
ONEWEB-0663             
1 55823U 23029AD  26070.14005713 -.00000405  00000+0 -10279-2 0  9996
2 55823  87.9171 294.0792 0001791 100.6932 259.4403 13.20859858148201
ONEWEB-0664             
1 55824U 23029AE  26070.16216116 -.00000009  00000+0 -55288-4 0  9991
2 55824  87.9160 294.0661 0001163  93.6733 266.4534 13.20770026148200
ONEWEB-0665             
1 55825U 23029AF  26070.19478737  .00000147  00000+0  36156-3 0  9997
2 55825  87.8978 309.2860 0001682  99.9168 260.2151 13.14502657146531
ONEWEB-0666             
1 55826U 23029AG  26070.15585910  .00000028  00000+0  38026-4 0  9993
2 55826  87.9153 294.0573 0001930  68.9763 291.1577 13.20770539148218
ONEWEB-0667             
1 55827U 23029AH  26070.14955110 -.00000021  00000+0 -83035-4 0  9991
2 55827  87.9170 293.9998 0001567  94.4689 265.6623 13.20770706148207
ONEWEB-0669             
1 55828U 23029AJ  26070.14481483 -.00000030  00000+0 -10627-3 0  9995
2 55828  87.9156 294.0250 0001161  68.8118 291.3139 13.20770909148200
ONEWEB-0670             
1 55829U 23029AK  26070.17258102  .00000132  00000+0  32149-3 0  9993
2 55829  87.8976 309.3092 0001244  89.1600 270.9672 13.14503494146555
ONEWEB-0671             
1 55830U 23029AL  26070.18402215  .00000102  00000+0  22225-3 0  9993
2 55830  87.9226 324.5056 0001621  85.6674 274.4644 13.19724742145975
ONEWEB-0672             
1 55831U 23029AM  26070.06433436 -.00008184  00000+0 -20188-1 0  9994
2 55831  87.9147 294.0275 0002117  97.3344 262.8030 13.20735499148197
ONEWEB-0673             
1 55832U 23029AN  26070.16110692  .00000057  00000+0  10941-3 0  9999
2 55832  87.9229 324.4955 0001603  83.9075 276.2240 13.19724412145979
ONEWEB-0674             
1 55833U 23029AP  26070.14086105 -.00000091  00000+0 -28034-3 0  9991
2 55833  87.8976 309.2925 0001206  90.2237 269.9031 13.14502319146531
ONEWEB-0675             
1 55834U 23029AQ  26070.17612553  .00000076  00000+0  15687-3 0  9998
2 55834  87.9220 324.5079 0001966  75.5384 284.5967 13.19724909145993
ONEWEB-0720             
1 55835U 23029AR  26070.16823522  .00000292  00000+0  69825-3 0  9991
2 55835  87.9227 324.5105 0001985  94.9090 265.2270 13.19724831145910
ONEWEB-0537             
1 56046U 23043A   26070.00651486  .00000065  00000+0  13743-3 0  9999
2 56046  87.9004 248.2987 0001644  89.1848 270.9471 13.16593112146041
ONEWEB-0538             
1 56047U 23043B   26069.92419588  .00000063  00000+0  13245-3 0  9999
2 56047  87.9005 248.3175 0001912  94.0526 266.0824 13.16593755146040
ONEWEB-0546             
1 56048U 23043C   26069.91152992 -.00000016  00000+0 -74845-4 0  9996
2 56048  87.9009 248.3181 0001709  73.2938 286.8380 13.16593875146031
ONEWEB-0547             
1 56049U 23043D   26070.07066420  .00000027  00000+0  33007-4 0  9991
2 56049  87.9163 263.5353 0001742  92.9326 267.2008 13.21824812145267
ONEWEB-0548             
1 56050U 23043E   26070.01207114  .00000136  00000+0  32243-3 0  9995
2 56050  87.9003 248.2974 0001168 103.8358 256.2903 13.16592263146045
ONEWEB-0549             
1 56051U 23043F   26070.06326590 -.00000047  00000+0 -14475-3 0  9991
2 56051  87.9162 263.5489 0001891  94.8870 265.2480 13.21826897145266
ONEWEB-0550             
1 56052U 23043G   26070.05008921  .00000043  00000+0  71538-4 0  9994
2 56052  87.9164 263.5471 0001501  90.2408 269.8898 13.21824540145261
ONEWEB-0551             
1 56053U 23043H   26070.04128366  .00000117  00000+0  27671-3 0  9990
2 56053  87.8938 278.8251 0001911  93.2247 266.9102 13.15548725143494
ONEWEB-0552             
1 56054U 23043J   26070.04516463  .00000040  00000+0  64612-4 0  9992
2 56054  87.9162 263.5561 0001679 100.9756 259.1567 13.21825850145262
ONEWEB-0553             
1 56055U 23043K   26069.91786064  .00000023  00000+0  25676-4 0  9991
2 56055  87.9004 248.3191 0001449  82.5296 277.5999 13.16593613146040
ONEWEB-0554             
1 56056U 23043L   26070.05718682 -.00000049  00000+0 -16093-3 0  9992
2 56056  87.9004 248.3017 0001324  98.1476 261.9805 13.16593460146046
ONEWEB-0555             
1 56057U 23043M   26070.01919280  .00000121  00000+0  28187-3 0  9992
2 56057  87.9006 248.2942 0001520  75.5258 284.6042 13.16593879146049
ONEWEB-0557             
1 56058U 23043N   26070.18543213  .00000059  00000+0  12162-3 0  9996
2 56058  87.9007 248.2726 0000520  50.9249 309.1928 13.16593652146064
ONEWEB-0558             
1 56059U 23043P   26070.03857564  .00000168  00000+0  37438-3 0  9992
2 56059  87.9164 263.5501 0002106  95.3993 264.7381 13.21826460145274
ONEWEB-0559             
1 56060U 23043Q   26070.02704774  .00000076  00000+0  15217-3 0  9996
2 56060  87.9165 263.5459 0001846 100.9936 259.1405 13.21824056145284
ONEWEB-0566             
1 56061U 23043R   26070.02047370  .00000088  00000+0  18151-3 0  9992
2 56061  87.9164 263.5467 0001949  98.5021 261.6334 13.21826851145266
ONEWEB-0568             
1 56062U 23043S   26070.05085556 -.00000031  00000+0 -11452-3 0  9991
2 56062  87.9007 248.2894 0001554  85.3486 274.7823 13.16597059146064
ONEWEB-0574             
1 56063U 23043T   26070.01389747  .00000095  00000+0  19751-3 0  9995
2 56063  87.9175 263.5407 0001454  94.1017 266.0283 13.21826074145306
ONEWEB-0575             
1 56064U 23043U   26070.19651411 -.00000030  00000+0 -11260-3 0  9993
2 56064  87.9005 248.2581 0001196  89.4975 270.6293 13.16594143146075
ONEWEB-0576             
1 56065U 23043V   26070.02552554  .00000019  00000+0  16398-4 0  9997
2 56065  87.9009 248.2962 0001392  92.5177 267.6113 13.16593546146040
ONEWEB-0577             
1 56066U 23043W   26070.03185677  .00000004  00000+0 -23958-4 0  9992
2 56066  87.9009 248.2934 0000845 102.4114 257.7111 13.16594046146071
ONEWEB-0578             
1 56067U 23043X   26070.07641102 -.00000035  00000+0 -11563-3 0  9990
2 56067  87.9165 263.5349 0001658  84.4712 275.6611 13.21823739145276
ONEWEB-0579             
1 56068U 23043Y   26070.06654744  .00000015  00000+0  39733-5 0  9993
2 56068  87.9172 263.5273 0001714 101.8474 258.2852 13.21826644145286
ONEWEB-0581             
1 56069U 23043Z   26070.03819173  .00000055  00000+0  11086-3 0  9993
2 56069  87.9008 248.3038 0001022 102.3693 257.7553 13.16594624146047
ONEWEB-0609             
1 56070U 23043AA  26070.06980471 -.00000066  00000+0 -21071-3 0  9997
2 56070  87.8934 278.8075 0001718  88.4765 271.6562 13.15547754143538
ONEWEB-0613             
1 56071U 23043AB  26070.14111050 -.00000122  00000+0 -35692-3 0  9993
2 56071  87.8936 278.8041 0001781  95.6664 264.4669 13.15548030143549
ONEWEB-0630             
1 56072U 23043AC  26070.13635612 -.00000082  00000+0 -25288-3 0  9993
2 56072  87.8938 278.7746 0001734  97.0839 263.0488 13.15548282143533
ONEWEB-0632             
1 56073U 23043AD  26070.13160323 -.00000033  00000+0 -12098-3 0  9997
2 56073  87.8940 278.7931 0001414  92.6030 267.5262 13.15548055143539
ONEWEB-0633             
1 56074U 23043AE  26070.04920674  .00000102  00000+0  23745-3 0  9997
2 56074  87.8945 278.7774 0001984  95.1233 265.0124 13.15548119143503
ONEWEB-0634             
1 56075U 23043AF  26070.03494699  .00000188  00000+0  46658-3 0  9992
2 56075  87.8937 278.8291 0001853  81.4181 278.7159 13.15547844143496
ONEWEB-0635             
1 56076U 23043AG  26070.03018979  .00000177  00000+0  43673-3 0  9998
2 56076  87.8944 278.7841 0001292  92.1703 267.9575 13.15547841143524
ONEWEB-0636             
1 56077U 23043AH  26070.02226757  .00000196  00000+0  48614-3 0  9994
2 56077  87.8940 278.7993 0001354  90.6461 269.4825 13.15548415143503
ONEWEB-0637             
1 56078U 23043AJ  26070.01593462  .00000206  00000+0  51182-3 0  9990
2 56078  87.8935 278.8186 0001437  78.2599 281.8692 13.15548469143520
ONEWEB-0647             
1 56079U 23043AK  26070.08723646  .00000049  00000+0  95594-4 0  9998
2 56079  87.8935 278.8166 0001527  93.7168 266.4137 13.15548051143523
ONEWEB-0651             
1 56080U 23043AL  26070.08248206  .00000024  00000+0  28711-4 0  9994
2 56080  87.8935 278.8125 0001334  85.1782 274.9500 13.15548142144725
ONEWEB-0718             
1 56081U 23043AM  26070.07772902 -.00000027  00000+0 -10694-3 0  9994
2 56081  87.8935 278.7939 0002002  79.2527 280.8828 13.15548444143534
ONEWEB-0561             
1 56710U 23068A   26070.16848219  .00000064  00000+0  12430-3 0  9994
2 56710  87.9162 294.0149 0001289 100.7996 259.3282 13.20770612136566
ONEWEB-0668             
1 56711U 23068B   26070.01286010  .00000182  00000+0  44322-3 0  9990
2 56711  87.9016 248.2909 0001775  75.7500 284.3828 13.16594143138869
ONEWEB-0676             
1 56712U 23068C   26070.02077663  .00000104  00000+0  23956-3 0  9998
2 56712  87.9006 248.3016 0001261  96.4925 263.6349 13.16594338138785
ONEWEB-0677             
1 56713U 23068D   26070.15744549 -.00000703  00000+0 -17622-2 0  9996
2 56713  87.9166 294.0097 0001477  80.6121 279.5179 13.20764903136868
ONEWEB-0678             
1 56714U 23068E   26070.04603754  .00000079  00000+0  17602-3 0  9990
2 56714  87.8945 278.7827 0001656  99.4847 260.6470 13.15547957136389
ONEWEB-0679             
1 56715U 23068F   26070.05560795  .00000022  00000+0  24324-4 0  9997
2 56715  87.9015 248.2808 0001329  75.2174 284.9105 13.16594062138816
ONEWEB-0680             
1 56716U 23068G   26070.06984906  .00000049  00000+0  86011-4 0  9993
2 56716  87.9174 263.5276 0001694  72.3211 287.8108 13.21827079138130
ONEWEB-0681             
1 56717U 23068H   26070.04927102  .00000062  00000+0  11834-3 0  9992
2 56717  87.9164 263.5402 0000646 109.9593 250.1611 13.21825722138121
ONEWEB-0682             
1 56718U 23068J   26069.61584055 -.00000096  00000+0 -28883-3 0  9991
2 56718  87.8937 278.8749 0001640  72.4458 287.6851 13.15547489136494
ONEWEB-0683             
1 56719U 23068K   26070.01751806  .00000169  00000+0  41399-3 0  9994
2 56719  87.8946 278.7875 0001674  80.8173 279.3147 13.15548165136519
ONEWEB-0684             
1 56720U 23068L   26070.02544245  .00000257  00000+0  64981-3 0  9994
2 56720  87.8943 278.7789 0002690 111.6936 248.4481 13.15548266136342
ONEWEB-0686             
1 56721U 23068M   26070.01602142  .00000159  00000+0  38289-3 0  9998
2 56721  87.8995 248.3272 0001926  89.0069 271.1282 13.16594718138793
ONEWEB-0694             
1 56722U 23068N   26070.02236273  .00000100  00000+0  22816-3 0  9993
2 56722  87.9016 248.2712 0001747  78.5927 281.5400 13.16593801138850
ONEWEB-0696             
1 56723U 23068P   26070.13476431 -.00000046  00000+0 -15638-3 0  9993
2 56723  87.8938 278.8021 0001803 105.0807 255.0523 13.15549616136473
ONEWEB-0703             
1 56724U 23068Q   26070.06821721 -.00000092  00000+0 -27909-3 0  9997
2 56724  87.8938 278.7963 0001661 126.8973 233.2309 13.15547808136353
ONEWEB-0721             
1 56725U 23068R   26070.16102531  .00000139  00000+0  29964-3 0  9993
2 56725  86.6757 116.8178 0001913  98.5106 261.6244 13.22462404144980
ONEWEB-0015             
1 61594U 24188A   26070.19181774  .00000074  00000+0  17294-3 0  9997
2 61594  87.8865  40.5781 0001382  67.8393 292.2881 13.11419015 71617
ONEWEB-0687             
1 61595U 24188B   26070.12124873 -.00000083  00000+0 -24569-3 0  9993
2 61595  87.9144  25.3576 0001889  63.6956 296.4369 13.17647773 72981
ONEWEB-0688             
1 61596U 24188C   26067.94760759  .00017991  00000+0  46114-1 0  9991
2 61596  87.9138  25.7892 0002425 298.5992  61.4895 13.17794613 72694
ONEWEB-0689             
1 61597U 24188D   26070.14943867  .00000059  00000+0  12961-3 0  9993
2 61597  87.8878  40.5269 0002031  75.5247 284.6106 13.11413879 71607
ONEWEB-0690             
1 61598U 24188E   26070.15960851 -.00000324  00000+0 -94965-3 0  9998
2 61598  87.8872  40.5449 0001737 106.1548 253.9771 13.11414258 71787
ONEWEB-0691             
1 61599U 24188F   26069.92563321  .00000025  00000+0  34956-4 0  9994
2 61599  87.8878  40.4919 0001593  72.5886 287.5416 13.11414301 71605
ONEWEB-0692             
1 61600U 24188G   26070.17486441 -.00000539  00000+0 -15576-2 0  9990
2 61600  87.8858  40.5742 0002744  85.1281 275.0160 13.11416760 71620
ONEWEB-0693             
1 61601U 24188H   26069.93392968  .00000065  00000+0  13514-3 0  9996
2 61601  87.9138  25.4151 0001557 107.6852 252.4450 13.17649197 72949
ONEWEB-0695             
1 61602U 24188J   26070.15113572  .00000098  00000+0  24128-3 0  9994
2 61602  87.8860  40.5700 0002322  76.6070 283.5317 13.11415496 71614
ONEWEB-0697             
1 61603U 24188K   26069.95445592 -.00000290  00000+0 -85472-3 0  9996
2 61603  87.8861  40.5986 0002617  86.3564 273.7863 13.11417801 71579
ONEWEB-0698             
1 61604U 24188L   26069.93241265 -.00000346  00000+0 -10125-2 0  9990
2 61604  87.8859  40.6186 0002683 106.0838 254.0586 13.11414941 71595
ONEWEB-0699             
1 61605U 24188M   26069.94342998  .00000641  00000+0  18010-2 0  9994
2 61605  87.8784  55.8235 0002496  90.4660 269.6753 13.10373296 70444
ONEWEB-0700             
1 61606U 24188N   26069.94508885  .00000680  00000+0  19108-2 0  9996
2 61606  87.8795  55.7178 0002536  80.8092 279.3322 13.10372511 70437
ONEWEB-0701             
1 61607U 24188P   26070.03803669  .00000172  00000+0  45637-3 0  9990
2 61607  87.8778  55.8043 0002675  90.6747 269.4687 13.10369512 70454
ONEWEB-0702             
1 61608U 24188Q   26070.20707814  .00000570  00000+0  15730-2 0  9997
2 61608  87.8883  40.4521 0002866  81.1258 279.0194 13.11418750 71649
ONEWEB-0704             
1 61609U 24188R   26069.95006999  .00000642  00000+0  18039-2 0  9999
2 61609  87.8794  55.7982 0002821  82.2982 277.8465 13.10372774 70424
ONEWEB-0705             
1 61610U 24188S   26069.95504695  .00000567  00000+0  15877-2 0  9990
2 61610  87.8781  55.8102 0002476  60.2559 299.8815 13.10371154 62592
ONEWEB-0706             
1 61611U 24188T   26070.01646607  .00000557  00000+0  15582-2 0  9992
2 61611  87.8773  55.8104 0002424  77.8177 282.3221 13.10373478 70520
ONEWEB-0707             
1 61612U 24188U   26069.94674936  .00000697  00000+0  19605-2 0  9994
2 61612  87.8785  55.8113 0002412  79.9887 280.1513 13.10372646 70450
ONEWEB-0708             
1 61613U 24188V   26069.96499363  .00000046  00000+0  96730-4 0  9990
2 61613  87.8772  55.8354 0001819  67.5174 292.6146 13.10369229 70437
