ONEWEB-0012             
1 44057U 19010A   26038.60235980 -.00000004  00000+0 -44694-4 0  9999
2 44057  87.9001 254.5800 0001438  70.7634 289.3652 13.16594242334512
ONEWEB-0010             
1 44058U 19010B   26038.62768888 -.00000008  00000+0 -55823-4 0  9990
2 44058  87.9011 254.5702 0001357 101.2760 258.8523 13.16594428334564
ONEWEB-0008             
1 44059U 19010C   26038.57702930  .00000021  00000+0  21158-4 0  9998
2 44059  87.9003 254.5770 0001730  88.0865 272.0464 13.16594428334678
ONEWEB-0007             
1 44060U 19010D   26038.58523182  .00000172  00000+0  42301-3 0  9990
2 44060  87.8977 285.1010 0001207  80.1151 280.0116 13.15548709334332
ONEWEB-0006             
1 44061U 19010E   26038.58919445  .00000080  00000+0  17896-3 0  9991
2 44061  87.8989 285.0518 0001389  90.8889 269.2400 13.15548500334384
ONEWEB-0011             
1 44062U 19010F   26038.63356222 -.00000105  00000+0 -31250-3 0  9996
2 44062  87.8988 285.0513 0001676  88.0907 272.0415 13.15547848334380
ONEWEB-0013             
1 45131U 20008A   26038.57669879  .00000045  00000+0  92770-4 0  9997
2 45131  87.8445  79.0055 0001814  67.3130 292.8189 13.09442171289103
ONEWEB-0017             
1 45132U 20008B   26038.57375882  .00000285  00000+0  77995-3 0  9993
2 45132  87.8756  62.0981 0001802  99.1868 260.9463 13.10375799290978
ONEWEB-0020             
1 45133U 20008C   26038.62024600 -.00000296  00000+0 -88363-3 0  9994
2 45133  87.8757  62.0778 0002090  99.8485 260.2879 13.10402717291376
ONEWEB-0021             
1 45134U 20008D   26038.55879824 -.00000428  00000+0 -12627-2 0  9999
2 45134  87.8752  62.1172 0001764  88.8346 271.2983 13.10373473291679
ONEWEB-0023             
1 45136U 20008F   26038.56960709  .00000063  00000+0  14296-3 0  9993
2 45136  87.8754  62.0943 0001843  85.3989 274.7349 13.10376876291103
ONEWEB-0024             
1 45137U 20008G   26038.61857368 -.00000513  00000+0 -15055-2 0  9991
2 45137  87.8765  62.0658 0001796  95.8922 264.2410 13.10371257291278
ONEWEB-0025             
1 45138U 20008H   26038.55963167 -.00000379  00000+0 -11212-2 0  9991
2 45138  87.8760  62.0761 0001678  84.6770 275.4548 13.10373752291598
ONEWEB-0026             
1 45139U 20008J   26038.53035031  .00000287  00000+0  77401-3 0  9999
2 45139  87.8822  46.8615 0001873  94.7790 265.3552 13.11418638294115
ONEWEB-0028             
1 45140U 20008K   26038.56341982  .00000090  00000+0  21673-3 0  9991
2 45140  87.8816  46.8659 0001838  67.3981 292.7341 13.11415479291631
ONEWEB-0032             
1 45141U 20008L   26038.57542275  .00000355  00000+0  98078-3 0  9998
2 45141  87.8758  62.0982 0001847  85.5324 274.6015 13.10375724291329
ONEWEB-0033             
1 45142U 20008M   26038.62686956 -.00000581  00000+0 -16997-2 0  9992
2 45142  87.8750  62.0989 0001885 109.2361 250.8970 13.10372766291246
ONEWEB-0035             
1 45143U 20008N   26038.58124231  .00000572  00000+0  16036-2 0  9993
2 45143  87.8755  62.1068 0001825  95.3112 264.8224 13.10374322290969
ONEWEB-0036             
1 45144U 20008P   26038.57127059  .00000204  00000+0  54822-3 0  9992
2 45144  87.8767  62.0723 0001956  83.0402 277.0948 13.10375781291398
ONEWEB-0038             
1 45145U 20008Q   26038.54067285  .00000494  00000+0  13588-2 0  9998
2 45145  87.8829  46.8585 0000178 139.0147 221.0994 13.11417601293332
ONEWEB-0039             
1 45146U 20008R   26038.55383073 -.00000260  00000+0 -77993-3 0  9990
2 45146  87.8755  62.0931 0001746  77.3014 282.8308 13.10373350291181
ONEWEB-0040             
1 45147U 20008S   26038.62354793 -.00000605  00000+0 -17683-2 0  9998
2 45147  87.8748  62.0991 0001752  94.1540 265.9787 13.10372423290898
ONEWEB-0043             
1 45149U 20008U   26038.62520804 -.00000627  00000+0 -18318-2 0  9998
2 45149  87.8749  62.0812 0001854  72.9685 287.1645 13.10372867291218
ONEWEB-0044             
1 45150U 20008V   26038.57708348  .00000502  00000+0  14028-2 0  9999
2 45150  87.8765  62.0845 0001702  86.6708 273.4614 13.10378480291507
ONEWEB-0045             
1 45151U 20008W   26038.53545091  .00000444  00000+0  12178-2 0  9999
2 45151  87.8830  46.8463 0001746  87.0176 273.1152 13.11419734293414
ONEWEB-0047             
1 45152U 20008X   26038.57044811  .00000081  00000+0  19698-3 0  9990
2 45152  87.8755  62.0910 0001811  92.0005 268.1330 13.10376532291224
ONEWEB-0048             
1 45153U 20008Y   26038.56545240 -.00000095  00000+0 -30862-3 0  9995
2 45153  87.8755  62.1196 0001786  94.2687 265.8645 13.10377575290830
ONEWEB-0049             
1 45154U 20008Z   26038.56864915  .00000052  00000+0  11301-3 0  9997
2 45154  87.8752  62.1074 0002247  87.0446 273.0939 13.10376404291051
ONEWEB-0051             
1 45155U 20008AA  26038.53374981  .00000434  00000+0  11900-2 0  9992
2 45155  87.8827  46.8605 0001810  90.2059 269.9276 13.11418806294094
ONEWEB-0052             
1 45156U 20008AB  26038.56297105 -.00000256  00000+0 -77070-3 0  9993
2 45156  87.8762  62.0747 0002299  83.5231 276.6158 13.10375244290962
ONEWEB-0053             
1 45157U 20008AC  26038.62188327 -.00000541  00000+0 -15873-2 0  9995
2 45157  87.8751  62.1045 0001956  77.4137 282.7209 13.10372120290942
ONEWEB-0054             
1 45158U 20008AD  26038.58040385  .00000568  00000+0  15903-2 0  9993
2 45158  87.8759  62.0860 0001966  92.0649 268.0704 13.10374481291059
ONEWEB-0056             
1 45159U 20008AE  26038.56130692 -.00000340  00000+0 -10116-2 0  9994
2 45159  87.8761  62.0900 0002037  91.7759 268.3601 13.10375581291204
ONEWEB-0057             
1 45160U 20008AF  26038.56891606  .00000088  00000+0  21536-3 0  9991
2 45160  87.8757  62.0995 0001914  85.9485 274.1861 13.10377172291378
ONEWEB-0058             
1 45161U 20008AG  26038.55561900 -.00000565  00000+0 -16540-2 0  9992
2 45161  87.8754  62.1115 0001693  98.3665 261.7655 13.10373425291441
ONEWEB-0059             
1 45162U 20008AH  26038.62851879 -.00000625  00000+0 -18262-2 0  9998
2 45162  87.8750  62.0977 0001729  92.7900 267.3425 13.10372401291353
ONEWEB-0062             
1 45163U 20008AJ  26038.57791930  .00000549  00000+0  15370-2 0  9994
2 45163  87.8765  62.0871 0001655 105.6066 254.5244 13.10375265291211
ONEWEB-0065             
1 45164U 20008AK  26038.60848102 -.00000072  00000+0 -24275-3 0  9991
2 45164  87.8748  62.0926 0002132  84.5584 275.5787 13.10369690290911
ONEWEB-0066             
1 45424U 20020A   26038.51847909 -.00000210  00000+0 -62804-3 0  9992
2 45424  87.8827  46.8648 0001672  87.6165 272.5155 13.11417958285682
ONEWEB-0067             
1 45425U 20020B   26038.55593405  .00000341  00000+0  92537-3 0  9995
2 45425  87.8835  46.7644 0001868  82.6326 277.5014 13.11415345285742
ONEWEB-0080             
1 45426U 20020C   26038.56513425 -.00000006  00000+0 -53892-4 0  9993
2 45426  87.8822  46.8540 0001721 101.3320 258.8002 13.11416900285710
ONEWEB-0090             
1 45427U 20020D   26038.50844297 -.00000500  00000+0 -14457-2 0  9993
2 45427  87.8822  46.8669 0001801  90.8873 269.2461 13.11418143285678
ONEWEB-0061             
1 45428U 20020E   26038.54039752  .00000578  00000+0  15954-2 0  9996
2 45428  87.8826  46.8448 0001810  89.4908 270.6427 13.11416040285639
ONEWEB-0081             
1 45429U 20020F   26038.52186820 -.00000096  00000+0 -30587-3 0  9991
2 45429  87.8831  46.8633 0001680  82.9265 277.2054 13.11419420285747
ONEWEB-0069             
1 45430U 20020G   26038.51084899 -.00000449  00000+0 -13017-2 0  9995
2 45430  87.8826  46.8616 0001798  87.8329 272.3004 13.11416943285679
ONEWEB-0031             
1 45431U 20020H   26038.55917741  .00000269  00000+0  72397-3 0  9996
2 45431  87.8816  46.8722 0001788  94.7082 265.4250 13.11414905285660
ONEWEB-0027             
1 45432U 20020J   26038.53095648  .00000062  00000+0  12548-3 0  9991
2 45432  87.9108  31.5977 0002117  97.0129 263.1243 13.17650750289289
ONEWEB-0064             
1 45433U 20020K   26038.55748226  .00000380  00000+0  10350-2 0  9992
2 45433  87.8817  46.8624 0001866  95.7051 264.4290 13.11414643285693
ONEWEB-0018             
1 45434U 20020L   26038.51338223 -.00000569  00000+0 -16420-2 0  9996
2 45434  87.8828  46.8658 0001666  89.6906 270.4413 13.11417059285634
ONEWEB-0083             
1 45435U 20020M   26038.58036787 -.00000513  00000+0 -14843-2 0  9990
2 45435  87.8825  46.8401 0001789  92.4932 267.6401 13.11417364285684
ONEWEB-0095             
1 45436U 20020N   26038.57118115 -.00000213  00000+0 -63713-3 0  9994
2 45436  87.8822  46.8515 0002599  90.7809 269.3617 13.11415071285683
ONEWEB-0092             
1 45437U 20020P   26038.54307922  .00000572  00000+0  15769-2 0  9991
2 45437  87.8822  46.8569 0002173  85.6633 274.4743 13.11415756285798
ONEWEB-0085             
1 45438U 20020Q   26038.57951320 -.00000462  00000+0 -13384-2 0  9993
2 45438  87.8817  46.8553 0001854  89.8096 270.3244 13.11416503285680
ONEWEB-0096             
1 45439U 20020R   26038.58120674 -.00000476  00000+0 -13795-2 0  9996
2 45439  87.8828  46.8405 0001805  87.5599 272.5736 13.11416519285674
ONEWEB-0037             
1 45440U 20020S   26038.56172120  .00000169  00000+0  43974-3 0  9999
2 45440  87.8834  46.8185 0001924  90.2685 269.8663 13.11416215285702
ONEWEB-0042             
1 45441U 20020T   26038.57091398  .00000607  00000+0  16765-2 0  9992
2 45441  87.8825  46.8410 0001836  86.6931 273.4407 13.11415319285676
ONEWEB-0098             
1 45442U 20020U   26038.56679596 -.00000065  00000+0 -21891-3 0  9991
2 45442  87.8825  46.8536 0001780  91.9589 268.1743 13.11416314285650
ONEWEB-0055             
1 45443U 20020V   26038.54985908  .00000475  00000+0  13050-2 0  9997
2 45443  87.8822  46.8572 0001829  90.0886 270.0451 13.11414904285620
ONEWEB-0093             
1 45444U 20020W   26038.52540373  .00000003  00000+0 -27449-4 0  9996
2 45444  87.8831  46.8500 0001775  76.7844 283.3482 13.11419081285685
ONEWEB-0029             
1 45445U 20020X   26038.54137431  .00000568  00000+0  15660-2 0  9991
2 45445  87.8827  46.8592 0001720  87.2984 272.8341 13.11418031285663
ONEWEB-0068             
1 45446U 20020Y   26038.52512553  .00000028  00000+0  44117-4 0  9994
2 45446  87.8828  46.8527 0001711  85.6282 274.5042 13.11418486285601
ONEWEB-0046             
1 45447U 20020Z   26038.51678328 -.00000319  00000+0 -93642-3 0  9998
2 45447  87.8827  46.8617 0001954  82.2238 277.9111 13.11418795285612
ONEWEB-0063             
1 45448U 20020AA  26038.54562293  .00000571  00000+0  15741-2 0  9996
2 45448  87.8827  46.8535 0002062  85.2528 274.8836 13.11417024285702
ONEWEB-0019             
1 45449U 20020AB  26038.58445712 -.00000508  00000+0 -14684-2 0  9994
2 45449  87.8815  46.8429 0001779  95.2482 264.8849 13.11418870285552
ONEWEB-0094             
1 45450U 20020AC  26038.50395143  .00000106  00000+0  24033-3 0  9992
2 45450  87.9110  31.6001 0001706  87.2997 272.8330 13.17647543289233
ONEWEB-0087             
1 45451U 20020AD  26038.55565166  .00000384  00000+0  10484-2 0  9994
2 45451  87.8838  46.8153 0001606  84.8541 275.2770 13.11415392285592
ONEWEB-0082             
1 45452U 20020AE  26038.55239642  .00000490  00000+0  13457-2 0  9993
2 45452  87.8838  46.8409 0001618  84.9487 275.1826 13.11415484285683
ONEWEB-0050             
1 45453U 20020AF  26038.60236896  .00002771  00000+0  28610-3 0  9990
2 45453  88.9196 250.8760 0005806  84.2101 275.9790 14.89885740321084
ONEWEB-0034             
1 45454U 20020AG  26038.57356833 -.00000336  00000+0 -98525-3 0  9990
2 45454  87.8822  46.8437 0001815  90.8362 269.2974 13.11417741285604
ONEWEB-0060             
1 45455U 20020AH  26038.54476684  .00000559  00000+0  15400-2 0  9990
2 45455  87.8815  46.8625 0001034  60.5127 299.6104 13.11417548285553
ONEWEB-0086             
1 45456U 20020AJ  26038.52356460 -.00000067  00000+0 -22521-3 0  9997
2 45456  87.8830  46.8517 0001090 101.4026 258.7224 13.11418894285617
ONEWEB-0088             
1 45457U 20020AK  26038.57781663 -.00000426  00000+0 -12373-2 0  9992
2 45457  87.8836  46.8023 0001961  83.4378 276.6973 13.11416015285558
ONEWEB-0102             
1 47258U 20100A   26038.45455220  .00000513  00000+0  13899-2 0  9995
2 47258  87.8947  16.4327 0001572  87.4734 272.6574 13.12443556247710
ONEWEB-0109             
1 47259U 20100B   26038.46301953  .00000495  00000+0  13418-2 0  9996
2 47259  87.8956  16.4029 0001804  89.3191 270.8144 13.12443263247545
ONEWEB-0110             
1 47260U 20100C   26038.49012418 -.00000251  00000+0 -73192-3 0  9994
2 47260  87.8956  16.3823 0001554  84.0122 276.1184 13.12441599247718
ONEWEB-0111             
1 47261U 20100D   26038.44437204  .00000203  00000+0  52791-3 0  9991
2 47261  87.8955  16.4100 0001716  80.5987 279.5336 13.12443569247543
ONEWEB-0114             
1 47262U 20100E   26038.47488872  .00000302  00000+0  80331-3 0  9993
2 47262  87.8955  16.3992 0002047  89.3854 270.7509 13.12443156247503
ONEWEB-0117             
1 47263U 20100F   26038.46641053  .00000414  00000+0  11168-2 0  9990
2 47263  87.8956  16.3961 0001784  85.4873 274.6459 13.12442957247512
ONEWEB-0118             
1 47264U 20100G   26038.50027656 -.00000299  00000+0 -86612-3 0  9993
2 47264  87.8956  16.3910 0002157  85.2276 274.9099 13.12445229247717
ONEWEB-0119             
1 47265U 20100H   26038.44946754  .00000235  00000+0  61757-3 0  9997
2 47265  87.8947  16.4296 0001865  85.4233 274.7108 13.12443456247681
ONEWEB-0120             
1 47266U 20100J   26038.47332187  .00000312  00000+0  83284-3 0  9995
2 47266  87.8947  16.4257 0001854  86.2963 273.8377 13.12443098247710
ONEWEB-0121             
1 47267U 20100K   26038.46132716  .00000454  00000+0  12263-2 0  9996
2 47267  87.8960  16.4016 0001598  82.5765 277.5545 13.12443255247626
ONEWEB-0122             
1 47268U 20100L   26038.45539633  .00000319  00000+0  85218-3 0  9996
2 47268  87.8961  16.4048 0001820  90.8500 269.2837 13.12442850247532
ONEWEB-0123             
1 47269U 20100M   26038.45116063  .00000386  00000+0  10383-2 0  9999
2 47269  87.8946  16.4280 0001930  83.9367 276.1982 13.12443837247679
ONEWEB-0124             
1 47270U 20100N   26038.44098079  .00000038  00000+0  70766-4 0  9993
2 47270  87.8945  16.4342 0001714  78.4936 281.6385 13.12444315247557
ONEWEB-0125             
1 47271U 20100P   26038.41896211 -.00000308  00000+0 -89176-3 0  9991
2 47271  87.8954  16.4069 0001966  74.5439 285.5906 13.12441908247612
ONEWEB-0126             
1 47272U 20100Q   26038.43943696 -.00000005  00000+0 -49555-4 0  9996
2 47272  87.8953  16.4258 0001865  88.2298 271.9044 13.12445590247685
ONEWEB-0127             
1 47273U 20100R   26038.48165652  .00000011  00000+0 -40750-5 0  9995
2 47273  87.8947  16.4243 0001837  88.2026 271.9313 13.12442925247713
ONEWEB-0128             
1 47274U 20100S   26038.42742926 -.00000310  00000+0 -89683-3 0  9994
2 47274  87.8945  16.4496 0001509  86.6284 273.5017 13.12444261247721
ONEWEB-0129             
1 47275U 20100T   26038.48333920 -.00000078  00000+0 -25311-3 0  9990
2 47275  87.8956  16.3992 0002514 109.1256 251.0145 13.12443652247660
ONEWEB-0130             
1 47276U 20100U   26038.43420553 -.00000224  00000+0 -65868-3 0  9999
2 47276  87.8955  16.4028 0001778  88.3694 271.7639 13.12443525247628
ONEWEB-0131             
1 47277U 20100V   26038.43082014 -.00000215  00000+0 -63415-3 0  9992
2 47277  87.8950  16.4342 0001772  85.5910 274.5421 13.12445210247664
ONEWEB-0132             
1 47278U 20100W   26038.45963877  .00000499  00000+0  13521-2 0  9994
2 47278  87.8952  16.4276 0001711  85.0137 275.1187 13.12442315247560
ONEWEB-0133             
1 47279U 20100X   26038.47642783  .00000268  00000+0  71023-3 0  9993
2 47279  87.8957  16.3869 0001627  83.5089 276.6225 13.12442359247723
ONEWEB-0134             
1 47280U 20100Y   26038.44607654  .00000210  00000+0  54783-3 0  9991
2 47280  87.8956  16.3896 0001655  90.8271 269.3048 13.12443779247694
ONEWEB-0135             
1 47281U 20100Z   26038.41726965 -.00000338  00000+0 -97487-3 0  9997
2 47281  87.8954  16.4338 0001544  91.9296 268.2009 13.12443063247715
ONEWEB-0136             
1 47282U 20100AA  26038.43590133 -.00000124  00000+0 -37893-3 0  9994
2 47282  87.8957  16.4009 0001663  97.3074 262.8244 13.12445406247646
ONEWEB-0137             
1 47283U 20100AB  26038.46979636  .00000418  00000+0  11272-2 0  9993
2 47283  87.8957  16.3996 0001926  82.5931 277.5416 13.12441769247553
ONEWEB-0138             
1 47284U 20100AC  26038.44776671  .00000220  00000+0  57506-3 0  9998
2 47284  87.8956  16.4134 0001777  90.7430 269.3902 13.12443347247639
ONEWEB-0139             
1 47285U 20100AD  26038.48856082 -.00000166  00000+0 -49747-3 0  9997
2 47285  87.8958  16.3929 0001793  85.3324 274.8009 13.12442470247717
ONEWEB-0140             
1 47286U 20100AE  26038.44268577  .00000123  00000+0  30646-3 0  9999
2 47286  87.8957  16.3900 0001639  81.8170 278.3144 13.12445010247672
ONEWEB-0141             
1 47287U 20100AF  26038.48828133 -.00000190  00000+0 -56254-3 0  9993
2 47287  87.8955  16.3880 0002107  81.6999 278.4369 13.12442737247668
ONEWEB-0142             
1 47288U 20100AG  26038.47671632  .00000223  00000+0  58575-3 0  9996
2 47288  87.8955  16.4148 0002186  90.6269 269.5111 13.12441044247659
ONEWEB-0143             
1 47289U 20100AH  26038.48672404 -.00000212  00000+0 -62344-3 0  9995
2 47289  87.8958  16.4086 0001820  83.4463 276.6873 13.12443841247633
ONEWEB-0144             
1 47290U 20100AJ  26038.38170186  .00000440  00000+0  11877-2 0  9991
2 47290  87.8961  16.3986 0001986  97.3829 262.7526 13.12442470247548
ONEWEB-0145             
1 47291U 20100AK  26038.42912969 -.00000256  00000+0 -74627-3 0  9990
2 47291  87.8955  16.4289 0001836  86.3502 273.7836 13.12443629247744
ONEWEB-0146             
1 47292U 20100AL  26038.42573902 -.00000454  00000+0 -12966-2 0  9998
2 47292  87.8956  16.4144 0001668  76.0150 284.1164 13.12444057247650
ONEWEB-0147             
1 47293U 20100AM  26038.46810447  .00000325  00000+0  86788-3 0  9990
2 47293  87.8958  16.3851 0001596  90.6094 269.5217 13.12441944247553
ONEWEB-0115             
1 48042U 21025A   26038.36909176  .00000283  00000+0  73915-3 0  9998
2 48042  87.9039 346.0210 0001774  76.8221 283.3106 13.13469629236555
ONEWEB-0152             
1 48043U 21025B   26038.38264414  .00000390  00000+0  10327-2 0  9996
2 48043  87.9035 346.0213 0001663  75.9258 284.2056 13.13470515236518
ONEWEB-0153             
1 48044U 21025C   26038.36063253  .00000172  00000+0  43581-3 0  9990
2 48044  87.9026 346.0314 0001847  81.4031 278.7307 13.13470596236501
ONEWEB-0154             
1 48045U 21025D   26038.35723544  .00000027  00000+0  37997-4 0  9990
2 48045  87.9032 346.0296 0001710  81.0404 279.0919 13.13472437236461
ONEWEB-0116             
1 48046U 21025E   26038.39618046  .00000104  00000+0  24870-3 0  9996
2 48046  87.9039 346.0081 0001681  74.6573 285.4741 13.13469968236619
ONEWEB-0150             
1 48047U 21025F   26038.37248290  .00000417  00000+0  11067-2 0  9995
2 48047  87.9038 346.0093 0001973  78.8728 281.2622 13.13470330236509
ONEWEB-0107             
1 48048U 21025G   26038.37417741  .00000243  00000+0  63099-3 0  9995
2 48048  87.9039 346.0048 0001982  86.3567 273.7789 13.13471679236480
ONEWEB-0101             
1 48049U 21025H   26038.33693045 -.00000247  00000+0 -71077-3 0  9996
2 48049  87.9027 346.0410 0001748  84.8439 275.2889 13.13470023236459
ONEWEB-0113             
1 48050U 21025J   26038.40726926 -.00000056  00000+0 -18715-3 0  9999
2 48050  87.9038 345.9487 0001649  74.4198 285.7113 13.13972757236561
ONEWEB-0112             
1 48051U 21025K   26038.37924838  .00000334  00000+0  87876-3 0  9999
2 48051  87.9036 346.0017 0001734  88.3091 271.8237 13.13471388236558
ONEWEB-0156             
1 48052U 21025L   26038.38771214  .00000294  00000+0  77048-3 0  9994
2 48052  87.9039 346.0103 0001903  81.2688 278.8656 13.13469818236535
ONEWEB-0161             
1 48053U 21025M   26038.36232839  .00000225  00000+0  58068-3 0  9993
2 48053  87.9028 346.0277 0001931  82.4504 277.6844 13.13470894236461
ONEWEB-0158             
1 48054U 21025N   26038.39787073  .00000010  00000+0 -63004-5 0  9993
2 48054  87.9040 346.0086 0001483  76.0763 284.0532 13.13470824236595
ONEWEB-0157             
1 48055U 21025P   26038.34707850 -.00000182  00000+0 -53343-3 0  9998
2 48055  87.9037 346.0238 0002034  90.9223 269.2139 13.13472155236520
ONEWEB-0162             
1 48056U 21025Q   26038.39943235 -.00000048  00000+0 -16681-3 0  9998
2 48056  87.9043 346.0176 0001943  77.9686 282.1661 13.13469618236507
ONEWEB-0155             
1 48057U 21025R   26038.40632951 -.00000121  00000+0 -36592-3 0  9996
2 48057  87.9030 346.0177 0001743  85.6922 274.4406 13.13469522236642
ONEWEB-0149             
1 48058U 21025S   26038.35216480 -.00000065  00000+0 -21280-3 0  9991
2 48058  87.9033 346.0231 0001959  76.9413 283.1935 13.13472543236443
ONEWEB-0148             
1 48059U 21025T   26038.39110103  .00000194  00000+0  49668-3 0  9992
2 48059  87.9032 346.0317 0002404  76.4250 283.7147 13.13471459236578
ONEWEB-0160             
1 48060U 21025U   26038.40801778 -.00000144  00000+0 -42987-3 0  9995
2 48060  87.9029 346.0253 0001396  57.3760 302.7503 13.13471258236528
ONEWEB-0163             
1 48061U 21025V   26038.31661686  .00000159  00000+0  40159-3 0  9991
2 48061  87.9038 346.0338 0001918  86.9936 273.1412 13.13469525236632
ONEWEB-0159             
1 48062U 21025W   26038.38433322  .00000273  00000+0  71308-3 0  9990
2 48062  87.9041 346.0053 0001988  81.5297 278.6058 13.13471407236569
ONEWEB-0164             
1 48063U 21025X   26038.36570289  .00000288  00000+0  75488-3 0  9992
2 48063  87.9039 346.0161 0001729  78.9057 281.2266 13.13470110236543
ONEWEB-0167             
1 48064U 21025Y   26038.39363258  .00000128  00000+0  31686-3 0  9997
2 48064  87.9030 346.0327 0001643 102.6764 257.4549 13.13468263236538
ONEWEB-0166             
1 48065U 21025Z   26038.41648443 -.00000252  00000+0 -72617-3 0  9992
2 48065  87.9038 345.9885 0002003  80.1582 279.9774 13.13471454236617
ONEWEB-0151             
1 48066U 21025AA  26038.34200890 -.00000247  00000+0 -71252-3 0  9993
2 48066  87.9031 346.0308 0001706  84.9726 275.1598 13.13470228236546
ONEWEB-0170             
1 48067U 21025AB  26038.35046570 -.00000133  00000+0 -39781-3 0  9993
2 48067  87.9031 346.0312 0001350  78.4512 281.6768 13.13471213236500
ONEWEB-0168             
1 48068U 21025AC  26038.41140665 -.00000128  00000+0 -38631-3 0  9998
2 48068  87.9038 346.0075 0001881  85.1778 274.9566 13.13471747236527
ONEWEB-0173             
1 48069U 21025AD  26038.40295365 -.00000071  00000+0 -22955-3 0  9995
2 48069  87.9038 346.0169 0001892  93.1874 266.9472 13.13470051236760
ONEWEB-0171             
1 48070U 21025AE  26038.36401884  .00000237  00000+0  61360-3 0  9992
2 48070  87.9025 346.0398 0001704  82.7283 277.4040 13.13470801236572
ONEWEB-0172             
1 48071U 21025AF  26038.34370038 -.00000230  00000+0 -66481-3 0  9991
2 48071  87.9027 346.0310 0001735  85.3943 274.7384 13.13471324237466
ONEWEB-0174             
1 48072U 21025AG  26038.40125869 -.00000111  00000+0 -33846-3 0  9996
2 48072  87.9029 346.0209 0001941  80.3028 279.8321 13.13470026236794
ONEWEB-0175             
1 48073U 21025AH  26038.35555275  .00000033  00000+0  55220-4 0  9991
2 48073  87.9036 346.0030 0001478  86.1328 273.9970 13.13471896236440
ONEWEB-0177             
1 48074U 21025AJ  26038.36740688  .00000304  00000+0  79789-3 0  9993
2 48074  87.9036 346.0212 0001971  83.8717 276.2637 13.13471088236637
ONEWEB-0178             
1 48075U 21025AK  26038.38616508  .00001157  00000+0  31344-2 0  9990
2 48075  87.9020 346.0500 0001601  90.4020 269.7293 13.13465985236681
ONEWEB-0108             
1 48076U 21025AL  26038.34539022 -.00000219  00000+0 -63577-3 0  9996
2 48076  87.9035 346.0139 0001861  73.0591 287.0742 13.13471037236603
ONEWEB-0169             
1 48077U 21025AM  26038.37756225  .00000394  00000+0  10441-2 0  9999
2 48077  87.9028 346.0260 0001894  74.2834 285.8505 13.13471096235269
ONEWEB-0176             
1 48210U 21031A   26038.32204716 -.00000085  00000+0 -26441-3 0  9990
2 48210  87.9028 315.5925 0001644  80.9308 279.2008 13.14503718231258
ONEWEB-0184             
1 48211U 21031B   26038.29509140  .00000205  00000+0  51744-3 0  9992
2 48211  87.9038 315.5854 0001146 109.6102 250.5151 13.14503653231225
ONEWEB-0179             
1 48212U 21031C   26038.26574875 -.00000068  00000+0 -21841-3 0  9991
2 48212  87.9030 315.5951 0001950  79.6619 280.4730 13.14503840231265
ONEWEB-0180             
1 48213U 21031D   26038.29826598  .00000221  00000+0  56186-3 0  9996
2 48213  87.9031 315.5896 0001818  89.0528 271.0810 13.14503470231154
ONEWEB-0218             
1 48214U 21031E   26038.62493414 -.00000065  00000+0 -20987-3 0  9999
2 48214  87.9033 315.5247 0001428 109.8787 250.2497 13.14503150231359
ONEWEB-0209             
1 48215U 21031F   26038.30936291  .00000134  00000+0  32785-3 0  9994
2 48215  87.9019 315.6173 0001824  82.4658 277.6679 13.14504288231310
ONEWEB-0198             
1 48216U 21031G   26038.29364438  .00000299  00000+0  77132-3 0  9998
2 48216  87.9024 315.6185 0001751  93.3053 266.8277 13.14504269231424
ONEWEB-0189             
1 48217U 21031H   26038.30619385  .00000167  00000+0  41586-3 0  9993
2 48217  87.9029 315.5914 0001700  89.8758 270.2567 13.14503977231162
ONEWEB-0196             
1 48218U 21031J   26038.20786669  .00000244  00000+0  62322-3 0  9990
2 48218  87.9019 315.6218 0001745  82.5055 277.6273 13.14503726231155
ONEWEB-0183             
1 48219U 21031K   26038.25861340 -.00000110  00000+0 -33099-3 0  9999
2 48219  87.9017 315.6129 0001859  74.4014 285.7321 13.14503661231259
ONEWEB-0185             
1 48220U 21031L   26038.28478631  .00000286  00000+0  73666-3 0  9997
2 48220  87.9026 315.5925 0002111  78.9837 281.1530 13.14503623231180
ONEWEB-0187             
1 48221U 21031M   26038.56929479 -.00000094  00000+0 -28840-3 0  9993
2 48221  87.9017 315.5705 0001894  83.2595 276.8751 13.14503934231231
ONEWEB-0192             
1 48222U 21031N   26038.31094688  .00000055  00000+0  11354-3 0  9999
2 48222  87.9023 315.6111 0001649  78.6818 281.4496 13.14502973231112
ONEWEB-0219             
1 48223U 21031P   26038.29033507  .00000356  00000+0  92459-3 0  9999
2 48223  87.9024 315.5980 0001902  81.1510 278.9835 13.14503977231312
ONEWEB-0202             
1 48224U 21031Q   26038.27130213  .00000020  00000+0  18441-4 0  9998
2 48224  87.9022 315.6105 0001586 101.8681 258.2626 13.14503249231296
ONEWEB-0204             
1 48225U 21031R   26038.30538659  .00000312  00000+0  80678-3 0  9993
2 48225  87.9027 315.5970 0001958  73.1211 287.0134 13.14504421231190
ONEWEB-0205             
1 48226U 21031S   26038.66141041  .00000082  00000+0  18634-3 0  9995
2 48226  87.9026 315.5191 0001865  81.7422 278.3919 13.14503811231254
ONEWEB-0206             
1 48227U 21031T   26038.32997110 -.00000148  00000+0 -43358-3 0  9991
2 48227  87.9040 315.5814 0001468  73.2774 286.8517 13.14504826231163
ONEWEB-0182             
1 48228U 21031U   26038.32521767 -.00000118  00000+0 -35169-3 0  9991
2 48228  87.9022 315.5989 0001910  72.5258 287.6080 13.14503960231373
ONEWEB-0186             
1 48229U 21031V   26038.33631302 -.00000108  00000+0 -32479-3 0  9990
2 48229  87.9032 315.5824 0001769  80.8342 279.2988 13.14505442231327
ONEWEB-0181             
1 48230U 21031W   26038.31412162  .00000027  00000+0  39279-4 0  9995
2 48230  87.9017 315.6327 0001736  83.4903 276.6424 13.14504420231171
ONEWEB-0188             
1 48231U 21031X   26038.27605630  .00000106  00000+0  25269-3 0  9996
2 48231  87.9022 315.6380 0001739  76.3468 283.7855 13.14503728231073
ONEWEB-0220             
1 48232U 21031Y   26038.31569884 -.00000009  00000+0 -58855-4 0  9994
2 48232  87.9033 315.5849 0001937  80.2889 279.8459 13.14503699231349
ONEWEB-0165             
1 48233U 21031Z   26038.26813208 -.00000080  00000+0 -24919-3 0  9993
2 48233  87.9018 315.6138 0001621  89.7903 270.3413 13.14503776231292
ONEWEB-0199             
1 48234U 21031AA  26038.32838899 -.00000190  00000+0 -54815-3 0  9994
2 48234  87.9031 315.5824 0001646  74.4195 285.7117 13.14503774231200
ONEWEB-0203             
1 48235U 21031AB  26038.31886542 -.00000046  00000+0 -15835-3 0  9991
2 48235  87.9026 315.5832 0001474  81.6634 278.4663 13.14504396231218
ONEWEB-0197             
1 48236U 21031AC  26038.29336697  .00000281  00000+0  72219-3 0  9998
2 48236  87.9027 315.5884 0001958  72.7787 287.3557 13.14503887231129
ONEWEB-0194             
1 48237U 21031AD  26038.27288291  .00000029  00000+0  42875-4 0  9999
2 48237  87.9029 315.6092 0001483  72.3356 287.7936 13.14505474231292
ONEWEB-0193             
1 48238U 21031AE  26038.28874935  .00000234  00000+0  59754-3 0  9998
2 48238  87.9026 315.5994 0001361  65.5401 294.5870 13.14503937231240
ONEWEB-0191             
1 48239U 21031AF  26038.29984719  .00000315  00000+0  81634-3 0  9994
2 48239  87.9032 315.5909 0001699  75.8403 284.2916 13.14503752231101
ONEWEB-0195             
1 48240U 21031AG  26038.65743458 -.00000045  00000+0 -15531-3 0  9994
2 48240  87.9026 315.5168 0001759  90.7944 269.3387 13.14503626231135
ONEWEB-0201             
1 48241U 21031AH  26038.26508679 -.00000035  00000+0 -12795-3 0  9994
2 48241  87.9019 315.6264 0001979  80.3096 279.8257 13.14503313231318
ONEWEB-0207             
1 48242U 21031AJ  26038.32125072 -.00000013  00000+0 -70064-4 0  9994
2 48242  87.9029 315.5841 0001941  77.9640 282.1707 13.14503994231239
ONEWEB-0208             
1 48243U 21031AK  26038.30301449  .00000199  00000+0  50108-3 0  9996
2 48243  87.9031 315.6012 0001636  83.5309 276.6006 13.14503323231247
ONEWEB-0200             
1 48244U 21031AL  26038.26653755 -.00000045  00000+0 -15577-3 0  9995
2 48244  87.9026 315.5972 0001755  81.7399 278.3930 13.14502943231160
ONEWEB-0217             
1 48245U 21031AM  26038.28240161  .00000056  00000+0  11736-3 0  9994
2 48245  87.9032 315.5927 0001772  92.3983 267.7350 13.14503025231119
ONEWEB-0211             
1 48767U 21045A   26038.65127751  .00000053  00000+0  10587-3 0  9998
2 48767  87.8985 284.9712 0001407 100.5407 259.5882 13.16141619227408
ONEWEB-0223             
1 48768U 21045B   26038.59158062  .00000075  00000+0  16626-3 0  9995
2 48768  87.8987 285.0588 0001169  92.9032 267.2232 13.15549334227362
ONEWEB-0230             
1 48769U 21045C   26038.63911261 -.00000061  00000+0 -19713-3 0  9996
2 48769  87.8976 285.0746 0001598  76.0806 284.0502 13.15548580227634
ONEWEB-0237             
1 48770U 21045D   26038.62801657 -.00000070  00000+0 -22070-3 0  9994
2 48770  87.8983 285.0776 0001212  82.3423 277.7845 13.15548323227358
ONEWEB-0235             
1 48771U 21045E   26038.60266813  .00000064  00000+0  13549-3 0  9994
2 48771  87.8989 285.0571 0001078  87.9872 272.1382 13.15548899227349
ONEWEB-0242             
1 48772U 21045F   26038.59633143  .00000101  00000+0  23483-3 0  9997
2 48772  87.8990 285.0538 0001341  76.4720 283.6560 13.15548443227387
ONEWEB-0241             
1 48773U 21045G   26038.65970877  .00000234  00000+0  58818-3 0  9990
2 48773  87.8978 285.0727 0001382  96.7328 263.3959 13.15548507227308
ONEWEB-0243             
1 48774U 21045H   26038.23505083  .00000015  00000+0  52862-5 0  9990
2 48774  87.8982 285.1685 0001135  76.3175 283.8082 13.15549520227274
ONEWEB-0222             
1 48775U 21045J   26038.59869821  .00000130  00000+0  31034-3 0  9997
2 48775  87.8991 285.0533 0001389  88.8236 271.3053 13.15549309227368
ONEWEB-0244             
1 48776U 21045K   26038.62484986 -.00000092  00000+0 -27767-3 0  9994
2 48776  87.8997 285.0374 0001374  88.5408 271.5880 13.15549210227934
ONEWEB-0247             
1 48777U 21045L   26038.62166745 -.00000052  00000+0 -17290-3 0  9991
2 48777  87.8981 285.0859 0000653  79.9623 280.1581 13.15550114227375
ONEWEB-0245             
1 48778U 21045M   26038.61692866 -.00000055  00000+0 -17937-3 0  9990
2 48778  87.8988 285.0552 0001504  88.6266 271.5037 13.15549027227347
ONEWEB-0229             
1 48779U 21045N   26038.61217249  .00000027  00000+0  37320-4 0  9995
2 48779  87.8990 285.0546 0001450  73.1011 287.0279 13.15549127227375
ONEWEB-0228             
1 48780U 21045P   26038.64558362  .00000039  00000+0  70135-4 0  9998
2 48780  87.8984 285.0331 0001364  83.8584 276.2702 13.15548013227294
ONEWEB-0232             
1 48781U 21045Q   26038.62009566 -.00000112  00000+0 -33024-3 0  9993
2 48781  87.9000 285.0359 0001501  79.9262 280.2037 13.15549234227615
ONEWEB-0231             
1 48782U 21045R   26038.21763695 -.00000082  00000+0 -25147-3 0  9992
2 48782  87.8984 285.1492 0001346  88.2530 271.8755 13.15549534227259
ONEWEB-0234             
1 48783U 21045S   26038.63580999 -.00000105  00000+0 -31293-3 0  9998
2 48783  87.8983 285.0425 0002226  95.5035 264.6349 13.15547792227447
ONEWEB-0238             
1 48784U 21045T   26038.63607429 -.00000128  00000+0 -37331-3 0  9991
2 48784  87.8986 285.0357 0001875  89.6132 270.5213 13.15548168227349
ONEWEB-0240             
1 48785U 21045U   26038.65731807 -.00000293  00000+0 -81289-3 0  9996
2 48785  87.8991 285.0313 0001380  93.7784 266.3505 13.15548063227372
ONEWEB-0246             
1 48786U 21045V   26038.65178914  .00000079  00000+0  17674-3 0  9998
2 48786  87.8988 285.0414 0001426  78.1584 281.9706 13.15549243227240
ONEWEB-0210             
1 48787U 21045W   26038.62642036 -.00000067  00000+0 -21085-3 0  9997
2 48787  87.8991 285.0435 0000787  57.7064 302.4143 13.15557913227284
ONEWEB-0214             
1 48788U 21045X   26038.63514407 -.00000170  00000+0 -48601-3 0  9997
2 48788  87.8993 285.0371 0001253  67.0191 293.1071 13.15549144227250
ONEWEB-0221             
1 48789U 21045Y   26038.10987885  .00000096  00000+0  22087-3 0  9999
2 48789  87.8988 285.1531 0001360  85.7044 274.4242 13.15548218227272
ONEWEB-0213             
1 48790U 21045Z   26038.63118085 -.00000098  00000+0 -29485-3 0  9990
2 48790  87.8989 285.0525 0001178  82.3709 277.7555 13.15549451227403
ONEWEB-0212             
1 48791U 21045AA  26038.22792076  .00000058  00000+0  12061-3 0  9990
2 48791  87.8989 285.1277 0001555  81.9964 278.1343 13.15548669227349
ONEWEB-0227             
1 48792U 21045AB  26038.22713628  .00000052  00000+0  10413-3 0  9990
2 48792  87.8985 285.1325 0001464  82.8216 277.3080 13.15548383227295
ONEWEB-0226             
1 48793U 21045AC  26038.60107863  .00000157  00000+0  38253-3 0  9999
2 48793  87.8978 285.0680 0001181  83.6109 276.5156 13.15549435227314
ONEWEB-0224             
1 48794U 21045AD  26038.64068946  .00000004  00000+0 -23537-4 0  9994
2 48794  87.8979 285.0956 0001783 112.4558 247.6762 13.15548736227246
ONEWEB-0233             
1 48795U 21045AE  26038.64531416 -.00000072  00000+0 -22634-3 0  9994
2 48795  87.8974 285.1044 0001276  86.6403 273.4874 13.15548278227263
ONEWEB-0190             
1 48796U 21045AF  26038.63276616 -.00000121  00000+0 -35562-3 0  9991
2 48796  87.8980 285.0670 0000796  93.8829 266.2392 13.15550586227331
ONEWEB-0236             
1 48797U 21045AG  26038.65020411  .00000048  00000+0  93275-4 0  9996
2 48797  87.8973 285.0759 0001673  83.3992 276.7329 13.15548405227223
ONEWEB-0248             
1 48798U 21045AH  26038.66287948  .00000172  00000+0  42253-3 0  9995
2 48798  87.8987 285.0435 0001323 104.0139 256.1138 13.15549237227387
ONEWEB-0225             
1 48799U 21045AJ  26038.60900789  .00000089  00000+0  20189-3 0  9996
2 48799  87.8979 285.0728 0000972  81.2523 278.8717 13.15549963227386
ONEWEB-0215             
1 48800U 21045AK  26038.65495758  .00000185  00000+0  45697-3 0  9997
2 48800  87.8990 285.0322 0000996 102.4893 257.6349 13.15549004227263
ONEWEB-0216             
1 48801U 21045AL  26038.66446403  .00000113  00000+0  26731-3 0  9991
2 48801  87.8978 285.0535 0001444  77.4469 282.6823 13.15548946227275
ONEWEB-0239             
1 48802U 21045AM  26038.59315674  .00000141  00000+0  34140-3 0  9993
2 48802  87.8979 285.0824 0001132 118.9102 241.2142 13.15549384227303
ONEWEB-0249             
1 48967U 21060A   26038.62942764 -.00009215  00000+0 -24188-1 0  9994
2 48967  87.8965 254.5662 0001508  96.9865 263.1437 13.16526178222569
ONEWEB-0250             
1 48968U 21060B   26038.65352655  .00000034  00000+0  46855-4 0  9998
2 48968  87.9002 252.7405 0002315 112.5630 247.5752 13.25825648223055
ONEWEB-0252             
1 48970U 21060D   26038.58493668  .00000077  00000+0  16740-3 0  9999
2 48970  87.9004 254.5692 0001361  81.4733 278.6552 13.16595991222604
ONEWEB-0253             
1 48971U 21060E   26038.64986020  .00000070  00000+0  14890-3 0  9993
2 48971  87.9003 254.5611 0001399  89.7674 270.3617 13.16594320222540
ONEWEB-0254             
1 48972U 21060F   26038.58335810  .00000062  00000+0  12974-3 0  9994
2 48972  87.9009 254.5684 0001372  99.9348 260.1938 13.16595014222532
ONEWEB-0255             
1 48973U 21060G   26038.62137236 -.00000071  00000+0 -21843-3 0  9999
2 48973  87.9000 254.5716 0001404  95.3900 264.7391 13.16594993222617
ONEWEB-0256             
1 48974U 21060H   26038.64747736  .00000019  00000+0  15301-4 0  9997
2 48974  87.8994 254.5720 0001541  85.8467 274.2840 13.16595193222582
ONEWEB-0257             
1 48975U 21060J   26038.60394128  .00000019  00000+0  15107-4 0  9991
2 48975  87.9006 254.5650 0001315  87.5890 272.5392 13.16594649222531
ONEWEB-0258             
1 48976U 21060K   26038.60552872  .00000020  00000+0  18759-4 0  9992
2 48976  87.9001 254.5768 0001591  91.6820 268.4493 13.16594371222541
ONEWEB-0259             
1 48977U 21060L   26038.59919248  .00000026  00000+0  34713-4 0  9999
2 48977  87.9008 254.5763 0001426  93.4602 266.6692 13.16594851222576
ONEWEB-0260             
1 48978U 21060M   26038.59047917 -.00000040  00000+0 -13739-3 0  9997
2 48978  87.8994 254.5850 0001439  67.0800 293.0483 13.16595724222558
ONEWEB-0261             
1 48979U 21060N   26038.63639881  .00000027  00000+0  38203-4 0  9997
2 48979  87.8994 254.5777 0001153  92.6330 267.4933 13.16594356222614
ONEWEB-0262             
1 48980U 21060P   26038.61661059  .00000035  00000+0  58208-4 0  9995
2 48980  87.9007 254.5610 0001619 101.7223 258.4090 13.16594695222573
ONEWEB-0263             
1 48981U 21060Q   26038.64826841  .00000018  00000+0  14083-4 0  9995
2 48981  87.9004 254.5660 0001187  99.5744 260.5521 13.16594320222543
ONEWEB-0264             
1 48982U 21060R   26038.60948568 -.00000017  00000+0 -78099-4 0  9991
2 48982  87.9005 254.5782 0001283  82.3530 277.7747 13.16594062222543
ONEWEB-0266             
1 48984U 21060T   26038.63086050 -.00000070  00000+0 -21722-3 0  9994
2 48984  87.9004 254.5627 0001670  92.2440 267.8882 13.16594003222536
ONEWEB-0267             
1 48985U 21060U   26038.64193539 -.00000032  00000+0 -11826-3 0  9999
2 48985  87.9001 254.5573 0001290  90.6829 269.4450 13.16594517222545
ONEWEB-0268             
1 48986U 21060V   26038.61027458 -.00000084  00000+0 -25270-3 0  9998
2 48986  87.9003 254.5729 0001486  87.4934 272.6367 13.16594472222801
ONEWEB-0269             
1 48987U 21060W   26038.59126990  .00000096  00000+0  21654-3 0  9990
2 48987  87.8994 254.5938 0001622  81.2703 278.8611 13.16594189222579
ONEWEB-0270             
1 48988U 21060X   26038.60869543 -.00000054  00000+0 -17520-3 0  9994
2 48988  87.9006 254.5756 0001329 101.9204 258.2076 13.16595072222617
ONEWEB-0271             
1 48989U 21060Y   26038.59602895  .00000049  00000+0  93622-4 0  9998
2 48989  87.9009 254.5680 0001227  90.8929 269.2343 13.16591518222614
ONEWEB-0272             
1 48990U 21060Z   26038.61819371 -.00000084  00000+0 -25278-3 0  9994
2 48990  87.8999 254.5751 0001295  76.1054 284.0221 13.16593573222560
ONEWEB-0273             
1 48991U 21060AA  26038.64035940  .00000057  00000+0  11419-3 0  9990
2 48991  87.9004 254.5694 0001436  94.7090 265.4205 13.16594395222544
ONEWEB-0274             
1 48992U 21060AB  26038.58969377  .00000058  00000+0  11697-3 0  9993
2 48992  87.8994 254.5960 0001360  77.1206 283.0077 13.16594530222575
ONEWEB-0275             
1 48993U 21060AC  26038.65460549  .00000069  00000+0  14773-3 0  9999
2 48993  87.9002 254.5593 0001403  84.9883 275.1408 13.16593747222517
ONEWEB-0276             
1 48994U 21060AD  26038.61186347 -.00000033  00000+0 -11892-3 0  9999
2 48994  87.9006 254.5672 0001559  95.7829 264.3479 13.16594676222523
ONEWEB-0277             
1 48995U 21060AE  26038.62451990 -.00000114  00000+0 -33183-3 0  9997
2 48995  87.8991 254.5834 0001428  93.1054 267.0240 13.16596267222516
ONEWEB-0278             
1 48996U 21060AF  26038.61502557 -.00000008  00000+0 -55247-4 0  9991
2 48996  87.9002 254.5628 0001740  89.4263 270.7067 13.16594805222647
ONEWEB-0279             
1 48997U 21060AG  26038.62293605 -.00000051  00000+0 -16802-3 0  9995
2 48997  87.9008 254.5610 0001252  90.4893 269.6381 13.16594536222573
ONEWEB-0280             
1 48998U 21060AH  26038.63797184  .00000026  00000+0  34906-4 0  9994
2 48998  87.9003 254.5630 0001623 101.5863 258.5450 13.16595449222516
ONEWEB-0281             
1 48999U 21060AJ  26038.64352618  .00000099  00000+0  22603-3 0  9995
2 48999  87.9003 254.5565 0001520  84.0537 276.0768 13.16593980222585
ONEWEB-0282             
1 49000U 21060AK  26038.59761075  .00000090  00000+0  20307-3 0  9994
2 49000  87.9005 254.5764 0001418  92.1764 267.9529 13.16594202222559
ONEWEB-0283             
1 49001U 21060AL  26038.66252067  .00000066  00000+0  13849-3 0  9995
2 49001  87.9004 254.5639 0001333  87.4723 272.6561 13.16594304222572
ONEWEB-0284             
1 49002U 21060AM  26038.65619574  .00000068  00000+0  14353-3 0  9998
2 49002  87.9000 254.5550 0001691  96.8080 263.3243 13.16594150222559
ONEWEB-0285             
1 49075U 21075A   26038.45709068  .00000359  00000+0  96287-3 0  9999
2 49075  87.8961  16.4088 0001814  87.0580 273.0756 13.12443749218194
ONEWEB-0286             
1 49076U 21075B   26038.43915484  .00000008  00000+0 -12952-4 0  9999
2 49076  87.8946  16.4421 0001987  80.1581 279.9772 13.12442279217543
ONEWEB-0287             
1 49077U 21075C   26038.46769302  .00000052  00000+0  99769-4 0  9998
2 49077  87.9100  31.6375 0002255  81.6585 278.4803 13.17649711216546
ONEWEB-0288             
1 49078U 21075D   26038.49181407 -.00000221  00000+0 -64969-3 0  9999
2 49078  87.8958  16.3965 0001920  85.8680 274.2668 13.12442038218174
ONEWEB-0289             
1 49079U 21075E   26038.50635583  .00000087  00000+0  19129-3 0  9997
2 49079  87.9101  31.6410 0001940 100.7300 259.4050 13.17649135217125
ONEWEB-0290             
1 49080U 21075F   26038.47947588 -.00000199  00000+0 -54485-3 0  9996
2 49080  87.9108  31.6128 0001774 106.0318 254.1009 13.17648334216533
ONEWEB-0291             
1 49081U 21075G   26038.46429938 -.00000004  00000+0 -44738-4 0  9996
2 49081  87.9109  31.6242 0002247  90.9887 269.1502 13.17648049216526
ONEWEB-0293             
1 49082U 21075H   26038.48960975 -.00000029  00000+0 -10787-3 0  9993
2 49082  87.9100  31.6329 0001912  92.6268 267.5083 13.17647737216556
ONEWEB-0294             
1 49083U 21075J   26038.49858164 -.00000370  00000+0 -10639-2 0  9995
2 49083  87.8953  16.3976 0001894  95.0807 265.0538 13.12442950217560
ONEWEB-0295             
1 49084U 21075K   26038.48878065  .00000071  00000+0  14868-3 0  9992
2 49084  87.9099  31.6377 0002208  87.7324 272.4060 13.17648582216510
ONEWEB-0296             
1 49085U 21075L   26038.47826372  .00000195  00000+0  50745-3 0  9997
2 49085  87.8956  16.4047 0002159  86.8337 273.3038 13.12441564217563
ONEWEB-0297             
1 49086U 21075M   26038.43251543 -.00000164  00000+0 -49226-3 0  9996
2 49086  87.8945  16.4416 0001919  83.3600 276.7747 13.12443053218166
ONEWEB-0298             
1 49087U 21075N   26038.49313754  .00000095  00000+0  21232-3 0  9994
2 49087  87.9096  31.6337 0001847  82.1599 277.9742 13.17647934216547
ONEWEB-0299             
1 49088U 21075P   26038.49467225  .00000049  00000+0  94179-4 0  9998
2 49088  87.9110  31.6008 0002000  85.9631 274.1730 13.17648225216528
ONEWEB-0300             
1 49089U 21075Q   26038.50112284 -.00000375  00000+0 -10772-2 0  9992
2 49089  87.8956  16.3937 0001761  73.4960 286.6362 13.12441351218197
ONEWEB-0301             
1 49090U 21075R   26038.48503587 -.00000096  00000+0 -30102-3 0  9991
2 49090  87.8957  16.3974 0001641  71.6626 288.4681 13.12441458217558
ONEWEB-0302             
1 49091U 21075S   26038.47148613  .00000429  00000+0  11577-2 0  9998
2 49091  87.8954  16.4084 0001999  93.1894 266.9463 13.12443106217530
ONEWEB-0304             
1 49092U 21075T   26038.46936409  .00000013  00000+0  13811-5 0  9991
2 49092  87.9110  31.6361 0002004  85.8507 274.2854 13.17650142216495
ONEWEB-0305             
1 49093U 21075U   26038.53854008 -.00000010  00000+0 -58509-4 0  9995
2 49093  87.9111  31.6008 0002280  83.6777 276.4614 13.17650977216535
ONEWEB-0308             
1 49094U 21075V   26038.46471264  .00000424  00000+0  11435-2 0  9999
2 49094  87.8957  16.4029 0001818  87.1210 273.0127 13.12442821217540
ONEWEB-0309             
1 49095U 21075W   26038.46598832 -.00000001  00000+0 -34893-4 0  9999
2 49095  87.9107  31.6301 0002059  98.6740 261.4625 13.17647534216494
ONEWEB-0310             
1 49096U 21075X   26038.47995825  .00000098  00000+0  23633-3 0  9997
2 49096  87.8947  16.4326 0001799  85.3615 274.7719 13.12441234218170
ONEWEB-0311             
1 49097U 21075Y   26038.47274522  .00000005  00000+0 -20118-4 0  9997
2 49097  87.9106  31.6230 0002193  82.5859 277.5522 13.17649915216543
ONEWEB-0312             
1 49098U 21075Z   26038.48792317  .00000023  00000+0  27068-4 0  9996
2 49098  87.9099  31.6416 0002206  89.8575 270.2809 13.17647016216527
ONEWEB-0313             
1 49099U 21075AA  26038.49284852  .00000050  00000+0  96767-4 0  9990
2 49099  87.9096  31.6469 0001974  85.2127 274.9230 13.17647491216512
ONEWEB-0314             
1 49100U 21075AB  26038.53517511  .00000024  00000+0  27359-4 0  9991
2 49100  87.9109  31.5983 0002279  88.9246 271.2147 13.17648026216490
ONEWEB-0315             
1 49101U 21075AC  26038.45285743  .00000376  00000+0  10099-2 0  9993
2 49101  87.8959  16.3916 0002067  74.8209 285.3148 13.12444194218155
ONEWEB-0316             
1 49102U 21075AD  26038.41006997  .00000121  00000+0  27350-3 0  9999
2 49102  87.9209   1.2289 0001882  79.9083 280.2261 13.18686849220100
ONEWEB-0317             
1 49103U 21075AE  26038.45624083  .00000371  00000+0  99515-3 0  9995
2 49103  87.8959  16.4130 0001700 110.5490 249.5821 13.12442680218179
ONEWEB-0318             
1 49104U 21075AF  26038.40676628  .00000131  00000+0  29949-3 0  9991
2 49104  87.9221   1.2192 0002062  77.7699 282.3664 13.18687206220062
ONEWEB-0319             
1 49105U 21075AG  26038.47443460  .00000011  00000+0 -54315-5 0  9990
2 49105  87.9098  31.6386 0002183  74.7553 285.3820 13.17650985216523
ONEWEB-0323             
1 49106U 21075AH  26038.43760002 -.00000049  00000+0 -17137-3 0  9992
2 49106  87.8955  16.3989 0002434  75.7718 284.3681 13.12443924217531
ONEWEB-0329             
1 49107U 21075AJ  26038.48285171  .00000004  00000+0 -22894-4 0  9994
2 49107  87.9097  31.6375 0002020  87.9860 272.1503 13.17651149216502
ONEWEB-0330             
1 49108U 21075AK  26038.40775798  .00000015  00000+0  42559-5 0  9998
2 49108  87.9097  31.6597 0002020  92.9794 267.1568 13.17650953216531
ONEWEB-0292             
1 49186U 21083A   26038.35893154  .00000117  00000+0  28623-3 0  9991
2 49186  87.9020 346.0589 0001945  76.8701 283.2645 13.13471783213889
ONEWEB-0303             
1 49187U 21083B   26038.40346160  .00000061  00000+0  12074-3 0  9999
2 49187  87.9222   1.2223 0001977  78.9309 281.2046 13.18687251212876
ONEWEB-0306             
1 49188U 21083C   26038.39355160  .00000064  00000+0  12838-3 0  9999
2 49188  87.9221   1.2077 0001725  89.1604 270.9726 13.18688331212911
ONEWEB-0307             
1 49189U 21083D   26038.35301337 -.00000145  00000+0 -43083-3 0  9991
2 49189  87.9020 346.0499 0001883  83.5670 276.5673 13.13470750213882
ONEWEB-0320             
1 49190U 21083E   26038.40099217  .00000014  00000+0  22116-5 0  9999
2 49190  87.9215   1.2322 0001899  83.6675 276.4673 13.18687281212879
ONEWEB-0321             
1 49191U 21083F   26038.27802103  .00000130  00000+0  28750-3 0  9998
2 49191  87.9218 300.3622 0001436  85.5407 274.5890 13.20769782219686
ONEWEB-0322             
1 49192U 21083G   26038.34876944 -.00000144  00000+0 -42827-3 0  9999
2 49192  87.9019 346.0548 0001309  84.8211 275.3067 13.13472048213872
ONEWEB-0324             
1 49193U 21083H   26038.38696907  .00000001  00000+0 -31124-4 0  9993
2 49193  87.9220   1.2155 0002030  89.1172 271.0193 13.18686637212897
ONEWEB-0325             
1 49194U 21083J   26038.39025211 -.00000208  00000+0 -55990-3 0  9995
2 49194  87.9214   1.2333 0001791  83.2466 276.8869 13.18685593212908
ONEWEB-0326             
1 49195U 21083K   26038.40525631  .00000086  00000+0  18507-3 0  9994
2 49195  87.9219   1.2179 0001991  74.4579 285.6773 13.18687407212897
ONEWEB-0327             
1 49196U 21083L   26038.40498096 -.00000002  00000+0 -37861-4 0  9994
2 49196  87.9213   1.2333 0001939  71.7520 288.3823 13.18686908212916
ONEWEB-0328             
1 49197U 21083M   26038.41479250 -.00000213  00000+0 -61913-3 0  9995
2 49197  87.9037 345.9965 0001897  82.2677 277.8668 13.13471866213868
ONEWEB-0331             
1 49198U 21083N   26038.39851528  .00000088  00000+0  19058-3 0  9996
2 49198  87.9220   1.2128 0002178  78.6333 281.5044 13.18686698212907
ONEWEB-0333             
1 49199U 21083P   26038.40971105 -.00000163  00000+0 -48235-3 0  9998
2 49199  87.9020 346.0408 0001761  79.7863 280.3465 13.13471706213872
ONEWEB-0334             
1 49200U 21083Q   26038.21962418  .00000013  00000+0  10774-5 0  9998
2 49200  87.9210 300.3956 0000709  88.8609 271.2606 13.20773952219639
ONEWEB-0335             
1 49201U 21083R   26038.40463812 -.00000065  00000+0 -21341-3 0  9993
2 49201  87.9026 346.0332 0001977  77.4955 282.6395 13.13469933213881
ONEWEB-0336             
1 49202U 21083S   26038.37587210  .00000372  00000+0  98422-3 0  9992
2 49202  87.9022 346.0365 0002204  76.4290 283.7084 13.13471599213876
ONEWEB-0337             
1 49203U 21083T   26038.38588427  .00000298  00000+0  78092-3 0  9993
2 49203  87.9020 346.0451 0001996  84.5860 275.5497 13.13469285213877
ONEWEB-0338             
1 49204U 21083U   26038.64893647 -.00000439  00000+0 -11122-2 0  9995
2 49204  87.9213 300.3135 0001355  86.0452 274.0836 13.20764479219718
ONEWEB-0339             
1 49205U 21083V   26038.39449576  .00000070  00000+0  15744-3 0  9990
2 49205  87.9032 346.0289 0001584  82.5969 277.5340 13.13469668213854
ONEWEB-0340             
1 49206U 21083W   26038.38530551 -.00000165  00000+0 -45231-3 0  9995
2 49206  87.9220   1.2204 0001872  80.5473 279.5871 13.18685808212861
ONEWEB-0341             
1 49207U 21083X   26038.39192029  .00000121  00000+0  27354-3 0  9997
2 49207  87.9218   1.2293 0002214  92.3969 267.7417 13.18687093212884
ONEWEB-0342             
1 49208U 21083Y   26038.65522701 -.00000269  00000+0 -69265-3 0  9993
2 49208  87.9217 300.2880 0001530  78.5855 281.5450 13.20771723219681
ONEWEB-0343             
1 49209U 21083Z   26038.40014835  .00000008  00000+0 -12581-4 0  9991
2 49209  87.9221   1.2219 0001949  99.5391 260.5961 13.18687499212931
ONEWEB-0344             
1 49210U 21083AA  26038.38940798  .00000188  00000+0  48104-3 0  9993
2 49210  87.9020 346.0563 0002107  86.9101 273.2269 13.13471279213854
ONEWEB-0345             
1 49211U 21083AB  26038.38094713  .00000287  00000+0  75002-3 0  9998
2 49211  87.9028 346.0230 0002090  90.0100 270.1269 13.13469629213863
ONEWEB-0346             
1 49212U 21083AC  26038.39686259  .00000020  00000+0  18759-4 0  9994
2 49212  87.9207   1.2335 0002398  70.5742 289.5649 13.18685560212870
ONEWEB-0348             
1 49213U 21083AD  26038.26698145  .00000068  00000+0  13582-3 0  9998
2 49213  87.9216 300.3689 0002190  77.7269 282.4110 13.20773488219668
ONEWEB-0350             
1 49214U 21083AE  26038.39024489  .00000214  00000+0  55060-3 0  9997
2 49214  87.9028 346.0196 0002062  83.8042 276.3322 13.13472413213897
ONEWEB-0351             
1 49215U 21083AF  26038.63932634 -.00000013  00000+0 -64634-4 0  9992
2 49215  87.9221 300.2930 0001268 110.9152 249.2118 13.20772711219678
ONEWEB-0352             
1 49216U 21083AG  26038.37079231  .00000293  00000+0  76622-3 0  9996
2 49216  87.9019 346.0419 0001555  90.2568 269.8739 13.13471630213987
ONEWEB-0354             
1 49217U 21083AH  26038.28591245  .00000039  00000+0  64828-4 0  9995
2 49217  87.9217 300.3621 0001902  82.3165 277.8185 13.20773448219662
ONEWEB-0355             
1 49218U 21083AJ  26038.39970426 -.00000047  00000+0 -16328-3 0  9992
2 49218  87.9020 346.0477 0001804  88.3665 271.7671 13.13471155213864
ONEWEB-0357             
1 49219U 21083AK  26038.66154035  .00000035  00000+0  55366-4 0  9994
2 49219  87.9214 300.2827 0001563  82.4597 277.6713 13.20770188219710
ONEWEB-0332             
1 49279U 21090A   26038.28556999  .00000095  00000+0  22232-3 0  9992
2 49279  87.9020 315.6113 0001520  80.6960 279.4342 13.14503083210514
ONEWEB-0347             
1 49280U 21090B   26038.27328898  .00000053  00000+0  98095-4 0  9993
2 49280  87.9215 300.3688 0001440  70.1962 289.9327 13.20770737213899
ONEWEB-0349             
1 49281U 21090C   26038.22911882 -.00000026  00000+0 -95343-4 0  9995
2 49281  87.9219 300.3777 0001643  78.9969 281.1349 13.20774397212670
ONEWEB-0353             
1 49282U 21090D   26038.58211748  .00000074  00000+0  16421-3 0  9999
2 49282  87.9028 315.5439 0001451  72.0452 288.0836 13.14504476210555
ONEWEB-0356             
1 49283U 21090E   26038.22751939  .00000132  00000+0  29333-3 0  9993
2 49283  87.9218 300.3714 0001958  51.3288 308.8021 13.20770370212671
ONEWEB-0358             
1 49284U 21090F   26038.63629104 -.00000118  00000+0 -32181-3 0  9998
2 49284  87.9214 300.2921 0001755  75.9997 284.1332 13.20769523213457
ONEWEB-0359             
1 49285U 21090G   26038.25435056 -.00000063  00000+0 -18770-3 0  9995
2 49285  87.9219 300.3657 0002087  80.8392 279.2977 13.20769827213382
ONEWEB-0360             
1 49286U 21090H   26038.24488323  .00000053  00000+0  98053-4 0  9990
2 49286  87.9221 300.3745 0001758  80.6232 279.5100 13.20770782212695
ONEWEB-0361             
1 49287U 21090J   26038.22594439  .00000101  00000+0  21626-3 0  9990
2 49287  87.9217 300.3754 0001725  73.1342 286.9980 13.20770055213146
ONEWEB-0362             
1 49288U 21090K   26038.30304697 -.00000008  00000+0 -51660-4 0  9995
2 49288  87.9242 330.8364 0001717  87.3703 272.7627 13.19727380209786
ONEWEB-0363             
1 49289U 21090L   26038.62050365 -.00000392  00000+0 -99709-3 0  9992
2 49289  87.9218 300.2977 0001819  67.5345 292.5981 13.20771160213208
ONEWEB-0364             
1 49290U 21090M   26038.65838408 -.00000218  00000+0 -56692-3 0  9990
2 49290  87.9208 300.3070 0001657  76.2566 283.8752 13.20770906214348
ONEWEB-0365             
1 49291U 21090N   26038.31253110  .00000048  00000+0  87596-4 0  9992
2 49291  87.9260 330.8099 0001696  80.0457 280.0867 13.19724869209290
ONEWEB-0366             
1 49292U 21090P   26038.27447216  .00000057  00000+0  11935-3 0  9993
2 49292  87.9020 315.6174 0001742  77.4999 282.6325 13.14504367210498
ONEWEB-0367             
1 49293U 21090Q   26038.16438984  .00000047  00000+0  82763-4 0  9991
2 49293  87.9218 300.3880 0001580  85.1307 275.0007 13.20769943212666
ONEWEB-0368             
1 49294U 21090R   26038.21331739  .00000136  00000+0  30170-3 0  9991
2 49294  87.9209 300.4027 0001291  49.7414 310.3832 13.20770729213827
ONEWEB-0369             
1 49295U 21090S   26038.30779294  .00000109  00000+0  23961-3 0  9994
2 49295  87.9250 330.8320 0001663  76.6632 283.4687 13.19727034209283
ONEWEB-0370             
1 49296U 21090T   26038.24962205  .00000120  00000+0  26315-3 0  9993
2 49296  87.9213 300.3734 0001771  86.1431 273.9904 13.20774442212712
ONEWEB-0371             
1 49297U 21090U   26038.31568836  .00000063  00000+0  12436-3 0  9999
2 49297  87.9251 330.8190 0001726  82.1064 278.0265 13.19727947209322
ONEWEB-0372             
1 49298U 21090V   26038.23842507 -.00000267  00000+0 -68774-3 0  9995
2 49298  87.9215 300.3749 0001524  77.3950 282.7353 13.20771538212681
ONEWEB-0373             
1 49299U 21090W   26038.64418392  .00000020  00000+0  18300-4 0  9998
2 49299  87.9209 300.3030 0001730  76.8238 283.3089 13.20770836213921
ONEWEB-0374             
1 49300U 21090X   26038.26177991 -.00000167  00000+0 -48391-3 0  9992
2 49300  87.9036 315.6020 0001858  60.3523 299.7791 13.14503216210495
ONEWEB-0375             
1 49301U 21090Y   26038.25278045 -.00000023  00000+0 -89632-4 0  9999
2 49301  87.9219 300.3646 0002048  68.7205 291.4147 13.20773081213375
ONEWEB-0376             
1 49302U 21090Z   26038.31410906  .00000034  00000+0  51437-4 0  9993
2 49302  87.9260 330.8101 0001569  81.1276 279.0034 13.19723448209327
ONEWEB-0377             
1 49303U 21090AA  26038.23872413 -.00000243  00000+0 -63065-3 0  9993
2 49303  87.9215 300.3705 0001860  81.6954 278.4390 13.20775080213360
ONEWEB-0378             
1 49304U 21090AB  26038.63958717 -.00000054  00000+0 -16477-3 0  9995
2 49304  87.9212 300.3024 0001706  71.7250 288.4069 13.20770960212680
ONEWEB-0379             
1 49305U 21090AC  26038.25701821 -.00000175  00000+0 -50528-3 0  9995
2 49305  87.9028 315.6123 0001665  73.1492 286.9820 13.14503058210493
ONEWEB-0380             
1 49306U 21090AD  26038.31094469  .00000062  00000+0  12252-3 0  9991
2 49306  87.9251 330.8288 0002025  77.3494 282.7865 13.19723466209293
ONEWEB-0381             
1 49307U 21090AE  26038.23541476  .00000160  00000+0  36208-3 0  9994
2 49307  87.9215 300.3743 0001841  71.6084 288.5250 13.20770812212676
ONEWEB-0382             
1 49308U 21090AF  26038.22278802  .00000067  00000+0  13339-3 0  9990
2 49308  87.9217 300.3731 0001784  65.8435 294.2885 13.20770522212662
ONEWEB-0383             
1 49309U 21090AG  26038.32680347 -.00000108  00000+0 -32584-3 0  9994
2 49309  87.9030 315.5835 0001669  68.0475 292.0833 13.14504502210539
ONEWEB-0384             
1 49310U 21090AH  26038.29067343  .00000168  00000+0  38210-3 0  9993
2 49310  87.9226 300.4004 0001682  62.5764 297.5541 13.20805326212683
ONEWEB-0385             
1 49311U 21090AJ  26038.21485491 -.00004245  00000+0 -10480-1 0  9993
2 49311  87.9205 300.3777 0001279  83.3974 276.7304 13.20760183212646
ONEWEB-0386             
1 49312U 21090AK  26038.23225423  .00000129  00000+0  28418-3 0  9990
2 49312  87.9217 300.3597 0001698  66.5702 293.5610 13.20770890212662
ONEWEB-0387             
1 49313U 21090AL  26038.21647730  .00000072  00000+0  14553-3 0  9990
2 49313  87.9205 300.4032 0001973  73.8537 286.2813 13.20770639212663
ONEWEB-0388             
1 49314U 21090AM  26038.23039571  .00000128  00000+0  28650-3 0  9996
2 49314  87.9244 330.8428 0001766  73.8348 286.2979 13.19723941209271
ONEWEB-0389             
1 50469U 21132A   26038.49973649  .00000050  00000+0  96302-4 0  9991
2 50469  87.9100  31.6335 0002104  79.6970 280.4399 13.17650190201008
ONEWEB-0390             
1 50470U 21132B   26038.50143392  .00000086  00000+0  18816-3 0  9991
2 50470  87.9100  31.6336 0002006  93.1250 267.0111 13.17649907201001
ONEWEB-0391             
1 50471U 21132C   26038.50311169  .00000105  00000+0  23850-3 0  9997
2 50471  87.9096  31.6427 0002671  81.5505 278.5929 13.17647917201002
ONEWEB-0392             
1 50472U 21132D   26038.53348330  .00000063  00000+0  12822-3 0  9991
2 50472  87.9110  31.5937 0002179  81.3378 278.8001 13.17651703201040
ONEWEB-0393             
1 50473U 21132E   26038.50663703  .00000115  00000+0  26380-3 0  9995
2 50473  87.9110  31.6225 0001984  84.1626 275.9731 13.17649632201037
ONEWEB-0394             
1 50474U 21132F   26038.42490674  .00000027  00000+0  35898-4 0  9999
2 50474  87.9223   1.2003 0001901  76.9839 283.1505 13.18687310204493
ONEWEB-0395             
1 50475U 21132G   26038.53883399  .00000532  00000+0  14660-2 0  9995
2 50475  87.8820  46.8693 0002059  92.6038 267.5326 13.11416930198723
ONEWEB-0396             
1 50476U 21132H   26038.41830830  .00000037  00000+0  61740-4 0  9998
2 50476  87.9220   1.2134 0001895  79.1509 280.9836 13.18687821204532
ONEWEB-0397             
1 50477U 21132J   26038.43313837  .00000096  00000+0  21118-3 0  9993
2 50477  87.9220   1.2105 0001801  74.9028 285.2303 13.18688321204518
ONEWEB-0398             
1 50478U 21132K   26038.58290298 -.00000471  00000+0 -13640-2 0  9994
2 50478  87.8826  46.8385 0002116  99.3677 260.7690 13.11416733198626
ONEWEB-0399             
1 50479U 21132L   26038.56934922 -.00000193  00000+0 -58031-3 0  9997
2 50479  87.8822  46.8511 0002089  80.4129 279.7234 13.11415091198615
ONEWEB-0400             
1 50480U 21132M   26038.41171309  .00000073  00000+0  15352-3 0  9999
2 50480  87.9226   1.2045 0001882  85.2180 274.9167 13.18687203204504
ONEWEB-0401             
1 50481U 21132N   26038.38036430  .00000088  00000+0  19022-3 0  9995
2 50481  87.9217   1.2063 0001663  79.6947 280.4372 13.18685569204503
ONEWEB-0402             
1 50482U 21132P   26038.41995794  .00000018  00000+0  12735-4 0  9995
2 50482  87.9219   1.1910 0001396  69.3930 290.7352 13.18686642204535
ONEWEB-0403             
1 50483U 21132Q   26038.44469761  .00000141  00000+0  32439-3 0  9998
2 50483  87.9221   1.2085 0001913  80.8746 279.2603 13.18688109204497
ONEWEB-0404             
1 50484U 21132R   26038.55070691  .00000530  00000+0  14596-2 0  9996
2 50484  87.8819  46.8638 0002129  85.0231 275.1140 13.11415377198700
ONEWEB-0405             
1 50485U 21132S   26038.38366290  .00000081  00000+0  17378-3 0  9994
2 50485  87.9222   1.2046 0001744  73.6110 286.5214 13.18687906204880
ONEWEB-0406             
1 50486U 21132T   26038.44965740  .00000127  00000+0  28993-3 0  9993
2 50486  87.9222   1.2172 0002273  75.6814 284.4570 13.18683248204520
ONEWEB-0407             
1 50487U 21132U   26038.44304769 -.00000168  00000+0 -46011-3 0  9990
2 50487  87.9223   1.2026 0001731  82.1662 277.9666 13.18686687204468
ONEWEB-0409             
1 50488U 21132V   26038.54901243  .00000543  00000+0  14965-2 0  9999
2 50488  87.8835  46.8418 0002240  91.7918 268.3467 13.11416333198594
ONEWEB-0412             
1 50489U 21132W   26038.43149936  .00000065  00000+0  13329-3 0  9994
2 50489  87.9223   1.2178 0001600  72.5424 287.5883 13.18687801204559
ONEWEB-0413             
1 50490U 21132X   26038.43644133  .00000120  00000+0  27089-3 0  9995
2 50490  87.9212   1.2240 0001514  78.1517 281.9785 13.18684419204492
ONEWEB-0414             
1 50491U 21132Y   26038.42161620  .00000041  00000+0  70607-4 0  9997
2 50491  87.9220   1.1961 0001792  76.1634 283.9697 13.18686325204523
ONEWEB-0417             
1 50492U 21132Z   26038.42983964  .00000069  00000+0  14283-3 0  9998
2 50492  87.9211   1.2245 0002041  81.5873 278.5490 13.18688400204508
ONEWEB-0418             
1 50493U 21132AA  26038.43961398  .00000064  00000+0  13081-3 0  9997
2 50493  87.9222   1.2103 0002322  80.3456 279.7938 13.18687988204566
ONEWEB-0419             
1 50494U 21132AB  26038.38201936  .00000024  00000+0  27977-4 0  9993
2 50494  87.9221   1.2212 0002096  87.5350 272.6023 13.18687740204470
ONEWEB-0420             
1 50495U 21132AC  26038.42324869  .00000005  00000+0 -19655-4 0  9994
2 50495  87.9223   1.2263 0001656  84.0763 276.0558 13.18688036204470
ONEWEB-0421             
1 50496U 21132AD  26038.41665475  .00000026  00000+0  32137-4 0  9997
2 50496  87.9220   1.2193 0001782  71.6125 288.5201 13.18688153204512
ONEWEB-0424             
1 50497U 21132AE  26038.45294914  .00000117  00000+0  26495-3 0  9998
2 50497  87.9221   1.2069 0002071  90.0773 270.0597 13.18687414204548
ONEWEB-0426             
1 50498U 21132AF  26038.41335700  .00000025  00000+0  30182-4 0  9991
2 50498  87.9217   1.2082 0002189  63.5181 296.6176 13.18688147204481
ONEWEB-0427             
1 50499U 21132AG  26038.45129440  .00000141  00000+0  32385-3 0  9993
2 50499  87.9219   1.1855 0002098  81.3378 278.7992 13.18685001204513
ONEWEB-0429             
1 50500U 21132AH  26038.43808742  .00000058  00000+0  11511-3 0  9998
2 50500  87.9220   1.2213 0001689  84.3043 275.8282 13.18688398204482
ONEWEB-0430             
1 50501U 21132AJ  26038.42656026  .00000084  00000+0  18030-3 0  9996
2 50501  87.9220   1.2202 0001793  90.8628 269.2709 13.18687807204528
ONEWEB-0432             
1 50502U 21132AK  26038.38290386  .00000123  00000+0  28030-3 0  9990
2 50502  87.9214   1.1975 0002727  86.8137 273.3307 13.18681638204476
ONEWEB-0440             
1 50503U 21132AL  26038.44634371  .00000177  00000+0  41608-3 0  9999
2 50503  87.9223   1.2053 0001470  73.7236 286.4058 13.18688061204479
ONEWEB-0450             
1 50504U 21132AM  26038.43987415  .00000082  00000+0  17526-3 0  9996
2 50504  87.9215   1.2251 0001629  88.9713 271.1606 13.18688064204502
ONEWEB-0410             
1 51622U 22012A   26038.51831193  .00000038  00000+0  65223-4 0  9995
2 51622  87.9111  31.6058 0003066  65.6252 294.5200 13.17651332196627
ONEWEB-0411             
1 51623U 22012B   26038.58705110  .00000692  00000+0  19463-2 0  9991
2 51623  87.8753  62.0874 0002083 113.4320 246.7027 13.10373233192311
ONEWEB-0415             
1 51624U 22012C   26038.58372589  .00000629  00000+0  17665-2 0  9994
2 51624  87.8757  62.0905 0001996 103.6495 256.4854 13.10374117192315
ONEWEB-0416             
1 51625U 22012D   26038.59534568  .00000539  00000+0  15067-2 0  9997
2 51625  87.8748  62.1095 0002279  99.9790 260.1594 13.10371135192351
ONEWEB-0422             
1 51626U 22012E   26038.52841842  .00000085  00000+0  18549-3 0  9992
2 51626  87.9109  31.6064 0001158  90.0905 270.0360 13.17651205196739
ONEWEB-0423             
1 51627U 22012F   26038.52167190  .00000027  00000+0  35418-4 0  9991
2 51627  87.9109  31.6173 0001774  83.5930 276.5404 13.17648907196623
ONEWEB-0425             
1 51628U 22012G   26038.60529855  .00000139  00000+0  36184-3 0  9995
2 51628  87.8756  62.0824 0002028  85.7712 274.3647 13.10369400192359
ONEWEB-0428             
1 51629U 22012H   26038.58538707  .00000650  00000+0  18249-2 0  9998
2 51629  87.8756  62.1014 0001827  94.2994 265.8343 13.10373472192313
ONEWEB-0431             
1 51630U 22012J   26038.55534787 -.00000611  00000+0 -17856-2 0  9993
2 51630  87.8760  62.0909 0001873 113.2163 246.9162 13.10373288192362
ONEWEB-0434             
1 51631U 22012K   26038.60875404 -.00000073  00000+0 -24635-3 0  9990
2 51631  87.8746  62.1113 0002184  76.3004 283.8366 13.10369487192355
ONEWEB-0435             
1 51632U 22012L   26038.61690485 -.00000425  00000+0 -12532-2 0  9999
2 51632  87.8747  62.1005 0001422  96.1975 263.9315 13.10370601192340
ONEWEB-0436             
1 51633U 22012M   26038.51323469  .00000057  00000+0  11361-3 0  9993
2 51633  87.9109  31.5977 0001654  91.7548 268.3773 13.17648583196600
ONEWEB-0438             
1 51634U 22012N   26038.60032495  .00000358  00000+0  99008-3 0  9998
2 51634  87.8747  62.1044 0002000  88.1444 271.9912 13.10369976192378
ONEWEB-0439             
1 51635U 22012P   26038.60364118  .00000206  00000+0  55242-3 0  9993
2 51635  87.8749  62.0925 0001800  93.4192 266.7141 13.10369780192351
ONEWEB-0442             
1 51636U 22012Q   26038.50565639  .00000021  00000+0  20996-4 0  9998
2 51636  87.9100  31.6414 0002416  80.3132 279.8273 13.17655783196591
ONEWEB-0443             
1 51637U 22012R   26038.52506569  .00001820  00000+0  46548-2 0  9995
2 51637  87.9096  31.6397 0001869  79.0791 281.0551 13.17640463196642
ONEWEB-0444             
1 51638U 22012S   26038.59369033  .00000548  00000+0  15343-2 0  9991
2 51638  87.8753  62.0933 0001815  93.8379 266.2956 13.10370641192363
ONEWEB-0445             
1 51639U 22012T   26038.61524653 -.00000430  00000+0 -12688-2 0  9997
2 51639  87.8764  62.0646 0001988  99.7190 260.4162 13.10369648192375
ONEWEB-0446             
1 51640U 22012U   26038.59203054  .00000634  00000+0  17791-2 0  9999
2 51640  87.8753  62.1096 0001979  98.3117 261.8235 13.10371444192350
ONEWEB-0448             
1 51641U 22012V   26038.52064893  .00000508  00000+0  14195-2 0  9994
2 51641  87.8746  62.1233 0001794  92.6875 267.4458 13.10370259192317
ONEWEB-0449             
1 51642U 22012W   26038.60198373  .00000248  00000+0  67454-3 0  9993
2 51642  87.8759  62.0823 0002068  77.6637 282.4722 13.10369687192336
ONEWEB-0451             
1 51643U 22012X   26038.50985674  .00000039  00000+0  67466-4 0  9993
2 51643  87.9110  31.5935 0001888  82.9282 277.2064 13.17647860196589
ONEWEB-0452             
1 51644U 22012Y   26038.50818174  .00000044  00000+0  79999-4 0  9994
2 51644  87.9099  31.6433 0001780  78.0713 282.0618 13.17650317196597
ONEWEB-0456             
1 51646U 22012AA  26038.61194753 -.00000259  00000+0 -77962-3 0  9995
2 51646  87.8767  62.0561 0001677  93.4391 266.6928 13.10372813192377
ONEWEB-0457             
1 51647U 22012AB  26038.58871135  .00000703  00000+0  19774-2 0  9996
2 51647  87.8752  62.0978 0002326  95.3053 264.8340 13.10373528192374
ONEWEB-0458             
1 51648U 22012AC  26038.61027454 -.00000148  00000+0 -45987-3 0  9999
2 51648  87.8757  62.0722 0001826  86.6754 273.4582 13.10369460192332
ONEWEB-0461             
1 51649U 22012AD  26038.53011025  .00000037  00000+0  60977-4 0  9990
2 51649  87.9111  31.6042 0001970  88.8022 271.3335 13.17648345196816
ONEWEB-0463             
1 51650U 22012AE  26038.51155179  .00000075  00000+0  15960-3 0  9992
2 51650  87.9098  31.6436 0001933  90.4054 269.7299 13.17650754196594
ONEWEB-0464             
1 51651U 22012AF  26038.60696953 -.00000067  00000+0 -22839-3 0  9999
2 51651  87.8747  62.1039 0001598  97.0747 263.0562 13.10373650192352
ONEWEB-0468             
1 51652U 22012AG  26038.53724725 -.00001543  00000+0 -44578-2 0  9994
2 51652  87.8742  62.1127 0001667  84.7293 275.4024 13.10360538192320
ONEWEB-0473             
1 51653U 22012AH  26038.59866551  .00000457  00000+0  12730-2 0  9991
2 51653  87.8748  62.1021 0001756  90.2804 269.8525 13.10369750192338
ONEWEB-0474             
1 51654U 22012AJ  26038.59036769  .00000699  00000+0  19655-2 0  9993
2 51654  87.8762  62.0755 0001560  94.9673 265.1633 13.10372447192321
ONEWEB-0475             
1 51655U 22012AK  26038.52335766  .00000064  00000+0  13262-3 0  9991
2 51655  87.9097  31.6325 0001361  68.3005 291.8271 13.17651028196614
ONEWEB-0490             
1 54113U 22138A   26038.33621723  .00000019  00000+0  15216-4 0  9994
2 54113  87.9259 330.8102 0001526  81.1853 278.9452 13.19728425159704
ONEWEB-0492             
1 54114U 22138B   26038.36148978  .00000107  00000+0  23380-3 0  9992
2 54114  87.9252 330.8148 0001660  86.0506 274.0817 13.19723942159718
ONEWEB-0495             
1 54115U 22138C   26038.33939003 -.00000042  00000+0 -13616-3 0  9998
2 54115  87.9254 330.8219 0001033  86.9431 273.1820 13.19724279159695
ONEWEB-0497             
1 54116U 22138D   26038.35201057  .00000123  00000+0  27371-3 0  9993
2 54116  87.9250 330.8084 0001655  79.8822 280.2497 13.19728905159685
ONEWEB-0499             
1 54117U 22138E   26038.33543209  .00000069  00000+0  13991-3 0  9992
2 54117  87.9249 330.8232 0001595  72.6156 287.5151 13.19727264159698
ONEWEB-0500             
1 54118U 22138F   26038.33780179  .00000068  00000+0  13701-3 0  9990
2 54118  87.9253 330.8116 0001790  81.8455 278.2881 13.19724297159708
ONEWEB-0501             
1 54119U 22138G   26038.29199126 -.00000131  00000+0 -36075-3 0  9994
2 54119  87.9250 330.8218 0001418  79.0717 281.0575 13.19724601159673
ONEWEB-0502             
1 54120U 22138H   26038.35359310  .00000087  00000+0  18533-3 0  9993
2 54120  87.9260 330.7919 0001498  72.5455 287.5842 13.19728494159704
ONEWEB-0503             
1 54121U 22138J   26038.34253476  .00000002  00000+0 -28069-4 0  9993
2 54121  87.9261 330.7978 0001837  69.3878 290.7451 13.19728310159698
ONEWEB-0504             
1 54122U 22138K   26038.32991414  .00000039  00000+0  64525-4 0  9999
2 54122  87.9250 330.8130 0001549  76.0407 284.0898 13.19726917159705
ONEWEB-0505             
1 54123U 22138L   26038.32674404  .00000003  00000+0 -24130-4 0  9997
2 54123  87.9258 330.8077 0001244  72.5785 287.5484 13.19728179159684
ONEWEB-0506             
1 54124U 22138M   26038.30148865  .00000931  00000+0  22928-2 0  9993
2 54124  87.9256 330.8096 0001510  75.6480 284.4820 13.19721432159670
ONEWEB-0507             
1 54125U 22138N   26038.32200693  .00000061  00000+0  12023-3 0  9994
2 54125  87.9243 330.8317 0001568  80.5917 279.5393 13.19723834159720
ONEWEB-0508             
1 54126U 22138P   26038.31886446  .00000089  00000+0  18998-3 0  9997
2 54126  87.9250 330.8294 0001300  85.7621 274.3660 13.19726722159703
ONEWEB-0509             
1 54127U 22138Q   26038.36939169  .00000133  00000+0  29877-3 0  9992
2 54127  87.9260 330.7963 0001633  78.6863 281.4453 13.19725221159684
ONEWEB-0510             
1 54128U 22138R   26038.66313181  .00000099  00000+0  21107-3 0  9995
2 54128  87.9217 300.2859 0002140  78.9984 281.1390 13.20772295162185
ONEWEB-0511             
1 54129U 22138S   26038.36622919  .00000075  00000+0  15575-3 0  9991
2 54129  87.9264 330.8010 0001810  70.1084 290.0244 13.19723758159714
ONEWEB-0512             
1 54130U 22138T   26038.35835136  .00000209  00000+0  48964-3 0  9996
2 54130  87.9249 330.8200 0001370  69.2254 290.9026 13.19725849159685
ONEWEB-0513             
1 54131U 22138U   26038.34116005 -.00000008  00000+0 -51359-4 0  9995
2 54131  87.9264 330.7805 0001222  48.0095 312.1142 13.20260516159589
ONEWEB-0514             
1 54132U 22138V   26038.37413389  .00000094  00000+0  20225-3 0  9994
2 54132  87.9253 330.8052 0001902  77.7780 282.3566 13.19723904159703
ONEWEB-0515             
1 54133U 22138W   26038.65050231  .00000082  00000+0  16919-3 0  9991
2 54133  87.9220 300.2771 0002368  95.7958 264.3445 13.20771092162209
ONEWEB-0516             
1 54134U 22138X   26038.34885654  .00000071  00000+0  14416-3 0  9991
2 54134  87.9246 330.8234 0001657  78.1615 281.9704 13.19728245159700
ONEWEB-0517             
1 54135U 22138Y   26038.32833177  .00006225  00000+0  15513-1 0  9997
2 54135  87.9257 330.8150 0001930  77.9151 282.2198 13.19692853159702
ONEWEB-0518             
1 54136U 22138Z   26038.34727939  .00000149  00000+0  34101-3 0  9993
2 54136  87.9249 330.8252 0001553  79.8742 280.2566 13.19725296159700
ONEWEB-0519             
1 54137U 22138AA  26038.29674175  .00000104  00000+0  22864-3 0  9995
2 54137  87.9258 330.8126 0001800  70.7712 289.3615 13.19727071159701
ONEWEB-0520             
1 54138U 22138AB  26038.33148097  .00000086  00000+0  18267-3 0  9991
2 54138  87.9260 330.8118 0001436  79.9046 280.2249 13.19728076159699
ONEWEB-0521             
1 54139U 22138AC  26038.36464962  .00000167  00000+0  38424-3 0  9994
2 54139  87.9260 330.7883 0001876  73.0545 287.0794 13.19728567159645
ONEWEB-0522             
1 54140U 22138AD  26038.34411855  .00000024  00000+0  27457-4 0  9994
2 54140  87.9259 330.7939 0001607  75.8868 284.2443 13.19724564159684
ONEWEB-0523             
1 54141U 22138AE  26038.63787608 -.00000009  00000+0 -54061-4 0  9995
2 54141  87.9219 300.2943 0002429  79.6523 280.4884 13.20769713162207
ONEWEB-0524             
1 54142U 22138AF  26038.24803266 -.00000029  00000+0 -10295-3 0  9994
2 54142  87.9215 300.3736 0002178 102.7347 257.4029 13.20774322162159
ONEWEB-0525             
1 54143U 22138AG  26038.36306957  .00000154  00000+0  35204-3 0  9997
2 54143  87.9251 330.8068 0001458  78.9872 281.1425 13.19728366159709
ONEWEB-0526             
1 54144U 22138AH  26038.32042299 -.00000060  00000+0 -18123-3 0  9999
2 54144  87.9259 330.8078 0001709  82.2981 277.8346 13.19727821159672
ONEWEB-0529             
1 54145U 22138AJ  26038.32358558  .00000103  00000+0  22608-3 0  9997
2 54145  87.9249 330.8285 0001491  81.8019 278.3283 13.19727523159694
ONEWEB-0531             
1 54146U 22138AK  26038.23383721  .00000112  00000+0  24309-3 0  9998
2 54146  87.9218 300.3714 0002502  88.2078 271.9341 13.20769908162154
ONEWEB-0535             
1 54147U 22138AL  26038.35675471  .00000084  00000+0  17736-3 0  9992
2 54147  87.9261 330.7942 0002085  79.6788 280.4580 13.19724067159714
ONEWEB-0536             
1 54148U 22138AM  26038.22121307  .00000113  00000+0  24600-3 0  9994
2 54148  87.9207 300.4122 0002531  92.3731 267.7692 13.20770226162148
ONEWEB-0527             
1 54642U 22166A   26038.65416599  .00000083  00000+0  17046-3 0  9993
2 54642  87.9190 269.8382 0001557  88.9425 271.1888 13.21827249154429
ONEWEB-0528             
1 54643U 22166B   26038.66075531  .00000053  00000+0  97517-4 0  9991
2 54643  87.9186 269.8404 0001500  86.2926 273.8379 13.21824358154438
ONEWEB-0539             
1 54644U 22166C   26038.62290427 -.00000021  00000+0 -82004-4 0  9993
2 54644  87.9188 269.8131 0001426  73.8722 286.2569 13.21827631154426
ONEWEB-0540             
1 54645U 22166D   26038.62963083  .00000010  00000+0 -78531-5 0  9997
2 54645  87.9185 269.8492 0001590  81.9738 278.1576 13.21825274154411
ONEWEB-0542             
1 54646U 22166E   26038.63277101 -.00000072  00000+0 -20588-3 0  9994
2 54646  87.9191 269.8065 0001570  67.5577 292.5723 13.21828985154421
ONEWEB-0545             
1 54647U 22166F   26038.59821674 -.00000293  00000+0 -74082-3 0  9993
2 54647  87.9187 269.8351 0001683  65.8460 294.2850 13.21824989154387
ONEWEB-0580             
1 54648U 22166G   26038.64759016  .00000000  00000+0 -31822-4 0  9991
2 54648  87.9189 269.8251 0001733  72.6498 287.4826 13.21826515154432
ONEWEB-0582             
1 54649U 22166H   26038.61466510 -.00000099  00000+0 -27056-3 0  9995
2 54649  87.9190 269.8244 0001721  70.2963 289.8356 13.21824802154403
ONEWEB-0583             
1 54650U 22166J   26038.62618830 -.00000065  00000+0 -18926-3 0  9991
2 54650  87.9183 269.8459 0001465  83.0235 277.1065 13.21828392154410
ONEWEB-0584             
1 54651U 22166K   26038.64594024  .00000020  00000+0  16345-4 0  9995
2 54651  87.9187 269.8292 0001800  76.1015 284.0319 13.21824192154404
ONEWEB-0585             
1 54652U 22166L   26038.59493658 -.00000049  00000+0 -14967-3 0  9991
2 54652  87.9189 269.8240 0001549  88.8032 271.3280 13.21825737154401
ONEWEB-0586             
1 54653U 22166M   26038.60810736 -.00000683  00000+0 -16863-2 0  9994
2 54653  87.9195 269.8473 0001699  89.5547 270.5782 13.21817067154407
ONEWEB-0587             
1 54654U 22166N   26038.61798170  .00000008  00000+0 -11096-4 0  9998
2 54654  87.9199 269.8056 0001511  99.5777 260.5528 13.21824262154567
ONEWEB-0589             
1 54655U 22166P   26038.60480380  .00000018  00000+0  11186-4 0  9999
2 54655  87.9185 269.8370 0002112  60.0426 300.0918 13.21824557154429
ONEWEB-0590             
1 54656U 22166Q   26038.62935022 -.00000007  00000+0 -48052-4 0  9992
2 54656  87.9189 269.8102 0002006  86.1643 273.9720 13.21824087154415
ONEWEB-0591             
1 54657U 22166R   26038.64101547 -.00000013  00000+0 -63737-4 0  9996
2 54657  87.9186 269.8311 0001620  82.8028 277.3290 13.21825794154445
ONEWEB-0592             
1 54658U 22166S   26038.64431457  .00000042  00000+0  69831-4 0  9994
2 54658  87.9195 269.7979 0001607  85.4861 274.6457 13.21825380154327
ONEWEB-0593             
1 54659U 22166T   26038.59164030  .00000069  00000+0  13636-3 0  9999
2 54659  87.9191 269.8302 0001498  80.7686 279.3617 13.21824997154420
ONEWEB-0594             
1 54660U 22166U   26038.61139687  .00000042  00000+0  71086-4 0  9999
2 54660  87.9186 269.8449 0001499  86.3592 273.7713 13.21825366154445
ONEWEB-0595             
1 54661U 22166V   26038.66404780  .00000042  00000+0  69566-4 0  9994
2 54661  87.9189 269.8059 0001647  91.3424 268.7898 13.21824844154427
ONEWEB-0596             
1 54662U 22166W   26038.63772106 -.00000052  00000+0 -15740-3 0  9999
2 54662  87.9189 269.8291 0001567  84.9599 275.1714 13.21825372154424
ONEWEB-0597             
1 54663U 22166X   26038.61961084 -.00000288  00000+0 -72846-3 0  9994
2 54663  87.9182 269.8370 0001553  72.8222 287.3081 13.21824550154429
ONEWEB-0600             
1 54664U 22166Y   26038.60150756  .00000034  00000+0  50243-4 0  9995
2 54664  87.9189 269.8317 0001491  75.7612 284.3687 13.21828193154396
ONEWEB-0601             
1 54665U 22166Z   26038.59327967 -.00000164  00000+0 -42765-3 0  9999
2 54665  87.9190 269.8509 0001717  76.4397 283.6928 13.21826197154584
ONEWEB-0602             
1 54666U 22166AA  26038.63360292  .00000019  00000+0  14084-4 0  9994
2 54666  87.9190 269.8486 0001299  75.8141 284.3137 13.21825649154439
ONEWEB-0603             
1 54667U 22166AB  26038.63936146 -.00000008  00000+0 -51759-4 0  9992
2 54667  87.9192 269.7907 0001522  77.2612 282.8692 13.21824803154369
ONEWEB-0604             
1 54668U 22166AC  26038.62784353  .00000041  00000+0  67490-4 0  9997
2 54668  87.9190 269.8085 0001545  90.4437 269.6874 13.21824988154328
ONEWEB-0605             
1 54669U 22166AD  26038.62127244  .00000016  00000+0  82587-5 0  9995
2 54669  87.9185 269.8364 0002036  71.5217 288.6138 13.21825899154398
ONEWEB-0606             
1 54670U 22166AE  26038.64264905  .00000034  00000+0  51717-4 0  9995
2 54670  87.9190 269.8445 0001634  92.6660 267.4661 13.21824357154456
ONEWEB-0607             
1 54671U 22166AF  26038.60973973  .00000022  00000+0  22383-4 0  9998
2 54671  87.9189 269.8145 0001541  77.6447 282.4860 13.21823609154429
ONEWEB-0608             
1 54672U 22166AG  26038.61633361  .00000000  00000+0 -31230-4 0  9992
2 54672  87.9195 269.8052 0001851  70.4714 289.6620 13.21826191154439
ONEWEB-0610             
1 54673U 22166AH  26038.59658674  .00000044  00000+0  74141-4 0  9999
2 54673  87.9186 269.8364 0001833  65.6737 294.4588 13.21825342154330
ONEWEB-0611             
1 54674U 22166AJ  26038.58999589  .00000078  00000+0  15654-3 0  9992
2 54674  87.9190 269.8332 0001447  89.7154 270.4145 13.21824044154322
ONEWEB-0612             
1 54675U 22166AK  26038.60317496  .00000100  00000+0  21006-3 0  9991
2 54675  87.9197 269.8123 0001572  78.4882 281.6428 13.21827058154315
ONEWEB-0615             
1 54676U 22166AL  26038.65910403 -.00000134  00000+0 -35519-3 0  9997
2 54676  87.9186 269.8268 0001577  77.5728 282.5582 13.21824476154332
ONEWEB-0655             
1 54677U 22166AM  26038.63442021 -.00000109  00000+0 -29471-3 0  9994
2 54677  87.9190 269.8348 0001337  74.2030 285.9251 13.21824676154322
ONEWEB-0659             
1 54678U 22166AN  26038.42407163 -.00031239  00000+0 -76211-1 0  9990
2 54678  87.9202 269.8798 0003513  66.8210 293.3293 13.21577508154385
ONEWEB-0685             
1 54679U 22166AP  26038.65098630 -.00003431  00000+0 -83465-2 0  9994
2 54679  87.9302 269.8267 0002030  98.5316 261.6049 13.21785182154308
ONEWEB-0712             
1 54680U 22166AQ  26038.63718488  .00000049  00000+0  95669-4 0  9995
2 54680  87.9008 254.5593 0001013  81.6742 278.4503 13.16594714155015
ONEWEB-0714             
1 54681U 22166AR  26038.65746225  .00000094  00000+0  19533-3 0  9993
2 54681  87.9184 269.8207 0001475  79.7434 280.3867 13.21826123154427
ONEWEB-0532             
1 55140U 23004A   26038.48623467  .00000070  00000+0  14806-3 0  9991
2 55140  87.9108  31.6281 0002243  85.5307 274.6081 13.17647246150500
ONEWEB-0533             
1 55141U 23004B   26038.47304701  .00000304  00000+0  80957-3 0  9998
2 55141  87.8955  16.4124 0001782  77.8717 282.2611 13.12441906151047
ONEWEB-0541             
1 55142U 23004C   26038.55409174  .00000440  00000+0  12062-2 0  9990
2 55142  87.8827  46.8426 0001934  93.4759 266.6590 13.11415338148954
ONEWEB-0543             
1 55143U 23004D   26038.41501290  .00000054  00000+0  10458-3 0  9997
2 55143  87.9196   1.2483 0001530  81.3638 278.7668 13.18687451152596
ONEWEB-0544             
1 55144U 23004E   26038.40840451  .00000009  00000+0 -10184-4 0  9990
2 55144  87.9207   1.2432 0001788  90.5605 269.5732 13.18684674152599
ONEWEB-0560             
1 55145U 23004F   26038.40180994  .00000121  00000+0  27405-3 0  9997
2 55145  87.9214   1.2336 0001695  90.4976 269.6351 13.18687546152609
ONEWEB-0565             
1 55146U 23004G   26038.39521678  .00000141  00000+0  32580-3 0  9996
2 55146  87.9199   1.2754 0002092  94.6818 265.4553 13.18687569152590
ONEWEB-0567             
1 55147U 23004H   26038.38861741  .00000047  00000+0  85590-4 0  9999
2 55147  87.9212   1.2484 0001941  96.0187 264.1166 13.18686752152593
ONEWEB-0569             
1 55148U 23004J   26038.35384960 -.00000073  00000+0 -23536-3 0  9992
2 55148  87.9040 346.0174 0001529 112.9360 247.1931 13.13472323153136
ONEWEB-0570             
1 55149U 23004K   26038.45459172  .00000088  00000+0  18983-3 0  9996
2 55149  87.9208   1.2343 0002339  84.2321 275.9078 13.18684443152592
ONEWEB-0571             
1 55150U 23004L   26038.44799322  .00000117  00000+0  26287-3 0  9990
2 55150  87.9208   1.2339 0002341 114.3448 245.7929 13.18688528152607
ONEWEB-0572             
1 55151U 23004M   26038.51661192 -.00000111  00000+0 -31875-3 0  9997
2 55151  87.9102  31.6285 0002288  79.5951 280.5438 13.17647610150403
ONEWEB-0573             
1 55152U 23004N   26038.44139260  .00000133  00000+0  30479-3 0  9997
2 55152  87.9205   1.2377 0002440  97.0818 263.0592 13.18684486152592
ONEWEB-0588             
1 55153U 23004P   26038.43478973  .00000074  00000+0  15451-3 0  9991
2 55153  87.9212   1.2389 0002261  86.2324 273.9066 13.18688399152590
ONEWEB-0598             
1 55154U 23004Q   26038.53204809  .00000321  00000+0  86907-3 0  9997
2 55154  87.8819  46.8697 0001792 109.5056 250.6266 13.11419273148909
ONEWEB-0599             
1 55155U 23004R   26038.47779638  .00000081  00000+0  17422-3 0  9997
2 55155  87.9099  31.6352 0001688  92.9213 267.2112 13.17648512150403
ONEWEB-0614             
1 55156U 23004S   26038.52696213  .00000070  00000+0  16247-3 0  9993
2 55156  87.8818  46.8796 0002163  83.7464 276.3910 13.11419322148848
ONEWEB-0616             
1 55157U 23004T   26038.51997759  .00000091  00000+0  20124-3 0  9994
2 55157  87.9110  31.6237 0000907  75.6477 284.4755 13.17647539150620
ONEWEB-0617             
1 55158U 23004U   26038.51508275 -.00000404  00000+0 -11765-2 0  9996
2 55158  87.8821  46.8634 0002232  90.1255 270.0129 13.11419009148869
ONEWEB-0618             
1 55159U 23004V   26038.57740903  .00005722  00000+0  33445-3 0  9995
2 55159  86.9042 230.1963 0015013  59.4544 300.8174 15.11594287162679
ONEWEB-0619             
1 55160U 23004W   26038.47611129  .00000080  00000+0  17351-3 0  9993
2 55160  87.9110  31.6059 0001843  72.8131 287.3203 13.17650213150513
ONEWEB-0620             
1 55161U 23004X   26038.58629788 -.00000418  00000+0 -12148-2 0  9991
2 55161  87.8815  46.8668 0002030  97.3031 262.8328 13.11417553148840
ONEWEB-0621             
1 55162U 23004Y   26038.53714284  .00000422  00000+0  11556-2 0  9998
2 55162  87.8831  46.8531 0001997  83.2887 276.8468 13.11418223148814
ONEWEB-0622             
1 55163U 23004Z   26038.54222477  .00000584  00000+0  16120-2 0  9999
2 55163  87.8821  46.8563 0002620  88.7709 271.3719 13.11416925148801
ONEWEB-0623             
1 55164U 23004AA  26038.47104153 -.00000147  00000+0 -41182-3 0  9996
2 55164  87.9095  31.6518 0002446  74.7363 285.4039 13.17648330150509
ONEWEB-0624             
1 55165U 23004AB  26038.48691459 -.00000156  00000+0 -46584-3 0  9999
2 55165  87.8950  16.3535 0002042  80.8494 279.2865 13.12923697151059
ONEWEB-0625             
1 55166U 23004AC  26038.53686663  .00000106  00000+0  23992-3 0  9998
2 55166  87.9099  31.6317 0001612  84.6659 275.4656 13.17650771150500
ONEWEB-0626             
1 55167U 23004AD  26038.52673330  .00000036  00000+0  59972-4 0  9995
2 55167  87.9099  31.6348 0001952 101.8654 258.2696 13.17650451150507
ONEWEB-0627             
1 55168U 23004AE  26038.59085801  .00000075  00000+0  16079-3 0  9996
2 55168  87.9100  31.6218 0002347  80.4433 279.6964 13.17648725150510
ONEWEB-0628             
1 55169U 23004AF  26038.49689820 -.00000389  00000+0 -11176-2 0  9999
2 55169  87.8957  16.3931 0002350  69.8759 290.2623 13.12442735151024
ONEWEB-0629             
1 55170U 23004AG  26038.49045466  .00000046  00000+0  84537-4 0  9994
2 55170  87.9101  31.6395 0001787  76.1523 283.9807 13.17648674150505
ONEWEB-0631             
1 55171U 23004AH  26038.42820687  .00000070  00000+0  14485-3 0  9995
2 55171  87.9221   1.1941 0002220  94.8955 265.2431 13.18687163152579
ONEWEB-0709             
1 55172U 23004AJ  26038.57612637 -.00000423  00000+0 -12306-2 0  9999
2 55172  87.8817  46.8725 0002006 116.5410 243.5924 13.11415837148881
ONEWEB-0710             
1 55173U 23004AK  26038.50479540  .00000053  00000+0  10447-3 0  9999
2 55173  87.9099  31.6313 0002030  85.7720 274.3644 13.17648419150501
ONEWEB-0711             
1 55174U 23004AL  26038.47101681  .00000594  00000+0  16387-2 0  9992
2 55174  87.8826  46.8723 0002550  81.5976 278.5441 13.11416896148836
ONEWEB-0713             
1 55175U 23004AM  26038.56595693 -.00000037  00000+0 -13949-3 0  9999
2 55175  87.8825  46.8537 0002205  84.3299 275.8081 13.11416159148837
ONEWEB-0715             
1 55176U 23004AN  26038.56087504  .00000142  00000+0  36522-3 0  9994
2 55176  87.8823  46.8553 0002304 107.4353 252.7027 13.11414648148871
ONEWEB-0716             
1 55177U 23004AP  26038.49804894  .00000077  00000+0  16535-3 0  9995
2 55177  87.9098  31.6327 0001612  87.2226 272.9090 13.17650310150504
ONEWEB-0717             
1 55178U 23004AQ  26038.48117195  .00000142  00000+0  33233-3 0  9993
2 55178  87.9109  31.6122 0002553  82.4909 277.6512 13.17650455150557
ONEWEB-0719             
1 55179U 23004AR  26038.49131873  .00000032  00000+0  50068-4 0  9998
2 55179  87.9109  31.5923 0001738  81.8843 278.2485 13.17649350150503
ONEWEB-0530             
1 55796U 23029A   26038.62208118 -.00000295  00000+0 -75660-3 0  9999
2 55796  87.9213 300.3395 0002053  72.6104 287.5254 13.20772162144044
ONEWEB-0534             
1 55797U 23029B   26038.23066990 -.00000118  00000+0 -32102-3 0  9995
2 55797  87.9207 300.4165 0001508  78.8543 281.2760 13.20773413143999
ONEWEB-0556             
1 55798U 23029C   26038.23698949 -.00000003  00000+0 -39240-4 0  9995
2 55798  87.9212 300.4176 0001442  43.9258 316.1990 13.20773538143992
ONEWEB-0562             
1 55799U 23029D   26038.22435976 -.00000226  00000+0 -58862-3 0  9991
2 55799  87.9205 300.3997 0002170  55.3493 304.7845 13.20771815143990
ONEWEB-0563             
1 55800U 23029E   26038.21804549  .00000048  00000+0  85690-4 0  9999
2 55800  87.9214 300.4316 0001469  78.2935 281.8363 13.20769362143987
ONEWEB-0564             
1 55801U 23029F   26038.21173517  .00000150  00000+0  33747-3 0  9993
2 55801  87.9207 300.4046 0001891  69.4969 290.6367 13.20770306143991
ONEWEB-0638             
1 55802U 23029G   26038.30777538  .00000071  00000+0  15694-3 0  9990
2 55802  87.9022 315.6589 0001710  57.8691 302.2604 13.14503674142336
ONEWEB-0639             
1 55803U 23029H   26038.30937141  .00000053  00000+0  99488-4 0  9993
2 55803  87.9251 330.8332 0000976 110.0506 250.0731 13.19723619141772
ONEWEB-0640             
1 55804U 23029J   26038.31729050  .00000012  00000+0 -14751-5 0  9990
2 55804  87.9025 315.6469 0001279  49.7534 310.3707 13.14504237142356
ONEWEB-0641             
1 55805U 23029K   26038.30463374  .00000036  00000+0  56807-4 0  9996
2 55805  87.9254 330.8190 0001662  83.4906 276.6416 13.19727301141786
ONEWEB-0642             
1 55806U 23029L   26038.29988667  .00000049  00000+0  90659-4 0  9999
2 55806  87.9241 330.8365 0001225 106.1118 254.0150 13.19727191141771
ONEWEB-0643             
1 55807U 23029M   26038.28715566  .00000180  00000+0  45088-3 0  9996
2 55807  87.9026 315.6400 0001504 100.0009 260.1290 13.14503046142327
ONEWEB-0644             
1 55808U 23029N   26038.37098049  .00000078  00000+0  16138-3 0  9997
2 55808  87.9243 330.8310 0001542  90.3630 269.7680 13.19726756141788
ONEWEB-0645             
1 55809U 23029P   26038.31726651  .00000151  00000+0  34439-3 0  9995
2 55809  87.9238 330.8336 0001223  79.2268 280.9002 13.19724175141775
ONEWEB-0646             
1 55810U 23029Q   26038.33464249  .00000014  00000+0  16876-5 0  9996
2 55810  87.9250 330.8277 0001606  87.5658 272.5658 13.19724768141766
ONEWEB-0648             
1 55811U 23029R   26038.25543302 -.00000097  00000+0 -29497-3 0  9990
2 55811  87.9026 315.6089 0000735  87.4850 272.6364 13.14503158142326
ONEWEB-0649             
1 55812U 23029S   26038.35991378  .00000135  00000+0  30407-3 0  9996
2 55812  87.9250 330.8194 0001340  83.4620 276.6666 13.19728263141808
ONEWEB-0650             
1 55813U 23029T   26038.35517896  .00000062  00000+0  12325-3 0  9994
2 55813  87.9249 330.8245 0001427  90.6767 269.4530 13.19724583141779
ONEWEB-0652             
1 55814U 23029U   26038.31253553  .00000061  00000+0  12998-3 0  9993
2 55814  87.9023 315.6151 0001852  73.5008 286.6325 13.14503697142306
ONEWEB-0653             
1 55815U 23029V   26038.29667796  .00000297  00000+0  76544-3 0  9997
2 55815  87.9020 315.6088 0001672  71.9369 288.1943 13.14503997142334
ONEWEB-0654             
1 55816U 23029W   26038.29191856  .00000217  00000+0  54982-3 0  9991
2 55816  87.9022 315.6092 0002051  70.2613 289.8738 13.14503474142350
ONEWEB-0656             
1 55817U 23029X   26038.28117794 -.00000164  00000+0 -43479-3 0  9992
2 55817  87.9216 300.3541 0001998  70.2246 289.9103 13.20772087144003
ONEWEB-0657             
1 55818U 23029Y   26038.35043663  .00000024  00000+0  27224-4 0  9998
2 55818  87.9244 330.8244 0002469  86.0902 274.0513 13.19727503141784
ONEWEB-0658             
1 55819U 23029Z   26038.34570004  .00000077  00000+0  16086-3 0  9993
2 55819  87.9260 330.7887 0001476  90.0584 270.0718 13.19727915141794
ONEWEB-0660             
1 55820U 23029AA  26038.26970364  .00000044  00000+0  83988-4 0  9999
2 55820  87.9032 315.5971 0001407  71.2660 288.8622 13.14505547142330
ONEWEB-0661             
1 55821U 23029AB  26038.30459856  .00000073  00000+0  16165-3 0  9997
2 55821  87.9023 315.6504 0001508  69.5989 290.5302 13.14505738142326
ONEWEB-0662             
1 55822U 23029AC  26038.26336235 -.00000073  00000+0 -23049-3 0  9999
2 55822  87.9023 315.6643 0001367  73.9594 286.1686 13.14503782142362
ONEWEB-0663             
1 55823U 23029AD  26038.62736468 -.00000025  00000+0 -93429-4 0  9999
2 55823  87.9231 300.3570 0001177  81.2342 278.8925 13.20859362144042
ONEWEB-0664             
1 55824U 23029AE  26038.64734166 -.00000009  00000+0 -54297-4 0  9997
2 55824  87.9208 300.3490 0001625  64.8971 295.2331 13.20770747144044
ONEWEB-0665             
1 55825U 23029AF  26038.30142548  .00000296  00000+0  76286-3 0  9995
2 55825  87.9022 315.6303 0001341  76.9568 283.1711 13.14502212142344
ONEWEB-0666             
1 55826U 23029AG  26038.26224214  .00000041  00000+0  67828-4 0  9993
2 55826  87.9212 300.4160 0002308  85.2409 274.8988 13.20769987144009
ONEWEB-0667             
1 55827U 23029AH  26038.63470640  .00003252  00000+0  79652-2 0  9994
2 55827  87.9223 300.2793 0000712  87.2847 272.8368 13.20757774144042
ONEWEB-0669             
1 55828U 23029AJ  26038.62998000  .00000000  00000+0 -31148-4 0  9998
2 55828  87.9212 300.3089 0002060  63.4916 296.6428 13.20773532144042
ONEWEB-0670             
1 55829U 23029AK  26038.65981682 -.00000301  00000+0 -84520-3 0  9996
2 55829  87.9021 315.5780 0001521  64.8040 295.3247 13.14505256142414
ONEWEB-0671             
1 55830U 23029AL  26038.34096230  .00000074  00000+0  15311-3 0  9997
2 55830  87.9251 330.8265 0001547  76.8686 283.2619 13.19727705141773
ONEWEB-0672             
1 55831U 23029AM  26038.24645902  .00000049  00000+0  87442-4 0  9990
2 55831  87.9217 300.3689 0001909  78.4188 281.7159 13.20769891143997
ONEWEB-0673             
1 55832U 23029AN  26038.31805088 -.00000246  00000+0 -64602-3 0  9995
2 55832  87.9254 330.8163 0001647  74.7865 285.3450 13.19725463141777
ONEWEB-0674             
1 55833U 23029AP  26038.32363439 -.00000094  00000+0 -28797-3 0  9992
2 55833  87.9023 315.6218 0001580  61.0675 299.0613 13.14504275142357
ONEWEB-0675             
1 55834U 23029AQ  26038.33305405  .00000009  00000+0 -10633-4 0  9999
2 55834  87.9242 330.8319 0001916  85.3519 274.7832 13.19728541141790
ONEWEB-0720             
1 55835U 23029AR  26038.32515690  .00000068  00000+0  13650-3 0  9993
2 55835  87.9240 330.8316 0001297  78.9088 281.2191 13.19726046141718
ONEWEB-0537             
1 56046U 23043A   26038.61977972 -.00000104  00000+0 -30631-3 0  9992
2 56046  87.9005 254.5621 0001744  89.8218 270.3113 13.16594687141912
ONEWEB-0538             
1 56047U 23043B   26038.61344465 -.00000003  00000+0 -42521-4 0  9998
2 56047  87.9005 254.5664 0001614  98.7030 261.4284 13.16594518141921
ONEWEB-0546             
1 56048U 23043C   26038.60077633  .00000066  00000+0  13798-3 0  9998
2 56048  87.9012 254.5652 0002159  86.8294 273.3084 13.16593851141910
ONEWEB-0547             
1 56049U 23043D   26038.65664960  .00000020  00000+0  17534-4 0  9992
2 56049  87.9188 269.8110 0001488  90.3766 269.7539 13.21826769141110
ONEWEB-0548             
1 56050U 23043E   26038.62531306 -.00000060  00000+0 -19188-3 0  9990
2 56050  87.9005 254.5612 0001445  70.8149 289.3138 13.16595268141911
ONEWEB-0549             
1 56051U 23043F   26038.64923136 -.00000080  00000+0 -22472-3 0  9991
2 56051  87.9188 269.8254 0001460  94.8134 265.3167 13.21823829141113
ONEWEB-0550             
1 56052U 23043G   26038.63607761  .00000043  00000+0  72731-4 0  9995
2 56052  87.9186 269.8235 0001547  79.0238 281.1070 13.21826014141115
ONEWEB-0551             
1 56053U 23043H   26038.62959738 -.00000114  00000+0 -33598-3 0  9997
2 56053  87.8979 285.0978 0001427  94.0387 266.0906 13.15550292139367
ONEWEB-0552             
1 56054U 23043J   26038.63112858  .00000026  00000+0  31178-4 0  9996
2 56054  87.9186 269.8321 0001275  83.8533 276.2746 13.21827616141116
ONEWEB-0553             
1 56055U 23043K   26038.60710778  .00000033  00000+0  51974-4 0  9993
2 56055  87.9008 254.5666 0001869  76.1962 283.9377 13.16594391141922
ONEWEB-0554             
1 56056U 23043L   26038.59443735  .00000069  00000+0  14739-3 0  9994
2 56056  87.9005 254.5807 0001486  73.6670 286.4624 13.16594066141900
ONEWEB-0555             
1 56057U 23043M   26038.63244705 -.00000027  00000+0 -10505-3 0  9999
2 56057  87.9004 254.5576 0002079  84.6119 275.5249 13.16594483141918
ONEWEB-0557             
1 56058U 23043N   26038.64669507  .00000073  00000+0  15814-3 0  9999
2 56058  87.9004 254.5666 0002294  56.5303 303.6047 13.16594691141911
ONEWEB-0558             
1 56059U 23043P   26038.62454717  .00000007  00000+0 -15354-4 0  9991
2 56059  87.9183 269.8264 0001491 106.4410 253.6888 13.21828103141129
ONEWEB-0559             
1 56060U 23043Q   26038.61304010  .00000057  00000+0  10699-3 0  9992
2 56060  87.9185 269.8229 0001312  90.0214 270.1070 13.21825904141130
ONEWEB-0566             
1 56061U 23043R   26038.60645030 -.00000044  00000+0 -13759-3 0  9990
2 56061  87.9186 269.8233 0001401  96.4460 263.6833 13.21824461141118
ONEWEB-0568             
1 56062U 23043S   26038.58811418  .00000011  00000+0 -57276-5 0  9990
2 56062  87.9007 254.5678 0001808  84.4643 275.6694 13.16594537141925
ONEWEB-0574             
1 56063U 23043T   26038.59986578 -.00000011  00000+0 -59253-4 0  9999
2 56063  87.9197 269.8143 0001542  76.3320 283.7985 13.21828151141155
ONEWEB-0575             
1 56064U 23043U   26038.65777552  .00000071  00000+0  15286-3 0  9998
2 56064  87.9003 254.5522 0001721  74.3873 285.7447 13.16593898141925
ONEWEB-0576             
1 56065U 23043V   26038.63877575  .00000006  00000+0 -17162-4 0  9998
2 56065  87.9006 254.5588 0001663  80.7548 279.3771 13.16594212141915
ONEWEB-0577             
1 56066U 23043W   26038.64510970  .00000013  00000+0  14305-5 0  9997
2 56066  87.9005 254.5564 0001703  59.4225 300.7074 13.16593623141942
ONEWEB-0578             
1 56067U 23043X   26038.66240412  .00000028  00000+0  35060-4 0  9997
2 56067  87.9187 269.8107 0001866  85.9914 274.1434 13.21825671141126
ONEWEB-0579             
1 56068U 23043Y   26038.65251959  .00000003  00000+0 -23600-4 0  9996
2 56068  87.9191 269.8018 0001298  88.6824 271.4459 13.21827601141135
ONEWEB-0581             
1 56069U 23043Z   26038.65144285  .00000071  00000+0  15133-3 0  9995
2 56069  87.9001 254.5673 0001458  68.2007 291.9279 13.16593906141914
ONEWEB-0609             
1 56070U 23043AA  26038.65812545  .00000107  00000+0  25115-3 0  9999
2 56070  87.8981 285.0795 0001555  82.5875 277.5432 13.15549000139403
ONEWEB-0613             
1 56071U 23043AB  26038.65337505  .00000066  00000+0  14030-3 0  9996
2 56071  87.8984 285.0922 0001278  80.6462 279.4813 13.15549200139408
ONEWEB-0630             
1 56072U 23043AC  26038.64861732  .00000020  00000+0  17788-4 0  9994
2 56072  87.8977 285.0627 0001256  85.7707 274.3567 13.15551429139391
ONEWEB-0632             
1 56073U 23043AD  26038.64386276 -.00000041  00000+0 -14401-3 0  9993
2 56073  87.8980 285.0813 0001491  71.1978 288.9314 13.15548490139398
ONEWEB-0633             
1 56074U 23043AE  26038.63753271 -.00000131  00000+0 -38162-3 0  9996
2 56074  87.8981 285.0454 0001308  95.2776 264.8504 13.15549273139373
ONEWEB-0634             
1 56075U 23043AF  26038.62326534 -.00000083  00000+0 -25448-3 0  9993
2 56075  87.8984 285.1001 0001743  89.6738 270.4592 13.15548252139369
ONEWEB-0635             
1 56076U 23043AG  26038.61850525 -.00000047  00000+0 -15934-3 0  9994
2 56076  87.8987 285.0541 0001521  67.7494 292.3798 13.15548613139396
ONEWEB-0636             
1 56077U 23043AH  26038.61058504  .00000023  00000+0  26253-4 0  9991
2 56077  87.8978 285.0722 0001703  60.4395 299.6905 13.15548326139379
ONEWEB-0637             
1 56078U 23043AJ  26038.60426562  .00000085  00000+0  19073-3 0  9993
2 56078  87.8981 285.0904 0001810  76.2335 283.8997 13.15548979139396
ONEWEB-0647             
1 56079U 23043AK  26038.59949940  .00000124  00000+0  29460-3 0  9997
2 56079  87.8980 285.1043 0001378  79.1880 280.9405 13.15548974139383
ONEWEB-0651             
1 56080U 23043AL  26038.59474937  .00000084  00000+0  18928-3 0  9990
2 56080  87.8982 285.1003 0001663  71.0148 289.1162 13.15548844140589
ONEWEB-0718             
1 56081U 23043AM  26038.58998696  .00000159  00000+0  38916-3 0  9995
2 56081  87.8980 285.0808 0001913  96.1163 264.0185 13.15549880139398
ONEWEB-0561             
1 56710U 23068A   26038.27487323  .00000066  00000+0  13006-3 0  9997
2 56710  87.9207 300.3742 0001484  63.7423 296.3862 13.20770723132357
ONEWEB-0668             
1 56711U 23068B   26038.62610297 -.00017574  00000+0 -46030-1 0  9990
2 56711  87.9017 254.5517 0001993  70.4034 289.7312 13.16685471134735
ONEWEB-0676             
1 56712U 23068C   26038.63401415  .00000734  00000+0  18851-2 0  9991
2 56712  87.9009 254.5658 0001514  62.9685 297.1600 13.16592817134655
ONEWEB-0677             
1 56713U 23068D   26038.26382009  .00000012  00000+0 -21244-5 0  9991
2 56713  87.9220 300.3658 0001795  76.3279 283.8054 13.20770236132651
ONEWEB-0678             
1 56714U 23068E   26038.63435484 -.00000083  00000+0 -25464-3 0  9994
2 56714  87.8991 285.0516 0001248  81.0096 279.1176 13.15549183132259
ONEWEB-0679             
1 56715U 23068F   26038.59286755  .00000043  00000+0  79522-4 0  9994
2 56715  87.9011 254.5569 0002005  77.3785 282.7571 13.16594537134679
ONEWEB-0680             
1 56716U 23068G   26038.65584331  .00000032  00000+0  46167-4 0  9990
2 56716  87.9197 269.8009 0002127  85.2013 274.9364 13.21824655133989
ONEWEB-0681             
1 56717U 23068H   26038.63524977  .00000034  00000+0  50205-4 0  9999
2 56717  87.9190 269.8156 0001725  47.0625 313.0654 13.21827732133979
ONEWEB-0682             
1 56718U 23068J   26038.66049922  .00000060  00000+0  12620-3 0  9992
2 56718  87.8977 285.0558 0002043  83.0445 277.0918 13.15548677132424
ONEWEB-0683             
1 56719U 23068K   26038.60583825  .00000108  00000+0  25397-3 0  9990
2 56719  87.8989 285.0565 0001809  85.1470 274.9867 13.15549034132388
ONEWEB-0684             
1 56720U 23068L   26038.23346952  .00000000  00000+0 -34146-4 0  9994
2 56720  87.8990 285.1245 0000926 141.3427 218.7769 13.15548914132163
ONEWEB-0686             
1 56721U 23068M   26038.62919903 -.00000075  00000+0 -23104-3 0  9994
2 56721  87.8995 254.5939 0001698 100.7366 259.3956 13.16591131134663
ONEWEB-0694             
1 56722U 23068N   26038.63560331  .00000049  00000+0  93735-4 0  9990
2 56722  87.9013 254.5323 0001989  90.3159 269.8200 13.16594873134721
ONEWEB-0696             
1 56723U 23068P   26038.64702224 -.00000050  00000+0 -16716-3 0  9998
2 56723  87.8977 285.0897 0001079  88.0565 272.0689 13.15549335132334
ONEWEB-0703             
1 56724U 23068Q   26038.65654389  .00000058  00000+0  12132-3 0  9992
2 56724  87.8976 285.0682 0000646  46.8817 313.2367 13.15549359132222
ONEWEB-0721             
1 56725U 23068R   26038.61094399  .00000081  00000+0  16048-3 0  9994
2 56725  86.6811 126.8790 0001758 106.2806 253.8521 13.22459401140815
ONEWEB-0015             
1 61594U 24188A   26038.52865774  .00000061  00000+0  13669-3 0  9995
2 61594  87.8818  46.8943 0002139  74.8757 285.2607 13.11417971 67462
ONEWEB-0687             
1 61595U 24188B   26038.53179614  .00000077  00000+0  16418-3 0  9990
2 61595  87.9091  31.6463 0002397  84.1864 275.9541 13.17647170 68821
ONEWEB-0688             
1 61596U 24188C   26038.48455555  .00000018  00000+0  12205-4 0  9992
2 61596  87.9087  31.6550 0002636  60.3343 299.8050 13.17648317 68811
ONEWEB-0689             
1 61597U 24188D   26038.56256759  .00000105  00000+0  26052-3 0  9998
2 61597  87.8828  46.8235 0002146  93.1896 266.9478 13.11414692 67465
ONEWEB-0690             
1 61598U 24188E   26038.57273656 -.00000330  00000+0 -96597-3 0  9998
2 61598  87.8830  46.8418 0001128  86.3766 273.7491 13.11415672 67641
ONEWEB-0691             
1 61599U 24188F   26038.56765473 -.00000102  00000+0 -32327-3 0  9999
2 61599  87.8835  46.7415 0002089  78.9978 281.1385 13.11415587 67495
ONEWEB-0692             
1 61600U 24188G   26038.58799227 -.00000476  00000+0 -13790-2 0  9994
2 61600  87.8816  46.8760 0002136 114.9566 245.1784 13.11417354 67484
ONEWEB-0693             
1 61601U 24188H   26036.52203524  .00000035  00000+0  57780-4 0  9995
2 61601  87.9082  32.0710 0001248  84.6722 275.4552 13.17633304 68541
ONEWEB-0695             
1 61602U 24188J   26038.56426364  .00000041  00000+0  81098-4 0  9997
2 61602  87.8818  46.8709 0002237 101.4172 258.7208 13.11413213 67477
ONEWEB-0697             
1 61603U 24188K   26038.52017829 -.00000180  00000+0 -54458-3 0  9991
2 61603  87.8818  46.8693 0002018 112.3789 247.7553 13.11418713 67451
ONEWEB-0698             
1 61604U 24188L   26038.57443221 -.00000341  00000+0 -99826-3 0  9993
2 61604  87.8816  46.8739 0001300 131.2312 228.8928 13.11415730 67481
ONEWEB-0699             
1 61605U 24188M   26038.56046273 -.00000470  00000+0 -13821-2 0  9992
2 61605  87.8763  62.0921 0001890 111.7150 248.4179 13.10374414 66334
ONEWEB-0700             
1 61606U 24188N   26038.56212047 -.00000276  00000+0 -82831-3 0  9999
2 61606  87.8775  61.9828 0002300 107.5167 252.6211 13.10374141 66320
ONEWEB-0701             
1 61607U 24188P   26038.57872691  .00000539  00000+0  15079-2 0  9997
2 61607  87.8759  62.0881 0001996 117.8867 242.2463 13.10377180 66336
ONEWEB-0702             
1 61608U 24188Q   26038.54392356  .00000545  00000+0  15020-2 0  9993
2 61608  87.8831  46.7635 0002365 115.5719 244.5654 13.11417691 67494
ONEWEB-0704             
1 61609U 24188R   26038.56712439 -.00000027  00000+0 -11300-3 0  9999
2 61609  87.8779  62.0631 0002470 114.5948 245.5437 13.10374655 66314
ONEWEB-0705             
1 61610U 24188S   26038.57209378  .00000232  00000+0  62895-3 0  9996
2 61610  87.8765  62.0782 0003027  96.0657 264.0815 13.10377691 58486
ONEWEB-0706             
1 61611U 24188T   26038.55713991 -.00000446  00000+0 -13129-2 0  9990
2 61611  87.8755  62.0966 0002336 104.3791 255.7596 13.10373014 66403
ONEWEB-0707             
1 61612U 24188U   26038.56378215 -.00000267  00000+0 -80103-3 0  9996
2 61612  87.8779  62.0770 0002267 104.1046 256.0334 13.10377601 66340
ONEWEB-0708             
1 61613U 24188V   26038.58206961  .00000642  00000+0  18030-2 0  9991
2 61613  87.8757  62.1055 0002421  86.7176 273.4228 13.10374114 66324
