ONEWEB-0012             
1 44057U 19010A   26244.40211615 -.00000246  00000+0 -67821-3 0  9999
2 44057  87.9111 213.6449 0002309  95.4071 264.7323 13.16594489361599
ONEWEB-0010             
1 44058U 19010B   26244.42746079 -.00000446  00000+0 -12002-2 0  9991
2 44058  87.9120 213.6392 0002266  74.5413 285.5968 13.16601058361640
ONEWEB-0008             
1 44059U 19010C   26244.45279148  .00000041  00000+0  74676-4 0  9999
2 44059  87.9122 213.6282 0001729  90.3811 269.7518 13.16594600361764
ONEWEB-0007             
1 44060U 19010D   26244.47241596 -.00000014  00000+0 -70129-4 0  9990
2 44060  87.8961 244.0091 0002312  86.7843 273.3552 13.15547371361407
ONEWEB-0006             
1 44061U 19010E   26244.47638631 -.00000085  00000+0 -25898-3 0  9991
2 44061  87.8970 243.9804 0001919  84.4005 275.7344 13.15549649361455
ONEWEB-0011             
1 44062U 19010F   26244.44470154  .00000237  00000+0  59486-3 0  9990
2 44062  87.8970 243.9979 0001868  84.2227 275.9116 13.15548856361443
ONEWEB-0013             
1 45131U 20008A   26244.50435913  .00000603  00000+0  17149-2 0  9994
2 45131  87.8523  37.4130 0002387 117.0227 243.1143 13.09458172316050
ONEWEB-0017             
1 45132U 20008B   26244.43361872  .00000261  00000+0  71147-3 0  9998
2 45132  87.8881  21.0803 0001596  92.7359 267.3951 13.10378060317932
ONEWEB-0020             
1 45133U 20008C   26244.40305651 -.00000508  00000+0 -14905-2 0  9993
2 45133  87.8879  21.0880 0001735  98.5301 261.6023 13.10370820318328
ONEWEB-0021             
1 45134U 20008D   26244.41833754 -.00000464  00000+0 -13659-2 0  9991
2 45134  87.8871  21.0958 0001854  97.0434 263.0904 13.10374706318635
ONEWEB-0023             
1 45136U 20008F   26244.42938223  .00000057  00000+0  12753-3 0  9992
2 45136  87.8882  21.0803 0001643 102.0650 258.0661 13.10376755318068
ONEWEB-0024             
1 45137U 20008G   26244.63058391 -.00000383  00000+0 -11326-2 0  9993
2 45137  87.8885  21.0375 0001779  96.2722 263.8608 13.10370945318251
ONEWEB-0025             
1 45138U 20008H   26244.40122273 -.00000411  00000+0 -12126-2 0  9991
2 45138  87.8882  21.0726 0001291  98.3003 261.8271 13.10370801318551
ONEWEB-0026             
1 45139U 20008J   26244.37916524 -.00000245  00000+0 -72797-3 0  9994
2 45139  87.8952   5.9120 0001738  94.8856 265.2471 13.11418424321090
ONEWEB-0028             
1 45140U 20008K   26244.35345803 -.00000050  00000+0 -17749-3 0  9990
2 45140  87.8945   5.9214 0002148 112.6258 247.5098 13.11415702318606
ONEWEB-0032             
1 45141U 20008L   26244.43545449  .00000381  00000+0  10538-2 0  9991
2 45141  87.8881  21.0821 0001913 111.9935 248.1396 13.10376340318287
ONEWEB-0033             
1 45142U 20008M   26244.40984227 -.00000643  00000+0 -18793-2 0  9994
2 45142  87.8871  21.0909 0001742  80.3166 279.8158 13.10372207318194
ONEWEB-0035             
1 45143U 20008N   26244.43036596  .00000142  00000+0  36994-3 0  9991
2 45143  87.8879  21.0817 0001801  95.3231 264.8102 13.10376901317924
ONEWEB-0036             
1 45144U 20008P   26244.40800929 -.00000615  00000+0 -17991-2 0  9990
2 45144  87.8891  21.1111 0001747 104.3481 255.7841 13.10372227318347
ONEWEB-0038             
1 45145U 20008Q   26244.61824423  .00000116  00000+0  29030-3 0  9991
2 45145  87.8966   5.8838 0003383  86.2175 273.9340 13.11418534320344
ONEWEB-0039             
1 45146U 20008R   26244.41324489 -.00000587  00000+0 -17175-2 0  9997
2 45146  87.8880  21.0840 0002083 108.8774 251.2579 13.10373732318142
ONEWEB-0040             
1 45147U 20008S   26244.40645431 -.00000579  00000+0 -16948-2 0  9998
2 45147  87.8870  21.0930 0001560 105.1949 254.9351 13.10372559317845
ONEWEB-0043             
1 45149U 20008U   26244.40829353 -.00000628  00000+0 -18366-2 0  9998
2 45149  87.8882  21.0868 0002049 110.2874 249.8474 13.10373425318165
ONEWEB-0044             
1 45150U 20008V   26244.43701730  .00000547  00000+0  15308-2 0  9992
2 45150  87.8873  21.0824 0001766 101.3947 258.7379 13.10375508318466
ONEWEB-0045             
1 45151U 20008W   26244.38412368 -.00000118  00000+0 -36747-3 0  9990
2 45151  87.8957   5.9080 0001899 100.9787 259.1555 13.11417592320396
ONEWEB-0047             
1 45152U 20008X   26244.43008096  .00000100  00000+0  25136-3 0  9995
2 45152  87.8887  21.0841 0001860  90.9234 269.2107 13.10376373318185
ONEWEB-0048             
1 45153U 20008Y   26244.42511895 -.00000213  00000+0 -64746-3 0  9998
2 45153  87.8874  21.0992 0001892  97.3867 262.7476 13.10376811317797
ONEWEB-0049             
1 45154U 20008Z   26244.42838172 -.00000029  00000+0 -11830-3 0  9990
2 45154  87.8877  21.0876 0001456 108.3635 251.7651 13.10376454318016
ONEWEB-0051             
1 45155U 20008AA  26244.61132515 -.00000146  00000+0 -44798-3 0  9999
2 45155  87.8956   5.8665 0001793  99.2919 260.8412 13.11418729321101
ONEWEB-0052             
1 45156U 20008AB  26244.44904793  .00000691  00000+0  19437-2 0  9990
2 45156  87.8880  21.0741 0001623 110.1173 250.0129 13.10373493317928
ONEWEB-0053             
1 45157U 20008AC  26244.63382418 -.00000506  00000+0 -14848-2 0  9994
2 45157  87.8872  21.0539 0001889 112.2829 247.8499 13.10370762317920
ONEWEB-0054             
1 45158U 20008AD  26244.44041940  .00000554  00000+0  15514-2 0  9998
2 45158  87.8876  21.0809 0001681  97.5028 262.6290 13.10373418318017
ONEWEB-0056             
1 45159U 20008AE  26244.64047563 -.00000617  00000+0 -18044-2 0  9991
2 45159  87.8884  21.0363 0001460  95.1404 264.9890 13.10373453318198
ONEWEB-0057             
1 45160U 20008AF  26244.42866907  .00000045  00000+0  91948-4 0  9999
2 45160  87.8884  21.0885 0001802 114.4018 245.7298 13.10376529318337
ONEWEB-0058             
1 45161U 20008AG  26244.64415208 -.00000533  00000+0 -15639-2 0  9993
2 45161  87.8871  21.0459 0001899  90.7021 269.4324 13.10373394318438
ONEWEB-0059             
1 45162U 20008AH  26244.64076216 -.00000627  00000+0 -18325-2 0  9995
2 45162  87.8876  21.0477 0001883 109.9580 250.1750 13.10374159318339
ONEWEB-0062             
1 45163U 20008AJ  26244.43517016  .00000350  00000+0  96727-3 0  9995
2 45163  87.8883  21.0811 0001787  86.0624 274.0708 13.10377027318174
ONEWEB-0065             
1 45164U 20008AK  26244.62182205  .00000135  00000+0  35013-3 0  9997
2 45164  87.8878  21.0512 0001622 108.1977 251.9327 13.10369996317897
ONEWEB-0066             
1 45424U 20020A   26244.36716259 -.00000466  00000+0 -13498-2 0  9994
2 45424  87.8950   5.9158 0001922  98.6739 261.4606 13.11416685312661
ONEWEB-0067             
1 45425U 20020B   26244.40454432  .00000618  00000+0  17067-2 0  9995
2 45425  87.8973   5.8462 0001803 104.6601 255.4727 13.11427193312728
ONEWEB-0080             
1 45426U 20020C   26244.63348983 -.00000048  00000+0 -17207-3 0  9990
2 45426  87.8962   5.8688 0001803  88.5808 271.5527 13.11419669312722
ONEWEB-0090             
1 45427U 20020D   26244.58603408 -.00000307  00000+0 -90316-3 0  9991
2 45427  87.8961   5.8818 0001772  97.2343 262.8987 13.11415072312685
ONEWEB-0061             
1 45428U 20020E   26244.38907654  .00000164  00000+0  42641-3 0  9997
2 45428  87.8957   5.9030 0001815  98.1894 261.9440 13.11418948312619
ONEWEB-0081             
1 45429U 20020F   26244.37054501 -.00000434  00000+0 -12618-2 0  9993
2 45429  87.8956   5.9154 0001875 106.9028 253.2306 13.11415902312723
ONEWEB-0069             
1 45430U 20020G   26244.60129069 -.00000559  00000+0 -16121-2 0  9994
2 45430  87.8959   5.8737 0001994 101.4970 258.6382 13.11419082312683
ONEWEB-0031             
1 45431U 20020H   26244.33158426  .00000627  00000+0  17322-2 0  9992
2 45431  87.8948   5.9254 0001797  93.5128 266.6206 13.11417027312630
ONEWEB-0027             
1 45432U 20020J   26244.34905025  .00000081  00000+0  17469-3 0  9996
2 45432  87.9202 350.7357 0001521  91.7759 268.3546 13.17652251316383
ONEWEB-0064             
1 45433U 20020K   26244.32987949  .00000603  00000+0  16667-2 0  9998
2 45433  87.8953   5.9216 0001705  94.6528 265.4795 13.11416165312666
ONEWEB-0018             
1 45434U 20020L   26244.36196631  .00003057  00000+0  85877-2 0  9998
2 45434  87.8956   5.9157 0002054  99.0040 261.1321 13.11399363312613
ONEWEB-0083             
1 45435U 20020M   26244.35205247 -.00000058  00000+0 -20058-3 0  9993
2 45435  87.8959   5.9151 0001808  96.9187 263.2146 13.11415902312655
ONEWEB-0095             
1 45436U 20020N   26244.57247276  .00000441  00000+0  12090-2 0  9996
2 45436  87.8947   5.8763 0001133 106.4130 253.7122 13.11416271312688
ONEWEB-0092             
1 45437U 20020P   26244.60296254 -.00000406  00000+0 -11815-2 0  9998
2 45437  87.8959   5.8644 0002035  96.6863 263.4497 13.11416376312808
ONEWEB-0085             
1 45438U 20020Q   26244.35176463  .00000018  00000+0  15365-4 0  9993
2 45438  87.8953   5.9171 0001769  99.1407 260.9921 13.11416185312659
ONEWEB-0096             
1 45439U 20020R   26244.35374281 -.00000120  00000+0 -37332-3 0  9995
2 45439  87.8956   5.9160 0001664 100.5629 259.5687 13.11416198312644
ONEWEB-0037             
1 45440U 20020S   26244.37890199 -.00000308  00000+0 -90563-3 0  9993
2 45440  87.8969   5.8879 0001597  99.6504 260.4804 13.11418676312680
ONEWEB-0042             
1 45441U 20020T   26244.34330645  .00001398  00000+0  39087-2 0  9997
2 45441  87.8957   5.9144 0001877 101.9361 258.1977 13.11420409312641
ONEWEB-0098             
1 45442U 20020U   26244.33920887  .00000502  00000+0  13808-2 0  9999
2 45442  87.8954   5.9236 0001807  96.7915 263.3418 13.11416619312624
ONEWEB-0055             
1 45443U 20020V   26244.39416786  .00000376  00000+0  10250-2 0  9991
2 45443  87.8960   5.9131 0001755 100.7553 259.3773 13.11418182312606
ONEWEB-0093             
1 45444U 20020W   26244.38737853  .00000066  00000+0  15087-3 0  9992
2 45444  87.8960   5.9138 0002058 103.0783 257.0575 13.11418333312661
ONEWEB-0029             
1 45445U 20020X   26244.40122906  .00000483  00000+0  13263-2 0  9999
2 45445  87.8952   5.9079 0002017 102.9156 257.2198 13.11416838312643
ONEWEB-0068             
1 45446U 20020Y   26244.37381198 -.00000391  00000+0 -11397-2 0  9992
2 45446  87.8960   5.9140 0001982 102.5256 257.6094 13.11418160312581
ONEWEB-0046             
1 45447U 20020Z   26244.36546332 -.00000447  00000+0 -12977-2 0  9992
2 45447  87.8951   5.9160 0001828 108.1894 251.9433 13.11415382312591
ONEWEB-0063             
1 45448U 20020AA  26244.39444312  .00000372  00000+0  10137-2 0  9992
2 45448  87.8960   5.9162 0001572 106.0236 254.1065 13.11418180312682
ONEWEB-0019             
1 45449U 20020AB  26244.43315378 -.00000253  00000+0 -75099-3 0  9996
2 45449  87.8954   5.8903 0001823  92.7888 267.3449 13.11416062312534
ONEWEB-0094             
1 45450U 20020AC  26244.36690955  .00000040  00000+0  69432-4 0  9994
2 45450  87.9211 350.7212 0002060  97.3446 262.7920 13.17648942316349
ONEWEB-0087             
1 45451U 20020AD  26244.40435421  .00000553  00000+0  15248-2 0  9998
2 45451  87.8960   5.8927 0002081 102.0348 258.1013 13.11416600312570
ONEWEB-0082             
1 45452U 20020AE  26244.40095345  .00000543  00000+0  14959-2 0  9993
2 45452  87.8961   5.9049 0002129 108.5443 251.5917 13.11417762312668
ONEWEB-0050             
1 45453U 20020AF  26244.47775510  .00001226  00000+0  12311-3 0  9990
2 45453  88.9304 222.8440 0006099  70.7225 289.4664 14.90581591351746
ONEWEB-0034             
1 45454U 20020AG  26244.59111171 -.00000369  00000+0 -10771-2 0  9997
2 45454  87.8961   5.8766 0001801 100.9055 259.2275 13.11417183312609
ONEWEB-0060             
1 45455U 20020AH  26244.39345699  .00000273  00000+0  73574-3 0  9993
2 45455  87.8956   5.9086 0002792 101.2921 258.8521 13.11418247312539
ONEWEB-0086             
1 45456U 20020AJ  26244.37211959 -.00000400  00000+0 -11634-2 0  9995
2 45456  87.8961   5.9138 0002467  89.2528 270.8883 13.11417772312594
ONEWEB-0088             
1 45457U 20020AK  26244.57911118  .00000018  00000+0  15904-4 0  9991
2 45457  87.8968   5.8510 0001685 113.1022 247.0284 13.11414888312554
ONEWEB-0102             
1 47258U 20100A   26244.29489038 -.00000256  00000+0 -74726-3 0  9993
2 47258  87.8995 335.5595 0002009  95.5645 264.5713 13.12443328274714
ONEWEB-0109             
1 47259U 20100B   26244.30336874  .00000031  00000+0  50872-4 0  9991
2 47259  87.9004 335.5479 0001795  94.5996 265.5338 13.12444707274544
ONEWEB-0110             
1 47260U 20100C   26244.48295699  .00000408  00000+0  10999-2 0  9993
2 47260  87.9004 335.4966 0002181  96.6117 263.5260 13.12443046274732
ONEWEB-0111             
1 47261U 20100D   26244.28472643 -.00000269  00000+0 -78444-3 0  9995
2 47261  87.9003 335.5545 0002021 100.9540 259.1816 13.12442716274548
ONEWEB-0114             
1 47262U 20100E   26244.31522960  .00000441  00000+0  11899-2 0  9998
2 47262  87.9006 335.5479 0001750  95.3094 264.8234 13.12443230274502
ONEWEB-0117             
1 47263U 20100F   26244.53547699  .00000201  00000+0  52369-3 0  9991
2 47263  87.9005 335.4924 0001957 100.7178 259.4171 13.12444928274548
ONEWEB-0118             
1 47264U 20100G   26244.26439623  .00000130  00000+0  32510-3 0  9996
2 47264  87.9003 335.5485 0001623 106.6401 253.4905 13.12443325274701
ONEWEB-0119             
1 47265U 20100H   26244.51852270 -.00000382  00000+0 -10980-2 0  9999
2 47265  87.8992 335.5083 0001880 100.0096 260.1244 13.12442823274719
ONEWEB-0120             
1 47266U 20100J   26244.31367176  .00000390  00000+0  10496-2 0  9993
2 47266  87.8992 335.5505 0001779  94.9953 265.1379 13.12443076274714
ONEWEB-0121             
1 47267U 20100K   26244.53038222 -.00000119  00000+0 -36610-3 0  9993
2 47267  87.9003 335.5009 0002178 104.1699 255.9672 13.12442957274656
ONEWEB-0122             
1 47268U 20100L   26244.29573220 -.00000207  00000+0 -60989-3 0  9993
2 47268  87.9003 335.5523 0001903  94.5099 265.6247 13.12445208274534
ONEWEB-0123             
1 47269U 20100M   26244.52021080 -.00000247  00000+0 -72090-3 0  9992
2 47269  87.8994 335.5071 0001835 102.1854 257.9481 13.12442845274707
ONEWEB-0124             
1 47270U 20100N   26244.51004552 -.00001430  00000+0 -40102-2 0  9991
2 47270  87.8994 335.5106 0002096  96.9148 263.2219 13.12447628274583
ONEWEB-0125             
1 47271U 20100P   26244.25932616  .00000309  00000+0  82236-3 0  9991
2 47271  87.9004 335.5531 0001982 109.2638 250.8706 13.12442498274611
ONEWEB-0126             
1 47272U 20100Q   26244.27977373 -.00000380  00000+0 -10929-2 0  9993
2 47272  87.8998 335.5593 0001781  97.8196 262.3135 13.12441549274686
ONEWEB-0127             
1 47273U 20100R   26244.24577714  .00000442  00000+0  11940-2 0  9997
2 47273  87.8992 335.5614 0001791  96.3387 263.7945 13.12443411274709
ONEWEB-0128             
1 47274U 20100S   26244.49650914  .00000075  00000+0  17269-3 0  9992
2 47274  87.8994 335.5254 0002197  96.5997 263.5382 13.12442203274758
ONEWEB-0129             
1 47275U 20100T   26244.32369712  .00000545  00000+0  14806-2 0  9993
2 47275  87.9001 335.5413 0001249  66.2936 293.8323 13.12441815274669
ONEWEB-0130             
1 47276U 20100U   26244.50326172 -.00000223  00000+0 -65583-3 0  9991
2 47276  87.9004 335.5018 0001907  98.6512 261.4833 13.12441400274650
ONEWEB-0131             
1 47277U 20100V   26244.49988012 -.00000060  00000+0 -20218-3 0  9992
2 47277  87.8995 335.5124 0002035  97.7723 262.3637 13.12441038274697
ONEWEB-0132             
1 47278U 20100W   26244.29997639 -.00000071  00000+0 -23320-3 0  9995
2 47278  87.8996 335.5560 0001968 101.4022 258.7327 13.12443694274563
ONEWEB-0133             
1 47279U 20100X   26244.54550536  .00000388  00000+0  10441-2 0  9993
2 47279  87.9006 335.4920 0002024  98.0042 262.1316 13.12444004274757
ONEWEB-0134             
1 47280U 20100Y   26244.28642280 -.00000390  00000+0 -11206-2 0  9999
2 47280  87.9008 335.5405 0001938  92.2588 267.8763 13.12442565274695
ONEWEB-0135             
1 47281U 20100Z   26244.48633992  .00000372  00000+0  99805-3 0  9992
2 47281  87.8994 335.5139 0002061  92.8665 267.2699 13.12442546274740
ONEWEB-0136             
1 47282U 20100AA  26244.27625788 -.00000373  00000+0 -10717-2 0  9991
2 47282  87.9003 335.5428 0001820  85.5227 274.6110 13.12440879274645
ONEWEB-0137             
1 47283U 20100AB  26244.53885616  .00000267  00000+0  70590-3 0  9995
2 47283  87.9007 335.5047 0001832 103.7694 256.3638 13.12444860274580
ONEWEB-0138             
1 47284U 20100AC  26244.28811341 -.00000398  00000+0 -11415-2 0  9999
2 47284  87.8998 335.5569 0001861  93.1883 266.9458 13.12443039274632
ONEWEB-0139             
1 47285U 20100AD  26244.48140420  .00000470  00000+0  12720-2 0  9994
2 47285  87.9004 335.5042 0001879  99.0776 261.0566 13.12442866274737
ONEWEB-0140             
1 47286U 20100AE  26244.28303264 -.00000362  00000+0 -10430-2 0  9998
2 47286  87.9004 335.5359 0002071  99.3965 260.7398 13.12442269274676
ONEWEB-0141             
1 47287U 20100AF  26244.55735650  .00000514  00000+0  13940-2 0  9993
2 47287  87.9002 335.4860 0001701 107.6091 252.5224 13.12443557274693
ONEWEB-0142             
1 47288U 20100AG  26244.54577355  .00000398  00000+0  10723-2 0  9995
2 47288  87.8997 335.5051 0001456  98.0190 262.1104 13.12444516274688
ONEWEB-0143             
1 47289U 20100AH  26244.55581618  .00000345  00000+0  92448-3 0  9991
2 47289  87.8996 335.5029 0001766 101.2298 258.9029 13.12441747274663
ONEWEB-0144             
1 47290U 20100AJ  26244.52699207 -.00000171  00000+0 -51023-3 0  9997
2 47290  87.9007 335.4888 0001710  89.6316 270.5008 13.12443381274584
ONEWEB-0145             
1 47291U 20100AK  26244.49820072 -.00000032  00000+0 -12523-3 0  9998
2 47291  87.8996 335.5140 0001813  98.6027 261.5307 13.12441756274773
ONEWEB-0146             
1 47292U 20100AL  26244.49481258  .00000069  00000+0  15693-3 0  9997
2 47292  87.9004 335.5118 0002217 104.5526 255.5848 13.12441832274688
ONEWEB-0147             
1 47293U 20100AM  26244.53716683  .00000297  00000+0  78894-3 0  9991
2 47293  87.9006 335.4865 0002003  96.0453 264.0904 13.12444667274582
ONEWEB-0115             
1 48042U 21025A   26244.58183104 -.00000313  00000+0 -89212-3 0  9999
2 48042  87.8946 305.0285 0002046  97.5432 262.5930 13.13471528263628
ONEWEB-0152             
1 48043U 21025B   26244.59537297  .00001299  00000+0  35199-2 0  9993
2 48043  87.8936 305.0289 0003467 110.9568 249.1933 13.13481864263583
ONEWEB-0153             
1 48044U 21025C   26244.42101889 -.00000183  00000+0 -53616-3 0  9998
2 48044  87.8956 305.0594 0001877  96.6171 263.5172 13.13468851263551
ONEWEB-0154             
1 48045U 21025D   26244.56999677 -.00000176  00000+0 -51683-3 0  9998
2 48045  87.8956 305.0319 0001979  97.0026 263.1328 13.13469091263538
ONEWEB-0116             
1 48046U 21025E   26244.60892735  .00000165  00000+0  41570-3 0  9991
2 48046  87.8955 305.0212 0002099  98.5049 261.6318 13.13469603263682
ONEWEB-0150             
1 48047U 21025F   26244.43287943 -.00000328  00000+0 -93275-3 0  9994
2 48047  87.8957 305.0546 0001847 102.1438 257.9898 13.13468683263553
ONEWEB-0107             
1 48048U 21025G   26244.58693027 -.00000316  00000+0 -90163-3 0  9995
2 48048  87.8955 305.0194 0001809  95.2385 264.8951 13.13470047263556
ONEWEB-0101             
1 48049U 21025H   26244.24498386  .00000262  00000+0  68309-3 0  9995
2 48049  87.8960 305.0966 0001655  80.8774 279.2543 13.13466244263484
ONEWEB-0113             
1 48050U 21025J   26244.47340546  .00000274  00000+0  71105-3 0  9997
2 48050  87.8947 304.9521 0001898 102.0771 258.0571 13.13891374263627
ONEWEB-0112             
1 48051U 21025K   26244.59199414 -.00000279  00000+0 -79850-3 0  9999
2 48051  87.8954 305.0170 0001901  89.8642 270.2705 13.13469287263621
ONEWEB-0156             
1 48052U 21025L   26244.60044770 -.00000074  00000+0 -23730-3 0  9995
2 48052  87.8953 305.0245 0001816  98.4418 261.6918 13.13473135263601
ONEWEB-0161             
1 48053U 21025M   26244.42271502 -.00000228  00000+0 -65876-3 0  9999
2 48053  87.8955 305.0605 0001736  95.5378 264.5949 13.13470016263519
ONEWEB-0158             
1 48054U 21025N   26244.61063470  .00000228  00000+0  59059-3 0  9998
2 48054  87.8953 305.0209 0002258  96.1182 264.0204 13.13470117263665
ONEWEB-0157             
1 48055U 21025P   26244.55984834  .00000142  00000+0  35434-3 0  9994
2 48055  87.8949 305.0339 0001632  89.6814 270.4503 13.13469178263599
ONEWEB-0162             
1 48056U 21025Q   26244.61217809  .00000199  00000+0  51081-3 0  9991
2 48056  87.8944 305.0227 0001875 101.8243 258.3096 13.13470863263576
ONEWEB-0155             
1 48057U 21025R   26244.46673622  .00000254  00000+0  65995-3 0  9995
2 48057  87.8951 305.0511 0001828  97.9815 262.1521 13.13470436263694
ONEWEB-0149             
1 48058U 21025S   26244.56490060 -.00000050  00000+0 -17288-3 0  9998
2 48058  87.8952 305.0347 0001849 102.6522 257.4814 13.13468007263519
ONEWEB-0148             
1 48059U 21025T   26244.60384274 -.00000788  00000+0 -21936-2 0  9995
2 48059  87.8945 305.0290 0002009 117.9464 242.1868 13.13473331263642
ONEWEB-0160             
1 48060U 21025U   26244.16370484  .00000401  00000+0  10643-2 0  9999
2 48060  87.8948 305.1124 0002679 104.2355 255.9072 13.13469499263532
ONEWEB-0163             
1 48061U 21025V   26244.60552564  .00000085  00000+0  19846-3 0  9993
2 48061  87.8950 305.0255 0001710  92.3221 267.8104 13.13472322263711
ONEWEB-0159             
1 48062U 21025W   26244.21618466 -.00000039  00000+0 -14157-3 0  9996
2 48062  87.8956 305.0977 0001799  91.2039 268.9296 13.13469762263584
ONEWEB-0164             
1 48063U 21025X   26244.57845168 -.00000318  00000+0 -90534-3 0  9990
2 48063  87.8953 305.0311 0002038  97.1495 262.9866 13.13469105263614
ONEWEB-0167             
1 48064U 21025Y   26244.60638978  .00000118  00000+0  28833-3 0  9993
2 48064  87.8943 305.0288 0001974  78.2239 281.9111 13.13470070263607
ONEWEB-0166             
1 48065U 21025Z   26244.17216637  .00000277  00000+0  72490-3 0  9994
2 48065  87.8954 305.0935 0001902  98.1804 261.9541 13.13468514263626
ONEWEB-0151             
1 48066U 21025AA  26244.17386628  .00000295  00000+0  77380-3 0  9996
2 48066  87.8955 305.1072 0001989  94.1580 265.9777 13.13469338263566
ONEWEB-0170             
1 48067U 21025AB  26244.18231426 -.00000017  00000+0 -82724-4 0  9996
2 48067  87.8957 305.1078 0002489  93.9378 266.2036 13.13471338263524
ONEWEB-0168             
1 48068U 21025AC  26244.39562522  .00000301  00000+0  78978-3 0  9993
2 48068  87.8954 305.0665 0001955  96.2415 263.8937 13.13469070263565
ONEWEB-0173             
1 48069U 21025AD  26244.61569372  .00000295  00000+0  77363-3 0  9998
2 48069  87.8950 305.0209 0001759  88.0736 272.0594 13.13469603263836
ONEWEB-0171             
1 48070U 21025AE  26244.57675940 -.00000317  00000+0 -90425-3 0  9995
2 48070  87.8943 305.0338 0002036  94.7173 265.4189 13.13468851263640
ONEWEB-0172             
1 48071U 21025AF  26244.40409941 -.00006260  00000+0 -17180-1 0  9992
2 48071  87.8954 305.0649 0001701  92.1801 267.9523 13.13501923264510
ONEWEB-0174             
1 48072U 21025AG  26244.61399258  .00000275  00000+0  71728-3 0  9993
2 48072  87.8952 305.0216 0001802  99.7737 260.3595 13.13472011263860
ONEWEB-0175             
1 48073U 21025AH  26244.56828662 -.00000138  00000+0 -41278-3 0  9991
2 48073  87.8956 305.0170 0002139  88.9880 271.1495 13.13468123263517
ONEWEB-0177             
1 48074U 21025AJ  26244.42778456 -.00000225  00000+0 -64999-3 0  9994
2 48074  87.8951 305.0605 0001734  96.3478 263.7848 13.13469026263682
ONEWEB-0178             
1 48075U 21025AK  26244.21802692  .00000003  00000+0 -27963-4 0  9996
2 48075  87.8944 305.1087 0001964  89.2943 270.8411 13.13470448263701
ONEWEB-0108             
1 48076U 21025AL  26244.55815409  .00000108  00000+0  25949-3 0  9990
2 48076  87.8953 305.0283 0002022 104.0764 256.0590 13.13469089263671
ONEWEB-0169             
1 48077U 21025AM  26244.43794572 -.00000221  00000+0 -64059-3 0  9998
2 48077  87.8955 305.0578 0001848  98.9576 261.1763 13.13469336262312
ONEWEB-0176             
1 48210U 21031A   26244.52403541 -.00000453  00000+0 -12535-2 0  9995
2 48210  87.8906 274.4800 0001945  90.1713 269.9640 13.14611405258344
ONEWEB-0184             
1 48211U 21031B   26244.49863991 -.00000190  00000+0 -54734-3 0  9997
2 48211  87.8910 274.4903 0002403  78.2474 281.8925 13.14454229258310
ONEWEB-0179             
1 48212U 21031C   26244.47597264  .00002693  00000+0  24547-3 0  9990
2 48212  87.8941 268.2835 0350504   4.3760 356.0375 14.57842377259998
ONEWEB-0180             
1 48213U 21031D   26244.50200887  .00000864  00000+0  22966-2 0  9997
2 48213  87.8914 274.4882 0001829  81.9690 278.1647 13.14441075258241
ONEWEB-0218             
1 48214U 21031E   26244.52233722 -.00000792  00000+0 -21688-2 0  9996
2 48214  87.8971 274.4861 0001983  79.7821 280.3533 13.14611835258404
ONEWEB-0209             
1 48215U 21031F   26244.51216412 -.00000077  00000+0 -24113-3 0  9996
2 48215  87.8908 274.4952 0001739  89.3195 270.8134 13.14529967258401
ONEWEB-0198             
1 48216U 21031G   26244.49708431 -.00000253  00000+0 -71827-3 0  9991
2 48216  87.8897 274.4911 0001775  80.1597 279.9733 13.14464281258513
ONEWEB-0189             
1 48217U 21031H   26244.12821225 -.00000079  00000+0 -24780-3 0  9991
2 48217  87.8913 274.5597 0001820  84.1309 276.0028 13.14549849258205
ONEWEB-0196             
1 48218U 21031J   26244.56456357  .00003657  00000+0  98402-2 0  9994
2 48218  87.8908 274.4811 0001848  89.3153 270.8188 13.14394137258265
ONEWEB-0183             
1 48219U 21031K   26244.53756368  .00000284  00000+0  73050-3 0  9993
2 48219  87.8908 274.4826 0001831  99.1088 261.0249 13.14530442258351
ONEWEB-0185             
1 48220U 21031L   26244.48786643 -.00000180  00000+0 -52092-3 0  9998
2 48220  87.8913 274.4909 0001547  97.8431 262.2875 13.14502695258270
ONEWEB-0187             
1 48221U 21031M   26244.46804335  .00000138  00000+0  33816-3 0  9990
2 48221  87.8907 274.5058 0001752  91.0097 269.1234 13.14487392258284
ONEWEB-0192             
1 48222U 21031N   26244.05717740  .00000081  00000+0  18292-3 0  9997
2 48222  87.8905 274.5769 0001956  90.7313 269.4041 13.14520011258145
ONEWEB-0219             
1 48223U 21031P   26244.49355224 -.00000233  00000+0 -66345-3 0  9994
2 48223  87.8916 274.4888 0001673  93.1224 267.0098 13.14487821258409
ONEWEB-0202             
1 48224U 21031Q   26244.47495118  .00000107  00000+0  25536-3 0  9995
2 48224  87.8910 274.5011 0002082  72.9376 287.1982 13.14442641258384
ONEWEB-0204             
1 48225U 21031R   26244.50794966 -.00000184  00000+0 -52967-3 0  9998
2 48225  87.8909 274.4887 0001892 104.1465 255.9875 13.14558604258288
ONEWEB-0205             
1 48226U 21031S   26244.48508312  .00001382  00000+0  36992-2 0  9992
2 48226  87.8917 274.4930 0001936  88.8115 271.3236 13.14390576258292
ONEWEB-0206             
1 48227U 21031T   26244.53248974  .00000184  00000+0  46222-3 0  9991
2 48227  87.8910 274.4798 0002099  95.9232 264.2137 13.14563103258253
ONEWEB-0182             
1 48228U 21031U   26244.52741372 -.00000653  00000+0 -17934-2 0  9991
2 48228  87.8911 274.4849 0001852 100.4861 259.6477 13.14590460258462
ONEWEB-0186             
1 48229U 21031V   26244.53924816  .00000188  00000+0  47143-3 0  9996
2 48229  87.8916 274.4811 0001917  90.1143 270.0206 13.14519615258412
ONEWEB-0181             
1 48230U 21031W   26244.51726004  .00000675  00000+0  17852-2 0  9999
2 48230  87.8896 274.5018 0001588  88.7329 271.3983 13.14494225258262
ONEWEB-0188             
1 48231U 21031X   26244.48000908  .00001742  00000+0  46675-2 0  9995
2 48231  87.8893 274.5090 0001991  91.0281 269.1077 13.14424928258163
ONEWEB-0220             
1 48232U 21031Y   26244.51810289  .00000002  00000+0 -30338-4 0  9991
2 48232  87.8910 274.4851 0001678  96.0828 264.0493 13.14571104258437
ONEWEB-0165             
1 48233U 21031Z   26244.54768137  .00001053  00000+0  28078-2 0  9991
2 48233  87.8909 274.4885 0001891  81.5202 278.6142 13.14470386258392
ONEWEB-0199             
1 48234U 21031AA  26244.53079313  .00000236  00000+0  60065-3 0  9997
2 48234  87.8910 274.4809 0002169  95.2082 264.9296 13.14573271258292
ONEWEB-0203             
1 48235U 21031AB  26244.52065316 -.00001172  00000+0 -31919-2 0  9992
2 48235  87.8910 274.4846 0002059  88.9033 271.2333 13.14623666258306
ONEWEB-0197             
1 48236U 21031AC  26244.49680003 -.00000237  00000+0 -67286-3 0  9993
2 48236  87.8906 274.4710 0001802  99.5414 260.5920 13.14463985258217
ONEWEB-0194             
1 48237U 21031AD  26244.55276120  .00000764  00000+0  20284-2 0  9991
2 48237  87.8908 274.4844 0002238  91.7792 268.3595 13.14437059258391
ONEWEB-0193             
1 48238U 21031AE  26244.49186742 -.00000224  00000+0 -63795-3 0  9993
2 48238  87.8920 274.4881 0002377  94.4196 265.7205 13.14498605258336
ONEWEB-0191             
1 48239U 21031AF  26244.50369993  .00000934  00000+0  24866-2 0  9998
2 48239  87.8912 274.4884 0002010  95.7738 264.3621 13.14430570258199
ONEWEB-0195             
1 48240U 21031AG  26244.55697341  .00001947  00000+0  52231-2 0  9998
2 48240  87.8910 274.4772 0001882  82.4785 277.6559 13.14421225258189
ONEWEB-0201             
1 48241U 21031AH  26244.54444237  .00001077  00000+0  28715-2 0  9996
2 48241  87.8908 274.4911 0001622 100.0746 260.0566 13.14496757258410
ONEWEB-0207             
1 48242U 21031AJ  26244.52318372  .00000097  00000+0  22592-3 0  9994
2 48242  87.8911 274.4835 0001793 103.7432 256.3897 13.14621615258329
ONEWEB-0208             
1 48243U 21031AK  26244.50542153 -.00000405  00000+0 -11255-2 0  9997
2 48243  87.8909 274.4903 0001794  84.2375 275.8959 13.14572513258331
ONEWEB-0200             
1 48244U 21031AL  26244.54599802  .00000151  00000+0  37298-3 0  9997
2 48244  87.8918 274.4767 0001628  92.4865 267.6451 13.14474253258261
ONEWEB-0217             
1 48245U 21031AM  26244.56285835  .00004026  00000+0  10836-1 0  9990
2 48245  87.8911 274.4760 0001848  81.9011 278.2328 13.14405886258210
ONEWEB-0211             
1 48767U 21045A   26244.43885351  .00000088  00000+0  19750-3 0  9999
2 48767  87.8959 243.8624 0002165  69.5280 290.6083 13.16197666254479
ONEWEB-0223             
1 48768U 21045B   26244.47875223 -.00000061  00000+0 -19573-3 0  9997
2 48768  87.8968 243.9830 0002240  78.9529 281.1853 13.15547347254434
ONEWEB-0230             
1 48769U 21045C   26244.45023631  .00000226  00000+0  56532-3 0  9991
2 48769  87.8964 243.9978 0002068  93.0633 267.0734 13.15547324254690
ONEWEB-0237             
1 48770U 21045D   26244.43916572  .00000093  00000+0  21388-3 0  9999
2 48770  87.8955 243.9997 0001769  81.4091 278.7240 13.15548597254413
ONEWEB-0235             
1 48771U 21045E   26244.48986823 -.00000110  00000+0 -32656-3 0  9993
2 48771  87.8967 243.9823 0002359  81.0096 279.1302 13.15548851254419
ONEWEB-0242             
1 48772U 21045F   26244.48351446 -.00000122  00000+0 -35782-3 0  9997
2 48772  87.8970 243.9814 0002218  88.1092 272.0293 13.15548022254457
ONEWEB-0241             
1 48773U 21045G   26244.47083875 -.00000049  00000+0 -16390-3 0  9997
2 48773  87.8964 243.9940 0002208  79.7504 280.3875 13.15547872254364
ONEWEB-0243             
1 48774U 21045H   26244.50253705 -.00000092  00000+0 -27775-3 0  9990
2 48774  87.8958 244.0006 0002579  87.7316 272.4109 13.15548989254399
ONEWEB-0222             
1 48775U 21045J   26244.48590797 -.00000106  00000+0 -31644-3 0  9999
2 48775  87.8968 243.9772 0002137  82.2829 277.8544 13.15548442254439
ONEWEB-0244             
1 48776U 21045K   26244.43596730 -.00000002  00000+0 -38285-4 0  9992
2 48776  87.8970 243.9869 0002133  86.3209 273.8166 13.15550215254991
ONEWEB-0247             
1 48777U 21045L   26244.43281707  .00000048  00000+0  92209-4 0  9992
2 48777  87.8953 244.0088 0002817  82.4503 277.6948 13.15550149254436
ONEWEB-0245             
1 48778U 21045M   26244.42805758 -.00000018  00000+0 -82413-4 0  9995
2 48778  87.8964 243.9959 0002045  84.0826 276.0537 13.15546947254408
ONEWEB-0229             
1 48779U 21045N   26244.49935251 -.00000121  00000+0 -35417-3 0  9991
2 48779  87.8966 243.9791 0002179  88.6641 271.4739 13.15549933254443
ONEWEB-0228             
1 48780U 21045P   26244.45672630  .00000092  00000+0  21135-3 0  9995
2 48780  87.8974 243.9844 0002070  87.6438 272.4929 13.15549654254358
ONEWEB-0232             
1 48781U 21045Q   26244.43122042 -.00000011  00000+0 -63708-4 0  9997
2 48781  87.8968 243.9890 0001982  86.6716 273.4641 13.15549891254672
ONEWEB-0231             
1 48782U 21045R   26244.48510593 -.00000132  00000+0 -38379-3 0  9994
2 48782  87.8966 243.9868 0002170  82.2409 277.8968 13.15549923254370
ONEWEB-0234             
1 48783U 21045S   26244.44692817  .00000142  00000+0  34234-3 0  9996
2 48783  87.8972 243.9806 0001260  76.6342 283.4929 13.15549720254502
ONEWEB-0238             
1 48784U 21045T   26244.44721706  .00000144  00000+0  34912-3 0  9992
2 48784  87.8969 243.9766 0001625  84.2259 275.9057 13.15549365254403
ONEWEB-0240             
1 48785U 21045U   26244.46847137  .00000030  00000+0  46270-4 0  9997
2 48785  87.8970 243.9809 0002077  79.1556 280.9808 13.15548876254438
ONEWEB-0246             
1 48786U 21045V   26244.46291105  .00000082  00000+0  18327-3 0  9994
2 48786  87.8970 243.9851 0002147  89.8040 270.3336 13.15550163254307
ONEWEB-0210             
1 48787U 21045W   26244.43755290 -.00000008  00000+0 -54754-4 0  9997
2 48787  87.8967 243.9877 0002900  87.8362 272.3100 13.15549777254348
ONEWEB-0214             
1 48788U 21045X   26244.44627206  .00000130  00000+0  31096-3 0  9991
2 48788  87.8969 243.9830 0002284  94.7890 265.3501 13.15550425254314
ONEWEB-0221             
1 48789U 21045Y   26244.07311962  .00000037  00000+0  63522-4 0  9996
2 48789  87.8969 244.0654 0002127  84.4161 275.7212 13.15546705254358
ONEWEB-0213             
1 48790U 21045Z   26244.44232201  .00000137  00000+0  32890-3 0  9991
2 48790  87.8965 243.9946 0002283  85.1288 275.0103 13.15547947254462
ONEWEB-0212             
1 48791U 21045AA  26244.49539247 -.00000140  00000+0 -40615-3 0  9997
2 48791  87.8967 243.9778 0002140  89.9203 270.2172 13.15547446254466
ONEWEB-0227             
1 48792U 21045AB  26244.49462060 -.00000155  00000+0 -44554-3 0  9998
2 48792  87.8967 243.9771 0002087  85.3663 274.7705 13.15549791254411
ONEWEB-0226             
1 48793U 21045AC  26244.48827296 -.00000138  00000+0 -40057-3 0  9999
2 48793  87.8969 243.9838 0002334  87.8882 272.2516 13.15547743254387
ONEWEB-0224             
1 48794U 21045AD  26244.45182699  .00000163  00000+0  39970-3 0  9996
2 48794  87.8959 244.0203 0001738  62.1136 298.0170 13.15547575254307
ONEWEB-0233             
1 48795U 21045AE  26244.45644076  .00000140  00000+0  33785-3 0  9992
2 48795  87.8959 244.0259 0002181  81.4304 278.7073 13.15549744254322
ONEWEB-0190             
1 48796U 21045AF  26244.44390628  .00000140  00000+0  33654-3 0  9998
2 48796  87.8964 243.9958 0002587  79.0159 281.1262 13.15548130254397
ONEWEB-0236             
1 48797U 21045AG  26244.46132590  .00000050  00000+0  97941-4 0  9993
2 48797  87.8957 243.9955 0001918  89.0530 271.0820 13.15547136254289
ONEWEB-0248             
1 48798U 21045AH  26244.47402236 -.00000054  00000+0 -17846-3 0  9993
2 48798  87.8970 243.9844 0002231  74.9023 285.2354 13.15548593254446
ONEWEB-0225             
1 48799U 21045AJ  26244.49618028 -.00000126  00000+0 -36749-3 0  9997
2 48799  87.8965 243.9858 0002500  79.5929 280.5483 13.15550715254452
ONEWEB-0215             
1 48800U 21045AK  26244.46609650  .00000068  00000+0  14696-3 0  9998
2 48800  87.8972 243.9782 0002509  75.6970 284.4439 13.15548683254322
ONEWEB-0216             
1 48801U 21045AL  26244.47558397 -.00000068  00000+0 -21516-3 0  9992
2 48801  87.8967 243.9879 0002041  90.8802 269.2562 13.15550453254335
ONEWEB-0239             
1 48802U 21045AM  26244.48035033 -.00000142  00000+0 -41184-3 0  9997
2 48802  87.8969 243.9909 0002422  69.0249 291.1140 13.15549824254378
ONEWEB-0249             
1 48967U 21060A   26244.42983010  .00000097  00000+0  22079-3 0  9996
2 48967  87.9120 213.6348 0002095  79.2269 280.9097 13.16595890249648
ONEWEB-0250             
1 48968U 21060B   26244.45439315  .00000030  00000+0  37935-4 0  9999
2 48968  87.9127 211.1391 0001446  56.0885 304.0388 13.25837287250320
ONEWEB-0252             
1 48970U 21060D   26244.46070763 -.00000009  00000+0 -56474-4 0  9998
2 48970  87.9120 213.6214 0002296  89.3173 270.8221 13.16593012249699
ONEWEB-0253             
1 48971U 21060E   26244.44962356  .00000031  00000+0  46498-4 0  9993
2 48971  87.9121 213.6285 0002024  78.4693 281.6665 13.16592916249621
ONEWEB-0254             
1 48972U 21060F   26244.45912311  .00000026  00000+0  33229-4 0  9993
2 48972  87.9120 213.6254 0002173  73.8741 286.2629 13.16593136249621
ONEWEB-0255             
1 48973U 21060G   26244.42112262  .00000026  00000+0  35085-4 0  9990
2 48973  87.9119 213.6384 0002176  78.3141 281.8234 13.16592641249691
ONEWEB-0256             
1 48974U 21060H   26244.44725077  .00000070  00000+0  14947-3 0  9999
2 48974  87.9118 213.6341 0002136  87.1745 272.9631 13.16592960249661
ONEWEB-0257             
1 48975U 21060J   26244.47969552 -.00000024  00000+0 -95922-4 0  9995
2 48975  87.9121 213.6182 0002264  81.1525 278.9863 13.16593179249623
ONEWEB-0258             
1 48976U 21060K   26244.40530928 -.00000090  00000+0 -26975-3 0  9994
2 48976  87.9111 213.6442 0002108  81.9760 278.1610 13.16595494249622
ONEWEB-0259             
1 48977U 21060L   26244.39894846 -.00000044  00000+0 -14777-3 0  9991
2 48977  87.9121 213.6447 0002064  77.2703 282.8659 13.16592611249651
ONEWEB-0260             
1 48978U 21060M   26244.46625019  .00000018  00000+0  13022-4 0  9996
2 48978  87.9117 213.6296 0002300  90.1503 269.9892 13.16595278249640
ONEWEB-0261             
1 48979U 21060N   26244.43616176  .00000043  00000+0  78010-4 0  9994
2 48979  87.9116 213.6378 0002398  79.4453 280.6948 13.16595979249697
ONEWEB-0262             
1 48980U 21060P   26244.41637058 -.00000035  00000+0 -12431-3 0  9993
2 48980  87.9118 213.6297 0002076  74.7456 285.3905 13.16593142249656
ONEWEB-0263             
1 48981U 21060Q   26244.44803457  .00000025  00000+0  30800-4 0  9993
2 48981  87.9121 213.6352 0002327  77.0664 283.0727 13.16592702249624
ONEWEB-0264             
1 48982U 21060R   26244.40923945 -.00000032  00000+0 -11862-3 0  9991
2 48982  87.9114 213.6420 0002257  83.7841 276.3547 13.16592339249627
ONEWEB-0266             
1 48984U 21060T   26244.43062407  .00000037  00000+0  63058-4 0  9991
2 48984  87.9121 213.6324 0001999  82.9859 277.1500 13.16594796249618
ONEWEB-0267             
1 48985U 21060U   26244.44170200  .00000094  00000+0  21244-3 0  9997
2 48985  87.9120 213.6272 0002261  81.2474 278.8913 13.16592757249620
ONEWEB-0268             
1 48986U 21060V   26244.41003921 -.00000039  00000+0 -13510-3 0  9998
2 48986  87.9121 213.6419 0002116  86.0919 274.0454 13.16592873249886
ONEWEB-0269             
1 48987U 21060W   26244.46705317 -.00000076  00000+0 -23304-3 0  9995
2 48987  87.9118 213.6287 0001923  89.4513 270.6839 13.16593912249668
ONEWEB-0270             
1 48988U 21060X   26244.33246703 -.00000028  00000+0 -10621-3 0  9996
2 48988  87.9108 213.6579 0002237  73.8345 286.3032 13.16595266249686
ONEWEB-0271             
1 48989U 21060Y   26244.47178980 -.00000025  00000+0 -98744-4 0  9993
2 48989  87.9121 213.6211 0002291  78.2493 281.8895 13.16592466249707
ONEWEB-0272             
1 48990U 21060Z   26244.41794852  .00000007  00000+0 -16463-4 0  9998
2 48990  87.9113 213.6398 0002304  88.7509 271.3886 13.16596466249646
ONEWEB-0273             
1 48991U 21060AA  26244.44012619  .00000131  00000+0  30993-3 0  9996
2 48991  87.9114 213.6366 0002149  78.9266 281.2107 13.16593178249622
ONEWEB-0274             
1 48992U 21060AB  26244.46546362  .00000096  00000+0  21684-3 0  9993
2 48992  87.9113 213.6295 0002276  87.5859 272.5533 13.16594270249662
ONEWEB-0275             
1 48993U 21060AC  26244.45439090  .00000015  00000+0  43947-5 0  9991
2 48993  87.9121 213.6285 0002574 100.5350 259.6071 13.16594727249596
ONEWEB-0276             
1 48994U 21060AD  26244.41161334 -.00000205  00000+0 -56985-3 0  9998
2 48994  87.9120 213.6355 0002230  85.7747 274.3639 13.16593232249603
ONEWEB-0277             
1 48995U 21060AE  26244.42430207  .00000007  00000+0 -14097-4 0  9996
2 48995  87.9114 213.6378 0002188  79.1254 281.0124 13.16594250249597
ONEWEB-0278             
1 48996U 21060AF  26244.41477854 -.00000039  00000+0 -13494-3 0  9990
2 48996  87.9119 213.6343 0001882  81.7408 278.3937 13.16592613249722
ONEWEB-0279             
1 48997U 21060AG  26244.42269527 -.00000111  00000+0 -32403-3 0  9990
2 48997  87.9120 213.6314 0002325  81.5968 278.5426 13.16593304249650
ONEWEB-0280             
1 48998U 21060AH  26244.43776202  .00000016  00000+0  77976-5 0  9993
2 48998  87.9120 213.6320 0001987  73.4583 286.6766 13.16593614249598
ONEWEB-0281             
1 48999U 21060AJ  26244.44328790  .00000081  00000+0  17856-3 0  9991
2 48999  87.9123 213.6273 0002114  86.3359 273.8014 13.16596399249661
ONEWEB-0282             
1 49000U 21060AK  26244.47338710 -.00000083  00000+0 -25094-3 0  9998
2 49000  87.9123 213.6278 0002139  77.3957 282.7413 13.16593807249642
ONEWEB-0283             
1 49001U 21060AL  26244.46228179 -.00000157  00000+0 -44382-3 0  9998
2 49001  87.9122 213.6289 0002236  81.3506 278.7878 13.16593725249657
ONEWEB-0284             
1 49002U 21060AM  26244.45594982  .00000007  00000+0 -16036-4 0  9995
2 49002  87.9124 213.6250 0001890  75.5281 284.6060 13.16592625249633
ONEWEB-0285             
1 49075U 21075A   26244.52615211 -.00000178  00000+0 -52936-3 0  9996
2 49075  87.9000 335.5059 0001799 106.2031 253.9295 13.12444882245227
ONEWEB-0286             
1 49076U 21075B   26244.27950035 -.00000409  00000+0 -11716-2 0  9992
2 49076  87.8993 335.5642 0001823 106.8606 253.2723 13.12443532244542
ONEWEB-0287             
1 49077U 21075C   26244.33063770  .00000056  00000+0  11015-3 0  9990
2 49077  87.9201 350.7383 0001688 112.3950 247.7360 13.17648394243654
ONEWEB-0288             
1 49078U 21075D   26244.33215868  .00000428  00000+0  11552-2 0  9996
2 49078  87.9003 335.5373 0001660 103.5801 256.5513 13.12443328245174
ONEWEB-0289             
1 49079U 21075E   26244.59725943  .00000059  00000+0  11912-3 0  9996
2 49079  87.9192 350.7034 0001684  88.1317 272.0007 13.17649866244263
ONEWEB-0290             
1 49080U 21075F   26244.34244888  .00000031  00000+0  47321-4 0  9999
2 49080  87.9207 350.7316 0001685  84.9428 275.1896 13.17649120243647
ONEWEB-0291             
1 49081U 21075G   26244.32726465  .00000022  00000+0  23333-4 0  9991
2 49081  87.9201 350.7364 0001508 101.8192 258.3109 13.17648737243638
ONEWEB-0293             
1 49082U 21075H   26244.58038522 -.00000002  00000+0 -37713-4 0  9997
2 49082  87.9198 350.6888 0001716  96.5708 263.5619 13.17649153243691
ONEWEB-0294             
1 49083U 21075J   26244.26271642  .00000159  00000+0  40801-3 0  9997
2 49083  87.9004 335.5554 0001729  91.1660 268.9667 13.12442250244554
ONEWEB-0295             
1 49084U 21075K   26244.35173394  .00000047  00000+0  88790-4 0  9999
2 49084  87.9204 350.7380 0001565 105.2558 254.8747 13.17649119243622
ONEWEB-0296             
1 49085U 21075L   26244.31862209  .00000506  00000+0  13719-2 0  9993
2 49085  87.8995 335.5510 0001578 103.0097 257.1208 13.12442516244562
ONEWEB-0297             
1 49086U 21075M   26244.50158262 -.00000225  00000+0 -66182-3 0  9995
2 49086  87.8993 335.5187 0001814 102.8324 257.3007 13.12441422245198
ONEWEB-0298             
1 49087U 21075N   26244.28015683  .00000113  00000+0  25730-3 0  9998
2 49087  87.9203 350.7504 0001914 104.1317 256.0028 13.17648997243642
ONEWEB-0299             
1 49088U 21075P   26244.35763419  .00000104  00000+0  23400-3 0  9996
2 49088  87.9211 350.7222 0001785 105.6180 254.5148 13.17649653243634
ONEWEB-0300             
1 49089U 21075Q   26244.49396531  .00000117  00000+0  28947-3 0  9994
2 49089  87.9005 335.5081 0002163 107.8304 252.3061 13.12441260245218
ONEWEB-0301             
1 49090U 21075R   26244.55411715  .00000442  00000+0  11927-2 0  9995
2 49090  87.9001 335.4929 0002220 104.6409 255.4965 13.12443004244585
ONEWEB-0302             
1 49091U 21075S   26244.54054659  .00000394  00000+0  10607-2 0  9995
2 49091  87.8996 335.5052 0001623  93.3421 266.7893 13.12443458244566
ONEWEB-0304             
1 49092U 21075T   26244.56014431  .00000049  00000+0  93634-4 0  9992
2 49092  87.9199 350.6968 0001731 103.3637 256.7688 13.17648773243638
ONEWEB-0305             
1 49093U 21075U   26244.32557945  .00000075  00000+0  15927-3 0  9996
2 49093  87.9206 350.7349 0001640 112.1479 247.9827 13.17650089243633
ONEWEB-0308             
1 49094U 21075V   26244.53377015  .00000074  00000+0  17174-3 0  9993
2 49094  87.9004 335.5026 0001922  99.5378 260.5968 13.12443643244574
ONEWEB-0309             
1 49095U 21075W   26244.32894134  .00000021  00000+0  20949-4 0  9994
2 49095  87.9199 350.7357 0001545  88.4070 271.7238 13.17650288243600
ONEWEB-0310             
1 49096U 21075X   26244.54903625  .00000392  00000+0  10547-2 0  9997
2 49096  87.8994 335.5141 0001872  99.5040 260.6301 13.12443674245208
ONEWEB-0311             
1 49097U 21075Y   26244.56350284  .00000132  00000+0  30786-3 0  9997
2 49097  87.9203 350.6894 0001730 115.2702 244.8609 13.17647765243687
ONEWEB-0312             
1 49098U 21075Z   26244.57867670  .00000038  00000+0  65471-4 0  9996
2 49098  87.9201 350.6969 0001550 103.9215 256.2090 13.17650656243664
ONEWEB-0313             
1 49099U 21075AA  26244.35582289  .00000056  00000+0  11176-3 0  9995
2 49099  87.9200 350.7448 0001807 105.0054 255.1278 13.17648972243626
ONEWEB-0314             
1 49100U 21075AB  26244.32220919  .00000101  00000+0  22783-3 0  9991
2 49100  87.9213 350.7333 0001503 104.7498 255.3800 13.17649427243592
ONEWEB-0315             
1 49101U 21075AC  26244.52191005 -.00000247  00000+0 -72091-3 0  9997
2 49101  87.9004 335.4899 0001927 111.9168 248.2165 13.12443514245188
ONEWEB-0316             
1 49102U 21075AD  26244.49069870  .00000575  00000+0  14250-2 0  9992
2 49102  87.9185 320.2965 0001780  97.2850 262.8484 13.18681014247268
ONEWEB-0317             
1 49103U 21075AE  26244.29660416 -.00000220  00000+0 -64614-3 0  9993
2 49103  87.8995 335.5552 0001912  81.5623 278.5722 13.12443051245177
ONEWEB-0318             
1 49104U 21075AF  26244.48721633  .00000033  00000+0  51307-4 0  9990
2 49104  87.9191 320.3000 0001916 103.9576 256.1770 13.18685781247224
ONEWEB-0319             
1 49105U 21075AG  26244.56519943  .00000039  00000+0  66909-4 0  9999
2 49105  87.9203 350.6939 0001989 115.9032 244.2304 13.17649994243666
ONEWEB-0323             
1 49106U 21075AH  26244.27795189 -.00000298  00000+0 -86303-3 0  9994
2 49106  87.9004 335.5436 0001826 117.1483 242.9832 13.12441838244534
ONEWEB-0329             
1 49107U 21075AJ  26244.34582889  .00000086  00000+0  18916-3 0  9992
2 49107  87.9201 350.7389 0001701 102.8376 257.2946 13.17649446243617
ONEWEB-0330             
1 49108U 21075AK  26244.34932735  .00000069  00000+0  14347-3 0  9997
2 49108  87.9205 350.7511 0001655  99.8245 260.3073 13.17650617243659
ONEWEB-0292             
1 49186U 21083A   26244.57168267 -.00000210  00000+0 -61104-3 0  9991
2 49186  87.8945 305.0428 0001975 102.2056 257.9295 13.13468421240953
ONEWEB-0303             
1 49187U 21083B   26244.25619913  .00000018  00000+0  13555-4 0  9998
2 49187  87.9195 320.3445 0001922 104.2050 255.9295 13.18687526240007
ONEWEB-0306             
1 49188U 21083C   26244.24608300  .00000054  00000+0  10347-3 0  9991
2 49188  87.9196 320.3368 0001910  91.6810 268.4541 13.18687641240048
ONEWEB-0307             
1 49189U 21083D   26244.56575645 -.00000090  00000+0 -28144-3 0  9998
2 49189  87.8943 305.0416 0001862 100.9504 259.1835 13.13470431240957
ONEWEB-0320             
1 49190U 21083E   26244.19044931  .00000098  00000+0  21650-3 0  9999
2 49190  87.9186 320.3583 0001957  97.6577 262.4777 13.18686362239992
ONEWEB-0321             
1 49191U 21083F   26244.03358829  .00000066  00000+0  13100-3 0  9993
2 49191  87.9136 259.3082 0002153  87.3280 272.8100 13.20772568246843
ONEWEB-0322             
1 49192U 21083G   26244.56152691  .00000046  00000+0  92138-4 0  9998
2 49192  87.8945 305.0425 0002234  89.9442 270.1943 13.13469398240946
ONEWEB-0324             
1 49193U 21083H   26244.23935281  .00000022  00000+0  23395-4 0  9990
2 49193  87.9196 320.3443 0001782  96.8017 263.3317 13.18685510240027
ONEWEB-0325             
1 49194U 21083J   26244.47035059  .00000002  00000+0 -27857-4 0  9997
2 49194  87.9190 320.2994 0002038 100.7267 259.4094 13.18686859240068
ONEWEB-0326             
1 49195U 21083K   26244.25803606 -.00000116  00000+0 -32614-3 0  9998
2 49195  87.9193 320.3442 0001951 106.7415 253.3931 13.18686395240029
ONEWEB-0327             
1 49196U 21083L   26244.25776493  .00000039  00000+0  66445-4 0  9994
2 49196  87.9184 320.3435 0002183 108.3960 251.7410 13.18685740240042
ONEWEB-0328             
1 49197U 21083M   26244.17047513  .00000262  00000+0  68361-3 0  9996
2 49197  87.8957 305.1007 0001828  96.5671 263.5666 13.13469019240877
ONEWEB-0331             
1 49198U 21083N   26244.47878494  .00000012  00000+0 -30268-5 0  9991
2 49198  87.9193 320.2958 0001912 109.4656 250.6683 13.18685792240065
ONEWEB-0333             
1 49199U 21083P   26244.16540845  .00000359  00000+0  94738-3 0  9997
2 49199  87.8946 305.1208 0002002 100.5071 259.6284 13.13467532240886
ONEWEB-0334             
1 49200U 21083Q   26244.50244817 -.00000038  00000+0 -12594-3 0  9994
2 49200  87.9134 259.2249 0002547  77.7049 282.4370 13.20770557246863
ONEWEB-0335             
1 49201U 21083R   26244.23650905  .00000306  00000+0  80229-3 0  9990
2 49201  87.8946 305.1041 0001899 103.4453 256.6887 13.13470833240901
ONEWEB-0336             
1 49202U 21083S   26244.43625490 -.00000242  00000+0 -69842-3 0  9993
2 49202  87.8942 305.0586 0001828 106.4723 253.6607 13.13471642240924
ONEWEB-0337             
1 49203U 21083T   26244.44627450 -.00000105  00000+0 -32193-3 0  9990
2 49203  87.8947 305.0627 0001765  97.5429 262.5901 13.13468859240921
ONEWEB-0338             
1 49204U 21083U   26244.47971101 -.00000024  00000+0 -90836-4 0  9998
2 49204  87.9134 259.2310 0002252  86.6054 273.5337 13.20770699246887
ONEWEB-0339             
1 49205U 21083V   26244.45488292  .00000152  00000+0  38158-3 0  9999
2 49205  87.8944 305.0542 0002060  94.4151 265.7214 13.13472760240909
ONEWEB-0340             
1 49206U 21083W   26244.23765585  .00000022  00000+0  23993-4 0  9997
2 49206  87.9192 320.3484 0001865 103.2523 256.8817 13.18687338239996
ONEWEB-0341             
1 49207U 21083X   26244.47203372  .00000057  00000+0  11097-3 0  9994
2 49207  87.9190 320.3014 0001484  96.5149 263.6152 13.18686933240045
ONEWEB-0342             
1 49208U 21083Y   26244.33493663 -.00000106  00000+0 -29192-3 0  9996
2 49208  87.9134 259.2501 0002008  88.7436 271.3927 13.20771697246834
ONEWEB-0343             
1 49209U 21083Z   26244.48046760  .00000057  00000+0  11259-3 0  9993
2 49209  87.9188 320.2981 0002046  87.4721 272.6646 13.18686466240090
ONEWEB-0344             
1 49210U 21083AA  26244.60213693 -.00000064  00000+0 -20950-3 0  9998
2 49210  87.8943 305.0376 0001517  96.6449 263.4853 13.13471787240923
ONEWEB-0345             
1 49211U 21083AB  26244.59368582 -.00000197  00000+0 -57389-3 0  9998
2 49211  87.8950 305.0274 0001663  95.1845 264.9474 13.13469176240930
ONEWEB-0346             
1 49212U 21083AC  26244.24945920  .00000032  00000+0  48047-4 0  9996
2 49212  87.9194 320.3432 0002006 117.9209 242.2127 13.18686743240005
ONEWEB-0348             
1 49213U 21083AD  26244.47634818  .00000002  00000+0 -27482-4 0  9991
2 49213  87.9136 259.2271 0001608 102.2380 257.8933 13.20770982246888
ONEWEB-0350             
1 49214U 21083AE  26244.61245661  .00000245  00000+0  63535-3 0  9998
2 49214  87.8947 305.0271 0003006  96.4901 263.6570 13.13469619240964
ONEWEB-0351             
1 49215U 21083AF  26244.46945933  .00000044  00000+0  75077-4 0  9993
2 49215  87.9137 259.2276 0001989  73.4401 286.6951 13.20772907246846
ONEWEB-0352             
1 49216U 21083AG  26244.58351741 -.00000337  00000+0 -95885-3 0  9990
2 49216  87.8946 305.0360 0002011  85.7480 274.3879 13.13468627241052
ONEWEB-0354             
1 49217U 21083AH  26244.49653886 -.00000036  00000+0 -12162-3 0  9999
2 49217  87.9134 259.2204 0001538  96.8709 263.2599 13.20769978246883
ONEWEB-0355             
1 49218U 21083AJ  26244.61315461  .00000263  00000+0  68462-3 0  9992
2 49218  87.8946 305.0309 0001830  91.5282 268.6057 13.13471828240937
ONEWEB-0357             
1 49219U 21083AK  26244.49317744 -.00000014  00000+0 -67382-4 0  9992
2 49219  87.9135 259.2146 0001817  84.6114 275.5227 13.20773765246889
ONEWEB-0332             
1 49279U 21090A   26244.48932362  .00001046  00000+0  27891-2 0  9997
2 49279  87.8908 274.4973 0002305  90.7424 269.3970 13.14440896237609
ONEWEB-0347             
1 49280U 21090B   26244.48306060 -.00000015  00000+0 -68348-4 0  9990
2 49280  87.9135 259.2246 0002254  89.6201 270.5191 13.20773277241110
ONEWEB-0349             
1 49281U 21090C   26244.51508431 -.00000032  00000+0 -11122-3 0  9997
2 49281  87.9135 259.2189 0001956  91.8019 268.3338 13.20769267239903
ONEWEB-0353             
1 49282U 21090D   26244.48169688  .00001734  00000+0  46489-2 0  9992
2 49282  87.8911 274.4954 0002308  91.3727 268.7667 13.14412816237609
ONEWEB-0356             
1 49283U 21090E   26244.51338625 -.00000038  00000+0 -12456-3 0  9992
2 49283  87.9136 259.2126 0002455 108.6896 251.4504 13.20771941239902
ONEWEB-0358             
1 49284U 21090F   26244.47380441  .00000026  00000+0  30918-4 0  9990
2 49284  87.9136 259.2289 0001961  94.5211 265.6146 13.20772751240628
ONEWEB-0359             
1 49285U 21090G   26244.46454983  .00000034  00000+0  51286-4 0  9993
2 49285  87.9133 259.2221 0001869  96.4845 263.6501 13.20773735240607
ONEWEB-0360             
1 49286U 21090H   26244.45446811  .00000031  00000+0  44799-4 0  9992
2 49286  87.9134 259.2306 0001925  89.4850 270.6504 13.20771278239917
ONEWEB-0361             
1 49287U 21090J   26244.51170123 -.00000043  00000+0 -13753-3 0  9990
2 49287  87.9134 259.2178 0001900  94.5241 265.6109 13.20772532240370
ONEWEB-0362             
1 49288U 21090K   26244.52474912 -.00000033  00000+0 -11449-3 0  9994
2 49288  87.9134 289.7736 0001893  88.7234 271.4116 13.19725294236983
ONEWEB-0363             
1 49289U 21090L   26244.45109418  .00000013  00000+0  50051-6 0  9994
2 49289  87.9134 259.2299 0002127  99.9519 260.1855 13.20770576240379
ONEWEB-0364             
1 49290U 21090M   26244.11101734  .00000026  00000+0  33128-4 0  9990
2 49290  87.9136 259.3052 0002000  90.6545 269.4817 13.20772535241466
ONEWEB-0365             
1 49291U 21090N   26244.53422539  .00000038  00000+0  63471-4 0  9993
2 49291  87.9134 289.7650 0001973  94.3393 265.7966 13.19726361236491
ONEWEB-0366             
1 49292U 21090P   26244.55444026  .00001268  00000+0  33880-2 0  9996
2 49292  87.8911 274.4822 0002030  94.3404 265.7957 13.14431316237594
ONEWEB-0367             
1 49293U 21090Q   26244.45025094 -.00000007  00000+0 -49887-4 0  9994
2 49293  87.9135 259.2322 0002050  86.8676 273.2692 13.20771675239896
ONEWEB-0368             
1 49294U 21090R   26244.49992367 -.00000066  00000+0 -19503-3 0  9991
2 49294  87.9136 259.2262 0002704  94.9651 265.1791 13.20771339241058
ONEWEB-0369             
1 49295U 21090S   26244.52949129 -.00000047  00000+0 -15062-3 0  9999
2 49295  87.9133 289.7693 0002342 102.4822 257.6573 13.19724286236487
ONEWEB-0370             
1 49296U 21090T   26244.08073165 -.00000296  00000+0 -75969-3 0  9997
2 49296  87.9134 259.3043 0001600  85.4847 274.6470 13.20773340239883
ONEWEB-0371             
1 49297U 21090U   26244.15830198  .00000069  00000+0  14111-3 0  9991
2 49297  87.9135 289.8397 0002203  99.7056 260.4326 13.19724707236471
ONEWEB-0372             
1 49298U 21090V   26244.44926110  .00000015  00000+0  59469-5 0  9992
2 49298  87.9135 259.2333 0002044  91.3507 268.7861 13.20773167239907
ONEWEB-0373             
1 49299U 21090W   26244.47466082  .00000036  00000+0  56286-4 0  9999
2 49299  87.9133 259.2274 0001928  93.2374 266.8980 13.20772077241096
ONEWEB-0374             
1 49300U 21090X   26244.46482187  .00000129  00000+0  31455-3 0  9998
2 49300  87.8917 274.4933 0002047 109.8082 250.3269 13.14505597237583
ONEWEB-0375             
1 49301U 21090Y   26244.46287641  .00000035  00000+0  54944-4 0  9992
2 49301  87.9134 259.2221 0002029 107.9483 252.1872 13.20772068240592
ONEWEB-0376             
1 49302U 21090Z   26244.15671367 -.00000004  00000+0 -42887-4 0  9992
2 49302  87.9135 289.8396 0002126  91.0536 269.0840 13.19726351236472
ONEWEB-0377             
1 49303U 21090AA  26244.44956036  .00000034  00000+0  52397-4 0  9992
2 49303  87.9134 259.2268 0002059 100.1692 259.9674 13.20771363240586
ONEWEB-0378             
1 49304U 21090AB  26244.46975348  .00000042  00000+0  70446-4 0  9996
2 49304  87.9135 259.2254 0002098  94.2825 265.8548 13.20770138239850
ONEWEB-0379             
1 49305U 21090AC  26244.45975067  .00000122  00000+0  29484-3 0  9998
2 49305  87.8909 274.5025 0002074  97.2386 262.8980 13.14540671237589
ONEWEB-0380             
1 49306U 21090AD  26244.53264461 -.00000019  00000+0 -78937-4 0  9992
2 49306  87.9130 289.7662 0001875 100.2638 259.8707 13.19724963236490
ONEWEB-0381             
1 49307U 21090AE  26244.52180289 -.00000063  00000+0 -18696-3 0  9991
2 49307  87.9136 259.2174 0001989  99.1618 260.9741 13.20771158239907
ONEWEB-0382             
1 49308U 21090AF  26244.43258312 -.00000061  00000+0 -18147-3 0  9994
2 49308  87.9136 259.2293 0002097  99.5479 260.5891 13.20772183239888
ONEWEB-0383             
1 49309U 21090AG  26244.52908789 -.00000518  00000+0 -14292-2 0  9998
2 49309  87.8911 274.4820 0002031  97.4612 262.6749 13.14577156237629
ONEWEB-0384             
1 49310U 21090AH  26244.49445106 -.00000078  00000+0 -22478-3 0  9992
2 49310  87.9132 259.2600 0002296 102.9109 257.2281 13.20817947239906
ONEWEB-0385             
1 49311U 21090AJ  26244.50158256 -.00000049  00000+0 -15220-3 0  9997
2 49311  87.9132 259.2200 0002036  96.7580 263.3785 13.20772951239876
ONEWEB-0386             
1 49312U 21090AK  26244.44268513  .00000019  00000+0  14746-4 0  9997
2 49312  87.9137 259.2256 0002147  96.8058 263.3320 13.20771542239888
ONEWEB-0387             
1 49313U 21090AL  26244.50328192 -.00000061  00000+0 -18150-3 0  9996
2 49313  87.9136 259.2282 0001805 100.3097 259.8239 13.20771420239896
ONEWEB-0388             
1 49314U 21090AM  26244.14881432  .00000041  00000+0  70269-4 0  9994
2 49314  87.9132 289.8404 0002063  98.5552 261.5814 13.19726907236433
ONEWEB-0389             
1 50469U 21132A   26244.59051891 -.00000024  00000+0 -95421-4 0  9991
2 50469  87.9202 350.6897 0002038 106.5005 253.6351 13.17648124228141
ONEWEB-0390             
1 50470U 21132B   26244.59219556  .00000109  00000+0  24699-3 0  9997
2 50470  87.9202 350.6904 0001634  97.2726 262.8592 13.17650534228146
ONEWEB-0391             
1 50471U 21132C   26244.59389145  .00000064  00000+0  13088-3 0  9990
2 50471  87.9202 350.6995 0001456 126.3537 233.7729 13.17649852228143
ONEWEB-0392             
1 50472U 21132D   26244.32051310  .00000049  00000+0  92941-4 0  9991
2 50472  87.9210 350.7278 0001741 112.3700 247.7617 13.17650165228142
ONEWEB-0393             
1 50473U 21132E   26244.37199135  .00000087  00000+0  19216-3 0  9990
2 50473  87.9201 350.7286 0001821 105.9330 254.2002 13.17648755228141
ONEWEB-0394             
1 50474U 21132F   26244.50576377 -.00000013  00000+0 -66502-4 0  9995
2 50474  87.9195 320.2824 0002057 103.3528 256.7833 13.18685745231657
ONEWEB-0395             
1 50475U 21132G   26244.38766242  .00000315  00000+0  85258-3 0  9995
2 50475  87.8954   5.9087 0001406  91.8510 268.2779 13.11417435225705
ONEWEB-0396             
1 50476U 21132H   26244.27139366 -.00000006  00000+0 -49206-4 0  9998
2 50476  87.9187 320.3414 0002024 106.9522 253.1833 13.18685147231661
ONEWEB-0397             
1 50477U 21132J   26244.21068872  .00000011  00000+0 -42828-5 0  9995
2 50477  87.9194 320.3532 0002137 105.0678 255.0690 13.18685970231631
ONEWEB-0398             
1 50478U 21132K   26244.58419313 -.00000208  00000+0 -62229-3 0  9990
2 50478  87.8960   5.8663 0001511  94.2092 265.9209 13.11415418225625
ONEWEB-0399             
1 50479U 21132L   26244.34175353  .00000437  00000+0  11971-2 0  9997
2 50479  87.8948   5.9221 0001883 115.0120 245.1204 13.11415703225586
ONEWEB-0400             
1 50480U 21132M   26244.49227377 -.00000007  00000+0 -51068-4 0  9997
2 50480  87.9193 320.2881 0001824  97.1770 262.9570 13.18685937231666
ONEWEB-0401             
1 50481U 21132N   26244.23427269  .00000176  00000+0  41469-3 0  9990
2 50481  87.9197 320.3371 0002229  99.9412 260.1972 13.18685217231633
ONEWEB-0402             
1 50482U 21132P   26244.50070446  .00000026  00000+0  32578-4 0  9998
2 50482  87.9195 320.2722 0002458 100.6515 259.4894 13.18686957231691
ONEWEB-0403             
1 50483U 21132Q   26244.60187486 -.00000035  00000+0 -12191-3 0  9993
2 50483  87.9193 320.2759 0001907 102.5498 257.5848 13.18685221231667
ONEWEB-0404             
1 50484U 21132R   26244.32309207  .00000542  00000+0  14939-2 0  9992
2 50484  87.8955   5.9241 0001638 109.2479 250.8827 13.11417347225672
ONEWEB-0405             
1 50485U 21132S   26244.23598093  .00000070  00000+0  14528-3 0  9997
2 50485  87.9200 320.3362 0001654  89.2550 270.8772 13.18686384232013
ONEWEB-0406             
1 50486U 21132T   26244.60693494 -.00000043  00000+0 -14151-3 0  9994
2 50486  87.9193 320.2741 0001807 115.3657 244.7663 13.18685132231696
ONEWEB-0407             
1 50487U 21132U   26244.22080268  .00000081  00000+0  17358-3 0  9994
2 50487  87.9199 320.3461 0002082  94.6647 265.4723 13.18687482231582
ONEWEB-0409             
1 50488U 21132V   26244.32139458  .00000516  00000+0  14187-2 0  9991
2 50488  87.8960   5.9158 0001556 104.7987 255.3314 13.11417636225562
ONEWEB-0412             
1 50489U 21132W   26244.28487807  .00000097  00000+0  21412-3 0  9995
2 50489  87.9190 320.3384 0002290 100.6855 259.4535 13.18685622231688
ONEWEB-0413             
1 50490U 21132X   26244.44167740 -.00000023  00000+0 -91814-4 0  9991
2 50490  87.9197 320.3050 0002248  96.5171 263.6217 13.18687283231649
ONEWEB-0414             
1 50491U 21132Y   26244.50238923 -.00000008  00000+0 -52194-4 0  9992
2 50491  87.9194 320.2787 0002101 102.5279 257.6088 13.18685556231682
ONEWEB-0417             
1 50492U 21132Z   26244.28318690  .00000082  00000+0  17453-3 0  9996
2 50492  87.9192 320.3369 0001829 105.6425 254.4909 13.18686883231637
ONEWEB-0418             
1 50493U 21132AA  26244.29317419  .00000028  00000+0  37277-4 0  9993
2 50493  87.9192 320.3367 0001726 109.5306 250.6013 13.18687370231695
ONEWEB-0419             
1 50494U 21132AB  26244.23700002  .00000022  00000+0  23100-4 0  9996
2 50494  87.9195 320.3512 0001697 101.8486 258.2837 13.18668924231605
ONEWEB-0420             
1 50495U 21132AC  26244.50408254 -.00000123  00000+0 -34397-3 0  9994
2 50495  87.9187 320.2939 0002025  94.5769 265.5594 13.18685657231633
ONEWEB-0421             
1 50496U 21132AD  26244.26970633  .00000074  00000+0  15519-3 0  9991
2 50496  87.9189 320.3399 0002273 105.6375 254.5008 13.18685607231643
ONEWEB-0424             
1 50497U 21132AE  26244.61030074 -.00000022  00000+0 -87831-4 0  9999
2 50497  87.9193 320.2734 0001639  96.1934 263.9385 13.18685536231712
ONEWEB-0426             
1 50498U 21132AF  26244.49311653 -.00002113  00000+0 -53953-2 0  9990
2 50498  87.9195 320.2886 0002197 119.8264 240.3087 13.18669104231645
ONEWEB-0427             
1 50499U 21132AG  26244.60861615 -.00000018  00000+0 -78624-4 0  9998
2 50499  87.9196 320.2555 0001897 105.9171 254.2171 13.18685712231684
ONEWEB-0429             
1 50500U 21132AH  26244.21573756  .00000120  00000+0  27248-3 0  9991
2 50500  87.9189 320.3523 0002036  96.2461 263.8904 13.18687246231601
ONEWEB-0430             
1 50501U 21132AJ  26244.27981557 -.00000028  00000+0 -10451-3 0  9997
2 50501  87.9189 320.3379 0002026  93.4184 266.7180 13.18686609231656
ONEWEB-0432             
1 50502U 21132AK  26244.26281611  .00000088  00000+0  18982-3 0  9992
2 50502  87.9196 320.3314 0001708  87.9899 272.1429 13.18685405231606
ONEWEB-0440             
1 50503U 21132AL  26244.22416800  .00000077  00000+0  16171-3 0  9995
2 50503  87.9194 320.3495 0002309  99.3851 260.7542 13.18687734231592
ONEWEB-0450             
1 50504U 21132AM  26244.21757089  .00000026  00000+0  32078-4 0  9991
2 50504  87.9186 320.3495 0002033  94.7748 265.3616 13.18685925231629
ONEWEB-0410             
1 51622U 22012A   26244.30532873  .00000060  00000+0  12125-3 0  9991
2 51622  87.9204 350.7410 0001952 141.2855 218.8417 13.17651243223721
ONEWEB-0411             
1 51623U 22012B   26244.44720912  .00000615  00000+0  17247-2 0  9995
2 51623  87.8882  21.0814 0001709  79.1455 280.9865 13.10371948219270
ONEWEB-0415             
1 51624U 22012C   26244.36744859  .00000713  00000+0  20048-2 0  9995
2 51624  87.8882  21.0932 0001369  91.7321 268.3963 13.10377450219268
ONEWEB-0416             
1 51625U 22012D   26244.45568644  .00000682  00000+0  19179-2 0  9990
2 51625  87.8869  21.0890 0001430  93.6613 266.4678 13.10370613219313
ONEWEB-0422             
1 51626U 22012E   26244.31543807  .00000105  00000+0  23671-3 0  9993
2 51626  87.9202 350.7368 0002393  89.6013 270.5392 13.17650818223832
ONEWEB-0423             
1 51627U 22012F   26244.53651782  .00000087  00000+0  19109-3 0  9990
2 51627  87.9205 350.6968 0001887 103.8676 256.2666 13.17648799223753
ONEWEB-0425             
1 51628U 22012G   26244.38949334  .00000168  00000+0  44482-3 0  9999
2 51628  87.8873  21.0883 0001568 111.3967 248.7328 13.10370295219305
ONEWEB-0428             
1 51629U 22012H   26244.36915244  .00000724  00000+0  20371-2 0  9999
2 51629  87.8872  21.0967 0001754  96.4623 263.6704 13.10372966219263
ONEWEB-0431             
1 51630U 22012J   26244.41479661 -.00000569  00000+0 -16655-2 0  9994
2 51630  87.8880  21.0835 0001683  77.6905 282.4410 13.10374694219323
ONEWEB-0434             
1 51631U 22012K   26244.39302191 -.00000009  00000+0 -62231-4 0  9997
2 51631  87.8872  21.1141 0001660 120.8834 239.2457 13.10369041219302
ONEWEB-0435             
1 51632U 22012L   26244.39967540 -.00000391  00000+0 -11567-2 0  9991
2 51632  87.8871  21.0945 0001964  89.8772 270.2580 13.10370641219293
ONEWEB-0436             
1 51633U 22012M   26244.52807688 -.00000048  00000+0 -15638-3 0  9996
2 51633  87.9212 350.6855 0002087  98.1894 261.9474 13.17649365223732
ONEWEB-0438             
1 51634U 22012N   26244.61348319  .00000374  00000+0  10347-2 0  9999
2 51634  87.8870  21.0558 0001611 104.1682 255.9624 13.10370948219350
ONEWEB-0439             
1 51635U 22012P   26244.38779754  .00000252  00000+0  68601-3 0  9997
2 51635  87.8875  21.0895 0001807 102.6693 257.4637 13.10369458219302
ONEWEB-0442             
1 51636U 22012Q   26244.59641702  .00000038  00000+0  65562-4 0  9998
2 51636  87.9203 350.6982 0001729 118.9585 241.1720 13.17649665223733
ONEWEB-0443             
1 51637U 22012R   26244.31207668  .00000048  00000+0  89243-4 0  9991
2 51637  87.9199 350.7559 0002170 105.5757 254.5614 13.17650588223740
ONEWEB-0444             
1 51638U 22012S   26244.37762653  .00000662  00000+0  18614-2 0  9992
2 51638  87.8877  21.0907 0001910  99.6001 260.5343 13.10372408219313
ONEWEB-0445             
1 51639U 22012T   26244.39797143 -.00000291  00000+0 -86966-3 0  9993
2 51639  87.8880  21.0790 0001603  96.3496 263.7814 13.10370916219320
ONEWEB-0446             
1 51640U 22012U   26244.37592967  .00000688  00000+0  19337-2 0  9995
2 51640  87.8869  21.1058 0001408  96.1620 263.9668 13.10372799219305
ONEWEB-0448             
1 51641U 22012V   26244.45738153  .00000494  00000+0  13801-2 0  9999
2 51641  87.8868  21.0848 0001753  98.9159 261.2167 13.10370558219284
ONEWEB-0449             
1 51642U 22012W   26244.61518035  .00000253  00000+0  68825-3 0  9993
2 51642  87.8877  21.0440 0001461 114.7632 245.3647 13.10377827219318
ONEWEB-0451             
1 51643U 22012X   26244.29687397  .00000169  00000+0  40192-3 0  9999
2 51643  87.9212 350.7299 0001901 108.5347 251.5992 13.17648539223685
ONEWEB-0452             
1 51644U 22012Y   26244.37112444  .00000079  00000+0  16923-3 0  9990
2 51644  87.9198 350.7439 0002130 111.8957 248.2401 13.17651220223706
ONEWEB-0456             
1 51646U 22012AA  26244.62365896 -.00000101  00000+0 -32534-3 0  9995
2 51646  87.8880  21.0351 0001860  95.2638 264.8702 13.10370175219350
ONEWEB-0457             
1 51647U 22012AB  26244.37240108  .00000761  00000+0  21422-2 0  9999
2 51647  87.8876  21.0956 0001363  98.5614 261.5668 13.10373079219323
ONEWEB-0458             
1 51648U 22012AC  26244.62280883  .00000002  00000+0 -29719-4 0  9990
2 51648  87.8875  21.0353 0001876 102.6581 257.4756 13.10369392219317
ONEWEB-0461             
1 51649U 22012AD  26244.54495204  .00000046  00000+0  85992-4 0  9999
2 51649  87.9205 350.6925 0001726  99.7523 260.3803 13.17649849223943
ONEWEB-0463             
1 51650U 22012AE  26244.37451556  .00000088  00000+0  19428-3 0  9990
2 51650  87.9198 350.7432 0001695 100.1809 259.9514 13.17649341223703
ONEWEB-0464             
1 51651U 22012AF  26244.39119514  .00000066  00000+0  15213-3 0  9992
2 51651  87.8868  21.0997 0002053  99.0657 261.0703 13.10370234219307
ONEWEB-0468             
1 51652U 22012AG  26244.39628138 -.00000194  00000+0 -59134-3 0  9994
2 51652  87.8869  21.0916 0001976  96.9831 263.1522 13.10369710219289
ONEWEB-0473             
1 51653U 22012AH  26244.38271181  .00000502  00000+0  14008-2 0  9997
2 51653  87.8866  21.0959 0001782  95.3817 264.7514 13.10371204219285
ONEWEB-0474             
1 51654U 22012AJ  26244.37423614  .00000742  00000+0  20904-2 0  9995
2 51654  87.8879  21.0897 0002062  98.4572 261.6790 13.10373131219277
ONEWEB-0475             
1 51655U 22012AK  26244.53819268  .00000024  00000+0  28294-4 0  9993
2 51655  87.9204 350.7052 0002499 100.6125 259.5288 13.17648254223743
ONEWEB-0490             
1 54113U 22138A   26244.55790380  .00000013  00000+0  85326-6 0  9998
2 54113  87.9134 289.7604 0002124  90.6541 269.4836 13.19726278186906
ONEWEB-0492             
1 54114U 22138B   26244.35574026 -.00000091  00000+0 -25858-3 0  9993
2 54114  87.9141 289.7993 0001969  88.1796 271.9562 13.19725644186883
ONEWEB-0495             
1 54115U 22138C   26244.56107667  .00000026  00000+0  32811-4 0  9994
2 54115  87.9130 289.7596 0002510  84.1981 275.9438 13.19724768186899
ONEWEB-0497             
1 54116U 22138D   26244.57371446 -.00000014  00000+0 -68385-4 0  9998
2 54116  87.9142 289.7538 0002048  93.4216 266.7151 13.19726064186889
ONEWEB-0499             
1 54117U 22138E   26244.55711771  .00000015  00000+0  57192-5 0  9990
2 54117  87.9131 289.7616 0002248  92.9899 267.1491 13.19726679186893
ONEWEB-0500             
1 54118U 22138F   26244.55949584  .00000033  00000+0  50770-4 0  9990
2 54118  87.9133 289.7594 0001906  92.8347 267.3003 13.19724125186905
ONEWEB-0501             
1 54119U 22138G   26244.58951042 -.00000080  00000+0 -23285-3 0  9990
2 54119  87.9135 289.7536 0002339  88.7223 271.4178 13.19724269186887
ONEWEB-0502             
1 54120U 22138H   26244.57528722 -.00000034  00000+0 -11713-3 0  9998
2 54120  87.9140 289.7470 0002235  94.1311 266.0077 13.19726067186905
ONEWEB-0503             
1 54121U 22138J   26244.56423122  .00000020  00000+0  17539-4 0  9992
2 54121  87.9138 289.7559 0002102 102.3831 257.7538 13.19726345186899
ONEWEB-0504             
1 54122U 22138K   26244.55160040  .00000047  00000+0  84610-4 0  9992
2 54122  87.9134 289.7616 0002251  94.1611 265.9779 13.19724601186902
ONEWEB-0505             
1 54123U 22138L   26244.54844967  .00000078  00000+0  16274-3 0  9993
2 54123  87.9133 289.7616 0002421  89.0159 271.1251 13.19725609186881
ONEWEB-0506             
1 54124U 22138M   26244.14408910  .00000094  00000+0  20332-3 0  9992
2 54124  87.9139 289.8418 0002285  89.5185 270.6209 13.19725804186829
ONEWEB-0507             
1 54125U 22138N   26244.54370028  .00000082  00000+0  17339-3 0  9995
2 54125  87.9128 289.7675 0002171  90.6990 269.4392 13.19726019186922
ONEWEB-0508             
1 54126U 22138P   26244.38889862  .00000053  00000+0  10073-3 0  9995
2 54126  87.9130 289.7982 0002237  87.9881 272.1508 13.19726816186888
ONEWEB-0509             
1 54127U 22138Q   26244.59106196  .00000803  00000+0  19730-2 0  9992
2 54127  87.9141 289.7545 0002016  90.2122 269.9242 13.19734737186886
ONEWEB-0510             
1 54128U 22138R   26244.49485181 -.00000051  00000+0 -15668-3 0  9990
2 54128  87.9132 259.2175 0001709 101.2724 258.8602 13.20772734189350
ONEWEB-0511             
1 54129U 22138S   26244.58791668 -.00000043  00000+0 -14060-3 0  9997
2 54129  87.9132 289.7544 0002253  99.2678 260.8709 13.19726620186919
ONEWEB-0512             
1 54130U 22138T   26244.42839177 -.00000077  00000+0 -22386-3 0  9997
2 54130  87.9135 289.7878 0002323  91.9997 268.1402 13.19727432186862
ONEWEB-0513             
1 54131U 22138U   26244.55421975  .00000018  00000+0  12455-4 0  9995
2 54131  87.9133 289.6960 0002976  94.8850 265.2623 13.20259941186798
ONEWEB-0514             
1 54132U 22138V   26244.59581864  .00000005  00000+0 -20082-4 0  9996
2 54132  87.9135 289.7529 0001907  98.2108 261.9241 13.19726633186907
ONEWEB-0515             
1 54133U 22138W   26244.48139732  .00000000  00000+0 -32425-4 0  9997
2 54133  87.9138 259.2182 0001194  79.8865 280.2403 13.20770661189371
ONEWEB-0516             
1 54134U 22138X   26244.57054756 -.00000003  00000+0 -39357-4 0  9995
2 54134  87.9134 289.7599 0001970  90.0305 270.1053 13.19725492186909
ONEWEB-0517             
1 54135U 22138Y   26244.55002298  .00000113  00000+0  25002-3 0  9999
2 54135  87.9135 289.7604 0002121 101.7563 258.3807 13.19724465186907
ONEWEB-0518             
1 54136U 22138Z   26244.49314201 -.00000070  00000+0 -20753-3 0  9995
2 54136  87.9132 289.7765 0001935  88.8363 271.2991 13.19726868186893
ONEWEB-0519             
1 54137U 22138AA  26244.59424811 -.00000076  00000+0 -22135-3 0  9998
2 54137  87.9134 289.7521 0002048 100.9515 259.1848 13.19725965186913
ONEWEB-0520             
1 54138U 22138AB  26244.40154675  .00000077  00000+0  16108-3 0  9999
2 54138  87.9137 289.7922 0002203  89.8473 270.2912 13.19725306186873
ONEWEB-0521             
1 54139U 22138AC  26244.58635203 -.00000068  00000+0 -20232-3 0  9995
2 54139  87.9141 289.7463 0002009 102.2830 257.8528 13.19725294186847
ONEWEB-0522             
1 54140U 22138AD  26244.56582044  .00000062  00000+0  12180-3 0  9994
2 54140  87.9141 289.7522 0002166  94.2608 265.8773 13.19725541186882
ONEWEB-0523             
1 54141U 22138AE  26244.46793282  .00000041  00000+0  69985-4 0  9995
2 54141  87.9133 259.2289 0001337 107.1180 253.0100 13.20771743189371
ONEWEB-0524             
1 54142U 22138AF  26244.38207282  .00000068  00000+0  13588-3 0  9993
2 54142  87.9136 259.2422 0001344  70.6238 289.5040 13.20772185189367
ONEWEB-0525             
1 54143U 22138AG  26244.50893867 -.00000062  00000+0 -18686-3 0  9998
2 54143  87.9138 289.7697 0002213  86.1013 274.0373 13.19727232186895
ONEWEB-0526             
1 54144U 22138AH  26244.16301663  .00000079  00000+0  16556-3 0  9999
2 54144  87.9137 289.8387 0002023  90.9144 269.2221 13.19727289186822
ONEWEB-0529             
1 54145U 22138AJ  26244.54528037  .00000041  00000+0  71235-4 0  9993
2 54145  87.9132 289.7664 0002158  89.9960 270.1420 13.19725034186893
ONEWEB-0531             
1 54146U 22138AK  26244.52012726 -.00000033  00000+0 -11303-3 0  9997
2 54146  87.9135 259.2122 0001502 100.7644 259.3658 13.20771473189380
ONEWEB-0535             
1 54147U 22138AL  26244.57845177 -.00000040  00000+0 -13184-3 0  9994
2 54147  87.9141 289.7505 0001794 102.9080 257.2254 13.19724408186911
ONEWEB-0536             
1 54148U 22138AM  26244.43088954 -.00000058  00000+0 -17348-3 0  9997
2 54148  87.9136 259.2443 0000994  92.2859 267.8389 13.20772245189367
ONEWEB-0527             
1 54642U 22166A   26244.47862616  .00000012  00000+0 -13099-5 0  9996
2 54642  87.9241 228.8063 0002122  84.6880 275.4496 13.21825692181617
ONEWEB-0528             
1 54643U 22166B   26244.47945923 -.00000022  00000+0 -84579-4 0  9992
2 54643  87.9241 228.8094 0002226  81.0855 279.0531 13.21825451181624
ONEWEB-0539             
1 54644U 22166C   26244.44162306  .00000027  00000+0  34798-4 0  9997
2 54644  87.9249 228.7935 0002205  89.8780 270.2606 13.21826169181618
ONEWEB-0540             
1 54645U 22166D   26244.37277070  .00000044  00000+0  75469-4 0  9994
2 54645  87.9242 228.8324 0002105  88.7629 271.3746 13.21827601181590
ONEWEB-0542             
1 54646U 22166E   26244.45171428  .00000027  00000+0  32721-4 0  9999
2 54646  87.9252 228.7912 0002239  92.6276 267.5114 13.21825890181611
ONEWEB-0545             
1 54647U 22166F   26244.49208063 -.00000021  00000+0 -81944-4 0  9997
2 54647  87.9243 228.7892 0002170 102.5914 257.5462 13.21826392181582
ONEWEB-0580             
1 54648U 22166G   26244.46683712  .00000017  00000+0  99709-5 0  9995
2 54648  87.9243 228.7937 0002013  97.0245 263.1118 13.21824571181627
ONEWEB-0582             
1 54649U 22166H   26244.43320829  .00000014  00000+0  23841-5 0  9991
2 54649  87.9248 228.7943 0002267  97.4438 262.6953 13.21826773181592
ONEWEB-0583             
1 54650U 22166J   26244.44496517  .00000050  00000+0  90658-4 0  9991
2 54650  87.9242 228.8141 0002124  89.0150 271.1227 13.21824398181601
ONEWEB-0584             
1 54651U 22166K   26244.46515348  .00000001  00000+0 -29188-4 0  9995
2 54651  87.9239 228.7937 0002060  87.8800 272.2570 13.21827667181590
ONEWEB-0585             
1 54652U 22166L   26244.48871767  .00000002  00000+0 -27482-4 0  9994
2 54652  87.9247 228.7805 0002076  80.5995 279.5374 13.21827047181602
ONEWEB-0586             
1 54653U 22166M   26244.50215877  .00000041  00000+0  68836-4 0  9992
2 54653  87.9243 228.8009 0002188  93.1909 266.9475 13.21824202181607
ONEWEB-0587             
1 54654U 22166N   26244.43657787  .00000022  00000+0  22136-4 0  9997
2 54654  87.9252 228.7949 0002040  76.1957 283.9404 13.21825430181752
ONEWEB-0589             
1 54655U 22166P   26244.49881389 -.00000008  00000+0 -51608-4 0  9993
2 54655  87.9239 228.7852 0002273 108.1604 251.9777 13.21825642181623
ONEWEB-0590             
1 54656U 22166Q   26244.44821031 -.00000028  00000+0 -98926-4 0  9993
2 54656  87.9254 228.7933 0001668  88.7314 271.4011 13.21825744181608
ONEWEB-0591             
1 54657U 22166R   26244.46012724  .00000004  00000+0 -21312-4 0  9995
2 54657  87.9241 228.7985 0002040  87.1693 272.9674 13.21826154181630
ONEWEB-0592             
1 54658U 22166S   26244.46347747 -.00000012  00000+0 -60409-4 0  9992
2 54658  87.9251 228.7829 0002115  85.9965 274.1411 13.21827615181513
ONEWEB-0593             
1 54659U 22166T   26244.48535098  .00000052  00000+0  93943-4 0  9994
2 54659  87.9245 228.7862 0002204  88.1636 271.9750 13.21825390181624
ONEWEB-0594             
1 54660U 22166U   26244.42983926 -.00000023  00000+0 -87427-4 0  9997
2 54660  87.9240 228.8107 0002150  81.2961 278.8417 13.21827092181637
ONEWEB-0595             
1 54661U 22166V   26244.48199074 -.00000021  00000+0 -83555-4 0  9993
2 54661  87.9251 228.7876 0001982  80.6874 279.4484 13.21825595181615
ONEWEB-0596             
1 54662U 22166W   26244.45675531  .00000048  00000+0  84128-4 0  9992
2 54662  87.9240 228.7998 0002093  83.9295 276.2078 13.21826897181616
ONEWEB-0597             
1 54663U 22166X   26244.43826177  .00000034  00000+0  50427-4 0  9995
2 54663  87.9240 228.8046 0002106  88.3160 271.8216 13.21826330181614
ONEWEB-0600             
1 54664U 22166Y   26244.49544853  .00000002  00000+0 -25814-4 0  9998
2 54664  87.9246 228.7852 0002303  85.8646 274.2752 13.21825438181592
ONEWEB-0601             
1 54665U 22166Z   26244.48703090 -.00000019  00000+0 -77453-4 0  9993
2 54665  87.9240 228.8021 0002187  92.8632 267.2752 13.21824875181786
ONEWEB-0602             
1 54666U 22166AA  26244.45254895  .00000022  00000+0  22111-4 0  9998
2 54666  87.9241 228.8144 0002348  85.9122 274.2280 13.21827280181620
ONEWEB-0603             
1 54667U 22166AB  26244.45842786  .00000104  00000+0  21954-3 0  9995
2 54667  87.9252 228.7781 0002167  87.2445 272.8936 13.21827459181553
ONEWEB-0604             
1 54668U 22166AC  26244.44667043  .00000087  00000+0  17985-3 0  9995
2 54668  87.9242 228.7962 0002131  83.6954 276.4422 13.21826635181511
ONEWEB-0605             
1 54669U 22166AD  26244.43991968  .00000047  00000+0  81256-4 0  9990
2 54669  87.9243 228.8050 0001814 102.0275 258.1062 13.21827762181587
ONEWEB-0606             
1 54670U 22166AE  26244.46180468  .00000068  00000+0  13192-3 0  9996
2 54670  87.9242 228.8126 0002149  81.7321 278.4057 13.21824952181643
ONEWEB-0607             
1 54671U 22166AF  26244.42814383  .00000005  00000+0 -20223-4 0  9999
2 54671  87.9248 228.7950 0002088  87.7178 272.4195 13.21825653181615
ONEWEB-0608             
1 54672U 22166AG  26244.43489250  .00000061  00000+0  11609-3 0  9990
2 54672  87.9253 228.7933 0002110 101.2512 258.8860 13.21826647181625
ONEWEB-0610             
1 54673U 22166AH  26244.49040218 -.00000011  00000+0 -59161-4 0  9997
2 54673  87.9241 228.7886 0002407  99.5514 260.5892 13.21825864181535
ONEWEB-0611             
1 54674U 22166AJ  26244.48366764 -.00000047  00000+0 -14450-3 0  9994
2 54674  87.9246 228.7869 0002055  82.2413 277.8954 13.21826342181529
ONEWEB-0612             
1 54675U 22166AK  26244.42143206 -.00000067  00000+0 -19314-3 0  9999
2 54675  87.9249 228.8008 0002143  90.8679 269.2700 13.21825424181508
ONEWEB-0615             
1 54676U 22166AL  26244.47692265 -.00000006  00000+0 -45774-4 0  9992
2 54676  87.9243 228.7986 0002215  79.4795 280.6588 13.21827956181524
ONEWEB-0655             
1 54677U 22166AM  26244.45340191  .00000006  00000+0 -16807-4 0  9993
2 54677  87.9241 228.8033 0002332  87.2917 272.8484 13.21826369181514
ONEWEB-0659             
1 54678U 22166AN  26244.47021754  .00000015  00000+0  44274-5 0  9996
2 54678  87.9241 228.7992 0002043  85.2542 274.8825 13.21827207181602
ONEWEB-0685             
1 54679U 22166AP  26244.42720136 -.00000004  00000+0 -39672-4 0  9997
2 54679  87.9238 228.7777 0001771 102.1608 257.9725 13.23186718181494
ONEWEB-0712             
1 54680U 22166AQ  26244.43696126  .00000106  00000+0  24247-3 0  9993
2 54680  87.9120 213.6306 0002581  83.1866 276.9559 13.16594882182091
ONEWEB-0714             
1 54681U 22166AR  26244.39956699  .00000014  00000+0  25448-5 0  9997
2 54681  87.9246 228.8042 0002375  83.6076 276.5329 13.21825826181603
ONEWEB-0532             
1 55140U 23004A   26244.34836451  .00000169  00000+0  40143-3 0  9996
2 55140  87.9200 350.7327 0001551 104.5460 255.5844 13.17650614177611
ONEWEB-0533             
1 55141U 23004B   26244.54211234  .00000340  00000+0  90955-3 0  9992
2 55141  87.8997 335.5080 0001928 107.0671 253.0669 13.12447625178071
ONEWEB-0541             
1 55142U 23004C   26244.32648201  .00000561  00000+0  15473-2 0  9993
2 55142  87.8961   5.9180 0001635  95.8306 264.3008 13.11416515175922
ONEWEB-0543             
1 55143U 23004D   26244.49564975 -.00000002  00000+0 -36765-4 0  9998
2 55143  87.9185 320.3053 0002172  95.1830 264.9550 13.18685273179756
ONEWEB-0544             
1 55144U 23004E   26244.26126852  .00000102  00000+0  22697-3 0  9999
2 55144  87.9185 320.3514 0001953  92.9621 267.1734 13.18686347179727
ONEWEB-0560             
1 55145U 23004F   26244.25452915  .00000005  00000+0 -21218-4 0  9993
2 55145  87.9186 320.3422 0002049  91.7793 268.3573 13.18685632179732
ONEWEB-0565             
1 55146U 23004G   26244.47540024  .00000027  00000+0  36963-4 0  9993
2 55146  87.9175 320.3195 0001622  91.6706 268.4612 13.18687089179752
ONEWEB-0567             
1 55147U 23004H   26244.46867095  .00000107  00000+0  23872-3 0  9996
2 55147  87.9185 320.3117 0001761  90.8876 269.2458 13.18686300179753
ONEWEB-0569             
1 55148U 23004J   26244.41424977 -.00000124  00000+0 -37468-3 0  9997
2 55148  87.8955 305.0629 0002159  73.4043 286.7323 13.13468882180183
ONEWEB-0570             
1 55149U 23004K   26244.61199343 -.00000027  00000+0 -10247-3 0  9994
2 55149  87.9188 320.2803 0001646 111.1841 248.9467 13.18686081179761
ONEWEB-0571             
1 55150U 23004L   26244.60524458 -.00000046  00000+0 -14871-3 0  9992
2 55150  87.9186 320.2812 0001574  61.5932 298.5359 13.18685289179771
ONEWEB-0572             
1 55151U 23004M   26244.53144643  .00000116  00000+0  26690-3 0  9997
2 55151  87.9203 350.6984 0001717  97.9797 262.1529 13.17650578177530
ONEWEB-0573             
1 55152U 23004N   26244.21912300  .00000022  00000+0  24174-4 0  9998
2 55152  87.9187 320.3604 0001447  75.5024 284.6268 13.18686838179710
ONEWEB-0588             
1 55153U 23004P   26244.21237000  .00000142  00000+0  32812-3 0  9996
2 55153  87.9185 320.3603 0001478 104.4673 255.6624 13.18685972179716
ONEWEB-0598             
1 55154U 23004Q   26244.60963255 -.00000254  00000+0 -75195-3 0  9995
2 55154  87.8956   5.8674 0001694  75.6343 284.4973 13.11418441175911
ONEWEB-0599             
1 55155U 23004R   26244.34076505  .00000027  00000+0  37121-4 0  9994
2 55155  87.9202 350.7348 0002004  95.2666 264.8695 13.17649996177517
ONEWEB-0614             
1 55156U 23004S   26244.60451891 -.00000346  00000+0 -10115-2 0  9997
2 55156  87.8951   5.8747 0001618 112.8053 247.3246 13.11416741175852
ONEWEB-0616             
1 55157U 23004T   26244.53482052  .00000026  00000+0  33209-4 0  9997
2 55157  87.9203 350.7012 0002679  90.9919 269.1520 13.17650340177755
ONEWEB-0617             
1 55158U 23004U   26244.36377718 -.00000482  00000+0 -13957-2 0  9995
2 55158  87.8957   5.9186 0001495 110.4993 249.6296 13.11416276175840
ONEWEB-0618             
1 55159U 23004V   26244.22703505  .00003338  00000+0  18280-3 0  9994
2 55159  86.9110 146.7605 0013284  23.0252 337.1581 15.13799127193762
ONEWEB-0619             
1 55160U 23004W   26244.56688390  .00000136  00000+0  31677-3 0  9995
2 55160  87.9211 350.6819 0002124 108.8919 251.2443 13.17650276177659
ONEWEB-0620             
1 55161U 23004X   26244.35868919 -.00000325  00000+0 -95182-3 0  9993
2 55161  87.8948   5.9228 0001570  92.2496 267.8812 13.11415226175817
ONEWEB-0621             
1 55162U 23004Y   26244.38581578  .00000074  00000+0  17415-3 0  9992
2 55162  87.8959   5.9131 0001757 106.8363 253.2957 13.11420567175795
ONEWEB-0622             
1 55163U 23004Z   26244.39091034  .00000211  00000+0  56065-3 0  9994
2 55163  87.8951   5.9148 0001116 123.2325 236.8910 13.11418793175789
ONEWEB-0623             
1 55164U 23004AA  26244.56179879  .00000071  00000+0  14920-3 0  9996
2 55164  87.9199 350.7038 0001858 124.6995 235.4311 13.17650893177647
ONEWEB-0624             
1 55165U 23004AB  26244.48005985  .00000445  00000+0  11919-2 0  9993
2 55165  87.8999 335.4230 0001772 103.7438 256.3888 13.12930313178087
ONEWEB-0625             
1 55166U 23004AC  26244.32388165  .00000060  00000+0  12242-3 0  9995
2 55166  87.9204 350.7491 0002040  99.6973 260.4389 13.17650598177601
ONEWEB-0626             
1 55167U 23004AD  26244.54156538  .00000076  00000+0  16342-3 0  9999
2 55167  87.9204 350.7047 0001782  89.3100 270.8235 13.17648185177636
ONEWEB-0627             
1 55168U 23004AE  26244.52976673  .00000104  00000+0  23396-3 0  9997
2 55168  87.9205 350.7080 0001801 115.5808 244.5510 13.17649181177635
ONEWEB-0628             
1 55169U 23004AF  26244.48972483  .00000203  00000+0  52930-3 0  9994
2 55169  87.9001 335.5037 0001982 119.5053 240.6274 13.12443745178042
ONEWEB-0629             
1 55170U 23004AG  26244.58121672  .00000033  00000+0  51789-4 0  9996
2 55170  87.9200 350.6931 0002099 105.3180 254.8183 13.17648543177649
ONEWEB-0631             
1 55171U 23004AH  26244.28150534 -.00000064  00000+0 -19450-3 0  9997
2 55171  87.9194 320.3204 0001422  92.9913 267.1382 13.18685314179708
ONEWEB-0709             
1 55172U 23004AJ  26244.34851676  .00000125  00000+0  31598-3 0  9993
2 55172  87.8947   5.9278 0001661  69.4795 290.6511 13.11414123175851
ONEWEB-0710             
1 55173U 23004AK  26244.29183212  .00000128  00000+0  29626-3 0  9994
2 55173  87.9203 350.7460 0001719 104.6227 255.5095 13.17649431177608
ONEWEB-0711             
1 55174U 23004AL  26244.62488394  .00000358  00000+0  97544-3 0  9990
2 55174  87.8956   5.8627 0001491 122.6205 237.5067 13.11417950175856
ONEWEB-0713             
1 55175U 23004AM  26244.64353480  .00000529  00000+0  14559-2 0  9994
2 55175  87.8953   5.8615 0001588 110.9839 249.1459 13.11415106175845
ONEWEB-0715             
1 55176U 23004AN  26244.33326618  .00000615  00000+0  16984-2 0  9994
2 55176  87.8953   5.9227 0001366  81.6719 278.4564 13.11415652175849
ONEWEB-0716             
1 55177U 23004AP  26244.58882793  .00000121  00000+0  27791-3 0  9994
2 55177  87.9200 350.6901 0002069  97.4573 262.6794 13.17649428177645
ONEWEB-0717             
1 55178U 23004AQ  26244.34413732  .00000116  00000+0  26685-3 0  9997
2 55178  87.9201 350.7331 0001432 113.4560 246.6722 13.17650747177664
ONEWEB-0719             
1 55179U 23004AR  26244.35426151  .00000098  00000+0  21967-3 0  9995
2 55179  87.9211 350.7115 0002039 101.7370 258.3991 13.17649908177619
ONEWEB-0530             
1 55796U 23029A   26244.45277824 -.00000012  00000+0 -62153-4 0  9990
2 55796  87.9123 259.2516 0001893 104.5838 255.5506 13.20772256171219
ONEWEB-0534             
1 55797U 23029B   26244.51675777 -.00000010  00000+0 -55841-4 0  9991
2 55797  87.9127 259.2410 0002091  89.5170 270.6203 13.20771940171221
ONEWEB-0556             
1 55798U 23029C   26244.44773479  .00000017  00000+0  86612-5 0  9998
2 55798  87.9124 259.2526 0002784 101.8258 258.3188 13.20770895171213
ONEWEB-0562             
1 55799U 23029D   26244.51001968 -.00000037  00000+0 -12333-3 0  9995
2 55799  87.9136 259.2256 0002309 112.4751 247.6627 13.20771150171221
ONEWEB-0563             
1 55800U 23029E   26244.50495864 -.00000058  00000+0 -17430-3 0  9995
2 55800  87.9126 259.2529 0002161  86.5781 273.5600 13.20773679171212
ONEWEB-0564             
1 55801U 23029F   26244.49823674 -.00000024  00000+0 -92021-4 0  9991
2 55801  87.9135 259.2302 0002049 103.1482 256.9880 13.20771020171225
ONEWEB-0638             
1 55802U 23029G   26244.12990922 -.00000019  00000+0 -86925-4 0  9993
2 55802  87.8899 274.6043 0002378 103.8326 256.3068 13.14543336169379
ONEWEB-0639             
1 55803U 23029H   26244.53107134  .00000037  00000+0  59709-4 0  9992
2 55803  87.9130 289.7705 0002848  75.4913 284.6536 13.19725683168970
ONEWEB-0640             
1 55804U 23029J   26244.51897273 -.00003091  00000+0 -83607-2 0  9998
2 55804  87.8939 274.5156 0002680 111.1390 249.0027 13.14618650169443
ONEWEB-0641             
1 55805U 23029K   26244.52632745 -.00000013  00000+0 -64535-4 0  9993
2 55805  87.9137 289.7659 0002135  93.8931 266.2446 13.19724791168986
ONEWEB-0642             
1 55806U 23029L   26244.59740609 -.00000048  00000+0 -15292-3 0  9993
2 55806  87.9132 289.7585 0002296  72.6308 287.5075 13.19724947168988
ONEWEB-0643             
1 55807U 23029M   26244.49019526 -.00000190  00000+0 -54774-3 0  9996
2 55807  87.8898 274.5109 0001988  73.3336 286.8012 13.14508691169410
ONEWEB-0644             
1 55808U 23029N   26244.59266373 -.00000061  00000+0 -18422-3 0  9999
2 55808  87.9130 289.7598 0002047  86.3289 273.8078 13.19724459168985
ONEWEB-0645             
1 55809U 23029P   26244.15987617  .00000136  00000+0  30728-3 0  9997
2 55809  87.9133 289.8438 0002425  89.8613 270.2798 13.19724721168928
ONEWEB-0646             
1 55810U 23029Q   26244.55633590  .00000001  00000+0 -29440-4 0  9993
2 55810  87.9132 289.7651 0002038  86.7649 273.3717 13.19725602168968
ONEWEB-0648             
1 55811U 23029R   26244.45806636  .00000138  00000+0  33775-3 0  9991
2 55811  87.8911 274.4985 0002700  81.1692 278.9743 13.14551855169410
ONEWEB-0649             
1 55812U 23029S   26244.12668677 -.00001807  00000+0 -45448-2 0  9992
2 55812  87.9133 289.8482 0002335  89.1603 270.9797 13.19740505168949
ONEWEB-0650             
1 55813U 23029T   26244.50104836 -.00000024  00000+0 -91374-4 0  9998
2 55813  87.9132 289.7762 0002211  79.8786 280.2596 13.19726508168960
ONEWEB-0652             
1 55814U 23029U   26244.51556163 -.00000481  00000+0 -13309-2 0  9991
2 55814  87.8908 274.4928 0001908  96.8254 263.3093 13.14508866169399
ONEWEB-0653             
1 55815U 23029V   26244.50032529  .00000385  00000+0  10042-2 0  9998
2 55815  87.8906 274.4947 0002073  94.2426 265.8941 13.14448117169421
ONEWEB-0654             
1 55816U 23029W   26244.49524390 -.00000227  00000+0 -64696-3 0  9991
2 55816  87.8907 274.4920 0001924 103.8073 256.3272 13.14474776169447
ONEWEB-0656             
1 55817U 23029X   26244.49148875 -.00000015  00000+0 -69392-4 0  9996
2 55817  87.9136 259.2141 0001845 103.7258 256.4081 13.20773145171222
ONEWEB-0657             
1 55818U 23029Y   26244.57213135 -.00000009  00000+0 -54550-4 0  9991
2 55818  87.9132 289.7613 0001355 111.2282 248.8995 13.19724963168988
ONEWEB-0658             
1 55819U 23029Z   26244.56739472  .00000037  00000+0  59186-4 0  9997
2 55819  87.9140 289.7444 0002053  83.3935 276.7431 13.19724911168999
ONEWEB-0660             
1 55820U 23029AA  26244.54938137  .00000140  00000+0  34444-3 0  9990
2 55820  87.8915 274.4800 0002278  92.0016 268.1374 13.14453585169435
ONEWEB-0661             
1 55821U 23029AB  26244.50711486 -.00000166  00000+0 -48160-3 0  9993
2 55821  87.8901 274.5203 0002239  95.5903 264.5482 13.14562804169412
ONEWEB-0662             
1 55822U 23029AC  26244.46649705  .00000133  00000+0  32485-3 0  9998
2 55822  87.8902 274.5347 0002310  92.1134 268.0260 13.14499286169452
ONEWEB-0663             
1 55823U 23029AD  26244.44365488 -.00000055  00000+0 -16786-3 0  9991
2 55823  87.9137 259.2930 0002354  83.8790 276.2611 13.20873857171210
ONEWEB-0664             
1 55824U 23029AE  26244.47802033 -.00000019  00000+0 -78936-4 0  9993
2 55824  87.9125 259.2601 0002354  96.7895 263.3506 13.20758223171211
ONEWEB-0665             
1 55825U 23029AF  26244.35232431 -.00000172  00000+0 -49984-3 0  9990
2 55825  87.8910 274.5336 0002238  89.9246 270.2140 13.14496761169412
ONEWEB-0666             
1 55826U 23029AG  26244.47130290  .00000006  00000+0 -18382-4 0  9998
2 55826  87.9126 259.2510 0001290  93.2647 266.8634 13.20771480171229
ONEWEB-0667             
1 55827U 23029AH  26244.46625594  .00000009  00000+0 -86406-5 0  9990
2 55827  87.9137 259.2212 0002160  90.9157 269.2224 13.20771573171212
ONEWEB-0669             
1 55828U 23029AJ  26244.46120285  .00000073  00000+0  14681-3 0  9992
2 55828  87.9134 259.2292 0002053 106.7587 253.3772 13.20772116171218
ONEWEB-0670             
1 55829U 23029AK  26244.55950305  .00002303  00000+0  61834-2 0  9996
2 55829  87.8899 274.5079 0002313  98.1720 261.9673 13.14409632169463
ONEWEB-0671             
1 55830U 23029AL  26244.56264061  .00000014  00000+0  37785-5 0  9994
2 55830  87.9129 289.7638 0002169  93.7939 266.3442 13.19726639168975
ONEWEB-0672             
1 55831U 23029AM  26244.45613177  .00000064  00000+0  12574-3 0  9991
2 55831  87.9132 259.2238 0001784  95.6467 264.4870 13.20769715171216
ONEWEB-0673             
1 55832U 23029AN  26244.16066187  .00000060  00000+0  11804-3 0  9994
2 55832  87.9136 289.8403 0002142  95.5085 264.6292 13.19724742168921
ONEWEB-0674             
1 55833U 23029AP  26244.52573387 -.00001384  00000+0 -37643-2 0  9990
2 55833  87.8902 274.4943 0001976 102.8285 257.3066 13.14592881169447
ONEWEB-0675             
1 55834U 23029AQ  26244.55476297  .00000049  00000+0  89478-4 0  9996
2 55834  87.9132 289.7672 0001838  90.3394 269.7949 13.19723223168998
ONEWEB-0720             
1 55835U 23029AR  26244.54686286  .00000057  00000+0  11074-3 0  9992
2 55835  87.9130 289.7689 0002175  88.5109 271.6273 13.19724830168912
ONEWEB-0537             
1 56046U 23043A   26244.41952850 -.00000135  00000+0 -38781-3 0  9995
2 56046  87.9120 213.6303 0001889  82.8014 277.3332 13.16594952168992
ONEWEB-0538             
1 56047U 23043B   26244.41320431 -.00000047  00000+0 -15558-3 0  9999
2 56047  87.9120 213.6348 0001994  75.4740 284.6612 13.16593269169008
ONEWEB-0546             
1 56048U 23043C   26244.47655065 -.00000025  00000+0 -98557-4 0  9997
2 56048  87.9119 213.6217 0001428  90.3734 269.7560 13.16594866169003
ONEWEB-0547             
1 56049U 23043D   26244.47442068 -.00000013  00000+0 -62404-4 0  9994
2 56049  87.9247 228.7881 0002147  81.1834 278.9543 13.21826498168308
ONEWEB-0548             
1 56050U 23043E   26244.42507858  .00000019  00000+0  16576-4 0  9993
2 56050  87.9118 213.6270 0002340  92.6866 267.4533 13.16594691168997
ONEWEB-0549             
1 56051U 23043F   26244.46853183 -.00000027  00000+0 -96611-4 0  9992
2 56051  87.9243 228.7913 0001984  76.2865 283.8490 13.21827394168302
ONEWEB-0550             
1 56052U 23043G   26244.45508276  .00000024  00000+0  27052-4 0  9990
2 56052  87.9246 228.7937 0002309  88.4480 271.6919 13.21825559168304
ONEWEB-0551             
1 56053U 23043H   26244.44073828  .00000086  00000+0  19534-3 0  9993
2 56053  87.8955 244.0209 0002037  78.4041 281.7318 13.15549952166423
ONEWEB-0552             
1 56054U 23043J   26244.45003427  .00000074  00000+0  14805-3 0  9996
2 56054  87.9241 228.7977 0002309  83.1004 277.0393 13.21825338168300
ONEWEB-0553             
1 56055U 23043K   26244.40688434  .00000093  00000+0  21095-3 0  9999
2 56055  87.9122 213.6355 0001794  91.4957 268.6379 13.16582937169005
ONEWEB-0554             
1 56056U 23043L   26244.47019824 -.00000037  00000+0 -13143-3 0  9993
2 56056  87.9122 213.6312 0002393  93.5763 266.5641 13.16592463168994
ONEWEB-0555             
1 56057U 23043M   26244.43220161  .00000022  00000+0  24030-4 0  9998
2 56057  87.9119 213.6285 0001614  91.9575 268.1741 13.16593181168995
ONEWEB-0557             
1 56058U 23043N   26244.44646089  .00000101  00000+0  23025-3 0  9991
2 56058  87.9122 213.6355 0002308 116.7946 243.3421 13.16594534168990
ONEWEB-0558             
1 56059U 23043P   26244.44329962  .00000093  00000+0  19414-3 0  9997
2 56059  87.9243 228.7956 0001930  77.3522 282.7828 13.21825117168315
ONEWEB-0559             
1 56060U 23043Q   26244.43153238 -.00000003  00000+0 -39158-4 0  9990
2 56060  87.9246 228.7948 0002164  80.1295 280.0083 13.21825868168328
ONEWEB-0566             
1 56061U 23043R   26244.50049851 -.00000008  00000+0 -50763-4 0  9994
2 56061  87.9247 228.7794 0002215  77.4695 282.6687 13.21826071168313
ONEWEB-0568             
1 56062U 23043S   26244.46387662  .00000000  00000+0 -32777-4 0  9991
2 56062  87.9121 213.6207 0001838  85.1853 274.9488 13.16594362169019
ONEWEB-0574             
1 56063U 23043T   26244.49376766 -.00000024  00000+0 -89779-4 0  9999
2 56063  87.9248 228.7859 0002149  90.3964 269.7416 13.21825732168350
ONEWEB-0575             
1 56064U 23043U   26244.45754879  .00000045  00000+0  83581-4 0  9997
2 56064  87.9121 213.6183 0002053  93.8658 266.2708 13.16593949169001
ONEWEB-0576             
1 56065U 23043V   26244.43855048  .00000120  00000+0  28130-3 0  9998
2 56065  87.9119 213.6316 0002071  88.8848 271.2520 13.16594238168999
ONEWEB-0577             
1 56066U 23043W   26244.44488670  .00000067  00000+0  14142-3 0  9991
2 56066  87.9122 213.6280 0002385 102.0495 258.0904 13.16594117169029
ONEWEB-0578             
1 56067U 23043X   26244.48030704 -.00000013  00000+0 -63952-4 0  9994
2 56067  87.9245 228.7845 0001805  90.9054 269.2287 13.21825421168312
ONEWEB-0579             
1 56068U 23043Y   26244.47188584 -.00000021  00000+0 -82311-4 0  9993
2 56068  87.9250 228.7871 0002329  82.5040 277.6358 13.21824230168322
ONEWEB-0581             
1 56069U 23043Z   26244.45121913  .00000041  00000+0  72441-4 0  9998
2 56069  87.9114 213.6334 0002336  95.2101 264.9296 13.16593704168992
ONEWEB-0609             
1 56070U 23043AA  26244.46687022  .00000083  00000+0  18672-3 0  9990
2 56070  87.8958 243.9995 0001945  87.3044 272.8309 13.15551260166464
ONEWEB-0613             
1 56071U 23043AB  26244.46449454  .00000115  00000+0  27040-3 0  9991
2 56071  87.8958 244.0130 0002188  81.8719 278.2659 13.15549645166468
ONEWEB-0630             
1 56072U 23043AC  26244.23158945  .00000101  00000+0  23362-3 0  9997
2 56072  87.8965 244.0362 0002197  84.1283 276.0098 13.15548453166421
ONEWEB-0632             
1 56073U 23043AD  26244.45500775  .00000161  00000+0  39427-3 0  9999
2 56073  87.8961 244.0057 0002123  92.9935 267.1439 13.15549078166456
ONEWEB-0633             
1 56074U 23043AE  26244.44865843  .00000166  00000+0  40687-3 0  9994
2 56074  87.8968 243.9887 0002134  77.3677 282.7692 13.15548032166436
ONEWEB-0634             
1 56075U 23043AF  26244.43439239  .00000046  00000+0  88092-4 0  9990
2 56075  87.8959 244.0258 0001698  87.3920 272.7405 13.15549312166429
ONEWEB-0635             
1 56076U 23043AG  26244.42963357 -.00000015  00000+0 -72764-4 0  9990
2 56076  87.8964 243.9955 0002181  95.4508 264.6871 13.15549941166456
ONEWEB-0636             
1 56077U 23043AH  26244.49776965 -.00000138  00000+0 -40127-3 0  9998
2 56077  87.8966 243.9862 0002117  93.6173 266.5200 13.15550462166449
ONEWEB-0637             
1 56078U 23043AJ  26244.49143907 -.00000103  00000+0 -30689-3 0  9997
2 56078  87.8959 243.9990 0001887  95.4251 264.7094 13.15547347166465
ONEWEB-0647             
1 56079U 23043AK  26244.48669114 -.00000131  00000+0 -38160-3 0  9993
2 56079  87.8959 244.0124 0002181  91.5193 268.6187 13.15549938166450
ONEWEB-0651             
1 56080U 23043AL  26244.55797759 -.00000008  00000+0 -56502-4 0  9994
2 56080  87.8959 243.9910 0002040  95.4273 264.7090 13.15550588167666
ONEWEB-0718             
1 56081U 23043AM  26244.47718495 -.00000097  00000+0 -29084-3 0  9998
2 56081  87.8968 243.9913 0001624  79.4551 280.6762 13.15548667166463
ONEWEB-0561             
1 56710U 23068A   26244.33323377 -.00000030  00000+0 -10512-3 0  9993
2 56710  87.9135 259.2573 0002321  95.1577 264.9821 13.20772883159557
ONEWEB-0668             
1 56711U 23068B   26244.42588028  .00000053  00000+0  10503-3 0  9993
2 56711  87.9118 213.6305 0001550  84.8263 275.3045 13.16591830161818
ONEWEB-0676             
1 56712U 23068C   26244.43380658  .00000100  00000+0  22777-3 0  9993
2 56712  87.9123 213.6357 0002206  91.7848 268.3535 13.16594532161736
ONEWEB-0677             
1 56713U 23068D   26244.47298086  .00000014  00000+0  26195-5 0  9995
2 56713  87.9136 259.2203 0001914 102.1156 258.0192 13.20770939159870
ONEWEB-0678             
1 56714U 23068E   26244.44547694  .00000209  00000+0  52013-3 0  9997
2 56714  87.8968 243.9937 0002262  85.4085 274.7304 13.15550704159317
ONEWEB-0679             
1 56715U 23068F   26244.46862024 -.00000040  00000+0 -13884-3 0  9995
2 56715  87.9121 213.6193 0001772  96.2752 263.8581 13.16593165161761
ONEWEB-0680             
1 56716U 23068G   26244.47358224 -.00000031  00000+0 -10752-3 0  9990
2 56716  87.9251 228.7883 0001594  93.8769 266.2547 13.21825389161178
ONEWEB-0681             
1 56717U 23068H   26244.46471140  .00000012  00000+0 -34625-5 0  9998
2 56717  87.9249 228.7940 0002689 103.4671 256.6762 13.21299888161166
ONEWEB-0682             
1 56718U 23068J   26244.46924684  .00000031  00000+0  48052-4 0  9993
2 56718  87.8968 243.9879 0001579  96.3115 263.8195 13.15547135159480
ONEWEB-0683             
1 56719U 23068K   26244.49301896 -.00000142  00000+0 -41191-3 0  9992
2 56719  87.8969 243.9852 0001787  87.5979 272.5355 13.15547836159454
ONEWEB-0684             
1 56720U 23068L   26244.50096128 -.00000100  00000+0 -30053-3 0  9994
2 56720  87.8964 243.9718 0002881  64.0421 296.1006 13.15548177159285
ONEWEB-0686             
1 56721U 23068M   26244.42903640  .00000045  00000+0  85187-4 0  9997
2 56721  87.9110 213.6439 0001936  74.5082 285.6263 13.16592645161745
ONEWEB-0694             
1 56722U 23068N   26244.43538815  .00000129  00000+0  30510-3 0  9999
2 56722  87.9123 213.6204 0001635  86.4144 273.7174 13.16592063161807
ONEWEB-0696             
1 56723U 23068P   26244.45817629  .00000088  00000+0  19981-3 0  9998
2 56723  87.8960 244.0133 0002504  84.9223 275.2194 13.15548319159396
ONEWEB-0703             
1 56724U 23068Q   26244.46766596  .00000064  00000+0  13553-3 0  9999
2 56724  87.8969 243.9935 0002912  89.3494 270.7970 13.15547347159286
ONEWEB-0721             
1 56725U 23068R   26244.47985232  .00000004  00000+0 -24773-4 0  9993
2 56725  86.6718  61.1402 0001711  90.9751 269.1579 13.22473901168026
ONEWEB-0015             
1 61594U 24188A   26244.60624039 -.00000395  00000+0 -11512-2 0  9996
2 61594  87.8947   5.8901 0001888 115.8069 244.3254 13.11418181 94475
ONEWEB-0687             
1 61595U 24188B   26244.54663491 -.00000004  00000+0 -43948-4 0  9992
2 61595  87.9198 350.7034 0001520 113.9180 246.2111 13.17649625 95952
ONEWEB-0688             
1 61596U 24188C   26244.34750476  .00000078  00000+0  16779-3 0  9991
2 61596  87.9196 350.7431 0002446 132.2499 227.8841 13.17649531 95925
ONEWEB-0689             
1 61597U 24188D   26244.33497242  .00000664  00000+0  18362-2 0  9990
2 61597  87.8958   5.9108 0001473  98.6903 261.4392 13.11416336 94434
ONEWEB-0690             
1 61598U 24188E   26244.34513919  .00000217  00000+0  57602-3 0  9997
2 61598  87.8954   5.9190 0002408  95.5832 264.5571 13.11416325 94619
ONEWEB-0691             
1 61599U 24188F   26244.34004558  .00000459  00000+0  12606-2 0  9994
2 61599  87.8969   5.8362 0001745 112.1433 247.9881 13.11414343 94462
ONEWEB-0692             
1 61600U 24188G   26244.58927853 -.00000326  00000+0 -95531-3 0  9999
2 61600  87.8947   5.8854 0001520  73.9102 286.2194 13.11416086 94486
ONEWEB-0693             
1 61601U 24188H   26244.35932908  .00000087  00000+0  19083-3 0  9992
2 61601  87.9191 350.7564 0002673 100.2873 259.8560 13.17649987 95914
ONEWEB-0695             
1 61602U 24188J   26244.33666944  .00000578  00000+0  15951-2 0  9999
2 61602  87.8949   5.9272 0001357  88.2212 271.9072 13.11416287 94449
ONEWEB-0697             
1 61603U 24188K   26244.36886815 -.00000466  00000+0 -13503-2 0  9993
2 61603  87.8953   5.9130 0001620  74.5777 285.5530 13.11417285 94433
ONEWEB-0698             
1 61604U 24188L   26244.57572705  .00000792  00000+0  21984-2 0  9999
2 61604  87.8948   5.8841 0002484  75.0265 285.1137 13.11412683 94484
ONEWEB-0699             
1 61605U 24188M   26244.42001640 -.00000442  00000+0 -13034-2 0  9990
2 61605  87.8881  21.0812 0001733  74.6498 285.4820 13.10374655 93293
ONEWEB-0700             
1 61606U 24188N   26244.42171799 -.00000378  00000+0 -11179-2 0  9990
2 61606  87.8894  21.0020 0001714  78.7942 281.3378 13.10375686 93284
ONEWEB-0701             
1 61607U 24188P   26244.43872988  .00000441  00000+0  12271-2 0  9993
2 61607  87.8883  21.0793 0001751  71.5911 288.5406 13.10377871 93298
ONEWEB-0702             
1 61608U 24188Q   26244.39260642  .00000312  00000+0  84336-3 0  9996
2 61608  87.8968   5.8403 0001404  64.8559 295.2714 13.11420159 94476
ONEWEB-0704             
1 61609U 24188R   26244.42682553 -.00000109  00000+0 -34767-3 0  9999
2 61609  87.8885  21.0729 0001278  60.3146 299.8108 13.10376068 93270
ONEWEB-0705             
1 61610U 24188S   26244.43191655  .00000251  00000+0  68315-3 0  9992
2 61610  87.8887  21.0776 0000752  90.4557 269.6657 13.10376548 85449
ONEWEB-0706             
1 61611U 24188T   26244.64570749 -.00000551  00000+0 -16141-2 0  9995
2 61611  87.8881  21.0373 0001281  82.8101 277.3172 13.10374587 93397
ONEWEB-0707             
1 61612U 24188U   26244.42342965 -.00000242  00000+0 -72914-3 0  9997
2 61612  87.8886  21.0783 0001318  81.0552 279.0724 13.10376430 93302
ONEWEB-0708             
1 61613U 24188V   26244.44210730  .00000608  00000+0  17040-2 0  9996
2 61613  87.8872  21.0869 0001328 112.0161 248.1108 13.10375545 93281
