ONEWEB-0012             
1 44057U 19010A   26207.08760780  .00000037  00000+0  63820-4 0  9996
2 44057  87.9074 221.0569 0001675  98.5245 261.6076 13.16594574356685
ONEWEB-0010             
1 44058U 19010B   26207.11296209  .00000033  00000+0  52260-4 0  9993
2 44058  87.9079 221.0484 0002373  95.0001 265.1401 13.16594322356733
ONEWEB-0008             
1 44059U 19010C   26207.06227883 -.00000023  00000+0 -92513-4 0  9996
2 44059  87.9077 221.0569 0002488  81.0978 279.0434 13.16583441356843
ONEWEB-0007             
1 44060U 19010D   26207.20434494  .00000061  00000+0  12866-3 0  9994
2 44060  87.8976 251.4459 0002096 104.8008 255.3355 13.15548761356507
ONEWEB-0006             
1 44061U 19010E   26207.13222972  .00000059  00000+0  12382-3 0  9993
2 44061  87.8985 251.4279 0002160  93.9279 266.2098 13.15547182356543
ONEWEB-0011             
1 44062U 19010F   26207.17660302  .00000045  00000+0  85412-4 0  9991
2 44062  87.8984 251.4295 0002181  92.0014 268.1366 13.15547214356546
ONEWEB-0013             
1 45131U 20008A   26207.06313217  .00000249  00000+0  68720-3 0  9994
2 45131  87.8497  44.9743 0000804  97.0139 263.1080 13.09464322311156
ONEWEB-0017             
1 45132U 20008B   26207.01843386  .00000243  00000+0  65986-3 0  9990
2 45132  87.8824  28.5282 0002031  90.6233 269.5127 13.10378527313039
ONEWEB-0020             
1 45133U 20008C   26207.21695862 -.00000420  00000+0 -12401-2 0  9999
2 45133  87.8823  28.4891 0001767  88.9928 271.1402 13.10370758313459
ONEWEB-0021             
1 45134U 20008D   26207.00315225 -.00000517  00000+0 -15181-2 0  9994
2 45134  87.8820  28.5455 0001780  93.3593 266.7738 13.10374503313732
ONEWEB-0023             
1 45136U 20008F   26207.01419993  .00000029  00000+0  46334-4 0  9996
2 45136  87.8831  28.5277 0001684  84.7599 275.3720 13.10375376313164
ONEWEB-0024             
1 45137U 20008G   26207.06267927 -.00000509  00000+0 -14935-2 0  9995
2 45137  87.8828  28.5126 0001836  91.3336 268.8002 13.10370679313336
ONEWEB-0025             
1 45138U 20008H   26207.21512010 -.00000389  00000+0 -11499-2 0  9997
2 45138  87.8827  28.4718 0002081  76.2558 283.8801 13.10370003313686
ONEWEB-0026             
1 45139U 20008J   26206.99374557  .00002935  00000+0  82455-2 0  9991
2 45139  87.8899  13.3413 0001704  94.8907 265.2416 13.11395575316193
ONEWEB-0028             
1 45140U 20008K   26207.19738739 -.00000221  00000+0 -65938-3 0  9998
2 45140  87.8896  13.3069 0001246  98.0526 262.0743 13.11562881313734
ONEWEB-0032             
1 45141U 20008L   26207.02028313  .00000371  00000+0  10266-2 0  9998
2 45141  87.8825  28.5303 0001308  86.7741 273.3536 13.10376436313382
ONEWEB-0033             
1 45142U 20008M   26207.07102742 -.00000597  00000+0 -17475-2 0  9994
2 45142  87.8815  28.5258 0002280  91.8192 268.3197 13.10372382313303
ONEWEB-0035             
1 45143U 20008N   26207.24423621  .00000001  00000+0 -32095-4 0  9992
2 45143  87.8823  28.4847 0001861  91.3129 268.8211 13.10374553313051
ONEWEB-0036             
1 45144U 20008P   26207.22191897 -.00000599  00000+0 -17512-2 0  9996
2 45144  87.8835  28.5085 0001606  87.3157 272.8154 13.10373902313477
ONEWEB-0038             
1 45145U 20008Q   26207.15653210  .00000339  00000+0  92156-3 0  9999
2 45145  87.8909  13.3228 0002692 131.1292 229.0068 13.11415893315438
ONEWEB-0039             
1 45146U 20008R   26206.99806530 -.00000568  00000+0 -16625-2 0  9998
2 45146  87.8822  28.5319 0001307  95.7830 264.3447 13.10373750313241
ONEWEB-0040             
1 45147U 20008S   26207.06763015 -.00000590  00000+0 -17258-2 0  9996
2 45147  87.8815  28.5283 0001671  79.6476 280.4840 13.10371016312951
ONEWEB-0043             
1 45149U 20008U   26207.22217361 -.00000605  00000+0 -17691-2 0  9992
2 45149  87.8821  28.4875 0001306  93.5789 266.5488 13.10371574313293
ONEWEB-0044             
1 45150U 20008V   26207.25089871  .00000396  00000+0  10983-2 0  9992
2 45150  87.8829  28.4837 0001667  88.2586 271.8733 13.10378534313595
ONEWEB-0045             
1 45151U 20008W   26207.22760392  .00000526  00000+0  14478-2 0  9992
2 45151  87.8900  13.2887 0001713  96.0887 264.0436 13.11416246315529
ONEWEB-0047             
1 45152U 20008X   26207.24397753  .00000076  00000+0  18023-3 0  9993
2 45152  87.8831  28.4843 0001964  93.8839 266.2513 13.10376308313311
ONEWEB-0048             
1 45153U 20008Y   26207.00995049 -.00000132  00000+0 -41462-3 0  9998
2 45153  87.8821  28.5485 0001747  94.1944 265.9383 13.10376970312892
ONEWEB-0049             
1 45154U 20008Z   26207.24227146 -.00000071  00000+0 -23960-3 0  9996
2 45154  87.8824  28.4910 0001629  76.7974 283.3335 13.10376076313143
ONEWEB-0051             
1 45155U 20008AA  26206.99701177  .00000489  00000+0  13438-2 0  9998
2 45155  87.8896  13.3398 0001811  92.6561 267.4774 13.11417036316177
ONEWEB-0052             
1 45156U 20008AB  26207.03385689  .00000666  00000+0  18723-2 0  9990
2 45156  87.8824  28.5211 0001566  79.4348 280.6955 13.10374199313024
ONEWEB-0053             
1 45157U 20008AC  26207.06593567 -.00000507  00000+0 -14883-2 0  9999
2 45157  87.8814  28.5339 0001304  86.5350 273.5927 13.10371069313008
ONEWEB-0054             
1 45158U 20008AD  26207.02521936  .00000561  00000+0  15694-2 0  9996
2 45158  87.8827  28.5280 0001795  87.1929 272.9404 13.10377245313118
ONEWEB-0056             
1 45159U 20008AE  26207.22529494 -.00000584  00000+0 -17099-2 0  9994
2 45159  87.8829  28.4821 0001936  82.9570 277.1777 13.10372436313299
ONEWEB-0057             
1 45160U 20008AF  26207.01348489  .00000013  00000+0  12238-5 0  9994
2 45160  87.8830  28.5353 0001293  81.2769 278.8505 13.10375980313432
ONEWEB-0058             
1 45161U 20008AG  26206.77083401 -.00000572  00000+0 -16756-2 0  9995
2 45161  87.8818  28.5869 0001970  95.9343 264.2009 13.10375637313474
ONEWEB-0059             
1 45162U 20008AH  26207.22558434 -.00000602  00000+0 -17619-2 0  9993
2 45162  87.8820  28.4962 0001535  94.4855 265.6448 13.10374607313434
ONEWEB-0062             
1 45163U 20008AJ  26207.02000698  .00000340  00000+0  93776-3 0  9992
2 45163  87.8831  28.5273 0002121  92.2416 267.8954 13.10375261313279
ONEWEB-0065             
1 45164U 20008AK  26207.20663864 -.00000020  00000+0 -92395-4 0  9997
2 45164  87.8820  28.4981 0001632  81.1230 279.0082 13.10368985312990
ONEWEB-0066             
1 45424U 20020A   26206.98173358  .00000415  00000+0  11360-2 0  9995
2 45424  87.8893  13.3454 0001807  96.8110 263.3224 13.11416138307769
ONEWEB-0067             
1 45425U 20020B   26207.01938665 -.00000448  00000+0 -13008-2 0  9990
2 45425  87.8914  13.2678 0001624  89.0959 271.0355 13.11423994307829
ONEWEB-0080             
1 45426U 20020C   26206.86660870 -.00000405  00000+0 -11791-2 0  9993
2 45426  87.8905  13.3693 0002105  96.3946 263.7422 13.11414472307778
ONEWEB-0090             
1 45427U 20020D   26206.89542001  .00000035  00000+0  63292-4 0  9994
2 45427  87.8908  13.3676 0001862  92.4383 267.6958 13.11419511307747
ONEWEB-0061             
1 45428U 20020E   26207.00365489  .00000274  00000+0  73792-3 0  9992
2 45428  87.8899  13.3297 0001826  93.6269 266.5067 13.11415882307715
ONEWEB-0081             
1 45429U 20020F   26207.21403989  .00000488  00000+0  13410-2 0  9991
2 45429  87.8899  13.2970 0001628  95.3225 264.8089 13.11418296307856
ONEWEB-0069             
1 45430U 20020G   26207.21585477  .00000471  00000+0  12942-2 0  9997
2 45430  87.8900  13.3003 0001669  97.7045 262.4272 13.11419998307780
ONEWEB-0031             
1 45431U 20020H   26207.02244316 -.00000426  00000+0 -12375-2 0  9993
2 45431  87.8888  13.3407 0001982  93.6832 266.4523 13.11417246307744
ONEWEB-0027             
1 45432U 20020J   26206.38098246  .00000049  00000+0  94295-4 0  9993
2 45432  87.9156 358.2688 0002165  90.0731 270.0649 13.17648836311381
ONEWEB-0064             
1 45433U 20020K   26207.17334097 -.00000374  00000+0 -10918-2 0  9990
2 45433  87.8894  13.3044 0001976  91.1485 268.9869 13.11415177307796
ONEWEB-0018             
1 45434U 20020L   26206.82393230  .00000210  00000+0  55549-3 0  9993
2 45434  87.8897  13.3734 0001823 104.9443 255.1887 13.11419050307695
ONEWEB-0083             
1 45435U 20020M   26206.89033147 -.00000204  00000+0 -61141-3 0  9999
2 45435  87.8904  13.3558 0001873  93.8861 266.2481 13.11418964307746
ONEWEB-0095             
1 45436U 20020N   26206.88185369 -.00000439  00000+0 -12738-2 0  9990
2 45436  87.8902  13.3662 0002000  73.1105 287.0243 13.11417424307743
ONEWEB-0092             
1 45437U 20020P   26206.98869778  .00000563  00000+0  15520-2 0  9993
2 45437  87.8901  13.3360 0001814  98.9795 261.1539 13.11417814307878
ONEWEB-0085             
1 45438U 20020Q   26206.89004987 -.00000123  00000+0 -38219-3 0  9992
2 45438  87.8899  13.3601 0001801  92.6283 267.5051 13.11419793307745
ONEWEB-0096             
1 45439U 20020R   26206.81559333  .00000012  00000+0 -24589-5 0  9998
2 45439  87.8902  13.3731 0002000  90.6051 269.5306 13.11418059307725
ONEWEB-0037             
1 45440U 20020S   26206.99354727 -.00013869  00000+0 -39165-1 0  9996
2 45440  87.8911  13.3116 0002779  71.0821 289.0608 13.11526174307781
ONEWEB-0042             
1 45441U 20020T   26206.88157381 -.00000450  00000+0 -13055-2 0  9995
2 45441  87.8901  13.3564 0001710  93.1171 267.0153 13.11418735307734
ONEWEB-0098             
1 45442U 20020U   26207.03007379 -.00000566  00000+0 -16319-2 0  9999
2 45442  87.8901  13.3357 0001900  93.8118 266.3227 13.11415642307732
ONEWEB-0055             
1 45443U 20020V   26207.00874870  .00000100  00000+0  24725-3 0  9998
2 45443  87.8902  13.3391 0001883  93.9294 266.2049 13.11415118307704
ONEWEB-0093             
1 45444U 20020W   26207.15267165  .00000505  00000+0  14010-2 0  9992
2 45444  87.8901  13.3090 0001528  97.2269 262.9032 13.10891598307787
ONEWEB-0029             
1 45445U 20020X   26207.16841008 -.00000075  00000+0 -24792-3 0  9991
2 45445  87.8891  13.3065 0001628  97.4023 262.7290 13.11413755307767
ONEWEB-0068             
1 45446U 20020Y   26206.98840360  .00000584  00000+0  16125-2 0  9994
2 45446  87.8904  13.3405 0001629  94.6374 265.4940 13.11416468307687
ONEWEB-0046             
1 45447U 20020Z   26207.20893882  .00000345  00000+0  93863-3 0  9998
2 45447  87.8895  13.2994 0001543  90.0997 270.0308 13.11419751307728
ONEWEB-0063             
1 45448U 20020AA  26207.00902394  .00000082  00000+0  19605-3 0  9996
2 45448  87.8902  13.3414 0001713  82.5529 277.5794 13.11414844307787
ONEWEB-0019             
1 45449U 20020AB  26207.20033470 -.00000015  00000+0 -77815-4 0  9995
2 45449  87.8898  13.2875 0002014  94.7527 265.3831 13.11419293307656
ONEWEB-0094             
1 45450U 20020AC  26206.85446194  .00000021  00000+0  19905-4 0  9999
2 45450  87.9164 358.1615 0001900 101.2749 258.8597 13.17649406311402
ONEWEB-0087             
1 45451U 20020AD  26207.17150379 -.00000253  00000+0 -74931-3 0  9991
2 45451  87.8908  13.2862 0001646 100.3303 259.8011 13.11415909307695
ONEWEB-0082             
1 45452U 20020AE  26206.40514249 -.00000276  00000+0 -81582-3 0  9992
2 45452  87.8900  13.4523 0001367 100.5378 259.5904 13.11416506307689
ONEWEB-0050             
1 45453U 20020AF  26207.08339589  .00001885  00000+0  19095-3 0  9995
2 45453  88.9278 227.9257 0003919 147.4010 212.7462 14.90499912346171
ONEWEB-0034             
1 45454U 20020AG  26206.90053194  .00000245  00000+0  65501-3 0  9993
2 45454  87.8905  13.3628 0001777  91.5088 268.6243 13.11419774307668
ONEWEB-0060             
1 45455U 20020AH  26207.00804091  .00000110  00000+0  27506-3 0  9990
2 45455  87.8895  13.3368 0001712 127.0337 233.0948 13.11414735307636
ONEWEB-0086             
1 45456U 20020AJ  26207.21559332  .00000490  00000+0  13478-2 0  9992
2 45456  87.8904  13.2937 0002198 111.4892 248.6471 13.11418632307724
ONEWEB-0088             
1 45457U 20020AK  26206.88848901 -.00000236  00000+0 -70300-3 0  9996
2 45457  87.8913  13.3342 0001475  82.7787 277.3508 13.11418871307619
ONEWEB-0102             
1 47258U 20100A   26206.70996274 -.00000370  00000+0 -10629-2 0  9990
2 47258  87.8977 343.0163 0002107 101.9659 258.1706 13.12443335269785
ONEWEB-0109             
1 47259U 20100B   26207.25209192 -.00000512  00000+0 -14587-2 0  9993
2 47259  87.8983 342.8953 0001974  95.6392 264.4962 13.12442669269683
ONEWEB-0110             
1 47260U 20100C   26207.27921431  .00000304  00000+0  80978-3 0  9999
2 47260  87.8987 342.8742 0001945 106.2755 253.8588 13.12444849269852
ONEWEB-0111             
1 47261U 20100D   26207.30970139  .00000007  00000+0 -16903-4 0  9992
2 47261  87.8983 342.8864 0001767 100.3758 259.7570 13.12442181269699
ONEWEB-0114             
1 47262U 20100E   26207.26395692 -.00000145  00000+0 -43791-3 0  9991
2 47262  87.8987 342.8945 0002041  93.9062 266.2300 13.12444609269641
ONEWEB-0117             
1 47263U 20100F   26207.25548626 -.00000369  00000+0 -10618-2 0  9997
2 47263  87.8983 342.8855 0001890  99.1325 261.0018 13.12443644269657
ONEWEB-0118             
1 47264U 20100G   26206.75572593  .00000409  00000+0  11020-2 0  9993
2 47264  87.8984 342.9874 0001795  88.7492 271.3842 13.12442107269780
ONEWEB-0119             
1 47265U 20100H   26207.31478800 -.00000148  00000+0 -44742-3 0  9993
2 47265  87.8973 342.8895 0001825  96.8920 263.2417 13.12441619269832
ONEWEB-0120             
1 47266U 20100J   26207.26240627 -.00000217  00000+0 -63946-3 0  9996
2 47266  87.8972 342.9015 0002023  94.4170 265.7189 13.12443976269852
ONEWEB-0121             
1 47267U 20100K   26207.25040236 -.00000418  00000+0 -11973-2 0  9995
2 47267  87.8985 342.8937 0001701 106.1739 253.9576 13.12443003269763
ONEWEB-0122             
1 47268U 20100L   26206.78705825 -.00000409  00000+0 -11737-2 0  9993
2 47268  87.8983 342.9907 0002025  98.6817 261.4541 13.12441564269612
ONEWEB-0123             
1 47269U 20100M   26207.24023731 -.00000184  00000+0 -54628-3 0  9992
2 47269  87.8973 342.9035 0001773  95.0924 265.0407 13.12442482269816
ONEWEB-0124             
1 47270U 20100N   26207.30631464  .00000106  00000+0  25990-3 0  9991
2 47270  87.8973 342.8930 0001744 100.2150 259.9175 13.12442423269706
ONEWEB-0125             
1 47271U 20100P   26207.13181552  .00000427  00000+0  11509-2 0  9997
2 47271  87.8986 342.9155 0001523  97.5249 262.6053 13.12444449269743
ONEWEB-0126             
1 47272U 20100Q   26207.22853568  .00000171  00000+0  44065-3 0  9991
2 47272  87.8976 342.9090 0001968  96.5111 263.6242 13.12442008269820
ONEWEB-0127             
1 47273U 20100R   26207.27073312  .00000046  00000+0  91334-4 0  9991
2 47273  87.8972 342.8979 0001961  95.4757 264.6595 13.12444754269854
ONEWEB-0128             
1 47274U 20100S   26206.83534038  .00000410  00000+0  11030-2 0  9998
2 47274  87.8973 342.9982 0001935 107.3287 252.8053 13.12443438269815
ONEWEB-0129             
1 47275U 20100T   26207.27243641  .00000129  00000+0  32310-3 0  9997
2 47275  87.8983 342.8891 0002798  83.0707 277.0740 13.12444095269801
ONEWEB-0130             
1 47276U 20100U   26207.07083159  .00000359  00000+0  96388-3 0  9992
2 47276  87.8984 342.9250 0001950  98.7600 261.3749 13.12442846269747
ONEWEB-0131             
1 47277U 20100V   26206.76250064  .00000305  00000+0  81298-3 0  9994
2 47277  87.8973 343.0001 0001936 103.2836 256.8509 13.12442080269742
ONEWEB-0132             
1 47278U 20100W   26206.33386105 -.00000372  00000+0 -10705-2 0  9994
2 47278  87.8974 343.0880 0001868  99.8416 260.2924 13.12443375269587
ONEWEB-0133             
1 47279U 20100X   26206.80807973 -.00000258  00000+0 -75208-3 0  9991
2 47279  87.8981 342.9738 0001860 101.4329 258.7009 13.12443673269803
ONEWEB-0134             
1 47280U 20100Y   26207.08268616 -.00000069  00000+0 -22851-3 0  9995
2 47280  87.8989 342.9169 0002094 100.0547 260.0818 13.12442319269819
ONEWEB-0135             
1 47281U 20100Z   26207.20635619  .00000342  00000+0  91551-3 0  9996
2 47281  87.8973 342.9102 0002084 103.4587 256.6774 13.12444343269855
ONEWEB-0136             
1 47282U 20100AA  26207.22499557  .00000341  00000+0  91322-3 0  9993
2 47282  87.8981 342.8909 0002158  99.5627 260.5746 13.12442276269789
ONEWEB-0137             
1 47283U 20100AB  26207.25886580 -.00000490  00000+0 -13968-2 0  9999
2 47283  87.8991 342.8964 0001706  94.3327 265.7997 13.12442856269699
ONEWEB-0138             
1 47284U 20100AC  26207.31309152 -.00000106  00000+0 -32944-3 0  9992
2 47284  87.8983 342.8893 0002067  97.4575 262.6788 13.12441983269786
ONEWEB-0139             
1 47285U 20100AD  26207.12519105  .00000280  00000+0  74381-3 0  9995
2 47285  87.8984 342.9128 0001908  97.1115 263.0231 13.12443572269830
ONEWEB-0140             
1 47286U 20100AE  26207.30800961  .00000045  00000+0  89452-4 0  9994
2 47286  87.8985 342.8681 0001826 103.7127 256.4205 13.12442117269821
ONEWEB-0141             
1 47287U 20100AF  26207.12489270  .00000255  00000+0  67290-3 0  9999
2 47287  87.8983 342.9089 0001714  89.6536 270.4789 13.12444879269780
ONEWEB-0142             
1 47288U 20100AG  26207.26578057 -.00000355  00000+0 -10229-2 0  9999
2 47288  87.8977 342.9002 0002026  86.2084 273.9276 13.12443603269791
ONEWEB-0143             
1 47289U 20100AH  26207.27581525  .00000196  00000+0  50861-3 0  9993
2 47289  87.8975 342.8980 0001848  97.1035 263.0303 13.12444895269775
ONEWEB-0144             
1 47290U 20100AJ  26207.24701705 -.00000358  00000+0 -10307-2 0  9998
2 47290  87.8988 342.8804 0002224  94.1693 265.9690 13.12442792269697
ONEWEB-0145             
1 47291U 20100AK  26206.76079777  .00000332  00000+0  88863-3 0  9995
2 47291  87.8977 343.0005 0001928  96.5708 263.5640 13.12442341269829
ONEWEB-0146             
1 47292U 20100AL  26206.75741048  .00000383  00000+0  10280-2 0  9995
2 47292  87.8985 342.9958 0001657 107.4745 252.6565 13.12442972269731
ONEWEB-0147             
1 47293U 20100AM  26207.25717334 -.00000378  00000+0 -10858-2 0  9990
2 47293  87.8986 342.8790 0001966 101.7159 258.4191 13.12444239269697
ONEWEB-0115             
1 48042U 21025A   26207.25484294 -.00000144  00000+0 -43059-3 0  9997
2 48042  87.8982 312.4514 0001948 102.2879 257.8468 13.13472783258726
ONEWEB-0152             
1 48043U 21025B   26207.26834779  .00000175  00000+0  44491-3 0  9999
2 48043  87.8986 312.4479 0001949 103.0412 257.0935 13.13468830258688
ONEWEB-0153             
1 48044U 21025C   26207.01781932 -.00000283  00000+0 -80888-3 0  9997
2 48044  87.8980 312.4971 0001989  97.6900 262.4455 13.13470335258640
ONEWEB-0154             
1 48045U 21025D   26207.01443161 -.00000301  00000+0 -86039-3 0  9992
2 48045  87.8990 312.4981 0002047 104.5218 255.6139 13.13470586258606
ONEWEB-0116             
1 48046U 21025E   26206.74866193  .00000327  00000+0  86124-3 0  9997
2 48046  87.8989 312.5483 0001880 103.6525 256.4813 13.13470493258715
ONEWEB-0150             
1 48047U 21025F   26207.25820744 -.00000098  00000+0 -30267-3 0  9991
2 48047  87.8992 312.4446 0001876  96.1580 263.9763 13.13470865258675
ONEWEB-0107             
1 48048U 21025G   26207.25988978 -.00000058  00000+0 -19293-3 0  9998
2 48048  87.8988 312.4397 0002064  95.7969 264.3396 13.13469120258659
ONEWEB-0101             
1 48049U 21025H   26207.29882476  .00000097  00000+0  23022-3 0  9995
2 48049  87.8981 312.4440 0002108  99.5828 260.5540 13.13471216258633
ONEWEB-0113             
1 48050U 21025J   26207.23448067 -.00000154  00000+0 -45384-3 0  9996
2 48050  87.8986 312.3631 0001833  96.9642 263.1696 13.13890804258730
ONEWEB-0112             
1 48051U 21025K   26207.26498131  .00000100  00000+0  23781-3 0  9993
2 48051  87.8989 312.4371 0002203  98.8012 261.3367 13.13470563258720
ONEWEB-0156             
1 48052U 21025L   26207.04490165  .00000287  00000+0  75056-3 0  9997
2 48052  87.8989 312.4904 0001960  96.7860 263.3492 13.13469665258676
ONEWEB-0161             
1 48053U 21025M   26206.71478854 -.00000618  00000+0 -17273-2 0  9998
2 48053  87.8989 312.5572 0002105  94.4196 265.7174 13.13470094258567
ONEWEB-0158             
1 48054U 21025N   26207.20742103  .00000363  00000+0  96039-3 0  9998
2 48054  87.8989 312.4567 0001967 109.1097 251.0245 13.13471888258750
ONEWEB-0157             
1 48055U 21025P   26207.23279512 -.00000139  00000+0 -41506-3 0  9993
2 48055  87.8987 312.4561 0002243  92.2509 267.8877 13.13471297258694
ONEWEB-0162             
1 48056U 21025Q   26207.20898995  .00000344  00000+0  90747-3 0  9990
2 48056  87.8985 312.4610 0001851  97.1171 263.0169 13.13469921258661
ONEWEB-0155             
1 48057U 21025R   26206.53027862  .00000108  00000+0  26155-3 0  9993
2 48057  87.8991 312.5930 0001984  97.1357 262.9997 13.13467949258719
ONEWEB-0149             
1 48058U 21025S   26207.23789255 -.00000244  00000+0 -70187-3 0  9990
2 48058  87.8989 312.4562 0001807  96.0655 264.0680 13.13469994258613
ONEWEB-0148             
1 48059U 21025T   26207.20065560  .00000355  00000+0  93662-3 0  9998
2 48059  87.8982 312.4682 0001671  82.9072 277.2247 13.13470254258735
ONEWEB-0160             
1 48060U 21025U   26207.21757769  .00000207  00000+0  53075-3 0  9990
2 48060  87.8983 312.4609 0001778 122.3980 237.7322 13.13469579258689
ONEWEB-0163             
1 48061U 21025V   26206.74528482  .00000321  00000+0  84447-3 0  9990
2 48061  87.8989 312.5522 0002160  94.2764 265.8612 13.13469820258744
ONEWEB-0159             
1 48062U 21025W   26207.27005808  .00000236  00000+0  61102-3 0  9990
2 48062  87.8990 312.4419 0002154  95.5485 264.5890 13.13470611258731
ONEWEB-0164             
1 48063U 21025X   26207.02289935 -.00000205  00000+0 -59537-3 0  9996
2 48063  87.8989 312.4974 0001947 102.4411 257.6937 13.13470591258688
ONEWEB-0167             
1 48064U 21025Y   26207.20319892  .00000339  00000+0  89198-3 0  9995
2 48064  87.8976 312.4673 0002657 101.5964 258.5464 13.13470885258695
ONEWEB-0166             
1 48065U 21025Z   26207.30222181  .00000043  00000+0  82478-4 0  9998
2 48065  87.8992 312.4234 0001935  98.0885 262.0464 13.13469751258787
ONEWEB-0151             
1 48066U 21025AA  26207.22772747 -.00000020  00000+0 -90411-4 0  9991
2 48066  87.8990 312.4528 0002171 101.7538 258.3835 13.13469746258719
ONEWEB-0170             
1 48067U 21025AB  26206.32206290 -.00000257  00000+0 -73934-3 0  9999
2 48067  87.8990 312.6349 0002112 115.1619 244.9729 13.13469642258557
ONEWEB-0168             
1 48068U 21025AC  26206.76390033 -.00000006  00000+0 -51143-4 0  9998
2 48068  87.8992 312.5484 0002050 100.3835 259.7526 13.13469054258620
ONEWEB-0173             
1 48069U 21025AD  26207.06014872  .00000259  00000+0  67377-3 0  9990
2 48069  87.8984 312.4889 0002315  95.7212 264.4181 13.13469613258902
ONEWEB-0171             
1 48070U 21025AE  26206.71649634 -.00000230  00000+0 -66444-3 0  9998
2 48070  87.8982 312.5643 0002036 101.7953 258.3404 13.13470440258675
ONEWEB-0172             
1 48071U 21025AF  26206.54381388 -.00000107  00000+0 -32848-3 0  9993
2 48071  87.8995 312.5918 0002148  99.8498 260.2873 13.13471361259542
ONEWEB-0174             
1 48072U 21025AG  26206.52521620  .00000292  00000+0  76508-3 0  9991
2 48072  87.8989 312.5939 0001933  95.6491 264.4858 13.13469924258862
ONEWEB-0175             
1 48073U 21025AH  26207.01274173 -.00000343  00000+0 -97497-3 0  9994
2 48073  87.8993 312.4826 0002206 106.1435 253.9937 13.13469806258581
ONEWEB-0177             
1 48074U 21025AJ  26207.02458934 -.00000166  00000+0 -48820-3 0  9994
2 48074  87.8987 312.4976 0002006  93.9006 266.2352 13.13470832258776
ONEWEB-0178             
1 48075U 21025AK  26207.27188332  .00000220  00000+0  56624-3 0  9994
2 48075  87.8978 312.4576 0002276 101.5477 258.5907 13.13471556258853
ONEWEB-0108             
1 48076U 21025AL  26207.30729766 -.00000064  00000+0 -20906-3 0  9993
2 48076  87.8994 312.4343 0001732 100.5120 259.6204 13.13469804258781
ONEWEB-0169             
1 48077U 21025AM  26207.26328694  .00000020  00000+0  20748-4 0  9999
2 48077  87.8988 312.4486 0001933  96.8744 263.2605 13.13470443257433
ONEWEB-0176             
1 48210U 21031A   26207.15129838 -.00000102  00000+0 -31032-3 0  9992
2 48210  87.8961 281.9361 0002148  98.6989 261.4385 13.14502950253436
ONEWEB-0184             
1 48211U 21031B   26207.20046208  .00000287  00000+0  73973-3 0  9990
2 48211  87.8969 281.9296 0002824 105.6693 254.4748 13.14503147253416
ONEWEB-0179             
1 48212U 21031C   26207.19336213  .00000292  00000+0  87817-4 0  9996
2 48212  87.8979 277.5858 0223009 129.7999 232.3064 14.25580306254602
ONEWEB-0180             
1 48213U 21031D   26207.20363113  .00000301  00000+0  77718-3 0  9997
2 48213  87.8971 281.9262 0002431  93.2461 266.8946 13.14503583253346
ONEWEB-0218             
1 48214U 21031E   26207.14970156 -.00000113  00000+0 -33807-3 0  9996
2 48214  87.8967 281.9354 0002974 100.5845 259.5620 13.14503596253492
ONEWEB-0209             
1 48215U 21031F   26207.13860968  .00000044  00000+0  85487-4 0  9998
2 48215  87.8960 281.9512 0002319  94.4349 265.7045 13.14503990253493
ONEWEB-0198             
1 48216U 21031G   26207.19901144  .00000247  00000+0  63062-3 0  9996
2 48216  87.8950 281.9355 0002485  94.2216 265.9198 13.14503816253615
ONEWEB-0189             
1 48217U 21031H   26207.21156365  .00000159  00000+0  39470-3 0  9995
2 48217  87.8962 281.9233 0002408  95.8634 264.2771 13.14502685253353
ONEWEB-0196             
1 48218U 21031J   26207.18936122  .00000158  00000+0  39040-3 0  9991
2 48218  87.8956 281.9363 0002164  96.1412 263.9964 13.14503162253359
ONEWEB-0183             
1 48219U 21031K   26207.16398494 -.00000242  00000+0 -68681-3 0  9993
2 48219  87.8958 281.9389 0001890  94.3721 265.7625 13.14502692253449
ONEWEB-0185             
1 48220U 21031L   26207.19014115  .00000138  00000+0  33756-3 0  9990
2 48220  87.8964 281.9299 0001972  86.5074 273.6281 13.14501834253378
ONEWEB-0187             
1 48221U 21031M   26207.17018015 -.00000070  00000+0 -22379-3 0  9998
2 48221  87.8959 281.9468 0002113  93.3221 266.8150 13.14503496253385
ONEWEB-0192             
1 48222U 21031N   26207.14019403  .00000069  00000+0  15218-3 0  9998
2 48222  87.8956 281.9424 0002169  98.7153 261.4222 13.14503813253293
ONEWEB-0219             
1 48223U 21031P   26207.19569224  .00000254  00000+0  65096-3 0  9990
2 48223  87.8968 281.9260 0002109  91.6296 268.5076 13.14501653253508
ONEWEB-0202             
1 48224U 21031Q   26207.17667673 -.00000017  00000+0 -79529-4 0  9992
2 48224  87.8960 281.9417 0002792  99.6406 260.5040 13.14503166253485
ONEWEB-0204             
1 48225U 21031R   26207.21075675  .00000178  00000+0  44523-3 0  9994
2 48225  87.8959 281.9282 0001663  94.4598 265.6722 13.14503830253385
ONEWEB-0205             
1 48226U 21031S   26207.18618363  .00000143  00000+0  35038-3 0  9991
2 48226  87.8962 281.9292 0002269  93.0391 267.0999 13.14503230253397
ONEWEB-0206             
1 48227U 21031T   26207.15922591 -.00000184  00000+0 -53172-3 0  9996
2 48227  87.8961 281.9345 0001956 102.1573 257.9776 13.14502500253347
ONEWEB-0182             
1 48228U 21031U   26207.15445095 -.00000153  00000+0 -44721-3 0  9992
2 48228  87.8959 281.9419 0001839  94.8006 265.3334 13.14501282253557
ONEWEB-0186             
1 48229U 21031V   26207.16556201 -.00000170  00000+0 -49241-3 0  9997
2 48229  87.8971 281.9347 0002194  96.1169 264.0211 13.14503805253500
ONEWEB-0181             
1 48230U 21031W   26207.14336233 -.00000062  00000+0 -20210-3 0  9993
2 48230  87.8957 281.9613 0002267  95.1434 264.9955 13.14501664253355
ONEWEB-0188             
1 48231U 21031X   26207.18142567  .00000070  00000+0  15433-3 0  9991
2 48231  87.8947 281.9528 0002048  96.3601 263.7762 13.14502957253265
ONEWEB-0220             
1 48232U 21031Y   26207.14498093 -.00000111  00000+0 -33358-3 0  9990
2 48232  87.8970 281.9393 0001994  90.0516 270.0842 13.14504607253520
ONEWEB-0165             
1 48233U 21031Z   26207.17348960 -.00000041  00000+0 -14587-3 0  9996
2 48233  87.8959 281.9437 0002417  95.8448 264.2958 13.14504243253489
ONEWEB-0199             
1 48234U 21031AA  26207.15764358 -.00000177  00000+0 -51240-3 0  9995
2 48234  87.8965 281.9349 0001888 101.6109 258.5233 13.14502563253384
ONEWEB-0203             
1 48235U 21031AB  26207.14813206 -.00000054  00000+0 -18148-3 0  9996
2 48235  87.8968 281.9394 0002200 102.6694 257.4682 13.14501608253393
ONEWEB-0197             
1 48236U 21031AC  26207.19872885  .00000211  00000+0  53419-3 0  9993
2 48236  87.8956 281.9124 0001826  90.9482 269.1857 13.14503280253313
ONEWEB-0194             
1 48237U 21031AD  26207.17823680  .00000006  00000+0 -18510-4 0  9998
2 48237  87.8960 281.9403 0002040 104.9154 255.2202 13.14504347253483
ONEWEB-0193             
1 48238U 21031AE  26207.19411860  .00000245  00000+0  62714-3 0  9992
2 48238  87.8953 281.9272 0002002 111.2056 248.9288 13.14502697253434
ONEWEB-0191             
1 48239U 21031AF  26207.20519583  .00000251  00000+0  64213-3 0  9999
2 48239  87.8981 281.9277 0001896  92.4892 267.6455 13.14501663253299
ONEWEB-0195             
1 48240U 21031AG  26207.18222526  .00000098  00000+0  22869-3 0  9996
2 48240  87.8963 281.9309 0002392  95.0074 265.1328 13.14505328253272
ONEWEB-0201             
1 48241U 21031AH  26207.17047572 -.00000958  00000+0 -26186-2 0  9994
2 48241  87.8956 281.9466 0001689  93.2843 266.8480 13.14493279253505
ONEWEB-0207             
1 48242U 21031AJ  26207.22661847 -.00000192  00000+0 -55224-3 0  9994
2 48242  87.8967 281.9237 0002073  91.0130 269.1237 13.14501129253428
ONEWEB-0208             
1 48243U 21031AK  26207.20838484  .00000204  00000+0  51457-3 0  9992
2 48243  87.8961 281.9314 0002414  97.7200 262.4204 13.14503124253437
ONEWEB-0200             
1 48244U 21031AL  26207.17191770 -.00000060  00000+0 -19510-3 0  9995
2 48244  87.8970 281.9289 0002097  95.9260 264.2109 13.14502977253352
ONEWEB-0217             
1 48245U 21031AM  26207.18776781  .00000159  00000+0  39431-3 0  9999
2 48245  87.8966 281.9294 0002408  96.7071 263.4333 13.14503661253305
ONEWEB-0211             
1 48767U 21045A   26207.18913946  .00000079  00000+0  17289-3 0  9997
2 48767  87.8977 251.3019 0002736  97.9059 262.2383 13.16197533249570
ONEWEB-0223             
1 48768U 21045B   26207.13462415  .00000047  00000+0  91800-4 0  9990
2 48768  87.8985 251.4317 0002406 101.4451 258.6950 13.15548534249527
ONEWEB-0230             
1 48769U 21045C   26207.18216154  .00000110  00000+0  25846-3 0  9990
2 48769  87.8973 251.4325 0001893  95.9960 264.1386 13.15549095249792
ONEWEB-0237             
1 48770U 21045D   26207.17104916 -.00001055  00000+0 -28375-2 0  9993
2 48770  87.8987 251.4377 0002247  89.1745 270.9643 13.15551519249511
ONEWEB-0235             
1 48771U 21045E   26207.14569673 -.00000061  00000+0 -19519-3 0  9993
2 48771  87.8982 251.4305 0002376 103.7417 256.3978 13.15546832249500
ONEWEB-0242             
1 48772U 21045F   26207.13937580 -.00000028  00000+0 -10758-3 0  9998
2 48772  87.8988 251.4299 0002005  99.7256 260.4101 13.15548968249543
ONEWEB-0241             
1 48773U 21045G   26207.12672677  .00000124  00000+0  29453-3 0  9998
2 48773  87.8979 251.4462 0002395  99.6747 260.4654 13.15550775249454
ONEWEB-0243             
1 48774U 21045H   26207.15836977 -.00000076  00000+0 -23471-3 0  9999
2 48774  87.8971 251.4523 0002123 111.0910 249.0447 13.15547155249489
ONEWEB-0222             
1 48775U 21045J   26207.14175744 -.00000015  00000+0 -73717-4 0  9999
2 48775  87.8981 251.4259 0002301  98.1251 262.0140 13.15547809249524
ONEWEB-0244             
1 48776U 21045K   26207.16790141 -.00000017  00000+0 -78696-4 0  9999
2 48776  87.8984 251.4179 0002125  99.4457 260.6914 13.15548650250097
ONEWEB-0247             
1 48777U 21045L   26207.16472033  .00000055  00000+0  11124-3 0  9999
2 48777  87.8971 251.4453 0002471 114.6345 245.5043 13.15547075249531
ONEWEB-0245             
1 48778U 21045M   26207.15995474  .00000005  00000+0 -21505-4 0  9999
2 48778  87.8981 251.4291 0002269  95.7982 264.3407 13.15549726249509
ONEWEB-0229             
1 48779U 21045N   26207.15522410 -.00000060  00000+0 -19390-3 0  9996
2 48779  87.8981 251.4277 0002037  99.4207 260.7154 13.15548556249530
ONEWEB-0228             
1 48780U 21045P   26207.18862458  .00000132  00000+0  31612-3 0  9999
2 48780  87.8989 251.4157 0002129  98.6774 261.4597 13.15549052249451
ONEWEB-0232             
1 48781U 21045Q   26207.16315335  .00000034  00000+0  56510-4 0  9991
2 48781  87.8983 251.4210 0002138  94.4411 265.6964 13.15548090249778
ONEWEB-0231             
1 48782U 21045R   26207.14096626  .00000031  00000+0  48759-4 0  9992
2 48782  87.8982 251.4365 0002282  99.3033 260.8356 13.15548241249469
ONEWEB-0234             
1 48783U 21045S   26207.17886057  .00000144  00000+0  34825-3 0  9994
2 48783  87.8983 251.4116 0002457  77.3395 282.8010 13.15547641249606
ONEWEB-0238             
1 48784U 21045T   26207.17910934 -.00001076  00000+0 -28912-2 0  9993
2 48784  87.8978 251.4077 0002293  87.9692 272.1701 13.15555701249506
ONEWEB-0240             
1 48785U 21045U   26207.20036714  .00000087  00000+0  19583-3 0  9997
2 48785  87.8989 251.4134 0002423  99.8975 260.2429 13.15549472249530
ONEWEB-0246             
1 48786U 21045V   26207.11878128 -.00000199  00000+0 -56261-3 0  9991
2 48786  87.8981 251.4327 0001806  93.6049 266.5288 13.15550179249397
ONEWEB-0210             
1 48787U 21045W   26207.16948455 -.00000028  00000+0 -10775-3 0  9999
2 48787  87.8983 251.4201 0002205 118.9549 241.1803 13.15548600249445
ONEWEB-0214             
1 48788U 21045X   26207.17819937  .00000122  00000+0  28937-3 0  9995
2 48788  87.8982 251.4153 0001799 103.6188 256.5143 13.15547415249415
ONEWEB-0221             
1 48789U 21045Y   26207.18533265  .00000158  00000+0  38438-3 0  9990
2 48789  87.8983 251.4222 0002200  99.5797 260.5582 13.15548711249503
ONEWEB-0213             
1 48790U 21045Z   26207.17423505  .00000062  00000+0  13083-3 0  9999
2 48790  87.8979 251.4274 0002173 103.0238 257.1135 13.15548979249565
ONEWEB-0212             
1 48791U 21045AA  26207.15125923 -.00000050  00000+0 -16622-3 0  9992
2 48791  87.8981 251.4262 0002080  94.9733 265.1635 13.15547756249556
ONEWEB-0227             
1 48792U 21045AB  26207.15045058 -.00000126  00000+0 -36748-3 0  9998
2 48792  87.8979 251.4264 0002135  97.2446 262.8927 13.15546549249506
ONEWEB-0226             
1 48793U 21045AC  26207.14413252 -.00000066  00000+0 -21063-3 0  9990
2 48793  87.8978 251.4316 0002147 103.5442 256.5927 13.15548490249477
ONEWEB-0224             
1 48794U 21045AD  26207.18374535  .00000072  00000+0  15834-3 0  9999
2 48794  87.8974 251.4562 0002862  87.7076 272.4382 13.15548911249400
ONEWEB-0233             
1 48795U 21045AE  26207.11229109  .00000217  00000+0  54303-3 0  9994
2 48795  87.8973 251.4772 0002319 100.2022 259.9370 13.15547366249413
ONEWEB-0190             
1 48796U 21045AF  26207.17581765  .00000144  00000+0  34840-3 0  9993
2 48796  87.8976 251.4291 0002513 109.4161 250.7242 13.15549068249490
ONEWEB-0236             
1 48797U 21045AG  26207.19325342  .00000103  00000+0  23891-3 0  9992
2 48797  87.8971 251.4325 0002086  93.0701 267.0668 13.15548376249389
ONEWEB-0248             
1 48798U 21045AH  26207.12985975  .00000032  00000+0  51079-4 0  9991
2 48798  87.8987 251.4332 0002516  99.7123 260.4292 13.15549819249534
ONEWEB-0225             
1 48799U 21045AJ  26207.15205805 -.00000058  00000+0 -18852-3 0  9993
2 48799  87.8977 251.4349 0002457 106.7965 253.3435 13.15548551249542
ONEWEB-0215             
1 48800U 21045AK  26207.19799187  .00000063  00000+0  13417-3 0  9997
2 48800  87.8985 251.4104 0002619 106.0268 254.1151 13.15549694249422
ONEWEB-0216             
1 48801U 21045AL  26207.13145773  .00000162  00000+0  39505-3 0  9994
2 48801  87.8989 251.4378 0001980  96.1444 263.9912 13.15548825249423
ONEWEB-0239             
1 48802U 21045AM  26207.13621637  .00000036  00000+0  61494-4 0  9996
2 48802  87.8983 251.4406 0002865 103.7011 256.4439 13.15547976249469
ONEWEB-0249             
1 48967U 21060A   26207.11532578  .00000070  00000+0  14934-3 0  9992
2 48967  87.9079 221.0446 0002177  92.6550 267.4831 13.16593446244732
ONEWEB-0250             
1 48968U 21060B   26207.32433666 -.00000074  00000+0 -19930-3 0  9991
2 48968  87.9080 218.6320 0002847  75.7379 284.4074 13.25835567245409
ONEWEB-0252             
1 48970U 21060D   26207.29820844  .00000874  00000+0  22533-2 0  9996
2 48970  87.9080 221.0008 0001931  98.4020 261.7330 13.16591073244808
ONEWEB-0253             
1 48971U 21060E   26207.13511128  .00000023  00000+0  26254-4 0  9994
2 48971  87.9080 221.0386 0002195  90.4757 269.6625 13.16596523244719
ONEWEB-0254             
1 48972U 21060F   26207.29662134 -.00000023  00000+0 -92575-4 0  9997
2 48972  87.9081 221.0048 0002400  93.9945 266.1460 13.16594499244733
ONEWEB-0255             
1 48973U 21060G   26207.10662923  .00000107  00000+0  24627-3 0  9997
2 48973  87.9073 221.0480 0002155  92.5057 267.6320 13.16594219244787
ONEWEB-0256             
1 48974U 21060H   26207.05675745  .00000005  00000+0 -19748-4 0  9995
2 48974  87.9076 221.0607 0001953  94.0214 266.1140 13.16595696244749
ONEWEB-0257             
1 48975U 21060J   26207.08921422 -.00000001  00000+0 -35013-4 0  9995
2 48975  87.9077 221.0431 0002084  95.5532 264.5837 13.16594064244700
ONEWEB-0258             
1 48976U 21060K   26207.09078111  .00000061  00000+0  12476-3 0  9996
2 48976  87.9075 221.0550 0002100  91.8654 268.2718 13.16592841244715
ONEWEB-0259             
1 48977U 21060L   26207.31245379  .00000015  00000+0  43837-5 0  9990
2 48977  87.9075 221.0094 0002251  91.3143 268.8246 13.16594433244771
ONEWEB-0260             
1 48978U 21060M   26207.30373187 -.00000006  00000+0 -50162-4 0  9999
2 48978  87.9072 221.0111 0001742  97.6179 262.5150 13.16593157244756
ONEWEB-0261             
1 48979U 21060N   26207.12167704  .00000003  00000+0 -25162-4 0  9994
2 48979  87.9077 221.0484 0002188  99.3597 260.7782 13.16594452244786
ONEWEB-0262             
1 48980U 21060P   26207.10187932  .00000051  00000+0  99256-4 0  9996
2 48980  87.9077 221.0394 0002316  90.7076 269.4320 13.16594445244740
ONEWEB-0263             
1 48981U 21060Q   26207.28553692  .00000010  00000+0 -71014-5 0  9995
2 48981  87.9081 221.0149 0002332  98.0276 262.1119 13.16594669244738
ONEWEB-0264             
1 48982U 21060R   26207.32274286  .00000041  00000+0  74646-4 0  9996
2 48982  87.9071 221.0087 0002024  97.6136 262.5224 13.16592952244742
ONEWEB-0266             
1 48984U 21060T   26207.11611006  .00000025  00000+0  32046-4 0  9990
2 48984  87.9080 221.0419 0002041  89.2848 270.8517 13.16593217244707
ONEWEB-0267             
1 48985U 21060U   26207.27920433  .00000187  00000+0  45528-3 0  9992
2 48985  87.9087 221.0067 0002192  97.4846 262.6534 13.16594159244737
ONEWEB-0268             
1 48986U 21060V   26207.32352282  .00000017  00000+0  11881-4 0  9998
2 48986  87.9074 221.0064 0001912  91.5446 268.5904 13.16593775245001
ONEWEB-0269             
1 48987U 21060W   26207.07654504 -.00000016  00000+0 -76522-4 0  9997
2 48987  87.9070 221.0554 0001897  89.2001 270.9347 13.16594435244747
ONEWEB-0270             
1 48988U 21060X   26207.32194400  .00000024  00000+0  30405-4 0  9997
2 48988  87.9076 221.0094 0002393  94.9682 265.1722 13.16592594244818
ONEWEB-0271             
1 48989U 21060Y   26207.30928669  .00000004  00000+0 -24305-4 0  9999
2 48989  87.9076 221.0008 0002236  96.8228 263.3157 13.16594949244815
ONEWEB-0272             
1 48990U 21060Z   26207.10344238  .00000100  00000+0  22732-3 0  9990
2 48990  87.9069 221.0517 0001855  98.6751 261.4590 13.16596281244733
ONEWEB-0273             
1 48991U 21060AA  26207.27760124  .00000047  00000+0  88929-4 0  9996
2 48991  87.9075 221.0183 0002179  93.0515 267.0865 13.16594536244735
ONEWEB-0274             
1 48992U 21060AB  26207.30292837 -.00000073  00000+0 -22583-3 0  9996
2 48992  87.9069 221.0122 0001811  97.9566 262.1771 13.16595720244775
ONEWEB-0275             
1 48993U 21060AC  26207.06385977 -.00000028  00000+0 -10807-3 0  9994
2 48993  87.9079 221.0529 0001282 105.9265 254.2007 13.16589183244675
ONEWEB-0276             
1 48994U 21060AD  26207.32512162  .00000056  00000+0  11354-3 0  9999
2 48994  87.9077 221.0000 0001946  95.1455 264.9898 13.16593927244729
ONEWEB-0277             
1 48995U 21060AE  26207.10978964  .00000093  00000+0  20841-3 0  9994
2 48995  87.9072 221.0495 0002201  95.8848 264.2534 13.16595950244684
ONEWEB-0278             
1 48996U 21060AF  26207.32828795  .00000121  00000+0  28361-3 0  9992
2 48996  87.9075 220.9987 0002099  86.1149 274.0222 13.16594598244842
ONEWEB-0279             
1 48997U 21060AG  26207.10821387  .00000070  00000+0  14909-3 0  9995
2 48997  87.9080 221.0407 0002115  99.7986 260.3384 13.16594731244741
ONEWEB-0280             
1 48998U 21060AH  26207.27523096  .00000074  00000+0  16059-3 0  9992
2 48998  87.9081 221.0115 0002389  88.8670 271.2735 13.16596119244700
ONEWEB-0281             
1 48999U 21060AJ  26207.12878310  .00000080  00000+0  17436-3 0  9996
2 48999  87.9084 221.0366 0001935  92.2407 267.8945 13.16593256244753
ONEWEB-0282             
1 49000U 21060AK  26207.08286827  .00000040  00000+0  71777-4 0  9996
2 49000  87.9074 221.0526 0002205  92.8696 267.2688 13.16595550244725
ONEWEB-0283             
1 49001U 21060AL  26207.07179384 -.00000034  00000+0 -12146-3 0  9994
2 49001  87.9074 221.0540 0002069  96.2113 263.9253 13.16594410244738
ONEWEB-0284             
1 49002U 21060AM  26207.29345593 -.00000027  00000+0 -10402-3 0  9991
2 49002  87.9080 221.0045 0002322  86.1324 274.0073 13.16594801244748
ONEWEB-0285             
1 49075U 21075A   26206.78873885 -.00000407  00000+0 -11679-2 0  9998
2 49075  87.8984 342.9900 0001637  93.1955 266.9361 13.12445994240277
ONEWEB-0286             
1 49076U 21075B   26207.30449180  .00000283  00000+0  75055-3 0  9994
2 49076  87.8973 342.9008 0001676  94.6227 265.5093 13.12441537239696
ONEWEB-0287             
1 49077U 21075C   26207.12191028  .00000075  00000+0  15909-3 0  9991
2 49077  87.9157 358.1215 0001598  82.4814 277.6499 13.17649390238753
ONEWEB-0288             
1 49078U 21075D   26207.28091044  .00000336  00000+0  89830-3 0  9990
2 49078  87.8984 342.8856 0001820  90.2528 269.8810 13.12443786240310
ONEWEB-0289             
1 49079U 21075E   26206.85697302  .00000048  00000+0  89194-4 0  9996
2 49079  87.9159 358.1931 0002232  92.5696 267.5691 13.17647751239299
ONEWEB-0290             
1 49080U 21075F   26206.75404035  .00000008  00000+0 -12230-4 0  9990
2 49080  87.9166 358.1867 0002335  92.4920 267.6479 13.17648018238695
ONEWEB-0291             
1 49081U 21075G   26207.11854600  .00000023  00000+0  24935-4 0  9990
2 49081  87.9159 358.1195 0001923  83.8701 276.2650 13.17650350238739
ONEWEB-0293             
1 49082U 21075H   26207.14384498  .00000030  00000+0  43436-4 0  9992
2 49082  87.9159 358.1170 0001995  92.4060 267.7300 13.17647879238768
ONEWEB-0294             
1 49083U 21075J   26207.13521064  .00000414  00000+0  11142-2 0  9997
2 49083  87.8985 342.9185 0002209  94.2658 265.8723 13.12443018239688
ONEWEB-0295             
1 49084U 21075K   26206.83924745 -.00000021  00000+0 -88292-4 0  9995
2 49084  87.9159 358.1811 0001778  84.9237 275.2097 13.17650183238683
ONEWEB-0296             
1 49085U 21075L   26207.11487515 -.00000129  00000+0 -39345-3 0  9990
2 49085  87.8977 342.9307 0001867  87.4655 272.6687 13.12443991239682
ONEWEB-0297             
1 49086U 21075M   26207.22160964  .00000429  00000+0  11563-2 0  9991
2 49086  87.8975 342.9157 0001790  95.1039 265.0294 13.12442760240305
ONEWEB-0298             
1 49087U 21075N   26207.14737256 -.00000066  00000+0 -20380-3 0  9994
2 49087  87.9156 358.1187 0001707  95.0152 265.1175 13.17649923238753
ONEWEB-0299             
1 49088U 21075P   26206.84517016  .00000043  00000+0  76826-4 0  9991
2 49088  87.9162 358.1624 0001772  89.7484 270.3850 13.17648560238694
ONEWEB-0300             
1 49089U 21075Q   26207.21398987  .00000471  00000+0  12728-2 0  9992
2 49089  87.8984 342.9009 0001514 104.0379 256.0918 13.12443741240320
ONEWEB-0301             
1 49090U 21075R   26207.12164950  .00000134  00000+0  33745-3 0  9994
2 49090  87.8984 342.9166 0001630 107.0096 253.1211 13.12444269239670
ONEWEB-0302             
1 49091U 21075S   26207.26058787 -.00000248  00000+0 -72415-3 0  9995
2 49091  87.8975 342.9008 0002097  90.7892 269.3477 13.12445251239671
ONEWEB-0304             
1 49092U 21075T   26207.12360672  .00000091  00000+0  20045-3 0  9996
2 49092  87.9161 358.1261 0001809  90.0338 270.1001 13.17647518238709
ONEWEB-0305             
1 49093U 21075U   26206.81310977  .00000039  00000+0  68045-4 0  9990
2 49093  87.9168 358.1751 0001665  83.1065 277.0256 13.17648303238690
ONEWEB-0308             
1 49094U 21075V   26206.33894581 -.00000281  00000+0 -81603-3 0  9991
2 49094  87.8985 343.0768 0001863  98.0409 262.0931 13.12444060239565
ONEWEB-0309             
1 49095U 21075W   26207.12021935  .00000056  00000+0  11071-3 0  9995
2 49095  87.9159 358.1191 0002259  88.1836 271.9554 13.17648565238707
ONEWEB-0310             
1 49096U 21075X   26207.26903457 -.00000018  00000+0 -86297-4 0  9992
2 49096  87.8977 342.9101 0001862  98.2089 261.9251 13.12445510240311
ONEWEB-0311             
1 49097U 21075Y   26206.74729594 -.00000015  00000+0 -72989-4 0  9993
2 49097  87.9158 358.1933 0001488  84.2715 275.8586 13.17648522238709
ONEWEB-0312             
1 49098U 21075Z   26207.14216723 -.00000074  00000+0 -22450-3 0  9996
2 49098  87.9157 358.1254 0001864  84.8271 275.3074 13.17648821238738
ONEWEB-0313             
1 49099U 21075AA  26207.14708282  .00000018  00000+0  12740-4 0  9991
2 49099  87.9155 358.1288 0001779  91.6636 268.4699 13.17647980238720
ONEWEB-0314             
1 49100U 21075AB  26207.26533939  .00000063  00000+0  12886-3 0  9992
2 49100  87.9170 358.0826 0001843  82.6667 277.4674 13.17648436238712
ONEWEB-0315             
1 49101U 21075AC  26207.31817295 -.00000262  00000+0 -76241-3 0  9997
2 49101  87.8983 342.8676 0001451  93.2954 266.8340 13.12441974240303
ONEWEB-0316             
1 49102U 21075AD  26207.31122148  .00000015  00000+0  45920-5 0  9990
2 49102  87.9201 327.6781 0001975  99.0691 261.0665 13.18686606242363
ONEWEB-0317             
1 49103U 21075AE  26207.32156073 -.00000334  00000+0 -96519-3 0  9990
2 49103  87.8978 342.8900 0002553 100.0918 260.0499 13.12442391240327
ONEWEB-0318             
1 49104U 21075AF  26207.08007951  .00000021  00000+0  20854-4 0  9995
2 49104  87.9205 327.7262 0001734  96.7464 263.3866 13.18687289242297
ONEWEB-0319             
1 49105U 21075AG  26206.82492011  .00000010  00000+0 -68980-5 0  9994
2 49105  87.9156 358.1828 0001317  89.0443 271.0839 13.17648263238691
ONEWEB-0323             
1 49106U 21075AH  26207.30293019  .00000256  00000+0  67701-3 0  9995
2 49106  87.8986 342.8762 0001379  86.6616 273.4671 13.12442757239687
ONEWEB-0329             
1 49107U 21075AJ  26207.13709372  .00000082  00000+0  17773-3 0  9992
2 49107  87.9160 358.1219 0001818  89.2751 270.8589 13.17648403238710
ONEWEB-0330             
1 49108U 21075AK  26206.83686560  .00000033  00000+0  50795-4 0  9990
2 49108  87.9161 358.1930 0001890  89.5469 270.5879 13.17647280238712
ONEWEB-0292             
1 49186U 21083A   26207.01612289 -.00000319  00000+0 -90742-3 0  9997
2 49186  87.8980 312.5122 0001805  99.7405 260.3928 13.13470530236024
ONEWEB-0303             
1 49187U 21083B   26207.30434668  .00000061  00000+0  12140-3 0  9991
2 49187  87.9214 327.6802 0001700  96.2903 263.8423 13.18684327235132
ONEWEB-0306             
1 49188U 21083C   26207.06660404  .00000047  00000+0  85692-4 0  9991
2 49188  87.9206 327.7166 0002172  99.0011 261.1367 13.18685458235148
ONEWEB-0307             
1 49189U 21083D   26207.23873516 -.00000224  00000+0 -64867-3 0  9990
2 49189  87.8984 312.4659 0001867  97.0711 263.0631 13.13469189236056
ONEWEB-0320             
1 49190U 21083E   26206.78331791 -.00000043  00000+0 -14220-3 0  9992
2 49190  87.9193 327.7869 0001964  99.9555 260.1799 13.18684575235064
ONEWEB-0321             
1 49191U 21083F   26207.14003420  .00000044  00000+0  77346-4 0  9997
2 49191  87.9174 266.6719 0002180 101.1349 259.0030 13.20770669241972
ONEWEB-0322             
1 49192U 21083G   26207.23450386 -.00000242  00000+0 -69752-3 0  9998
2 49192  87.8982 312.4667 0002292 108.9889 251.1489 13.13470594236048
ONEWEB-0324             
1 49193U 21083H   26206.75634490 -.00000012  00000+0 -62521-4 0  9998
2 49193  87.9207 327.7840 0002018  94.5845 265.5518 13.18686895235083
ONEWEB-0325             
1 49194U 21083J   26207.21496054  .00000075  00000+0  15659-3 0  9999
2 49194  87.9196 327.6972 0001840 100.7034 259.4305 13.18688167235156
ONEWEB-0326             
1 49195U 21083K   26207.30617478 -.00005977  00000+0 -15196-1 0  9997
2 49195  87.9203 327.6803 0001612  87.8438 272.2879 13.18716852235151
ONEWEB-0327             
1 49196U 21083L   26207.30589878  .00000032  00000+0  48663-4 0  9993
2 49196  87.9196 327.6814 0001522 104.4450 255.6851 13.18686602235171
ONEWEB-0328             
1 49197U 21083M   26207.30052954  .00000095  00000+0  22647-3 0  9996
2 49197  87.8993 312.4302 0002043  96.7174 263.4188 13.13469842236031
ONEWEB-0331             
1 49198U 21083N   26207.29928723  .00000067  00000+0  13694-3 0  9992
2 49198  87.9208 327.6756 0001577  93.9741 266.1572 13.18686282235167
ONEWEB-0333             
1 49199U 21083P   26207.29545222  .00000180  00000+0  45923-3 0  9998
2 49199  87.8982 312.4538 0001896 101.7621 258.3721 13.13469768236045
ONEWEB-0334             
1 49200U 21083Q   26207.15434659  .00000027  00000+0  34079-4 0  9998
2 49200  87.9176 266.6794 0002745 109.1261 251.0169 13.20769898241939
ONEWEB-0335             
1 49201U 21083R   26207.21420207  .00000317  00000+0  83348-3 0  9994
2 49201  87.8984 312.4673 0001813  98.1482 261.9853 13.13468955236047
ONEWEB-0336             
1 49202U 21083S   26207.26159531 -.00000082  00000+0 -25946-3 0  9990
2 49202  87.8977 312.4527 0001686  93.8969 266.2353 13.13470314236043
ONEWEB-0337             
1 49203U 21083T   26206.58602871  .00000275  00000+0  71761-3 0  9993
2 49203  87.8981 312.5926 0001967  94.4495 265.6859 13.13469514235959
ONEWEB-0338             
1 49204U 21083U   26207.20736828  .00000079  00000+0  16284-3 0  9995
2 49204  87.9172 266.6702 0002233 103.8749 256.2633 13.20771432241965
ONEWEB-0339             
1 49205U 21083V   26207.20404345  .00000315  00000+0  82749-3 0  9994
2 49205  87.8986 312.4638 0002148 100.5111 259.6260 13.13470605236011
ONEWEB-0340             
1 49206U 21083W   26206.60290845  .00000070  00000+0  14474-3 0  9994
2 49206  87.9202 327.8197 0001822  95.5618 264.5722 13.18685423235037
ONEWEB-0341             
1 49207U 21083X   26207.29253803  .00000079  00000+0  16768-3 0  9991
2 49207  87.9205 327.6840 0002120  86.8036 273.3339 13.18685015235144
ONEWEB-0342             
1 49208U 21083Y   26207.13833554  .00004042  00000+0  99081-2 0  9994
2 49208  87.9169 266.6744 0002263 101.8886 258.2501 13.20749771241927
ONEWEB-0343             
1 49209U 21083Z   26207.30096860  .00000045  00000+0  81045-4 0  9997
2 49209  87.9199 327.6807 0002288 102.0674 258.0715 13.18684476235198
ONEWEB-0344             
1 49210U 21083AA  26207.04659858  .00000304  00000+0  79623-3 0  9998
2 49210  87.8986 312.5072 0002084  87.7547 272.3821 13.13469916235992
ONEWEB-0345             
1 49211U 21083AB  26207.26667091  .00000131  00000+0  32401-3 0  9992
2 49211  87.8979 312.4484 0002100  91.4291 268.7079 13.13470763236030
ONEWEB-0346             
1 49212U 21083AC  26207.29759593  .00000054  00000+0  10508-3 0  9993
2 49212  87.9197 327.6803 0001315  90.2212 269.9071 13.18684991235134
ONEWEB-0348             
1 49213U 21083AD  26207.20399649  .00000116  00000+0  25452-3 0  9990
2 49213  87.9175 266.6661 0001860  83.5495 276.5850 13.20772952241963
ONEWEB-0350             
1 49214U 21083AE  26207.20924682  .00000342  00000+0  90158-3 0  9998
2 49214  87.8986 312.4649 0002204 129.6624 230.4700 13.13468829236052
ONEWEB-0351             
1 49215U 21083AF  26207.19713531  .00000060  00000+0  11658-3 0  9991
2 49215  87.9174 266.6663 0002701  95.5607 264.5834 13.20771437241921
ONEWEB-0352             
1 49216U 21083AG  26207.25651503 -.00000151  00000+0 -44888-3 0  9993
2 49216  87.8981 312.4594 0002368 102.3180 257.8214 13.13470250236159
ONEWEB-0354             
1 49217U 21083AH  26207.14844896  .00000028  00000+0  37700-4 0  9998
2 49217  87.9177 266.6747 0001953  84.5664 275.5692 13.20772004241956
ONEWEB-0355             
1 49218U 21083AJ  26207.20995307  .00000301  00000+0  78941-3 0  9995
2 49218  87.8986 312.4693 0002194  98.5473 261.5905 13.13468131236024
ONEWEB-0357             
1 49219U 21083AK  26207.14508616  .00000026  00000+0  31421-4 0  9999
2 49219  87.9172 266.6683 0002188  92.0731 268.0653 13.20773835241959
ONEWEB-0332             
1 49279U 21090A   26207.19093806  .00000209  00000+0  52994-3 0  9998
2 49279  87.8960 281.9389 0002342 108.4798 251.6586 13.14503893232703
ONEWEB-0347             
1 49280U 21090B   26207.21073845  .00000216  00000+0  50039-3 0  9990
2 49280  87.9171 266.6637 0002545 109.0537 251.0872 13.20770176236195
ONEWEB-0349             
1 49281U 21090C   26207.16696101  .00000095  00000+0  20188-3 0  9998
2 49281  87.9171 266.6723 0002042  97.7311 262.4054 13.20771996234970
ONEWEB-0353             
1 49282U 21090D   26207.18301624  .00000123  00000+0  29817-3 0  9994
2 49282  87.8960 281.9356 0002123 105.8539 254.2825 13.14503402232703
ONEWEB-0356             
1 49283U 21090E   26207.16528253  .00000051  00000+0  93638-4 0  9995
2 49283  87.9179 266.6672 0001276 109.4485 250.6787 13.20771544234975
ONEWEB-0358             
1 49284U 21090F   26207.20146959  .00000095  00000+0  20067-3 0  9993
2 49284  87.9172 266.6675 0001930  95.3631 264.7722 13.20770969235702
ONEWEB-0359             
1 49285U 21090G   26207.19221784  .00000102  00000+0  21917-3 0  9996
2 49285  87.9174 266.6616 0001981  89.6353 270.5008 13.20770974235688
ONEWEB-0360             
1 49286U 21090H   26207.18212636  .00000089  00000+0  18685-3 0  9994
2 49286  87.9175 266.6700 0002136  94.9237 265.2141 13.20772288234999
ONEWEB-0361             
1 49287U 21090J   26207.16359340  .00000023  00000+0  25203-4 0  9990
2 49287  87.9178 266.6724 0001933  93.9930 266.1424 13.20771197235445
ONEWEB-0362             
1 49288U 21090K   26207.22286694  .00000022  00000+0  23499-4 0  9993
2 49288  87.9180 297.2055 0002274  97.3153 262.8239 13.19723608232064
ONEWEB-0363             
1 49289U 21090L   26207.17874336  .00000124  00000+0  27204-3 0  9994
2 49289  87.9177 266.6694 0001739  98.2564 261.8767 13.20773066235457
ONEWEB-0364             
1 49290U 21090M   26207.14171373  .00000022  00000+0  22020-4 0  9993
2 49290  87.9169 266.6838 0002109  97.5781 262.5592 13.20771179236587
ONEWEB-0365             
1 49291U 21090N   26207.23234474 -.00000016  00000+0 -72830-4 0  9995
2 49291  87.9183 297.1946 0002101 100.5832 259.5537 13.19726785231577
ONEWEB-0366             
1 49292U 21090P   26207.17985287  .00000095  00000+0  22046-3 0  9992
2 49292  87.8959 281.9379 0002014  97.7071 262.4287 13.14502838232688
ONEWEB-0367             
1 49293U 21090Q   26207.17789227  .00000090  00000+0  18885-3 0  9990
2 49293  87.9177 266.6712 0002224  98.6834 261.4552 13.20770113234971
ONEWEB-0368             
1 49294U 21090R   26207.15181961 -.00000002  00000+0 -36525-4 0  9997
2 49294  87.9163 266.6820 0001980 117.5853 242.5482 13.20772652236128
ONEWEB-0369             
1 49295U 21090S   26207.15178885  .00000031  00000+0  45728-4 0  9994
2 49295  87.9180 297.2154 0002047 103.1338 257.0024 13.19726531231550
ONEWEB-0370             
1 49296U 21090T   26207.18716163 -.00000066  00000+0 -19503-3 0  9996
2 49296  87.9174 266.6679 0002411  91.8632 268.2777 13.20773623235011
ONEWEB-0371             
1 49297U 21090U   26207.23551159  .00000000  00000+0 -32741-4 0  9992
2 49297  87.9190 297.1941 0002143  99.9098 260.2277 13.19725766231609
ONEWEB-0372             
1 49298U 21090V   26207.17693215  .00000077  00000+0  15724-3 0  9990
2 49298  87.9175 266.6723 0002118  97.8824 262.2550 13.20770051234987
ONEWEB-0373             
1 49299U 21090W   26207.20231255  .00000083  00000+0  17341-3 0  9991
2 49299  87.9173 266.6664 0002010  95.1229 265.0134 13.20770635236171
ONEWEB-0374             
1 49300U 21090X   26207.16714649 -.00000114  00000+0 -34165-3 0  9992
2 49300  87.8963 281.9325 0001445  97.4719 262.6575 13.14503696232682
ONEWEB-0375             
1 49301U 21090Y   26207.19052926  .00000098  00000+0  20848-3 0  9991
2 49301  87.9172 266.6612 0001535  92.9058 267.2251 13.20770812235678
ONEWEB-0376             
1 49302U 21090Z   26207.23393007 -.00000063  00000+0 -18860-3 0  9990
2 49302  87.9187 297.1943 0002140 103.2670 256.8702 13.19724111231603
ONEWEB-0377             
1 49303U 21090AA  26207.17719403  .00000117  00000+0  25664-3 0  9994
2 49303  87.9174 266.6661 0001764  97.0197 263.1137 13.20770514235666
ONEWEB-0378             
1 49304U 21090AB  26207.19740770  .00000060  00000+0  11596-3 0  9994
2 49304  87.9169 266.6651 0001904  98.7727 261.3622 13.20772957234934
ONEWEB-0379             
1 49305U 21090AC  26207.16239997 -.00000199  00000+0 -57054-3 0  9990
2 49305  87.8958 281.9430 0001921  99.9736 260.1610 13.14502652232687
ONEWEB-0380             
1 49306U 21090AD  26207.23076397  .00000010  00000+0 -79409-5 0  9993
2 49306  87.9183 297.1973 0001902  95.0188 265.1162 13.19727338231576
ONEWEB-0381             
1 49307U 21090AE  26207.17369292  .00000011  00000+0 -45634-5 0  9990
2 49307  87.9176 266.6717 0001783  96.4014 263.7322 13.20770278234978
ONEWEB-0382             
1 49308U 21090AF  26207.16023021  .00000092  00000+0  19350-3 0  9999
2 49308  87.9179 266.6679 0001742  99.3515 260.7815 13.20772861234965
ONEWEB-0383             
1 49309U 21090AG  26207.15605270 -.00000170  00000+0 -49330-3 0  9991
2 49309  87.8962 281.9368 0001900 102.1854 257.9489 13.14503196232717
ONEWEB-0384             
1 49310U 21090AH  26207.14763056  .00000015  00000+0  45036-5 0  9996
2 49310  87.9178 266.7148 0001705 108.4331 251.6988 13.20815142234977
ONEWEB-0385             
1 49311U 21090AJ  26207.15349413 -.00000022  00000+0 -86332-4 0  9998
2 49311  87.9172 266.6745 0001869  98.4540 261.6805 13.20771663234940
ONEWEB-0386             
1 49312U 21090AK  26207.17032397  .00000770  00000+0  18622-2 0  9994
2 49312  87.9209 266.6659 0001806  92.7859 267.3481 13.20766227234962
ONEWEB-0387             
1 49313U 21090AL  26207.15517710 -.00000020  00000+0 -80122-4 0  9996
2 49313  87.9165 266.6836 0001850  90.4820 269.6526 13.20771248234967
ONEWEB-0388             
1 49314U 21090AM  26207.22603823  .00000025  00000+0  31179-4 0  9997
2 49314  87.9181 297.1966 0001885 101.4078 258.7267 13.19724278231568
ONEWEB-0389             
1 50469U 21132A   26206.85022292  .00000050  00000+0  95689-4 0  9994
2 50469  87.9155 358.1779 0001578  87.3647 272.7666 13.17647659223177
ONEWEB-0390             
1 50470U 21132B   26207.15565572  .00000053  00000+0  10390-3 0  9991
2 50470  87.9157 358.1183 0001993  89.5953 270.5407 13.17647599223212
ONEWEB-0391             
1 50471U 21132C   26206.85359738  .00000051  00000+0  97971-4 0  9992
2 50471  87.9155 358.1883 0001594  68.4989 291.6313 13.17647507223174
ONEWEB-0392             
1 50472U 21132D   26207.11178246  .00000008  00000+0 -12643-4 0  9992
2 50472  87.9166 358.1085 0001565  86.0990 274.0321 13.17648728223245
ONEWEB-0393             
1 50473U 21132E   26206.85952175  .00000053  00000+0  10398-3 0  9997
2 50473  87.9156 358.1722 0001677  91.3275 268.8048 13.17648003223201
ONEWEB-0394             
1 50474U 21132F   26206.79512935  .00000029  00000+0  41683-4 0  9992
2 50474  87.9205 327.7678 0001784 102.1939 257.9393 13.18686539226680
ONEWEB-0395             
1 50475U 21132G   26207.15468517  .00000420  00000+0  11489-2 0  9994
2 50475  87.8892  13.3073 0001858  84.9510 275.1830 13.11416846220826
ONEWEB-0396             
1 50476U 21132H   26207.31951907  .00000019  00000+0  15632-4 0  9993
2 50476  87.9209 327.6770 0001736  99.6113 260.5216 13.18686709226794
ONEWEB-0397             
1 50477U 21132J   26207.25881126  .00000092  00000+0  20084-3 0  9999
2 50477  87.9205 327.6889 0001677 103.7276 256.4043 13.18687595226766
ONEWEB-0398             
1 50478U 21132K   26206.81729071 -.00000023  00000+0 -10141-3 0  9990
2 50478  87.8903  13.3681 0002044  86.2091 273.9270 13.11419208220676
ONEWEB-0399             
1 50479U 21132L   26206.88001989 -.00000475  00000+0 -13763-2 0  9992
2 50479  87.8893  13.3666 0001345  87.5976 272.5306 13.11417806220674
ONEWEB-0400             
1 50480U 21132M   26207.23689892  .00000068  00000+0  13880-3 0  9996
2 50480  87.9203 327.6831 0001993  95.4495 264.6864 13.18686085226750
ONEWEB-0401             
1 50481U 21132N   26207.05479657 -.00000031  00000+0 -11149-3 0  9991
2 50481  87.9208 327.7169 0001890 107.1196 253.0144 13.18686592226730
ONEWEB-0402             
1 50482U 21132P   26207.32120565  .00000010  00000+0 -75677-5 0  9997
2 50482  87.9208 327.6525 0001883 114.8203 245.3126 13.18684609226799
ONEWEB-0403             
1 50483U 21132Q   26207.27062073 -.00001487  00000+0 -38054-2 0  9996
2 50483  87.9204 327.6871 0001707  97.7038 262.4288 13.18695113226746
ONEWEB-0404             
1 50484U 21132R   26207.01396531 -.00000217  00000+0 -64903-3 0  9991
2 50484  87.8899  13.3372 0001572  82.2603 277.8704 13.11414798220780
ONEWEB-0405             
1 50485U 21132S   26207.20823983  .00000082  00000+0  17568-3 0  9992
2 50485  87.9210 327.6850 0002281  92.6368 267.5026 13.18686127227135
ONEWEB-0406             
1 50486U 21132T   26207.27567174  .00000059  00000+0  11743-3 0  9990
2 50486  87.9204 327.6856 0001472  87.5011 272.6290 13.18687365226778
ONEWEB-0407             
1 50487U 21132U   26207.26893167  .00000115  00000+0  25942-3 0  9993
2 50487  87.9207 327.6805 0002071 102.8981 257.2383 13.18685134226717
ONEWEB-0409             
1 50488U 21132V   26207.01227161 -.00000064  00000+0 -21540-3 0  9997
2 50488  87.8900  13.3267 0001736  83.3164 276.8162 13.11415185220672
ONEWEB-0412             
1 50489U 21132W   26207.02949781  .00000026  00000+0  33112-4 0  9993
2 50489  87.9201 327.7354 0001832 109.6389 250.4941 13.18687375226774
ONEWEB-0413             
1 50490U 21132X   26207.26219030  .00000016  00000+0  69884-5 0  9993
2 50490  87.9201 327.6852 0001998 108.4701 251.6649 13.18685692226741
ONEWEB-0414             
1 50491U 21132Y   26206.71587161 -.00000006  00000+0 -49041-4 0  9999
2 50491  87.9207 327.7791 0001750 103.7101 256.4226 13.18687207226703
ONEWEB-0417             
1 50492U 21132Z   26207.02781714  .00000008  00000+0 -13602-4 0  9990
2 50492  87.9198 327.7337 0001759  93.3692 266.7641 13.18685375226728
ONEWEB-0418             
1 50493U 21132AA  26207.26542276  .00000073  00000+0  15132-3 0  9995
2 50493  87.9202 327.6879 0001735  92.5137 267.6194 13.18686677226813
ONEWEB-0419             
1 50494U 21132AB  26207.20873904  .00000089  00000+0  19400-3 0  9994
2 50494  87.9216 327.7018 0001969  91.4242 268.7115 13.18666486226720
ONEWEB-0420             
1 50495U 21132AC  26207.24870098  .00000060  00000+0  11920-3 0  9998
2 50495  87.9198 327.6920 0002111 103.6518 256.4850 13.18685152226724
ONEWEB-0421             
1 50496U 21132AD  26206.78670849  .00000000  00000+0 -33303-4 0  9994
2 50496  87.9205 327.7821 0001583 107.7683 252.3622 13.18686396226706
ONEWEB-0424             
1 50497U 21132AE  26207.05142073  .00000022  00000+0  22406-4 0  9994
2 50497  87.9203 327.7299 0002109  89.9827 270.1547 13.18686901226762
ONEWEB-0426             
1 50498U 21132AF  26206.78249027  .00001040  00000+0  26061-2 0  9991
2 50498  87.9205 327.7742 0001179  93.3966 266.7301 13.18680068226674
ONEWEB-0427             
1 50499U 21132AG  26206.59447598  .00000110  00000+0  24519-3 0  9998
2 50499  87.9209 327.8012 0001745  95.0674 265.0657 13.18687814226676
ONEWEB-0429             
1 50500U 21132AH  26207.26387346 -.00000011  00000+0 -61732-4 0  9991
2 50500  87.9199 327.6894 0002001 101.7844 258.3513 13.18685557226738
ONEWEB-0430             
1 50501U 21132AJ  26207.17619048  .00000045  00000+0  82208-4 0  9995
2 50501  87.9200 327.7055 0002188 103.3463 256.7913 13.18685247226768
ONEWEB-0432             
1 50502U 21132AK  26207.23507820  .00000039  00000+0  66696-4 0  9993
2 50502  87.9204 327.6808 0002287  93.3033 266.8361 13.18686853226728
ONEWEB-0440             
1 50503U 21132AL  26207.27230840  .00000103  00000+0  22856-3 0  9994
2 50503  87.9207 327.6852 0001906 108.9860 251.1479 13.18685712226729
ONEWEB-0450             
1 50504U 21132AM  26207.26569242  .00000037  00000+0  61270-4 0  9995
2 50504  87.9197 327.6874 0002076 102.2136 257.9229 13.18687907226752
ONEWEB-0410             
1 51622U 22012A   26206.86878631  .00000080  00000+0  17214-3 0  9991
2 51622  87.9170 358.1673 0001022  48.8013 311.3206 13.17647646218790
ONEWEB-0411             
1 51623U 22012B   26207.03201752  .00000679  00000+0  19078-2 0  9999
2 51623  87.8829  28.5269 0002367  90.9875 269.1524 13.10375807214370
ONEWEB-0415             
1 51624U 22012C   26207.25770638  .00000696  00000+0  19580-2 0  9995
2 51624  87.8825  28.4793 0002101  85.1024 275.0343 13.10374547214405
ONEWEB-0416             
1 51625U 22012D   26207.26957621  .00000642  00000+0  18021-2 0  9996
2 51625  87.8814  28.4931 0002074  81.0693 279.0669 13.10373931214449
ONEWEB-0422             
1 51626U 22012E   26206.65110416  .00000065  00000+0  13418-3 0  9997
2 51626  87.9165 358.2102 0002170 112.3931 247.7431 13.17648672218878
ONEWEB-0423             
1 51627U 22012F   26207.17590910  .00000022  00000+0  24696-4 0  9991
2 51627  87.9161 358.1096 0001703  93.4460 266.6866 13.17649028218837
ONEWEB-0425             
1 51628U 22012G   26207.20340336  .00000114  00000+0  29150-3 0  9992
2 51628  87.8814  28.4908 0001577  77.4933 282.6371 13.10372460214434
ONEWEB-0428             
1 51629U 22012H   26207.25938539  .00000688  00000+0  19350-2 0  9992
2 51629  87.8819  28.4857 0001793  89.5426 270.5907 13.10376725214400
ONEWEB-0431             
1 51630U 22012J   26206.99961978 -.00000614  00000+0 -17946-2 0  9997
2 51630  87.8825  28.5312 0002410  91.0887 269.0516 13.10373261214425
ONEWEB-0434             
1 51631U 22012K   26207.05422719 -.00000074  00000+0 -24917-3 0  9998
2 51631  87.8820  28.5465 0001297  75.7828 284.3444 13.10374562214410
ONEWEB-0435             
1 51632U 22012L   26207.21356524 -.00000287  00000+0 -85844-3 0  9999
2 51632  87.8814  28.4980 0002003  97.4345 262.7010 13.10370036214428
ONEWEB-0436             
1 51633U 22012M   26206.71184861 -.00000881  00000+0 -23015-2 0  9998
2 51633  87.9160 358.1851 0001848  99.3135 260.8206 13.17645217218757
ONEWEB-0438             
1 51634U 22012N   26207.04559282  .00000370  00000+0  10239-2 0  9994
2 51634  87.8813  28.5357 0001715  83.2697 276.8625 13.10369912214430
ONEWEB-0439             
1 51635U 22012P   26207.04900118  .00001048  00000+0  29671-2 0  9996
2 51635  87.8834  28.5198 0001542  94.4690 265.6613 13.10368878214413
ONEWEB-0442             
1 51636U 22012Q   26207.15986421  .00000041  00000+0  72669-4 0  9999
2 51636  87.9155 358.1262 0001394  79.9346 280.1943 13.17651131218805
ONEWEB-0443             
1 51637U 22012R   26206.87553988  .00000103  00000+0  23282-3 0  9991
2 51637  87.9158 358.1842 0001593 104.4059 255.7249 13.17647747218815
ONEWEB-0444             
1 51638U 22012S   26207.03881332  .00000604  00000+0  16947-2 0  9993
2 51638  87.8820  28.5233 0001696  94.1823 265.9498 13.10371058214425
ONEWEB-0445             
1 51639U 22012T   26207.05914964 -.00000291  00000+0 -87067-3 0  9990
2 51639  87.8823  28.5098 0001870  86.7270 273.4072 13.10369594214430
ONEWEB-0446             
1 51640U 22012U   26207.26618873  .00000647  00000+0  18177-2 0  9993
2 51640  87.8822  28.4947 0001951  82.0898 278.0451 13.10371401214441
ONEWEB-0448             
1 51641U 22012V   26207.04220355  .00000424  00000+0  11792-2 0  9993
2 51641  87.8815  28.5348 0001795  89.3654 270.7679 13.10370286214380
ONEWEB-0449             
1 51642U 22012W   26207.04728959  .00000278  00000+0  75962-3 0  9994
2 51642  87.8819  28.5217 0001536  71.2450 288.8844 13.10369511214391
ONEWEB-0451             
1 51643U 22012X   26207.16409109  .00000008  00000+0 -13633-4 0  9991
2 51643  87.9166 358.0947 0001610  92.9406 267.1910 13.17647834218799
ONEWEB-0452             
1 51644U 22012Y   26206.40305239  .00000038  00000+0  64458-4 0  9990
2 51644  87.9159 358.2787 0001506  96.6814 263.4489 13.17647301218704
ONEWEB-0456             
1 51646U 22012AA  26207.05575840 -.00000065  00000+0 -22211-3 0  9993
2 51646  87.8829  28.5097 0001828  94.3045 265.8291 13.10369630214430
ONEWEB-0457             
1 51647U 22012AB  26207.26265893  .00000722  00000+0  20314-2 0  9990
2 51647  87.8821  28.4831 0001908  77.7123 282.4218 13.10373124214469
ONEWEB-0458             
1 51648U 22012AC  26207.05491997 -.00000080  00000+0 -26569-3 0  9992
2 51648  87.8816  28.5133 0001611  92.2343 267.8969 13.10369411214393
ONEWEB-0461             
1 51649U 22012AD  26207.26028322  .00000040  00000+0  70481-4 0  9991
2 51649  87.9169 358.0892 0001866  91.2682 268.8663 13.17648203219030
ONEWEB-0463             
1 51650U 22012AE  26206.86203797  .00000054  00000+0  10563-3 0  9998
2 51650  87.9157 358.1869 0001898  90.5484 269.5866 13.17647815218761
ONEWEB-0464             
1 51651U 22012AF  26207.05238175  .00000034  00000+0  60661-4 0  9992
2 51651  87.8809  28.5341 0001706  99.8927 260.2393 13.10370348214418
ONEWEB-0468             
1 51652U 22012AG  26207.05745750 -.00000263  00000+0 -78948-3 0  9997
2 51652  87.8813  28.5261 0001783  97.6705 262.4625 13.10369248214396
ONEWEB-0473             
1 51653U 22012AH  26207.27297446  .00000499  00000+0  13944-2 0  9999
2 51653  87.8811  28.4855 0001904  91.4738 268.6607 13.10372325214428
ONEWEB-0474             
1 51654U 22012AJ  26207.26449401  .00000662  00000+0  18586-2 0  9998
2 51654  87.8827  28.4750 0001720  99.2829 260.8492 13.10372432214417
ONEWEB-0475             
1 51655U 22012AK  26207.17760023  .00000075  00000+0  16017-3 0  9991
2 51655  87.9159 358.1178 0001745 116.6916 243.4395 13.17648878218827
ONEWEB-0490             
1 54113U 22138A   26207.18023240  .00000027  00000+0  35374-4 0  9991
2 54113  87.9187 297.2050 0002151 100.9013 259.2362 13.19725100181978
ONEWEB-0492             
1 54114U 22138B   26207.20550170  .00000099  00000+0  21379-3 0  9990
2 54114  87.9179 297.1992 0002274  99.9599 260.1790 13.19724100181982
ONEWEB-0495             
1 54115U 22138C   26207.18338145  .00000027  00000+0  35660-4 0  9994
2 54115  87.9182 297.2063 0002493 111.9239 248.2159 13.19727196181968
ONEWEB-0497             
1 54116U 22138D   26207.19602342  .00000044  00000+0  77532-4 0  9992
2 54116  87.9188 297.1982 0002119 101.0483 259.0888 13.19724191181950
ONEWEB-0499             
1 54117U 22138E   26207.17944691  .00000017  00000+0  10404-4 0  9992
2 54117  87.9187 297.2087 0002063 104.8421 255.2940 13.19725140181961
ONEWEB-0500             
1 54118U 22138F   26207.18181097  .00000060  00000+0  11762-3 0  9992
2 54118  87.9187 297.2042 0002124  98.8023 261.3350 13.19726745181977
ONEWEB-0501             
1 54119U 22138G   26207.21182528  .00000048  00000+0  87427-4 0  9995
2 54119  87.9188 297.1982 0002319 108.6975 251.4409 13.19726536181954
ONEWEB-0502             
1 54120U 22138H   26207.19759937  .00000145  00000+0  32958-3 0  9994
2 54120  87.9192 297.1907 0002062 106.9300 253.2059 13.19724751181976
ONEWEB-0503             
1 54121U 22138J   26207.18653893  .00000034  00000+0  53101-4 0  9999
2 54121  87.9190 297.1990 0001783 103.2340 256.8992 13.19727373181967
ONEWEB-0504             
1 54122U 22138K   26207.17390300  .00000015  00000+0  47632-5 0  9992
2 54122  87.9188 297.2060 0002026 106.6803 253.4552 13.19726933181973
ONEWEB-0505             
1 54123U 22138L   26206.26094826  .00000072  00000+0  14647-3 0  9997
2 54123  87.9186 297.3875 0002198 109.2368 250.9003 13.19724451181833
ONEWEB-0506             
1 54124U 22138M   26206.99386008 -.00000029  00000+0 -10367-3 0  9993
2 54124  87.9192 297.2400 0002209 108.0325 252.1049 13.19725327181924
ONEWEB-0507             
1 54125U 22138N   26206.48365447  .00000009  00000+0 -10822-4 0  9996
2 54125  87.9184 297.3505 0002171 104.6841 255.4532 13.19724554181908
ONEWEB-0508             
1 54126U 22138P   26207.23866991  .00000006  00000+0 -17030-4 0  9996
2 54126  87.9184 297.1996 0002406 105.8613 254.2785 13.19726565181981
ONEWEB-0509             
1 54127U 22138Q   26207.21340304  .00000055  00000+0  10569-3 0  9992
2 54127  87.9192 297.1981 0002129 104.0127 256.1243 13.19724837181955
ONEWEB-0510             
1 54128U 22138R   26207.14677112  .00000172  00000+0  39230-3 0  9991
2 54128  87.9176 266.6722 0001751  85.5257 274.6076 13.20772211184424
ONEWEB-0511             
1 54129U 22138S   26207.21024272  .00000118  00000+0  26364-3 0  9997
2 54129  87.9188 297.1998 0001860 106.4985 253.6352 13.19724250181984
ONEWEB-0512             
1 54130U 22138T   26207.20233940  .00000060  00000+0  11746-3 0  9996
2 54130  87.9184 297.2040 0002127 109.5468 250.5894 13.19724276181950
ONEWEB-0513             
1 54131U 22138U   26207.19190076  .00000020  00000+0  17101-4 0  9995
2 54131  87.9188 297.1456 0002155 124.3847 235.7490 13.20270178181868
ONEWEB-0514             
1 54132U 22138V   26207.21813902  .00000063  00000+0  12429-3 0  9993
2 54132  87.9188 297.1976 0001943  97.0368 263.0986 13.19724712181976
ONEWEB-0515             
1 54133U 22138W   26207.20905461 -.00000024  00000+0 -91997-4 0  9992
2 54133  87.9183 266.6561 0002512  78.6253 281.5162 13.20772168184451
ONEWEB-0516             
1 54134U 22138X   26207.19286883  .00000066  00000+0  13250-3 0  9990
2 54134  87.9184 297.2061 0002183  99.8787 260.2593 13.19724404181973
ONEWEB-0517             
1 54135U 22138Y   26207.17232492 -.00000003  00000+0 -40938-4 0  9993
2 54135  87.9190 297.2054 0001717 102.4484 257.6841 13.19727274181974
ONEWEB-0518             
1 54136U 22138Z   26207.19129320  .00000096  00000+0  20817-3 0  9994
2 54136  87.9179 297.2081 0002251  98.2158 261.9230 13.19724959181973
ONEWEB-0519             
1 54137U 22138AA  26207.21655866  .00000049  00000+0  88905-4 0  9998
2 54137  87.9190 297.1975 0001835 100.5331 259.6008 13.19724357181985
ONEWEB-0520             
1 54138U 22138AB  26207.17549503  .00000028  00000+0  36852-4 0  9995
2 54138  87.9190 297.2060 0002198 104.4790 255.6587 13.19724809181965
ONEWEB-0521             
1 54139U 22138AC  26207.20865298  .00000074  00000+0  15290-3 0  9995
2 54139  87.9193 297.1889 0001838  99.2840 260.8500 13.19724099181913
ONEWEB-0522             
1 54140U 22138AD  26207.18812771  .00000087  00000+0  18448-3 0  9994
2 54140  87.9194 297.1957 0002063 104.6701 255.4660 13.19724330181959
ONEWEB-0523             
1 54141U 22138AE  26207.19557966  .00000085  00000+0  17766-3 0  9998
2 54141  87.9174 266.6673 0001900  74.3654 285.7689 13.20770335184456
ONEWEB-0524             
1 54142U 22138AF  26207.18548245  .00000095  00000+0  20289-3 0  9993
2 54142  87.9175 266.6663 0002683  82.1374 278.0064 13.20770772184459
ONEWEB-0525             
1 54143U 22138AG  26207.20708463  .00000129  00000+0  29051-3 0  9991
2 54143  87.9192 297.1984 0002370 105.9302 254.2092 13.19724256181977
ONEWEB-0526             
1 54144U 22138AH  26207.01280194 -.00000119  00000+0 -32913-3 0  9999
2 54144  87.9191 297.2379 0002166 100.5370 259.6007 13.19725050181928
ONEWEB-0529             
1 54145U 22138AJ  26207.16758979  .00000043  00000+0  74008-4 0  9993
2 54145  87.9183 297.2129 0002188 103.0022 257.1355 13.19726843181963
ONEWEB-0531             
1 54146U 22138AK  26207.17200838  .00000036  00000+0  56783-4 0  9993
2 54146  87.9177 266.6665 0002161  73.5450 286.5921 13.20770519184452
ONEWEB-0535             
1 54147U 22138AL  26207.20075824  .00000083  00000+0  17500-3 0  9998
2 54147  87.9194 297.1944 0001874  92.3877 267.7470 13.19723812181980
ONEWEB-0536             
1 54148U 22138AM  26207.15854016  .00000020  00000+0  18344-4 0  9990
2 54148  87.9164 266.6869 0002398  72.6195 287.5200 13.20770396184447
ONEWEB-0527             
1 54642U 22166A   26207.31167013 -.00000015  00000+0 -67829-4 0  9990
2 54642  87.9227 236.2091 0002128  95.4826 264.6551 13.21827812176703
ONEWEB-0528             
1 54643U 22166B   26207.31252319  .00000027  00000+0  32964-4 0  9998
2 54643  87.9226 236.2117 0002253  97.8593 262.2797 13.21827140176719
ONEWEB-0539             
1 54644U 22166C   26207.12329129  .00000065  00000+0  12485-3 0  9999
2 54644  87.9234 236.2234 0001888  97.4774 262.6575 13.21824328176688
ONEWEB-0540             
1 54645U 22166D   26207.13015741  .00000075  00000+0  14937-3 0  9998
2 54645  87.9227 236.2496 0001952  94.2291 265.9067 13.21825003176674
ONEWEB-0542             
1 54646U 22166E   26207.13338330  .00000104  00000+0  22134-3 0  9992
2 54646  87.9232 236.2206 0001803  98.6576 261.4762 13.21825931176683
ONEWEB-0545             
1 54647U 22166F   26207.09803286  .00000115  00000+0  24730-3 0  9991
2 54647  87.9227 236.2369 0001415  92.4047 267.7249 13.21824329176647
ONEWEB-0580             
1 54648U 22166G   26207.14851889 -.00000006  00000+0 -46395-4 0  9993
2 54648  87.9227 236.2261 0001690  91.7241 268.4087 13.21824062176699
ONEWEB-0582             
1 54649U 22166H   26207.11486915  .00000083  00000+0  16882-3 0  9995
2 54649  87.9230 236.2261 0001612  97.9852 262.1465 13.21824472176667
ONEWEB-0583             
1 54650U 22166J   26207.12665542  .00000042  00000+0  69920-4 0  9990
2 54650  87.9227 236.2465 0001935  95.0373 265.0982 13.21826332176670
ONEWEB-0584             
1 54651U 22166K   26207.14683677 -.00000008  00000+0 -49724-4 0  9996
2 54651  87.9224 236.2268 0001978  94.1308 266.0052 13.21825253176663
ONEWEB-0585             
1 54652U 22166L   26207.09468895  .00000129  00000+0  28037-3 0  9999
2 54652  87.9229 236.2258 0002271  93.8059 266.3335 13.21824648176668
ONEWEB-0586             
1 54653U 22166M   26207.10815071  .00000094  00000+0  19517-3 0  9998
2 54653  87.9225 236.2482 0001928  97.6439 262.4914 13.21824526176661
ONEWEB-0587             
1 54654U 22166N   26207.11824749  .00000112  00000+0  24062-3 0  9994
2 54654  87.9235 236.2232 0002398  92.3362 267.8046 13.21825806176820
ONEWEB-0589             
1 54655U 22166P   26207.18048451  .00000114  00000+0  24359-3 0  9991
2 54655  87.9226 236.2189 0001232  92.3339 267.7936 13.21826448176697
ONEWEB-0590             
1 54656U 22166Q   26207.12986165  .00000150  00000+0  33208-3 0  9992
2 54656  87.9231 236.2226 0002050  81.7218 278.4149 13.21826889176675
ONEWEB-0591             
1 54657U 22166R   26207.14178213  .00000064  00000+0  12225-3 0  9992
2 54657  87.9223 236.2318 0002010  90.1825 269.9539 13.21824546176703
ONEWEB-0592             
1 54658U 22166S   26207.14515614 -.00000024  00000+0 -89049-4 0  9990
2 54658  87.9236 236.2127 0002072  97.3068 262.8302 13.21825427176587
ONEWEB-0593             
1 54659U 22166T   26207.09132070  .00000042  00000+0  69075-4 0  9991
2 54659  87.9232 236.2327 0001919  95.7318 264.4035 13.21827048176688
ONEWEB-0594             
1 54660U 22166U   26207.11151480  .00000145  00000+0  32005-3 0  9998
2 54660  87.9224 236.2438 0002234  95.6601 264.4788 13.21825461176704
ONEWEB-0595             
1 54661U 22166V   26207.08796656  .00000029  00000+0  38486-4 0  9996
2 54661  87.9238 236.2327 0002260  92.0229 268.1164 13.21825999176674
ONEWEB-0596             
1 54662U 22166W   26207.13842811 -.00000041  00000+0 -13061-3 0  9995
2 54662  87.9226 236.2310 0002114  93.3063 266.8313 13.21824444176688
ONEWEB-0597             
1 54663U 22166X   26207.11992531  .00000129  00000+0  28037-3 0  9993
2 54663  87.9226 236.2376 0001969  94.5642 265.5717 13.21824802176686
ONEWEB-0600             
1 54664U 22166Y   26207.10142519  .00000083  00000+0  16862-3 0  9998
2 54664  87.9226 236.2327 0002074 100.1988 259.9380 13.21826424176650
ONEWEB-0601             
1 54665U 22166Z   26207.32009928 -.00000024  00000+0 -89146-4 0  9992
2 54665  87.9225 236.2048 0001824  98.0202 262.1139 13.21825360176876
ONEWEB-0602             
1 54666U 22166AA  26207.13422330  .00000001  00000+0 -28630-4 0  9993
2 54666  87.9225 236.2476 0002029 101.7828 258.3534 13.21824380176693
ONEWEB-0603             
1 54667U 22166AB  26207.14010689 -.00000039  00000+0 -12684-3 0  9998
2 54667  87.9236 236.2073 0001999  96.1520 263.9842 13.21824690176621
ONEWEB-0604             
1 54668U 22166AC  26207.12833096  .00000129  00000+0  27970-3 0  9994
2 54668  87.9235 236.2257 0002136  95.3778 264.7599 13.21824707176587
ONEWEB-0605             
1 54669U 22166AD  26207.12160301  .00000108  00000+0  22902-3 0  9994
2 54669  87.9227 236.2370 0001607  80.1756 279.9559 13.21824840176655
ONEWEB-0606             
1 54670U 22166AE  26207.14346475 -.00000049  00000+0 -14958-3 0  9994
2 54670  87.9228 236.2448 0002214  97.1934 262.9452 13.21825879176719
ONEWEB-0607             
1 54671U 22166AF  26207.10983291  .00000131  00000+0  28461-3 0  9998
2 54671  87.9233 236.2254 0001986  98.1650 261.9710 13.21826449176688
ONEWEB-0608             
1 54672U 22166AG  26207.11655478  .00000070  00000+0  13911-3 0  9999
2 54672  87.9235 236.2218 0001540  90.3829 269.7481 13.21824367176698
ONEWEB-0610             
1 54673U 22166AH  26207.17207228  .00000105  00000+0  22273-3 0  9992
2 54673  87.9225 236.2212 0001497 102.2988 257.8313 13.21826786176602
ONEWEB-0611             
1 54674U 22166AJ  26207.31672006  .00000045  00000+0  76890-4 0  9997
2 54674  87.9229 236.1883 0002151  93.6892 266.4488 13.21824418176615
ONEWEB-0612             
1 54675U 22166AK  26207.10309013  .00000112  00000+0  24005-3 0  9995
2 54675  87.9237 236.2303 0001882  94.3287 265.8062 13.21827840176577
ONEWEB-0615             
1 54676U 22166AL  26207.31000486 -.00000029  00000+0 -10239-3 0  9994
2 54676  87.9229 236.2004 0002324  97.6269 262.5129 13.21824495176611
ONEWEB-0655             
1 54677U 22166AM  26207.13506538 -.00000079  00000+0 -22273-3 0  9990
2 54677  87.9226 236.2359 0001992 100.7170 259.4188 13.21824365176581
ONEWEB-0659             
1 54678U 22166AN  26207.15188663 -.00000004  00000+0 -40176-4 0  9999
2 54678  87.9226 236.2320 0002094  93.5708 266.5666 13.21824804176678
ONEWEB-0685             
1 54679U 22166AP  26207.25003472 -.00040821  00000+0 -97303-1 0  9997
2 54679  87.9224 236.2012 0001587  81.0947  48.6262 13.23204457  5229
ONEWEB-0712             
1 54680U 22166AQ  26207.27443581  .00000085  00000+0  18890-3 0  9992
2 54680  87.9080 221.0104 0002061 104.7018 255.4342 13.16593454177200
ONEWEB-0714             
1 54681U 22166AR  26207.15693444 -.00000031  00000+0 -10702-3 0  9992
2 54681  87.9228 236.2207 0002163 101.7039 258.4337 13.21826765176688
ONEWEB-0532             
1 55140U 23004A   26207.13962131  .00001217  00000+0  31001-2 0  9994
2 55140  87.9161 358.1161 0001700  83.8910 276.2415 13.17659668172718
ONEWEB-0533             
1 55141U 23004B   26207.10964890 -.00000257  00000+0 -74914-3 0  9992
2 55141  87.8977 342.9332 0001676 100.6114 259.5203 13.12443810173164
ONEWEB-0541             
1 55142U 23004C   26207.01735710 -.00000264  00000+0 -78149-3 0  9992
2 55142  87.8899  13.3296 0001935  82.9149 277.2199 13.11415164171039
ONEWEB-0543             
1 55143U 23004D   26207.31613692 -.00000010  00000+0 -56874-4 0  9991
2 55143  87.9198 327.6888 0001997 105.3029 254.8324 13.18686991174855
ONEWEB-0544             
1 55144U 23004E   26206.77826541 -.00000008  00000+0 -52227-4 0  9995
2 55144  87.9198 327.7952 0002101 100.0900 260.0470 13.18685072174789
ONEWEB-0560             
1 55145U 23004F   26206.77152557  .00000013  00000+0  80375-6 0  9996
2 55145  87.9197 327.7862 0002170 101.8371 258.3005 13.18685962174799
ONEWEB-0565             
1 55146U 23004G   26206.61302911  .00000059  00000+0  11674-3 0  9994
2 55146  87.9186 327.8418 0002238  91.6104 268.5285 13.18685675174762
ONEWEB-0567             
1 55147U 23004H   26206.60627701  .00000104  00000+0  23135-3 0  9997
2 55147  87.9191 327.8306 0002270  95.3221 264.8171 13.18685272174768
ONEWEB-0569             
1 55148U 23004J   26206.32545999 -.00000315  00000+0 -89835-3 0  9990
2 55148  87.8991 312.6346 0002831 103.6783 256.4662 13.13470978175180
ONEWEB-0570             
1 55149U 23004K   26207.05311051 -.00000399  00000+0 -10449-2 0  9998
2 55149  87.9198 327.7417 0002216  89.1034 271.0352 13.18669733174813
ONEWEB-0571             
1 55150U 23004L   26207.27400261  .00000048  00000+0  88515-4 0  9996
2 55150  87.9198 327.6952 0003095  89.6942 270.4545 13.18686691174850
ONEWEB-0572             
1 55151U 23004M   26207.17084740  .00000154  00000+0  36456-3 0  9990
2 55151  87.9159 358.1118 0001916  91.0056 269.1295 13.17648389172614
ONEWEB-0573             
1 55152U 23004N   26207.26724979  .00000079  00000+0  16737-3 0  9992
2 55152  87.9199 327.6984 0002652  88.0387 272.1049 13.18685238174845
ONEWEB-0588             
1 55153U 23004P   26207.26049874  .00000014  00000+0  28759-5 0  9995
2 55153  87.9198 327.6993 0001926  83.5556 276.5795 13.18687653174845
ONEWEB-0598             
1 55154U 23004Q   26206.99532368  .00000487  00000+0  13382-2 0  9997
2 55154  87.8896  13.3409 0002545  92.5720 267.5700 13.11416717170983
ONEWEB-0599             
1 55155U 23004R   26206.82828727 -.00000019  00000+0 -83102-4 0  9999
2 55155  87.9156 358.1779 0001990 100.2910 259.8446 13.17647874172579
ONEWEB-0614             
1 55156U 23004S   26206.99023623  .00000566  00000+0  15607-2 0  9998
2 55156  87.8893  13.3497 0001632  87.2162 272.9153 13.11417294170923
ONEWEB-0616             
1 55157U 23004T   26206.87047230  .00000055  00000+0  10749-3 0  9992
2 55157  87.9159 358.1741 0002207 119.6560 240.4792 13.17648247172799
ONEWEB-0617             
1 55158U 23004U   26206.82575478  .00000249  00000+0  66627-3 0  9999
2 55158  87.8928  13.3774 0001530  74.0552 286.0745 13.11420537170923
ONEWEB-0618             
1 55159U 23004V   26206.34549053  .00005430  00000+0  30111-3 0  9993
2 55159  86.9116 162.1411 0013992 140.8556 219.3700 15.13485915188031
ONEWEB-0619             
1 55160U 23004W   26206.67472493  .00000071  00000+0  14906-3 0  9994
2 55160  87.9172 358.1971 0001451  99.7683 260.3612 13.17648633172664
ONEWEB-0620             
1 55161U 23004X   26207.20215784  .00000063  00000+0  14154-3 0  9999
2 55161  87.8893  13.3072 0002054  88.0235 272.1128 13.11419558170948
ONEWEB-0621             
1 55162U 23004Y   26207.15300950  .00000444  00000+0  12183-2 0  9996
2 55162  87.8901  13.3094 0001593  88.2702 271.8609 13.11415037170916
ONEWEB-0622             
1 55163U 23004Z   26206.92920169  .00000212  00000+0  56261-3 0  9990
2 55163  87.8900  13.3569 0001818  70.8760 289.2565 13.11414225170871
ONEWEB-0623             
1 55164U 23004AA  26206.82153965  .00000124  00000+0  28627-3 0  9999
2 55164  87.9167 358.1946 0001111  68.8655 291.2595 13.17649908172673
ONEWEB-0624             
1 55165U 23004AB  26206.83284715  .00000401  00000+0  10724-2 0  9995
2 55165  87.8981 342.8969 0001726  94.0605 266.0722 13.12928947173143
ONEWEB-0625             
1 55166U 23004AC  26207.11515880  .00000025  00000+0  30875-4 0  9991
2 55166  87.9163 358.1318 0001822  99.9412 260.1926 13.17648505172708
ONEWEB-0626             
1 55167U 23004AD  26206.42161823  .00000075  00000+0  16025-3 0  9994
2 55167  87.9158 358.2688 0002171  95.8396 264.2983 13.17648839172616
ONEWEB-0627             
1 55168U 23004AE  26206.71354612  .00000075  00000+0  15974-3 0  9999
2 55168  87.9158 358.2113 0001443  83.9484 276.1812 13.17649169172651
ONEWEB-0628             
1 55169U 23004AF  26207.13350080  .00000456  00000+0  12320-2 0  9996
2 55169  87.8983 342.9123 0001231  90.1115 270.0155 13.12440394173146
ONEWEB-0629             
1 55170U 23004AG  26206.38532206  .00000050  00000+0  96202-4 0  9999
2 55170  87.9157 358.2722 0001543  99.1406 260.9901 13.17650236172616
ONEWEB-0631             
1 55171U 23004AH  26206.57086723  .00000065  00000+0  13289-3 0  9998
2 55171  87.9208 327.8058 0002239  87.5726 272.5663 13.18687563174730
ONEWEB-0709             
1 55172U 23004AJ  26207.19198890 -.00000374  00000+0 -10907-2 0  9995
2 55172  87.8902  13.3124 0002675  91.0983 269.0452 13.11418481170985
ONEWEB-0710             
1 55173U 23004AK  26206.39967637  .00000230  00000+0  55965-3 0  9993
2 55173  87.9158 358.2650 0002043  89.1683 270.9682 13.17647254172615
ONEWEB-0711             
1 55174U 23004AL  26206.40020053 -.00000128  00000+0 -39595-3 0  9997
2 55174  87.8892  13.4575 0001508  70.5984 289.5307 13.11415591170843
ONEWEB-0713             
1 55175U 23004AM  26207.02922404 -.00000490  00000+0 -14183-2 0  9995
2 55175  87.8896  13.3346 0001603  80.7022 279.4287 13.11417141170911
ONEWEB-0715             
1 55176U 23004AN  26207.17673458 -.00000404  00000+0 -11749-2 0  9994
2 55176  87.8894  13.3056 0002436  84.0399 276.1006 13.11415990170976
ONEWEB-0716             
1 55177U 23004AP  26206.39292554  .00000044  00000+0  80634-4 0  9991
2 55177  87.9155 358.2689 0001867 101.7226 258.4115 13.17648813172619
ONEWEB-0717             
1 55178U 23004AQ  26207.13541018  .00000051  00000+0  98973-4 0  9990
2 55178  87.9170 358.1129 0001758  75.9897 284.1430 13.17648351172769
ONEWEB-0719             
1 55179U 23004AR  26207.14553117  .00000007  00000+0 -14163-4 0  9996
2 55179  87.9166 358.0909 0001757  99.9302 260.2028 13.17647835172715
ONEWEB-0530             
1 55796U 23029A   26207.18043026  .00000069  00000+0  13703-3 0  9990
2 55796  87.9166 266.6948 0001647  89.7722 270.3600 13.20770897166291
ONEWEB-0534             
1 55797U 23029B   26207.16864121  .00000040  00000+0  66115-4 0  9991
2 55797  87.9176 266.6993 0002058  98.9344 261.2022 13.20770391166298
ONEWEB-0556             
1 55798U 23029C   26207.17538163  .00000122  00000+0  26769-3 0  9998
2 55798  87.9165 266.6952 0001638 120.7360 239.3934 13.20772183166296
ONEWEB-0562             
1 55799U 23029D   26207.16190137  .00000014  00000+0  31726-5 0  9994
2 55799  87.9165 266.6785 0001224 100.0170 260.1102 13.20773341166298
ONEWEB-0563             
1 55800U 23029E   26207.15686676 -.00000003  00000+0 -39778-4 0  9998
2 55800  87.9170 266.7106 0002246 102.2245 257.9140 13.20770181166281
ONEWEB-0564             
1 55801U 23029F   26207.15012226  .00000006  00000+0 -16235-4 0  9998
2 55801  87.9166 266.6858 0001682  95.9736 264.1589 13.20772642166298
ONEWEB-0638             
1 55802U 23029G   26207.21312664  .00000142  00000+0  34888-3 0  9998
2 55802  87.8963 281.9739 0001600 107.6932 252.4373 13.14505088164526
ONEWEB-0639             
1 55803U 23029H   26207.00175790 -.00001402  00000+0 -35359-2 0  9998
2 55803  87.9175 297.2491 0002625 105.7601 254.3821 13.19710400164023
ONEWEB-0640             
1 55804U 23029J   26207.14654040 -.00000102  00000+0 -30880-3 0  9995
2 55804  87.8952 281.9768 0001949 118.8213 241.3112 13.14502738164538
ONEWEB-0641             
1 55805U 23029K   26206.69373658 -.00000009  00000+0 -54639-4 0  9993
2 55805  87.9187 297.3009 0002084 104.0217 256.1147 13.19727684163996
ONEWEB-0642             
1 55806U 23029L   26207.21971494  .00000081  00000+0  16876-3 0  9993
2 55806  87.9178 297.2055 0002846 104.7674 255.3774 13.19726752164057
ONEWEB-0643             
1 55807U 23029M   26207.19253512  .00000159  00000+0  39314-3 0  9993
2 55807  87.8948 281.9551 0002717  98.3975 261.7463 13.14503040164517
ONEWEB-0644             
1 55808U 23029N   26207.21498201  .00000104  00000+0  22705-3 0  9999
2 55808  87.9183 297.2072 0002393 101.1490 258.9912 13.19726357164052
ONEWEB-0645             
1 55809U 23029P   26207.16127558 -.00000021  00000+0 -86001-4 0  9998
2 55809  87.9180 297.2146 0002250 111.5896 248.5477 13.19726489164045
ONEWEB-0646             
1 55810U 23029Q   26207.17864905  .00000045  00000+0  80587-4 0  9992
2 55810  87.9185 297.2118 0002308 100.6926 259.4467 13.19724766164033
ONEWEB-0648             
1 55811U 23029R   26207.16080314 -.00000125  00000+0 -37218-3 0  9999
2 55811  87.8958 281.9383 0002696 114.2332 245.9080 13.14503918164510
ONEWEB-0649             
1 55812U 23029S   26207.20391997  .00000058  00000+0  11169-3 0  9997
2 55812  87.9180 297.2045 0002226 105.5457 254.5922 13.19724184164071
ONEWEB-0650             
1 55813U 23029T   26207.19918591  .00000048  00000+0  86290-4 0  9998
2 55813  87.9186 297.2085 0002743 104.6511 255.4926 13.19724790164041
ONEWEB-0652             
1 55814U 23029U   26207.14178203  .00000024  00000+0  30351-4 0  9993
2 55814  87.8961 281.9489 0001928  94.0677 266.0673 13.14503080164486
ONEWEB-0653             
1 55815U 23029V   26207.20204533  .00000228  00000+0  58132-3 0  9999
2 55815  87.8964 281.9358 0001985 100.8966 259.2387 13.14502113164522
ONEWEB-0654             
1 55816U 23029W   26207.19728613  .00000209  00000+0  53022-3 0  9990
2 55816  87.8959 281.9324 0001666  94.6351 265.4969 13.14502095164540
ONEWEB-0656             
1 55817U 23029X   26207.14339936  .00000040  00000+0  66619-4 0  9992
2 55817  87.9178 266.6674 0001665  89.9136 270.2188 13.20770198166299
ONEWEB-0657             
1 55818U 23029Y   26207.19445434  .00000038  00000+0  63367-4 0  9993
2 55818  87.9185 297.2077 0001875  76.9209 283.2133 13.19727717164058
ONEWEB-0658             
1 55819U 23029Z   26207.18970614  .00000039  00000+0  64716-4 0  9996
2 55819  87.9194 297.1876 0002476 102.1053 258.0358 13.19726844164062
ONEWEB-0660             
1 55820U 23029AA  26207.17508386 -.00000020  00000+0 -89574-4 0  9991
2 55820  87.8966 281.9332 0002093 108.0837 252.0521 13.14502728164523
ONEWEB-0661             
1 55821U 23029AB  26207.20997424  .00000221  00000+0  56045-3 0  9998
2 55821  87.8949 281.9643 0002022 108.7002 251.4348 13.14503092164517
ONEWEB-0662             
1 55822U 23029AC  26207.16874608 -.00000090  00000+0 -27700-3 0  9994
2 55822  87.8949 281.9783 0002100 107.3454 252.7905 13.14503353164553
ONEWEB-0663             
1 55823U 23029AD  26207.17417286  .00000007  00000+0 -15612-4 0  9998
2 55823  87.9177 266.7320 0002310 105.2728 254.8661 13.20872170166298
ONEWEB-0664             
1 55824U 23029AE  26207.20568743  .00000030  00000+0  43020-4 0  9997
2 55824  87.9164 266.7023 0001713 107.8609 252.2711 13.20772253166296
ONEWEB-0665             
1 55825U 23029AF  26207.20680776  .00000214  00000+0  54306-3 0  9991
2 55825  87.8950 281.9461 0002224 107.3426 252.7947 13.14502533164530
ONEWEB-0666             
1 55826U 23029AG  26207.19894491  .00000111  00000+0  24022-3 0  9999
2 55826  87.9160 266.6940 0002196  77.9780 282.1600 13.20770141166309
ONEWEB-0667             
1 55827U 23029AH  26207.19389387  .00000095  00000+0  20168-3 0  9991
2 55827  87.9179 266.6589 0002055 101.3573 258.7792 13.20770199166297
ONEWEB-0669             
1 55828U 23029AJ  26207.18884793  .00000104  00000+0  22337-3 0  9993
2 55828  87.9173 266.6686 0001506  92.9796 267.1510 13.20770657166293
ONEWEB-0670             
1 55829U 23029AK  26207.18460594  .00000131  00000+0  31822-3 0  9992
2 55829  87.8945 281.9672 0001843 109.7274 250.4055 13.14504235164553
ONEWEB-0671             
1 55830U 23029AL  26207.18497027  .00000069  00000+0  13962-3 0  9990
2 55830  87.9185 297.2110 0002099 104.8297 255.3069 13.19724742164049
ONEWEB-0672             
1 55831U 23029AM  26207.18380046  .00000102  00000+0  21923-3 0  9997
2 55831  87.9173 266.6637 0001953  90.3231 269.8126 13.20772170166299
ONEWEB-0673             
1 55832U 23029AN  26207.23787930 -.00000019  00000+0 -80127-4 0  9998
2 55832  87.9189 297.1947 0002010 103.2463 256.8894 13.19725733164057
ONEWEB-0674             
1 55833U 23029AP  26207.15288661 -.00000145  00000+0 -42605-3 0  9995
2 55833  87.8957 281.9512 0001796 108.5944 251.5381 13.14501827164538
ONEWEB-0675             
1 55834U 23029AQ  26207.17707812 -.00000064  00000+0 -19159-3 0  9990
2 55834  87.9184 297.2143 0002183  93.7688 266.3694 13.19725693164066
ONEWEB-0720             
1 55835U 23029AR  26207.09334901  .00000032  00000+0  46729-4 0  9994
2 55835  87.9183 297.2305 0002310 105.2676 254.8712 13.19727234163979
ONEWEB-0537             
1 56046U 23043A   26207.10504857  .00000043  00000+0  78452-4 0  9996
2 56046  87.9075 221.0401 0002054  86.8472 273.2893 13.16594536164081
ONEWEB-0538             
1 56047U 23043B   26207.32670248  .00000057  00000+0  11592-3 0  9995
2 56047  87.9076 220.9989 0002304  89.7639 270.3756 13.16594393164129
ONEWEB-0546             
1 56048U 23043C   26207.08604630  .00000043  00000+0  78465-4 0  9999
2 56048  87.9078 221.0470 0001991  72.7949 287.3400 13.16594194164084
ONEWEB-0547             
1 56049U 23043D   26207.30747134 -.00000074  00000+0 -20953-3 0  9996
2 56049  87.9232 236.1886 0002230  96.4713 263.6675 13.21824268163392
ONEWEB-0548             
1 56050U 23043E   26207.26256318 -.00000017  00000+0 -77925-4 0  9991
2 56050  87.9074 221.0072 0001615  98.3344 261.7970 13.16595199164104
ONEWEB-0549             
1 56051U 23043F   26207.15019201  .00000043  00000+0  72473-4 0  9998
2 56051  87.9225 236.2242 0002429  92.0224 268.1188 13.21824739163373
ONEWEB-0550             
1 56052U 23043G   26207.13672934 -.00000006  00000+0 -46481-4 0  9996
2 56052  87.9228 236.2255 0001926  99.0885 261.0467 13.21827990163376
ONEWEB-0551             
1 56053U 23043H   26207.17265630  .00000080  00000+0  17951-3 0  9991
2 56053  87.8971 251.4570 0002401  95.5884 264.5520 13.15547763161522
ONEWEB-0552             
1 56054U 23043J   26207.13167751  .00000097  00000+0  20279-3 0  9998
2 56054  87.9222 236.2306 0002168  99.5100 260.6279 13.21826756163378
ONEWEB-0553             
1 56055U 23043K   26207.09237836  .00000114  00000+0  26434-3 0  9995
2 56055  87.9074 221.0453 0001868  82.8585 277.2758 13.16594544164094
ONEWEB-0554             
1 56056U 23043L   26207.07971316  .00000007  00000+0 -14386-4 0  9998
2 56056  87.9074 221.0563 0001609 100.0676 260.0637 13.16594876164076
ONEWEB-0555             
1 56057U 23043M   26207.11770682  .00000044  00000+0  82408-4 0  9997
2 56057  87.9079 221.0380 0001883  75.7463 284.3877 13.16594631164080
ONEWEB-0557             
1 56058U 23043N   26207.05595900 -.00000005  00000+0 -46704-4 0  9997
2 56058  87.9079 221.0601 0000836  73.9746 286.1477 13.16595033164070
ONEWEB-0558             
1 56059U 23043P   26207.12495923  .00000105  00000+0  22296-3 0  9998
2 56059  87.9225 236.2279 0002359  90.2001 269.9404 13.21825993163380
ONEWEB-0559             
1 56060U 23043Q   26207.11319906  .00000070  00000+0  13840-3 0  9991
2 56060  87.9228 236.2266 0002286  96.4337 263.7057 13.21824295163391
ONEWEB-0566             
1 56061U 23043R   26207.10647121  .00000071  00000+0  14062-3 0  9992
2 56061  87.9229 236.2254 0002399  96.6937 263.4470 13.21824678163372
ONEWEB-0568             
1 56062U 23043S   26207.07335941 -.00000024  00000+0 -95651-4 0  9997
2 56062  87.9079 221.0463 0002000  84.8159 275.3201 13.16596491164091
ONEWEB-0574             
1 56063U 23043T   26207.09974051  .00000116  00000+0  24859-3 0  9992
2 56063  87.9229 236.2321 0001872  94.3377 265.7971 13.21826645163419
ONEWEB-0575             
1 56064U 23043U   26207.29501480  .00000019  00000+0  16567-4 0  9997
2 56064  87.9079 220.9982 0001624  88.3775 271.7542 13.16596719164115
ONEWEB-0576             
1 56065U 23043V   26207.27601967  .00000015  00000+0  57579-5 0  9992
2 56065  87.9086 221.0112 0001858  90.7899 269.3445 13.16593180164107
ONEWEB-0577             
1 56066U 23043W   26207.05436024  .00000051  00000+0  10096-3 0  9990
2 56066  87.9084 221.0528 0001351  97.4972 262.6312 13.16596405164103
ONEWEB-0578             
1 56067U 23043X   26207.31336847 -.00000062  00000+0 -18285-3 0  9994
2 56067  87.9231 236.1858 0001939  85.5127 274.6229 13.21826601163405
ONEWEB-0579             
1 56068U 23043Y   26207.15355718 -.00000044  00000+0 -13799-3 0  9990
2 56068  87.9235 236.2163 0002184 100.6061 259.5319 13.21824180163399
ONEWEB-0581             
1 56069U 23043Z   26207.28868445 -.00000050  00000+0 -16318-3 0  9998
2 56069  87.9071 221.0157 0001544  98.8438 261.2868 13.16595836164104
ONEWEB-0609             
1 56070U 23043AA  26207.19880165  .00000178  00000+0  43908-3 0  9997
2 56070  87.8975 251.4371 0002084  93.8543 266.2826 13.15547548161567
ONEWEB-0613             
1 56071U 23043AB  26207.12036512  .00000111  00000+0  26158-3 0  9995
2 56071  87.8972 251.4644 0002196  96.5284 263.6096 13.15547597161557
ONEWEB-0630             
1 56072U 23043AC  26207.19165067  .00000043  00000+0  79820-4 0  9990
2 56072  87.8980 251.4247 0002212 100.9927 259.1452 13.15549872161553
ONEWEB-0632             
1 56073U 23043AD  26207.18689986  .00000145  00000+0  35197-3 0  9992
2 56073  87.8970 251.4416 0001866  97.9186 262.2157 13.15544964161551
ONEWEB-0633             
1 56074U 23043AE  26207.18057425  .00000073  00000+0  15995-3 0  9994
2 56074  87.8982 251.4217 0002449  98.5665 261.5743 13.15548978161531
ONEWEB-0634             
1 56075U 23043AF  26207.16631682  .00000038  00000+0  67413-4 0  9990
2 56075  87.8972 251.4615 0002150  87.4557 272.6820 13.15548893161523
ONEWEB-0635             
1 56076U 23043AG  26207.16156129 -.00000016  00000+0 -75316-4 0  9998
2 56076  87.8982 251.4284 0001818  99.3604 260.7732 13.15548446161559
ONEWEB-0636             
1 56077U 23043AH  26207.15363604 -.00000066  00000+0 -20819-3 0  9998
2 56077  87.8980 251.4355 0001852  97.9407 262.1934 13.15548229161537
ONEWEB-0637             
1 56078U 23043AJ  26207.14729677 -.00000131  00000+0 -38128-3 0  9999
2 56078  87.8975 251.4509 0001822  87.8178 272.3161 13.15548625161550
ONEWEB-0647             
1 56079U 23043AK  26207.14253941 -.00000483  00000+0 -13169-2 0  9993
2 56079  87.8986 251.4661 0002216 100.4585 259.6795 13.15545890161545
ONEWEB-0651             
1 56080U 23043AL  26207.28991085  .00000120  00000+0  28492-3 0  9990
2 56080  87.8974 251.4278 0001803  95.0636 265.0700 13.15548577162762
ONEWEB-0718             
1 56081U 23043AM  26207.20908113 -.00000052  00000+0 -17194-3 0  9996
2 56081  87.8984 251.4255 0002327  85.7264 274.4132 13.15549609161561
ONEWEB-0561             
1 56710U 23068A   26207.13666164  .00000062  00000+0  12121-3 0  9995
2 56710  87.9176 266.6819 0001896 104.7671 255.3673 13.20771389154649
ONEWEB-0668             
1 56711U 23068B   26207.11136456  .00000085  00000+0  18867-3 0  9998
2 56711  87.9079 221.0399 0002080  78.0759 282.0605 13.16595653156902
ONEWEB-0676             
1 56712U 23068C   26207.27127261  .00000098  00000+0  22276-3 0  9993
2 56712  87.9080 221.0148 0001725  94.8185 265.3143 13.16592936156846
ONEWEB-0677             
1 56713U 23068D   26207.20063823  .00000020  00000+0  16358-4 0  9990
2 56713  87.9174 266.6599 0001688  91.1240 269.0087 13.20772297154959
ONEWEB-0678             
1 56714U 23068E   26207.17740960  .00000128  00000+0  30694-3 0  9998
2 56714  87.8980 251.4264 0002178 103.2347 256.9027 13.15548475154416
ONEWEB-0679             
1 56715U 23068F   26207.07812352 -.00000053  00000+0 -17193-3 0  9991
2 56715  87.9078 221.0442 0001703  78.1801 281.9521 13.16594951156842
ONEWEB-0680             
1 56716U 23068G   26207.15523212 -.00000012  00000+0 -60559-4 0  9995
2 56716  87.9235 236.2178 0001988  81.4217 278.7142 13.21826413156249
ONEWEB-0681             
1 56717U 23068H   26207.13588607 -.00000015  00000+0 -67847-4 0  9993
2 56717  87.9233 236.2212 0001259 113.0042 247.1225 13.21824427156230
ONEWEB-0682             
1 56718U 23068J   26207.12511934  .00000161  00000+0  39455-3 0  9995
2 56718  87.8983 251.4371 0001939  81.4724 278.6626 13.15549001154571
ONEWEB-0683             
1 56719U 23068K   26207.14887993 -.00000081  00000+0 -25017-3 0  9991
2 56719  87.8981 251.4329 0002116  88.6512 271.4860 13.15549021154545
ONEWEB-0684             
1 56720U 23068L   26207.15679175 -.00000059  00000+0 -19071-3 0  9993
2 56720  87.8982 251.4208 0003296 107.2462 252.9029 13.15550154154377
ONEWEB-0686             
1 56721U 23068M   26207.11454683  .00000101  00000+0  23142-3 0  9995
2 56721  87.9067 221.0568 0002321  86.5811 273.5585 13.16594735156833
ONEWEB-0694             
1 56722U 23068N   26207.12088474  .00000056  00000+0  11210-3 0  9990
2 56722  87.9090 221.0277 0002043  78.4378 281.6982 13.16594121156892
ONEWEB-0696             
1 56723U 23068P   26207.19006270  .00000113  00000+0  26716-3 0  9993
2 56723  87.8970 251.4490 0002240 109.2290 250.9083 13.15550460154490
ONEWEB-0703             
1 56724U 23068Q   26207.19958894  .00000167  00000+0  40971-3 0  9990
2 56724  87.8976 251.4289 0002231 122.4262 237.7084 13.15548198154386
ONEWEB-0721             
1 56725U 23068R   26207.10432531  .00000053  00000+0  91898-4 0  9996
2 56725  86.6729  73.0899 0001690  81.7910 278.3415 13.22471721163081
ONEWEB-0015             
1 61594U 24188A   26207.22082234  .00000500  00000+0  13757-2 0  9997
2 61594  87.8892  13.3198 0001286  86.5826 273.5449 13.11416615 89578
ONEWEB-0687             
1 61595U 24188B   26206.65448240  .00000079  00000+0  17098-3 0  9991
2 61595  87.9157 358.2238 0001676  79.4072 280.7249 13.17648445 90964
ONEWEB-0688             
1 61596U 24188C   26206.98690746  .00000029  00000+0  42339-4 0  9990
2 61596  87.9153 358.1572 0000661  80.9498 279.1708 13.17647918 91005
ONEWEB-0689             
1 61597U 24188D   26207.17841647 -.00000441  00000+0 -12805-2 0  9994
2 61597  87.8903  13.2914 0001921  83.4773 276.6574 13.11416896 89565
ONEWEB-0690             
1 61598U 24188E   26207.18859874 -.00000456  00000+0 -13216-2 0  9990
2 61598  87.8905  13.2999 0001902 112.0592 248.0738 13.11418074 89743
ONEWEB-0691             
1 61599U 24188F   26207.18351621 -.00000499  00000+0 -14452-2 0  9998
2 61599  87.8912  13.2133 0001469  84.6645 275.4651 13.11416697 89593
ONEWEB-0692             
1 61600U 24188G   26206.74607057  .00000267  00000+0  71712-3 0  9993
2 61600  87.8895  13.4063 0002604  88.1360 272.0066 13.11420598 89526
ONEWEB-0693             
1 61601U 24188H   26207.15060187 -.00000022  00000+0 -91108-4 0  9990
2 61601  87.9146 358.1431 0001864 119.9484 240.1833 13.17648053 91011
ONEWEB-0695             
1 61602U 24188J   26207.18011908 -.00000424  00000+0 -12311-2 0  9994
2 61602  87.8889  13.3118 0002219  83.0510 277.0870 13.11417078 89576
ONEWEB-0697             
1 61603U 24188K   26206.98345599  .00000443  00000+0  12145-2 0  9992
2 61603  87.8896  13.3415 0002574  90.5101 269.6322 13.11418636 89534
ONEWEB-0698             
1 61604U 24188L   26206.73250461 -.00001049  00000+0 -29947-2 0  9992
2 61604  87.8886  13.4051 0002813 109.1717 250.9716 13.11421217 89525
ONEWEB-0699             
1 61605U 24188M   26207.00485275 -.00000532  00000+0 -15596-2 0  9998
2 61605  87.8825  28.5290 0002482  91.4004 268.7408 13.10374947 88390
ONEWEB-0700             
1 61606U 24188N   26207.23563570 -.00000332  00000+0 -98669-3 0  9990
2 61606  87.8843  28.3986 0002380  90.4266 269.7134 13.10375546 88413
ONEWEB-0701             
1 61607U 24188P   26207.02354121  .00000512  00000+0  14291-2 0  9994
2 61607  87.8827  28.5260 0002654  91.9009 268.2423 13.10374967 88396
ONEWEB-0702             
1 61608U 24188Q   26207.00719748  .00000167  00000+0  43586-3 0  9999
2 61608  87.8910  13.2627 0002805  85.7861 274.3588 13.11414463 89571
ONEWEB-0704             
1 61609U 24188R   26207.01164654 -.00000080  00000+0 -26534-3 0  9991
2 61609  87.8830  28.5187 0002798  80.2802 279.8641 13.10375561 88370
ONEWEB-0705             
1 61610U 24188S   26207.24581918  .00000080  00000+0  19275-3 0  9996
2 61610  87.8832  28.4783 0002373  65.0510 295.0864 13.10375491 80574
ONEWEB-0706             
1 61611U 24188T   26207.00145727 -.00000587  00000+0 -17188-2 0  9999
2 61611  87.8827  28.5300 0002289  80.5947 279.5439 13.10374158 88467
ONEWEB-0707             
1 61612U 24188U   26207.23732105 -.00000282  00000+0 -84448-3 0  9993
2 61612  87.8828  28.4788 0002322  81.0859 279.0531 13.10374433 88435
ONEWEB-0708             
1 61613U 24188V   26207.25600234  .00000543  00000+0  15183-2 0  9990
2 61613  87.8822  28.4901 0001723  71.3099 288.8215 13.10373754 88419
