ONEWEB-0012             
1 44057U 19010A   26097.42400844 -.00000209  00000+0 -57938-3 0  9998
2 44057  87.9048 242.8455 0001874 113.5323 246.6005 13.16594019342254
ONEWEB-0010             
1 44058U 19010B   26097.82932729 -.00000126  00000+0 -36413-3 0  9998
2 44058  87.9050 242.7606 0002045  92.3726 267.7639 13.16593996342358
ONEWEB-0008             
1 44059U 19010C   26097.85465730  .00000049  00000+0  95187-4 0  9991
2 44059  87.9048 242.7526 0001547 100.2499 259.8806 13.16594633342479
ONEWEB-0007             
1 44060U 19010D   26097.75784468 -.00000007  00000+0 -52977-4 0  9990
2 44060  87.8928 273.2772 0002055  97.7354 262.4010 13.15548496342117
ONEWEB-0006             
1 44061U 19010E   26097.76180474  .00000052  00000+0  10332-3 0  9995
2 44061  87.8938 273.2334 0001932  91.7479 268.3873 13.15549332342165
ONEWEB-0011             
1 44062U 19010F   26097.73010444 -.00000046  00000+0 -15734-3 0  9998
2 44062  87.8942 273.2483 0001705  87.1562 272.9763 13.15549376342152
ONEWEB-0013             
1 45131U 20008A   26097.87188031 -.00000485  00000+0 -14438-2 0  9994
2 45131  87.8485  67.0077 0001850 113.9346 246.1975 13.09454139296868
ONEWEB-0017             
1 45132U 20008B   26097.13996062 -.00000244  00000+0 -73508-3 0  9992
2 45132  87.8825  50.4069 0002063  76.1656 283.9701 13.10375125298648
ONEWEB-0020             
1 45133U 20008C   26097.87365060  .00000050  00000+0  10628-3 0  9999
2 45133  87.8827  50.2538 0001902  81.0487 279.0856 13.10371590299132
ONEWEB-0021             
1 45134U 20008D   26097.12500010 -.00000679  00000+0 -19823-2 0  9998
2 45134  87.8822  50.4249 0001935  82.9119 277.2228 13.10373905299345
ONEWEB-0023             
1 45136U 20008F   26097.13580340 -.00000435  00000+0 -12818-2 0  9992
2 45136  87.8827  50.4019 0001814  84.8818 275.2516 13.10375483298777
ONEWEB-0024             
1 45137U 20008G   26097.87199295  .00000200  00000+0  53604-3 0  9996
2 45137  87.8830  50.2437 0001910  80.4336 279.7007 13.10372011299036
ONEWEB-0025             
1 45138U 20008H   26097.86949617 -.00011052  00000+0 -31710-1 0  9998
2 45138  87.8832  50.2307 0002031  86.8012 273.3348 13.10427258299369
ONEWEB-0026             
1 45139U 20008J   26097.73665372  .00000363  00000+0  98710-3 0  9994
2 45139  87.8920  35.0694 0001909  74.0878 286.0461 13.11416339301876
ONEWEB-0028             
1 45140U 20008K   26097.84599296 -.00000450  00000+0 -13044-2 0  9994
2 45140  87.8906  35.0534 0001744  97.1153 263.0174 13.11414325299408
ONEWEB-0032             
1 45141U 20008L   26097.82881901 -.00000240  00000+0 -72349-3 0  9991
2 45141  87.8823  50.2711 0001682  95.5906 264.5413 13.10378246299088
ONEWEB-0033             
1 45142U 20008M   26097.42214430 -.00000319  00000+0 -95075-3 0  9993
2 45142  87.8818  50.3609 0002244  70.0252 290.1117 13.10369561298947
ONEWEB-0035             
1 45143U 20008N   26097.30015072  .00000148  00000+0  38745-3 0  9991
2 45143  87.8821  50.3834 0001982  78.0893 282.0456 13.10376837298657
ONEWEB-0036             
1 45144U 20008P   26097.77062084  .00000644  00000+0  18218-2 0  9991
2 45144  87.8839  50.2712 0001711  85.6776 274.4546 13.09820044299147
ONEWEB-0038             
1 45145U 20008Q   26097.74697057  .00000236  00000+0  62882-3 0  9997
2 45145  87.8920  35.0694 0003469  92.6619 267.4906 13.11415115301097
ONEWEB-0039             
1 45146U 20008R   26097.42546376 -.00000485  00000+0 -14258-2 0  9991
2 45146  87.8828  50.3469 0001759  97.7794 262.3533 13.10371954298899
ONEWEB-0040             
1 45147U 20008S   26097.87697515 -.00000133  00000+0 -41771-3 0  9994
2 45147  87.8822  50.2708 0001924  83.1370 276.9976 13.10370175298652
ONEWEB-0043             
1 45149U 20008U   26097.87863006 -.00000259  00000+0 -77711-3 0  9998
2 45149  87.8828  50.2548 0001735  98.5650 261.5674 13.10371261298970
ONEWEB-0044             
1 45150U 20008V   26097.29600235 -.00000086  00000+0 -28304-3 0  9991
2 45150  87.8836  50.3678 0001907  86.3986 273.7359 13.10375477299197
ONEWEB-0045             
1 45151U 20008W   26097.74174648  .00000464  00000+0  12720-2 0  9998
2 45151  87.8920  35.0568 0001881  82.1447 277.9894 13.11416899301174
ONEWEB-0047             
1 45152U 20008X   26096.90755585 -.00000330  00000+0 -98154-3 0  9991
2 45152  87.8832  50.4460 0002063  79.1021 281.0339 13.10376993298866
ONEWEB-0048             
1 45153U 20008Y   26097.13165328 -.00000572  00000+0 -16737-2 0  9992
2 45153  87.8825  50.4272 0001971  79.8523 280.2826 13.10374052298508
ONEWEB-0049             
1 45154U 20008Z   26096.90576303 -.00000529  00000+0 -15527-2 0  9994
2 45154  87.8826  50.4604 0001496  78.0912 282.0383 13.10376893298697
ONEWEB-0051             
1 45155U 20008AA  26097.74003738  .00000259  00000+0  69552-3 0  9991
2 45155  87.8919  35.0694 0001886  79.2318 280.9022 13.11416090301850
ONEWEB-0052             
1 45156U 20008AB  26097.91668981  .00013757  00000+0  39454-1 0  9991
2 45156  87.8850  50.2436 0001422  66.3836 281.8577 13.10130858  5238
ONEWEB-0053             
1 45157U 20008AC  26097.87531186 -.00000115  00000+0 -36707-3 0  9999
2 45157  87.8818  50.2764 0001583  94.9484 265.1824 13.10369671298704
ONEWEB-0054             
1 45158U 20008AD  26097.60472934 -.00000006  00000+0 -54086-4 0  9996
2 45158  87.8833  50.3070 0001826  78.9512 281.1821 13.10378207298785
ONEWEB-0056             
1 45159U 20008AE  26097.12749674 -.00000674  00000+0 -19676-2 0  9997
2 45159  87.8827  50.4015 0001742  76.8395 283.2927 13.10372351298876
ONEWEB-0057             
1 45160U 20008AF  26096.90603125 -.00000451  00000+0 -13284-2 0  9996
2 45160  87.8830  50.4547 0001558  94.9839 265.1466 13.10373468299015
ONEWEB-0058             
1 45161U 20008AG  26097.57996927 -.00000454  00000+0 -13377-2 0  9992
2 45161  87.8826  50.3291 0002129  80.8300 279.3069 13.10370781299176
ONEWEB-0059             
1 45162U 20008AH  26097.88194272 -.00000385  00000+0 -11382-2 0  9997
2 45162  87.8822  50.2694 0001966  86.3037 273.8315 13.10372553299111
ONEWEB-0062             
1 45163U 20008AJ  26097.29683047 -.00000009  00000+0 -61634-4 0  9996
2 45163  87.8831  50.3694 0002285  75.4769 284.6612 13.10376141298902
ONEWEB-0065             
1 45164U 20008AK  26097.86190483  .00000542  00000+0  15166-2 0  9994
2 45164  87.8824  50.2645 0001509  82.5959 277.5340 13.10371032298675
ONEWEB-0066             
1 45424U 20020A   26097.57218522  .00000355  00000+0  96720-3 0  9998
2 45424  87.8924  35.1046 0001949  83.8328 276.3022 13.11418229293427
ONEWEB-0067             
1 45425U 20020B   26097.76290450  .00010078  00000+0  28395-1 0  9994
2 45425  87.8927  34.9788 0001643  84.9773 275.1542 13.11353378293504
ONEWEB-0080             
1 45426U 20020C   26097.76221305  .00002218  00000+0  62227-2 0  9998
2 45426  87.8919  35.0596 0002052  73.9230 286.2124 13.11400635293470
ONEWEB-0090             
1 45427U 20020D   26097.86733651 -.00000196  00000+0 -58857-3 0  9992
2 45427  87.8923  35.0440 0001935  78.2708 281.8637 13.11418658293453
ONEWEB-0061             
1 45428U 20020E   26097.74668854  .00000184  00000+0  48344-3 0  9997
2 45428  87.8914  35.0539 0001888  79.3108 280.8232 13.11414641293397
ONEWEB-0081             
1 45429U 20020F   26097.80448249  .00000518  00000+0  14245-2 0  9992
2 45429  87.8910  35.0569 0001827  85.7448 274.3889 13.11418256293514
ONEWEB-0069             
1 45430U 20020G   26097.86974556  .00000045  00000+0  91556-4 0  9992
2 45430  87.8916  35.0386 0001824  81.6755 278.4580 13.11418071293453
ONEWEB-0031             
1 45431U 20020H   26097.76546083 -.00000423  00000+0 -12286-2 0  9995
2 45431  87.8908  35.0754 0002007  75.3883 284.7468 13.11414474293425
ONEWEB-0027             
1 45432U 20020J   26097.76116301  .00000044  00000+0  79203-4 0  9993
2 45432  87.9194  19.8319 0001870  67.0035 293.1294 13.17647514297081
ONEWEB-0064             
1 45433U 20020K   26097.76376544 -.00000354  00000+0 -10346-2 0  9998
2 45433  87.8908  35.0659 0001933  74.2690 285.8651 13.11414274293459
ONEWEB-0018             
1 45434U 20020L   26097.79598552 -.00000058  00000+0 -19912-3 0  9997
2 45434  87.8914  35.0586 0002231  84.8232 275.3151 13.11418658293401
ONEWEB-0083             
1 45435U 20020M   26097.86296604 -.00000244  00000+0 -72527-3 0  9997
2 45435  87.8918  35.0343 0001940  78.1686 281.9659 13.11419477293453
ONEWEB-0095             
1 45436U 20020N   26097.85376550 -.00000508  00000+0 -14697-2 0  9992
2 45436  87.8916  35.0442 0001315  59.1945 300.9312 13.11417418293456
ONEWEB-0092             
1 45437U 20020P   26097.74936552  .00000212  00000+0  56309-3 0  9992
2 45437  87.8915  35.0652 0001486  78.8089 281.3206 13.11416252293555
ONEWEB-0085             
1 45438U 20020Q   26097.86210458 -.00000395  00000+0 -11495-2 0  9996
2 45438  87.8913  35.0461 0001829  79.5627 280.5707 13.11418291293450
ONEWEB-0096             
1 45439U 20020R   26097.86380940 -.00000285  00000+0 -83965-3 0  9991
2 45439  87.8923  35.0354 0001861  81.4646 278.6693 13.11418704293442
ONEWEB-0037             
1 45440U 20020S   26097.76800191 -.00000415  00000+0 -12074-2 0  9994
2 45440  87.8926  35.0324 0001768  78.2036 281.9290 13.11414938293464
ONEWEB-0042             
1 45441U 20020T   26097.85348472 -.00000718  00000+0 -20609-2 0  9993
2 45441  87.8920  35.0347 0001835  82.0067 278.1269 13.11417349293447
ONEWEB-0098             
1 45442U 20020U   26097.84938973 -.00000515  00000+0 -14900-2 0  9996
2 45442  87.8919  35.0461 0001922  77.8940 282.2403 13.11418430293428
ONEWEB-0055             
1 45443U 20020V   26097.75614322 -.00000061  00000+0 -20688-3 0  9993
2 45443  87.8914  35.0650 0001916  78.2004 281.9339 13.11413981293388
ONEWEB-0093             
1 45444U 20020W   26097.73171178  .00000547  00000+0  15070-2 0  9994
2 45444  87.8917  35.0598 0001769  92.5499 267.5831 13.11419092293449
ONEWEB-0029             
1 45445U 20020X   26097.74767071  .00000290  00000+0  78244-3 0  9997
2 45445  87.8912  35.0678 0001902  83.2521 276.8823 13.11414280293422
ONEWEB-0068             
1 45446U 20020Y   26097.73143527  .00000421  00000+0  11533-2 0  9994
2 45446  87.8922  35.0630 0001906  85.3252 274.8093 13.11417172293363
ONEWEB-0046             
1 45447U 20020Z   26097.79938207  .00000291  00000+0  78557-3 0  9993
2 45447  87.8922  35.0563 0001651  84.1880 275.9436 13.11417582293380
ONEWEB-0063             
1 45448U 20020AA  26097.75190232 -.00000050  00000+0 -17795-3 0  9990
2 45448  87.8919  35.0635 0001613  78.7555 281.3754 13.11415160293466
ONEWEB-0019             
1 45449U 20020AB  26097.86705925 -.00000263  00000+0 -77920-3 0  9996
2 45449  87.8913  35.0317 0001976  75.4718 284.6629 13.11418858293324
ONEWEB-0094             
1 45450U 20020AC  26097.73418149  .00000081  00000+0  17611-3 0  9990
2 45450  87.9197  19.8350 0002031  81.8371 278.2991 13.17650013297037
ONEWEB-0087             
1 45451U 20020AD  26097.83823388 -.00000471  00000+0 -13649-2 0  9998
2 45451  87.8928  35.0150 0001995  87.3535 272.7821 13.11414714293361
ONEWEB-0082             
1 45452U 20020AE  26097.75868030 -.00000171  00000+0 -51950-3 0  9998
2 45452  87.8918  35.0528 0002005  85.6055 274.5302 13.11414631293442
ONEWEB-0050             
1 45453U 20020AF  26097.83723273  .00002451  00000+0  25141-3 0  9991
2 45453  88.9245 242.7703 0002596 178.2970 181.8269 14.90124702329908
ONEWEB-0034             
1 45454U 20020AG  26097.77987469 -.00000393  00000+0 -11434-2 0  9998
2 45454  87.8917  35.0522 0001879  78.9222 281.2118 13.11419201293365
ONEWEB-0060             
1 45455U 20020AH  26097.75105944  .00000170  00000+0  44390-3 0  9996
2 45455  87.8910  35.0672 0002561  99.7520 260.3897 13.11415591293311
ONEWEB-0086             
1 45456U 20020AJ  26097.57727818  .00000361  00000+0  98379-3 0  9995
2 45456  87.8920  35.0916 0002601  83.4791 276.6633 13.11417614293359
ONEWEB-0088             
1 45457U 20020AK  26097.86042557 -.00000365  00000+0 -10656-2 0  9995
2 45457  87.8928  35.0023 0001548  82.0985 278.0318 13.11419125293328
ONEWEB-0102             
1 47258U 20100A   26097.76704329 -.00000427  00000+0 -12220-2 0  9994
2 47258  87.9005   4.6650 0002023  79.3128 280.8229 13.12441406255497
ONEWEB-0109             
1 47259U 20100B   26097.77552115 -.00000523  00000+0 -14893-2 0  9995
2 47259  87.9016   4.6403 0001868  74.2401 285.8933 13.12444039255324
ONEWEB-0110             
1 47260U 20100C   26097.72640241  .00000250  00000+0  65974-3 0  9992
2 47260  87.9013   4.6348 0002049  82.3685 277.7676 13.12442332255482
ONEWEB-0111             
1 47261U 20100D   26097.75688212 -.00000270  00000+0 -78455-3 0  9998
2 47261  87.9016   4.6472 0001835  83.0429 277.0908 13.12440603255323
ONEWEB-0114             
1 47262U 20100E   26097.25371662 -.00000070  00000+0 -22862-3 0  9991
2 47262  87.9018   4.7429 0001706  70.7208 289.4105 13.12444017255211
ONEWEB-0117             
1 47263U 20100F   26097.77890072 -.00000240  00000+0 -70169-3 0  9992
2 47263  87.9016   4.6322 0001848  78.7403 281.3933 13.12442361255291
ONEWEB-0118             
1 47264U 20100G   26097.73655935  .00000108  00000+0  26598-3 0  9994
2 47264  87.9011   4.6433 0001509  72.4168 287.7125 13.12442340255484
ONEWEB-0119             
1 47265U 20100H   26097.76196362 -.00000300  00000+0 -86909-3 0  9990
2 47265  87.9004   4.6613 0001792  78.2073 281.9256 13.12441034255468
ONEWEB-0120             
1 47266U 20100J   26097.78582057 -.00000270  00000+0 -78685-3 0  9991
2 47266  87.9006   4.6571 0001772  75.5612 284.5713 13.12443541255496
ONEWEB-0121             
1 47267U 20100K   26097.77381956 -.00000372  00000+0 -10689-2 0  9998
2 47267  87.9018   4.6386 0001958  82.7167 277.4184 13.12441638255404
ONEWEB-0122             
1 47268U 20100L   26097.76789572 -.00000599  00000+0 -17007-2 0  9996
2 47268  87.9018   4.6431 0001938  75.5717 284.5626 13.12442366255314
ONEWEB-0123             
1 47269U 20100M   26097.76365510 -.00000384  00000+0 -11019-2 0  9998
2 47269  87.9004   4.6595 0001680  78.2770 281.8547 13.12441156255457
ONEWEB-0124             
1 47270U 20100N   26097.75349661 -.00000198  00000+0 -58650-3 0  9994
2 47270  87.9002   4.6660 0001781  83.0927 277.0404 13.12440729255331
ONEWEB-0125             
1 47271U 20100P   26097.73148657  .00000321  00000+0  85717-3 0  9995
2 47271  87.9016   4.6454 0001565  87.4617 272.6691 13.12442026255399
ONEWEB-0126             
1 47272U 20100Q   26097.75194152 -.00000125  00000+0 -38298-3 0  9995
2 47272  87.9008   4.6618 0001771  74.3355 285.7969 13.12440800255465
ONEWEB-0127             
1 47273U 20100R   26097.71793434  .00000112  00000+0  27587-3 0  9993
2 47273  87.9005   4.6706 0001828  73.6995 286.4334 13.12443519255482
ONEWEB-0128             
1 47274U 20100S   26097.73995048  .00000248  00000+0  65295-3 0  9999
2 47274  87.9003   4.6805 0002102  82.9824 277.1543 13.12441219255508
ONEWEB-0129             
1 47275U 20100T   26097.71961935  .00000049  00000+0  10012-3 0  9992
2 47275  87.9016   4.6506 0002231  47.8186 312.3132 13.12443549255431
ONEWEB-0130             
1 47276U 20100U   26097.74672433  .00000078  00000+0  18015-3 0  9991
2 47276  87.9014   4.6400 0001874  76.3573 283.7764 13.12440506255401
ONEWEB-0131             
1 47277U 20100V   26097.74333816  .00000166  00000+0  42486-3 0  9998
2 47277  87.9001   4.6666 0001839  78.2747 281.8588 13.12440551255444
ONEWEB-0132             
1 47278U 20100W   26097.77212993 -.00000630  00000+0 -17856-2 0  9994
2 47278  87.9007   4.6602 0001874  80.4771 279.6569 13.12443473255341
ONEWEB-0133             
1 47279U 20100X   26097.48399506  .00000013  00000+0 -17908-6 0  9995
2 47279  87.9019   4.6857 0001949  81.4027 278.7322 13.12443707255465
ONEWEB-0134             
1 47280U 20100Y   26097.75857571 -.00000349  00000+0 -10069-2 0  9998
2 47280  87.9018   4.6285 0002032  75.3591 284.7762 13.12440903255474
ONEWEB-0135             
1 47281U 20100Z   26097.72978918  .00000364  00000+0  97641-3 0  9992
2 47281  87.9006   4.6663 0002107  77.3908 282.7456 13.12441655255494
ONEWEB-0136             
1 47282U 20100AA  26097.74842269 -.00000119  00000+0 -36745-3 0  9992
2 47282  87.9012   4.6382 0002102  73.7186 286.4174 13.12441554255422
ONEWEB-0137             
1 47283U 20100AB  26097.78230378 -.00000257  00000+0 -74987-3 0  9992
2 47283  87.9019   4.6379 0001664  78.7467 281.3849 13.12443725255330
ONEWEB-0138             
1 47284U 20100AC  26097.76026880 -.00000381  00000+0 -10952-2 0  9991
2 47284  87.9016   4.6504 0001958  74.1862 285.9482 13.12440520255415
ONEWEB-0139             
1 47285U 20100AD  26097.72484704  .00000318  00000+0  84921-3 0  9997
2 47285  87.9012   4.6447 0001813  77.7909 282.3422 13.12441867255486
ONEWEB-0140             
1 47286U 20100AE  26097.75519131 -.00000232  00000+0 -67949-3 0  9992
2 47286  87.9015   4.6280 0001913  82.7058 277.4288 13.12440597255458
ONEWEB-0141             
1 47287U 20100AF  26097.72456810  .00000358  00000+0  96007-3 0  9998
2 47287  87.9013   4.6398 0001470  76.3144 283.8148 13.12442289255434
ONEWEB-0142             
1 47288U 20100AG  26097.48426885  .00000228  00000+0  59838-3 0  9998
2 47288  87.9013   4.7116 0001590  66.1363 293.9932 13.12443311255392
ONEWEB-0143             
1 47289U 20100AH  26097.72301236  .00000354  00000+0  94985-3 0  9990
2 47289  87.9013   4.6608 0001753  78.6143 281.5182 13.12442285255404
ONEWEB-0144             
1 47290U 20100AJ  26097.77044137 -.00000393  00000+0 -11272-2 0  9993
2 47290  87.9018   4.6223 0001914  68.7551 291.3782 13.12444265255333
ONEWEB-0145             
1 47291U 20100AK  26097.74164563 -.00000082  00000+0 -26346-3 0  9991
2 47291  87.9005   4.6638 0001765  75.0499 285.0824 13.12441303255524
ONEWEB-0146             
1 47292U 20100AL  26097.73825601  .00000065  00000+0  14551-3 0  9992
2 47292  87.9014   4.6512 0001885  89.2803 270.8542 13.12441438255433
ONEWEB-0147             
1 47293U 20100AM  26097.78059548 -.00000146  00000+0 -43994-3 0  9992
2 47293  87.9016   4.6230 0001948  78.8509 281.2838 13.12441643255331
ONEWEB-0115             
1 48042U 21025A   26097.40672590  .00000146  00000+0  36518-3 0  9991
2 48042  87.9006 334.3139 0001718  83.4066 276.7258 13.13468536244300
ONEWEB-0152             
1 48043U 21025B   26097.72497782  .00000321  00000+0  84394-3 0  9995
2 48043  87.8995 334.2505 0001796  85.5672 274.5663 13.13468489244308
ONEWEB-0153             
1 48044U 21025C   26097.62679455  .00000068  00000+0  15052-3 0  9997
2 48044  87.8996 334.2745 0001699  78.7126 281.4193 13.13469440244286
ONEWEB-0154             
1 48045U 21025D   26097.69958903 -.00000197  00000+0 -57322-3 0  9994
2 48045  87.8997 334.2576 0001813  81.6334 278.5000 13.13470153244256
ONEWEB-0116             
1 48046U 21025E   26097.66233690  .00000085  00000+0  19701-3 0  9994
2 48046  87.9004 334.2557 0001774  85.9196 274.2136 13.13468418244394
ONEWEB-0150             
1 48047U 21025F   26097.41011121  .00000214  00000+0  55027-3 0  9996
2 48047  87.9007 334.3034 0001513  81.5661 278.5640 13.13468719244255
ONEWEB-0107             
1 48048U 21025G   26097.64033212  .00000055  00000+0  11452-3 0  9994
2 48048  87.9006 334.2527 0001684  72.5061 287.6252 13.13470197244268
ONEWEB-0101             
1 48049U 21025H   26097.67926030 -.00000305  00000+0 -86902-3 0  9999
2 48049  87.8995 334.2679 0001847  77.5878 282.5458 13.13468426244247
ONEWEB-0113             
1 48050U 21025J   26097.87979244  .00000207  00000+0  52688-3 0  9991
2 48050  87.9002 334.1449 0001769  93.5476 266.5856 13.13949529244374
ONEWEB-0112             
1 48051U 21025K   26097.72159046  .00000236  00000+0  61250-3 0  9993
2 48051  87.9004 334.2345 0001885  74.6932 285.4405 13.13468487244345
ONEWEB-0156             
1 48052U 21025L   26097.88241076  .00000251  00000+0  65305-3 0  9998
2 48052  87.9001 334.2132 0001621  77.8914 282.2397 13.13467851244349
ONEWEB-0161             
1 48053U 21025M   26097.39995459  .00000145  00000+0  36143-3 0  9996
2 48053  87.8993 334.3156 0001635  75.9886 284.1425 13.13469285244210
ONEWEB-0158             
1 48054U 21025N   26097.35931726 -.00000021  00000+0 -91693-4 0  9997
2 48054  87.9004 334.3169 0001977  87.7822 272.3533 13.13468466244331
ONEWEB-0157             
1 48055U 21025P   26097.68941456 -.00000235  00000+0 -67965-3 0  9996
2 48055  87.9004 334.2556 0001720  67.6275 292.5036 13.13468581244314
ONEWEB-0162             
1 48056U 21025Q   26097.58942029 -.00000157  00000+0 -46519-3 0  9998
2 48056  87.9003 334.2798 0001542  81.7698 278.3606 13.13469078244272
ONEWEB-0155             
1 48057U 21025R   26097.36778051 -.00000202  00000+0 -58827-3 0  9993
2 48057  87.8996 334.3209 0001835  76.4474 283.6859 13.13468357244389
ONEWEB-0149             
1 48058U 21025S   26097.69450572 -.00000238  00000+0 -68551-3 0  9999
2 48058  87.9003 334.2547 0001499  82.5608 277.5692 13.13469470244235
ONEWEB-0148             
1 48059U 21025T   26097.88579951  .00000057  00000+0  12085-3 0  9992
2 48059  87.8994 334.2295 0001114  76.5497 283.5757 13.13467766244388
ONEWEB-0160             
1 48060U 21025U   26097.36947840 -.00000169  00000+0 -49758-3 0  9996
2 48060  87.8998 334.3278 0002114 101.1790 258.9577 13.13470289244265
ONEWEB-0163             
1 48061U 21025V   26097.88748418  .00000182  00000+0  46297-3 0  9992
2 48061  87.9000 334.2183 0001705  71.6107 288.5208 13.13468387244450
ONEWEB-0159             
1 48062U 21025W   26097.87902636  .00000335  00000+0  88211-3 0  9998
2 48062  87.9003 334.2086 0001582  74.4171 285.7132 13.13468720244378
ONEWEB-0164             
1 48063U 21025X   26097.17480708  .00000233  00000+0  60368-3 0  9993
2 48063  87.9005 334.3551 0001785  83.9613 276.1719 13.13469216244264
ONEWEB-0167             
1 48064U 21025Y   26097.65980141  .00000062  00000+0  13571-3 0  9997
2 48064  87.8999 334.2752 0002226  69.1386 290.9981 13.13467341244310
ONEWEB-0166             
1 48065U 21025Z   26097.75883213 -.00000294  00000+0 -84048-3 0  9997
2 48065  87.9003 334.2205 0001537  79.2193 280.9109 13.13469190244408
ONEWEB-0151             
1 48066U 21025AA  26097.76051575 -.00000545  00000+0 -15280-2 0  9997
2 48066  87.8998 334.2440 0001855  79.8008 280.3330 13.13469589244341
ONEWEB-0170             
1 48067U 21025AB  26097.69281347 -.00000235  00000+0 -67838-3 0  9995
2 48067  87.8994 334.2590 0002155  86.7494 273.3882 13.13469676244299
ONEWEB-0168             
1 48068U 21025AC  26097.60139811 -.00000382  00000+0 -10821-2 0  9997
2 48068  87.9004 334.2706 0001669  75.0103 285.1211 13.13468838244295
ONEWEB-0173             
1 48069U 21025AD  26097.74528307 -.00000090  00000+0 -28035-3 0  9998
2 48069  87.9002 334.2480 0001850  69.5145 290.6183 13.13467647244554
ONEWEB-0171             
1 48070U 21025AE  26097.40164819  .00000111  00000+0  27010-3 0  9991
2 48070  87.8992 334.3264 0001818  81.3316 278.8019 13.13469443244327
ONEWEB-0172             
1 48071U 21025AF  26097.68603368 -.00000316  00000+0 -89929-3 0  9995
2 48071  87.8991 334.2570 0001836  77.5939 282.5395 13.13469103245259
ONEWEB-0174             
1 48072U 21025AG  26097.66741330 -.00000113  00000+0 -34386-3 0  9998
2 48072  87.8994 334.2624 0001580  79.1655 280.9652 13.13468221244574
ONEWEB-0175             
1 48073U 21025AH  26097.69787939 -.00000315  00000+0 -89856-3 0  9993
2 48073  87.9003 334.2345 0002070  80.5449 279.5914 13.13469947244233
ONEWEB-0177             
1 48074U 21025AJ  26097.63356306  .00000215  00000+0  55255-3 0  9991
2 48074  87.9004 334.2685 0001606  74.1208 286.0098 13.13469824244418
ONEWEB-0178             
1 48075U 21025AK  26097.88085457  .00000308  00000+0  80831-3 0  9996
2 48075  87.8981 334.2417 0001928  75.6810 284.4533 13.13468437244490
ONEWEB-0108             
1 48076U 21025AL  26097.68773362 -.00000330  00000+0 -93805-3 0  9996
2 48076  87.9007 334.2459 0001606  87.7783 272.3530 13.13469412244399
ONEWEB-0169             
1 48077U 21025AM  26097.71989905  .00000257  00000+0  66940-3 0  9999
2 48077  87.8996 334.2535 0001582  87.3546 272.7764 13.13468420243050
ONEWEB-0176             
1 48210U 21031A   26097.84614979 -.00000096  00000+0 -29438-3 0  9999
2 48210  87.8934 303.7403 0001761  84.7417 275.3913 13.14502692239076
ONEWEB-0184             
1 48211U 21031B   26097.81918421 -.00000157  00000+0 -45784-3 0  9996
2 48211  87.8947 303.7394 0002449  78.1199 282.0205 13.14501089239043
ONEWEB-0179             
1 48212U 21031C   26097.83334490  .00001324  00000+0  14547-2 0  9994
2 48212  87.8941 303.4719 0001298  46.8477 252.8606 13.71502021  4936
ONEWEB-0180             
1 48213U 21031D   26097.82235546 -.00000243  00000+0 -69051-3 0  9998
2 48213  87.8940 303.7402 0001724  76.1828 283.9494 13.14500616238976
ONEWEB-0218             
1 48214U 21031E   26097.84456377 -.00000194  00000+0 -55777-3 0  9993
2 48214  87.8934 303.7342 0002388  70.8701 289.2687 13.14502731239133
ONEWEB-0209             
1 48215U 21031F   26097.52898425 -.00000396  00000+0 -11024-2 0  9993
2 48215  87.8926 303.8214 0001570  80.5933 279.5374 13.14502526239093
ONEWEB-0198             
1 48216U 21031G   26097.81774036 -.00000277  00000+0 -78291-3 0  9995
2 48216  87.8932 303.7641 0001824  73.1584 286.9745 13.14502492239249
ONEWEB-0189             
1 48217U 21031H   26097.83028301 -.00000547  00000+0 -15099-2 0  9991
2 48217  87.8938 303.7400 0001802  76.4245 283.7085 13.14502878238985
ONEWEB-0196             
1 48218U 21031J   26097.80809705 -.00000005  00000+0 -49208-4 0  9994
2 48218  87.8939 303.7550 0001699  81.9241 278.2082 13.14501648238984
ONEWEB-0183             
1 48219U 21031K   26097.85883203  .00000035  00000+0  60862-4 0  9995
2 48219  87.8931 303.7443 0001494  90.2207 269.9094 13.14502889239086
ONEWEB-0185             
1 48220U 21031L   26097.80888046 -.00000002  00000+0 -41232-4 0  9998
2 48220  87.8937 303.7412 0001314  80.1973 279.9305 13.14503482239007
ONEWEB-0187             
1 48221U 21031M   26097.86503604 -.00000078  00000+0 -24464-3 0  9999
2 48221  87.8925 303.7583 0001547  78.5580 281.5723 13.14501831239028
ONEWEB-0192             
1 48222U 21031N   26097.83503965 -.00000440  00000+0 -12217-2 0  9992
2 48222  87.8921 303.7530 0001767  84.7983 275.3348 13.14501806238932
ONEWEB-0219             
1 48223U 21031P   26097.81443002 -.00000065  00000+0 -21031-3 0  9994
2 48223  87.8936 303.7453 0001506  80.7646 279.3654 13.14501407239130
ONEWEB-0202             
1 48224U 21031Q   26097.87153024  .00000095  00000+0  22059-3 0  9995
2 48224  87.8938 303.7432 0002199  73.3208 286.8163 13.14501980239124
ONEWEB-0204             
1 48225U 21031R   26097.82949763 -.00000198  00000+0 -56858-3 0  9994
2 48225  87.8940 303.7462 0001408  92.0666 268.0625 13.14501949239017
ONEWEB-0205             
1 48226U 21031S   26097.65267882  .00000084  00000+0  19217-3 0  9991
2 48226  87.8937 303.7728 0001556  82.1375 277.9931 13.14501123239002
ONEWEB-0206             
1 48227U 21031T   26097.32127184  .00000152  00000+0  37521-3 0  9990
2 48227  87.8944 303.8410 0001766  94.1457 265.9874 13.14504139238919
ONEWEB-0182             
1 48228U 21031U   26097.84931905 -.00000071  00000+0 -22568-3 0  9999
2 48228  87.8936 303.7459 0001483  91.7909 268.3390 13.14502684239198
ONEWEB-0186             
1 48229U 21031V   26097.86042300  .00000243  00000+0  61993-3 0  9998
2 48229  87.8934 303.7317 0001631  83.8994 276.2321 13.14501920239140
ONEWEB-0181             
1 48230U 21031W   26097.83821712 -.00000393  00000+0 -10943-2 0  9995
2 48230  87.8927 303.7743 0001686  80.3971 279.7350 13.14502045238995
ONEWEB-0188             
1 48231U 21031X   26097.80015724 -.00000152  00000+0 -44459-3 0  9994
2 48231  87.8926 303.7804 0001629  86.4219 273.7097 13.14501635238897
ONEWEB-0220             
1 48232U 21031Y   26097.83980247 -.00000255  00000+0 -72266-3 0  9990
2 48232  87.8939 303.7351 0001499  81.5257 278.6043 13.14503231239162
ONEWEB-0165             
1 48233U 21031Z   26097.86835884  .00000105  00000+0  24795-3 0  9996
2 48233  87.8940 303.7464 0001825  77.0314 283.1019 13.14503099239129
ONEWEB-0199             
1 48234U 21031AA  26097.85250397  .00000165  00000+0  40930-3 0  9991
2 48234  87.8943 303.7316 0001727  93.3777 266.7551 13.14503046239023
ONEWEB-0203             
1 48235U 21031AB  26097.84297945 -.00000035  00000+0 -12885-3 0  9997
2 48235  87.8947 303.7353 0001865  86.7690 273.3653 13.14502013239033
ONEWEB-0197             
1 48236U 21031AC  26097.81746001 -.00000112  00000+0 -33580-3 0  9998
2 48236  87.8934 303.7353 0001432  94.7181 265.4112 13.14501110238942
ONEWEB-0194             
1 48237U 21031AD  26097.79698793 -.00000048  00000+0 -16336-3 0  9998
2 48237  87.8937 303.7581 0001856  91.8585 268.2757 13.14501771239114
ONEWEB-0193             
1 48238U 21031AE  26097.81284172 -.00000023  00000+0 -96026-4 0  9992
2 48238  87.8935 303.7464 0002105  97.0040 263.1329 13.14501265239066
ONEWEB-0191             
1 48239U 21031AF  26097.82395655 -.00000389  00000+0 -10829-2 0  9993
2 48239  87.8937 303.7399 0001505  91.1342 268.9960 13.14503020238928
ONEWEB-0195             
1 48240U 21031AG  26097.80095517  .00000107  00000+0  25330-3 0  9997
2 48240  87.8949 303.7415 0001812  74.4289 285.7040 13.14500304238903
ONEWEB-0201             
1 48241U 21031AH  26097.86531980  .00000190  00000+0  47915-3 0  9998
2 48241  87.8930 303.7546 0001315  82.7386 277.3893 13.14502003239145
ONEWEB-0207             
1 48242U 21031AJ  26097.84535492  .00000005  00000+0 -20827-4 0  9999
2 48242  87.8948 303.7344 0001421  85.7529 274.3763 13.14501773239057
ONEWEB-0208             
1 48243U 21031AK  26097.82712179 -.00000248  00000+0 -70315-3 0  9993
2 48243  87.8939 303.7489 0001825  78.1912 281.9423 13.14501587239069
ONEWEB-0200             
1 48244U 21031AL  26097.48617442  .00000013  00000+0 -15065-6 0  9996
2 48244  87.8936 303.8053 0001628  82.9214 277.2101 13.14502583238948
ONEWEB-0217             
1 48245U 21031AM  26097.80650262 -.00000032  00000+0 -12205-3 0  9992
2 48245  87.8938 303.7422 0001801  75.6745 284.4584 13.14501121238932
ONEWEB-0211             
1 48767U 21045A   26097.49232632  .00000047  00000+0  88711-4 0  9998
2 48767  87.8934 273.2037 0002223  78.5973 281.5407 13.16193242235149
ONEWEB-0223             
1 48768U 21045B   26097.45994695 -.00000086  00000+0 -26223-3 0  9993
2 48768  87.8937 273.2998 0002135  89.1505 270.9870 13.15548198235105
ONEWEB-0230             
1 48769U 21045C   26097.73565595 -.00000283  00000+0 -78520-3 0  9994
2 48769  87.8929 273.2647 0001691  98.6614 261.4707 13.15547756235406
ONEWEB-0237             
1 48770U 21045D   26097.72456458 -.00000224  00000+0 -62808-3 0  9999
2 48770  87.8932 273.2686 0002021  95.1703 264.9658 13.15547581235122
ONEWEB-0235             
1 48771U 21045E   26097.85132203 -.00000103  00000+0 -30820-3 0  9998
2 48771  87.8938 273.2223 0002163  90.7879 269.3500 13.15547834235135
ONEWEB-0242             
1 48772U 21045F   26097.84497906 -.00000116  00000+0 -34170-3 0  9998
2 48772  87.8938 273.2194 0001885  97.4873 262.6471 13.15548325235174
ONEWEB-0241             
1 48773U 21045G   26097.52807850 -.00000222  00000+0 -62447-3 0  9993
2 48773  87.8926 273.3091 0002025  85.3061 274.8300 13.15547847235041
ONEWEB-0243             
1 48774U 21045H   26097.86401173  .00000029  00000+0  42851-4 0  9990
2 48774  87.8929 273.2534 0002238 101.7874 258.3508 13.15547775235112
ONEWEB-0222             
1 48775U 21045J   26097.84736050  .00000069  00000+0  14927-3 0  9990
2 48775  87.8937 273.2189 0001851  91.1358 268.9985 13.15549795235151
ONEWEB-0244             
1 48776U 21045K   26097.49322430 -.00000143  00000+0 -41314-3 0  9990
2 48776  87.8939 273.2804 0001853  94.3897 265.7445 13.15547923235677
ONEWEB-0247             
1 48777U 21045L   26097.71822964 -.00000073  00000+0 -22820-3 0  9996
2 48777  87.8930 273.2774 0002601  97.3017 262.8409 13.15547950235144
ONEWEB-0245             
1 48778U 21045M   26097.71346435 -.00000021  00000+0 -90138-4 0  9992
2 48778  87.8940 273.2508 0001797  86.7106 273.4230 13.15548163235111
ONEWEB-0229             
1 48779U 21045N   26097.86083050 -.00000075  00000+0 -23432-3 0  9991
2 48779  87.8938 273.2197 0001873  97.7803 262.3540 13.15547693235167
ONEWEB-0228             
1 48780U 21045P   26097.74213752 -.00000235  00000+0 -65891-3 0  9997
2 48780  87.8946 273.2307 0001849  93.5370 266.5972 13.15548518235068
ONEWEB-0232             
1 48781U 21045Q   26097.71665549  .00000076  00000+0  16809-3 0  9996
2 48781  87.8952 273.2380 0001763  94.5675 265.5656 13.15548146235381
ONEWEB-0231             
1 48782U 21045R   26097.84657043 -.00000098  00000+0 -29465-3 0  9999
2 48782  87.8929 273.2336 0001956  90.9697 269.1657 13.15548111235096
ONEWEB-0234             
1 48783U 21045S   26097.50418856  .00000026  00000+0  34271-4 0  9991
2 48783  87.8932 273.2800 0001362  65.7846 294.3426 13.15548296235182
ONEWEB-0238             
1 48784U 21045T   26097.50445592 -.00000224  00000+0 -62945-3 0  9999
2 48784  87.8929 273.2730 0001475  81.0099 279.1199 13.15548465235082
ONEWEB-0240             
1 48785U 21045U   26097.75400512  .00296742  00000+0  77986+0 0  9997
2 48785  87.8934 273.2299 0012104  46.2702 313.9427 13.14039093235143
ONEWEB-0246             
1 48786U 21045V   26097.74832963 -.00000316  00000+0 -87339-3 0  9995
2 48786  87.8938 273.2384 0001855  96.9649 263.1693 13.15547822235018
ONEWEB-0210             
1 48787U 21045W   26097.72297285  .00000078  00000+0  17298-3 0  9996
2 48787  87.8942 273.2404 0002570 104.6242 255.5173 13.15550422235050
ONEWEB-0214             
1 48788U 21045X   26097.50352167 -.00000057  00000+0 -18583-3 0  9991
2 48788  87.8940 273.2803 0002023 103.9831 256.1525 13.15549947234991
ONEWEB-0221             
1 48789U 21045Y   26097.51065015 -.00000109  00000+0 -32462-3 0  9996
2 48789  87.8938 273.2884 0001963  92.1121 268.0234 13.15547444235081
ONEWEB-0213             
1 48790U 21045Z   26097.72772360  .00000005  00000+0 -21983-4 0  9990
2 48790  87.8941 273.2487 0002077  95.2975 264.8392 13.15546864235178
ONEWEB-0212             
1 48791U 21045AA  26097.85687000  .00000111  00000+0  25959-3 0  9994
2 48791  87.8939 273.2177 0001691  93.3748 266.7576 13.15549601235188
ONEWEB-0227             
1 48792U 21045AB  26097.78002428 -.00000030  00000+0 -11407-3 0  9997
2 48792  87.8938 273.2351 0001816  92.5330 267.6008 13.15548524235126
ONEWEB-0226             
1 48793U 21045AC  26097.84973580 -.00000156  00000+0 -44784-3 0  9994
2 48793  87.8928 273.2281 0002011  98.0216 262.1143 13.15547818235103
ONEWEB-0224             
1 48794U 21045AD  26097.73722888 -.00000095  00000+0 -28763-3 0  9997
2 48794  87.8930 273.2865 0001985  67.4555 292.6785 13.15546586235011
ONEWEB-0233             
1 48795U 21045AE  26097.51368911 -.00000342  00000+0 -94371-3 0  9990
2 48795  87.8928 273.3396 0002025  89.4316 270.7046 13.15548944235000
ONEWEB-0190             
1 48796U 21045AF  26097.72930920 -.00000035  00000+0 -12691-3 0  9993
2 48796  87.8930 273.2580 0002467  92.3965 267.7447 13.15546367235100
ONEWEB-0236             
1 48797U 21045AG  26097.74673654 -.00000299  00000+0 -82877-3 0  9999
2 48797  87.8928 273.2654 0001613  92.4969 267.6346 13.15547800234993
ONEWEB-0248             
1 48798U 21045AH  26097.75943217 -.00000014  00000+0 -71290-4 0  9999
2 48798  87.8938 273.2392 0002123  85.0815 275.0558 13.15547734235152
ONEWEB-0225             
1 48799U 21045AJ  26097.78160195 -.00000142  00000+0 -41249-3 0  9991
2 48799  87.8930 273.2482 0002293  91.7855 268.3538 13.15547568235160
ONEWEB-0215             
1 48800U 21045AK  26097.75149715 -.00000330  00000+0 -91150-3 0  9991
2 48800  87.8939 273.2301 0002444  88.3099 271.8311 13.15547470235038
ONEWEB-0216             
1 48801U 21045AL  26097.76100767 -.00000133  00000+0 -38869-3 0  9996
2 48801  87.8936 273.2455 0001721  96.9290 263.2036 13.15547031235044
ONEWEB-0239             
1 48802U 21045AM  26097.84181756  .00000028  00000+0  41264-4 0  9998
2 48802  87.8926 273.2418 0002432  80.7210 279.4195 13.15547273235094
ONEWEB-0249             
1 48967U 21060A   26097.83170245  .00000073  00000+0  15858-3 0  9996
2 48967  87.9052 242.7577 0001793  96.7957 263.3378 13.16593871230353
ONEWEB-0250             
1 48968U 21060B   26097.82052290  .00000009  00000+0 -92432-5 0  9990
2 48968  87.9052 240.7445 0001632  66.3890 293.7417 13.25829526230896
ONEWEB-0252             
1 48970U 21060D   26097.86257720 -.00000081  00000+0 -24594-3 0  9995
2 48970  87.9048 242.7437 0001908 106.5631 253.5710 13.16593949230407
ONEWEB-0253             
1 48971U 21060E   26097.85148426  .00000072  00000+0  15391-3 0  9990
2 48971  87.9051 242.7520 0001835  97.4198 262.7142 13.16592933230335
ONEWEB-0254             
1 48972U 21060F   26097.86099803 -.00000061  00000+0 -19402-3 0  9993
2 48972  87.9053 242.7456 0001993  92.3275 267.8084 13.16594315230338
ONEWEB-0255             
1 48973U 21060G   26097.67101036  .00000143  00000+0  34166-3 0  9998
2 48973  87.9048 242.7918 0001947  96.5604 263.5749 13.16593703230383
ONEWEB-0256             
1 48974U 21060H   26097.84911927  .00003745  00000+0  97586-2 0  9991
2 48974  87.9052 242.7639 0001808 103.1456 256.9877 13.16586353230375
ONEWEB-0257             
1 48975U 21060J   26097.42559382 -.00000225  00000+0 -62240-3 0  9991
2 48975  87.9049 242.8316 0001933 100.4050 259.7299 13.16593880230275
ONEWEB-0258             
1 48976U 21060K   26097.65515972  .00000021  00000+0  21571-4 0  9999
2 48976  87.9049 242.7973 0001786  97.4295 262.7039 13.16593130230315
ONEWEB-0259             
1 48977U 21060L   26097.42083162  .00000044  00000+0  81161-4 0  9992
2 48977  87.9051 242.8433 0001877  95.7683 264.3662 13.16596327230315
ONEWEB-0260             
1 48978U 21060M   26097.64012117  .00000122  00000+0  28528-3 0  9993
2 48978  87.9050 242.8055 0001888 112.7316 247.4014 13.16593790230325
ONEWEB-0261             
1 48979U 21060N   26097.83804187  .00000585  00000+0  14962-2 0  9990
2 48979  87.9040 242.7643 0002180 100.0490 260.0887 13.16587194230405
ONEWEB-0262             
1 48980U 21060P   26097.81824118 -.00000166  00000+0 -46714-3 0  9994
2 48980  87.9051 242.7516 0001846  92.1698 267.9644 13.16594041230368
ONEWEB-0263             
1 48981U 21060Q   26097.84990663  .00000005  00000+0 -20968-4 0  9992
2 48981  87.9050 242.7575 0002128  95.7889 264.3485 13.16594041230339
ONEWEB-0264             
1 48982U 21060R   26097.65913469  .00000049  00000+0  95789-4 0  9991
2 48982  87.9050 242.7990 0002002 104.2080 255.9274 13.16595048230319
ONEWEB-0266             
1 48984U 21060T   26097.83249242  .00000081  00000+0  17802-3 0  9999
2 48984  87.9052 242.7539 0001703  98.6549 261.4775 13.16593693230328
ONEWEB-0267             
1 48985U 21060U   26097.84357873 -.00000047  00000+0 -15576-3 0  9991
2 48985  87.9048 242.7479 0001983 100.6447 259.4908 13.16593948230337
ONEWEB-0268             
1 48986U 21060V   26097.65991575 -.00000183  00000+0 -51270-3 0  9996
2 48986  87.9048 242.7941 0001801 102.5139 257.6193 13.16593810230570
ONEWEB-0269             
1 48987U 21060W   26097.41292311 -.00000186  00000+0 -52125-3 0  9996
2 48987  87.9038 242.8543 0001637 106.2666 253.8645 13.16593871230311
ONEWEB-0270             
1 48988U 21060X   26097.65833292 -.00000126  00000+0 -36326-3 0  9991
2 48988  87.9049 242.7962 0002081  92.1842 267.9528 13.16594054230388
ONEWEB-0271             
1 48989U 21060Y   26097.41768097  .00000013  00000+0  85185-7 0  9990
2 48989  87.9051 242.8357 0002040  97.7376 262.3987 13.16593977230357
ONEWEB-0272             
1 48990U 21060Z   26097.81982094 -.00000251  00000+0 -69118-3 0  9991
2 48990  87.9049 242.7661 0002021 106.7277 253.4076 13.16593529230356
ONEWEB-0273             
1 48991U 21060AA  26097.84199467 -.00000064  00000+0 -20024-3 0  9994
2 48991  87.9050 242.7602 0001910  97.5939 262.5408 13.16593906230339
ONEWEB-0274             
1 48992U 21060AB  26097.86729186  .00002702  00000+0  70295-2 0  9997
2 48992  87.9031 242.7652 0001770 111.3446 248.7874 13.16619901230377
ONEWEB-0275             
1 48993U 21060AC  26097.85624325 -.00000096  00000+0 -28459-3 0  9998
2 48993  87.9050 242.7497 0001844 102.3279 257.8059 13.16594312230309
ONEWEB-0276             
1 48994U 21060AD  26097.81348221 -.00000012  00000+0 -64127-4 0  9994
2 48994  87.9050 242.7586 0001861 105.8677 254.2659 13.16591331230314
ONEWEB-0277             
1 48995U 21060AE  26097.82616052 -.00000068  00000+0 -21197-3 0  9996
2 48995  87.9044 242.7685 0001924  98.0097 262.1252 13.16593320230303
ONEWEB-0278             
1 48996U 21060AF  26097.81664997 -.00000246  00000+0 -67622-3 0  9998
2 48996  87.9049 242.7554 0001560  97.0514 263.0794 13.16593174230435
ONEWEB-0279             
1 48997U 21060AG  26097.82458273 -.00000097  00000+0 -28845-3 0  9996
2 48997  87.9052 242.7530 0002057 101.5560 258.5802 13.16594141230364
ONEWEB-0280             
1 48998U 21060AH  26097.83960514  .00000102  00000+0  23222-3 0  9993
2 48998  87.9049 242.7545 0001809  88.9165 271.2173 13.16596000230303
ONEWEB-0281             
1 48999U 21060AJ  26097.84516163 -.00000082  00000+0 -24809-3 0  9993
2 48999  87.9048 242.7475 0001765 105.2297 254.9029 13.16593954230375
ONEWEB-0282             
1 49000U 21060AK  26097.79924093 -.00000209  00000+0 -58150-3 0  9993
2 49000  87.9048 242.7669 0001859  96.3224 263.8119 13.16594090230346
ONEWEB-0283             
1 49001U 21060AL  26097.86415786 -.00000110  00000+0 -32073-3 0  9993
2 49001  87.9050 242.7541 0001953 100.7262 259.4089 13.16593748230364
ONEWEB-0284             
1 49002U 21060AM  26097.85783062 -.00000054  00000+0 -17601-3 0  9995
2 49002  87.9050 242.7472 0001637  89.0506 271.0813 13.16594084230344
ONEWEB-0285             
1 49075U 21075A   26097.76958534 -.00000329  00000+0 -94916-3 0  9998
2 49075  87.9016   4.6459 0001861  77.7035 282.4301 13.12441540225971
ONEWEB-0286             
1 49076U 21075B   26097.75166542 -.00000140  00000+0 -42447-3 0  9991
2 49076  87.9003   4.6733 0001580  81.2957 278.8350 13.12440298225325
ONEWEB-0287             
1 49077U 21075C   26097.77382296  .00000023  00000+0  26626-4 0  9990
2 49077  87.9183  19.8512 0001371  77.7023 282.4262 13.17650773224351
ONEWEB-0288             
1 49078U 21075D   26097.72811431  .00000500  00000+0  13556-2 0  9990
2 49078  87.9013   4.6483 0001613  75.1643 284.9664 13.12443553225942
ONEWEB-0289             
1 49079U 21075E   26097.73656089  .00000043  00000+0  78425-4 0  9998
2 49079  87.9188  19.8718 0002031  67.4159 292.7187 13.17650377224929
ONEWEB-0290             
1 49080U 21075F   26097.86156353  .00000078  00000+0  16896-3 0  9994
2 49080  87.9190  19.8167 0002272  67.9821 292.1552 13.17652370224352
ONEWEB-0291             
1 49081U 21075G   26097.77044901  .00000037  00000+0  61905-4 0  9997
2 49081  87.9191  19.8432 0001575  68.7410 291.3889 13.17650832224330
ONEWEB-0293             
1 49082U 21075H   26097.71981438  .00000019  00000+0  16513-4 0  9992
2 49082  87.9184  19.8613 0001836  74.1562 285.9771 13.17651908224359
ONEWEB-0294             
1 49083U 21075J   26097.73487645  .00000159  00000+0  40551-3 0  9999
2 49083  87.9012   4.6499 0001928  68.6876 291.4458 13.12442271225331
ONEWEB-0295             
1 49084U 21075K   26097.71897517  .00000073  00000+0  15485-3 0  9994
2 49084  87.9184  19.8661 0001554  72.0242 288.1059 13.17648374224316
ONEWEB-0296             
1 49085U 21075L   26097.48581474 -.00000050  00000+0 -17401-3 0  9998
2 49085  87.9019   4.7035 0001543  70.2274 289.9021 13.12443502225304
ONEWEB-0297             
1 49086U 21075M   26097.74503124  .00000077  00000+0  17737-3 0  9993
2 49086  87.9002   4.6733 0001675  77.8840 282.2476 13.12440650225940
ONEWEB-0298             
1 49087U 21075N   26097.72335090  .00000029  00000+0  42288-4 0  9994
2 49087  87.9186  19.8625 0001802  84.5877 275.5460 13.17648633224346
ONEWEB-0299             
1 49088U 21075P   26097.72488625  .00000024  00000+0  29196-4 0  9996
2 49088  87.9196  19.8356 0001680  78.5345 281.5975 13.17651198224322
ONEWEB-0300             
1 49089U 21075Q   26097.73742148  .00000307  00000+0  81794-3 0  9996
2 49089  87.9013   4.6460 0001718  91.3442 268.7883 13.12442097225969
ONEWEB-0301             
1 49090U 21075R   26097.72132139  .00000265  00000+0  70212-3 0  9996
2 49090  87.9014   4.6489 0001854  90.3080 269.8261 13.12442847225326
ONEWEB-0302             
1 49091U 21075S   26097.78398365 -.00000078  00000+0 -25194-3 0  9991
2 49091  87.9014   4.6461 0001819  68.8912 291.2411 13.12442059225312
ONEWEB-0304             
1 49092U 21075T   26097.77549940  .00000060  00000+0  12211-3 0  9993
2 49092  87.9187  19.8545 0001665  76.6586 283.4731 13.17648661224306
ONEWEB-0305             
1 49093U 21075U   26097.76875173  .00000066  00000+0  13715-3 0  9999
2 49093  87.9192  19.8353 0001402  76.6417 283.4871 13.17648977224330
ONEWEB-0308             
1 49094U 21075V   26097.77720722 -.00000257  00000+0 -75091-3 0  9999
2 49094  87.9017   4.6401 0001825  79.1351 280.9983 13.12442118225327
ONEWEB-0309             
1 49095U 21075W   26097.77214471  .00000037  00000+0  61266-4 0  9993
2 49095  87.9181  19.8488 0001877  64.9334 295.1992 13.17649667224301
ONEWEB-0310             
1 49096U 21075X   26097.71624160  .00000168  00000+0  43226-3 0  9998
2 49096  87.9004   4.6804 0001799  78.0649 282.0681 13.12443212225942
ONEWEB-0311             
1 49097U 21075Y   26097.85481333  .00000074  00000+0  15626-3 0  9996
2 49097  87.9193  19.8279 0001344  83.2970 276.8314 13.17649979224369
ONEWEB-0312             
1 49098U 21075Z   26097.71814257  .00000011  00000+0 -52727-5 0  9994
2 49098  87.9184  19.8704 0001578  69.8636 290.2665 13.17651076224327
ONEWEB-0313             
1 49099U 21075AA  26097.72306347  .00000019  00000+0  15661-4 0  9994
2 49099  87.9186  19.8759 0001689  78.1560 281.9761 13.17651124224319
ONEWEB-0314             
1 49100U 21075AB  26097.76538034  .00000011  00000+0 -51649-5 0  9991
2 49100  87.9191  19.8326 0001506  69.5753 290.5540 13.17651343224295
ONEWEB-0315             
1 49101U 21075AC  26097.76535113 -.00000382  00000+0 -10981-2 0  9990
2 49101  87.9015   4.6286 0001472  87.2904 272.8393 13.12441318225930
ONEWEB-0316             
1 49102U 21075AD  26097.74546877 -.00000003  00000+0 -40452-4 0  9996
2 49102  87.9224 349.4643 0001683  81.5991 278.5332 13.18688293227925
ONEWEB-0317             
1 49103U 21075AE  26097.76873749 -.00000369  00000+0 -10613-2 0  9999
2 49103  87.9014   4.6506 0002440  68.5251 291.6137 13.12441469225953
ONEWEB-0318             
1 49104U 21075AF  26097.74216862  .00000029  00000+0  41529-4 0  9998
2 49104  87.9234 349.4601 0001506  85.3224 274.8080 13.18688654227882
ONEWEB-0319             
1 49105U 21075AG  26097.78056014  .00000094  00000+0  21004-3 0  9991
2 49105  87.9182  19.8521 0001391  92.6380 267.4911 13.17652224224331
ONEWEB-0323             
1 49106U 21075AH  26097.75011630 -.00000363  00000+0 -10452-2 0  9999
2 49106  87.9014   4.6365 0001242  87.4035 272.7236 13.12442165225312
ONEWEB-0329             
1 49107U 21075AJ  26097.78901510  .00000090  00000+0  19905-3 0  9996
2 49107  87.9183  19.8509 0001675  75.3162 284.8155 13.17651476224310
ONEWEB-0330             
1 49108U 21075AK  26097.73684602  .00000015  00000+0  54742-5 0  9999
2 49108  87.9186  19.8799 0001753  70.3564 289.7756 13.17648380224347
ONEWEB-0292             
1 49186U 21083A   26097.70127963 -.00000072  00000+0 -23145-3 0  9999
2 49186  87.8985 334.2814 0001574  85.8640 274.2669 13.13470016221678
ONEWEB-0303             
1 49187U 21083B   26097.73887008 -.00000004  00000+0 -43590-4 0  9998
2 49187  87.9228 349.4632 0001581  82.3972 277.7340 13.18688796220690
ONEWEB-0306             
1 49188U 21083C   26097.72899191  .00000054  00000+0  10468-3 0  9994
2 49188  87.9235 349.4490 0001943  76.4387 283.6962 13.18685386220730
ONEWEB-0307             
1 49189U 21083D   26097.69533848 -.00000110  00000+0 -33635-3 0  9991
2 49189  87.8995 334.2722 0001610  82.0632 278.0679 13.13468665221671
ONEWEB-0320             
1 49190U 21083E   26097.83334490 -.00043393  00000+0 -10963+0 0  9996
2 49190  87.9224 349.4542 0001745  80.1335 314.3389 13.19300692  5274
ONEWEB-0321             
1 49191U 21083F   26097.82286567 -.00000072  00000+0 -20820-3 0  9991
2 49191  87.9138 288.4834 0001962  84.8563 275.2794 13.20772251227547
ONEWEB-0322             
1 49192U 21083G   26097.69112053 -.00000268  00000+0 -76928-3 0  9992
2 49192  87.8987 334.2771 0002167  83.1194 277.0181 13.13469601221660
ONEWEB-0324             
1 49193U 21083H   26097.72237471  .00000056  00000+0  10927-3 0  9999
2 49193  87.9234 349.4557 0001725  75.0359 285.0963 13.18689351220712
ONEWEB-0325             
1 49194U 21083J   26097.72568051  .00000055  00000+0  10692-3 0  9999
2 49194  87.9226 349.4699 0001799  82.1148 278.0188 13.18684945220723
ONEWEB-0326             
1 49195U 21083K   26097.74066656  .00000042  00000+0  73946-4 0  9994
2 49195  87.9230 349.4588 0001543  88.2891 271.8418 13.18689338220712
ONEWEB-0327             
1 49196U 21083L   26097.74039475 -.00000020  00000+0 -83129-4 0  9996
2 49196  87.9227 349.4689 0001565  94.1081 266.0230 13.18686821220736
ONEWEB-0328             
1 49197U 21083M   26097.68096245 -.00000384  00000+0 -10872-2 0  9994
2 49197  87.9006 334.2436 0001647  76.7670 283.3642 13.13468595221646
ONEWEB-0331             
1 49198U 21083N   26097.73392971  .00000060  00000+0  11899-3 0  9996
2 49198  87.9235 349.4537 0001405  81.7174 278.4117 13.18686173220727
ONEWEB-0333             
1 49199U 21083P   26097.59970574 -.00000383  00000+0 -10843-2 0  9999
2 49199  87.8986 334.2932 0001718  82.8257 277.3067 13.13468709221644
ONEWEB-0334             
1 49200U 21083Q   26097.76447668  .00000055  00000+0  10396-3 0  9992
2 49200  87.9130 288.5105 0002700  88.0389 272.1054 13.20772975227497
ONEWEB-0335             
1 49201U 21083R   26097.67079868 -.00000169  00000+0 -49773-3 0  9995
2 49201  87.8992 334.2750 0001507  82.9061 277.2239 13.13467759221669
ONEWEB-0336             
1 49202U 21083S   26097.41349536  .00000258  00000+0  67062-3 0  9998
2 49202  87.8993 334.3225 0001291  79.9253 280.2021 13.13468773221624
ONEWEB-0337             
1 49203U 21083T   26097.88058705  .00000207  00000+0  53226-3 0  9996
2 49203  87.8987 334.2376 0001556  76.9102 283.2201 13.13469058221684
ONEWEB-0338             
1 49204U 21083U   26097.51195229  .00000080  00000+0  16357-3 0  9993
2 49204  87.9130 288.5659 0002078  89.5888 270.5483 13.20772541227489
ONEWEB-0339             
1 49205U 21083V   26097.66064368  .00000066  00000+0  14677-3 0  9996
2 49205  87.8996 334.2719 0001992  78.0077 282.1276 13.13468267221631
ONEWEB-0340             
1 49206U 21083W   26097.72072443  .00000088  00000+0  19030-3 0  9999
2 49206  87.9236 349.4617 0001689  81.2529 278.8794 13.18689335220683
ONEWEB-0341             
1 49207U 21083X   26097.72732625  .00000100  00000+0  22135-3 0  9990
2 49207  87.9226 349.4683 0001665  64.0532 296.0771 13.18685806220702
ONEWEB-0342             
1 49208U 21083Y   26097.82130397  .00000010  00000+0 -84954-5 0  9990
2 49208  87.9137 288.4851 0001841  88.9786 271.1558 13.20771846227498
ONEWEB-0343             
1 49209U 21083Z   26097.73559274  .00000047  00000+0  86014-4 0  9997
2 49209  87.9231 349.4624 0001964  65.6777 294.4560 13.18685705220756
ONEWEB-0344             
1 49210U 21083AA  26097.88410868  .00000149  00000+0  37191-3 0  9994
2 49210  87.8982 334.2477 0001559  68.4590 291.6705 13.13468412221662
ONEWEB-0345             
1 49211U 21083AB  26097.64710307  .00000053  00000+0  11019-3 0  9995
2 49211  87.8995 334.2655 0001643  70.3139 289.8167 13.13469195221648
ONEWEB-0346             
1 49212U 21083AC  26097.73227315  .00000056  00000+0  10881-3 0  9997
2 49212  87.9224 349.4686 0001179  95.0836 265.0430 13.18688002220697
ONEWEB-0348             
1 49213U 21083AD  26097.81182154  .00000014  00000+0  16026-5 0  9991
2 49213  87.9140 288.4901 0001162  90.6619 269.4647 13.20772384227526
ONEWEB-0350             
1 49214U 21083AE  26097.88494969  .00000118  00000+0  28957-3 0  9998
2 49214  87.8997 334.2172 0001498  69.7409 290.3881 13.13471301221706
ONEWEB-0351             
1 49215U 21083AF  26097.50233941  .00000013  00000+0 -60465-6 0  9997
2 49215  87.9141 288.5504 0002443  75.8657 284.2748 13.20773597227444
ONEWEB-0352             
1 49216U 21083AG  26097.40841628  .00000288  00000+0  75485-3 0  9992
2 49216  87.8994 334.3270 0002086  74.8077 285.3283 13.13469144221732
ONEWEB-0354             
1 49217U 21083AH  26097.75500245  .00000019  00000+0  15595-4 0  9997
2 49217  87.9140 288.4989 0001460  86.0492 274.0808 13.20772385227516
ONEWEB-0355             
1 49218U 21083AJ  26097.66586190 -.00000098  00000+0 -30224-3 0  9995
2 49218  87.8984 334.2840 0001785  74.3267 285.8059 13.13467649221640
ONEWEB-0357             
1 49219U 21083AK  26097.82760244 -.00000012  00000+0 -61655-4 0  9997
2 49219  87.9138 288.4790 0001851  86.8059 273.3286 13.20772502227520
ONEWEB-0332             
1 49279U 21090A   26097.80968766 -.00000136  00000+0 -40222-3 0  9991
2 49279  87.8940 303.7574 0001928  90.4581 269.6769 13.14502371218334
ONEWEB-0347             
1 49280U 21090B   26097.81813884 -.00000047  00000+0 -14875-3 0  9990
2 49280  87.9139 288.4898 0001944  97.0637 263.0717 13.20772276221759
ONEWEB-0349             
1 49281U 21090C   26097.47092470  .00000076  00000+0  15451-3 0  9994
2 49281  87.9141 288.5593 0001736  90.5527 269.5806 13.20772350220494
ONEWEB-0353             
1 49282U 21090D   26097.64950982  .00000127  00000+0  30883-3 0  9998
2 49282  87.8937 303.7836 0001914  91.0963 269.0386 13.14500738218313
ONEWEB-0356             
1 49283U 21090E   26097.77236664  .00000085  00000+0  17696-3 0  9997
2 49283  87.9139 288.4922 0001740 119.9483 240.1823 13.20772514220531
ONEWEB-0358             
1 49284U 21090F   26097.49933440  .00000022  00000+0  21788-4 0  9992
2 49284  87.9141 288.5499 0001602  92.4294 267.7022 13.20772468221228
ONEWEB-0359             
1 49285U 21090G   26097.79919479 -.00000079  00000+0 -22588-3 0  9994
2 49285  87.9140 288.4869 0001454  86.6743 273.4557 13.20771501221243
ONEWEB-0360             
1 49286U 21090H   26097.48671366  .00000087  00000+0  18108-3 0  9991
2 49286  87.9139 288.5556 0001613  86.8231 273.3087 13.20772060220514
ONEWEB-0361             
1 49287U 21090J   26097.77079243  .00000083  00000+0  17204-3 0  9992
2 49287  87.9140 288.4968 0001634  96.8276 263.3043 13.20772161221004
ONEWEB-0362             
1 49288U 21090K   26097.51596629  .00000008  00000+0 -11360-4 0  9993
2 49288  87.9181 319.0703 0001839  77.8720 282.2619 13.19727366217591
ONEWEB-0363             
1 49289U 21090L   26097.78657139  .00000069  00000+0  13706-3 0  9998
2 49289  87.9138 288.4944 0001551 101.8888 258.2420 13.20772808221012
ONEWEB-0364             
1 49290U 21090M   26097.52141677  .00000067  00000+0  13229-3 0  9995
2 49290  87.9131 288.5591 0001713  90.6920 269.4409 13.20772287222112
ONEWEB-0365             
1 49291U 21090N   26097.14635863 -.00000067  00000+0 -19910-3 0  9994
2 49291  87.9191 319.1265 0001840  84.1303 276.0040 13.19727240217051
ONEWEB-0366             
1 49292U 21090P   26097.79857602  .00000149  00000+0  36681-3 0  9996
2 49292  87.8926 303.7607 0001635  87.2985 272.8332 13.14500979218319
ONEWEB-0367             
1 49293U 21090Q   26097.78498976  .00000076  00000+0  15545-3 0  9996
2 49293  87.9139 288.4945 0001828  85.1394 274.9948 13.20772264220534
ONEWEB-0368             
1 49294U 21090R   26097.75823293 -.00013292  00000+0 -32807-1 0  9992
2 49294  87.9119 288.5179 0002246 108.4483 251.6894 13.20697995221682
ONEWEB-0369             
1 49295U 21090S   26097.52070894 -.00000084  00000+0 -24201-3 0  9995
2 49295  87.9179 319.0670 0001816  86.6464 273.4876 13.19727329217098
ONEWEB-0370             
1 49296U 21090T   26097.79446816  .00000078  00000+0  15914-3 0  9998
2 49296  87.9138 288.4936 0001625  81.3797 278.7521 13.20772225220576
ONEWEB-0371             
1 49297U 21090U   26097.68023326 -.00000045  00000+0 -14443-3 0  9996
2 49297  87.9180 319.0246 0001803  82.0765 278.0572 13.19727431217156
ONEWEB-0372             
1 49298U 21090V   26097.78327679 -.00000002  00000+0 -37527-4 0  9998
2 49298  87.9139 288.4964 0001833  91.1444 268.9899 13.20772575220543
ONEWEB-0373             
1 49299U 21090W   26097.81023308  .00000032  00000+0  46222-4 0  9998
2 49299  87.9134 288.4944 0001608  91.1289 269.0029 13.20773275221731
ONEWEB-0374             
1 49300U 21090X   26097.86201477  .00000201  00000+0  50850-3 0  9990
2 49300  87.8937 303.7342 0001403 109.1440 250.9842 13.14502253218321
ONEWEB-0375             
1 49301U 21090Y   26097.79761946  .00000066  00000+0  13040-3 0  9994
2 49301  87.9140 288.4864 0001311 105.5360 254.5918 13.20772559221239
ONEWEB-0376             
1 49302U 21090Z   26097.67866628 -.00000066  00000+0 -19801-3 0  9998
2 49302  87.9190 319.0206 0001951  84.5788 275.5567 13.19724154217151
ONEWEB-0377             
1 49303U 21090AA  26097.48051831  .00000163  00000+0  36814-3 0  9999
2 49303  87.9147 288.5515 0001692  87.4166 272.7161 13.20781122221188
ONEWEB-0378             
1 49304U 21090AB  26097.80564229 -.00000013  00000+0 -62757-4 0  9998
2 49304  87.9136 288.4955 0001638  94.8970 265.2350 13.20772183220496
ONEWEB-0379             
1 49305U 21090AC  26097.47666241  .00000136  00000+0  33260-3 0  9999
2 49305  87.8937 303.8221 0001682  92.6592 267.4730 13.14501667218277
ONEWEB-0380             
1 49306U 21090AD  26097.37223073 -.00000062  00000+0 -18834-3 0  9991
2 49306  87.9176 319.0938 0001479  83.3428 276.7873 13.19727031217086
ONEWEB-0381             
1 49307U 21090AE  26097.78026412  .00000115  00000+0  25020-3 0  9997
2 49307  87.9140 288.4957 0001566  98.2863 261.8447 13.20772178220533
ONEWEB-0382             
1 49308U 21090AF  26097.76763749  .00000013  00000+0  97875-6 0  9994
2 49308  87.9137 288.4942 0001630 101.7738 258.3578 13.20771419220529
ONEWEB-0383             
1 49309U 21090AG  26097.85090096 -.00000128  00000+0 -38027-3 0  9993
2 49309  87.8943 303.7333 0001726  93.5840 266.5487 13.14502454218359
ONEWEB-0384             
1 49310U 21090AH  26097.75815890  .00000065  00000+0  12685-3 0  9991
2 49310  87.9138 288.5392 0001749 108.4940 251.6384 13.20809372220535
ONEWEB-0385             
1 49311U 21090AJ  26097.75973689  .00000013  00000+0  45943-6 0  9992
2 49311  87.9140 288.5003 0001615  97.3004 262.8313 13.20773088220504
ONEWEB-0386             
1 49312U 21090AK  26097.77709909  .00000072  00000+0  14407-3 0  9990
2 49312  87.9147 288.4830 0001713 100.0521 260.0805 13.20773156220528
ONEWEB-0387             
1 49313U 21090AL  26097.76130477  .00001060  00000+0  25754-2 0  9992
2 49313  87.9129 288.5195 0001450  91.6233 268.5066 13.20782388220526
ONEWEB-0388             
1 49314U 21090AM  26097.59494347 -.00000039  00000+0 -13093-3 0  9994
2 49314  87.9180 319.0466 0001671  88.9339 271.1985 13.19726611217101
ONEWEB-0389             
1 50469U 21132A   26097.72994160  .00000021  00000+0  21746-4 0  9991
2 50469  87.9187  19.8619 0001474  83.1498 276.9801 13.17649454208804
ONEWEB-0390             
1 50470U 21132B   26097.73163887  .00000092  00000+0  20439-3 0  9993
2 50470  87.9186  19.8624 0001801  70.7433 289.3893 13.17650434208805
ONEWEB-0391             
1 50471U 21132C   26097.73331597  .00000070  00000+0  14628-3 0  9998
2 50471  87.9185  19.8712 0000986  69.5747 290.5490 13.17649316208804
ONEWEB-0392             
1 50472U 21132D   26097.76369115  .00000090  00000+0  19788-3 0  9993
2 50472  87.9194  19.8281 0001418  80.8375 279.2917 13.17647932208844
ONEWEB-0393             
1 50473U 21132E   26097.73923826  .00000077  00000+0  16584-3 0  9992
2 50473  87.9184  19.8555 0001637  79.0714 281.0602 13.17648507208838
ONEWEB-0394             
1 50474U 21132F   26097.68444354 -.00000013  00000+0 -65292-4 0  9994
2 50474  87.9232 349.4563 0001580  83.5772 276.5540 13.18685127212302
ONEWEB-0395             
1 50475U 21132G   26097.74513575  .00000343  00000+0  93284-3 0  9999
2 50475  87.8903  35.0727 0001679  74.1456 285.9857 13.11416229206486
ONEWEB-0396             
1 50476U 21132H   26097.75372161  .00000053  00000+0  10154-3 0  9998
2 50476  87.9235 349.4546 0001634  82.6121 277.5196 13.18684157212351
ONEWEB-0397             
1 50477U 21132J   26097.76856713  .00000082  00000+0  17502-3 0  9996
2 50477  87.9234 349.4517 0001681  87.4435 272.6890 13.18686156212338
ONEWEB-0398             
1 50478U 21132K   26097.86551468 -.00000171  00000+0 -51851-3 0  9993
2 50478  87.8918  35.0322 0001875  69.2415 290.8913 13.11419687206393
ONEWEB-0399             
1 50479U 21132L   26097.85192419 -.00000528  00000+0 -15261-2 0  9990
2 50479  87.8920  35.0446 0001509  91.7380 268.3920 13.11415830206382
ONEWEB-0400             
1 50480U 21132M   26097.74711905 -.00000015  00000+0 -70014-4 0  9997
2 50480  87.9235 349.4458 0001755  74.3361 285.7964 13.18685100212326
ONEWEB-0401             
1 50481U 21132N   26097.41229703  .00001364  00000+0  34260-2 0  9999
2 50481  87.9243 349.5090 0002111  85.7786 274.3587 13.18692175212283
ONEWEB-0402             
1 50482U 21132P   26097.67949962 -.00000038  00000+0 -12885-3 0  9993
2 50482  87.9234 349.4465 0002050  93.4237 266.7129 13.18687382212346
ONEWEB-0403             
1 50483U 21132Q   26097.70424061 -.00000010  00000+0 -57954-4 0  9993
2 50483  87.9236 349.4647 0001616  79.4548 280.6766 13.18684485212306
ONEWEB-0404             
1 50484U 21132R   26097.75699030 -.00000134  00000+0 -41371-3 0  9991
2 50484  87.8905  35.0681 0001514  79.2221 280.9078 13.11415087206460
ONEWEB-0405             
1 50485U 21132S   26097.64321303  .00000069  00000+0  14231-3 0  9995
2 50485  87.9235 349.4606 0001864  63.4494 296.6829 13.18687807212690
ONEWEB-0406             
1 50486U 21132T   26097.63330954 -.00000063  00000+0 -19140-3 0  9997
2 50486  87.9226 349.4856 0001278  83.2570 276.8707 13.18688344212324
ONEWEB-0407             
1 50487U 21132U   26097.70258891  .00000041  00000+0  70373-4 0  9995
2 50487  87.9235 349.4581 0001938  80.7370 279.3982 13.18688622212279
ONEWEB-0409             
1 50488U 21132V   26097.75529862 -.00000115  00000+0 -35909-3 0  9999
2 50488  87.8913  35.0514 0001551  75.4184 284.7116 13.11414041206357
ONEWEB-0412             
1 50489U 21132W   26097.69104513  .00000056  00000+0  10967-3 0  9994
2 50489  87.9226 349.4724 0001906  87.6691 272.4660 13.18688655212360
ONEWEB-0413             
1 50490U 21132X   26097.77186653  .00000047  00000+0  85883-4 0  9990
2 50490  87.9223 349.4591 0001973  85.3716 274.7641 13.18685837212316
ONEWEB-0414             
1 50491U 21132Y   26097.68114480 -.00000021  00000+0 -85471-4 0  9997
2 50491  87.9232 349.4518 0001740  85.9944 274.1387 13.18684911212332
ONEWEB-0417             
1 50492U 21132Z   26097.76527302  .00000070  00000+0  14547-3 0  9995
2 50492  87.9224 349.4604 0001525  77.5366 282.5937 13.18687953212328
ONEWEB-0418             
1 50493U 21132AA  26097.77504098  .00000076  00000+0  16017-3 0  9994
2 50493  87.9234 349.4517 0001368  78.6681 281.4605 13.18687907212385
ONEWEB-0419             
1 50494U 21132AB  26097.64155845  .00000041  00000+0  72032-4 0  9995
2 50494  87.9236 349.4776 0001610  70.8715 289.2591 13.18686046212289
ONEWEB-0420             
1 50495U 21132AC  26097.68280314 -.00000036  00000+0 -12321-3 0  9990
2 50495  87.9225 349.4791 0001966  79.7012 280.4342 13.18686881212281
ONEWEB-0421             
1 50496U 21132AD  26097.75207995  .00000000  00000+0 -33421-4 0  9998
2 50496  87.9236 349.4594 0001694  92.6828 267.4498 13.18684346212339
ONEWEB-0424             
1 50497U 21132AE  26097.71249292  .00000059  00000+0  11683-3 0  9999
2 50497  87.9238 349.4629 0001723  68.3775 291.7540 13.18685666212351
ONEWEB-0426             
1 50498U 21132AF  26097.74877397  .00000077  00000+0  16171-3 0  9993
2 50498  87.9235 349.4477 0001318 102.0184 258.1095 13.18689014212308
ONEWEB-0427             
1 50499U 21132AG  26097.71082867  .00000106  00000+0  23689-3 0  9996
2 50499  87.9231 349.4422 0001529  79.9867 280.1437 13.18688201212323
ONEWEB-0429             
1 50500U 21132AH  26097.69765298  .00000053  00000+0  10249-3 0  9991
2 50500  87.9226 349.4750 0001879  79.5471 280.5873 13.18685667212296
ONEWEB-0430             
1 50501U 21132AJ  26097.68610795 -.00000020  00000+0 -83337-4 0  9997
2 50501  87.9228 349.4755 0001878  73.0911 287.0426 13.18687081212334
ONEWEB-0432             
1 50502U 21132AK  26097.64431843  .00000022  00000+0  22335-4 0  9990
2 50502  87.9234 349.4533 0001364  57.1995 302.9268 13.18647010212284
ONEWEB-0440             
1 50503U 21132AL  26097.40239487  .00000105  00000+0  23372-3 0  9998
2 50503  87.9236 349.5223 0001993  89.2725 270.8636 13.18685933212243
ONEWEB-0450             
1 50504U 21132AM  26097.69944079  .00000035  00000+0  55234-4 0  9995
2 50504  87.9224 349.4759 0001998  77.3572 282.7783 13.18685640212315
ONEWEB-0410             
1 51622U 22012A   26097.74849201  .00000027  00000+0  36443-4 0  9994
2 51622  87.9193  19.8400 0000591 114.1328 245.9866 13.17651664204424
ONEWEB-0411             
1 51623U 22012B   26097.76410442  .00000406  00000+0  11280-2 0  9999
2 51623  87.8831  50.2757 0002216  66.6069 293.5291 13.10376883200063
ONEWEB-0415             
1 51624U 22012C   26097.76076678  .00000220  00000+0  59340-3 0  9993
2 51624  87.8831  50.2786 0001945  72.0831 288.0508 13.10374621200060
ONEWEB-0416             
1 51625U 22012D   26097.84876749  .00000653  00000+0  18356-2 0  9991
2 51625  87.8826  50.2811 0001763  65.8686 294.2625 13.10375327200119
ONEWEB-0422             
1 51626U 22012E   26097.75863855  .00000107  00000+0  24177-3 0  9999
2 51626  87.9194  19.8409 0002443  84.7980 275.3430 13.17648935204535
ONEWEB-0423             
1 51627U 22012F   26097.75188773  .00000056  00000+0  11206-3 0  9991
2 51627  87.9189  19.8510 0001858  81.8004 278.3338 13.17650523204421
ONEWEB-0425             
1 51628U 22012G   26097.85872263  .00000642  00000+0  18038-2 0  9997
2 51628  87.8832  50.2590 0001595  86.8020 273.3290 13.10373012200116
ONEWEB-0428             
1 51629U 22012H   26097.30429437  .00000376  00000+0  10395-2 0  9991
2 51629  87.8825  50.3800 0001934  81.3617 278.7729 13.10377049200001
ONEWEB-0431             
1 51630U 22012J   26097.57970100 -.00000515  00000+0 -15128-2 0  9996
2 51630  87.8833  50.3134 0002358  68.8532 291.2847 13.10371095200094
ONEWEB-0434             
1 51631U 22012K   26097.86217551  .00000556  00000+0  15558-2 0  9993
2 51631  87.8825  50.2832 0001405  96.6211 263.5076 13.10372580200114
ONEWEB-0435             
1 51632U 22012L   26097.87034153  .00000259  00000+0  70548-3 0  9991
2 51632  87.8814  50.2716 0002180  82.6234 277.5141 13.10373251200108
ONEWEB-0436             
1 51633U 22012M   26097.74345864  .00000038  00000+0  65716-4 0  9999
2 51633  87.9192  19.8314 0002071  78.7767 281.3597 13.17649332204408
ONEWEB-0438             
1 51634U 22012N   26097.85373953  .00000720  00000+0  20259-2 0  9991
2 51634  87.8825  50.2763 0001691  82.1505 277.9814 13.10374426200135
ONEWEB-0439             
1 51635U 22012P   26097.85708004  .00000750  00000+0  21123-2 0  9995
2 51635  87.8821  50.2642 0001916  84.1775 275.9571 13.10373486200110
ONEWEB-0442             
1 51636U 22012Q   26097.73585342  .00000075  00000+0  15993-3 0  9990
2 51636  87.9184  19.8699 0001223  81.2235 278.9035 13.17651802204397
ONEWEB-0443             
1 51637U 22012R   26097.75526111 -.00000046  00000+0 -15215-3 0  9999
2 51637  87.9182  19.8685 0001862  89.6284 270.5061 13.17650084204440
ONEWEB-0444             
1 51638U 22012S   26097.38894886  .00000718  00000+0  20212-2 0  9992
2 51638  87.8822  50.3561 0001901  86.1127 274.0218 13.10371695200064
ONEWEB-0445             
1 51639U 22012T   26097.86873493  .00001405  00000+0  39874-2 0  9995
2 51639  87.8827  50.2424 0001900  74.6288 285.5049 13.10381393200139
ONEWEB-0446             
1 51640U 22012U   26097.76908899  .00000617  00000+0  17321-2 0  9992
2 51640  87.8823  50.2968 0001855  75.7378 284.3955 13.10375555200104
ONEWEB-0448             
1 51641U 22012V   26097.85046010  .00000619  00000+0  17380-2 0  9998
2 51641  87.8821  50.2784 0001891  81.6641 278.4701 13.10370753200083
ONEWEB-0449             
1 51642U 22012W   26097.85540197  .00000712  00000+0  20026-2 0  9999
2 51642  87.8832  50.2585 0001528  90.0446 270.0857 13.10374242200097
ONEWEB-0451             
1 51643U 22012X   26097.74007749  .00000046  00000+0  85289-4 0  9993
2 51643  87.9194  19.8276 0001623  82.9554 277.1762 13.17647310204389
ONEWEB-0452             
1 51644U 22012Y   26097.73838013  .00000028  00000+0  38263-4 0  9999
2 51644  87.9185  19.8715 0001766  88.2899 271.8434 13.17648223204399
ONEWEB-0456             
1 51646U 22012AA  26097.86536704  .00000457  00000+0  12729-2 0  9990
2 51646  87.8840  50.2384 0002029  81.9017 278.2341 13.10370703200138
ONEWEB-0457             
1 51647U 22012AB  26097.84211762  .00000411  00000+0  11399-2 0  9995
2 51647  87.8825  50.2696 0001569  70.2588 289.8709 13.10376531200131
ONEWEB-0458             
1 51648U 22012AC  26097.86370155  .00000472  00000+0  13160-2 0  9995
2 51648  87.8826  50.2479 0001807  85.4879 274.6455 13.10370685200097
ONEWEB-0461             
1 51649U 22012AD  26097.76032373  .00000123  00000+0  28365-3 0  9999
2 51649  87.9196  19.8385 0001741  75.0591 285.0733 13.17651094204619
ONEWEB-0463             
1 51650U 22012AE  26097.74175703  .00000012  00000+0 -23842-5 0  9999
2 51650  87.9181  19.8716 0001755  74.1729 285.9595 13.17648018204393
ONEWEB-0464             
1 51651U 22012AF  26097.86039115  .00000565  00000+0  15820-2 0  9995
2 51651  87.8820  50.2755 0002117  86.4494 273.6876 13.10372094200116
ONEWEB-0468             
1 51652U 22012AG  26097.86702583  .00000363  00000+0  10047-2 0  9994
2 51652  87.8818  50.2685 0002160  86.6557 273.4818 13.10370360200091
ONEWEB-0473             
1 51653U 22012AH  26097.85208510  .00000690  00000+0  19402-2 0  9992
2 51653  87.8822  50.2730 0001930  84.6082 275.5265 13.10374885200098
ONEWEB-0474             
1 51654U 22012AJ  26097.76741950  .00000515  00000+0  14386-2 0  9995
2 51654  87.8833  50.2677 0002096  87.9137 272.2230 13.10373148200077
ONEWEB-0475             
1 51655U 22012AK  26097.75357745  .00000043  00000+0  78193-4 0  9994
2 51655  87.9181  19.8615 0002198  95.8664 264.2718 13.17648530204415
ONEWEB-0490             
1 54113U 22138A   26097.85240217  .00000068  00000+0  13725-3 0  9997
2 54113  87.9181 318.9886 0001930  84.6212 275.5141 13.19727327167550
ONEWEB-0492             
1 54114U 22138B   26097.87768135  .00000082  00000+0  17287-3 0  9997
2 54114  87.9177 318.9898 0001892  79.5878 280.5468 13.19726695167563
ONEWEB-0495             
1 54115U 22138C   26097.32484418  .00000041  00000+0  69457-4 0  9999
2 54115  87.9179 319.1017 0002440  86.3343 273.8069 13.19726771167472
ONEWEB-0497             
1 54116U 22138D   26097.86820230  .00000003  00000+0 -24028-4 0  9999
2 54116  87.9175 318.9841 0001829  83.9927 276.1414 13.19726987167538
ONEWEB-0499             
1 54117U 22138E   26097.85162157  .00000039  00000+0  65180-4 0  9998
2 54117  87.9181 318.9982 0001858  90.6531 269.4814 13.19723986167546
ONEWEB-0500             
1 54118U 22138F   26097.32326537  .00000090  00000+0  19150-3 0  9997
2 54118  87.9181 319.0925 0001711  81.5385 278.5941 13.19727155167487
ONEWEB-0501             
1 54119U 22138G   26097.88400071  .00000055  00000+0  10430-3 0  9998
2 54119  87.9178 318.9817 0002071  87.0317 273.1053 13.19726929167537
ONEWEB-0502             
1 54120U 22138H   26097.86978105  .00000039  00000+0  63964-4 0  9999
2 54120  87.9185 318.9714 0001952  90.0078 270.1278 13.19727341167555
ONEWEB-0503             
1 54121U 22138J   26097.85872345 -.00000006  00000+0 -47610-4 0  9994
2 54121  87.9192 318.9778 0001613  93.1819 266.9498 13.19727247167546
ONEWEB-0504             
1 54122U 22138K   26097.84608791  .00000048  00000+0  86757-4 0  9995
2 54122  87.9177 318.9882 0001901  90.4933 269.6417 13.19727350167550
ONEWEB-0505             
1 54123U 22138L   26097.84293076  .00000002  00000+0 -26573-4 0  9993
2 54123  87.9190 318.9881 0002197  90.5908 269.5476 13.19724943167533
ONEWEB-0506             
1 54124U 22138M   26097.51439086 -.00000022  00000+0 -87763-4 0  9992
2 54124  87.9190 319.0507 0001999  88.2363 271.8999 13.19727021167489
ONEWEB-0507             
1 54125U 22138N   26097.83819692 -.00000007  00000+0 -49642-4 0  9990
2 54125  87.9177 319.0051 0001949  84.8021 275.3334 13.19726557167572
ONEWEB-0508             
1 54126U 22138P   26097.53175863 -.00000031  00000+0 -11052-3 0  9993
2 54126  87.9183 319.0651 0002201  82.3173 277.8209 13.19723588167512
ONEWEB-0509             
1 54127U 22138Q   26097.88556950  .00000047  00000+0  86158-4 0  9997
2 54127  87.9190 318.9771 0001846  85.1747 274.9597 13.19727434167538
ONEWEB-0510             
1 54128U 22138R   26097.75342318 -.00000047  00000+0 -14688-3 0  9995
2 54128  87.9139 288.4973 0001233  90.5157 269.6117 13.20771971169989
ONEWEB-0511             
1 54129U 22138S   26097.88242715 -.00001053  00000+0 -26622-2 0  9998
2 54129  87.9192 318.9820 0001931  92.6789 267.4564 13.19729866167566
ONEWEB-0512             
1 54130U 22138T   26097.64707512  .00000041  00000+0  70574-4 0  9996
2 54130  87.9180 319.0396 0002043  91.2205 268.9162 13.19723978167500
ONEWEB-0513             
1 54131U 22138U   26097.68159069  .00000021  00000+0  19213-4 0  9990
2 54131  87.9188 318.9857 0002476 104.2402 255.9006 13.20265007167412
ONEWEB-0514             
1 54132U 22138V   26097.51122895 -.00000023  00000+0 -88926-4 0  9991
2 54132  87.9176 319.0561 0001601  85.0365 275.0950 13.19727184167505
ONEWEB-0515             
1 54133U 22138W   26097.81656382 -.00000021  00000+0 -83756-4 0  9992
2 54133  87.9146 288.4752 0001394  60.2363 299.8909 13.20771593170019
ONEWEB-0516             
1 54134U 22138X   26097.86506153  .00000025  00000+0  31334-4 0  9995
2 54134  87.9179 318.9971 0001825  81.2371 278.8968 13.19726499167559
ONEWEB-0517             
1 54135U 22138Y   26097.84451137  .00000009  00000+0 -10021-4 0  9998
2 54135  87.9179 318.9908 0001604  94.3494 265.7822 13.19726510167554
ONEWEB-0518             
1 54136U 22138Z   26097.86346360 -.00000012  00000+0 -63503-4 0  9990
2 54136  87.9179 318.9990 0001906  85.1570 274.9780 13.19726972167551
ONEWEB-0519             
1 54137U 22138AA  26097.66127776 -.00000006  00000+0 -46196-4 0  9999
2 54137  87.9188 319.0221 0001675  92.1269 268.0055 13.19727273167539
ONEWEB-0520             
1 54138U 22138AB  26097.84766531  .00000041  00000+0  69934-4 0  9990
2 54138  87.9180 318.9890 0002003  85.7138 274.4223 13.19727194167542
ONEWEB-0521             
1 54139U 22138AC  26097.88084112  .00000019  00000+0  14458-4 0  9999
2 54139  87.9190 318.9683 0001548  90.3492 269.7818 13.19726714167490
ONEWEB-0522             
1 54140U 22138AD  26097.86029821  .00000045  00000+0  80896-4 0  9993
2 54140  87.9192 318.9741 0001868  86.8080 273.3266 13.19726887167531
ONEWEB-0523             
1 54141U 22138AE  26097.50090524 -.00000007  00000+0 -48004-4 0  9998
2 54141  87.9141 288.5520 0000961  80.4077 279.7165 13.20772270169979
ONEWEB-0524             
1 54142U 22138AF  26097.79289874  .00001028  00000+0  24969-2 0  9992
2 54142  87.9138 288.4911 0001604  58.6386 301.4904 13.20767116170018
ONEWEB-0525             
1 54143U 22138AG  26097.87926046  .00000042  00000+0  73190-4 0  9998
2 54143  87.9179 318.9820 0002008  85.1351 275.0011 13.19726903167555
ONEWEB-0526             
1 54144U 22138AH  26097.83660581 -.00000005  00000+0 -44170-4 0  9991
2 54144  87.9189 318.9882 0001814  82.8766 277.2573 13.19723680167526
ONEWEB-0529             
1 54145U 22138AJ  26097.83976949 -.00000048  00000+0 -15144-3 0  9995
2 54145  87.9177 319.0024 0001953  84.5375 275.5980 13.19726924167542
ONEWEB-0531             
1 54146U 22138AK  26097.77868295  .00000080  00000+0  16592-3 0  9995
2 54146  87.9137 288.4926 0001083  64.1128 296.0117 13.20771872170013
ONEWEB-0535             
1 54147U 22138AL  26097.87294020  .00000018  00000+0  13559-4 0  9998
2 54147  87.9188 318.9747 0001389  84.8869 275.2422 13.19726781167561
ONEWEB-0536             
1 54148U 22138AM  26097.76605854  .00000062  00000+0  12059-3 0  9990
2 54148  87.9124 288.5260 0001147  55.9054 304.2188 13.20772514170003
ONEWEB-0527             
1 54642U 22166A   26097.84877061  .00000080  00000+0  16257-3 0  9994
2 54642  87.9185 258.0090 0001777  95.2458 264.8879 13.21824634162243
ONEWEB-0528             
1 54643U 22166B   26097.85475561  .00000047  00000+0  81653-4 0  9991
2 54643  87.9184 258.0115 0001960  94.7878 265.3480 13.21967116162253
ONEWEB-0539             
1 54644U 22166C   26097.51483681  .00000054  00000+0  99282-4 0  9992
2 54644  87.9191 258.0470 0001809 105.6859 254.4475 13.21796195162204
ONEWEB-0540             
1 54645U 22166D   26097.67308236  .00000010  00000+0 -75264-5 0  9990
2 54645  87.9184 258.0504 0001763 100.9596 259.1737 13.21768238162211
ONEWEB-0542             
1 54646U 22166E   26097.44919387  .00000027  00000+0  33223-4 0  9996
2 54646  87.9190 258.0574 0001803 107.7912 252.3419 13.21754686162199
ONEWEB-0545             
1 54647U 22166F   26097.86814817  .00000095  00000+0  19942-3 0  9991
2 54647  87.9185 257.9911 0001740 114.7012 245.4303 13.21900051162213
ONEWEB-0580             
1 54648U 22166G   26097.84280688  .00000015  00000+0  36111-5 0  9994
2 54648  87.9184 257.9962 0001605 109.0651 251.0656 13.21692007162252
ONEWEB-0582             
1 54649U 22166H   26097.50645590 -.00000074  00000+0 -21136-3 0  9991
2 54649  87.9183 258.0561 0001711 112.5455 247.5860 13.21829688162184
ONEWEB-0583             
1 54650U 22166J   26097.44249104  .00000057  00000+0  10656-3 0  9991
2 54650  87.9183 258.0922 0001766 102.0913 258.0419 13.21785892162185
ONEWEB-0584             
1 54651U 22166K   26097.84113188  .00000351  00000+0  82087-3 0  9992
2 54651  87.9181 257.9998 0001660 106.5305 253.6012 13.21701911162227
ONEWEB-0585             
1 54652U 22166L   26097.86481791  .00000068  00000+0  13366-3 0  9992
2 54652  87.9186 257.9792 0001759  92.6685 267.4650 13.21916542162230
ONEWEB-0586             
1 54653U 22166M   26097.49977462  .00000053  00000+0  95942-4 0  9992
2 54653  87.9183 258.0783 0001787 104.0309 256.1024 13.21861200162186
ONEWEB-0587             
1 54654U 22166N   26097.73690844  .00000009  00000+0 -10271-4 0  9990
2 54654  87.9195 257.9976 0001926  87.0684 273.0670 13.21820582162377
ONEWEB-0589             
1 54655U 22166P   26097.72348498 -.00000003  00000+0 -38568-4 0  9999
2 54655  87.9183 258.0216 0001542 127.8434 232.2839 13.21873703162236
ONEWEB-0590             
1 54656U 22166Q   26097.67280787  .00000018  00000+0  11574-4 0  9992
2 54656  87.9191 258.0150 0001363  90.8514 269.2776 13.21768375162218
ONEWEB-0591             
1 54657U 22166R   26097.83609271  .00000012  00000+0 -16006-5 0  9995
2 54657  87.9186 258.0022 0001710  97.2353 262.8975 13.21720067162260
ONEWEB-0592             
1 54658U 22166S   26097.83944125  .00000458  00000+0  10789-2 0  9998
2 54658  87.9190 257.9742 0001757  97.6478 262.4856 13.21709279162149
ONEWEB-0593             
1 54659U 22166T   26097.86145984  .00000101  00000+0  21151-3 0  9999
2 54659  87.9185 257.9861 0001826 103.1122 257.0215 13.21930135162250
ONEWEB-0594             
1 54660U 22166U   26097.50310183 -.00000041  00000+0 -13151-3 0  9993
2 54660  87.9183 258.0756 0001816  95.1251 265.0090 13.21846178162227
ONEWEB-0595             
1 54661U 22166V   26097.85810387  .00000083  00000+0  16948-3 0  9994
2 54661  87.9193 257.9793 0001711  91.2890 268.8440 13.21944357162248
ONEWEB-0596             
1 54662U 22166W   26097.83273911 -.00000051  00000+0 -15413-3 0  9992
2 54662  87.9184 258.0005 0001732  94.5194 265.6138 13.21733744162248
ONEWEB-0597             
1 54663U 22166X   26097.51148389 -.00000047  00000+0 -14645-3 0  9999
2 54663  87.9183 258.0689 0001723 103.2002 256.9324 13.21810122162204
ONEWEB-0600             
1 54664U 22166Y   26097.87153493  .00000071  00000+0  14001-3 0  9992
2 54664  87.9185 257.9882 0001989 101.4408 258.6949 13.21888654162223
ONEWEB-0601             
1 54665U 22166Z   26097.86313629  .00000058  00000+0  10969-3 0  9995
2 54665  87.9183 258.0065 0001677 106.7084 253.4235 13.21923383162410
ONEWEB-0602             
1 54666U 22166AA  26097.82853982  .00000024  00000+0  27804-4 0  9993
2 54666  87.9183 258.0200 0002029 101.5052 258.6310 13.21751589162252
ONEWEB-0603             
1 54667U 22166AB  26097.83441385  .00000073  00000+0  14598-3 0  9994
2 54667  87.9194 257.9681 0001792 102.0885 258.0450 13.21727493162180
ONEWEB-0604             
1 54668U 22166AC  26097.67126289  .00000014  00000+0  32697-5 0  9997
2 54668  87.9196 258.0152 0001812  95.1270 265.0071 13.21775003162122
ONEWEB-0605             
1 54669U 22166AD  26097.74025385 -.00000087  00000+0 -24138-3 0  9992
2 54669  87.9186 258.0219 0001340 112.7851 247.3425 13.21802696162207
ONEWEB-0606             
1 54670U 22166AE  26097.83777225  .00000042  00000+0  71114-4 0  9997
2 54670  87.9183 258.0152 0001769  92.1406 267.9930 13.21713234162279
ONEWEB-0607             
1 54671U 22166AF  26097.72853507 -.00000007  00000+0 -47428-4 0  9998
2 54671  87.9190 258.0030 0001875 101.9965 258.1379 13.21854176162236
ONEWEB-0608             
1 54672U 22166AG  26097.73522885  .00000014  00000+0  18664-5 0  9999
2 54672  87.9193 257.9963 0001554 115.4805 244.6489 13.21826754162244
ONEWEB-0610             
1 54673U 22166AH  26097.86646640  .00000082  00000+0  16665-3 0  9992
2 54673  87.9186 257.9915 0001716 120.2812 239.8492 13.21909334162163
ONEWEB-0611             
1 54674U 22166AJ  26097.85978046  .00000078  00000+0  15716-3 0  9991
2 54674  87.9184 257.9892 0001804  93.8843 266.2497 13.21936850162154
ONEWEB-0612             
1 54675U 22166AK  26097.49474365  .00000018  00000+0  10986-4 0  9996
2 54675  87.9196 258.0497 0001700 103.2196 256.9127 13.21881818162095
ONEWEB-0615             
1 54676U 22166AL  26097.85308633  .00000068  00000+0  13196-3 0  9991
2 54676  87.9186 257.9993 0002021  92.8716 267.2650 13.21966315162151
ONEWEB-0655             
1 54677U 22166AM  26097.52657528  .00000082  00000+0  16799-3 0  9994
2 54677  87.9184 258.0663 0002019 103.6148 256.5211 13.21748018162100
ONEWEB-0659             
1 54678U 22166AN  26097.84615921  .00001138  00000+0  27280-2 0  9990
2 54678  87.9182 258.0036 0001825  96.3284 263.8057 13.21687408162234
ONEWEB-0685             
1 54679U 22166AP  26097.84615388  .00000024  00000+0  26293-4 0  9996
2 54679  87.9180 257.9971 0001777 104.7598 255.3733 13.21815584162120
ONEWEB-0712             
1 54680U 22166AQ  26097.83881554 -.00000116  00000+0 -33603-3 0  9993
2 54680  87.9053 242.7514 0002256 105.6582 254.4798 13.16593748162807
ONEWEB-0714             
1 54681U 22166AR  26097.85139289  .00000049  00000+0  87028-4 0  9991
2 54681  87.9184 257.9913 0001914 102.7640 257.3708 13.21971745162241
ONEWEB-0532             
1 55140U 23004A   26097.71644922  .00000019  00000+0  15048-4 0  9994
2 55140  87.9185  19.8613 0001460  74.2564 285.8728 13.17651265158306
ONEWEB-0533             
1 55141U 23004B   26097.78554656 -.00000265  00000+0 -77216-3 0  9995
2 55141  87.9019   4.6500 0001750  85.0268 275.1060 13.12443816158827
ONEWEB-0541             
1 55142U 23004C   26097.76038400 -.00000300  00000+0 -88236-3 0  9992
2 55142  87.8916  35.0517 0001840  74.3555 285.7776 13.11414859156710
ONEWEB-0543             
1 55143U 23004D   26097.75043347 -.00000012  00000+0 -64297-4 0  9990
2 55143  87.9220 349.4775 0001999  85.4107 274.7253 13.18684409160416
ONEWEB-0544             
1 55144U 23004E   26097.74382195  .00000038  00000+0  63330-4 0  9990
2 55144  87.9223 349.4781 0001930  75.1114 285.0231 13.18688757160417
ONEWEB-0560             
1 55145U 23004F   26097.73723883  .00000052  00000+0  10001-3 0  9995
2 55145  87.9224 349.4688 0001943  75.9624 284.1724 13.18684670160421
ONEWEB-0565             
1 55146U 23004G   26097.73062806  .00000029  00000+0  40909-4 0  9992
2 55146  87.9211 349.5046 0001810  64.7031 295.4288 13.18687897160411
ONEWEB-0567             
1 55147U 23004H   26097.72404510  .00000046  00000+0  83362-4 0  9993
2 55147  87.9225 349.4836 0001925  68.6959 291.4378 13.18685422160410
ONEWEB-0569             
1 55148U 23004J   26097.69620126 -.00000107  00000+0 -32795-3 0  9996
2 55148  87.9003 334.2510 0002521  68.4306 291.7092 13.13469549160920
ONEWEB-0570             
1 55149U 23004K   26097.63825947  .00000063  00000+0  12687-3 0  9996
2 55149  87.9225 349.4987 0001377  69.0963 291.0317 13.18688230160396
ONEWEB-0571             
1 55150U 23004L   26097.25228333  .00000026  00000+0  34123-4 0  9991
2 55150  87.9227 349.5742 0002444  50.7846 309.3503 13.18687715160356
ONEWEB-0572             
1 55151U 23004M   26097.74682192  .00000057  00000+0  11468-3 0  9993
2 55151  87.9182  19.8565 0001839  71.7075 288.4256 13.17650527158204
ONEWEB-0573             
1 55152U 23004N   26097.77681657  .00000076  00000+0  15928-3 0  9998
2 55152  87.9222 349.4719 0001656  52.4777 307.6506 13.18685212160413
ONEWEB-0588             
1 55153U 23004P   26097.69434813  .00000122  00000+0  27619-3 0  9992
2 55153  87.9222 349.4889 0001452  67.8506 292.2780 13.18687877160407
ONEWEB-0598             
1 55154U 23004Q   26097.73834854  .00000411  00000+0  11233-2 0  9992
2 55154  87.8909  35.0742 0002333  66.9860 293.1514 13.11416526156669
ONEWEB-0599             
1 55155U 23004R   26097.78394804  .00000061  00000+0  12435-3 0  9991
2 55155  87.9181  19.8480 0002052  79.4561 280.6801 13.17651399158215
ONEWEB-0614             
1 55156U 23004S   26097.58066590  .00000446  00000+0  12223-2 0  9999
2 55156  87.8906  35.1136 0001643  80.3666 279.7647 13.11415844156583
ONEWEB-0616             
1 55157U 23004T   26097.75019656 -.00000002  00000+0 -38248-4 0  9997
2 55157  87.9182  19.8567 0002685  89.8972 270.2467 13.17650936158429
ONEWEB-0617             
1 55158U 23004U   26097.87398617  .00000130  00000+0  33049-3 0  9991
2 55158  87.8924  35.0416 0001424  75.7318 284.3968 13.11418181156646
ONEWEB-0618             
1 55159U 23004V   26097.74532422  .00006508  00000+0  37152-3 0  9996
2 55159  86.9133 206.1973 0012419 184.2211 175.8926 15.12498618171610
ONEWEB-0619             
1 55160U 23004W   26097.78225438  .00000058  00000+0  11534-3 0  9998
2 55160  87.9194  19.8255 0001707  93.3480 266.7847 13.17647968158320
ONEWEB-0620             
1 55161U 23004X   26097.86889295 -.00000044  00000+0 -15988-3 0  9999
2 55161  87.8910  35.0558 0001888  69.7481 290.3850 13.11418207156613
ONEWEB-0621             
1 55162U 23004Y   26097.74342750  .00000394  00000+0  10763-2 0  9998
2 55162  87.8919  35.0633 0001636  81.2833 278.8480 13.11414479156570
ONEWEB-0622             
1 55163U 23004Z   26097.74851712  .00000132  00000+0  33729-3 0  9990
2 55163  87.8916  35.0642 0001216  62.3769 297.7482 13.11414595156560
ONEWEB-0623             
1 55164U 23004AA  26097.85314462  .00000084  00000+0  18379-3 0  9999
2 55164  87.9185  19.8502 0001076  90.6304 269.4951 13.17651892158320
ONEWEB-0624             
1 55165U 23004AB  26097.77770876 -.00000203  00000+0 -59508-3 0  9990
2 55165  87.9012   4.5815 0001591  82.2012 277.9297 13.12926279158835
ONEWEB-0625             
1 55166U 23004AC  26097.76706610  .00000015  00000+0  54251-5 0  9996
2 55166  87.9182  19.8610 0001941  82.7681 277.3671 13.17646941158304
ONEWEB-0626             
1 55167U 23004AD  26097.75696046 -.00000002  00000+0 -38432-4 0  9997
2 55167  87.9185  19.8630 0002039  66.5388 293.5958 13.17649795158301
ONEWEB-0627             
1 55168U 23004AE  26097.74512835  .00000031  00000+0  45504-4 0  9998
2 55168  87.9183  19.8654 0001290  85.6445 274.4834 13.17648706158302
ONEWEB-0628             
1 55169U 23004AF  26097.73316772  .00000161  00000+0  41157-3 0  9993
2 55169  87.9012   4.6450 0001206  95.7580 264.3686 13.12442374158793
ONEWEB-0629             
1 55170U 23004AG  26097.18908177 -.00003105  00000+0 -80306-2 0  9991
2 55170  87.9197  19.9728 0001592 104.2649 255.8659 13.17665632158239
ONEWEB-0631             
1 55171U 23004AH  26097.68774076  .00000012  00000+0 -18367-5 0  9990
2 55171  87.9233 349.4495 0001655  62.9159 297.2142 13.18685165160389
ONEWEB-0709             
1 55172U 23004AJ  26097.85873394 -.00000368  00000+0 -10752-2 0  9995
2 55172  87.8908  35.0610 0002463  60.9900 299.1474 13.11419549156653
ONEWEB-0710             
1 55173U 23004AK  26097.73500210  .00000059  00000+0  11835-3 0  9996
2 55173  87.9180  19.8593 0001627  77.0728 283.0586 13.17651206158309
ONEWEB-0711             
1 55174U 23004AL  26097.75359836  .00000059  00000+0  13081-3 0  9990
2 55174  87.8917  35.0670 0001113  78.0233 282.1019 13.11414043156607
ONEWEB-0713             
1 55175U 23004AM  26097.84853565 -.00000739  00000+0 -21204-2 0  9991
2 55175  87.8920  35.0474 0001447  78.2196 281.9094 13.11416351156608
ONEWEB-0715             
1 55176U 23004AN  26097.76715465 -.00000406  00000+0 -11818-2 0  9990
2 55176  87.8916  35.0632 0002045  58.3076 301.8251 13.11414775156639
ONEWEB-0716             
1 55177U 23004AP  26097.72825860  .00000021  00000+0  21076-4 0  9998
2 55177  87.9185  19.8614 0002012  82.1937 277.9422 13.17651754158309
ONEWEB-0717             
1 55178U 23004AQ  26097.78731811  .00000079  00000+0  17102-3 0  9994
2 55178  87.9192  19.8320 0001144  69.9005 290.2249 13.17651460158361
ONEWEB-0719             
1 55179U 23004AR  26097.72151115  .00000096  00000+0  21419-3 0  9997
2 55179  87.9192  19.8261 0001859  84.1938 275.9405 13.17651225158300
ONEWEB-0530             
1 55796U 23029A   26097.48512642  .00000051  00000+0  92471-4 0  9996
2 55796  87.9127 288.5914 0001342 103.4756 256.6527 13.20772165151814
ONEWEB-0534             
1 55797U 23029B   26097.47249927  .00000089  00000+0  18746-3 0  9992
2 55797  87.9133 288.5930 0001854  92.5332 267.6014 13.20772897151811
ONEWEB-0556             
1 55798U 23029C   26097.78183402  .00000084  00000+0  17546-3 0  9994
2 55798  87.9128 288.5327 0002265 113.3530 246.7842 13.20772837151850
ONEWEB-0562             
1 55799U 23029D   26097.76921191  .00000045  00000+0  79367-4 0  9995
2 55799  87.9128 288.5156 0001454 122.3264 237.8010 13.20772430151851
ONEWEB-0563             
1 55800U 23029E   26097.53563429  .00000037  00000+0  58259-4 0  9997
2 55800  87.9128 288.5925 0001954  95.0044 265.1312 13.20770992151811
ONEWEB-0564             
1 55801U 23029F   26097.75658978 -.00000043  00000+0 -13771-3 0  9994
2 55801  87.9131 288.5209 0001459 102.1301 257.9996 13.20771871151855
ONEWEB-0638             
1 55802U 23029G   26097.52740717 -.00000116  00000+0 -34746-3 0  9999
2 55802  87.8933 303.8626 0001826 106.4945 253.6385 13.14502245150111
ONEWEB-0639             
1 55803U 23029H   26097.59810367 -.00000047  00000+0 -15089-3 0  9998
2 55803  87.9180 319.0526 0002734  79.7851 280.3590 13.19727394149596
ONEWEB-0640             
1 55804U 23029J   26097.84139379 -.00000268  00000+0 -75715-3 0  9991
2 55804  87.8930 303.7909 0002190 103.9798 256.1576 13.14503045150171
ONEWEB-0641             
1 55805U 23029K   26097.36591293 -.00000025  00000+0 -94912-4 0  9998
2 55805  87.9183 319.0859 0001892  82.0160 278.1187 13.19727411149579
ONEWEB-0642             
1 55806U 23029L   26097.58863576 -.00000046  00000+0 -14748-3 0  9990
2 55806  87.9180 319.0557 0002489  74.2995 285.8412 13.19726481149598
ONEWEB-0643             
1 55807U 23029M   26097.81125828 -.00000052  00000+0 -17548-3 0  9996
2 55807  87.8930 303.7840 0002160  72.5272 287.6094 13.14501060150149
ONEWEB-0644             
1 55808U 23029N   26097.88715424  .00000131  00000+0  29519-3 0  9998
2 55808  87.9174 319.0005 0002048  77.8246 282.3116 13.19727515149637
ONEWEB-0645             
1 55809U 23029P   26097.60599837 -.00000044  00000+0 -14231-3 0  9997
2 55809  87.9176 319.0513 0002198  89.2391 270.8993 13.19723564149598
ONEWEB-0646             
1 55810U 23029Q   26097.85082619  .00000051  00000+0  94239-4 0  9994
2 55810  87.9179 319.0025 0001982  79.0016 281.1339 13.19727010149614
ONEWEB-0648             
1 55811U 23029R   26097.55119153  .00000075  00000+0  16781-3 0  9997
2 55811  87.8935 303.8028 0002637  87.6794 272.4637 13.14502877150112
ONEWEB-0649             
1 55812U 23029S   26097.87608948 -.00000060  00000+0 -18151-3 0  9997
2 55812  87.9180 318.9945 0002053  85.7021 274.4346 13.19727259149659
ONEWEB-0650             
1 55813U 23029T   26097.87135954  .00000010  00000+0 -84564-5 0  9997
2 55813  87.9176 318.9982 0002189  79.0002 281.1377 13.19726880149626
ONEWEB-0652             
1 55814U 23029U   26097.83662671 -.00000391  00000+0 -10899-2 0  9995
2 55814  87.8924 303.7587 0001536  88.5943 271.5362 13.14502198150127
ONEWEB-0653             
1 55815U 23029V   26097.82077025 -.00000186  00000+0 -53710-3 0  9990
2 55815  87.8937 303.7552 0001671  93.5740 266.5580 13.14500468150152
ONEWEB-0654             
1 55816U 23029W   26097.81601249 -.00000142  00000+0 -41645-3 0  9997
2 55816  87.8929 303.7535 0001384  93.6569 266.4719 13.14500713150174
ONEWEB-0656             
1 55817U 23029X   26097.82601419 -.00000009  00000+0 -55172-4 0  9991
2 55817  87.9137 288.4758 0001359  99.9961 260.1325 13.20771074151868
ONEWEB-0657             
1 55818U 23029Y   26097.33589763  .00000072  00000+0  14659-3 0  9997
2 55818  87.9180 319.1036 0001270  64.2079 295.9185 13.19728112149562
ONEWEB-0658             
1 55819U 23029Z   26097.86188324  .00000026  00000+0  33023-4 0  9990
2 55819  87.9189 318.9686 0002076  77.5643 282.5722 13.19727348149647
ONEWEB-0660             
1 55820U 23029AA  26097.86994551  .00000185  00000+0  46494-3 0  9990
2 55820  87.8941 303.7321 0001954  92.8501 267.2852 13.14502061150160
ONEWEB-0661             
1 55821U 23029AB  26097.82870969 -.00000295  00000+0 -83079-3 0  9997
2 55821  87.8930 303.7931 0001885  95.6373 264.4972 13.14501409150142
ONEWEB-0662             
1 55822U 23029AC  26097.86359593  .00000215  00000+0  54455-3 0  9993
2 55822  87.8928 303.7940 0002016  92.7528 267.3833 13.14501262150197
ONEWEB-0663             
1 55823U 23029AD  26097.48635482  .00000048  00000+0  85059-4 0  9995
2 55823  87.9141 288.6167 0002188  91.2167 268.9218 13.20864420151810
ONEWEB-0664             
1 55824U 23029AE  26097.81340724  .00000008  00000+0 -12601-4 0  9995
2 55824  87.9127 288.5403 0001906 106.0889 254.0454 13.20771803151854
ONEWEB-0665             
1 55825U 23029AF  26097.52105556 -.00000472  00000+0 -13084-2 0  9996
2 55825  87.8927 303.8354 0002042  90.3932 269.7431 13.14502183150127
ONEWEB-0666             
1 55826U 23029AG  26097.80708592 -.00000016  00000+0 -70798-4 0  9998
2 55826  87.9129 288.5311 0001140  74.5321 285.5938 13.20772437151867
ONEWEB-0667             
1 55827U 23029AH  26097.80078164 -.00000001  00000+0 -34249-4 0  9999
2 55827  87.9146 288.4780 0001910  94.7323 265.4029 13.20772016151857
ONEWEB-0669             
1 55828U 23029AJ  26097.79604316  .00000021  00000+0  20319-4 0  9995
2 55828  87.9128 288.4990 0001354 109.9773 250.1506 13.20772362151856
ONEWEB-0670             
1 55829U 23029AK  26097.65109438  .00000161  00000+0  40103-3 0  9993
2 55829  87.8929 303.8279 0001893 100.0354 260.0989 13.14501023150167
ONEWEB-0671             
1 55830U 23029AL  26097.32642128  .00000102  00000+0  22178-3 0  9994
2 55830  87.9179 319.1064 0001883  88.1734 271.9615 13.19728198149553
ONEWEB-0672             
1 55831U 23029AM  26097.79128769  .00000002  00000+0 -28091-4 0  9997
2 55831  87.9136 288.4894 0001412  90.5243 269.6052 13.20773190151855
ONEWEB-0673             
1 55832U 23029AN  26097.83423780 -.00000026  00000+0 -96957-4 0  9997
2 55832  87.9179 318.9911 0001791  88.1757 271.9581 13.19726475149622
ONEWEB-0674             
1 55833U 23029AP  26097.84773082 -.00000183  00000+0 -52689-3 0  9999
2 55833  87.8927 303.7656 0001827 100.9670 259.1665 13.14501716150175
ONEWEB-0675             
1 55834U 23029AQ  26097.84924848 -.00000006  00000+0 -46313-4 0  9990
2 55834  87.9179 319.0040 0001609  74.3649 285.7662 13.19727212149649
ONEWEB-0720             
1 55835U 23029AR  26097.84135119  .00000044  00000+0  77519-4 0  9998
2 55835  87.9179 319.0061 0002099  84.3315 275.8057 13.19727149149566
ONEWEB-0537             
1 56046U 23043A   26097.82141162 -.00000047  00000+0 -15742-3 0  9996
2 56046  87.9053 242.7529 0001592  99.4327 260.6984 13.16594047149703
ONEWEB-0538             
1 56047U 23043B   26097.81507002 -.00000277  00000+0 -75695-3 0  9993
2 56047  87.9048 242.7565 0001769  91.9821 268.1513 13.16593767149710
ONEWEB-0546             
1 56048U 23043C   26097.42241829 -.00000286  00000+0 -78064-3 0  9996
2 56048  87.9052 242.8338 0001046  99.3583 260.7666 13.16594304149658
ONEWEB-0547             
1 56049U 23043D   26097.85053912  .00000084  00000+0  17221-3 0  9990
2 56049  87.9196 257.9830 0001915  93.4409 266.6944 13.21976161148934
ONEWEB-0548             
1 56050U 23043E   26097.82695410  .00000002  00000+0 -29505-4 0  9994
2 56050  87.9049 242.7516 0001928 115.0533 245.0798 13.16595930149708
ONEWEB-0549             
1 56051U 23043F   26097.84448741  .00000055  00000+0  10154-3 0  9996
2 56051  87.9183 257.9960 0001863  90.2058 269.9289 13.21685208148931
ONEWEB-0550             
1 56052U 23043G   26097.83105901  .00000010  00000+0 -72023-5 0  9991
2 56052  87.9185 257.9946 0001807 101.1716 258.9621 13.21740794148939
ONEWEB-0551             
1 56053U 23043H   26097.49796634 -.00000002  00000+0 -39979-4 0  9997
2 56053  87.8932 273.3336 0001918  86.6124 273.5226 13.15546988147101
ONEWEB-0552             
1 56054U 23043J   26097.67463250 -.00000012  00000+0 -61581-4 0  9998
2 56054  87.9181 258.0333 0002034  97.2327 262.9038 13.21758805148912
ONEWEB-0553             
1 56055U 23043K   26097.42875767 -.00000203  00000+0 -56508-3 0  9996
2 56055  87.9049 242.8344 0001399 106.7635 253.3649 13.16594002149666
ONEWEB-0554             
1 56056U 23043L   26097.41608873 -.00000182  00000+0 -50882-3 0  9993
2 56056  87.9049 242.8469 0001765 111.1126 249.0193 13.16593889149643
ONEWEB-0555             
1 56057U 23043M   26097.83406935  .00000079  00000+0  17346-3 0  9996
2 56057  87.9051 242.7490 0001213 106.4866 253.6398 13.16595669149709
ONEWEB-0557             
1 56058U 23043N   26097.84832146 -.00000033  00000+0 -12093-3 0  9991
2 56058  87.9050 242.7577 0001675 145.6665 214.4575 13.16594534149701
ONEWEB-0558             
1 56059U 23043P   26097.44081808  .00000087  00000+0  17889-3 0  9994
2 56059  87.9184 258.0734 0001984  82.8977 277.2383 13.21790697148893
ONEWEB-0559             
1 56060U 23043Q   26097.50479789  .00000019  00000+0  13956-4 0  9999
2 56060  87.9185 258.0541 0002054  93.2891 266.8478 13.21838486148913
ONEWEB-0566             
1 56061U 23043R   26097.49809752  .00000007  00000+0 -15670-4 0  9998
2 56061  87.9184 258.0541 0002006  90.8118 269.3246 13.21868152148896
ONEWEB-0568             
1 56062U 23043S   26097.86574625  .00000012  00000+0 -24510-5 0  9998
2 56062  87.9052 242.7448 0001473 102.0755 258.0541 13.16593754149720
ONEWEB-0574             
1 56063U 23043T   26097.86985315  .00000107  00000+0  22791-3 0  9992
2 56063  87.9198 257.9762 0001711 104.3727 255.7597 13.21896310148980
ONEWEB-0575             
1 56064U 23043U   26097.85939994 -.00000155  00000+0 -44015-3 0  9992
2 56064  87.9048 242.7426 0001614 115.7853 244.3444 13.16593508149716
ONEWEB-0576             
1 56065U 23043V   26097.84040931 -.00000065  00000+0 -20402-3 0  9990
2 56065  87.9052 242.7514 0001654 108.6817 251.4493 13.16593858149705
ONEWEB-0577             
1 56066U 23043W   26097.84673868  .00000113  00000+0  26073-3 0  9994
2 56066  87.9050 242.7486 0001865 127.3347 232.7954 13.16592940149730
ONEWEB-0578             
1 56067U 23043X   26097.85641097  .00000104  00000+0  21979-3 0  9995
2 56067  87.9186 257.9821 0001426  97.4872 262.6424 13.21954420148942
ONEWEB-0579             
1 56068U 23043Y   26097.84783483  .00002093  00000+0  50450-2 0  9995
2 56068  87.9190 257.9778 0002161  98.0661 262.0718 13.21687493148953
ONEWEB-0581             
1 56069U 23043Z   26097.85306320 -.00000133  00000+0 -38144-3 0  9990
2 56069  87.9050 242.7590 0001848 119.8597 240.2718 13.16594129149703
ONEWEB-0609             
1 56070U 23043AA  26097.75236664 -.00035919  00000+0 -95524-1 0  9997
2 56070  87.8922 273.2698 0001673  96.9705 263.1615 13.15760038147174
ONEWEB-0613             
1 56071U 23043AB  26097.74991615 -.00000245  00000+0 -68562-3 0  9999
2 56071  87.8927 273.2822 0001992  91.5643 268.5715 13.15547724147170
ONEWEB-0630             
1 56072U 23043AC  26097.51698444 -.00000342  00000+0 -94299-3 0  9993
2 56072  87.8929 273.2987 0001975  92.6297 267.5060 13.15547701147136
ONEWEB-0632             
1 56073U 23043AD  26097.74041025 -.00000259  00000+0 -72085-3 0  9992
2 56073  87.8929 273.2717 0001767 100.3365 259.7964 13.15548670147165
ONEWEB-0633             
1 56074U 23043AE  26097.73406376 -.00000178  00000+0 -50583-3 0  9995
2 56074  87.8940 273.2433 0002036  85.1454 274.9909 13.15549733147140
ONEWEB-0634             
1 56075U 23043AF  26097.71981079  .00000040  00000+0  71870-4 0  9991
2 56075  87.8934 273.2922 0001480  86.7733 273.3567 13.15546940147135
ONEWEB-0635             
1 56076U 23043AG  26097.71504712 -.00000177  00000+0 -50453-3 0  9993
2 56076  87.8941 273.2498 0001744 104.0596 256.0728 13.15547604147164
ONEWEB-0636             
1 56077U 23043AH  26097.85923822 -.00000135  00000+0 -39314-3 0  9993
2 56077  87.8933 273.2325 0001706 102.4545 257.6776 13.15547582147164
ONEWEB-0637             
1 56078U 23043AJ  26097.85289823 -.00000239  00000+0 -66848-3 0  9997
2 56078  87.8929 273.2515 0001400 100.6109 259.5179 13.15547576147181
ONEWEB-0647             
1 56079U 23043AK  26097.84815574 -.00000049  00000+0 -16422-3 0  9997
2 56079  87.8929 273.2647 0001828  98.0856 262.0482 13.15548500147174
ONEWEB-0651             
1 56080U 23043AL  26097.84339690  .00000041  00000+0  74911-4 0  9997
2 56080  87.8926 273.2601 0001614 103.2903 256.8408 13.15548574148371
ONEWEB-0718             
1 56081U 23043AM  26097.45835213 -.00000232  00000+0 -64945-3 0  9996
2 56081  87.8925 273.3176 0001531  78.0606 282.0696 13.15547686147132
ONEWEB-0561             
1 56710U 23068A   26097.81972205 -.00000118  00000+0 -32333-3 0  9994
2 56710  87.9139 288.4917 0001948 103.8377 256.2973 13.20771405140210
ONEWEB-0668             
1 56711U 23068B   26097.82774803 -.00000014  00000+0 -68931-4 0  9999
2 56711  87.9060 242.7486 0001258  93.9563 266.1712 13.16594130142528
ONEWEB-0676             
1 56712U 23068C   26097.83564397 -.00000125  00000+0 -35941-3 0  9993
2 56712  87.9049 242.7563 0001801 111.8761 248.2562 13.16593835142442
ONEWEB-0677             
1 56713U 23068D   26097.80866203 -.00000088  00000+0 -24762-3 0  9999
2 56713  87.9139 288.4864 0001506  96.8930 263.2375 13.20772226140519
ONEWEB-0678             
1 56714U 23068E   26097.50272837 -.00000194  00000+0 -54854-3 0  9994
2 56714  87.8939 273.2938 0002006  95.7767 264.3592 13.15548355139994
ONEWEB-0679             
1 56715U 23068F   26097.41450648 -.00000161  00000+0 -45367-3 0  9996
2 56715  87.9058 242.8288 0001279 113.2681 246.8585 13.16594592142413
ONEWEB-0680             
1 56716U 23068G   26097.84970955  .00000078  00000+0  15814-3 0  9991
2 56716  87.9196 257.9772 0001160  94.9113 265.2153 13.21978793141809
ONEWEB-0681             
1 56717U 23068H   26097.45171465  .00000006  00000+0 -16376-4 0  9995
2 56717  87.9184 258.0628 0002101 125.2278 234.9053 13.21744341141740
ONEWEB-0682             
1 56718U 23068J   26097.75467125 -.00001328  00000+0 -35621-2 0  9991
2 56718  87.8925 273.2463 0001198  91.4170 268.7097 13.15555106140192
ONEWEB-0683             
1 56719U 23068K   26097.77843765  .00000036  00000+0  60947-4 0  9996
2 56719  87.8941 273.2386 0001497  89.9124 270.2177 13.15548353140168
ONEWEB-0684             
1 56720U 23068L   26097.86242222  .00000013  00000+0  12022-5 0  9996
2 56720  87.8939 273.2136 0002956  79.8548 280.2915 13.15548636140007
ONEWEB-0686             
1 56721U 23068M   26097.83090334  .00000038  00000+0  66527-4 0  9994
2 56721  87.9040 242.7791 0001718  89.2153 270.9175 13.16592633142454
ONEWEB-0694             
1 56722U 23068N   26097.83724933 -.00000116  00000+0 -33665-3 0  9999
2 56722  87.9059 242.7284 0001331  96.3760 263.7522 13.16591851142510
ONEWEB-0696             
1 56723U 23068P   26097.74357576 -.00000090  00000+0 -27228-3 0  9994
2 56723  87.8929 273.2804 0002222  93.3021 266.8363 13.15547733140109
ONEWEB-0703             
1 56724U 23068Q   26097.75309739 -.00000191  00000+0 -54058-3 0  9997
2 56724  87.8929 273.2597 0002550 105.3092 254.8320 13.15549202139993
ONEWEB-0721             
1 56725U 23068R   26097.77674618 -.00000061  00000+0 -18043-3 0  9991
2 56725  86.6721 107.9980 0001953  91.0714 269.0642 13.22464337148637
ONEWEB-0015             
1 61594U 24188A   26097.73494595  .00000168  00000+0  43803-3 0  9993
2 61594  87.8908  35.0979 0001459  94.3771 265.7524 13.11416652 75227
ONEWEB-0687             
1 61595U 24188B   26097.76200921 -.00000011  00000+0 -61150-4 0  9990
2 61595  87.9171  19.8688 0001306  72.6827 287.4447 13.17650657 76621
ONEWEB-0688             
1 61596U 24188C   26097.71474445  .00000004  00000+0 -21623-4 0  9992
2 61596  87.9175  19.8778 0001190 121.5293 238.5955 13.17652051 76618
ONEWEB-0689             
1 61597U 24188D   26097.76884964 -.00000540  00000+0 -15590-2 0  9999
2 61597  87.8929  35.0368 0001710  69.6423 290.4889 13.11415634 75222
ONEWEB-0690             
1 61598U 24188E   26097.85534532 -.00002213  00000+0 -62836-2 0  9997
2 61598  87.8917  35.0383 0002554  88.8081 271.3339 13.11405098 75419
ONEWEB-0691             
1 61599U 24188F   26097.85023214 -.00000752  00000+0 -21569-2 0  9992
2 61599  87.8929  34.9409 0001511  86.1573 273.9727 13.11416639 75264
ONEWEB-0692             
1 61600U 24188G   26097.87058177 -.00000193  00000+0 -58092-3 0  9994
2 61600  87.8909  35.0632 0002297  59.8973 300.2382 13.11418048 75254
ONEWEB-0693             
1 61601U 24188H   26097.72657056  .00000032  00000+0  48209-4 0  9990
2 61601  87.9176  19.8969 0002410  94.9255 265.2152 13.17650711 76601
ONEWEB-0695             
1 61602U 24188J   26097.84683534 -.00000489  00000+0 -14165-2 0  9994
2 61602  87.8910  35.0595 0001890  62.0399 298.0920 13.11415086 75242
ONEWEB-0697             
1 61603U 24188K   26097.72647765  .00000307  00000+0  82997-3 0  9994
2 61603  87.8911  35.0732 0002370  61.9756 298.1611 13.11418485 75217
ONEWEB-0698             
1 61604U 24188L   26097.85702067 -.00000562  00000+0 -16203-2 0  9997
2 61604  87.8911  35.0626 0003066  74.2252 285.9214 13.11418011 75253
ONEWEB-0699             
1 61605U 24188M   26097.12667690 -.00000615  00000+0 -17979-2 0  9990
2 61605  87.8833  50.4053 0002380  67.8197 292.3183 13.10371922 74003
ONEWEB-0700             
1 61606U 24188N   26097.12832261 -.00000599  00000+0 -17516-2 0  9997
2 61606  87.8845  50.3027 0002071  60.5348 299.5986 13.10375086 73994
ONEWEB-0701             
1 61607U 24188P   26097.29765406  .00000061  00000+0  13711-3 0  9998
2 61607  87.8830  50.3707 0002523  64.7842 295.3546 13.10377552 74022
ONEWEB-0702             
1 61608U 24188Q   26097.75021885  .00000169  00000+0  44021-3 0  9993
2 61608  87.8923  34.9770 0002355  54.7502 305.3846 13.11414797 75254
ONEWEB-0704             
1 61609U 24188R   26097.28603504 -.00000498  00000+0 -14633-2 0  9998
2 61609  87.8843  50.3526 0002264  55.2452 304.8889 13.10374995 74003
ONEWEB-0705             
1 61610U 24188S   26097.13828269 -.00000341  00000+0 -10133-2 0  9999
2 61610  87.8835  50.3923 0001289  42.3310 317.7917 13.10376829 66153
ONEWEB-0706             
1 61611U 24188T   26096.89426942 -.00000656  00000+0 -19150-2 0  9991
2 61611  87.8822  50.4508 0001911  61.1163 299.0156 13.10374208 74040
ONEWEB-0707             
1 61612U 24188U   26097.58812616 -.00000544  00000+0 -15952-2 0  9998
2 61612  87.8833  50.3021 0001951  62.2580 297.8745 13.10375316 74075
ONEWEB-0708             
1 61613U 24188V   26097.83547134  .00000117  00000+0  29750-3 0  9993
2 61613  87.8825  50.2782 0001310  75.1601 284.9671 13.10377376 74080
