ONEWEB-0012             
1 44057U 19010A   26155.71368002 -.00000008  00000+0 -53515-4 0  9999
2 44057  87.9102 231.2617 0002161  86.2743 273.8634 13.16594029349921
ONEWEB-0010             
1 44058U 19010B   26155.73900955  .00000096  00000+0  21750-3 0  9991
2 44058  87.9104 231.2523 0001689 104.4921 255.6397 13.16593840349974
ONEWEB-0008             
1 44059U 19010C   26155.68835124 -.00000034  00000+0 -12221-3 0  9998
2 44059  87.9105 231.2581 0002329 105.3291 254.8098 13.16595314350083
ONEWEB-0007             
1 44060U 19010D   26156.01775549 -.00000085  00000+0 -25977-3 0  9990
2 44060  87.8991 261.6451 0001702  93.3660 266.7665 13.15548252349774
ONEWEB-0006             
1 44061U 19010E   26156.02170713  .00000050  00000+0  97803-4 0  9992
2 44061  87.9020 261.6059 0001733 104.1863 255.9460 13.15547764349829
ONEWEB-0011             
1 44062U 19010F   26155.99002308  .00000084  00000+0  18800-3 0  9998
2 44062  87.9013 261.6230 0001873 103.6142 256.5197 13.15550398349812
ONEWEB-0013             
1 45131U 20008A   26155.25663300  .00000638  00000+0  18150-2 0  9991
2 45131  87.8524  55.4326 0002725  64.8340 295.3069 13.09453687304373
ONEWEB-0017             
1 45132U 20008B   26155.17164349 -.00000629  00000+0 -18389-2 0  9998
2 45132  87.8846  38.8606 0001625  80.7294 279.4017 13.10374289306246
ONEWEB-0020             
1 45133U 20008C   26155.67628915  .00000302  00000+0  82844-3 0  9992
2 45133  87.8833  38.7606 0001746  84.4201 275.7126 13.10369931306704
ONEWEB-0021             
1 45134U 20008D   26155.69121281 -.00000419  00000+0 -12375-2 0  9991
2 45134  87.8839  38.7717 0001806  78.7774 281.3556 13.10370649307015
ONEWEB-0023             
1 45136U 20008F   26155.70199883 -.00000777  00000+0 -22623-2 0  9992
2 45136  87.8855  38.7493 0001945  83.5590 276.5759 13.10372487306449
ONEWEB-0024             
1 45137U 20008G   26155.67476535  .00000392  00000+0  10859-2 0  9990
2 45137  87.8845  38.7492 0001736  81.7075 278.4249 13.10369508306607
ONEWEB-0025             
1 45138U 20008H   26155.67448986  .00000422  00000+0  11713-2 0  9994
2 45138  87.8847  38.7387 0002026  96.9432 263.1926 13.10370516306931
ONEWEB-0026             
1 45139U 20008J   26156.02736970 -.00000111  00000+0 -34979-3 0  9995
2 45139  87.8894  23.4890 0001683  86.6910 273.4410 13.11415808309513
ONEWEB-0028             
1 45140U 20008K   26156.00147933  .00000740  00000+0  20698-2 0  9998
2 45140  87.8895  23.5025 0002214  74.8680 285.2692 13.10854244307028
ONEWEB-0032             
1 45141U 20008L   26155.17344182 -.00000698  00000+0 -20365-2 0  9996
2 45141  87.8850  38.8622 0002175  88.2863 271.8514 13.10375637306599
ONEWEB-0033             
1 45142U 20008M   26156.06470795  .00000142  00000+0  37079-3 0  9999
2 45142  87.8834  38.6923 0001375  89.6392 270.4893 13.10368997306627
ONEWEB-0035             
1 45143U 20008N   26155.70297903 -.00000608  00000+0 -17793-2 0  9997
2 45143  87.8846  38.7575 0001738  92.0271 268.1055 13.10373859306304
ONEWEB-0036             
1 45144U 20008P   26155.75041229  .00000546  00000+0  15406-2 0  9999
2 45144  87.8852  38.7556 0002043  82.1243 278.0116 13.09818530306733
ONEWEB-0038             
1 45145U 20008Q   26156.03767846 -.00000419  00000+0 -12173-2 0  9991
2 45145  87.8909  23.4942 0001396  21.1990 338.9195 13.11415325308732
ONEWEB-0039             
1 45146U 20008R   26156.06803227 -.00000080  00000+0 -26452-3 0  9999
2 45146  87.8843  38.6810 0002104  68.4362 291.6989 13.10371943306579
ONEWEB-0040             
1 45147U 20008S   26156.06139284  .00000325  00000+0  89394-3 0  9999
2 45147  87.8837  38.6938 0001739  77.3090 282.8232 13.10370310306271
ONEWEB-0043             
1 45149U 20008U   26156.06305565  .00000184  00000+0  49012-3 0  9994
2 45149  87.8843  38.6805 0002224  72.6976 287.4394 13.10370625306598
ONEWEB-0044             
1 45150U 20008V   26155.17496740 -.00000601  00000+0 -17582-2 0  9995
2 45150  87.8855  38.8570 0001913  74.0122 286.1216 13.10375354306770
ONEWEB-0045             
1 45151U 20008W   26156.03245839 -.00000317  00000+0 -92973-3 0  9995
2 45151  87.8907  23.4777 0001807  82.2488 277.8845 13.11415411308818
ONEWEB-0047             
1 45152U 20008X   26155.70269558 -.00000634  00000+0 -18529-2 0  9999
2 45152  87.8852  38.7520 0001608  75.6628 284.4678 13.10373410306563
ONEWEB-0048             
1 45153U 20008Y   26155.69784950 -.00000604  00000+0 -17668-2 0  9996
2 45153  87.8847  38.7748 0001719  85.7427 274.3896 13.10371224306170
ONEWEB-0049             
1 45154U 20008Z   26155.70103411 -.00000562  00000+0 -16453-2 0  9990
2 45154  87.8841  38.7645 0002247  85.7297 274.4087 13.10372805306396
ONEWEB-0051             
1 45155U 20008AA  26156.03077159 -.00000259  00000+0 -76661-3 0  9998
2 45155  87.8898  23.4867 0001812  82.7843 277.3491 13.11415056309499
ONEWEB-0052             
1 45156U 20008AB  26155.72124059 -.00000059  00000+0 -20408-3 0  9992
2 45156  87.8853  38.7452 0002224  87.4727 272.6654 13.10377080306300
ONEWEB-0053             
1 45157U 20008AC  26156.05973723  .00000402  00000+0  11149-2 0  9991
2 45157  87.8822  38.7018 0002230  77.5798 282.5579 13.10369836306328
ONEWEB-0054             
1 45158U 20008AD  26155.17828796 -.00000284  00000+0 -84880-3 0  9996
2 45158  87.8855  38.8567 0001849  80.5418 279.5919 13.10376905306322
ONEWEB-0056             
1 45159U 20008AE  26156.06626220  .00000018  00000+0  14623-4 0  9996
2 45159  87.8844  38.6741 0001885  90.3261 269.8082 13.10370270306599
ONEWEB-0057             
1 45160U 20008AF  26155.70130397 -.00000500  00000+0 -14674-2 0  9995
2 45160  87.8839  38.7603 0002327  74.7089 285.4295 13.10371696306716
ONEWEB-0058             
1 45161U 20008AG  26156.06982451 -.00000215  00000+0 -65137-3 0  9996
2 45161  87.8836  38.6927 0001599  77.7605 282.3701 13.10369161306834
ONEWEB-0059             
1 45162U 20008AH  26156.06651111 -.00000080  00000+0 -26600-3 0  9995
2 45162  87.8841  38.6918 0001753  72.3246 287.8073 13.10369027306737
ONEWEB-0062             
1 45163U 20008AJ  26155.17316997 -.00000541  00000+0 -15857-2 0  9990
2 45163  87.8852  38.8562 0001367  84.7549 275.3734 13.10375205306484
ONEWEB-0065             
1 45164U 20008AK  26155.66453610  .00000698  00000+0  19632-2 0  9995
2 45164  87.8850  38.7662 0002169  83.1303 277.0071 13.10374109306244
ONEWEB-0066             
1 45424U 20020A   26156.01550904  .00000376  00000+0  10246-2 0  9997
2 45424  87.8898  23.4939 0001745  78.6130 281.5193 13.11416054301088
ONEWEB-0067             
1 45425U 20020B   26155.67196833 -.00000315  00000+0 -92382-3 0  9993
2 45425  87.8926  23.4817 0001990  90.0138 270.1218 13.11424702301096
ONEWEB-0080             
1 45426U 20020C   26155.67146065 -.00000469  00000+0 -13586-2 0  9994
2 45426  87.8922  23.5558 0001487  84.3421 275.7877 13.11418365301065
ONEWEB-0090             
1 45427U 20020D   26156.00547705  .00000488  00000+0  13413-2 0  9997
2 45427  87.8905  23.4950 0001743  84.3301 275.8025 13.11417357301071
ONEWEB-0061             
1 45428U 20020E   26156.03740312 -.00000472  00000+0 -13677-2 0  9997
2 45428  87.8905  23.4741 0001766  82.8574 277.2755 13.11416188301033
ONEWEB-0081             
1 45429U 20020F   26156.01890076  .00000288  00000+0  77778-3 0  9995
2 45429  87.8901  23.4882 0001898  75.5363 284.5975 13.11416267301142
ONEWEB-0069             
1 45430U 20020G   26156.02073078  .00000175  00000+0  45780-3 0  9996
2 45430  87.8901  23.4907 0001835  79.8198 280.3136 13.11417128301078
ONEWEB-0031             
1 45431U 20020H   26155.67471707 -.00000368  00000+0 -10735-2 0  9995
2 45431  87.8912  23.5646 0001585  88.8624 271.2685 13.11418366301015
ONEWEB-0027             
1 45432U 20020J   26156.02568964  .00000037  00000+0  63150-4 0  9990
2 45432  87.9149   8.2787 0001706  96.2285 263.9040 13.16053717304753
ONEWEB-0064             
1 45433U 20020K   26155.67301710 -.00000421  00000+0 -12224-2 0  9998
2 45433  87.8916  23.5558 0001679  89.4366 270.6954 13.11420006301046
ONEWEB-0018             
1 45434U 20020L   26156.01042561  .00000509  00000+0  14000-2 0  9993
2 45434  87.8900  23.4900 0001601  73.2970 286.8333 13.11417025301033
ONEWEB-0083             
1 45435U 20020M   26155.69521188  .00000523  00000+0  14401-2 0  9995
2 45435  87.8902  23.5448 0001745  82.2949 277.8377 13.11416806301033
ONEWEB-0095             
1 45436U 20020N   26156.06820956  .00000273  00000+0  73409-3 0  9999
2 45436  87.8909  23.4794 0002349  99.6669 260.4724 13.11417652301085
ONEWEB-0092             
1 45437U 20020P   26156.02513867 -.00000033  00000+0 -12788-3 0  9995
2 45437  87.8904  23.4810 0002095  86.0029 274.1339 13.11953798301190
ONEWEB-0085             
1 45438U 20020Q   26156.00012280  .00000515  00000+0  14182-2 0  9999
2 45438  87.8901  23.4926 0001782  85.1948 274.9383 13.11417991301072
ONEWEB-0096             
1 45439U 20020R   26156.00200682 -.00001063  00000+0 -30376-2 0  9999
2 45439  87.8878  23.4899 0003401  55.3807 304.7642 13.11399850301060
ONEWEB-0037             
1 45440U 20020S   26156.03982355 -.00000407  00000+0 -11764-2 0  9999
2 45440  87.8918  23.4538 0001842  87.8009 272.3330 13.11911775301103
ONEWEB-0042             
1 45441U 20020T   26156.06793266  .00000288  00000+0  77593-3 0  9992
2 45441  87.8904  23.4707 0001878  79.9728 280.1611 13.11419352301075
ONEWEB-0098             
1 45442U 20020U   26156.06383270 -.00000003  00000+0 -44946-4 0  9997
2 45442  87.8903  23.4805 0001720  80.9796 279.1527 13.11418799301053
ONEWEB-0055             
1 45443U 20020V   26155.66101385 -.00000517  00000+0 -14958-2 0  9996
2 45443  87.8908  23.5596 0001719  85.5134 274.6191 13.11415159300976
ONEWEB-0093             
1 45444U 20020W   26156.02242841  .00000123  00000+0  31008-3 0  9998
2 45444  87.8905  23.4800 0002120  72.4305 287.7054 13.11416245301086
ONEWEB-0029             
1 45445U 20020X   26155.66808056 -.00000590  00000+0 -17005-2 0  9994
2 45445  87.8910  23.5591 0001908  72.8207 287.3129 13.11420531301014
ONEWEB-0068             
1 45446U 20020Y   26156.02215784  .00000083  00000+0  19887-3 0  9992
2 45446  87.8906  23.4838 0001828  77.0993 283.0339 13.11415035301001
ONEWEB-0046             
1 45447U 20020Z   26156.01381439  .00000420  00000+0  11493-2 0  9992
2 45447  87.8901  23.4923 0002055  81.3148 278.8213 13.11416808301018
ONEWEB-0063             
1 45448U 20020AA  26155.66128666 -.00000486  00000+0 -14064-2 0  9995
2 45448  87.8906  23.5605 0002102  94.9954 265.1414 13.11419006301059
ONEWEB-0019             
1 45449U 20020AB  26156.00520707  .00000505  00000+0  13880-2 0  9992
2 45449  87.8901  23.4786 0001664  83.7716 276.3601 13.11417177300944
ONEWEB-0094             
1 45450U 20020AC  26155.97720404  .00000017  00000+0  10750-4 0  9998
2 45450  87.9152   8.2770 0001669  82.4706 277.6615 13.17650376304702
ONEWEB-0087             
1 45451U 20020AD  26155.67118527 -.00000746  00000+0 -21394-2 0  9998
2 45451  87.8956  23.5254 0002212  66.0551 294.0808 13.11417638300947
ONEWEB-0082             
1 45452U 20020AE  26155.66780253 -.00000092  00000+0 -29620-3 0  9994
2 45452  87.8887  23.5528 0002138  72.4755 287.6606 13.11419024301035
ONEWEB-0050             
1 45453U 20020AF  26155.72092622  .00002918  00000+0  29810-3 0  9996
2 45453  88.9297 234.9022 0004985  52.8037 307.3646 14.90327118338525
ONEWEB-0034             
1 45454U 20020AG  26156.00919777  .00000570  00000+0  15824-2 0  9999
2 45454  87.8904  23.4913 0001753  83.8772 276.2556 13.10933659300997
ONEWEB-0060             
1 45455U 20020AH  26156.04177840 -.00000508  00000+0 -14686-2 0  9999
2 45455  87.8895  23.4835 0001892  49.1346 310.9946 13.11416544300951
ONEWEB-0086             
1 45456U 20020AJ  26156.02055144  .00003345  00000+0  93957-2 0  9998
2 45456  87.8906  23.4867 0000949  76.8918 283.2316 13.11442149301015
ONEWEB-0088             
1 45457U 20020AK  26155.15930228  .00000548  00000+0  15093-2 0  9994
2 45457  87.8919  23.6256 0002244  84.8614 275.2770 13.11417195300833
ONEWEB-0102             
1 47258U 20100A   26156.01225558  .00000200  00000+0  52197-3 0  9995
2 47258  87.8941 353.0975 0001470  88.0798 272.0499 13.12443153263134
ONEWEB-0109             
1 47259U 20100B   26156.02072351 -.00000111  00000+0 -34386-3 0  9991
2 47259  87.8951 353.0782 0001722  94.0387 266.0938 13.12442366262969
ONEWEB-0110             
1 47260U 20100C   26155.97159212 -.00000286  00000+0 -83107-3 0  9996
2 47260  87.8947 353.0719 0001546  80.3434 279.7869 13.12444703263121
ONEWEB-0111             
1 47261U 20100D   26156.00208220  .00000508  00000+0  13753-2 0  9990
2 47261  87.8946 353.0844 0001901  88.9049 271.2297 13.12443574262969
ONEWEB-0114             
1 47262U 20100E   26156.03257760 -.00000486  00000+0 -13852-2 0  9994
2 47262  87.8951 353.0759 0001827 100.5524 259.5810 13.12443519262922
ONEWEB-0117             
1 47263U 20100F   26156.02411022 -.00000213  00000+0 -62711-3 0  9994
2 47263  87.8949 353.0691 0001762  88.2593 271.8738 13.12441683262938
ONEWEB-0118             
1 47264U 20100G   26155.98175617  .00000038  00000+0  70623-4 0  9991
2 47264  87.8948 353.0803 0002001  96.1821 263.9536 13.12443655263123
ONEWEB-0119             
1 47265U 20100H   26156.00717730  .00000195  00000+0  50790-3 0  9990
2 47265  87.8936 353.0930 0001700  88.8373 271.2950 13.12442332263108
ONEWEB-0120             
1 47266U 20100J   26156.03102874 -.00000435  00000+0 -12451-2 0  9991
2 47266  87.8940 353.0892 0001664  95.6109 264.5209 13.12443173263132
ONEWEB-0121             
1 47267U 20100K   26156.01903049 -.00000049  00000+0 -17270-3 0  9999
2 47267  87.8953 353.0767 0001887  78.7972 281.3368 13.12441848263045
ONEWEB-0122             
1 47268U 20100L   26156.01310681  .00000348  00000+0  93287-3 0  9996
2 47268  87.8961 353.0838 0001495  94.7725 265.3575 13.12442398262955
ONEWEB-0123             
1 47269U 20100M   26156.00887308  .00000303  00000+0  80553-3 0  9994
2 47269  87.8942 353.0918 0001883  89.8260 270.3084 13.12442558263099
ONEWEB-0124             
1 47270U 20100N   26155.99870970  .00000487  00000+0  13174-2 0  9997
2 47270  87.8938 353.0964 0001824  84.8689 275.2647 13.12442874262978
ONEWEB-0125             
1 47271U 20100P   26155.97667706 -.00000076  00000+0 -24579-3 0  9995
2 47271  87.8951 353.0830 0002053  84.8003 275.3360 13.12445051263032
ONEWEB-0126             
1 47272U 20100Q   26155.99715334  .00000487  00000+0  13174-2 0  9991
2 47272  87.8948 353.0956 0001700  87.9767 272.1556 13.12442205263105
ONEWEB-0127             
1 47273U 20100R   26156.03935396 -.00000303  00000+0 -87836-3 0  9996
2 47273  87.8942 353.0862 0001775  87.6092 272.5239 13.12443467263132
ONEWEB-0128             
1 47274U 20100S   26156.06138013  .00000150  00000+0  38098-3 0  9995
2 47274  87.8938 353.0961 0001513  82.3819 277.7482 13.12443636263154
ONEWEB-0129             
1 47275U 20100T   26155.96480997 -.00000378  00000+0 -10854-2 0  9998
2 47275  87.8949 353.0879 0001796 124.6284 235.5014 13.12443173263074
ONEWEB-0130             
1 47276U 20100U   26156.06816867  .00000435  00000+0  11740-2 0  9997
2 47276  87.8950 353.0622 0001737  94.9194 265.2133 13.12443342263055
ONEWEB-0131             
1 47277U 20100V   26156.06477307  .00000369  00000+0  98905-3 0  9995
2 47277  87.8941 353.0820 0001730  87.8327 272.2999 13.12444193263095
ONEWEB-0132             
1 47278U 20100W   26156.01734167 -.00000032  00000+0 -12349-3 0  9998
2 47278  87.8942 353.0934 0001693  85.7582 274.3740 13.12442344262981
ONEWEB-0133             
1 47279U 20100X   26156.03413453 -.00000480  00000+0 -13685-2 0  9993
2 47279  87.8953 353.0646 0001633  89.4755 270.6561 13.12443924263145
ONEWEB-0134             
1 47280U 20100Y   26156.00378458  .00000428  00000+0  11549-2 0  9994
2 47280  87.8954 353.0686 0001550  95.4863 264.6443 13.12443138263113
ONEWEB-0135             
1 47281U 20100Z   26155.97498088 -.00000158  00000+0 -47437-3 0  9990
2 47281  87.8939 353.0981 0001429  87.3238 272.8054 13.12444561263138
ONEWEB-0136             
1 47282U 20100AA  26156.06985831  .00000413  00000+0  11128-2 0  9998
2 47282  87.8951 353.0594 0001460  92.3530 267.7765 13.12443622263071
ONEWEB-0137             
1 47283U 20100AB  26156.02749517 -.00000219  00000+0 -64361-3 0  9998
2 47283  87.8964 353.0775 0002123 102.2717 257.8649 13.12442535262973
ONEWEB-0138             
1 47284U 20100AC  26156.00548372  .00000370  00000+0  99203-3 0  9992
2 47284  87.8950 353.0879 0001603  93.3943 266.7369 13.12442263263053
ONEWEB-0139             
1 47285U 20100AD  26155.97003598 -.00000255  00000+0 -74290-3 0  9997
2 47285  87.8950 353.0811 0001795  96.6388 263.4945 13.12444946263123
ONEWEB-0140             
1 47286U 20100AE  26156.00039973  .00000404  00000+0  10879-2 0  9995
2 47286  87.8956 353.0664 0001767  90.3560 269.7770 13.12442654263093
ONEWEB-0141             
1 47287U 20100AF  26155.96976036 -.00000238  00000+0 -69599-3 0  9991
2 47287  87.8951 353.0773 0002087  94.4778 265.6589 13.12444704263071
ONEWEB-0142             
1 47288U 20100AG  26156.03442374 -.00000429  00000+0 -12271-2 0  9990
2 47288  87.8948 353.0861 0001943 105.5766 254.5577 13.12442497263078
ONEWEB-0143             
1 47289U 20100AH  26155.96820311 -.00000360  00000+0 -10363-2 0  9997
2 47289  87.8948 353.0977 0001754  89.5233 270.6097 13.12444583263048
ONEWEB-0144             
1 47290U 20100AJ  26156.01565448 -.00000062  00000+0 -20876-3 0  9993
2 47290  87.8953 353.0617 0001623  98.9905 261.1407 13.12437820262979
ONEWEB-0145             
1 47291U 20100AK  26156.06308346  .00000294  00000+0  78142-3 0  9995
2 47291  87.8943 353.0812 0001784  93.9248 266.2085 13.12444296263175
ONEWEB-0146             
1 47292U 20100AL  26156.05969645  .00000153  00000+0  38954-3 0  9991
2 47292  87.8949 353.0729 0001824  77.3250 282.8082 13.12444375263082
ONEWEB-0147             
1 47293U 20100AM  26156.02580259 -.00000309  00000+0 -89515-3 0  9993
2 47293  87.8961 353.0612 0001673  99.9240 260.2077 13.12442926262970
ONEWEB-0115             
1 48042U 21025A   26155.98730573  .00000302  00000+0  79243-3 0  9991
2 48042  87.8948 322.6525 0001804  92.1815 267.9521 13.13469123251999
ONEWEB-0152             
1 48043U 21025B   26156.00084546  .00000219  00000+0  56525-3 0  9993
2 48043  87.8951 322.6465 0001784  88.6438 271.4896 13.13469034251957
ONEWEB-0153             
1 48044U 21025C   26155.97883801  .00000225  00000+0  58055-3 0  9997
2 48044  87.8945 322.6549 0001817  95.4231 264.7106 13.13470272251942
ONEWEB-0154             
1 48045U 21025D   26155.97544830  .00000156  00000+0  39185-3 0  9990
2 48045  87.8946 322.6528 0001740  94.3782 265.7545 13.13469756251904
ONEWEB-0116             
1 48046U 21025E   26156.01436781 -.00000117  00000+0 -35615-3 0  9995
2 48046  87.8956 322.6410 0001763  88.8323 271.3008 13.13469064252056
ONEWEB-0150             
1 48047U 21025F   26155.99068873  .00000350  00000+0  92231-3 0  9999
2 48047  87.8953 322.6427 0002055  96.1803 263.9560 13.13469308251940
ONEWEB-0107             
1 48048U 21025G   26155.99238185  .00000321  00000+0  84476-3 0  9995
2 48048  87.8953 322.6386 0001849 101.9727 258.1610 13.13469127251924
ONEWEB-0101             
1 48049U 21025H   26156.18366596 -.00000243  00000+0 -70008-3 0  9997
2 48049  87.8943 322.6172 0001691  97.1358 262.9964 13.13470370251925
ONEWEB-0113             
1 48050U 21025J   26155.98343679  .00000244  00000+0  62857-3 0  9995
2 48050  87.8950 322.5686 0001839  90.8291 269.3049 13.13895178252006
ONEWEB-0112             
1 48051U 21025K   26155.99746079  .00000294  00000+0  76902-3 0  9999
2 48051  87.8955 322.6355 0001607  99.3913 260.7398 13.13469374251998
ONEWEB-0156             
1 48052U 21025L   26156.00591984  .00000103  00000+0  24839-3 0  9997
2 48052  87.8955 322.6439 0001854  96.1954 263.9387 13.13468992251972
ONEWEB-0161             
1 48053U 21025M   26155.98053155  .00000277  00000+0  72381-3 0  9994
2 48053  87.8946 322.6507 0001889 100.1959 259.9383 13.13470320251900
ONEWEB-0158             
1 48054U 21025N   26156.01609574 -.00001739  00000+0 -48002-2 0  9990
2 48054  87.8954 322.6409 0001650  84.3515 275.7802 13.13453448252037
ONEWEB-0157             
1 48055U 21025P   26156.19382718 -.00000035  00000+0 -13160-3 0  9994
2 48055  87.8958 322.6123 0001861 105.7634 254.3701 13.13469352251995
ONEWEB-0162             
1 48056U 21025Q   26156.01763050 -.00000167  00000+0 -49278-3 0  9993
2 48056  87.8950 322.6473 0001981  93.7777 266.3578 13.13468758251942
ONEWEB-0155             
1 48057U 21025R   26156.17688936 -.00000203  00000+0 -59157-3 0  9998
2 48057  87.8950 322.6116 0001688  97.9034 262.2287 13.13469539252102
ONEWEB-0149             
1 48058U 21025S   26155.97037351  .00000028  00000+0  42577-4 0  9997
2 48058  87.8955 322.6559 0002035  94.4551 265.6811 13.13470202251885
ONEWEB-0148             
1 48059U 21025T   26156.00930532  .00000030  00000+0  46663-4 0  9999
2 48059  87.8947 322.6555 0002365  97.6702 262.4696 13.13468908252014
ONEWEB-0160             
1 48060U 21025U   26156.17858772 -.00000265  00000+0 -75939-3 0  9993
2 48060  87.8947 322.6182 0001823  69.6751 290.4574 13.13470104251985
ONEWEB-0163             
1 48061U 21025V   26156.01099605  .00000009  00000+0 -10318-4 0  9995
2 48061  87.8954 322.6453 0001795 102.9858 257.1472 13.13469964252083
ONEWEB-0159             
1 48062U 21025W   26156.00253554  .00000201  00000+0  51608-3 0  9999
2 48062  87.8956 322.6402 0001730 101.2465 258.8859 13.13469685252004
ONEWEB-0164             
1 48063U 21025X   26155.98391137  .00000304  00000+0  79830-3 0  9997
2 48063  87.8954 322.6502 0001790  91.4203 268.7132 13.13469572251985
ONEWEB-0167             
1 48064U 21025Y   26156.01183441 -.00000057  00000+0 -18977-3 0  9992
2 48064  87.8946 322.6558 0001283 110.3589 249.7678 13.13470777251975
ONEWEB-0166             
1 48065U 21025Z   26156.18704476 -.00000248  00000+0 -71508-3 0  9999
2 48065  87.8957 322.5912 0001975  96.8817 263.2537 13.13471168252073
ONEWEB-0151             
1 48066U 21025AA  26156.18873501 -.00000243  00000+0 -69938-3 0  9995
2 48066  87.8949 322.6105 0001538  96.5682 263.5622 13.13470651252010
ONEWEB-0170             
1 48067U 21025AB  26156.19720431 -.00000162  00000+0 -47760-3 0  9999
2 48067  87.8948 322.6094 0001397  82.2313 277.8974 13.13470448251979
ONEWEB-0168             
1 48068U 21025AC  26156.18196616 -.00000273  00000+0 -78254-3 0  9996
2 48068  87.8953 322.6106 0001838  99.5250 260.6087 13.13469472251982
ONEWEB-0173             
1 48069U 21025AD  26156.17350514 -.00000241  00000+0 -69403-3 0  9996
2 48069  87.8946 322.6145 0001694 105.4804 254.6512 13.13469022252225
ONEWEB-0171             
1 48070U 21025AE  26155.98222216  .00000262  00000+0  68299-3 0  9996
2 48070  87.8946 322.6616 0001699  93.1123 267.0201 13.13469782252015
ONEWEB-0172             
1 48071U 21025AF  26155.96189992 -.00000575  00000+0 -16109-2 0  9999
2 48071  87.8961 322.6585 0001261  92.0135 268.1138 13.13472538252906
ONEWEB-0174             
1 48072U 21025AG  26156.17182169 -.00000178  00000+0 -52359-3 0  9990
2 48072  87.8951 322.6125 0001946  95.8204 264.3147 13.13469430252257
ONEWEB-0175             
1 48073U 21025AH  26155.97375860  .00000121  00000+0  29694-3 0  9992
2 48073  87.8955 322.6354 0001448  91.5010 268.6285 13.13470402251880
ONEWEB-0177             
1 48074U 21025AJ  26155.98560817  .00000306  00000+0  80409-3 0  9998
2 48074  87.8951 322.6518 0001906  99.4194 260.7151 13.13470209252070
ONEWEB-0178             
1 48075U 21025AK  26156.00435567  .00000157  00000+0  39522-3 0  9990
2 48075  87.8940 322.6626 0001565  98.7593 261.3713 13.13470836252128
ONEWEB-0108             
1 48076U 21025AL  26156.19212632 -.00000113  00000+0 -34372-3 0  9999
2 48076  87.8964 322.6033 0001918  89.3532 270.7817 13.13470156252076
ONEWEB-0169             
1 48077U 21025AM  26155.99576185  .00000306  00000+0  80234-3 0  9993
2 48077  87.8945 322.6496 0001906  94.6163 265.5183 13.13469107250705
ONEWEB-0176             
1 48210U 21031A   26156.07626612  .00000050  00000+0  10106-3 0  9997
2 48210  87.8957 292.1138 0001800 100.1612 259.9721 13.14502151246726
ONEWEB-0184             
1 48211U 21031B   26156.12541838  .00000182  00000+0  45538-3 0  9993
2 48211  87.8964 292.1040 0001119 111.2507 248.8742 13.14502241246704
ONEWEB-0179             
1 48212U 21031C   26155.74075065  .00000219  00000+0  66633-4 0  9996
2 48212  87.8982 289.9692 0218843 298.2327  59.6925 14.25513971247271
ONEWEB-0180             
1 48213U 21031D   26156.12859532  .00000202  00000+0  51059-3 0  9996
2 48213  87.8960 292.0994 0001978 113.7548 246.3789 13.14502195246638
ONEWEB-0218             
1 48214U 21031E   26156.07467295  .00000080  00000+0  18245-3 0  9996
2 48214  87.8964 292.1093 0001325 124.2406 235.8849 13.14501458246787
ONEWEB-0209             
1 48215U 21031F   26154.31286178  .00000144  00000+0  35490-3 0  9993
2 48215  87.8958 292.4784 0001878 102.9433 257.1907 13.14504408246552
ONEWEB-0198             
1 48216U 21031G   26156.12397509  .00000151  00000+0  37362-3 0  9994
2 48216  87.8946 292.1177 0001806 113.0213 247.1108 13.14501937246908
ONEWEB-0189             
1 48217U 21031H   26153.77687235  .00000004  00000+0 -23789-4 0  9998
2 48217  87.8956 292.5705 0001687 106.9699 253.1616 13.14502191246338
ONEWEB-0196             
1 48218U 21031J   26156.11432266  .00000017  00000+0  10485-4 0  9994
2 48218  87.8955 292.1136 0001887 104.3918 255.7421 13.14502459246643
ONEWEB-0183             
1 48219U 21031K   26156.08895130 -.00000174  00000+0 -50311-3 0  9991
2 48219  87.8955 292.1167 0002085  97.2475 262.8892 13.14502051246736
ONEWEB-0185             
1 48220U 21031L   26156.11510470  .00000027  00000+0  38299-4 0  9995
2 48220  87.8963 292.1043 0002230 105.4732 254.6644 13.14502183246662
ONEWEB-0187             
1 48221U 21031M   26156.09515410 -.00000169  00000+0 -49045-3 0  9991
2 48221  87.8949 292.1252 0002009 105.6134 254.5217 13.14502061246672
ONEWEB-0192             
1 48222U 21031N   26156.06515435  .00000202  00000+0  50961-3 0  9991
2 48222  87.8952 292.1214 0001791 100.1011 260.0321 13.14503951246583
ONEWEB-0219             
1 48223U 21031P   26156.12065650  .00000082  00000+0  18767-3 0  9992
2 48223  87.8952 292.1023 0002077 105.6763 254.4595 13.14503698246795
ONEWEB-0202             
1 48224U 21031Q   26156.10163669 -.00000133  00000+0 -39251-3 0  9990
2 48224  87.8958 292.1177 0001439 117.1023 243.0253 13.14502444246771
ONEWEB-0204             
1 48225U 21031R   26154.46114018  .00000213  00000+0  53904-3 0  9990
2 48225  87.8957 292.4397 0002194  97.3442 262.7937 13.14502191246452
ONEWEB-0205             
1 48226U 21031S   26154.43655813  .00000261  00000+0  66866-3 0  9995
2 48226  87.8952 292.4359 0001911 110.7659 249.3676 13.14504177246460
ONEWEB-0206             
1 48227U 21031T   26156.08419427 -.00000072  00000+0 -22955-3 0  9991
2 48227  87.8960 292.1104 0001862  92.9764 267.1579 13.14502774246638
ONEWEB-0182             
1 48228U 21031U   26156.07943204 -.00000015  00000+0 -75095-4 0  9997
2 48228  87.8956 292.1195 0002124  97.0501 263.0870 13.14501572246848
ONEWEB-0186             
1 48229U 21031V   26156.09052868 -.00000156  00000+0 -45618-3 0  9990
2 48229  87.8964 292.1067 0001928 101.3195 258.8152 13.14501708246795
ONEWEB-0181             
1 48230U 21031W   26156.06833898  .00000224  00000+0  56949-3 0  9992
2 48230  87.8948 292.1429 0001862 105.0315 255.1021 13.14502611246646
ONEWEB-0188             
1 48231U 21031X   26156.10639602 -.00000109  00000+0 -32774-3 0  9999
2 48231  87.8947 292.1341 0001939 100.5419 259.5929 13.14503568246556
ONEWEB-0220             
1 48232U 21031Y   26156.06990235 -.00000153  00000+0 -44717-3 0  9996
2 48232  87.8959 292.1119 0001957 105.4896 254.6449 13.14504705246812
ONEWEB-0165             
1 48233U 21031Z   26156.09844591  .00000502  00000+0  13202-2 0  9993
2 48233  87.8957 292.1202 0001770 110.9645 249.1674 13.14510766246778
ONEWEB-0199             
1 48234U 21031AA  26156.08260600 -.00000018  00000+0 -83362-4 0  9996
2 48234  87.8964 292.1089 0001908  92.7615 267.3733 13.14502504246675
ONEWEB-0203             
1 48235U 21031AB  26156.07309119  .00000128  00000+0  31206-3 0  9994
2 48235  87.8963 292.1144 0001712  97.5157 262.6168 13.14501621246684
ONEWEB-0197             
1 48236U 21031AC  26156.12370514  .00000056  00000+0  11727-3 0  9994
2 48236  87.8951 292.0916 0002203 100.8848 259.2530 13.14502618246603
ONEWEB-0194             
1 48237U 21031AD  26156.10321617 -.00000103  00000+0 -31294-3 0  9999
2 48237  87.8956 292.1171 0001762  93.0408 267.0923 13.14502110246775
ONEWEB-0193             
1 48238U 21031AE  26156.11907515  .00000163  00000+0  40597-3 0  9998
2 48238  87.8955 292.1043 0001560  90.0010 270.1299 13.14501662246722
ONEWEB-0191             
1 48239U 21031AF  26156.13018241  .00000305  00000+0  78806-3 0  9992
2 48239  87.8959 292.1003 0002085  97.9283 262.2084 13.14502630246588
ONEWEB-0195             
1 48240U 21031AG  26156.10716554 -.00000247  00000+0 -69977-3 0  9999
2 48240  87.8961 292.1056 0001774 112.0690 248.0629 13.14502026246560
ONEWEB-0201             
1 48241U 21031AH  26156.09542734 -.00000196  00000+0 -56271-3 0  9991
2 48241  87.8955 292.1246 0002190 100.6699 259.4677 13.14503523246797
ONEWEB-0207             
1 48242U 21031AJ  26156.07546822  .00000085  00000+0  19494-3 0  9993
2 48242  87.8962 292.1129 0002153 100.5311 259.6061 13.14501872246700
ONEWEB-0208             
1 48243U 21031AK  26154.45876567  .00000169  00000+0  42111-3 0  9991
2 48243  87.8956 292.4422 0001678 107.5541 252.5772 13.14502474246504
ONEWEB-0200             
1 48244U 21031AL  26156.09687054  .00000351  00000+0  91229-3 0  9992
2 48244  87.8962 292.1008 0001939 102.2098 257.9249 13.14499335246642
ONEWEB-0217             
1 48245U 21031AM  26156.11273325 -.00000052  00000+0 -17398-3 0  9993
2 48245  87.8962 292.1028 0001776 109.9833 250.1488 13.14501853246598
ONEWEB-0211             
1 48767U 21045A   26156.10377275  .00000138  00000+0  32836-3 0  9992
2 48767  87.9001 261.4910 0001556 120.1067 240.0218 13.16194818242856
ONEWEB-0223             
1 48768U 21045B   26156.02407207  .00000041  00000+0  74466-4 0  9992
2 48768  87.9010 261.6120 0001489 105.9794 254.1501 13.15544550242802
ONEWEB-0230             
1 48769U 21045C   26155.69134161 -.00000032  00000+0 -11960-3 0  9992
2 48769  87.9000 261.6933 0002046  95.2483 264.8881 13.15547587243027
ONEWEB-0237             
1 48770U 21045D   26155.68024006  .00000063  00000+0  13326-3 0  9999
2 48770  87.9000 261.6973 0001670  97.8645 262.2675 13.15550282242740
ONEWEB-0235             
1 48771U 21045E   26156.03518698  .00000065  00000+0  13897-3 0  9990
2 48771  87.9008 261.6113 0001506 101.6248 258.5052 13.15547782242788
ONEWEB-0242             
1 48772U 21045F   26156.02885240  .00000027  00000+0  36767-4 0  9990
2 48772  87.9009 261.6090 0001811  97.2484 262.8852 13.15548033242826
ONEWEB-0241             
1 48773U 21045G   26156.01617730 -.00000097  00000+0 -29131-3 0  9992
2 48773  87.8998 261.6310 0001625 109.2692 250.8614 13.15547530242730
ONEWEB-0243             
1 48774U 21045H   26156.04786250  .00000153  00000+0  37332-3 0  9993
2 48774  87.9001 261.6372 0001673  87.3313 272.8009 13.15548464242766
ONEWEB-0222             
1 48775U 21045J   26156.03122360 -.00000038  00000+0 -13396-3 0  9997
2 48775  87.9011 261.6061 0001748 105.8331 254.2992 13.15547390242809
ONEWEB-0244             
1 48776U 21045K   26156.05736928  .00000233  00000+0  58424-3 0  9997
2 48776  87.9015 261.5956 0001767 100.8761 259.2568 13.15547379243373
ONEWEB-0247             
1 48777U 21045L   26156.05419220  .00005974  00000+0  15833-1 0  9993
2 48777  87.8995 261.6306 0001209  94.2081 265.9187 13.15518208242810
ONEWEB-0245             
1 48778U 21045M   26156.04945145  .00000123  00000+0  29345-3 0  9999
2 48778  87.9012 261.6091 0001901 108.1812 251.9525 13.15548615242781
ONEWEB-0229             
1 48779U 21045N   26156.04469205  .00000247  00000+0  62196-3 0  9996
2 48779  87.9003 261.6084 0001811  97.6711 262.4625 13.15547747242811
ONEWEB-0228             
1 48780U 21045P   26156.00203316 -.00000750  00000+0 -20253-2 0  9991
2 48780  87.9019 261.6087 0001724 100.9406 259.1919 13.15555343242725
ONEWEB-0232             
1 48781U 21045Q   26156.05261455  .00000130  00000+0  31206-3 0  9996
2 48781  87.9012 261.6001 0001922 103.0317 257.1028 13.15549490243052
ONEWEB-0231             
1 48782U 21045R   26156.03042588  .00000071  00000+0  15416-3 0  9998
2 48782  87.9005 261.6185 0001678 102.7335 257.3983 13.15547826242740
ONEWEB-0234             
1 48783U 21045S   26155.68803748 -.00000063  00000+0 -20074-3 0  9991
2 48783  87.9005 261.6673 0002380 118.9468 241.1902 13.15548623242838
ONEWEB-0238             
1 48784U 21045T   26155.68830586 -.00000048  00000+0 -16215-3 0  9997
2 48784  87.9015 261.6616 0002255 114.9999 245.1366 13.15550275242736
ONEWEB-0240             
1 48785U 21045U   26156.01377926 -.00000117  00000+0 -34434-3 0  9990
2 48785  87.9012 261.6067 0001668 106.7077 253.4236 13.15549907242803
ONEWEB-0246             
1 48786U 21045V   26156.00825186  .00000024  00000+0  28604-4 0  9994
2 48786  87.9009 261.6128 0001852  98.6246 261.5094 13.15548604242670
ONEWEB-0210             
1 48787U 21045W   26155.67866753  .00000074  00000+0  16183-3 0  9995
2 48787  87.9011 261.6755 0001468  76.3218 283.8076 13.15549736242679
ONEWEB-0214             
1 48788U 21045X   26155.68738008 -.00000059  00000+0 -18965-3 0  9993
2 48788  87.9012 261.6702 0001982  89.8317 270.3041 13.15547415242645
ONEWEB-0221             
1 48789U 21045Y   26155.23816278 -.00000029  00000+0 -11203-3 0  9996
2 48789  87.9015 261.7684 0001940 112.0045 248.1292 13.15547831242676
ONEWEB-0213             
1 48790U 21045Z   26155.68340534  .00000003  00000+0 -26255-4 0  9999
2 48790  87.9011 261.6833 0001681 100.3507 259.7813 13.15549829242793
ONEWEB-0212             
1 48791U 21045AA  26156.04073812  .00000178  00000+0  43778-3 0  9993
2 48791  87.9008 261.6067 0001927 102.5104 257.6242 13.15548772242833
ONEWEB-0227             
1 48792U 21045AB  26156.03994280  .00000249  00000+0  62729-3 0  9990
2 48792  87.9010 261.6073 0001836 105.2091 254.9243 13.15548139242780
ONEWEB-0226             
1 48793U 21045AC  26156.03360139  .00000100  00000+0  23106-3 0  9993
2 48793  87.9011 261.6129 0001685  98.6542 261.4779 13.15549192242756
ONEWEB-0224             
1 48794U 21045AD  26155.69291417 -.00000031  00000+0 -11537-3 0  9997
2 48794  87.9001 261.7162 0001885 128.3210 231.8090 13.15550316242633
ONEWEB-0233             
1 48795U 21045AE  26156.07782501 -.00000031  00000+0 -11703-3 0  9995
2 48795  87.8992 261.6448 0001958 117.4279 242.7051 13.15547323242703
ONEWEB-0190             
1 48796U 21045AF  26155.68498830  .00000010  00000+0 -67338-5 0  9994
2 48796  87.9006 261.6877 0001302 100.3656 259.7621 13.15550372242721
ONEWEB-0236             
1 48797U 21045AG  26156.00665771  .00000354  00000+0  90705-3 0  9994
2 48797  87.9010 261.6306 0001604 110.8215 249.3087 13.15549627242650
ONEWEB-0248             
1 48798U 21045AH  26156.01932388 -.00000197  00000+0 -55615-3 0  9995
2 48798  87.9017 261.6128 0001534 109.1126 251.0171 13.15546575242815
ONEWEB-0225             
1 48799U 21045AJ  26156.04152954  .00000004  00000+0 -23843-4 0  9997
2 48799  87.9002 261.6172 0001615 107.1147 253.0160 13.15548000242826
ONEWEB-0215             
1 48800U 21045AK  26156.01140272 -.00000199  00000+0 -56294-3 0  9998
2 48800  87.9016 261.6059 0001332 105.2364 254.8914 13.15550005242693
ONEWEB-0216             
1 48801U 21045AL  26155.71670137 -.00000038  00000+0 -13430-3 0  9990
2 48801  87.8999 261.6800 0002017  94.6394 265.4966 13.15547606242667
ONEWEB-0239             
1 48802U 21045AM  26155.72144838 -.00000019  00000+0 -84919-4 0  9996
2 48802  87.8995 261.6858 0001220 115.8107 244.3149 13.15547867242703
ONEWEB-0249             
1 48967U 21060A   26155.74139208  .00000067  00000+0  14075-3 0  9998
2 48967  87.9105 231.2488 0001983 102.9937 257.1416 13.16594515237970
ONEWEB-0250             
1 48968U 21060B   26155.70441517  .00000073  00000+0  13565-3 0  9994
2 48968  87.9106 229.0536 0002428 125.4556 234.6807 13.25832788238560
ONEWEB-0252             
1 48970U 21060D   26155.24027536  .00000021  00000+0  20180-4 0  9992
2 48970  87.9106 231.3410 0002067  96.9032 263.2334 13.16593669237957
ONEWEB-0253             
1 48971U 21060E   26155.68517295  .00000034  00000+0  56394-4 0  9997
2 48971  87.9083 231.2614 0002071 115.0939 245.0407 13.16593287237945
ONEWEB-0254             
1 48972U 21060F   26155.23869941  .00000029  00000+0  42018-4 0  9999
2 48972  87.9107 231.3439 0001778 105.8008 254.3319 13.16594281237889
ONEWEB-0255             
1 48973U 21060G   26155.73268214  .00000131  00000+0  30994-3 0  9994
2 48973  87.9098 231.2537 0001821 100.9758 259.1578 13.16593707238023
ONEWEB-0256             
1 48974U 21060H   26155.68279067  .00000000  00000+0 -33121-4 0  9999
2 48974  87.9103 231.2676 0002169  99.2531 260.8846 13.16592895237988
ONEWEB-0257             
1 48975U 21060J   26155.71525911  .00000025  00000+0  31632-4 0  9997
2 48975  87.9104 231.2477 0001897  96.6323 263.5024 13.16593789237943
ONEWEB-0258             
1 48976U 21060K   26155.71684429  .00000038  00000+0  64717-4 0  9992
2 48976  87.9105 231.2592 0002011 100.2538 259.8820 13.16593414237950
ONEWEB-0259             
1 48977U 21060L   26155.71051641  .00000013  00000+0  17009-5 0  9993
2 48977  87.9102 231.2596 0001921 102.4629 257.6717 13.16593942237986
ONEWEB-0260             
1 48978U 21060M   26155.24581423 -.00000013  00000+0 -68491-4 0  9990
2 48978  87.9089 231.3526 0002145  91.1713 268.9664 13.16593613237905
ONEWEB-0261             
1 48979U 21060N   26155.74771191  .00000120  00000+0  27925-3 0  9992
2 48979  87.9101 231.2537 0001696  95.0828 265.0497 13.16595384238025
ONEWEB-0262             
1 48980U 21060P   26155.72793060  .00000099  00000+0  22615-3 0  9997
2 48980  87.9101 231.2440 0001887 107.0729 253.0609 13.16593443237986
ONEWEB-0263             
1 48981U 21060Q   26155.68359791 -.00000046  00000+0 -15365-3 0  9990
2 48981  87.9106 231.2639 0001714 101.0847 259.0477 13.16594176237945
ONEWEB-0264             
1 48982U 21060R   26155.72081038  .00000061  00000+0  12715-3 0  9993
2 48982  87.9100 231.2600 0001902  91.7456 268.3893 13.16594018237959
ONEWEB-0266             
1 48984U 21060T   26155.74217619  .00000065  00000+0  13645-3 0  9990
2 48984  87.9107 231.2456 0002034  98.1346 262.0015 13.16593303237945
ONEWEB-0267             
1 48985U 21060U   26156.20924477  .00000130  00000+0  30650-3 0  9998
2 48985  87.9105 231.1495 0001837  96.3843 263.7497 13.16594197238011
ONEWEB-0268             
1 48986U 21060V   26155.72159517 -.00000075  00000+0 -23099-3 0  9999
2 48986  87.9104 231.2569 0002102  94.8045 265.3326 13.16595270238211
ONEWEB-0269             
1 48987U 21060W   26155.24661527  .00000375  00000+0  94802-3 0  9997
2 48987  87.9096 231.3536 0002216 101.0133 259.1248 13.16591031237924
ONEWEB-0270             
1 48988U 21060X   26155.72001477  .00000084  00000+0  18524-3 0  9997
2 48988  87.9104 231.2586 0001679 103.0268 257.1051 13.16593688238024
ONEWEB-0271             
1 48989U 21060Y   26155.70734765 -.00000041  00000+0 -13996-3 0  9992
2 48989  87.9103 231.2504 0001767  92.7765 267.3568 13.16593635238026
ONEWEB-0272             
1 48990U 21060Z   26155.72949972  .00000047  00000+0  90370-4 0  9990
2 48990  87.9102 231.2590 0001949  88.4783 271.6571 13.16595491237973
ONEWEB-0273             
1 48991U 21060AA  26155.67568338  .00000024  00000+0  29569-4 0  9995
2 48991  87.9105 231.2678 0001915 102.6305 257.5040 13.16594213237948
ONEWEB-0274             
1 48992U 21060AB  26155.24502029 -.00000024  00000+0 -95882-4 0  9997
2 48992  87.9080 231.3546 0002028  90.4123 269.7240 13.16593413237920
ONEWEB-0275             
1 48993U 21060AC  26155.68993271 -.00000060  00000+0 -19105-3 0  9992
2 48993  87.9105 231.2565 0001939  96.2076 263.9276 13.16594314237915
ONEWEB-0276             
1 48994U 21060AD  26155.72317567  .00000215  00000+0  52930-3 0  9999
2 48994  87.9104 231.2497 0002022  95.2514 264.8848 13.16593379237936
ONEWEB-0277             
1 48995U 21060AE  26155.73584638  .00000198  00000+0  48423-3 0  9998
2 48995  87.9099 231.2577 0001753  96.7131 263.4199 13.16592195237928
ONEWEB-0278             
1 48996U 21060AF  26155.72633858  .00000082  00000+0  18051-3 0  9993
2 48996  87.9108 231.2481 0002264 107.4326 252.7053 13.16595438238056
ONEWEB-0279             
1 48997U 21060AG  26155.73426419  .00000100  00000+0  22750-3 0  9990
2 48997  87.9099 231.2455 0001793  93.2474 266.8862 13.16593987237981
ONEWEB-0280             
1 48998U 21060AH  26155.67329192  .00000055  00000+0  11055-3 0  9999
2 48998  87.9102 231.2609 0001968 111.7179 248.4161 13.16593124237914
ONEWEB-0281             
1 48999U 21060AJ  26155.67885229  .00000052  00000+0  10142-3 0  9991
2 48999  87.9105 231.2557 0002149 103.8972 256.2398 13.16594275237989
ONEWEB-0282             
1 49000U 21060AK  26155.70892030 -.00000033  00000+0 -12036-3 0  9992
2 49000  87.9100 231.2573 0001861 100.2224 259.9117 13.16596465237967
ONEWEB-0283             
1 49001U 21060AL  26155.24185918 -.00000030  00000+0 -11262-3 0  9999
2 49001  87.9103 231.3502 0001911  98.8980 261.2367 13.16593938237911
ONEWEB-0284             
1 49002U 21060AM  26155.23553297  .00000024  00000+0  30012-4 0  9994
2 49002  87.9105 231.3443 0002109 108.9591 251.1768 13.16593974237899
ONEWEB-0285             
1 49075U 21075A   26156.01479650 -.00000002  00000+0 -41663-4 0  9999
2 49075  87.8947 353.0828 0001698  92.0040 268.1283 13.12442174233612
ONEWEB-0286             
1 49076U 21075B   26155.99687162  .00000473  00000+0  12786-2 0  9997
2 49076  87.8937 353.1040 0002013  88.3819 271.7540 13.12442269232961
ONEWEB-0287             
1 49077U 21075C   26156.01686168  .00000053  00000+0  10294-3 0  9994
2 49077  87.9142   8.2871 0002249  89.6115 270.5274 13.17648591232024
ONEWEB-0288             
1 49078U 21075D   26155.97328477 -.00000137  00000+0 -41570-3 0  9991
2 49078  87.8949 353.0848 0001980  98.6106 261.5247 13.12443778233582
ONEWEB-0289             
1 49079U 21075E   26155.67585897 -.00000035  00000+0 -12459-3 0  9991
2 49079  87.9146   8.3699 0001683  97.1754 262.9569 13.17648337232551
ONEWEB-0290             
1 49080U 21075F   26156.02867661  .00000007  00000+0 -15777-4 0  9990
2 49080  87.9147   8.2724 0001508 101.6258 258.5043 13.17649620232013
ONEWEB-0291             
1 49081U 21075G   26156.01348851  .00000027  00000+0  35528-4 0  9992
2 49081  87.9145   8.2841 0002066  97.9637 262.1729 13.17647667232000
ONEWEB-0293             
1 49082U 21075H   26156.03878884  .00000073  00000+0  15377-3 0  9999
2 49082  87.9143   8.2817 0001715  88.9912 271.1416 13.17650682232035
ONEWEB-0294             
1 49083U 21075J   26155.98006916  .00000085  00000+0  20196-3 0  9990
2 49083  87.8950 353.0866 0001631  99.1273 261.0040 13.12444413232979
ONEWEB-0295             
1 49084U 21075K   26156.03794869 -.00000093  00000+0 -27165-3 0  9993
2 49084  87.9136   8.2874 0002031  97.6755 262.4607 13.17648134231994
ONEWEB-0296             
1 49085U 21075L   26156.03596530 -.00000329  00000+0 -95125-3 0  9992
2 49085  87.8952 353.0830 0002070  91.0594 269.0772 13.12442331232987
ONEWEB-0297             
1 49086U 21075M   26156.06647116  .00000354  00000+0  94788-3 0  9993
2 49086  87.8939 353.0890 0001893  91.0452 269.0894 13.12443583233597
ONEWEB-0298             
1 49087U 21075N   26155.96639747  .00000024  00000+0  28744-4 0  9997
2 49087  87.9143   8.2984 0001942  87.3111 272.8243 13.17649587232017
ONEWEB-0299             
1 49088U 21075P   26155.96793317  .00000089  00000+0  19701-3 0  9995
2 49088  87.9153   8.2776 0001977  87.7039 272.4319 13.17651009231997
ONEWEB-0300             
1 49089U 21075Q   26155.98260804  .00000191  00000+0  49456-3 0  9992
2 49089  87.8953 353.0835 0002008  82.2901 277.8456 13.12444771233608
ONEWEB-0301             
1 49090U 21075R   26155.96650860 -.00000352  00000+0 -10125-2 0  9998
2 49090  87.8948 353.0855 0001823  79.1671 280.9663 13.12444864232965
ONEWEB-0302             
1 49091U 21075S   26156.02919184 -.00000385  00000+0 -11044-2 0  9991
2 49091  87.8950 353.0841 0001691  98.3675 261.7645 13.12442397232959
ONEWEB-0304             
1 49092U 21075T   26156.01854946  .00000027  00000+0  37074-4 0  9999
2 49092  87.9140   8.2910 0001950  86.5584 273.5771 13.17648145231970
ONEWEB-0305             
1 49093U 21075U   26156.01180146  .00000009  00000+0 -93660-5 0  9999
2 49093  87.9146   8.2757 0002170  88.8131 271.3249 13.17647888232008
ONEWEB-0308             
1 49094U 21075V   26156.02241591 -.00000164  00000+0 -49058-3 0  9996
2 49094  87.8950 353.0778 0001762  85.3906 274.7424 13.12441938232963
ONEWEB-0309             
1 49095U 21075W   26156.01516659  .00000047  00000+0  88932-4 0  9999
2 49095  87.9142   8.2848 0001667 100.8069 259.3251 13.17648068231977
ONEWEB-0310             
1 49096U 21075X   26156.03766036 -.00000353  00000+0 -10178-2 0  9995
2 49096  87.8944 353.0973 0001843  82.9603 277.1735 13.12443148233599
ONEWEB-0311             
1 49097U 21075Y   26156.02193747  .00000033  00000+0  50537-4 0  9996
2 49097  87.9147   8.2835 0002320  89.7503 270.3894 13.17648291232026
ONEWEB-0312             
1 49098U 21075Z   26156.03711698  .00000179  00000+0  42739-3 0  9994
2 49098  87.9141   8.2905 0002040  95.2895 264.8469 13.17650956232009
ONEWEB-0313             
1 49099U 21075AA  26156.04202925  .00000085  00000+0  18473-3 0  9998
2 49099  87.9140   8.2953 0001936  86.5522 273.5831 13.17651714231995
ONEWEB-0314             
1 49100U 21075AB  26156.00843264  .00000002  00000+0 -28883-4 0  9991
2 49100  87.9152   8.2739 0002111 104.1802 255.9564 13.17650294231963
ONEWEB-0315             
1 49101U 21075AC  26156.01056287  .00000255  00000+0  67409-3 0  9999
2 49101  87.8951 353.0664 0002176  85.2827 274.8550 13.12442035233576
ONEWEB-0316             
1 49102U 21075AD  26156.01857796  .00000052  00000+0  99624-4 0  9994
2 49102  87.9157 337.8786 0001916  91.0770 269.0581 13.18686137235609
ONEWEB-0317             
1 49103U 21075AE  26156.01394985  .00000137  00000+0  34453-3 0  9993
2 49103  87.8952 353.0890 0001133 100.4952 259.6304 13.12441724233595
ONEWEB-0318             
1 49104U 21075AF  26156.01520229  .00000031  00000+0  46828-4 0  9999
2 49104  87.9167 337.8794 0002107  89.9246 270.2127 13.18686116235560
ONEWEB-0319             
1 49105U 21075AG  26156.02361235  .00000034  00000+0  55578-4 0  9996
2 49105  87.9139   8.2874 0002355  82.2900 277.8499 13.17647859232007
ONEWEB-0323             
1 49106U 21075AH  26156.07155639  .00000490  00000+0  13266-2 0  9993
2 49106  87.8943 353.0571 0002394  85.7827 274.3575 13.12442810232961
ONEWEB-0329             
1 49107U 21075AJ  26156.03204890  .00000069  00000+0  14524-3 0  9995
2 49107  87.9142   8.2870 0001944  88.5923 271.5432 13.17647958231980
ONEWEB-0330             
1 49108U 21075AK  26155.97989182 -.00000119  00000+0 -34008-3 0  9999
2 49108  87.9145   8.3172 0001898  95.9836 264.1511 13.17649808232010
ONEWEB-0292             
1 49186U 21083A   26155.97714191  .00000201  00000+0  51458-3 0  9998
2 49186  87.8935 322.6715 0001979  90.6035 269.5321 13.13469724229321
ONEWEB-0303             
1 49187U 21083B   26156.01183509  .00000029  00000+0  41233-4 0  9997
2 49187  87.9161 337.8799 0001991  88.3542 271.7818 13.18685826228373
ONEWEB-0306             
1 49188U 21083C   26156.00171545  .00000047  00000+0  85822-4 0  9996
2 49188  87.9168 337.8689 0001637  94.1836 265.9483 13.18686188228417
ONEWEB-0307             
1 49189U 21083D   26155.97122080  .00000030  00000+0  47203-4 0  9995
2 49189  87.8946 322.6685 0001937  93.9037 266.2314 13.13470130229323
ONEWEB-0320             
1 49190U 21083E   26156.02193477  .00000011  00000+0 -44975-5 0  9996
2 49190  87.9149 337.8854 0001724  82.5726 277.5602 13.18687510228376
ONEWEB-0321             
1 49191U 21083F   26156.07996308  .00000089  00000+0  18797-3 0  9991
2 49191  87.9186 276.8478 0001659 106.0629 254.0687 13.20770866235239
ONEWEB-0322             
1 49192U 21083G   26156.19551627 -.00000082  00000+0 -26044-3 0  9995
2 49192  87.8941 322.6244 0001418  90.5566 269.5725 13.13469994229347
ONEWEB-0324             
1 49193U 21083H   26156.07082760 -.00000154  00000+0 -42325-3 0  9990
2 49193  87.9166 337.8610 0001693 100.0083 260.1241 13.18684743228401
ONEWEB-0325             
1 49194U 21083J   26155.99833319  .00000048  00000+0  89852-4 0  9992
2 49194  87.9157 337.8845 0001839  87.9687 272.1655 13.18686748228406
ONEWEB-0326             
1 49195U 21083K   26156.01364365 -.00000172  00000+0 -46803-3 0  9995
2 49195  87.9167 337.8784 0002010  86.1489 273.9873 13.18684970228397
ONEWEB-0327             
1 49196U 21083L   26156.01336839  .00000036  00000+0  57372-4 0  9992
2 49196  87.9158 337.8837 0002135  81.9946 278.1428 13.18686753228413
ONEWEB-0328             
1 49197U 21083M   26154.96651571 -.00000193  00000+0 -56403-3 0  9997
2 49197  87.8952 322.8411 0001834  97.0089 263.1249 13.13469468229163
ONEWEB-0331             
1 49198U 21083N   26156.00677218  .00000050  00000+0  95328-4 0  9991
2 49198  87.9167 337.8734 0002183  88.8991 271.2391 13.18686951228402
ONEWEB-0333             
1 49199U 21083P   26156.18027549 -.00000264  00000+0 -75670-3 0  9993
2 49199  87.8945 322.6269 0001825  91.3436 268.7903 13.13469221229333
ONEWEB-0334             
1 49200U 21083Q   26155.71885036 -.00000088  00000+0 -24924-3 0  9997
2 49200  87.9193 276.9313 0001093 118.6906 241.4337 13.20772172235140
ONEWEB-0335             
1 49201U 21083R   26156.17520505 -.00000211  00000+0 -61317-3 0  9991
2 49201  87.8945 322.6244 0002009  93.1331 267.0028 13.13469927229343
ONEWEB-0336             
1 49202U 21083S   26155.99407115  .00000334  00000+0  87902-3 0  9994
2 49202  87.8943 322.6566 0002218  95.8604 264.2778 13.13469482229317
ONEWEB-0337             
1 49203U 21083T   26156.00409279  .00000165  00000+0  41720-3 0  9991
2 49203  87.8941 322.6609 0001921  97.6903 262.4444 13.13469096229317
ONEWEB-0338             
1 49204U 21083U   26156.07152510  .00000047  00000+0  83706-4 0  9992
2 49204  87.9179 276.8643 0001654  99.8793 260.2527 13.20769648235212
ONEWEB-0339             
1 49205U 21083V   26156.01268771 -.00000043  00000+0 -15184-3 0  9996
2 49205  87.8944 322.6515 0001524  95.8896 264.2407 13.13469226229299
ONEWEB-0340             
1 49206U 21083W   26156.06915756 -.00000074  00000+0 -22114-3 0  9999
2 49206  87.9165 337.8662 0001937  99.0394 261.0957 13.18687643228377
ONEWEB-0341             
1 49207U 21083X   26156.00002889  .00000052  00000+0  10022-3 0  9997
2 49207  87.9161 337.8844 0001993 105.0536 255.0817 13.18686478228388
ONEWEB-0342             
1 49208U 21083Y   26156.07826683  .00000064  00000+0  12521-3 0  9990
2 49208  87.9188 276.8503 0001862 100.9316 259.2027 13.20772945235180
ONEWEB-0343             
1 49209U 21083Z   26156.00846569  .00000052  00000+0  98307-4 0  9993
2 49209  87.9164 337.8811 0001454  96.6917 263.4380 13.18685649228430
ONEWEB-0344             
1 49210U 21083AA  26156.00761646  .00000077  00000+0  17702-3 0  9993
2 49210  87.8936 322.6678 0001947 104.4217 255.7128 13.13470929229296
ONEWEB-0345             
1 49211U 21083AB  26155.99914712  .00000271  00000+0  70821-3 0  9992
2 49211  87.8954 322.6484 0001879 103.0134 257.1205 13.13469980229308
ONEWEB-0346             
1 49212U 21083AC  26156.00508736  .00000035  00000+0  56343-4 0  9993
2 49212  87.9157 337.8827 0002493  86.7096 273.4321 13.18686097228372
ONEWEB-0348             
1 49213U 21083AD  26156.06816179  .00000078  00000+0  15958-3 0  9996
2 49213  87.9189 276.8554 0002500 103.3197 256.8215 13.20771080235212
ONEWEB-0350             
1 49214U 21083AE  26155.02019151 -.00003051  00000+0 -84548-2 0  9993
2 49214  87.8948 322.8458 0001917 101.5645 258.5700 13.12952324229202
ONEWEB-0351             
1 49215U 21083AF  26156.06127773  .00000034  00000+0  51081-4 0  9993
2 49215  87.9189 276.8555 0001500 125.5856 234.5417 13.20772967235179
ONEWEB-0352             
1 49216U 21083AG  26155.98899600  .00000351  00000+0  92569-3 0  9996
2 49216  87.8946 322.6621 0001452 101.5187 258.6105 13.13469906229421
ONEWEB-0354             
1 49217U 21083AH  26156.08838089  .00000074  00000+0  14911-3 0  9990
2 49217  87.9200 276.8482 0002222 111.7776 248.3594 13.20772054235215
ONEWEB-0355             
1 49218U 21083AJ  26156.01790459 -.00000159  00000+0 -46994-3 0  9994
2 49218  87.8941 322.6583 0001720 100.3607 259.7716 13.13469113229304
ONEWEB-0357             
1 49219U 21083AK  26156.08501169  .00000022  00000+0  22306-4 0  9999
2 49219  87.9188 276.8446 0001795 103.9918 256.1415 13.20772542235218
ONEWEB-0332             
1 49279U 21090A   26156.11589547  .00000097  00000+0  22772-3 0  9991
2 49279  87.8953 292.1149 0001607  98.8788 261.2523 13.14504779225992
ONEWEB-0347             
1 49280U 21090B   26156.07490138 -.00000047  00000+0 -14807-3 0  9992
2 49280  87.9187 276.8542 0001783  96.9610 263.1726 13.20773551229441
ONEWEB-0349             
1 49281U 21090C   26156.03114147  .00000146  00000+0  32774-3 0  9993
2 49281  87.9189 276.8639 0001929 101.9539 258.1811 13.20771049228224
ONEWEB-0353             
1 49282U 21090D   26156.10798022 -.00000056  00000+0 -18671-3 0  9994
2 49282  87.8957 292.1124 0001684  93.7904 266.3418 13.14502743225990
ONEWEB-0356             
1 49283U 21090E   26156.02946145  .00000083  00000+0  17274-3 0  9993
2 49283  87.9183 276.8580 0002479  83.6898 276.4517 13.20773324228224
ONEWEB-0358             
1 49284U 21090F   26156.05890191  .00000096  00000+0  20336-3 0  9993
2 49284  87.9190 276.8553 0002167  99.6059 260.5319 13.20770223228952
ONEWEB-0359             
1 49285U 21090G   26154.31398858  .00000018  00000+0  11544-4 0  9990
2 49285  87.9190 277.1989 0002170 105.6379 254.4994 13.20771870228700
ONEWEB-0360             
1 49286U 21090H   26156.04627391  .00000118  00000+0  25718-3 0  9998
2 49286  87.9188 276.8603 0002073 102.7536 257.3829 13.20774141228244
ONEWEB-0361             
1 49287U 21090J   26156.02775703  .00000118  00000+0  25754-3 0  9998
2 49287  87.9183 276.8627 0002116 100.4254 259.7118 13.20770682228698
ONEWEB-0362             
1 49288U 21090K   26156.12234310  .00000088  00000+0  18730-3 0  9996
2 49288  87.9160 307.3824 0001704 103.3045 256.8278 13.19727772225327
ONEWEB-0363             
1 49289U 21090L   26156.04290316  .00000126  00000+0  27721-3 0  9999
2 49289  87.9192 276.8595 0002223  93.0803 267.0585 13.20774952228706
ONEWEB-0364             
1 49290U 21090M   26156.08163418 -.00000288  00000+0 -73931-3 0  9992
2 49290  87.9196 276.8574 0001942 109.4829 250.6514 13.20767053229846
ONEWEB-0365             
1 49291U 21090N   26156.13182933  .00000007  00000+0 -14051-4 0  9999
2 49291  87.9170 307.3684 0001722  95.9492 264.1837 13.19726875224839
ONEWEB-0366             
1 49292U 21090P   26156.10480317 -.00000084  00000+0 -26111-3 0  9999
2 49292  87.8950 292.1149 0001956  99.8054 260.3297 13.14502404225977
ONEWEB-0367             
1 49293U 21090Q   26156.04202767  .00002517  00000+0  61535-2 0  9993
2 49293  87.9189 276.8607 0000886 126.2660 233.8556 13.20799302228226
ONEWEB-0368             
1 49294U 21090R   26156.09171714 -.00001230  00000+0 -30583-2 0  9998
2 49294  87.9170 276.8627 0001241  82.4065 277.7210 13.20778332229389
ONEWEB-0369             
1 49295U 21090S   26156.12709368  .00000055  00000+0  10468-3 0  9998
2 49295  87.9158 307.3777 0001756  93.2719 266.8615 13.19726921224826
ONEWEB-0370             
1 49296U 21090T   26155.74829360  .00000051  00000+0  94057-4 0  9994
2 49296  87.9202 276.9187 0002143 114.5539 245.5818 13.20774500228226
ONEWEB-0371             
1 49297U 21090U   26154.46701471  .00000042  00000+0  72277-4 0  9995
2 49297  87.9165 307.7000 0001749  98.3258 261.8073 13.19727326224648
ONEWEB-0372             
1 49298U 21090V   26156.04108708  .00000076  00000+0  15395-3 0  9990
2 49298  87.9190 276.8625 0001923  99.3346 260.8005 13.20770851228235
ONEWEB-0373             
1 49299U 21090W   26156.06648395  .00000073  00000+0  14664-3 0  9999
2 49299  87.9185 276.8579 0002064 101.1602 258.9763 13.20770418229422
ONEWEB-0374             
1 49300U 21090X   26156.09212251 -.00000192  00000+0 -55330-3 0  9992
2 49300  87.8961 292.1081 0002393  89.2174 270.9230 13.14502168225977
ONEWEB-0375             
1 49301U 21090Y   26156.05470615  .00000105  00000+0  22564-3 0  9994
2 49301  87.9190 276.8517 0002503  92.8564 267.2856 13.20772400228928
ONEWEB-0376             
1 49302U 21090Z   26154.46543622  .00000048  00000+0  86892-4 0  9998
2 49302  87.9169 307.6998 0001646  93.4587 266.6734 13.19724178224640
ONEWEB-0377             
1 49303U 21090AA  26156.04138190  .00000054  00000+0  10112-3 0  9993
2 49303  87.9187 276.8562 0002175  99.6207 260.5173 13.20771816228917
ONEWEB-0378             
1 49304U 21090AB  26156.06155984  .00000072  00000+0  14402-3 0  9992
2 49304  87.9183 276.8575 0002038  96.5144 263.6222 13.20773605228188
ONEWEB-0379             
1 49305U 21090AC  26156.08735764 -.00000139  00000+0 -40827-3 0  9991
2 49305  87.8959 292.1196 0001944  94.6368 265.4983 13.14501739225979
ONEWEB-0380             
1 49306U 21090AD  26156.13025706  .00000040  00000+0  67404-4 0  9996
2 49306  87.9160 307.3743 0002046  97.2105 262.9260 13.19725232224839
ONEWEB-0381             
1 49307U 21090AE  26156.03787402  .00000060  00000+0  11674-3 0  9993
2 49307  87.9193 276.8604 0002089  90.2844 269.8529 13.20773080228229
ONEWEB-0382             
1 49308U 21090AF  26156.10013501  .00000017  00000+0  88890-5 0  9992
2 49308  87.9192 276.8435 0002108  94.8283 265.3091 13.20771961228221
ONEWEB-0383             
1 49309U 21090AG  26156.08100487 -.00000033  00000+0 -12458-3 0  9995
2 49309  87.8961 292.1122 0001889  92.9249 267.2096 13.14504244226006
ONEWEB-0384             
1 49310U 21090AH  26156.08916528  .00000045  00000+0  77526-4 0  9997
2 49310  87.9189 276.8898 0002175  88.5911 271.5472 13.20811764228234
ONEWEB-0385             
1 49311U 21090AJ  26156.09343005  .00000035  00000+0  54866-4 0  9994
2 49311  87.9196 276.8491 0002035 102.7542 257.3819 13.20771495228206
ONEWEB-0386             
1 49312U 21090AK  26155.73147655 -.00000006  00000+0 -46630-4 0  9998
2 49312  87.9205 276.9106 0001990 100.3473 259.7885 13.20772712228176
ONEWEB-0387             
1 49313U 21090AL  26156.09511311 -.00000054  00000+0 -16475-3 0  9999
2 49313  87.9181 276.8644 0002345  99.7213 260.4186 13.20772871228229
ONEWEB-0388             
1 49314U 21090AM  26156.12551851  .00000051  00000+0  95300-4 0  9997
2 49314  87.9160 307.3735 0001918  91.8408 268.2944 13.19726718224829
ONEWEB-0389             
1 50469U 21132A   26155.97298609  .00000032  00000+0  48573-4 0  9997
2 50469  87.9143   8.2983 0002188  86.3360 273.8022 13.17648176216471
ONEWEB-0390             
1 50470U 21132B   26155.97467308  .00000113  00000+0  25884-3 0  9992
2 50470  87.9141   8.2984 0001818  95.1746 264.9593 13.17647520216473
ONEWEB-0391             
1 50471U 21132C   26155.97636159  .00000036  00000+0  58876-4 0  9997
2 50471  87.9144   8.3080 0002622  94.8052 265.3379 13.17648085216479
ONEWEB-0392             
1 50472U 21132D   26156.00674654  .00000029  00000+0  40921-4 0  9999
2 50472  87.9149   8.2693 0002258  85.8069 274.3321 13.17650277216515
ONEWEB-0393             
1 50473U 21132E   26155.98227869 -.00000024  00000+0 -94158-4 0  9996
2 50473  87.9141   8.2923 0002011  86.8092 273.3270 13.17649658216500
ONEWEB-0394             
1 50474U 21132F   26156.03373132 -.00000267  00000+0 -70981-3 0  9995
2 50474  87.9166 337.8603 0002059  85.8803 274.2564 13.18686730219990
ONEWEB-0395             
1 50475U 21132G   26156.03585380 -.00000417  00000+0 -12136-2 0  9990
2 50475  87.8896  23.4857 0001946  96.7089 263.4261 13.11415770214121
ONEWEB-0396             
1 50476U 21132H   26156.02698380 -.00000015  00000+0 -71473-4 0  9990
2 50476  87.9170 337.8750 0001936  89.0695 271.0658 13.18688198220034
ONEWEB-0397             
1 50477U 21132J   26156.19391772 -.00000095  00000+0 -27250-3 0  9995
2 50477  87.9165 337.8415 0001900  85.4766 274.6583 13.18685216220031
ONEWEB-0398             
1 50478U 21132K   26156.00364558  .00000488  00000+0  13421-2 0  9996
2 50478  87.8903  23.4822 0001777  93.6267 266.5064 13.11417777214013
ONEWEB-0399             
1 50479U 21132L   26156.06637696  .00000228  00000+0  60621-3 0  9996
2 50479  87.8908  23.4800 0002288  77.6839 282.4545 13.11418942214016
ONEWEB-0400             
1 50480U 21132M   26156.02024891 -.00000053  00000+0 -16611-3 0  9999
2 50480  87.9165 337.8650 0001766  95.3053 264.8281 13.18684789220002
ONEWEB-0401             
1 50481U 21132N   26156.06576936 -.00000103  00000+0 -29497-3 0  9998
2 50481  87.9165 337.8535 0001626  92.4701 267.6617 13.18688750220015
ONEWEB-0402             
1 50482U 21132P   26156.02869067 -.00000038  00000+0 -12950-3 0  9998
2 50482  87.9167 337.8503 0001713  70.9636 289.1681 13.18688575220035
ONEWEB-0403             
1 50483U 21132Q   26155.97808870 -.00000011  00000+0 -59748-4 0  9995
2 50483  87.9165 337.8839 0001974  95.9961 264.1396 13.18688464219988
ONEWEB-0404             
1 50484U 21132R   26155.66623703 -.00000570  00000+0 -16434-2 0  9995
2 50484  87.8908  23.5582 0002102  86.3606 273.7763 13.11417337214050
ONEWEB-0405             
1 50485U 21132S   26156.06747436 -.00000092  00000+0 -26672-3 0  9996
2 50485  87.9171 337.8515 0001668 105.0987 255.0329 13.18686115220392
ONEWEB-0406             
1 50486U 21132T   26155.98315023 -.00000064  00000+0 -19627-3 0  9991
2 50486  87.9160 337.8844 0002349 100.2115 259.9282 13.18685227220016
ONEWEB-0407             
1 50487U 21132U   26155.97641286 -.00000004  00000+0 -44081-4 0  9991
2 50487  87.9169 337.8785 0001517  82.4893 277.6411 13.18687062219951
ONEWEB-0409             
1 50488U 21132V   26155.66453919 -.00000436  00000+0 -12658-2 0  9994
2 50488  87.8897  23.5481 0002154  75.6004 284.5362 13.11417508213941
ONEWEB-0412             
1 50489U 21132W   26156.04047447  .00000070  00000+0  14473-3 0  9993
2 50489  87.9167 337.8741 0001810  81.8012 278.3326 13.18688654220059
ONEWEB-0413             
1 50490U 21132X   26156.19728211 -.00000095  00000+0 -27390-3 0  9997
2 50490  87.9154 337.8427 0001508  83.9257 276.2047 13.18680850220019
ONEWEB-0414             
1 50491U 21132Y   26156.03036517  .00000042  00000+0  73985-4 0  9994
2 50491  87.9166 337.8560 0001936  86.1110 274.0243 13.18684453220027
ONEWEB-0417             
1 50492U 21132Z   26156.03879463 -.00000008  00000+0 -54140-4 0  9996
2 50492  87.9159 337.8754 0002019  91.7000 268.4364 13.18684948220006
ONEWEB-0418             
1 50493U 21132AA  26155.97290704 -.00000005  00000+0 -44953-4 0  9992
2 50493  87.9163 337.8865 0002147  96.5597 263.5779 13.18686553220056
ONEWEB-0419             
1 50494U 21132AB  26156.06719186 -.00000267  00000+0 -71062-3 0  9994
2 50494  87.9161 337.8689 0001834 109.5162 250.6169 13.18666096219984
ONEWEB-0420             
1 50495U 21132AC  26156.03205072 -.00000023  00000+0 -91289-4 0  9990
2 50495  87.9157 337.8787 0001606  91.8770 268.2546 13.18684756219970
ONEWEB-0421             
1 50496U 21132AD  26156.02530145 -.00000529  00000+0 -13750-2 0  9998
2 50496  87.9171 337.8740 0002202  79.6545 280.4835 13.18693487220018
ONEWEB-0424             
1 50497U 21132AE  26156.06239999 -.00000041  00000+0 -13698-3 0  9997
2 50497  87.9167 337.8669 0001883 108.0234 252.1104 13.18689031220048
ONEWEB-0426             
1 50498U 21132AF  26156.02110698 -.00000066  00000+0 -20019-3 0  9990
2 50498  87.9174 337.8662 0002424  84.2413 275.8995 13.18688140219987
ONEWEB-0427             
1 50499U 21132AG  26156.06071469 -.00000015  00000+0 -70135-4 0  9996
2 50499  87.9168 337.8474 0002073  90.7540 269.3829 13.18687401220014
ONEWEB-0429             
1 50500U 21132AH  26155.97135161 -.00000041  00000+0 -13708-3 0  9999
2 50500  87.9154 337.8904 0001733  94.9286 265.2044 13.18685302219970
ONEWEB-0430             
1 50501U 21132AJ  26156.03542495 -.00000037  00000+0 -12742-3 0  9992
2 50501  87.9158 337.8762 0001635  98.5042 261.6276 13.18685815220022
ONEWEB-0432             
1 50502U 21132AK  26156.06826424  .00000007  00000+0 -15154-4 0  9990
2 50502  87.9167 337.8419 0001774 108.6561 251.4763 13.18682751219982
ONEWEB-0440             
1 50503U 21132AL  26155.97977628  .00000054  00000+0  10392-3 0  9992
2 50503  87.9165 337.8817 0001746  87.1227 273.0105 13.18684734219963
ONEWEB-0450             
1 50504U 21132AM  26155.97318152 -.00000065  00000+0 -19734-3 0  9997
2 50504  87.9154 337.8903 0001545  91.6254 268.5055 13.18688322219998
ONEWEB-0410             
1 51622U 22012A   26156.06748450  .00000005  00000+0 -20348-4 0  9993
2 51622  87.9152   8.2672 0003162  84.3155 275.8337 13.17647674212100
ONEWEB-0411             
1 51623U 22012B   26155.64307290 -.00000049  00000+0 -17604-3 0  9999
2 51623  87.8849  38.7646 0001398  92.1017 268.0270 13.10377974207644
ONEWEB-0415             
1 51624U 22012C   26155.71611196 -.00000181  00000+0 -55422-3 0  9998
2 51624  87.8851  38.7497 0001693  94.6857 265.4464 13.10378067207650
ONEWEB-0416             
1 51625U 22012D   26156.03319324  .00000161  00000+0  42617-3 0  9991
2 51625  87.8847  38.7041 0001905  96.0178 264.1167 13.10387310207735
ONEWEB-0422             
1 51626U 22012E   26156.00168154  .00000007  00000+0 -14520-4 0  9995
2 51626  87.9141   8.2806 0001446  60.2521 299.8754 13.17649921212201
ONEWEB-0423             
1 51627U 22012F   26156.07087788  .00000018  00000+0  12959-4 0  9991
2 51627  87.9144   8.2740 0001927  84.0363 276.0988 13.17649478212106
ONEWEB-0425             
1 51628U 22012G   26155.66136569  .00000679  00000+0  19089-2 0  9990
2 51628  87.8841  38.7616 0002181  84.4921 275.6455 13.10374955207686
ONEWEB-0428             
1 51629U 22012H   26155.71777074 -.00000205  00000+0 -62240-3 0  9994
2 51629  87.8848  38.7583 0001774  85.4669 274.6661 13.10378341207652
ONEWEB-0431             
1 51630U 22012J   26156.06954465  .00000017  00000+0  13378-4 0  9994
2 51630  87.8836  38.6804 0001293  93.4714 266.6562 13.10370095207752
ONEWEB-0434             
1 51631U 22012K   26155.66481242  .00000683  00000+0  19190-2 0  9993
2 51631  87.8843  38.7856 0002471  80.8376 279.3031 13.10374149207680
ONEWEB-0435             
1 51632U 22012L   26155.67293330  .00003182  00000+0  90730-2 0  9990
2 51632  87.8845  38.7720 0001459  72.8481 287.2806 13.10396385207679
ONEWEB-0436             
1 51633U 22012M   26156.06242251 -.00000020  00000+0 -83704-4 0  9996
2 51633  87.9152   8.2568 0001615  86.5482 273.5835 13.17650878212089
ONEWEB-0438             
1 51634U 22012N   26155.73272883  .00000658  00000+0  18476-2 0  9991
2 51634  87.8849  38.7624 0002003  82.0585 278.0769 13.10376671207719
ONEWEB-0439             
1 51635U 22012P   26155.65969186  .00000704  00000+0  19790-2 0  9994
2 51635  87.8848  38.7626 0001842  80.1331 280.0004 13.10375722207686
ONEWEB-0442             
1 51636U 22012Q   26155.97889988  .00000031  00000+0  47100-4 0  9992
2 51636  87.9143   8.3069 0002431  92.1280 268.0130 13.17648540212063
ONEWEB-0443             
1 51637U 22012R   26155.99830080 -.00000013  00000+0 -67751-4 0  9990
2 51637  87.9139   8.3042 0001979  72.4456 287.6891 13.17648527212114
ONEWEB-0444             
1 51638U 22012S   26155.72608546  .00000337  00000+0  92779-3 0  9996
2 51638  87.8853  38.7517 0001881  66.8079 293.3246 13.10376772207701
ONEWEB-0445             
1 51639U 22012T   26155.74767030  .00000596  00000+0  16716-2 0  9996
2 51639  87.8851  38.7316 0001731  90.6056 269.5270 13.10371392207717
ONEWEB-0446             
1 51640U 22012U   26155.64806011  .00000239  00000+0  64855-3 0  9992
2 51640  87.8852  38.7805 0001777  85.9059 274.2271 13.10378199207685
ONEWEB-0448             
1 51641U 22012V   26156.03484207  .00000337  00000+0  92898-3 0  9993
2 51641  87.8845  38.7011 0001816  77.6765 282.4565 13.10375463207704
ONEWEB-0449             
1 51642U 22012W   26155.65803376  .00000617  00000+0  17312-2 0  9991
2 51642  87.8850  38.7593 0002264  80.3877 279.7506 13.10375933207660
ONEWEB-0451             
1 51643U 22012X   26155.98312610  .00000039  00000+0  66571-4 0  9995
2 51643  87.9153   8.2698 0002149  84.7319 275.4057 13.17648885212056
ONEWEB-0452             
1 51644U 22012Y   26155.98142449  .00000159  00000+0  37724-3 0  9997
2 51644  87.9140   8.3078 0001947  79.0929 281.0421 13.17652488212068
ONEWEB-0456             
1 51646U 22012AA  26155.66797251  .00000671  00000+0  18859-2 0  9997
2 51646  87.8851  38.7453 0001652  79.9572 280.1742 13.10377917207703
ONEWEB-0457             
1 51647U 22012AB  26155.72095060 -.00000174  00000+0 -53456-3 0  9997
2 51647  87.8850  38.7535 0001927  90.3904 269.7444 13.10374721207718
ONEWEB-0458             
1 51648U 22012AC  26155.66636717  .00002365  00000+0  67361-2 0  9992
2 51648  87.8864  38.7489 0002031  74.9655 285.1697 13.10383484207662
ONEWEB-0461             
1 51649U 22012AD  26156.00335645 -.00000123  00000+0 -35055-3 0  9996
2 51649  87.9150   8.2806 0001897  90.8546 269.2803 13.17648057212285
ONEWEB-0463             
1 51650U 22012AE  26156.06074356  .00000102  00000+0  22886-3 0  9996
2 51650  87.9143   8.2921 0001906  93.6966 266.4384 13.17650640212076
ONEWEB-0464             
1 51651U 22012AF  26155.66301428  .00000701  00000+0  19731-2 0  9994
2 51651  87.8842  38.7749 0001727  72.0276 288.1040 13.10374440207689
ONEWEB-0468             
1 51652U 22012AG  26156.12779603  .00001014  00000+0  28693-2 0  9996
2 51652  87.8835  38.6770 0001748  69.8858 290.2458 13.10374373207725
ONEWEB-0473             
1 51653U 22012AH  26155.73106640  .00000520  00000+0  14521-2 0  9994
2 51653  87.8847  38.7573 0001847  79.7973 280.3362 13.10376492207671
ONEWEB-0474             
1 51654U 22012AJ  26155.64639869  .00000144  00000+0  37568-3 0  9998
2 51654  87.8858  38.7572 0001795  72.8407 287.2917 13.10378117207657
ONEWEB-0475             
1 51655U 22012AK  26156.07255343  .00000011  00000+0 -37330-5 0  9991
2 51655  87.9139   8.2825 0001905  62.2355 297.8969 13.17650410212096
ONEWEB-0490             
1 54113U 22138A   26154.48755551 -.00000087  00000+0 -24944-3 0  9990
2 54113  87.9171 307.6968 0001584  93.3842 266.7472 13.19726669175024
ONEWEB-0492             
1 54114U 22138B   26156.18080648  .00000492  00000+0  11969-2 0  9998
2 54114  87.9161 307.3615 0001629 100.8789 259.2527 13.19726421175253
ONEWEB-0495             
1 54115U 22138C   26154.49071352 -.00000006  00000+0 -47461-4 0  9994
2 54115  87.9159 307.7010 0001203  86.4008 273.7262 13.19727525175012
ONEWEB-0497             
1 54116U 22138D   26156.17131727  .00000044  00000+0  76916-4 0  9992
2 54116  87.9165 307.3572 0001754  96.6199 263.5134 13.19727110175222
ONEWEB-0499             
1 54117U 22138E   26154.48678030  .00000160  00000+0  36810-3 0  9995
2 54117  87.9149 307.7032 0001526  87.1934 272.9373 13.19725818175018
ONEWEB-0500             
1 54118U 22138F   26154.48912808  .00000522  00000+0  12724-2 0  9999
2 54118  87.9180 307.6978 0001829 108.9232 251.2100 13.19725612175022
ONEWEB-0501             
1 54119U 22138G   26156.11128727  .00000026  00000+0  32431-4 0  9999
2 54119  87.9215 307.3658 0002478  70.5049 289.6351 13.19736594175210
ONEWEB-0502             
1 54120U 22138H   26156.17288463 -.00000066  00000+0 -19762-3 0  9998
2 54120  87.9170 307.3484 0001679  88.6453 271.4872 13.19726406175241
ONEWEB-0503             
1 54121U 22138J   26152.44682126  .00000112  00000+0  24712-3 0  9990
2 54121  87.9166 308.0965 0002022  90.2839 269.8526 13.19727739174740
ONEWEB-0504             
1 54122U 22138K   26154.48124098  .00000046  00000+0  83115-4 0  9995
2 54122  87.9166 307.6964 0001685  89.8092 270.3233 13.19726137175029
ONEWEB-0505             
1 54123U 22138L   26154.32645868 -.00000021  00000+0 -84783-4 0  9999
2 54123  87.9166 307.7277 0001530  85.5692 274.5616 13.19725389174989
ONEWEB-0506             
1 54124U 22138M   26156.12076741  .00000958  00000+0  23589-2 0  9990
2 54124  87.9168 307.3672 0001599  90.5575 269.5741 13.19734954175216
ONEWEB-0507             
1 54125U 22138N   26155.98967845  .00000194  00000+0  45144-3 0  9992
2 54125  87.9160 307.4066 0001611  92.8554 267.2763 13.19727491175244
ONEWEB-0508             
1 54126U 22138P   26154.47017173  .00000097  00000+0  20997-3 0  9997
2 54126  87.9157 307.7093 0001373  94.2968 265.8322 13.19727524175022
ONEWEB-0509             
1 54127U 22138Q   26156.11285699  .00002135  00000+0  52990-2 0  9993
2 54127  87.9125 307.3755 0001450 137.8235 222.3009 13.19744014175210
ONEWEB-0510             
1 54128U 22138R   26156.08669918 -.00000519  00000+0 -13074-2 0  9996
2 54128  87.9192 276.8476 0002704  99.6315 260.5124 13.20771670177687
ONEWEB-0511             
1 54129U 22138S   26156.10973139  .00000001  00000+0 -30178-4 0  9994
2 54129  87.9170 307.3732 0001865  81.0764 279.0580 13.19725240175240
ONEWEB-0512             
1 54130U 22138T   26156.17763301 -.00000010  00000+0 -58045-4 0  9995
2 54130  87.9160 307.3660 0001372  87.4715 272.6575 13.19724341175222
ONEWEB-0513             
1 54131U 22138U   26156.11240757 -.00000097  00000+0 -27346-3 0  9999
2 54131  87.9164 307.3245 0001596  61.8419 298.2875 13.20268557175121
ONEWEB-0514             
1 54132U 22138V   26156.11761431  .00000030  00000+0  41692-4 0  9993
2 54132  87.9171 307.3708 0001954  95.5433 264.5922 13.19726963175231
ONEWEB-0515             
1 54133U 22138W   26156.07320417  .00000145  00000+0  32543-3 0  9995
2 54133  87.9193 276.8442 0002421 120.0531 240.0843 13.20773148177708
ONEWEB-0516             
1 54134U 22138X   26154.50018493  .00000182  00000+0  42148-3 0  9993
2 54134  87.9143 307.7024 0001610 103.2682 256.8630 13.19727602175027
ONEWEB-0517             
1 54135U 22138Y   26154.47965331 -.00000127  00000+0 -34929-3 0  9991
2 54135  87.9165 307.6963 0002086  89.8865 270.2507 13.19726757175026
ONEWEB-0518             
1 54136U 22138Z   26153.81629712 -.00000010  00000+0 -57844-4 0  9992
2 54136  87.9155 307.8385 0001680 101.2384 258.8937 13.19726806174933
ONEWEB-0519             
1 54137U 22138AA  26156.11605433  .00000064  00000+0  12729-3 0  9992
2 54137  87.9160 307.3716 0001972  98.3968 261.7388 13.19725912175246
ONEWEB-0520             
1 54138U 22138AB  26154.48281992 -.00000042  00000+0 -13626-3 0  9996
2 54138  87.9168 307.6965 0001546  93.2630 266.8680 13.19726628175012
ONEWEB-0521             
1 54139U 22138AC  26156.18395494  .00000048  00000+0  88035-4 0  9990
2 54139  87.9171 307.3459 0002044  91.8533 268.2834 13.19726968175184
ONEWEB-0522             
1 54140U 22138AD  26154.49545248  .00000046  00000+0  82591-4 0  9997
2 54140  87.9170 307.6835 0001713  93.4338 266.6991 13.19726982175002
ONEWEB-0523             
1 54141U 22138AE  26156.05974190  .00000112  00000+0  24394-3 0  9994
2 54141  87.9190 276.8571 0002726 107.2809 252.8623 13.20770399177702
ONEWEB-0524             
1 54142U 22138AF  26156.04964530  .00000057  00000+0  10775-3 0  9997
2 54142  87.9189 276.8562 0002219 122.5431 237.5916 13.20770257177707
ONEWEB-0525             
1 54143U 22138AG  26156.18237169  .00000030  00000+0  42486-4 0  9990
2 54143  87.9170 307.3565 0001439  95.7805 264.3491 13.19724778175248
ONEWEB-0526             
1 54144U 22138AH  26155.98810468  .00000054  00000+0  10216-3 0  9998
2 54144  87.9167 307.3953 0001727  97.9029 262.2300 13.19730135175192
ONEWEB-0529             
1 54145U 22138AJ  26154.47491137  .00000182  00000+0  42333-3 0  9997
2 54145  87.9162 307.7080 0001515 105.5586 254.5714 13.19727181175013
ONEWEB-0531             
1 54146U 22138AK  26156.03619096  .00000134  00000+0  29874-3 0  9990
2 54146  87.9185 276.8573 0002707 113.9683 246.1734 13.20773368177704
ONEWEB-0535             
1 54147U 22138AL  26156.17605175  .00000034  00000+0  51943-4 0  9991
2 54147  87.9170 307.3516 0002199  97.0756 263.0627 13.19724509175252
ONEWEB-0536             
1 54148U 22138AM  26156.09846419 -.00000004  00000+0 -42514-4 0  9994
2 54148  87.9179 276.8681 0002716 119.1883 240.9522 13.20770179177703
ONEWEB-0527             
1 54642U 22166A   26155.98442432 -.00061433  00000+0 -15104+0 0  9991
2 54642  87.9261 246.4221 0001909 115.4583 244.6749 13.21264949169927
ONEWEB-0528             
1 54643U 22166B   26155.68682016 -.00008935  00000+0 -21712-1 0  9995
2 54643  87.9252 246.4871 0001240  66.4305 293.6959 13.21750757169894
ONEWEB-0539             
1 54644U 22166C   26155.72542941  .00000008  00000+0 -11326-4 0  9998
2 54644  87.9264 246.4498 0002086  94.9233 265.2139 13.21826221169893
ONEWEB-0540             
1 54645U 22166D   26155.73229237  .00000055  00000+0  10185-3 0  9992
2 54645  87.9258 246.4796 0002091  98.6114 261.5257 13.21826506169888
ONEWEB-0542             
1 54646U 22166E   26155.73551981  .00000036  00000+0  55375-4 0  9997
2 54646  87.9266 246.4460 0002160  90.2389 269.8993 13.21826904169896
ONEWEB-0545             
1 54647U 22166F   26155.24601416  .00000020  00000+0  16372-4 0  9990
2 54647  87.9255 246.5563 0002353  90.7220 269.4184 13.21828055169799
ONEWEB-0580             
1 54648U 22166G   26155.67495715  .00000078  00000+0  15837-3 0  9998
2 54648  87.9254 246.4710 0002376  91.1520 268.9887 13.21826445169891
ONEWEB-0582             
1 54649U 22166H   26155.71701769 -.00000021  00000+0 -82665-4 0  9997
2 54649  87.9259 246.4561 0002408  95.0287 265.1122 13.21825705169877
ONEWEB-0583             
1 54650U 22166J   26155.72879111 -.00000006  00000+0 -45050-4 0  9997
2 54650  87.9259 246.4762 0002114  96.6373 263.5002 13.21826562169881
ONEWEB-0584             
1 54651U 22166K   26155.74896024  .00000099  00000+0  20754-3 0  9995
2 54651  87.9259 246.4578 0002178 100.1932 259.9448 13.21824389169876
ONEWEB-0585             
1 54652U 22166L   26155.99961826  .00000005  00000+0 -19757-4 0  9996
2 54652  87.9258 246.3948 0001871 102.1859 257.9485 13.21825313169917
ONEWEB-0586             
1 54653U 22166M   26156.01304479 -.00000665  00000+0 -16406-2 0  9995
2 54653  87.9266 246.4152 0001737  90.2887 269.8446 13.21829580169913
ONEWEB-0587             
1 54654U 22166N   26155.72035983  .00000010  00000+0 -81306-5 0  9991
2 54654  87.9270 246.4481 0001838 110.2963 249.8369 13.21827954170034
ONEWEB-0589             
1 54655U 22166P   26156.00968094  .00000090  00000+0  18638-3 0  9995
2 54655  87.9253 246.4046 0002715  87.1273 273.0171 13.21828576169932
ONEWEB-0590             
1 54656U 22166Q   26155.73201816  .00000218  00000+0  49529-3 0  9992
2 54656  87.9265 246.4483 0002350 108.3779 251.7610 13.21826265169881
ONEWEB-0591             
1 54657U 22166R   26155.74393551  .00000052  00000+0  95103-4 0  9998
2 54657  87.9257 246.4619 0002113  99.1556 260.9817 13.21825186169917
ONEWEB-0592             
1 54658U 22166S   26155.74729552  .00000061  00000+0  11687-3 0  9997
2 54658  87.9268 246.4384 0002019  98.8429 261.2934 13.21826816169790
ONEWEB-0593             
1 54659U 22166T   26155.23927342  .00000030  00000+0  41240-4 0  9994
2 54659  87.9259 246.5518 0001992  94.9999 265.1363 13.21828024169836
ONEWEB-0594             
1 54660U 22166U   26155.71362308 -.00000035  00000+0 -11712-3 0  9991
2 54660  87.9258 246.4744 0001963 103.3242 256.8111 13.21828363169914
ONEWEB-0595             
1 54661U 22166V   26155.69009655 -.00000035  00000+0 -11711-3 0  9991
2 54661  87.9267 246.4578 0001930 105.4443 254.6904 13.21826401169883
ONEWEB-0596             
1 54662U 22166W   26155.74056742  .00000040  00000+0  65039-4 0  9994
2 54662  87.9260 246.4603 0002033 106.9352 253.2005 13.21826475169895
ONEWEB-0597             
1 54663U 22166X   26155.72206273 -.00000008  00000+0 -51772-4 0  9994
2 54663  87.9259 246.4680 0002129  99.5553 260.5822 13.21825563169890
ONEWEB-0600             
1 54664U 22166Y   26156.00632172  .00000105  00000+0  22272-3 0  9996
2 54664  87.9252 246.4028 0001835  93.9264 266.2079 13.21828454169901
ONEWEB-0601             
1 54665U 22166Z   26155.24095412 -.00000001  00000+0 -33472-4 0  9994
2 54665  87.9255 246.5706 0002162  94.5973 265.5408 13.21825258169993
ONEWEB-0602             
1 54666U 22166AA  26155.73635191  .00000061  00000+0  11526-3 0  9992
2 54666  87.9259 246.4787 0001922  99.4248 260.7104 13.21825771169909
ONEWEB-0603             
1 54667U 22166AB  26155.74225103 -.00000010  00000+0 -55374-4 0  9998
2 54667  87.9272 246.4330 0002100 102.6171 257.5197 13.21825616169836
ONEWEB-0604             
1 54668U 22166AC  26155.73047104  .00000047  00000+0  82568-4 0  9994
2 54668  87.9270 246.4509 0002018 107.3632 252.7723 13.21827377169798
ONEWEB-0605             
1 54669U 22166AD  26155.72374734 -.00000003  00000+0 -39298-4 0  9992
2 54669  87.9260 246.4665 0002659  97.9432 262.2004 13.21824666169868
ONEWEB-0606             
1 54670U 22166AE  26155.74561565 -.00000257  00000+0 -65308-3 0  9997
2 54670  87.9253 246.4765 0002103  99.7497 260.3875 13.21825830169924
ONEWEB-0607             
1 54671U 22166AF  26156.01472786  .00000089  00000+0  18418-3 0  9996
2 54671  87.9264 246.3911 0001955  95.5345 264.6012 13.21828229169935
ONEWEB-0608             
1 54672U 22166AG  26155.71869463  .00000035  00000+0  52507-4 0  9994
2 54672  87.9273 246.4475 0002570  98.5564 261.5861 13.21827129169905
ONEWEB-0610             
1 54673U 22166AH  26155.24431374  .00000020  00000+0  16817-4 0  9997
2 54673  87.9256 246.5560 0002368  86.7076 273.4329 13.21828292169740
ONEWEB-0611             
1 54674U 22166AJ  26155.69176999 -.00000013  00000+0 -62211-4 0  9999
2 54674  87.9254 246.4636 0002002 103.5764 256.5593 13.21826569169794
ONEWEB-0612             
1 54675U 22166AK  26156.00801125  .00000085  00000+0  17365-3 0  9998
2 54675  87.9266 246.3946 0002139  97.3347 262.8030 13.21824819169825
ONEWEB-0615             
1 54676U 22166AL  26155.68505654  .00000055  00000+0  10117-3 0  9995
2 54676  87.9254 246.4751 0001714 100.1831 259.9496 13.21826093169792
ONEWEB-0655             
1 54677U 22166AM  26155.73720365  .00000022  00000+0  20966-4 0  9998
2 54677  87.9257 246.4657 0001905  93.1775 266.9576 13.21825939169796
ONEWEB-0659             
1 54678U 22166AN  26155.67830209  .00000072  00000+0  14352-3 0  9997
2 54678  87.9261 246.4772 0002036 102.0207 258.1155 13.21827898169877
ONEWEB-0685             
1 54679U 22166AP  26155.67858215  .00000044  00000+0  73928-4 0  9999
2 54679  87.9253 246.4698 0002046  90.6975 269.4393 13.21819438169769
ONEWEB-0712             
1 54680U 22166AQ  26155.67251296  .00000033  00000+0  53573-4 0  9999
2 54680  87.9105 231.2587 0001755  88.5057 271.6275 13.16593829170414
ONEWEB-0714             
1 54681U 22166AR  26155.68337230  .00000981  00000+0  23447-2 0  9991
2 54681  87.9257 246.4659 0001832  94.8837 265.2506 13.21821410169884
ONEWEB-0532             
1 55140U 23004A   26156.03542345  .00000057  00000+0  11268-3 0  9992
2 55140  87.9143   8.2821 0002135  90.6118 269.5258 13.17648075165984
ONEWEB-0533             
1 55141U 23004B   26156.03074794 -.00000374  00000+0 -10754-2 0  9993
2 55141  87.8945 353.0887 0001892  77.3115 282.8225 13.12442628166462
ONEWEB-0541             
1 55142U 23004C   26155.66963026 -.00000498  00000+0 -14422-2 0  9990
2 55142  87.8921  23.5476 0001760  93.0242 267.1087 13.11419018164309
ONEWEB-0543             
1 55143U 23004D   26156.02362214  .00000012  00000+0 -14508-5 0  9993
2 55143  87.9152 337.8918 0001613  82.7607 277.3708 13.18689087168091
ONEWEB-0544             
1 55144U 23004E   26156.01688602  .00000039  00000+0  66805-4 0  9999
2 55144  87.9156 337.8923 0001659  95.4102 264.7219 13.18686326168093
ONEWEB-0560             
1 55145U 23004F   26156.01014640  .00000050  00000+0  93623-4 0  9996
2 55145  87.9158 337.8829 0001548  91.8225 268.3085 13.18686058168109
ONEWEB-0565             
1 55146U 23004G   26156.00339216  .00000038  00000+0  63282-4 0  9999
2 55146  87.9148 337.9132 0001828 104.6744 255.4591 13.18686407168092
ONEWEB-0567             
1 55147U 23004H   26155.99665382  .00000056  00000+0  10929-3 0  9992
2 55147  87.9156 337.8976 0001689 102.3800 257.7521 13.18686274168090
ONEWEB-0569             
1 55148U 23004J   26155.97205906  .00000006  00000+0 -17219-4 0  9999
2 55148  87.8954 322.6517 0001075 116.1238 244.0002 13.13469214168570
ONEWEB-0570             
1 55149U 23004K   26156.06408410 -.00000021  00000+0 -86866-4 0  9998
2 55149  87.9153 337.8820 0002206  95.2923 264.8461 13.18688223168097
ONEWEB-0571             
1 55150U 23004L   26155.98146235 -.00000066  00000+0 -20076-3 0  9993
2 55150  87.9155 337.8962 0001965 142.0146 218.1125 13.18689151168097
ONEWEB-0572             
1 55151U 23004M   26155.98985793  .00000028  00000+0  38097-4 0  9993
2 55151  87.9139   8.2925 0001806  89.6520 270.4818 13.17648041165879
ONEWEB-0573             
1 55152U 23004N   26155.97472836 -.00000030  00000+0 -10920-3 0  9991
2 55152  87.9157 337.9004 0001651 121.0763 239.0531 13.18687907168082
ONEWEB-0588             
1 55153U 23004P   26155.96797531 -.00000063  00000+0 -19189-3 0  9995
2 55153  87.9150 337.9024 0002267 106.2582 253.8800 13.18688585168082
ONEWEB-0598             
1 55154U 23004Q   26156.02906859 -.00000200  00000+0 -60115-3 0  9997
2 55154  87.8877  23.4914 0001179 109.1362 250.9893 13.11415488164306
ONEWEB-0599             
1 55155U 23004R   26156.02698609  .00000029  00000+0  42698-4 0  9993
2 55155  87.9143   8.2831 0001620  79.5512 280.5802 13.17648176165882
ONEWEB-0614             
1 55156U 23004S   26156.02398252  .00000032  00000+0  53931-4 0  9991
2 55156  87.8896  23.4984 0002005  82.1401 277.9954 13.11415545164243
ONEWEB-0616             
1 55157U 23004T   26155.99324459  .00000029  00000+0  42700-4 0  9993
2 55157  87.9141   8.2938 0001403  52.9200 307.2059 13.17650304166099
ONEWEB-0617             
1 55158U 23004U   26156.01212655  .00000505  00000+0  13882-2 0  9998
2 55158  87.8904  23.4909 0002191  87.8691 272.2688 13.11415791164268
ONEWEB-0618             
1 55159U 23004V   26156.02215818  .00005228  00000+0  29373-3 0  9994
2 55159  86.9088 182.5743 0010787 352.5223   7.5854 15.13046609180420
ONEWEB-0619             
1 55160U 23004W   26156.02530786  .00000069  00000+0  14425-3 0  9990
2 55160  87.9140   8.2689 0002125  71.2056 288.9306 13.17649840165991
ONEWEB-0620             
1 55161U 23004X   26156.00703300  .00000582  00000+0  16075-2 0  9995
2 55161  87.8897  23.5014 0001723  93.1256 267.0069 13.11417469164234
ONEWEB-0621             
1 55162U 23004Y   26156.03415000 -.00000373  00000+0 -10869-2 0  9991
2 55162  87.8908  23.4835 0002029  81.2217 278.9140 13.11415955164210
ONEWEB-0622             
1 55163U 23004Z   26156.03923758 -.00000635  00000+0 -18267-2 0  9997
2 55163  87.8921  23.4830 0002538 108.7439 251.3965 13.11417053164207
ONEWEB-0623             
1 55164U 23004AA  26156.02024112  .00000067  00000+0  13827-3 0  9998
2 55164  87.9138   8.2997 0002602  85.3246 274.8183 13.17648759165985
ONEWEB-0624             
1 55165U 23004AB  26156.00145497  .00000272  00000+0  71520-3 0  9999
2 55165  87.8943 353.0112 0001843  88.5885 271.5455 13.12927760166477
ONEWEB-0625             
1 55166U 23004AC  26156.01012105  .00000093  00000+0  20700-3 0  9995
2 55166  87.9141   8.2973 0001825  82.1311 278.0028 13.17649991165971
ONEWEB-0626             
1 55167U 23004AD  26156.00000191  .00000009  00000+0 -10613-4 0  9998
2 55167  87.9142   8.2987 0001630 102.9770 257.1544 13.17650644165970
ONEWEB-0627             
1 55168U 23004AE  26156.06411383  .00000060  00000+0  12128-3 0  9992
2 55168  87.9141   8.2862 0002355  86.3086 273.8315 13.17648816165982
ONEWEB-0628             
1 55169U 23004AF  26155.97837708 -.00000082  00000+0 -26233-3 0  9993
2 55169  87.8944 353.0809 0002419  84.1813 275.9592 13.12445270166435
ONEWEB-0629             
1 55170U 23004AG  26156.03964328  .00000084  00000+0  18227-3 0  9996
2 55170  87.9142   8.2869 0001997  79.4429 280.6928 13.17650879165986
ONEWEB-0631             
1 55171U 23004AH  26156.03710606  .00000012  00000+0 -26193-5 0  9990
2 55171  87.9164 337.8531 0002013 107.9671 252.1681 13.18688743168079
ONEWEB-0709             
1 55172U 23004AJ  26155.99685900  .00000317  00000+0  85844-3 0  9996
2 55172  87.8895  23.5059 0001216 107.1149 253.0112 13.11419077164272
ONEWEB-0710             
1 55173U 23004AK  26155.97805625  .00000092  00000+0  20345-3 0  9998
2 55173  87.9141   8.2949 0001973  90.3059 269.8298 13.17650745165972
ONEWEB-0711             
1 55174U 23004AL  26155.66285464 -.00000510  00000+0 -14740-2 0  9996
2 55174  87.8897  23.5595 0002501  85.6017 274.5397 13.11418205164199
ONEWEB-0713             
1 55175U 23004AM  26156.06298194  .00000071  00000+0  16495-3 0  9996
2 55175  87.8903  23.4817 0002172  89.0771 271.0605 13.11419526164239
ONEWEB-0715             
1 55176U 23004AN  26156.05789517 -.00000102  00000+0 -32469-3 0  9996
2 55176  87.8899  23.4829 0001641 101.4876 258.6436 13.11418865164274
ONEWEB-0716             
1 55177U 23004AP  26155.97130575  .00000099  00000+0  22061-3 0  9991
2 55177  87.9146   8.2985 0001688  78.4875 281.6446 13.17650950165972
ONEWEB-0717             
1 55178U 23004AQ  26156.03036137  .00000046  00000+0  84094-4 0  9996
2 55178  87.9151   8.2734 0002335  95.6901 264.4497 13.17652093166035
ONEWEB-0719             
1 55179U 23004AR  26155.66081435  .00000044  00000+0  79212-4 0  9990
2 55179  87.9150   8.3271 0001869  78.7687 281.3655 13.17650540165933
ONEWEB-0530             
1 55796U 23029A   26156.04460243  .00000009  00000+0 -90507-5 0  9996
2 55796  87.9181 276.8903 0002420  96.1278 264.0131 13.20770612159544
ONEWEB-0534             
1 55797U 23029B   26156.03281275  .00000120  00000+0  26426-3 0  9992
2 55797  87.9179 276.8933 0001832  99.2566 260.8775 13.20770891159542
ONEWEB-0556             
1 55798U 23029C   26156.03956341  .00000050  00000+0  91894-4 0  9990
2 55798  87.9177 276.8916 0002081  74.6951 285.4412 13.20772892159548
ONEWEB-0562             
1 55799U 23029D   26156.02607013  .00000001  00000+0 -29586-4 0  9995
2 55799  87.9178 276.8741 0002636  83.3760 276.7673 13.20773508159544
ONEWEB-0563             
1 55800U 23029E   26156.09679459  .00000011  00000+0 -44974-5 0  9998
2 55800  87.9194 276.8897 0001634 108.7422 251.3888 13.20771705159545
ONEWEB-0564             
1 55801U 23029F   26156.09005352  .00000009  00000+0 -10231-4 0  9999
2 55801  87.9193 276.8638 0002217 103.6020 256.5361 13.20772734159551
ONEWEB-0638             
1 55802U 23029G   26154.46351618  .00000132  00000+0  32090-3 0  9990
2 55802  87.8945 292.4893 0002107  82.9123 277.2246 13.14502063157597
ONEWEB-0639             
1 55803U 23029H   26156.12867811  .00000200  00000+0  46625-3 0  9998
2 55803  87.9160 307.3788 0000821 100.4099 259.7127 13.19727888157318
ONEWEB-0640             
1 55804U 23029J   26156.07150392  .00000126  00000+0  30537-3 0  9994
2 55804  87.8947 292.1591 0001746  75.9423 284.1901 13.14501803157828
ONEWEB-0641             
1 55805U 23029K   26156.12392794  .00000068  00000+0  13826-3 0  9992
2 55805  87.9165 307.3681 0001660  97.2090 262.9231 13.19727447157327
ONEWEB-0642             
1 55806U 23029L   26156.11919530  .00000088  00000+0  18721-3 0  9996
2 55806  87.9160 307.3820 0001084 111.4822 248.6426 13.19726969157314
ONEWEB-0643             
1 55807U 23029M   26156.11749845  .00000080  00000+0  18046-3 0  9999
2 55807  87.8946 292.1373 0001506 118.2420 241.8862 13.14502822157806
ONEWEB-0644             
1 55808U 23029N   26156.11444789 -.00000018  00000+0 -77832-4 0  9991
2 55808  87.9147 307.3868 0001621 114.7781 245.3521 13.19723428157317
ONEWEB-0645             
1 55809U 23029P   26155.98492674  .00000058  00000+0  11300-3 0  9991
2 55809  87.9158 307.4074 0001411  85.2028 274.9265 13.19727248157297
ONEWEB-0646             
1 55810U 23029Q   26153.80363471 -.00000057  00000+0 -17583-3 0  9994
2 55810  87.9154 307.8422 0001688 106.1464 253.9854 13.19725132156996
ONEWEB-0648             
1 55811U 23029R   26156.08576435 -.00000112  00000+0 -33667-3 0  9997
2 55811  87.8956 292.1155 0000968  87.5978 272.5262 13.14504257157806
ONEWEB-0649             
1 55812U 23029S   26156.17921252  .00000012  00000+0 -12459-5 0  9995
2 55812  87.9160 307.3666 0001557  92.8937 267.2374 13.19727145157342
ONEWEB-0650             
1 55813U 23029T   26156.17445744  .00001525  00000+0  37761-2 0  9992
2 55813  87.9158 307.3699 0001396 101.7375 258.3914 13.19740921157318
ONEWEB-0652             
1 55814U 23029U   26156.06674441  .00000168  00000+0  41767-3 0  9993
2 55814  87.8952 292.1276 0002029  97.7471 262.3889 13.14503519157778
ONEWEB-0653             
1 55815U 23029V   26156.12700338  .00000195  00000+0  49075-3 0  9996
2 55815  87.8955 292.1129 0001944  97.2877 262.8473 13.14502657157810
ONEWEB-0654             
1 55816U 23029W   26156.12225088  .00000086  00000+0  19672-3 0  9990
2 55816  87.8953 292.1103 0002240  95.4138 264.7247 13.14502958157837
ONEWEB-0656             
1 55817U 23029X   26156.08333022  .00000233  00000+0  54031-3 0  9996
2 55817  87.9190 276.8419 0002247  98.0144 262.1244 13.20772428159552
ONEWEB-0657             
1 55818U 23029Y   26153.81942509 -.00000026  00000+0 -96908-4 0  9993
2 55818  87.9159 307.8384 0002332 110.6459 249.4924 13.19726362157015
ONEWEB-0658             
1 55819U 23029Z   26154.49703356 -.00000001  00000+0 -35805-4 0  9996
2 55819  87.9168 307.6776 0001418 100.8472 259.2820 13.19726967157115
ONEWEB-0660             
1 55820U 23029AA  26156.10004457 -.00000128  00000+0 -37847-3 0  9991
2 55820  87.8962 292.1063 0001661  90.2586 269.8734 13.14503068157811
ONEWEB-0661             
1 55821U 23029AB  26154.46034609  .00000218  00000+0  55433-3 0  9990
2 55821  87.8943 292.4801 0001540  87.3980 272.7326 13.14501994157585
ONEWEB-0662             
1 55822U 23029AC  26156.09370081 -.00000204  00000+0 -58513-3 0  9998
2 55822  87.8944 292.1610 0001657  90.1234 270.0086 13.14501540157845
ONEWEB-0663             
1 55823U 23029AD  26156.04215863  .00000092  00000+0  19353-3 0  9992
2 55823  87.9192 276.9220 0001512  95.5776 264.5530 13.20868392159548
ONEWEB-0664             
1 55824U 23029AE  26156.06984294  .00000072  00000+0  14517-3 0  9991
2 55824  87.9177 276.8984 0002056  86.6023 273.5345 13.20771554159545
ONEWEB-0665             
1 55825U 23029AF  26156.13177067  .00000209  00000+0  52937-3 0  9992
2 55825  87.8946 292.1282 0001625  93.7009 266.4306 13.14502098157820
ONEWEB-0666             
1 55826U 23029AG  26156.06311601  .00000027  00000+0  34762-4 0  9994
2 55826  87.9177 276.8895 0002498 112.6427 247.4971 13.20769399159556
ONEWEB-0667             
1 55827U 23029AH  26154.31567023  .00000020  00000+0  18235-4 0  9992
2 55827  87.9191 277.1949 0001822  99.1302 261.0038 13.20771493159316
ONEWEB-0669             
1 55828U 23029AJ  26156.05302075  .00000083  00000+0  17171-3 0  9996
2 55828  87.9186 276.8603 0002448  91.5836 268.5578 13.20771078159542
ONEWEB-0670             
1 55829U 23029AK  26154.43497632  .00001317  00000+0  35180-2 0  9991
2 55829  87.8988 292.4816 0002187  96.4969 263.6410 13.14492551157620
ONEWEB-0671             
1 55830U 23029AL  26156.16024971 -.00000129  00000+0 -35383-3 0  9995
2 55830  87.9161 307.3730 0001721  91.6132 268.5198 13.19725656157312
ONEWEB-0672             
1 55831U 23029AM  26156.04796516  .00000158  00000+0  35712-3 0  9990
2 55831  87.9191 276.8530 0002122  99.9968 260.1405 13.20771763159546
ONEWEB-0673             
1 55832U 23029AN  26154.46939782  .00000062  00000+0  12336-3 0  9990
2 55832  87.9168 307.7007 0001772  90.3964 269.7372 13.19725766157091
ONEWEB-0674             
1 55833U 23029AP  26156.07785286 -.00000011  00000+0 -64638-4 0  9997
2 55833  87.8942 292.1329 0001936  84.4040 275.7311 13.14502834157821
ONEWEB-0675             
1 55834U 23029AQ  26154.48439611 -.00000003  00000+0 -38806-4 0  9998
2 55834  87.9157 307.7084 0001930 105.8365 254.2980 13.19727388157118
ONEWEB-0720             
1 55835U 23029AR  26154.47649202  .00000006  00000+0 -16971-4 0  9998
2 55835  87.9162 307.7110 0001553 107.6174 252.5128 13.19726764157037
ONEWEB-0537             
1 56046U 23043A   26155.73109720  .00000132  00000+0  31244-3 0  9993
2 56046  87.9099 231.2451 0002241 105.9960 254.1418 13.16593335157324
ONEWEB-0538             
1 56047U 23043B   26155.72476975 -.00000386  00000+0 -10428-2 0  9995
2 56047  87.9114 231.2490 0002207 110.8049 249.3319 13.16590843157339
ONEWEB-0546             
1 56048U 23043C   26155.71210166 -.00000019  00000+0 -83154-4 0  9994
2 56048  87.9106 231.2505 0002704 105.9688 254.1740 13.16594007157321
ONEWEB-0547             
1 56049U 23043D   26155.68251816  .00000066  00000+0  12741-3 0  9991
2 56049  87.9260 246.4618 0001903 102.5266 257.6081 13.21823883156576
ONEWEB-0548             
1 56050U 23043E   26155.73663850  .00000106  00000+0  24496-3 0  9999
2 56050  87.9100 231.2428 0002194  86.7848 273.3534 13.16595209157328
ONEWEB-0549             
1 56051U 23043F   26155.67663475  .00000055  00000+0  10197-3 0  9992
2 56051  87.9254 246.4698 0001890 109.6266 250.5072 13.21824849156578
ONEWEB-0550             
1 56052U 23043G   26155.73888575  .00000062  00000+0  11980-3 0  9999
2 56052  87.9259 246.4549 0002033  95.7104 264.4262 13.21825180156580
ONEWEB-0551             
1 56053U 23043H   26155.68183339  .00000013  00000+0  89013-6 0  9991
2 56053  87.8998 261.7182 0001744 112.1230 248.0085 13.15548865154758
ONEWEB-0552             
1 56054U 23043J   26155.73383185  .00000057  00000+0  10563-3 0  9998
2 56054  87.9256 246.4619 0001852  97.0431 263.0914 13.21827319156588
ONEWEB-0553             
1 56055U 23043K   26155.71842851  .00000229  00000+0  56587-3 0  9994
2 56055  87.9102 231.2496 0002424 101.7106 258.4297 13.16593282157331
ONEWEB-0554             
1 56056U 23043L   26155.70576785 -.00000095  00000+0 -28301-3 0  9990
2 56056  87.9106 231.2620 0002241  94.5394 265.5993 13.16593917157315
ONEWEB-0555             
1 56057U 23043M   26155.74375935  .00000131  00000+0  30856-3 0  9996
2 56057  87.9096 231.2428 0002630 105.3006 254.8416 13.16595880157326
ONEWEB-0557             
1 56058U 23043N   26155.68200962  .00000006  00000+0 -18330-4 0  9993
2 56058  87.9095 231.2655 0003108  88.9004 271.2483 13.16593748157310
ONEWEB-0558             
1 56059U 23043P   26155.72709826  .00000031  00000+0  42767-4 0  9990
2 56059  87.9258 246.4575 0001955 109.3651 250.7694 13.21826976156598
ONEWEB-0559             
1 56060U 23043Q   26155.71531686 -.00000001  00000+0 -34282-4 0  9990
2 56060  87.9261 246.4547 0001818 103.5587 256.5750 13.21827010156604
ONEWEB-0566             
1 56061U 23043R   26156.01138861  .00000061  00000+0  11588-3 0  9990
2 56061  87.9258 246.3939 0001696 105.3821 254.7501 13.21825952156629
ONEWEB-0568             
1 56062U 23043S   26155.24344978 -.00000045  00000+0 -15183-3 0  9992
2 56062  87.9093 231.3395 0002264 100.9654 259.1732 13.16593991157270
ONEWEB-0574             
1 56063U 23043T   26155.70186479 -.00000128  00000+0 -34094-3 0  9998
2 56063  87.9271 246.4565 0002108  93.1357 267.0018 13.21826598156626
ONEWEB-0575             
1 56064U 23043U   26155.69309892  .00000015  00000+0  45323-5 0  9995
2 56064  87.9092 231.2471 0002348  85.6047 274.5353 13.16594021157324
ONEWEB-0576             
1 56065U 23043V   26155.67409182  .00000022  00000+0  23908-4 0  9999
2 56065  87.9108 231.2593 0002219  94.3684 265.7701 13.16593552157315
ONEWEB-0577             
1 56066U 23043W   26155.68042838 -.00000026  00000+0 -10213-3 0  9992
2 56066  87.9105 231.2557 0002599  86.2545 273.8883 13.16592897157345
ONEWEB-0578             
1 56067U 23043X   26155.23424031  .00000399  00000+0  93386-3 0  9996
2 56067  87.9263 246.5490 0002329 101.7516 258.3880 13.21829243156526
ONEWEB-0579             
1 56068U 23043Y   26155.68001329  .00000037  00000+0  57277-4 0  9996
2 56068  87.9268 246.4566 0001743  96.4890 263.6443 13.21825697156599
ONEWEB-0581             
1 56069U 23043Z   26155.68675477 -.00000052  00000+0 -16923-3 0  9999
2 56069  87.9104 231.2663 0002424  90.4417 269.6992 13.16595630157316
ONEWEB-0609             
1 56070U 23043AA  26156.08826484  .00000113  00000+0  26583-3 0  9991
2 56070  87.8999 261.6226 0001888 107.3621 252.7716 13.15547289154847
ONEWEB-0613             
1 56071U 23043AB  26156.00983023 -.00000120  00000+0 -35254-3 0  9992
2 56071  87.8999 261.6499 0001637 101.3882 258.7432 13.15548519154832
ONEWEB-0630             
1 56072U 23043AC  26155.24449332 -.00000072  00000+0 -22543-3 0  9991
2 56072  87.9006 261.7738 0001727 105.7793 254.3528 13.15550295154729
ONEWEB-0632             
1 56073U 23043AD  26156.00032674  .00000025  00000+0  31161-4 0  9997
2 56073  87.8996 261.6404 0001965  92.2855 267.8500 13.15547819154827
ONEWEB-0633             
1 56074U 23043AE  26155.68974076 -.00000192  00000+0 -54286-3 0  9991
2 56074  87.9010 261.6775 0001599 108.2469 251.8835 13.15548521154767
ONEWEB-0634             
1 56075U 23043AF  26156.05578546  .00000304  00000+0  77334-3 0  9998
2 56075  87.8999 261.6462 0002105 109.1607 250.9752 13.15547914154802
ONEWEB-0635             
1 56076U 23043AG  26156.05102962  .00000248  00000+0  62447-3 0  9990
2 56076  87.9008 261.6084 0002031  95.0394 265.0968 13.15549961154832
ONEWEB-0636             
1 56077U 23043AH  26156.04311404  .00000242  00000+0  60774-3 0  9998
2 56077  87.8999 261.6168 0002063  96.7093 263.4272 13.15548934154810
ONEWEB-0637             
1 56078U 23043AJ  26156.03677743  .00000059  00000+0  12235-3 0  9994
2 56078  87.9010 261.6343 0002285 102.5392 257.5994 13.15547317154836
ONEWEB-0647             
1 56079U 23043AK  26156.03202422  .00000094  00000+0  21673-3 0  9998
2 56079  87.9002 261.6482 0001849  97.9129 262.2211 13.15547705154827
ONEWEB-0651             
1 56080U 23043AL  26156.17938211  .00000082  00000+0  18475-3 0  9990
2 56080  87.8997 261.6131 0002149  96.9299 263.2076 13.15548462156040
ONEWEB-0718             
1 56081U 23043AM  26155.71827394 -.00000063  00000+0 -20038-3 0  9998
2 56081  87.9006 261.6842 0002141 115.4263 244.7089 13.15550134154799
ONEWEB-0561             
1 56710U 23068A   26156.07657684  .00000121  00000+0  26589-3 0  9997
2 56710  87.9186 276.8564 0001848  89.9038 270.2307 13.20770487147907
ONEWEB-0668             
1 56711U 23068B   26155.73742591  .00000192  00000+0  46811-3 0  9990
2 56711  87.9094 231.2455 0002451 107.9634 252.1764 13.16593528150144
ONEWEB-0676             
1 56712U 23068C   26155.74533316  .00000105  00000+0  24078-3 0  9990
2 56712  87.9107 231.2481 0002186  89.4748 270.6634 13.16596208150064
ONEWEB-0677             
1 56713U 23068D   26156.06478463  .00000062  00000+0  12164-3 0  9993
2 56713  87.9187 276.8506 0002380  97.1750 262.9653 13.20772581148204
ONEWEB-0678             
1 56714U 23068E   26155.68658668  .00000006  00000+0 -17387-4 0  9990
2 56714  87.9011 261.6825 0001744  99.1021 261.0307 13.15547319147649
ONEWEB-0679             
1 56715U 23068F   26155.70417737 -.00000105  00000+0 -30724-3 0  9994
2 56715  87.9113 231.2500 0002770 104.6538 255.4900 13.16593663150083
ONEWEB-0680             
1 56716U 23068G   26155.68168845 -.00000012  00000+0 -60835-4 0  9999
2 56716  87.9272 246.4589 0002631 105.9045 254.2379 13.21826416149444
ONEWEB-0681             
1 56717U 23068H   26155.73803422  .00000180  00000+0  40460-3 0  9998
2 56717  87.9258 246.4486 0002442  82.5250 277.6161 13.21827160149448
ONEWEB-0682             
1 56718U 23068J   26156.01459249 -.00000092  00000+0 -27864-3 0  9992
2 56718  87.9014 261.6185 0002486 106.0668 254.0737 13.15547489147854
ONEWEB-0683             
1 56719U 23068K   26156.03836264  .00000140  00000+0  33904-3 0  9995
2 56719  87.9007 261.6127 0002156 107.4640 252.6726 13.15548208147821
ONEWEB-0684             
1 56720U 23068L   26156.04627653  .00000237  00000+0  59467-3 0  9997
2 56720  87.9006 261.6019 0000742 133.0663 227.0529 13.15547613147658
ONEWEB-0686             
1 56721U 23068M   26155.74059748  .00000159  00000+0  38125-3 0  9999
2 56721  87.9083 231.2672 0002054 112.0467 248.0882 13.16593977150079
ONEWEB-0694             
1 56722U 23068N   26155.74692837  .00000160  00000+0  38397-3 0  9995
2 56722  87.9111 231.2262 0002475 107.6862 252.4540 13.16594351150137
ONEWEB-0696             
1 56723U 23068P   26156.00350517 -.00000026  00000+0 -10319-3 0  9999
2 56723  87.8998 261.6489 0001492  95.5241 264.6060 13.15549932147763
ONEWEB-0703             
1 56724U 23068Q   26156.01300360 -.00000034  00000+0 -12467-3 0  9997
2 56724  87.9003 261.6283 0001464  75.2696 284.8597 13.15547771147658
ONEWEB-0721             
1 56725U 23068R   26156.11008270  .00000015  00000+0  75073-6 0  9996
2 56725  86.6763  89.3701 0001953  77.2961 282.8390 13.22468422156346
ONEWEB-0015             
1 61594U 24188A   26156.02568118 -.00000046  00000+0 -16626-3 0  9994
2 61594  87.8896  23.5136 0002319  79.3623 280.7766 13.11415529 82860
ONEWEB-0687             
1 61595U 24188B   26156.00505075  .00000004  00000+0 -23915-4 0  9999
2 61595  87.9136   8.3006 0002338  91.3935 268.7465 13.17651285 84295
ONEWEB-0688             
1 61596U 24188C   26156.03373897  .00000046  00000+0  84596-4 0  9995
2 61596  87.9138   8.2945 0002984  75.8866 284.2597 13.17647499 84297
ONEWEB-0689             
1 61597U 24188D   26156.05959154 -.00000104  00000+0 -32944-3 0  9990
2 61597  87.8909  23.4637 0001900  91.6112 268.5233 13.11419632 82860
ONEWEB-0690             
1 61598U 24188E   26155.15421358  .00000425  00000+0  11635-2 0  9998
2 61598  87.8912  23.6550 0001610  58.7372 301.3914 13.11419090 82928
ONEWEB-0691             
1 61599U 24188F   26156.06468560  .00000136  00000+0  34665-3 0  9994
2 61599  87.8919  23.3821 0002179  83.4429 276.6947 13.11417832 82891
ONEWEB-0692             
1 61600U 24188G   26156.00874200  .00000492  00000+0  13535-2 0  9990
2 61600  87.8888  23.5079 0002339  71.6895 288.4487 13.11415061 82870
ONEWEB-0693             
1 61601U 24188H   26155.96960763  .00000041  00000+0  71346-4 0  9991
2 61601  87.9133   8.3277 0001700  61.1838 298.9464 13.17651642 84278
ONEWEB-0695             
1 61602U 24188J   26156.06128400 -.00000025  00000+0 -10649-3 0  9990
2 61602  87.8901  23.4906 0001764 102.5229 257.6097 13.11418857 82873
ONEWEB-0697             
1 61603U 24188K   26155.17794284  .00000245  00000+0  65644-3 0  9998
2 61603  87.8894  23.6567 0001279 108.3101 251.8167 13.11415815 82745
ONEWEB-0698             
1 61604U 24188L   26155.99516464  .00000285  00000+0  76857-3 0  9993
2 61604  87.8898  23.5079 0000642  66.2255 293.8941 13.11418825 82876
ONEWEB-0699             
1 61605U 24188M   26155.69287274 -.00000481  00000+0 -14137-2 0  9997
2 61605  87.8840  38.7538 0001256  96.9694 263.1577 13.10370134 81672
ONEWEB-0700             
1 61606U 24188N   26155.69452970 -.00000376  00000+0 -11145-2 0  9994
2 61606  87.8855  38.6614 0001619 104.8665 255.2641 13.10371482 81663
ONEWEB-0701             
1 61607U 24188P   26155.17662659 -.00000406  00000+0 -11986-2 0  9992
2 61607  87.8855  38.8552 0001098  98.2372 261.8880 13.10376913 81605
ONEWEB-0702             
1 61608U 24188Q   26156.04094256 -.00000453  00000+0 -13136-2 0  9993
2 61608  87.8913  23.4017 0001332 110.4521 249.6750 13.11417983 82897
ONEWEB-0704             
1 61609U 24188R   26155.69951127 -.00000679  00000+0 -19807-2 0  9994
2 61609  87.8853  38.7402 0001652 114.6545 245.4755 13.10372712 81656
ONEWEB-0705             
1 61610U 24188S   26155.16997931 -.00000629  00000+0 -18388-2 0  9999
2 61610  87.8854  38.8515 0002406 106.0438 254.0955 13.10373663 73755
ONEWEB-0706             
1 61611U 24188T   26155.68955492 -.00000223  00000+0 -67417-3 0  9991
2 61611  87.8839  38.7545 0001754  99.2712 260.8613 13.10370784 81749
ONEWEB-0707             
1 61612U 24188U   26155.69618953 -.00000551  00000+0 -16150-2 0  9992
2 61612  87.8850  38.7480 0001769 111.4446 248.6870 13.10370528 81686
ONEWEB-0708             
1 61613U 24188V   26155.71445142 -.00000438  00000+0 -12919-2 0  9997
2 61613  87.8852  38.7616 0002299  90.7035 269.4356 13.10376414 81660
