ONEWEB-0012             
1 44057U 19010A   26137.55040381  .00000088  00000+0  19724-3 0  9997
2 44057  87.9103 234.8676 0002391  96.0612 264.0791 13.16595994347538
ONEWEB-0010             
1 44058U 19010B   26137.49973480  .00000065  00000+0  13745-3 0  9998
2 44058  87.9106 234.8737 0001637  95.9007 264.2311 13.16596230347576
ONEWEB-0008             
1 44059U 19010C   26137.52507885  .00000032  00000+0  49571-4 0  9996
2 44059  87.9101 234.8645 0002068 108.5245 251.6111 13.16594386347695
ONEWEB-0007             
1 44060U 19010D   26137.61187491 -.00000080  00000+0 -24588-3 0  9990
2 44060  87.8980 265.3153 0001894  89.8520 270.2827 13.15550269347352
ONEWEB-0006             
1 44061U 19010E   26137.61583777 -.00000117  00000+0 -34433-3 0  9999
2 44061  87.8991 265.2757 0001727  96.0361 264.0967 13.15550503347405
ONEWEB-0011             
1 44062U 19010F   26137.58416151  .00000099  00000+0  23014-3 0  9997
2 44062  87.8997 265.2914 0001680 103.4567 256.6751 13.15548673347397
ONEWEB-0013             
1 45131U 20008A   26137.52928652  .00000526  00000+0  14911-2 0  9992
2 45131  87.8533  59.0064 0002948  80.7644 279.3816 13.09457358302057
ONEWEB-0017             
1 45132U 20008B   26137.45671137 -.00000625  00000+0 -18273-2 0  9995
2 45132  87.8858  42.3847 0001667  74.1334 285.9977 13.10373569303923
ONEWEB-0020             
1 45133U 20008C   26137.65592128  .00000498  00000+0  13903-2 0  9991
2 45133  87.8860  42.3423 0001884  78.6797 281.4542 13.10370694304342
ONEWEB-0021             
1 45134U 20008D   26137.44177677 -.00000282  00000+0 -84456-3 0  9992
2 45134  87.8848  42.4030 0001923  76.7191 283.4151 13.10370415304625
ONEWEB-0023             
1 45136U 20008F   26137.45256197 -.00000645  00000+0 -18844-2 0  9990
2 45136  87.8856  42.3813 0001994  82.1437 277.9917 13.10372545304057
ONEWEB-0024             
1 45137U 20008G   26137.42532540  .00000481  00000+0  13429-2 0  9997
2 45137  87.8861  42.3777 0001894  79.0811 281.0530 13.10375312304213
ONEWEB-0025             
1 45138U 20008H   26137.50141381  .00000497  00000+0  13884-2 0  9998
2 45138  87.8864  42.3512 0001623  94.8161 265.3152 13.10372183304552
ONEWEB-0026             
1 45139U 20008J   26137.41094754 -.00000534  00000+0 -15416-2 0  9997
2 45139  87.8921  27.1899 0001664  80.1404 279.9912 13.11414829307079
ONEWEB-0028             
1 45140U 20008K   26137.45338464  .00000589  00000+0  16388-2 0  9999
2 45140  87.8905  27.1871 0002274  78.7806 281.3577 13.10850770304596
ONEWEB-0032             
1 45141U 20008L   26137.45851345 -.00000581  00000+0 -16996-2 0  9997
2 45141  87.8856  42.3863 0002361  82.9733 277.1663 13.10374099304274
ONEWEB-0033             
1 45142U 20008M   26137.43348384  .00000158  00000+0  41684-3 0  9991
2 45142  87.8848  42.3996 0001394  70.5727 289.5551 13.10370730304185
ONEWEB-0035             
1 45143U 20008N   26137.45588045 -.00000473  00000+0 -13821-2 0  9997
2 45143  87.8854  42.3885 0001730  77.3824 282.7497 13.10886433303913
ONEWEB-0036             
1 45144U 20008P   26137.49328863  .00000742  00000+0  21068-2 0  9991
2 45144  87.8869  42.3814 0002083  83.2806 276.8558 13.09820244304346
ONEWEB-0038             
1 45145U 20008Q   26137.65014791 -.00000412  00000+0 -11972-2 0  9991
2 45145  87.8931  27.1471 0002678  41.6369 318.4963 13.11416402306322
ONEWEB-0039             
1 45146U 20008R   26137.43680406 -.00000026  00000+0 -11175-3 0  9997
2 45146  87.8856  42.3880 0002337  79.5765 280.5626 13.10369615304138
ONEWEB-0040             
1 45147U 20008S   26137.43016671  .00000337  00000+0  92902-3 0  9995
2 45147  87.8850  42.4009 0001880  75.7370 284.3966 13.10370390303836
ONEWEB-0043             
1 45149U 20008U   26137.43185139  .00003169  00000+0  90399-2 0  9996
2 45149  87.8852  42.3871 0002387  81.1033 279.0364 13.10360636304157
ONEWEB-0044             
1 45150U 20008V   26137.46003603 -.00000647  00000+0 -18904-2 0  9998
2 45150  87.8869  42.3796 0002104  76.8079 283.3283 13.10374466304458
ONEWEB-0045             
1 45151U 20008W   26137.41603419 -.00000517  00000+0 -14940-2 0  9997
2 45151  87.8924  27.1780 0001962  78.9611 281.1738 13.11415527306370
ONEWEB-0047             
1 45152U 20008X   26137.45339226 -.00000651  00000+0 -18999-2 0  9991
2 45152  87.8862  42.3816 0001791  74.3483 285.7842 13.10372523304177
ONEWEB-0048             
1 45153U 20008Y   26137.44841324 -.00000538  00000+0 -15774-2 0  9990
2 45153  87.8854  42.4059 0001814  76.9547 283.1783 13.10371560303786
ONEWEB-0049             
1 45154U 20008Z   26137.45159739 -.00000592  00000+0 -17321-2 0  9994
2 45154  87.8857  42.3939 0002004  91.4835 268.6522 13.10372183304007
ONEWEB-0051             
1 45155U 20008AA  26137.41434275 -.00000542  00000+0 -15639-2 0  9997
2 45155  87.8921  27.1874 0001886  80.8361 279.2980 13.11414891307050
ONEWEB-0052             
1 45156U 20008AB  26137.47180411 -.00000116  00000+0 -36880-3 0  9993
2 45156  87.8862  42.3753 0002059  91.1720 268.9643 13.10375797303919
ONEWEB-0053             
1 45157U 20008AC  26137.42850977  .00000323  00000+0  88768-3 0  9990
2 45157  87.8850  42.4068 0002349  85.4241 274.7155 13.10370653303888
ONEWEB-0054             
1 45158U 20008AD  26137.46335575 -.00000517  00000+0 -15179-2 0  9999
2 45158  87.8865  42.3799 0001865  81.0287 279.1052 13.10374671304003
ONEWEB-0056             
1 45159U 20008AE  26137.43643797  .00000018  00000+0  14108-4 0  9992
2 45159  87.8857  42.3802 0001656  85.0463 275.0854 13.10840432304152
ONEWEB-0057             
1 45160U 20008AF  26137.45187249 -.00000571  00000+0 -16714-2 0  9990
2 45160  87.8856  42.3897 0002322  85.4934 274.6458 13.10372885304321
ONEWEB-0058             
1 45161U 20008AG  26137.43859732 -.00000125  00000+0 -39353-3 0  9992
2 45161  87.8851  42.3995 0001811  72.1838 287.9487 13.10370202304391
ONEWEB-0059             
1 45162U 20008AH  26137.43514715  .00000057  00000+0  12781-3 0  9990
2 45162  87.8848  42.3994 0002011  74.7692 285.3658 13.10370903304295
ONEWEB-0062             
1 45163U 20008AJ  26137.45822938 -.00000592  00000+0 -17309-2 0  9998
2 45163  87.8869  42.3790 0001626  67.2926 292.8373 13.10373303304161
ONEWEB-0065             
1 45164U 20008AK  26137.49145698  .00000664  00000+0  18652-2 0  9994
2 45164  87.8859  42.3813 0002074  89.0797 271.0568 13.10373459303866
ONEWEB-0066             
1 45424U 20020A   26137.62798158 -.00000156  00000+0 -47733-3 0  9998
2 45424  87.8916  27.1495 0001952  76.6390 283.4956 13.11414372298672
ONEWEB-0067             
1 45425U 20020B   26137.43713207  .00000202  00000+0  53308-3 0  9995
2 45425  87.8936  27.1041 0002004  85.6789 274.4568 13.11424004298709
ONEWEB-0080             
1 45426U 20020C   26137.43653564  .00000277  00000+0  74677-3 0  9999
2 45426  87.8929  27.1814 0001594  72.7842 287.3461 13.11420019298673
ONEWEB-0090             
1 45427U 20020D   26137.38906078  .00000183  00000+0  48041-3 0  9997
2 45427  87.8922  27.1959 0001766  80.1153 280.0175 13.11413996298630
ONEWEB-0061             
1 45428U 20020E   26137.19209494 -.00000373  00000+0 -10887-2 0  9994
2 45428  87.8924  27.2201 0001852  79.5430 280.5907 13.11417093298562
ONEWEB-0081             
1 45429U 20020F   26137.63137374 -.00000259  00000+0 -76626-3 0  9998
2 45429  87.8916  27.1444 0002021  79.9130 280.2226 13.11414263298738
ONEWEB-0069             
1 45430U 20020G   26137.62965226 -.00000256  00000+0 -76470-3 0  9998
2 45430  87.8917  27.1455 0001928  80.7277 279.4069 13.10857013298660
ONEWEB-0031             
1 45431U 20020H   26137.43978839  .00000340  00000+0  92276-3 0  9996
2 45431  87.8914  27.1923 0001698  77.0285 283.1033 13.11417333298627
ONEWEB-0027             
1 45432U 20020J   26137.62812181 -.00034327  00000+0 -89191-1 0  9999
2 45432  87.9168  11.9242 0001504  90.3605 269.7699 13.17332913302333
ONEWEB-0064             
1 45433U 20020K   26137.43810746  .00001266  00000+0  35345-2 0  9991
2 45433  87.8927  27.1824 0001844  80.7854 279.3483 13.11418379298659
ONEWEB-0018             
1 45434U 20020L   26137.62290056  .00000021  00000+0  22248-4 0  9997
2 45434  87.8911  27.1460 0001979  70.0977 290.0364 13.11413904298620
ONEWEB-0083             
1 45435U 20020M   26137.38397864  .00000362  00000+0  98643-3 0  9995
2 45435  87.8919  27.1852 0001789  78.5334 281.5995 13.11415720298637
ONEWEB-0095             
1 45436U 20020N   26137.45180373  .00000491  00000+0  13504-2 0  9994
2 45436  87.8923  27.1801 0001777 106.4052 253.7272 13.11415537298648
ONEWEB-0092             
1 45437U 20020P   26137.41634323 -.00000484  00000+0 -13908-2 0  9992
2 45437  87.8920  27.1838 0001930  90.3557 269.7793 13.11953742298750
ONEWEB-0085             
1 45438U 20020Q   26137.38371308  .00000404  00000+0  11046-2 0  9991
2 45438  87.8912  27.1945 0001826  80.9709 279.1626 13.11416135298636
ONEWEB-0096             
1 45439U 20020R   26137.38554138  .00000342  00000+0  92954-3 0  9995
2 45439  87.8922  27.1873 0001877  81.1318 279.0022 13.11412573298623
ONEWEB-0037             
1 45440U 20020S   26137.20162172  .00000084  00000+0  20051-3 0  9993
2 45440  87.8933  27.1995 0001819  83.6379 276.4956 13.11911881298636
ONEWEB-0042             
1 45441U 20020T   26137.45152502  .00000580  00000+0  15993-2 0  9996
2 45441  87.8922  27.1707 0001925  81.1042 279.0304 13.11415946298631
ONEWEB-0098             
1 45442U 20020U   26137.44742177  .00000483  00000+0  13265-2 0  9991
2 45442  87.8920  27.1816 0001774  79.1073 281.0255 13.11417781298619
ONEWEB-0055             
1 45443U 20020V   26137.65494461 -.00000258  00000+0 -76420-3 0  9990
2 45443  87.8921  27.1386 0001755  78.7779 281.3547 13.11415167298613
ONEWEB-0093             
1 45444U 20020W   26137.40601854 -.00000464  00000+0 -13459-2 0  9991
2 45444  87.8922  27.1806 0002244  81.2289 278.9093 13.11415694298647
ONEWEB-0029             
1 45445U 20020X   26137.42884604 -.00000161  00000+0 -49350-3 0  9994
2 45445  87.8912  27.1866 0001994  79.6517 280.4835 13.10889361298624
ONEWEB-0068             
1 45446U 20020Y   26137.40573142 -.00000415  00000+0 -12074-2 0  9999
2 45446  87.8923  27.1843 0002007  78.3744 281.7610 13.11414948298560
ONEWEB-0046             
1 45447U 20020Z   26137.39739526 -.00000162  00000+0 -49308-3 0  9998
2 45447  87.8923  27.1932 0002054  84.7653 275.3709 13.11413789298573
ONEWEB-0063             
1 45448U 20020AA  26137.19745678 -.00000119  00000+0 -37149-3 0  9994
2 45448  87.8924  27.2303 0001860  90.6663 269.4678 13.11417294298630
ONEWEB-0019             
1 45449U 20020AB  26137.23618870  .00000247  00000+0  66108-3 0  9990
2 45449  87.8915  27.2112 0001695  77.7327 282.3991 13.11414418298488
ONEWEB-0094             
1 45450U 20020AC  26137.60065792  .00000015  00000+0  46034-5 0  9993
2 45450  87.9169  11.9280 0001879  75.9256 284.2084 13.17649050302289
ONEWEB-0087             
1 45451U 20020AD  26137.43624834  .00000281  00000+0  75606-3 0  9993
2 45451  87.8934  27.1546 0002076  75.3331 284.8027 13.11420802298554
ONEWEB-0082             
1 45452U 20020AE  26137.43301809  .00000045  00000+0  90877-4 0  9994
2 45452  87.8925  27.1742 0002007  75.8332 284.3018 13.11420801298647
ONEWEB-0050             
1 45453U 20020AF  26137.52400508  .00001048  00000+0  10583-3 0  9990
2 45453  88.9296 237.3716 0006081  90.8347 269.3579 14.90228045335816
ONEWEB-0034             
1 45454U 20020AG  26137.38593075  .00000329  00000+0  90010-3 0  9991
2 45454  87.8919  27.1899 0001852  80.1399 279.9937 13.10931093298553
ONEWEB-0060             
1 45455U 20020AH  26137.65425475 -.00000474  00000+0 -13727-2 0  9992
2 45455  87.8916  27.1400 0002607  62.8073 297.3320 13.11418083298543
ONEWEB-0086             
1 45456U 20020AJ  26137.40417243 -.00000369  00000+0 -10766-2 0  9993
2 45456  87.8924  27.1832 0001939  58.6146 301.5171 13.11414417298575
ONEWEB-0088             
1 45457U 20020AK  26137.38215426  .00000465  00000+0  12750-2 0  9990
2 45457  87.8932  27.1573 0002114  90.4107 269.7263 13.11415989298509
ONEWEB-0102             
1 47258U 20100A   26137.56286205 -.00000368  00000+0 -10573-2 0  9998
2 47258  87.8961 356.7662 0001616  76.7348 283.3960 13.12443070260713
ONEWEB-0109             
1 47259U 20100B   26137.57132609 -.00000207  00000+0 -61126-3 0  9991
2 47259  87.8966 356.7458 0001606  84.5527 275.5785 13.12443009260548
ONEWEB-0110             
1 47260U 20100C   26137.59844137  .00000441  00000+0  11896-2 0  9997
2 47260  87.8968 356.7248 0001821  76.3700 283.7631 13.12441637260715
ONEWEB-0111             
1 47261U 20100D   26137.55268720 -.00000367  00000+0 -10547-2 0  9993
2 47261  87.8967 356.7524 0001872  82.6111 277.5230 13.12441980260542
ONEWEB-0114             
1 47262U 20100E   26137.58318649  .00000259  00000+0  68584-3 0  9996
2 47262  87.8970 356.7432 0001659  91.5937 268.5382 13.12442625260504
ONEWEB-0117             
1 47263U 20100F   26137.34599328 -.00000284  00000+0 -82592-3 0  9991
2 47263  87.8967 356.7823 0001775  83.4408 276.6923 13.12443327260485
ONEWEB-0118             
1 47264U 20100G   26137.60859350  .00000240  00000+0  63315-3 0  9997
2 47264  87.8968 356.7328 0001767  95.3799 264.7531 13.12443554260714
ONEWEB-0119             
1 47265U 20100H   26137.55776235 -.00000404  00000+0 -11597-2 0  9990
2 47265  87.8959 356.7619 0001771  84.6326 275.5005 13.12440955260684
ONEWEB-0120             
1 47266U 20100J   26137.58164420  .00000149  00000+0  37751-3 0  9996
2 47266  87.8960 356.7587 0001592  85.3845 274.7465 13.12444257260710
ONEWEB-0121             
1 47267U 20100K   26137.56962665 -.00000218  00000+0 -64201-3 0  9991
2 47267  87.8969 356.7439 0002086  80.5494 279.5871 13.12445485260620
ONEWEB-0122             
1 47268U 20100L   26137.56369364 -.00000569  00000+0 -16176-2 0  9995
2 47268  87.8973 356.7493 0001671  81.8505 278.2813 13.12443095260539
ONEWEB-0123             
1 47269U 20100M   26137.55946685 -.00000418  00000+0 -11968-2 0  9999
2 47269  87.8956 356.7607 0001816  87.5065 272.6271 13.12442006260675
ONEWEB-0124             
1 47270U 20100N   26137.62554075 -.00000241  00000+0 -70642-3 0  9996
2 47270  87.8958 356.7515 0001932  83.7574 276.3774 13.12441499260561
ONEWEB-0125             
1 47271U 20100P   26137.60352929  .00000380  00000+0  10219-2 0  9994
2 47271  87.8968 356.7355 0002098  87.8551 272.2818 13.12441929260628
ONEWEB-0126             
1 47272U 20100Q   26137.62398517 -.00000186  00000+0 -55163-3 0  9994
2 47272  87.8959 356.7495 0001728  87.2996 272.8330 13.12443309260696
ONEWEB-0127             
1 47273U 20100R   26137.36125357  .00000343  00000+0  91936-3 0  9997
2 47273  87.8957 356.8016 0001696  85.1879 274.9443 13.12441975260680
ONEWEB-0128             
1 47274U 20100S   26137.61198073  .00000163  00000+0  41709-3 0  9994
2 47274  87.8955 356.7658 0001850  74.5320 285.6013 13.12444141260731
ONEWEB-0129             
1 47275U 20100T   26137.36293675  .00000528  00000+0  14317-2 0  9990
2 47275  87.8967 356.7857 0000781 112.4344 247.6867 13.12445834260630
ONEWEB-0130             
1 47276U 20100U   26137.61875956 -.00000091  00000+0 -28771-3 0  9994
2 47276  87.8967 356.7300 0001700  82.9069 277.2253 13.12440156260631
ONEWEB-0131             
1 47277U 20100V   26137.61537086 -.00000018  00000+0 -86443-4 0  9994
2 47277  87.8953 356.7522 0001792  83.2585 276.8748 13.12440580260670
ONEWEB-0132             
1 47278U 20100W   26137.33922877 -.00000368  00000+0 -10591-2 0  9997
2 47278  87.8959 356.8078 0001815  82.2398 277.8937 13.12441879260539
ONEWEB-0133             
1 47279U 20100X   26137.35603856  .00000345  00000+0  92312-3 0  9998
2 47279  87.8973 356.7772 0001809  79.0378 281.0954 13.12442918260699
ONEWEB-0134             
1 47280U 20100Y   26137.55438350 -.00000396  00000+0 -11369-2 0  9997
2 47280  87.8967 356.7349 0001595  78.5050 281.6258 13.12442286260698
ONEWEB-0135             
1 47281U 20100Z   26137.60182878  .00000364  00000+0  97629-3 0  9992
2 47281  87.8958 356.7524 0001653  74.9572 285.1739 13.12441346260721
ONEWEB-0136             
1 47282U 20100AA  26137.62045160 -.00000138  00000+0 -41956-3 0  9990
2 47282  87.8971 356.7275 0001504  76.7999 283.3297 13.12440553260658
ONEWEB-0137             
1 47283U 20100AB  26137.57810423  .00000081  00000+0  19046-3 0  9997
2 47283  87.8974 356.7444 0001857  87.9049 272.2292 13.12442755260558
ONEWEB-0138             
1 47284U 20100AC  26137.32737132 -.00000391  00000+0 -11230-2 0  9998
2 47284  87.8964 356.8010 0001564  81.2499 278.8807 13.12444793260603
ONEWEB-0139             
1 47285U 20100AD  26137.13947592  .00000487  00000+0  13193-2 0  9995
2 47285  87.8966 356.8249 0001771  85.0362 275.0969 13.12443404260652
ONEWEB-0140             
1 47286U 20100AE  26137.55098806 -.00000359  00000+0 -10340-2 0  9998
2 47286  87.8964 356.7332 0001873  79.6506 280.4833 13.12440944260673
ONEWEB-0141             
1 47287U 20100AF  26137.59661255  .00000419  00000+0  11279-2 0  9994
2 47287  87.8967 356.7296 0001869  93.9502 266.1840 13.12441788260661
ONEWEB-0142             
1 47288U 20100AG  26137.58502192  .00000236  00000+0  62043-3 0  9991
2 47288  87.8965 356.7552 0001542  96.3377 263.7927 13.12441701260653
ONEWEB-0143             
1 47289U 20100AH  26137.36634160  .00000487  00000+0  13192-2 0  9997
2 47289  87.8968 356.7958 0001784  85.2331 274.9002 13.12441871260603
ONEWEB-0144             
1 47290U 20100AJ  26137.33752191 -.00000395  00000+0 -11333-2 0  9996
2 47290  87.8972 356.7737 0001527  87.2199 272.9104 13.12442453260523
ONEWEB-0145             
1 47291U 20100AK  26137.53744489  .00000088  00000+0  20884-3 0  9999
2 47291  87.8958 356.7657 0001708  85.4754 274.6569 13.12440923260745
ONEWEB-0146             
1 47292U 20100AL  26137.61029775  .00000231  00000+0  60788-3 0  9990
2 47292  87.8959 356.7406 0002098  79.2951 280.8413 13.12439608260668
ONEWEB-0147             
1 47293U 20100AM  26137.34770076  .00000047  00000+0  95684-4 0  9997
2 47293  87.8971 356.7742 0001715  78.9697 281.1625 13.12442997260523
ONEWEB-0115             
1 48042U 21025A   26137.47613825 -.00000300  00000+0 -85600-3 0  9999
2 48042  87.8951 326.3415 0001824  88.9104 271.2235 13.13471319249568
ONEWEB-0152             
1 48043U 21025B   26137.48968379 -.00000058  00000+0 -19510-3 0  9995
2 48043  87.8938 326.3355 0001925  86.9577 273.1773 13.13472099249521
ONEWEB-0153             
1 48044U 21025C   26137.54384478 -.00000444  00000+0 -12502-2 0  9997
2 48044  87.8944 326.3289 0001743  92.0806 268.0523 13.13469573249525
ONEWEB-0154             
1 48045U 21025D   26137.46428035 -.00000176  00000+0 -51617-3 0  9990
2 48045  87.8942 326.3422 0001737  86.6195 273.5133 13.13470650249476
ONEWEB-0116             
1 48046U 21025E   26137.50322900  .00000264  00000+0  68825-3 0  9995
2 48046  87.8951 326.3287 0001889  86.3613 273.7733 13.13471649249620
ONEWEB-0150             
1 48047U 21025F   26137.47952256 -.00000271  00000+0 -77604-3 0  9990
2 48047  87.8951 326.3313 0001878  95.6428 264.4916 13.13471753249510
ONEWEB-0107             
1 48048U 21025G   26137.48120385 -.00000383  00000+0 -10850-2 0  9995
2 48048  87.8950 326.3264 0001615  96.1344 263.9970 13.13469108249499
ONEWEB-0101             
1 48049U 21025H   26137.44397519  .00000300  00000+0  78522-3 0  9995
2 48049  87.8944 326.3526 0001621  88.7095 271.4220 13.13468321249466
ONEWEB-0113             
1 48050U 21025J   26137.47826507 -.00000251  00000+0 -71649-3 0  9994
2 48050  87.8946 326.2591 0001851  91.5240 268.6102 13.13896057249570
ONEWEB-0112             
1 48051U 21025K   26137.48629828 -.00000100  00000+0 -30940-3 0  9995
2 48051  87.8951 326.3231 0001528  88.3824 271.7480 13.13471732249564
ONEWEB-0156             
1 48052U 21025L   26137.49476032  .00000037  00000+0  66121-4 0  9992
2 48052  87.8949 326.3316 0001767  94.1786 265.9546 13.13471938249547
ONEWEB-0161             
1 48053U 21025M   26137.46935936 -.00000506  00000+0 -14209-2 0  9994
2 48053  87.8942 326.3400 0001692  95.2387 264.8936 13.13469400249475
ONEWEB-0158             
1 48054U 21025N   26137.50490937  .00000284  00000+0  74319-3 0  9997
2 48054  87.8947 326.3288 0001901  79.9598 280.1746 13.13471865249604
ONEWEB-0157             
1 48055U 21025P   26137.53030505  .00000049  00000+0  97970-4 0  9990
2 48055  87.8955 326.3291 0001472  99.0825 261.0471 13.13468054249549
ONEWEB-0162             
1 48056U 21025Q   26137.50646424  .00000339  00000+0  89420-3 0  9993
2 48056  87.8946 326.3359 0001866  94.3383 265.7959 13.13472576249512
ONEWEB-0155             
1 48057U 21025R   26137.43719690  .00000340  00000+0  89679-3 0  9990
2 48057  87.8945 326.3459 0001599  89.7666 270.3646 13.13471419249642
ONEWEB-0149             
1 48058U 21025S   26137.45921331 -.00000103  00000+0 -31726-3 0  9999
2 48058  87.8954 326.3436 0001898  95.7529 264.3817 13.13470430249459
ONEWEB-0148             
1 48059U 21025T   26137.49813717  .00000141  00000+0  35035-3 0  9999
2 48059  87.8940 326.3450 0002051 106.1718 253.9637 13.13472202249587
ONEWEB-0160             
1 48060U 21025U   26137.43890810  .00000305  00000+0  79976-3 0  9998
2 48060  87.8945 326.3530 0002350  76.9838 283.1553 13.13470821249523
ONEWEB-0163             
1 48061U 21025V   26137.49983782  .00000144  00000+0  35918-3 0  9995
2 48061  87.8940 326.3337 0001566  95.4768 264.6540 13.13469204249657
ONEWEB-0159             
1 48062U 21025W   26137.49137108 -.00000023  00000+0 -96622-4 0  9997
2 48062  87.8951 326.3277 0001557  93.1085 267.0223 13.13469442249570
ONEWEB-0164             
1 48063U 21025X   26137.47274539 -.00000272  00000+0 -78058-3 0  9994
2 48063  87.8951 326.3379 0001827  86.9915 273.1423 13.13471694249556
ONEWEB-0167             
1 48064U 21025Y   26137.50069550  .00000158  00000+0  39745-3 0  9995
2 48064  87.8941 326.3450 0001176  78.9845 281.1416 13.13470902249547
ONEWEB-0166             
1 48065U 21025Z   26137.52354326  .00000179  00000+0  45461-3 0  9991
2 48065  87.8956 326.3091 0001783  96.6726 263.4606 13.13469296249621
ONEWEB-0151             
1 48066U 21025AA  26137.44904420  .00000148  00000+0  36931-3 0  9997
2 48066  87.8944 326.3439 0001654  87.0880 273.0438 13.13471065249556
ONEWEB-0170             
1 48067U 21025AB  26137.45751197 -.00000035  00000+0 -12961-3 0  9994
2 48067  87.8945 326.3439 0001801  74.8147 285.3181 13.13471072249517
ONEWEB-0168             
1 48068U 21025AC  26137.44227524  .00000303  00000+0  79391-3 0  9992
2 48068  87.8954 326.3441 0001628  95.0916 265.0400 13.13471353249529
ONEWEB-0173             
1 48069U 21025AD  26137.43381584  .00000322  00000+0  84746-3 0  9990
2 48069  87.8942 326.3492 0001415  93.7182 266.4109 13.13471386249760
ONEWEB-0171             
1 48070U 21025AE  26137.47104805 -.00000278  00000+0 -79515-3 0  9995
2 48070  87.8944 326.3507 0001736  87.1995 272.9333 13.13468319249589
ONEWEB-0172             
1 48071U 21025AF  26137.45074518  .00000088  00000+0  20569-3 0  9993
2 48071  87.8952 326.3429 0001598  88.5809 271.5503 13.13468457250474
ONEWEB-0174             
1 48072U 21025AG  26137.50830548  .00000318  00000+0  83634-3 0  9991
2 48072  87.8941 326.3314 0001804  95.4593 264.6743 13.13469217249802
ONEWEB-0175             
1 48073U 21025AH  26137.46258921 -.00000247  00000+0 -71198-3 0  9991
2 48073  87.8954 326.3227 0001626  80.4850 279.6463 13.13468969249451
ONEWEB-0177             
1 48074U 21025AJ  26137.47443911 -.00000231  00000+0 -66805-3 0  9990
2 48074  87.8948 326.3405 0001667  96.5042 263.6277 13.13469186249648
ONEWEB-0178             
1 48075U 21025AK  26137.49321313  .00000000  00000+0 -33838-4 0  9998
2 48075  87.8932 326.3533 0001521  85.5222 274.6081 13.13471104249694
ONEWEB-0108             
1 48076U 21025AL  26137.45243787  .00000084  00000+0  19588-3 0  9999
2 48076  87.8956 326.3349 0001965  91.5273 268.6082 13.13470672249616
ONEWEB-0169             
1 48077U 21025AM  26137.48459929 -.00000154  00000+0 -45769-3 0  9990
2 48077  87.8941 326.3389 0001803  94.1123 266.0212 13.13472739248273
ONEWEB-0176             
1 48210U 21031A   26137.50351613  .00000267  00000+0  68672-3 0  9991
2 48210  87.8932 295.8200 0001697  95.1169 265.0154 13.14501518244286
ONEWEB-0184             
1 48211U 21031B   26137.47655227 -.00000171  00000+0 -49658-3 0  9995
2 48211  87.8946 295.8237 0001207  72.3279 287.7983 13.14503990244252
ONEWEB-0179             
1 48212U 21031C   26137.66668981 -.00018726  00000+0 -61646-2 0  9993
2 48212  87.8962 294.3233 0220648 357.5229 185.9520 14.25509628  5377
ONEWEB-0180             
1 48213U 21031D   26137.47973079 -.00000098  00000+0 -29813-3 0  9994
2 48213  87.8934 295.8204 0001431 107.1530 252.9757 13.14504427244182
ONEWEB-0218             
1 48214U 21031E   26137.42580534  .00000236  00000+0  60213-3 0  9991
2 48214  87.8939 295.8301 0000945  81.6197 278.5040 13.14504202244337
ONEWEB-0209             
1 48215U 21031F   26137.49084611  .00000048  00000+0  94498-4 0  9998
2 48215  87.8925 295.8371 0001678 103.0234 257.1084 13.14503115244349
ONEWEB-0198             
1 48216U 21031G   26137.47510761 -.00000103  00000+0 -31197-3 0  9997
2 48216  87.8926 295.8408 0001385 101.6724 258.4561 13.14503649244453
ONEWEB-0189             
1 48217U 21031H   26137.48766146  .00000093  00000+0  21767-3 0  9997
2 48217  87.8935 295.8210 0001450  99.6905 260.4388 13.14504106244195
ONEWEB-0196             
1 48218U 21031J   26137.46544711 -.00000280  00000+0 -78915-3 0  9995
2 48218  87.8935 295.8351 0001637  99.2730 260.8585 13.14500826244199
ONEWEB-0183             
1 48219U 21031K   26137.44008275  .00000141  00000+0  34715-3 0  9998
2 48219  87.8935 295.8389 0001960 100.8586 259.2765 13.14501304244282
ONEWEB-0185             
1 48220U 21031L   26137.46624321 -.00000186  00000+0 -53608-3 0  9991
2 48220  87.8944 295.8245 0001919 109.3358 250.7980 13.14504117244213
ONEWEB-0187             
1 48221U 21031M   26137.44629087  .00000065  00000+0  13963-3 0  9998
2 48221  87.8923 295.8488 0001655 104.2110 255.9204 13.14504239244229
ONEWEB-0192             
1 48222U 21031N   26137.49242729  .00000098  00000+0  23017-3 0  9995
2 48222  87.8924 295.8289 0001698  95.4553 264.6771 13.14503412244148
ONEWEB-0219             
1 48223U 21031P   26137.47180139 -.00000159  00000+0 -46389-3 0  9997
2 48223  87.8932 295.8242 0001726 105.1239 255.0081 13.14503052244349
ONEWEB-0202             
1 48224U 21031Q   26137.45276336 -.00000106  00000+0 -31911-3 0  9998
2 48224  87.8938 295.8392 0001115  88.6513 271.4745 13.14501103244326
ONEWEB-0204             
1 48225U 21031R   26137.48685515 -.00000179  00000+0 -51635-3 0  9990
2 48225  87.8934 295.8269 0002066 102.6672 257.4689 13.14502383244226
ONEWEB-0205             
1 48226U 21031S   26137.46227620 -.00000252  00000+0 -71322-3 0  9995
2 48226  87.8933 295.8223 0001751 103.1758 256.9567 13.14501143244230
ONEWEB-0206             
1 48227U 21031T   26137.43533335  .00000187  00000+0  47017-3 0  9995
2 48227  87.8941 295.8316 0001933  92.7417 267.3934 13.14502047244182
ONEWEB-0182             
1 48228U 21031U   26137.43056364  .00000248  00000+0  63337-3 0  9999
2 48228  87.8935 295.8412 0001995 100.5801 259.5553 13.14504247244393
ONEWEB-0186             
1 48229U 21031V   26137.44166036  .00000064  00000+0  13898-3 0  9992
2 48229  87.8943 295.8277 0001721  99.9097 260.2227 13.14504354244348
ONEWEB-0181             
1 48230U 21031W   26137.49559670  .00000159  00000+0  39336-3 0  9999
2 48230  87.8925 295.8509 0001614  99.3780 260.7533 13.14503792244207
ONEWEB-0188             
1 48231U 21031X   26137.45754323 -.00000157  00000+0 -45898-3 0  9998
2 48231  87.8929 295.8573 0001783  97.9466 262.1866 13.14503579244102
ONEWEB-0220             
1 48232U 21031Y   26137.49716914  .00000145  00000+0  35711-3 0  9995
2 48232  87.8944 295.8178 0001765 104.0757 256.0569 13.14501096244377
ONEWEB-0165             
1 48233U 21031Z   26137.44959228 -.00000080  00000+0 -24975-3 0  9998
2 48233  87.8938 295.8423 0001445  97.4683 262.6611 13.14501335244324
ONEWEB-0199             
1 48234U 21031AA  26137.43373939  .00000238  00000+0  60641-3 0  9990
2 48234  87.8943 295.8295 0001950  93.5158 266.6195 13.14501185244226
ONEWEB-0203             
1 48235U 21031AB  26137.50033339  .00000240  00000+0  61354-3 0  9991
2 48235  87.8945 295.8193 0001728  91.9686 268.1642 13.14504992244242
ONEWEB-0197             
1 48236U 21031AC  26137.47484161 -.00000151  00000+0 -44094-3 0  9996
2 48236  87.8930 295.8139 0001973 103.7237 256.4113 13.14502329244158
ONEWEB-0194             
1 48237U 21031AD  26137.45434862 -.00000104  00000+0 -31595-3 0  9998
2 48237  87.8938 295.8386 0001862  89.6881 270.4462 13.14504036244324
ONEWEB-0193             
1 48238U 21031AE  26137.47020921 -.00000240  00000+0 -68220-3 0  9994
2 48238  87.8933 295.8260 0001989  84.0417 276.0939 13.14504204244277
ONEWEB-0191             
1 48239U 21031AF  26137.48130586 -.00000246  00000+0 -69764-3 0  9995
2 48239  87.8933 295.8209 0001968  99.5594 260.5758 13.14503646244136
ONEWEB-0195             
1 48240U 21031AG  26137.45832316 -.00000212  00000+0 -60687-3 0  9992
2 48240  87.8948 295.8257 0001381 100.4350 259.6936 13.14504068244112
ONEWEB-0201             
1 48241U 21031AH  26137.44657519  .00000243  00000+0  62220-3 0  9999
2 48241  87.8935 295.8477 0001834 104.3419 255.7915 13.14498521244340
ONEWEB-0207             
1 48242U 21031AJ  26137.50271744  .00000173  00000+0  43274-3 0  9999
2 48242  87.8943 295.8184 0001908 104.8899 255.2442 13.14503456244269
ONEWEB-0208             
1 48243U 21031AK  26137.48449690 -.00000034  00000+0 -12631-3 0  9995
2 48243  87.8933 295.8295 0001432  97.4846 262.6447 13.14503471244278
ONEWEB-0200             
1 48244U 21031AL  26137.44800503  .00000013  00000+0  14801-5 0  9994
2 48244  87.8937 295.8236 0001713  99.6875 260.4448 13.14504365244197
ONEWEB-0217             
1 48245U 21031AM  26137.46386454 -.00000171  00000+0 -49650-3 0  9996
2 48245  87.8940 295.8232 0001479  99.8333 260.2964 13.14504566244147
ONEWEB-0211             
1 48767U 21045A   26137.63091775  .00000095  00000+0  21516-3 0  9992
2 48767  87.8984 265.1777 0001189  94.0756 266.0511 13.16195164240423
ONEWEB-0223             
1 48768U 21045B   26137.61822196 -.00000085  00000+0 -26071-3 0  9992
2 48768  87.8988 265.2804 0001559  90.2531 269.8778 13.15549532240382
ONEWEB-0230             
1 48769U 21045C   26137.28545582  .00000046  00000+0  87717-4 0  9997
2 48769  87.8983 265.3635 0002044 100.3747 259.7613 13.15553524240600
ONEWEB-0237             
1 48770U 21045D   26137.65467070  .00000150  00000+0  36369-3 0  9997
2 48770  87.8980 265.2915 0001788  91.6884 268.4452 13.15549552240375
ONEWEB-0235             
1 48771U 21045E   26137.62929361 -.00000192  00000+0 -54372-3 0  9993
2 48771  87.8990 265.2792 0001637  88.4149 271.7169 13.15547922240361
ONEWEB-0242             
1 48772U 21045F   26137.62296404  .00000003  00000+0 -27246-4 0  9990
2 48772  87.8990 265.2769 0001904  94.0765 266.0583 13.15547497240409
ONEWEB-0241             
1 48773U 21045G   26137.61028694 -.00001123  00000+0 -30166-2 0  9992
2 48773  87.8962 265.3009 0001724  94.7811 265.3516 13.15555857240313
ONEWEB-0243             
1 48774U 21045H   26137.64198505  .00000145  00000+0  35143-3 0  9997
2 48774  87.8981 265.3069 0002027  84.4433 275.6928 13.15550158240347
ONEWEB-0222             
1 48775U 21045J   26137.62533454 -.00000467  00000+0 -12757-2 0  9996
2 48775  87.8977 265.2752 0001658  96.0718 264.0601 13.15556605240382
ONEWEB-0244             
1 48776U 21045K   26137.65148768  .00000176  00000+0  43241-3 0  9998
2 48776  87.8995 265.2630 0001816  95.8177 264.3160 13.15549674240954
ONEWEB-0247             
1 48777U 21045L   26137.64833141  .00000171  00000+0  41910-3 0  9990
2 48777  87.8982 265.3003 0001856  74.1189 286.0146 13.15549544240392
ONEWEB-0245             
1 48778U 21045M   26137.64357481  .00000123  00000+0  29282-3 0  9994
2 48778  87.8989 265.2774 0001653 101.3643 258.7673 13.15549334240362
ONEWEB-0229             
1 48779U 21045N   26137.63880571  .00000123  00000+0  29260-3 0  9991
2 48779  87.8986 265.2764 0001909  95.4469 264.6880 13.15550383240397
ONEWEB-0228             
1 48780U 21045P   26137.36800617 -.00000004  00000+0 -44530-4 0  9994
2 48780  87.9002 265.3212 0001815  97.7999 262.3338 13.15549475240277
ONEWEB-0232             
1 48781U 21045Q   26137.64675057  .00000166  00000+0  40556-3 0  9994
2 48781  87.8994 265.2673 0001812 100.7882 259.3453 13.15549082240638
ONEWEB-0231             
1 48782U 21045R   26137.62454668  .00000051  00000+0  10019-3 0  9990
2 48782  87.8976 265.2871 0001702  94.2321 265.9004 13.15550541240325
ONEWEB-0234             
1 48783U 21045S   26137.43426679  .00000071  00000+0  15456-3 0  9993
2 48783  87.8991 265.3059 0001688 126.6458 233.4827 13.15546619240432
ONEWEB-0238             
1 48784U 21045T   26137.58667836  .00000105  00000+0  24510-3 0  9991
2 48784  87.8997 265.2684 0001724 112.7428 247.3885 13.15549337240355
ONEWEB-0240             
1 48785U 21045U   26137.60792320 -.00000089  00000+0 -27178-3 0  9998
2 48785  87.8997 265.2745 0001559  96.8253 263.3055 13.15549320240380
ONEWEB-0246             
1 48786U 21045V   26137.60237764 -.00000135  00000+0 -39333-3 0  9993
2 48786  87.8996 265.2811 0001888  95.9237 264.2109 13.15548629240258
ONEWEB-0210             
1 48787U 21045W   26137.65309432  .00000445  00000+0  11482-2 0  9997
2 48787  87.8993 265.2677 0002122  75.0490 285.0875 13.15548376240304
ONEWEB-0214             
1 48788U 21045X   26137.58574800  .00000080  00000+0  17811-3 0  9991
2 48788  87.8994 265.2777 0002097  90.4885 269.6486 13.15548722240263
ONEWEB-0221             
1 48789U 21045Y   26137.36468231  .00000012  00000+0 -12344-5 0  9992
2 48789  87.8996 265.3308 0001711  94.8784 265.2542 13.15550257240323
ONEWEB-0213             
1 48790U 21045Z   26137.42966334  .00000153  00000+0  37277-3 0  9993
2 48790  87.8992 265.3214 0001796  90.2210 269.9126 13.15549025240391
ONEWEB-0212             
1 48791U 21045AA  26137.63486557  .00000035  00000+0  58199-4 0  9997
2 48791  87.8988 265.2746 0001883 101.3920 258.7422 13.15548353240416
ONEWEB-0227             
1 48792U 21045AB  26137.63405550  .00000109  00000+0  25629-3 0  9995
2 48792  87.8986 265.2760 0001788  98.5519 261.5814 13.15547456240360
ONEWEB-0226             
1 48793U 21045AC  26137.39955901 -.00000110  00000+0 -32751-3 0  9997
2 48793  87.8988 265.3283 0001853  90.5669 269.5673 13.15546900240303
ONEWEB-0224             
1 48794U 21045AD  26137.59128494  .00000078  00000+0  17415-3 0  9990
2 48794  87.8986 265.3255 0001076 118.0249 242.0990 13.15549440240252
ONEWEB-0233             
1 48795U 21045AE  26137.59588169  .00000053  00000+0  10716-3 0  9990
2 48795  87.8981 265.3323 0001588  93.3526 266.7786 13.15551049240271
ONEWEB-0190             
1 48796U 21045AF  26137.58336129  .00000144  00000+0  34907-3 0  9996
2 48796  87.8983 265.2963 0001632  77.2938 282.8375 13.15549351240345
ONEWEB-0236             
1 48797U 21045AG  26137.60079666 -.00000037  00000+0 -13303-3 0  9990
2 48797  87.8984 265.3033 0001856 104.4043 255.7293 13.15549126240230
ONEWEB-0248             
1 48798U 21045AH  26137.61345055 -.00000093  00000+0 -28201-3 0  9995
2 48798  87.8991 265.2810 0001426  91.4055 268.7239 13.15546945240399
ONEWEB-0225             
1 48799U 21045AJ  26137.63564185  .00000092  00000+0  20953-3 0  9998
2 48799  87.8979 265.2865 0001639  82.0930 278.0386 13.15546939240402
ONEWEB-0215             
1 48800U 21045AK  26137.60554755 -.00000108  00000+0 -31995-3 0  9998
2 48800  87.8994 265.2728 0001453  79.3787 280.7507 13.15549277240271
ONEWEB-0216             
1 48801U 21045AL  26137.61505141 -.00000069  00000+0 -21799-3 0  9992
2 48801  87.8988 265.2868 0001947  99.4484 260.6866 13.15549587240285
ONEWEB-0239             
1 48802U 21045AM  26137.61978871 -.00000278  00000+0 -77342-3 0  9994
2 48802  87.8977 265.2949 0001339  88.7473 271.3810 13.15547693240327
ONEWEB-0249             
1 48967U 21060A   26137.27412451  .00000078  00000+0  16966-3 0  9993
2 48967  87.9107 234.9159 0001855 102.2170 257.9169 13.16593913235542
ONEWEB-0250             
1 48968U 21060B   26137.51665776  .00000068  00000+0  12413-3 0  9993
2 48968  87.9105 232.7237 0001543 129.8715 230.2557 13.25831791236150
ONEWEB-0252             
1 48970U 21060D   26137.53298830  .00000013  00000+0 -56653-7 0  9990
2 48970  87.9104 234.8562 0002174  96.3352 263.8027 13.16595798235621
ONEWEB-0253             
1 48971U 21060E   26137.52189025 -.00000050  00000+0 -16343-3 0  9995
2 48971  87.9106 234.8644 0001890 100.5077 259.6267 13.16596093235551
ONEWEB-0254             
1 48972U 21060F   26137.53140367  .00000022  00000+0  23868-4 0  9991
2 48972  87.9105 234.8587 0001686  97.4929 262.6393 13.16595906235556
ONEWEB-0255             
1 48973U 21060G   26137.56939397  .00000094  00000+0  21358-3 0  9994
2 48973  87.9105 234.8589 0001868  97.6447 262.4896 13.16592757235634
ONEWEB-0256             
1 48974U 21060H   26137.51953225  .00000044  00000+0  82710-4 0  9991
2 48974  87.9097 234.8743 0002122 101.2863 258.8507 13.16596101235595
ONEWEB-0257             
1 48975U 21060J   26137.55197699  .00000090  00000+0  20099-3 0  9993
2 48975  87.9103 234.8536 0001958  96.8365 263.2989 13.16596630235553
ONEWEB-0258             
1 48976U 21060K   26137.55355351  .00000135  00000+0  32024-3 0  9996
2 48976  87.9104 234.8648 0001912 102.0438 258.0907 13.16596579235565
ONEWEB-0259             
1 48977U 21060L   26137.54722980  .00000096  00000+0  21722-3 0  9991
2 48977  87.9100 234.8657 0001829 102.1337 257.9999 13.16592681235590
ONEWEB-0260             
1 48978U 21060M   26137.53851872  .00000030  00000+0  46161-4 0  9997
2 48978  87.9095 234.8707 0002370  96.5485 263.5916 13.16596155235572
ONEWEB-0261             
1 48979U 21060N   26137.50844586  .00000099  00000+0  22419-3 0  9993
2 48979  87.9104 234.8758 0001907  91.2626 268.8723 13.16594587235621
ONEWEB-0262             
1 48980U 21060P   26137.56465314  .00000104  00000+0  23896-3 0  9996
2 48980  87.9107 234.8498 0001692 103.7620 256.3700 13.16595449235592
ONEWEB-0263             
1 48981U 21060Q   26137.29232053 -.00000036  00000+0 -12757-3 0  9999
2 48981  87.9104 234.9152 0001792  92.4737 267.6599 13.16593056235528
ONEWEB-0264             
1 48982U 21060R   26137.55752269  .00000101  00000+0  23165-3 0  9991
2 48982  87.9102 234.8659 0002070  95.3799 264.7568 13.16592932235568
ONEWEB-0266             
1 48984U 21060T   26137.50289472  .00000076  00000+0  16543-3 0  9992
2 48984  87.9105 234.8671 0001981 103.9775 256.1577 13.16596298235549
ONEWEB-0267             
1 48985U 21060U   26137.51397643  .00000031  00000+0  47610-4 0  9995
2 48985  87.9107 234.8612 0001979  94.7394 265.3963 13.16592706235550
ONEWEB-0268             
1 48986U 21060V   26137.55832652  .00000141  00000+0  33598-3 0  9995
2 48986  87.9107 234.8620 0002116  99.9385 260.1985 13.16594365235821
ONEWEB-0269             
1 48987U 21060W   26137.53932119  .00000049  00000+0  93479-4 0  9995
2 48987  87.9090 234.8717 0002223 103.0049 257.1330 13.16595223235591
ONEWEB-0270             
1 48988U 21060X   26137.55673689  .00000093  00000+0  20837-3 0  9998
2 48988  87.9106 234.8641 0001633  95.8092 264.3225 13.16595643235630
ONEWEB-0271             
1 48989U 21060Y   26137.54407043  .00000104  00000+0  23829-3 0  9994
2 48989  87.9099 234.8571 0001846  94.7106 265.4236 13.16595623235636
ONEWEB-0272             
1 48990U 21060Z   26137.26225119  .00000109  00000+0  25092-3 0  9996
2 48990  87.9106 234.9246 0002171  93.9626 266.1753 13.16594671235541
ONEWEB-0273             
1 48991U 21060AA  26137.51240734  .00000019  00000+0  16558-4 0  9993
2 48991  87.9108 234.8737 0001864  98.2789 261.8554 13.16595863235550
ONEWEB-0274             
1 48992U 21060AB  26137.30974057 -.00000096  00000+0 -28596-3 0  9994
2 48992  87.9091 234.9197 0002254  95.8414 264.2974 13.16594928235560
ONEWEB-0275             
1 48993U 21060AC  26137.52664094 -.00000045  00000+0 -15229-3 0  9999
2 48993  87.9106 234.8628 0002027  97.9760 262.1601 13.16592622235520
ONEWEB-0276             
1 48994U 21060AD  26137.55989346  .00000118  00000+0  27432-3 0  9991
2 48994  87.9104 234.8560 0002143  98.2590 261.8784 13.16596393235547
ONEWEB-0277             
1 48995U 21060AE  26137.49657314  .00000078  00000+0  16993-3 0  9997
2 48995  87.9099 234.8791 0001871  97.4911 262.6433 13.16595930235526
ONEWEB-0278             
1 48996U 21060AF  26137.25909400  .00000125  00000+0  29368-3 0  9991
2 48996  87.9108 234.9142 0001986 108.1773 251.9574 13.16594954235625
ONEWEB-0279             
1 48997U 21060AG  26137.49497974  .00000131  00000+0  30990-3 0  9996
2 48997  87.9106 234.8659 0002003  93.1747 266.9613 13.16592746235583
ONEWEB-0280             
1 48998U 21060AH  26137.51002470  .00000084  00000+0  18651-3 0  9990
2 48998  87.9106 234.8672 0001701 105.2739 254.8580 13.16596055235529
ONEWEB-0281             
1 48999U 21060AJ  26137.51556780  .00000001  00000+0 -32144-4 0  9993
2 48999  87.9107 234.8610 0002004 103.0357 257.0998 13.16593825235599
ONEWEB-0282             
1 49000U 21060AK  26137.54566481  .00000096  00000+0  21716-3 0  9994
2 49000  87.9100 234.8640 0001891  99.3781 260.7564 13.16594953235571
ONEWEB-0283             
1 49001U 21060AL  26137.53456093 -.00000018  00000+0 -80725-4 0  9993
2 49001  87.9103 234.8657 0001937  96.4030 263.7321 13.16596163235589
ONEWEB-0284             
1 49002U 21060AM  26137.52822408 -.00000279  00000+0 -76298-3 0  9998
2 49002  87.9105 234.8599 0001782 109.0542 251.0782 13.16594226235561
ONEWEB-0285             
1 49075U 21075A   26137.56538706 -.00000517  00000+0 -14733-2 0  9993
2 49075  87.8967 356.7502 0001767  83.8362 276.2968 13.12443590231199
ONEWEB-0286             
1 49076U 21075B   26137.62370204 -.00000228  00000+0 -67047-3 0  9994
2 49076  87.8957 356.7589 0001925  89.4406 270.6943 13.12443315230556
ONEWEB-0287             
1 49077U 21075C   26137.41250113  .00000052  00000+0  10114-3 0  9994
2 49077  87.9159  11.9850 0002020  95.0256 265.1107 13.17650704229574
ONEWEB-0288             
1 49078U 21075D   26137.60012911  .00000421  00000+0  11345-2 0  9994
2 49078  87.8963 356.7374 0001778  92.5871 267.5461 13.12443373231177
ONEWEB-0289             
1 49079U 21075E   26137.60304858  .00000034  00000+0  55319-4 0  9990
2 49079  87.9166  11.9624 0001413  82.9733 277.1559 13.17650564230179
ONEWEB-0290             
1 49080U 21075F   26137.65212452 -.00000010  00000+0 -58758-4 0  9991
2 49080  87.9170  11.9236 0001289  79.4123 280.7153 13.17648036229595
ONEWEB-0291             
1 49081U 21075G   26137.40913815  .00000034  00000+0  54503-4 0  9994
2 49081  87.9170  11.9802 0001665  94.4538 265.6784 13.17651175229556
ONEWEB-0293             
1 49082U 21075H   26137.35850494 -.00000037  00000+0 -12955-3 0  9991
2 49082  87.9162  11.9953 0001678  83.7623 276.3700 13.17649139229571
ONEWEB-0294             
1 49083U 21075J   26137.30195905  .00000312  00000+0  83102-3 0  9992
2 49083  87.8966 356.7999 0001452  84.7315 275.3979 13.12441350230526
ONEWEB-0295             
1 49084U 21075K   26137.35767601 -.00000245  00000+0 -66354-3 0  9993
2 49084  87.9163  11.9993 0001731  92.0219 268.1111 13.17644199229534
ONEWEB-0296             
1 49085U 21075L   26137.58656885  .00000320  00000+0  85510-3 0  9997
2 49085  87.8975 356.7496 0001702  95.5896 264.5427 13.12444937230568
ONEWEB-0297             
1 49086U 21075M   26137.61706483 -.00000009  00000+0 -60251-4 0  9994
2 49086  87.8959 356.7588 0001824  88.4346 271.6992 13.12440599231173
ONEWEB-0298             
1 49087U 21075N   26137.58982243  .00000007  00000+0 -14154-4 0  9999
2 49087  87.9162  11.9511 0001973  84.4925 275.6431 13.17646669229597
ONEWEB-0299             
1 49088U 21075P   26137.36357820 -.00000018  00000+0 -80072-4 0  9998
2 49088  87.9173  11.9734 0001932  87.4630 272.6723 13.17648824229549
ONEWEB-0300             
1 49089U 21075Q   26137.60945694  .00000200  00000+0  52126-3 0  9997
2 49089  87.8969 356.7362 0002166  83.5778 276.5598 13.12441102231191
ONEWEB-0301             
1 49090U 21075R   26137.13594406  .00000492  00000+0  13326-2 0  9999
2 49090  87.8966 356.8291 0002094  79.9859 280.1506 13.12442767230491
ONEWEB-0302             
1 49091U 21075S   26137.57979315  .00000092  00000+0  22080-3 0  9998
2 49091  87.8970 356.7517 0001484  88.9337 271.1962 13.12445132230530
ONEWEB-0304             
1 49092U 21075T   26137.56606860  .00000073  00000+0  15518-3 0  9997
2 49092  87.9162  11.9587 0001821  88.1596 271.9744 13.17650319229541
ONEWEB-0305             
1 49093U 21075U   26137.63525106  .00000004  00000+0 -23631-4 0  9990
2 49093  87.9168  11.9271 0002006  95.2038 264.9323 13.17650109229580
ONEWEB-0308             
1 49094U 21075V   26137.57301104 -.00000343  00000+0 -99009-3 0  9992
2 49094  87.8972 356.7455 0001782  83.9174 276.2158 13.12443327230549
ONEWEB-0309             
1 49095U 21075W   26137.63862119  .00000010  00000+0 -83005-5 0  9999
2 49095  87.9159  11.9374 0001440  88.5461 271.5836 13.17649507229552
ONEWEB-0310             
1 49096U 21075X   26137.58826919  .00000357  00000+0  95775-3 0  9990
2 49096  87.8964 356.7669 0001739  83.3051 276.8275 13.12441956231171
ONEWEB-0311             
1 49097U 21075Y   26137.18977243  .00000058  00000+0  11702-3 0  9990
2 49097  87.9163  12.0254 0002148  93.3206 266.8171 13.17648362229541
ONEWEB-0312             
1 49098U 21075Z   26137.58462475  .00000018  00000+0  12123-4 0  9996
2 49098  87.9159  11.9587 0001749  93.3113 266.8219 13.17648586229571
ONEWEB-0313             
1 49099U 21075AA  26137.36175544  .00000001  00000+0 -31375-4 0  9994
2 49099  87.9154  12.0093 0001867  86.1513 273.9832 13.17650623229537
ONEWEB-0314             
1 49100U 21075AB  26137.63188566  .00000009  00000+0 -94055-5 0  9998
2 49100  87.9171  11.9246 0001773  95.8241 264.3093 13.17648641229549
ONEWEB-0315             
1 49101U 21075AC  26137.33243958 -.00000372  00000+0 -10682-2 0  9998
2 49101  87.8965 356.7791 0002128  90.9357 269.2015 13.12441936231122
ONEWEB-0316             
1 49102U 21075AD  26137.50470265  .00000059  00000+0  11696-3 0  9998
2 49102  87.9167 341.5645 0001880  89.1781 270.9567 13.18684946233166
ONEWEB-0317             
1 49103U 21075AE  26137.33582643 -.00000520  00000+0 -14807-2 0  9995
2 49103  87.8966 356.8019 0001243  67.8483 292.2778 13.12443622231147
ONEWEB-0318             
1 49104U 21075AF  26137.57720499  .00000054  00000+0  10537-3 0  9992
2 49104  87.9180 341.5488 0002037  91.5714 268.5652 13.18685292233136
ONEWEB-0319             
1 49105U 21075AG  26137.34331923  .00000026  00000+0  32708-4 0  9992
2 49105  87.9160  12.0009 0002326  90.5135 269.6263 13.17650837229547
ONEWEB-0323             
1 49106U 21075AH  26137.62214510 -.00000146  00000+0 -44104-3 0  9993
2 49106  87.8972 356.7266 0002192  96.6982 263.4396 13.12440588230545
ONEWEB-0329             
1 49107U 21075AJ  26137.65550185  .00000005  00000+0 -20392-4 0  9995
2 49107  87.9161  11.9395 0001813  87.9423 272.1917 13.17649888229567
ONEWEB-0330             
1 49108U 21075AK  26137.37552948 -.00000014  00000+0 -68873-4 0  9991
2 49108  87.9165  12.0146 0001707  89.4737 270.6591 13.17648099229569
ONEWEB-0292             
1 49186U 21083A   26137.54215318 -.00000212  00000+0 -61586-3 0  9995
2 49186  87.8935 326.3473 0001951  92.5345 267.6008 13.13471324226909
ONEWEB-0303             
1 49187U 21083B   26137.57383458  .00000045  00000+0  80258-4 0  9990
2 49187  87.9173 341.5498 0001966  91.1625 268.9732 13.18685298225946
ONEWEB-0306             
1 49188U 21083C   26137.56371831  .00000017  00000+0  10619-4 0  9995
2 49188  87.9177 341.5378 0001611  83.9262 276.2054 13.18684890225981
ONEWEB-0307             
1 49189U 21083D   26137.53622920 -.00000076  00000+0 -24357-3 0  9991
2 49189  87.8947 326.3426 0001843  93.5647 266.5693 13.13468033226900
ONEWEB-0320             
1 49190U 21083E   26137.58395738  .00000043  00000+0  75106-4 0  9993
2 49190  87.9170 341.5550 0001767  86.1130 274.0204 13.18686482225948
ONEWEB-0321             
1 49191U 21083F   26137.44377416  .00000962  00000+0  23330-2 0  9992
2 49191  87.9164 280.5661 0001623  92.4741 267.6578 13.20765280232774
ONEWEB-0322             
1 49192U 21083G   26137.45582379  .00000015  00000+0  48178-5 0  9999
2 49192  87.8937 326.3600 0001699  75.3755 284.7562 13.13471101226888
ONEWEB-0324             
1 49193U 21083H   26137.55697709  .00000002  00000+0 -28385-4 0  9999
2 49193  87.9180 341.5441 0001674  91.4363 268.6961 13.18685057225963
ONEWEB-0325             
1 49194U 21083J   26137.48446618 -.00000023  00000+0 -91959-4 0  9994
2 49194  87.9168 341.5702 0001880  85.6848 274.4499 13.18685362225962
ONEWEB-0326             
1 49195U 21083K   26137.57565746  .00000065  00000+0  13129-3 0  9995
2 49195  87.9176 341.5471 0002124  89.9634 270.1742 13.18685262225960
ONEWEB-0327             
1 49196U 21083L   26137.57538057  .00000069  00000+0  14278-3 0  9991
2 49196  87.9168 341.5542 0002262  88.5571 271.5820 13.18686028225984
ONEWEB-0328             
1 49197U 21083M   26137.52184529  .00000249  00000+0  64707-3 0  9990
2 49197  87.8953 326.3169 0001685  94.2834 265.8487 13.13470914226870
ONEWEB-0331             
1 49198U 21083N   26137.56877364  .00000023  00000+0  25660-4 0  9997
2 49198  87.9179 341.5422 0002039  95.4337 264.7028 13.18684904225978
ONEWEB-0333             
1 49199U 21083P   26137.51675698  .00000350  00000+0  92362-3 0  9994
2 49199  87.8944 326.3470 0001789  89.3562 270.7773 13.13471571226889
ONEWEB-0334             
1 49200U 21083Q   26137.30992718  .00002839  00000+0  69508-2 0  9998
2 49200  87.9169 280.6062 0001869  68.1562 291.9770 13.20745822232717
ONEWEB-0335             
1 49201U 21083R   26137.43551475  .00000336  00000+0  88503-3 0  9991
2 49201  87.8942 326.3598 0001919  94.4564 265.6784 13.13468834226889
ONEWEB-0336             
1 49202U 21083S   26137.48290779 -.00000210  00000+0 -60907-3 0  9995
2 49202  87.8938 326.3460 0002007 101.4941 258.6414 13.13471859226883
ONEWEB-0337             
1 49203U 21083T   26137.49293286  .00000017  00000+0  11906-4 0  9992
2 49203  87.8938 326.3509 0001745  96.5679 263.5649 13.13471800226889
ONEWEB-0338             
1 49204U 21083U   26137.43537428 -.00002730  00000+0 -67445-2 0  9999
2 49204  87.9155 280.5846 0002091  87.0157 273.1216 13.20803019232757
ONEWEB-0339             
1 49205U 21083V   26137.50152853  .00000237  00000+0  61394-3 0  9999
2 49205  87.8940 326.3410 0001581  83.0663 277.0646 13.13472247226868
ONEWEB-0340             
1 49206U 21083W   26137.47941846 -.00000005  00000+0 -44993-4 0  9996
2 49206  87.9177 341.5656 0001904  91.7036 268.4314 13.18683877225922
ONEWEB-0341             
1 49207U 21083X   26137.56203356 -.00000007  00000+0 -51682-4 0  9999
2 49207  87.9171 341.5545 0001508 101.5380 258.5922 13.18684957225954
ONEWEB-0342             
1 49208U 21083Y   26137.13907891 -.00000029  00000+0 -10206-3 0  9998
2 49208  87.9165 280.6287 0001777  96.3716 263.7620 13.20771202232680
ONEWEB-0343             
1 49209U 21083Z   26137.57046111 -.00000007  00000+0 -50279-4 0  9997
2 49209  87.9176 341.5507 0001480  78.1448 281.9850 13.18684477226006
ONEWEB-0344             
1 49210U 21083AA  26137.49645178  .00000109  00000+0  26446-3 0  9997
2 49210  87.8931 326.3590 0001572 100.6388 259.4918 13.13472218226867
ONEWEB-0345             
1 49211U 21083AB  26137.48798153 -.00000087  00000+0 -27440-3 0  9991
2 49211  87.8948 326.3368 0001613  99.4925 260.6387 13.13469727226873
ONEWEB-0346             
1 49212U 21083AC  26137.56708979  .00000040  00000+0  68363-4 0  9995
2 49212  87.9166 341.5535 0002409  97.6448 262.4957 13.18685285225940
ONEWEB-0348             
1 49213U 21083AD  26137.43198598 -.00001889  00000+0 -46747-2 0  9996
2 49213  87.9029 280.5645 0003154 107.5974 252.5504 13.20830647232758
ONEWEB-0350             
1 49214U 21083AE  26137.49728896  .00000134  00000+0  33333-3 0  9991
2 49214  87.8950 326.3360 0001633 101.4255 258.7058 13.13471707226901
ONEWEB-0351             
1 49215U 21083AF  26137.65241788 -.00008662  00000+0 -21339-1 0  9997
2 49215  87.9168 280.5280 0001049  90.5728 269.5525 13.20828808232744
ONEWEB-0352             
1 49216U 21083AG  26137.47782432 -.00000278  00000+0 -79683-3 0  9996
2 49216  87.8943 326.3515 0001451  81.8278 278.3016 13.13468904226997
ONEWEB-0354             
1 49217U 21083AH  26137.45219825  .00004266  00000+0  10462-1 0  9993
2 49217  87.9163 280.5673 0001922 111.5691 248.5648 13.20728133232754
ONEWEB-0355             
1 49218U 21083AJ  26137.50674763  .00000327  00000+0  85945-3 0  9990
2 49218  87.8932 326.3495 0001539  91.2440 268.8866 13.13471517226875
ONEWEB-0357             
1 49219U 21083AK  26137.44883071  .00003490  00000+0  85505-2 0  9993
2 49219  87.9168 280.5625 0001666  97.2732 262.8591 13.20746801232757
ONEWEB-0332             
1 49279U 21090A   26137.46705032 -.00000221  00000+0 -62975-3 0  9997
2 49279  87.8934 295.8374 0001766  88.2764 271.8568 13.14503009223544
ONEWEB-0347             
1 49280U 21090B   26137.43872732 -.00000018  00000+0 -76097-4 0  9993
2 49280  87.9166 280.5727 0002006  91.7130 268.4233 13.20799009226987
ONEWEB-0349             
1 49281U 21090C   26137.62221636  .00000927  00000+0  22482-2 0  9990
2 49281  87.9164 280.5367 0001857 100.3201 259.8141 13.20764256225791
ONEWEB-0353             
1 49282U 21090D   26137.45911755 -.00000209  00000+0 -59956-3 0  9992
2 49282  87.8937 295.8338 0001820  87.5076 272.6262 13.14503322223548
ONEWEB-0356             
1 49283U 21090E   26137.46903958  .00000827  00000+0  20014-2 0  9996
2 49283  87.9165 280.5606 0002756  96.0689 264.0758 13.20764493225773
ONEWEB-0358             
1 49284U 21090F   26137.65000603 -.00003664  00000+0 -90433-2 0  9999
2 49284  87.9127 280.5213 0001488 101.8278 258.3023 13.20798420226528
ONEWEB-0359             
1 49285U 21090G   26137.64748936  .00000527  00000+0  12637-2 0  9990
2 49285  87.9162 280.5251 0001946 106.9888 253.1459 13.20752773226507
ONEWEB-0360             
1 49286U 21090H   26137.63740331 -.00003421  00000+0 -84470-2 0  9993
2 49286  87.9174 280.5332 0001912 104.5666 255.5679 13.20792554225816
ONEWEB-0361             
1 49287U 21090J   26137.46734697 -.00000070  00000+0 -20289-3 0  9999
2 49287  87.9165 280.5652 0001946 101.6528 258.4824 13.20773740226242
ONEWEB-0362             
1 49288U 21090K   26137.47142872 -.00000008  00000+0 -51952-4 0  9992
2 49288  87.9147 311.1030 0001541  93.2560 266.8749 13.19726074222866
ONEWEB-0363             
1 49289U 21090L   26137.63402328 -.00005586  00000+0 -13772-1 0  9997
2 49289  87.9165 280.5320 0002127 102.3538 257.7834 13.20807507226272
ONEWEB-0364             
1 49290U 21090M   26137.44543958  .00000555  00000+0  13340-2 0  9994
2 49290  87.9159 280.5787 0001869  98.4506 261.6839 13.20766853227386
ONEWEB-0365             
1 49291U 21090N   26137.48091383  .00000020  00000+0  17955-4 0  9994
2 49291  87.9157 311.0870 0001741  90.1315 270.0017 13.19726421222375
ONEWEB-0366             
1 49292U 21090P   26137.45593754 -.00000169  00000+0 -48951-3 0  9996
2 49292  87.8930 295.8378 0001795  97.6567 262.4767 13.14504161223521
ONEWEB-0367             
1 49293U 21090Q   26137.63318641  .00000496  00000+0  11891-2 0  9990
2 49293  87.9168 280.5335 0001699  99.5547 260.5778 13.20763226225790
ONEWEB-0368             
1 49294U 21090R   26137.45556271  .00004265  00000+0  10462-1 0  9994
2 49294  87.9161 280.5828 0002274  82.2858 277.8533 13.20701352226923
ONEWEB-0369             
1 49295U 21090S   26137.47617210  .00000005  00000+0 -19223-4 0  9994
2 49295  87.9145 311.0985 0001838  89.7526 270.3817 13.19725867222361
ONEWEB-0370             
1 49296U 21090T   26137.64244735 -.00000213  00000+0 -55473-3 0  9990
2 49296  87.9171 280.5316 0001731 106.0498 254.0826 13.20774747225839
ONEWEB-0371             
1 49297U 21090U   26137.48406952  .00000010  00000+0 -79250-5 0  9999
2 49297  87.9148 311.0875 0001676  91.2179 268.9146 13.19726157222402
ONEWEB-0372             
1 49298U 21090V   26137.63215667  .00006045  00000+0  14833-1 0  9993
2 49298  87.9164 280.5350 0001267  87.3538 272.7741 13.20736390225803
ONEWEB-0373             
1 49299U 21090W   26137.12729883 -.00003883  00000+0 -95771-2 0  9998
2 49299  87.9163 280.6370 0002392  96.3634 263.7772 13.20837599226924
ONEWEB-0374             
1 49300U 21090X   26137.44325265  .00000083  00000+0  18822-3 0  9992
2 49300  87.8935 295.8296 0002416  99.1907 260.9496 13.14501237223524
ONEWEB-0375             
1 49301U 21090Y   26137.64580300  .00000955  00000+0  23157-2 0  9992
2 49301  87.9166 280.5252 0002427 103.8615 256.2789 13.20764015226490
ONEWEB-0376             
1 49302U 21090Z   26137.48247525  .00000021  00000+0  20014-4 0  9999
2 49302  87.9158 311.0862 0001717  86.9036 273.2294 13.19727243222405
ONEWEB-0377             
1 49303U 21090AA  26137.63245241  .00005854  00000+0  14367-1 0  9990
2 49303  87.9169 280.5291 0001889 106.0131 254.1211 13.20720189226487
ONEWEB-0378             
1 49304U 21090AB  26137.65268287 -.00008010  00000+0 -19730-1 0  9996
2 49304  87.9161 280.5315 0002123  96.6366 263.5009 13.20834645225754
ONEWEB-0379             
1 49305U 21090AC  26137.43849446  .00000152  00000+0  37620-3 0  9992
2 49305  87.8938 295.8416 0001912  95.5719 264.5629 13.14504015223522
ONEWEB-0380             
1 49306U 21090AD  26137.47931339  .00000031  00000+0  45090-4 0  9997
2 49306  87.9148 311.0951 0001902  98.4437 261.6911 13.19724260222375
ONEWEB-0381             
1 49307U 21090AE  26137.62896315  .00005259  00000+0  12902-1 0  9999
2 49307  87.9168 280.5342 0002101 100.7334 259.4036 13.20737595225796
ONEWEB-0382             
1 49308U 21090AF  26137.46397093 -.00000077  00000+0 -22158-3 0  9992
2 49308  87.9164 280.5619 0002214  97.7634 262.3751 13.20798679225767
ONEWEB-0383             
1 49309U 21090AG  26137.43216683  .00000220  00000+0  55805-3 0  9998
2 49309  87.8944 295.8326 0001945  93.0169 267.1184 13.14503361223552
ONEWEB-0384             
1 49310U 21090AH  26137.45355679 -.00000034  00000+0 -11662-3 0  9999
2 49310  87.9167 280.6074 0002366  95.3850 264.7553 13.20811159225777
ONEWEB-0385             
1 49311U 21090AJ  26137.30570921  .00008833  00000+0  21706-1 0  9994
2 49311  87.9166 280.5987 0002289  90.3632 269.7764 13.20662672225724
ONEWEB-0386             
1 49312U 21090AK  26137.62560170  .00003258  00000+0  79806-2 0  9996
2 49312  87.9173 280.5247 0002111  96.6947 263.4427 13.20747533225787
ONEWEB-0387             
1 49313U 21090AL  26137.38316566  .00004796  00000+0  11773-1 0  9994
2 49313  87.9162 280.5993 0001709 102.6577 257.4747 13.20682323225753
ONEWEB-0388             
1 49314U 21090AM  26137.47459473 -.00000012  00000+0 -62067-4 0  9994
2 49314  87.9147 311.0940 0001960  92.1674 267.9683 13.19725779222369
ONEWEB-0389             
1 50469U 21132A   26137.36863625  .00000034  00000+0  55431-4 0  9999
2 50469  87.9159  11.9960 0002124  91.3042 268.8333 13.17650598214026
ONEWEB-0390             
1 50470U 21132B   26137.59812837  .00000042  00000+0  73874-4 0  9995
2 50470  87.9161  11.9512 0001645  87.0506 273.0814 13.17650204214057
ONEWEB-0391             
1 50471U 21132C   26137.59981742  .00000046  00000+0  84667-4 0  9994
2 50471  87.9161  11.9601 0002210 105.3374 254.8002 13.17650082214053
ONEWEB-0392             
1 50472U 21132D   26137.63019752 -.00000003  00000+0 -41673-4 0  9998
2 50472  87.9170  11.9202 0002078  93.0885 267.0485 13.17648404214093
ONEWEB-0393             
1 50473U 21132E   26137.60571918 -.00000009  00000+0 -57217-4 0  9990
2 50473  87.9158  11.9445 0001950  87.4374 272.6981 13.17647982214089
ONEWEB-0394             
1 50474U 21132F   26136.98875592 -.00000004  00000+0 -42852-4 0  9990
2 50474  87.9174 341.6503 0002073  91.4059 268.7311 13.18687259217480
ONEWEB-0395             
1 50475U 21132G   26137.41943010 -.00000444  00000+0 -12897-2 0  9993
2 50475  87.8912  27.1888 0001721  88.1446 271.9879 13.11416202211686
ONEWEB-0396             
1 50476U 21132H   26137.51314402  .00000039  00000+0  67251-4 0  9996
2 50476  87.9173 341.5582 0002024  88.9770 271.1594 13.18687671217595
ONEWEB-0397             
1 50477U 21132J   26137.30069190  .00000065  00000+0  13334-3 0  9996
2 50477  87.9174 341.6006 0002093  86.7644 273.3728 13.18687521217543
ONEWEB-0398             
1 50478U 21132K   26137.38723340  .00000216  00000+0  57363-3 0  9997
2 50478  87.8920  27.1829 0001566  85.6711 274.4596 13.11413883211571
ONEWEB-0399             
1 50479U 21132L   26137.22107355  .00000520  00000+0  14313-2 0  9998
2 50479  87.8922  27.2264 0002285  87.4797 272.6593 13.11416088211545
ONEWEB-0400             
1 50480U 21132M   26137.50638723  .00000174  00000+0  40952-3 0  9993
2 50480  87.9184 341.5480 0001634  86.2615 273.8704 13.18688432217569
ONEWEB-0401             
1 50481U 21132N   26137.55192741 -.00000008  00000+0 -53486-4 0  9999
2 50481  87.9177 341.5374 0001970  80.7658 279.3697 13.18687092217577
ONEWEB-0402             
1 50482U 21132P   26137.51482442  .00000072  00000+0  14893-3 0  9993
2 50482  87.9173 341.5347 0002164  76.9640 283.1734 13.18686148217596
ONEWEB-0403             
1 50483U 21132Q   26137.46424025 -.00000015  00000+0 -70111-4 0  9996
2 50483  87.9175 341.5686 0001928  90.6910 269.4443 13.18686228217543
ONEWEB-0404             
1 50484U 21132R   26137.43131063  .00000024  00000+0  31787-4 0  9995
2 50484  87.8917  27.1846 0001984  89.7975 270.3380 13.11418001211667
ONEWEB-0405             
1 50485U 21132S   26137.47771900  .00000004  00000+0 -23396-4 0  9996
2 50485  87.9179 341.5497 0001427  94.7154 265.4141 13.18684496217948
ONEWEB-0406             
1 50486U 21132T   26137.46930731 -.00000058  00000+0 -17938-3 0  9999
2 50486  87.9167 341.5707 0002219 100.0136 260.1247 13.18687484217579
ONEWEB-0407             
1 50487U 21132U   26137.46254217 -.00000542  00000+0 -14088-2 0  9998
2 50487  87.9175 341.5619 0001747  80.7318 279.4012 13.18687163217513
ONEWEB-0409             
1 50488U 21132V   26137.42961410 -.00000046  00000+0 -16597-3 0  9992
2 50488  87.8922  27.1716 0001853  90.0364 270.0977 13.11418775211550
ONEWEB-0412             
1 50489U 21132W   26137.29900285  .00000057  00000+0  11140-3 0  9990
2 50489  87.9173 341.6036 0002055  80.4969 279.6395 13.18686939217582
ONEWEB-0413             
1 50490U 21132X   26137.45581247  .00000014  00000+0  33199-5 0  9996
2 50490  87.9164 341.5737 0001951  78.8888 281.2463 13.18686659217546
ONEWEB-0414             
1 50491U 21132Y   26136.98536935  .00000002  00000+0 -27544-4 0  9992
2 50491  87.9172 341.6458 0002046  86.3441 273.7925 13.18686538217514
ONEWEB-0417             
1 50492U 21132Z   26137.52494626  .00000055  00000+0  10797-3 0  9992
2 50492  87.9166 341.5608 0001937  93.9340 266.2014 13.18687707217564
ONEWEB-0418             
1 50493U 21132AA  26137.53490843  .00000021  00000+0  20864-4 0  9991
2 50493  87.9176 341.5555 0001967  95.5541 264.5815 13.18684803217622
ONEWEB-0419             
1 50494U 21132AB  26137.32538818  .00000114  00000+0  25595-3 0  9992
2 50494  87.9176 341.5969 0001764  95.2515 264.8818 13.18664456217511
ONEWEB-0420             
1 50495U 21132AC  26137.29055756  .00000058  00000+0  11514-3 0  9997
2 50495  87.9164 341.6096 0001738  81.5033 278.6296 13.18687030217500
ONEWEB-0421             
1 50496U 21132AD  26137.28381471  .00000083  00000+0  17673-3 0  9993
2 50496  87.9169 341.6074 0002242  84.7908 275.3480 13.18685009217546
ONEWEB-0424             
1 50497U 21132AE  26137.54855715  .00000016  00000+0  81219-5 0  9995
2 50497  87.9175 341.5515 0001585  95.9812 264.1500 13.18687203217604
ONEWEB-0426             
1 50498U 21132AF  26137.50725828  .00000066  00000+0  13576-3 0  9997
2 50498  87.9178 341.5508 0002513  94.3058 265.8361 13.18682635217547
ONEWEB-0427             
1 50499U 21132AG  26137.54685944  .00000036  00000+0  58050-4 0  9990
2 50499  87.9176 341.5312 0001997  93.6890 266.4470 13.18686405217570
ONEWEB-0429             
1 50500U 21132AH  26137.53337432  .00000014  00000+0  30840-5 0  9992
2 50500  87.9167 341.5608 0001796  83.2513 276.8824 13.18688458217540
ONEWEB-0430             
1 50501U 21132AJ  26136.99043238 -.00000014  00000+0 -67333-4 0  9998
2 50501  87.9168 341.6671 0001603  86.1098 274.0217 13.18685318217515
ONEWEB-0432             
1 50502U 21132AK  26137.55465711  .00000011  00000+0 -38000-5 0  9992
2 50502  87.9175 341.5264 0001409 102.9778 257.1512 13.18712529217545
ONEWEB-0440             
1 50503U 21132AL  26137.54181264  .00000005  00000+0 -18977-4 0  9993
2 50503  87.9177 341.5512 0002032  78.6566 281.4794 13.18687626217531
ONEWEB-0450             
1 50504U 21132AM  26137.53520664  .00000007  00000+0 -14022-4 0  9993
2 50504  87.9165 341.5607 0001724  81.9974 278.1354 13.18686620217562
ONEWEB-0410             
1 51622U 22012A   26137.38719980  .00000017  00000+0  11263-4 0  9991
2 51622  87.9170  11.9779 0002891 105.3497 254.7954 13.17649590209645
ONEWEB-0411             
1 51623U 22012B   26137.24092603 -.00000064  00000+0 -22068-3 0  9991
2 51623  87.8865  42.4239 0001328  72.0275 288.0997 13.10376235205238
ONEWEB-0415             
1 51624U 22012C   26137.46667875 -.00000328  00000+0 -97474-3 0  9991
2 51624  87.8860  42.3796 0001627  79.7742 280.3569 13.10375259205264
ONEWEB-0416             
1 51625U 22012D   26137.47830418  .00000219  00000+0  59091-3 0  9998
2 51625  87.8855  42.3961 0001551  88.8018 271.3287 13.10376154205303
ONEWEB-0422             
1 51626U 22012E   26137.62513080  .00000009  00000+0 -10891-4 0  9993
2 51626  87.9168  11.9326 0001935  63.8425 296.2906 13.17648191209780
ONEWEB-0423             
1 51627U 22012F   26137.61837972  .00000044  00000+0  79366-4 0  9992
2 51627  87.9162  11.9411 0001970  84.3194 275.8162 13.17647269209670
ONEWEB-0425             
1 51628U 22012G   26137.48828689  .00000608  00000+0  17045-2 0  9993
2 51628  87.8856  42.3769 0002160  85.6635 274.4739 13.10373451205303
ONEWEB-0428             
1 51629U 22012H   26137.46833867 -.00000286  00000+0 -85527-3 0  9991
2 51629  87.8858  42.3885 0001898  77.1714 282.9625 13.10375124205268
ONEWEB-0431             
1 51630U 22012J   26137.43831983 -.00000105  00000+0 -33715-3 0  9999
2 51630  87.8854  42.3863 0001325  66.9647 293.1620 13.10369988205314
ONEWEB-0434             
1 51631U 22012K   26137.49173499  .00000664  00000+0  18654-2 0  9999
2 51631  87.8859  42.3998 0002420  89.2495 270.8910 13.10372858205308
ONEWEB-0435             
1 51632U 22012L   26137.49989010  .00000581  00000+0  16291-2 0  9997
2 51632  87.8850  42.3866 0001869  72.2989 287.8343 13.10371383205298
ONEWEB-0436             
1 51633U 22012M   26137.38213117  .00000015  00000+0  44464-5 0  9992
2 51633  87.9167  11.9682 0001769  76.3499 283.7830 13.17649001209628
ONEWEB-0438             
1 51634U 22012N   26137.48329205  .00000437  00000+0  12161-2 0  9994
2 51634  87.8856  42.3920 0001992  83.4678 276.6676 13.10375015205328
ONEWEB-0439             
1 51635U 22012P   26137.48661294  .00000557  00000+0  15605-2 0  9991
2 51635  87.8857  42.3793 0002014  77.9794 282.1559 13.10373805205306
ONEWEB-0442             
1 51636U 22012Q   26137.60234237  .00000013  00000+0  24878-7 0  9993
2 51636  87.9161  11.9593 0002182  96.7728 263.3652 13.17650519209641
ONEWEB-0443             
1 51637U 22012R   26137.62174986  .00000012  00000+0 -30358-5 0  9998
2 51637  87.9159  11.9569 0002168  79.4096 280.7280 13.17650194209696
ONEWEB-0444             
1 51638U 22012S   26137.47664599  .00000031  00000+0  52856-4 0  9992
2 51638  87.8856  42.3800 0002043  77.7521 282.3835 13.10376336205317
ONEWEB-0445             
1 51639U 22012T   26137.49822813  .00000603  00000+0  16900-2 0  9993
2 51639  87.8860  42.3611 0001673  82.0978 278.0339 13.10371482205325
ONEWEB-0446             
1 51640U 22012U   26137.47498647  .00000070  00000+0  16428-3 0  9991
2 51640  87.8860  42.3968 0001757  81.5117 278.6210 13.10375580205309
ONEWEB-0448             
1 51641U 22012V   26137.47996188  .00000386  00000+0  10703-2 0  9994
2 51641  87.8856  42.3929 0001974  77.3395 282.7953 13.10375623205278
ONEWEB-0449             
1 51642U 22012W   26137.48495434  .00000468  00000+0  13031-2 0  9992
2 51642  87.8861  42.3764 0002299  86.3968 273.7422 13.10374028205289
ONEWEB-0451             
1 51643U 22012X   26137.60656982 -.00000008  00000+0 -54614-4 0  9990
2 51643  87.9171  11.9204 0002073  87.0963 273.0406 13.17648324209637
ONEWEB-0452             
1 51644U 22012Y   26137.60487946  .00000039  00000+0  67797-4 0  9991
2 51644  87.9161  11.9606 0002166  82.4730 277.6648 13.17649134209646
ONEWEB-0456             
1 51646U 22012AA  26137.49496073  .00000594  00000+0  16662-2 0  9990
2 51646  87.8864  42.3589 0001914  73.5208 286.6130 13.10376114205321
ONEWEB-0457             
1 51647U 22012AB  26137.47151214 -.00000117  00000+0 -37072-3 0  9996
2 51647  87.8857  42.3851 0001708  90.8562 269.2761 13.10378727205321
ONEWEB-0458             
1 51648U 22012AC  26137.49325416  .00000631  00000+0  17719-2 0  9990
2 51648  87.8861  42.3660 0002079  80.5381 279.5981 13.10372843205288
ONEWEB-0461             
1 51649U 22012AD  26137.62681860 -.00000021  00000+0 -88233-4 0  9990
2 51649  87.9169  11.9308 0001752  86.3347 273.7985 13.17649471209864
ONEWEB-0463             
1 51650U 22012AE  26137.38045229 -.00000050  00000+0 -16205-3 0  9999
2 51650  87.9158  12.0052 0001767  87.3004 272.8330 13.17648434209614
ONEWEB-0464             
1 51651U 22012AF  26137.48993503  .00000537  00000+0  15021-2 0  9990
2 51651  87.8855  42.3909 0002047  72.2525 287.8826 13.10373292205306
ONEWEB-0468             
1 51652U 22012AG  26137.26750844  .00000612  00000+0  17160-2 0  9996
2 51652  87.8851  42.4294 0002055  70.3302 289.8047 13.10373519205255
ONEWEB-0473             
1 51653U 22012AH  26137.48162939  .00000325  00000+0  89333-3 0  9996
2 51653  87.8857  42.3883 0001997  76.9039 283.2312 13.10374813205282
ONEWEB-0474             
1 51654U 22012AJ  26137.47332290 -.00000060  00000+0 -20723-3 0  9991
2 51654  87.8867  42.3712 0002096  72.0116 288.1239 13.10376443205271
ONEWEB-0475             
1 51655U 22012AK  26137.39226007  .00000029  00000+0  41600-4 0  9992
2 51655  87.9161  11.9955 0002362  72.0722 288.0667 13.17648029209637
ONEWEB-0490             
1 54113U 22138A   26137.50460545  .00000031  00000+0  45113-4 0  9999
2 54113  87.9156 311.0825 0001704  85.9654 274.1673 13.19725425172785
ONEWEB-0492             
1 54114U 22138B   26137.45405740  .00000030  00000+0  42366-4 0  9996
2 54114  87.9148 311.0970 0001579  89.4531 270.6783 13.19725448172789
ONEWEB-0495             
1 54115U 22138C   26137.50776449  .00000062  00000+0  12338-3 0  9990
2 54115  87.9146 311.0882 0001702  69.6746 290.4569 13.19725794172771
ONEWEB-0497             
1 54116U 22138D   26137.44458238  .00000031  00000+0  44219-4 0  9997
2 54116  87.9151 311.0920 0001759  89.5398 270.5936 13.19725698172755
ONEWEB-0499             
1 54117U 22138E   26137.50381787  .00000046  00000+0  83525-4 0  9998
2 54117  87.9144 311.0906 0001863  84.1169 276.0176 13.19724443172771
ONEWEB-0500             
1 54118U 22138F   26137.50618544  .00000062  00000+0  12272-3 0  9991
2 54118  87.9155 311.0815 0001742  94.0352 266.0980 13.19726318172789
ONEWEB-0501             
1 54119U 22138G   26137.46038643 -.00000045  00000+0 -14595-3 0  9996
2 54119  87.9155 311.0908 0001790  81.5779 278.5557 13.19725300172755
ONEWEB-0502             
1 54120U 22138H   26137.44615312  .00000016  00000+0  78601-5 0  9996
2 54120  87.9156 311.0824 0001910  83.8959 276.2391 13.19725960172779
ONEWEB-0503             
1 54121U 22138J   26137.43510637  .00000085  00000+0  18117-3 0  9990
2 54121  87.9158 311.0898 0002082  92.5569 267.5802 13.19725966172763
ONEWEB-0504             
1 54122U 22138K   26137.49828005  .00000070  00000+0  14370-3 0  9999
2 54122  87.9156 311.0828 0001906  84.6104 275.5246 13.19724995172780
ONEWEB-0505             
1 54123U 22138L   26137.49512376 -.00000006  00000+0 -46376-4 0  9994
2 54123  87.9158 311.0843 0001846  77.5458 282.5881 13.19724260172762
ONEWEB-0506             
1 54124U 22138M   26137.46985594 -.00000027  00000+0 -99766-4 0  9992
2 54124  87.9155 311.0862 0001817  83.1123 277.0217 13.19725364172758
ONEWEB-0507             
1 54125U 22138N   26137.49038620  .00000030  00000+0  42104-4 0  9991
2 54125  87.9147 311.0973 0001719  85.6026 274.5303 13.19725418172807
ONEWEB-0508             
1 54126U 22138P   26137.48722608  .00000041  00000+0  69988-4 0  9998
2 54126  87.9148 311.0976 0001577  79.0248 281.1062 13.19726503172786
ONEWEB-0509             
1 54127U 22138Q   26137.46196199 -.00000026  00000+0 -96191-4 0  9998
2 54127  87.9159 311.0887 0001764  88.0923 272.0412 13.19725952172750
ONEWEB-0510             
1 54128U 22138R   26137.45051070  .00003521  00000+0  86292-2 0  9996
2 54128  87.9169 280.5656 0002125 108.2839 251.8526 13.20731147175220
ONEWEB-0511             
1 54129U 22138S   26137.45879217 -.00000027  00000+0 -99180-4 0  9990
2 54129  87.9156 311.0931 0002076  87.9026 272.2344 13.19723966172780
ONEWEB-0512             
1 54130U 22138T   26137.45089379  .00000033  00000+0  50879-4 0  9991
2 54130  87.9145 311.1018 0001934  81.7082 278.4270 13.19726501172754
ONEWEB-0513             
1 54131U 22138U   26137.46913017 -.00000007  00000+0 -49639-4 0  9993
2 54131  87.9152 311.0461 0002419  71.6327 288.5069 13.20266926172663
ONEWEB-0514             
1 54132U 22138V   26137.46669377  .00000025  00000+0  30357-4 0  9996
2 54132  87.9156 311.0893 0001876  95.5002 264.6345 13.19725861172778
ONEWEB-0515             
1 54133U 22138W   26137.43704772 -.00001495  00000+0 -37068-2 0  9991
2 54133  87.9160 280.5592 0002134 118.7053 241.4295 13.20801724175249
ONEWEB-0516             
1 54134U 22138X   26137.44142362  .00000064  00000+0  12783-3 0  9991
2 54134  87.9147 311.1040 0001650  89.3846 270.7476 13.19726170172779
ONEWEB-0517             
1 54135U 22138Y   26137.49670247  .00000088  00000+0  18647-3 0  9996
2 54135  87.9154 311.0835 0002095  92.4638 267.6734 13.19726008172780
ONEWEB-0518             
1 54136U 22138Z   26137.43984045  .00000057  00000+0  11065-3 0  9998
2 54136  87.9146 311.1059 0001672  87.8919 272.2405 13.19724495172775
ONEWEB-0519             
1 54137U 22138AA  26137.46510414  .00000019  00000+0  15630-4 0  9998
2 54137  87.9160 311.0887 0002020  91.5436 268.5928 13.19726597172788
ONEWEB-0520             
1 54138U 22138AB  26137.49986889  .00000044  00000+0  78530-4 0  9991
2 54138  87.9155 311.0826 0001749  83.2339 276.8993 13.19725785172774
ONEWEB-0521             
1 54139U 22138AC  26137.45721474  .00000012  00000+0 -23983-5 0  9994
2 54139  87.9156 311.0796 0002054  94.6562 265.4806 13.19725550172717
ONEWEB-0522             
1 54140U 22138AD  26137.43668551  .00000088  00000+0  18776-3 0  9994
2 54140  87.9157 311.0858 0001828  86.8503 273.2839 13.19725825172757
ONEWEB-0523             
1 54141U 22138AE  26137.65086706 -.00009908  00000+0 -24405-1 0  9991
2 54141  87.9155 280.5277 0002166 119.2213 240.9137 13.20831508175276
ONEWEB-0524             
1 54142U 22138AF  26137.64073809 -.00001661  00000+0 -41165-2 0  9992
2 54142  87.9166 280.5296 0001458 120.6357 239.4920 13.20783619175270
ONEWEB-0525             
1 54143U 22138AG  26137.45563782 -.00000023  00000+0 -90254-4 0  9992
2 54143  87.9153 311.0908 0001761  83.3185 276.8149 13.19727646172774
ONEWEB-0526             
1 54144U 22138AH  26137.48881359 -.00000979  00000+0 -24785-2 0  9993
2 54144  87.9159 311.0846 0001609  90.9122 269.2195 13.19714855172751
ONEWEB-0529             
1 54145U 22138AJ  26137.49196399  .00000057  00000+0  10918-3 0  9997
2 54145  87.9147 311.0950 0001726  85.0735 275.0595 13.19726368172773
ONEWEB-0531             
1 54146U 22138AK  26137.62728234  .00003815  00000+0  93525-2 0  9991
2 54146  87.9167 280.5301 0001986 124.4752 235.6569 13.20735279175275
ONEWEB-0535             
1 54147U 22138AL  26137.44932355 -.00000013  00000+0 -65197-4 0  9998
2 54147  87.9156 311.0855 0001996 100.9134 259.2224 13.19725476172781
ONEWEB-0536             
1 54148U 22138AM  26137.46229467 -.00002457  00000+0 -60754-2 0  9990
2 54148  87.9141 280.5882 0001911 128.5434 231.5871 13.20792604175246
ONEWEB-0527             
1 54642U 22166A   26137.28660447 -.00000013  00000+0 -63059-4 0  9996
2 54642  87.9245 250.1440 0001909 101.7714 258.3635 13.21827395167450
ONEWEB-0528             
1 54643U 22166B   26137.29250060 -.00000001  00000+0 -35105-4 0  9992
2 54643  87.9248 250.1472 0001786  95.0459 265.0879 13.21825560167461
ONEWEB-0539             
1 54644U 22166C   26137.55828376  .00000120  00000+0  26025-3 0  9993
2 54644  87.9253 250.0644 0002180  97.6523 262.4859 13.21825258167493
ONEWEB-0540             
1 54645U 22166D   26137.56514782  .00000069  00000+0  13593-3 0  9996
2 54645  87.9248 250.0955 0002090  99.9570 260.1799 13.21825357167487
ONEWEB-0542             
1 54646U 22166E   26137.56837506  .00000064  00000+0  12224-3 0  9994
2 54646  87.9256 250.0605 0002259  97.9277 262.2113 13.21824904167499
ONEWEB-0545             
1 54647U 22166F   26137.60875733  .00000026  00000+0  31561-4 0  9998
2 54647  87.9248 250.0667 0002483  99.2951 260.8464 13.21826150167467
ONEWEB-0580             
1 54648U 22166G   26137.58351753  .00000045  00000+0  78084-4 0  9999
2 54648  87.9248 250.0716 0002373 103.0238 257.1161 13.21825721167504
ONEWEB-0582             
1 54649U 22166H   26137.54986759  .00000079  00000+0  15864-3 0  9999
2 54649  87.9247 250.0709 0002444 100.8519 259.2891 13.21824817167476
ONEWEB-0583             
1 54650U 22166J   26137.56164430  .00000068  00000+0  13247-3 0  9998
2 54650  87.9247 250.0920 0002118 100.3441 259.7932 13.21824660167488
ONEWEB-0584             
1 54651U 22166K   26137.27903716 -.00000008  00000+0 -50937-4 0  9999
2 54651  87.9246 250.1343 0002091 102.1896 257.9473 13.21828434167430
ONEWEB-0585             
1 54652U 22166L   26137.60537626  .00000016  00000+0  78532-5 0  9999
2 54652  87.9250 250.0551 0001821 100.1522 259.9817 13.21824369167482
ONEWEB-0586             
1 54653U 22166M   26137.54314225  .00000050  00000+0  88333-4 0  9998
2 54653  87.9248 250.0934 0002169  98.7692 261.3688 13.21827374167472
ONEWEB-0587             
1 54654U 22166N   26137.55323821  .00000055  00000+0  10047-3 0  9993
2 54654  87.9259 250.0620 0001627 101.0737 259.0580 13.21827113167637
ONEWEB-0589             
1 54655U 22166P   26137.31269043  .00000036  00000+0  56560-4 0  9993
2 54655  87.9244 250.1259 0002839 102.4730 257.6722 13.21827186167468
ONEWEB-0590             
1 54656U 22166Q   26137.56487226  .00000037  00000+0  58826-4 0  9994
2 54656  87.9256 250.0632 0002075 114.0436 246.0915 13.21824857167480
ONEWEB-0591             
1 54657U 22166R   26137.57678282  .00000089  00000+0  18346-3 0  9999
2 54657  87.9245 250.0779 0002009 102.3690 257.7669 13.21824236167510
ONEWEB-0592             
1 54658U 22166S   26137.27736096  .00000046  00000+0  80107-4 0  9993
2 54658  87.9253 250.1127 0001995 100.4984 259.6375 13.21824355167355
ONEWEB-0593             
1 54659U 22166T   26137.60201924  .00000010  00000+0 -62880-5 0  9999
2 54659  87.9249 250.0619 0002094  97.2762 262.8610 13.21825974167507
ONEWEB-0594             
1 54660U 22166U   26137.54650582  .00000065  00000+0  12522-3 0  9997
2 54660  87.9245 250.0900 0001890 100.0700 260.0647 13.21827180167518
ONEWEB-0595             
1 54661U 22166V   26137.59865203  .00000005  00000+0 -19218-4 0  9996
2 54661  87.9256 250.0575 0001753 103.3729 256.7601 13.21825536167496
ONEWEB-0596             
1 54662U 22166W   26137.57341931  .00000105  00000+0  22263-3 0  9995
2 54662  87.9247 250.0761 0001888 101.8234 258.3111 13.21824989167492
ONEWEB-0597             
1 54663U 22166X   26137.55491187  .00000107  00000+0  22791-3 0  9991
2 54663  87.9246 250.0837 0002093  99.6228 260.5142 13.21824517167498
ONEWEB-0600             
1 54664U 22166Y   26137.61211227  .00000052  00000+0  93552-4 0  9997
2 54664  87.9248 250.0634 0002018  94.2409 265.8955 13.21827008167471
ONEWEB-0601             
1 54665U 22166Z   26137.60369805  .00000030  00000+0  41245-4 0  9991
2 54665  87.9246 250.0814 0002259 100.7080 259.4308 13.21826949167660
ONEWEB-0602             
1 54666U 22166AA  26137.56919561 -.00000163  00000+0 -42642-3 0  9997
2 54666  87.9248 250.0946 0002049  92.5325 267.6043 13.21825460167503
ONEWEB-0603             
1 54667U 22166AB  26137.27231461  .00000029  00000+0  37703-4 0  9994
2 54667  87.9255 250.1074 0002067  98.5654 261.5715 13.21824643167394
ONEWEB-0604             
1 54668U 22166AC  26137.56333019  .00000053  00000+0  95986-4 0  9993
2 54668  87.9258 250.0651 0001901 100.4638 259.6710 13.21824515167390
ONEWEB-0605             
1 54669U 22166AD  26137.55658153 -.00000195  00000+0 -50325-3 0  9998
2 54669  87.9248 250.0824 0002505 109.9318 250.2086 13.21824944167469
ONEWEB-0606             
1 54670U 22166AE  26137.57846489  .00000072  00000+0  14164-3 0  9996
2 54670  87.9246 250.0905 0001799 100.7579 259.3757 13.21824840167528
ONEWEB-0607             
1 54671U 22166AF  26137.54482563  .00000042  00000+0  70591-4 0  9997
2 54671  87.9255 250.0661 0002094  97.1220 263.0152 13.21827222167493
ONEWEB-0608             
1 54672U 22166AG  26137.55154807  .00000013  00000+0  62842-6 0  9996
2 54672  87.9258 250.0606 0002493 103.2295 256.9117 13.21823569167504
ONEWEB-0610             
1 54673U 22166AH  26137.60706596  .00000072  00000+0  14194-3 0  9990
2 54673  87.9247 250.0668 0002622  97.4619 262.6813 13.21827099167418
ONEWEB-0611             
1 54674U 22166AJ  26137.60033264 -.00000019  00000+0 -76336-4 0  9996
2 54674  87.9246 250.0641 0001850 101.4814 258.6528 13.21826105167408
ONEWEB-0612             
1 54675U 22166AK  26137.53809154  .00000074  00000+0  14809-3 0  9993
2 54675  87.9258 250.0687 0002176 100.6408 259.4971 13.21827826167383
ONEWEB-0615             
1 54676U 22166AL  26137.59360335  .00000038  00000+0  61455-4 0  9993
2 54676  87.9249 250.0749 0001719  96.1880 263.9450 13.21824784167403
ONEWEB-0655             
1 54677U 22166AM  26137.57005660  .00000132  00000+0  28838-3 0  9991
2 54677  87.9247 250.0814 0002079  93.1421 266.9951 13.21825127167392
ONEWEB-0659             
1 54678U 22166AN  26137.28409220 -.00000030  00000+0 -10413-3 0  9999
2 54678  87.9246 250.1384 0001901 102.1359 257.9988 13.21826649167445
ONEWEB-0685             
1 54679U 22166AP  26137.28425927  .00000008  00000+0 -12296-4 0  9998
2 54679  87.9245 250.1313 0002141  94.9941 265.1437 13.21818317167330
ONEWEB-0712             
1 54680U 22166AQ  26137.50923125  .00000040  00000+0  71545-4 0  9995
2 54680  87.9108 234.8650 0002104  87.8873 272.2499 13.16596143168025
ONEWEB-0714             
1 54681U 22166AR  26137.28914141  .00000002  00000+0 -27139-4 0  9998
2 54681  87.9246 250.1269 0002052  94.1717 265.9651 13.21826503167453
ONEWEB-0532             
1 55140U 23004A   26137.58293820  .00000049  00000+0  94035-4 0  9997
2 55140  87.9162  11.9501 0001910  94.5273 265.6077 13.17651065163556
ONEWEB-0533             
1 55141U 23004B   26137.58135456  .00000158  00000+0  40390-3 0  9993
2 55141  87.8971 356.7560 0001980  83.6180 276.5174 13.12444965164040
ONEWEB-0541             
1 55142U 23004C   26137.43471005  .00000163  00000+0  42295-3 0  9993
2 55142  87.8927  27.1728 0001658  83.1601 276.9715 13.11417809161916
ONEWEB-0543             
1 55143U 23004D   26137.28213383  .00000107  00000+0  23841-3 0  9994
2 55143  87.9164 341.6222 0001872  80.1837 279.9506 13.18687575165629
ONEWEB-0544             
1 55144U 23004E   26137.57889091  .00000083  00000+0  17786-3 0  9996
2 55144  87.9168 341.5631 0001650  83.7209 276.4111 13.18685668165662
ONEWEB-0560             
1 55145U 23004F   26137.57214754  .00000006  00000+0 -18252-4 0  9991
2 55145  87.9170 341.5535 0001610  79.5257 280.6057 13.18684937165676
ONEWEB-0565             
1 55146U 23004G   26137.56539843  .00000005  00000+0 -18878-4 0  9993
2 55146  87.9161 341.5855 0001417  94.7366 265.3928 13.18684841165667
ONEWEB-0567             
1 55147U 23004H   26137.48277887 -.00000003  00000+0 -41037-4 0  9994
2 55147  87.9166 341.5835 0001464  88.5642 271.5658 13.18684911165657
ONEWEB-0569             
1 55148U 23004J   26137.53707128 -.00000088  00000+0 -27720-3 0  9992
2 55148  87.8954 326.3245 0001025  67.3738 292.7500 13.13471342166156
ONEWEB-0570             
1 55149U 23004K   26137.55024244  .00000017  00000+0  98453-5 0  9999
2 55149  87.9165 341.5682 0001865 100.9426 259.1916 13.18687470165654
ONEWEB-0571             
1 55150U 23004L   26137.46761986 -.00000013  00000+0 -66733-4 0  9995
2 55150  87.9166 341.5837 0000636 104.3475 255.7728 13.18687276165653
ONEWEB-0572             
1 55151U 23004M   26137.38550732  .00000061  00000+0  12369-3 0  9998
2 55151  87.9160  11.9902 0001625  85.7407 274.3910 13.17650081163421
ONEWEB-0573             
1 55152U 23004N   26137.53674518  .00000049  00000+0  91483-4 0  9996
2 55152  87.9166 341.5711 0000996 100.8357 259.2888 13.18685819165652
ONEWEB-0588             
1 55153U 23004P   26137.53000057  .00000012  00000+0 -18367-5 0  9990
2 55153  87.9164 341.5732 0001814 104.3907 255.7427 13.18686251165655
ONEWEB-0598             
1 55154U 23004Q   26137.64154753 -.00000498  00000+0 -14415-2 0  9992
2 55154  87.8914  27.1455 0001148  69.2098 290.9153 13.11418380161895
ONEWEB-0599             
1 55155U 23004R   26137.34669411  .00000029  00000+0  41837-4 0  9990
2 55155  87.9161  11.9966 0001803  75.4933 284.6399 13.17650579163421
ONEWEB-0614             
1 55156U 23004S   26137.63645242 -.00000461  00000+0 -13365-2 0  9994
2 55156  87.8913  27.1553 0001974  86.4315 273.7038 13.11414901161835
ONEWEB-0616             
1 55157U 23004T   26137.38888945  .00000044  00000+0  81225-4 0  9993
2 55157  87.9163  11.9911 0002211  58.4339 301.7008 13.17648351163647
ONEWEB-0617             
1 55158U 23004U   26137.62458883 -.00000007  00000+0 -56529-4 0  9995
2 55158  87.8917  27.1471 0001948  94.0765 266.0586 13.11413937161858
ONEWEB-0618             
1 55159U 23004V   26137.56892062  .00003580  00000+0  20122-3 0  9996
2 55159  86.9115 190.0591 0014583  56.2486 304.0141 15.12880389177636
ONEWEB-0619             
1 55160U 23004W   26137.34501409  .00000053  00000+0  10257-3 0  9996
2 55160  87.9172  11.9781 0002276  84.0978 276.0413 13.17648639163532
ONEWEB-0620             
1 55161U 23004X   26137.61950909  .00000153  00000+0  39629-3 0  9995
2 55161  87.8911  27.1583 0001567  84.4397 275.6910 13.11414481161820
ONEWEB-0621             
1 55162U 23004Y   26137.64661876 -.00000488  00000+0 -14125-2 0  9997
2 55162  87.8925  27.1387 0002018  86.1051 274.0308 13.11416212161802
ONEWEB-0622             
1 55163U 23004Z   26137.65170528 -.00000324  00000+0 -95054-3 0  9998
2 55163  87.8927  27.1399 0001891 103.6929 256.4410 13.11416498161797
ONEWEB-0623             
1 55164U 23004AA  26137.64368528  .00000031  00000+0  46324-4 0  9997
2 55164  87.9159  11.9528 0002380  97.8374 262.3028 13.17650009163565
ONEWEB-0624             
1 55165U 23004AB  26137.55885703 -.00000316  00000+0 -90804-3 0  9996
2 55165  87.8970 356.6798 0001899  86.8276 273.3070 13.12927307164054
ONEWEB-0625             
1 55166U 23004AC  26137.40576450  .00000019  00000+0  15598-4 0  9993
2 55166  87.9159  11.9949 0001919  78.9762 281.1585 13.17648508163526
ONEWEB-0626             
1 55167U 23004AD  26137.62343349  .00000006  00000+0 -18963-4 0  9993
2 55167  87.9160  11.9513 0001376  82.5716 277.5572 13.17649670163552
ONEWEB-0627             
1 55168U 23004AE  26137.15600941  .00000046  00000+0  85559-4 0  9994
2 55168  87.9158  12.0444 0002217  94.8407 265.2978 13.17650285163494
ONEWEB-0628             
1 55169U 23004AF  26137.37651634 -.00000845  00000+0 -23840-2 0  9996
2 55169  87.8965 356.7796 0002293  96.3750 263.7640 13.12431657163999
ONEWEB-0629             
1 55170U 23004AG  26137.35935800  .00000012  00000+0 -28876-5 0  9998
2 55170  87.9159  12.0006 0002164  82.6388 277.4989 13.17649116163528
ONEWEB-0631             
1 55171U 23004AH  26137.52326312  .00000013  00000+0  49337-6 0  9996
2 55171  87.9173 341.5376 0001537 101.3348 258.7957 13.18687045165638
ONEWEB-0709             
1 55172U 23004AJ  26137.45675399  .00000534  00000+0  14700-2 0  9991
2 55172  87.8911  27.1930 0000995  68.5030 291.6204 13.11415867161844
ONEWEB-0710             
1 55173U 23004AK  26137.60151159  .00000038  00000+0  64603-4 0  9990
2 55173  87.9158  11.9476 0001874  88.3986 271.7360 13.17648969163551
ONEWEB-0711             
1 55174U 23004AL  26137.19903895 -.00000054  00000+0 -18682-3 0  9992
2 55174  87.8916  27.2306 0002172 100.0061 260.1312 13.11417661161771
ONEWEB-0713             
1 55175U 23004AM  26137.44657644  .00000490  00000+0  13469-2 0  9998
2 55175  87.8920  27.1826 0001993  92.0324 268.1032 13.11416045161799
ONEWEB-0715             
1 55176U 23004AN  26137.44148682  .00000420  00000+0  11486-2 0  9996
2 55176  87.8923  27.1844 0001151  88.5512 271.5748 13.11417575161834
ONEWEB-0716             
1 55177U 23004AP  26137.59476121  .00000014  00000+0  18108-5 0  9995
2 55177  87.9166  11.9508 0001920  76.1775 283.9571 13.17649074163550
ONEWEB-0717             
1 55178U 23004AQ  26137.65381474  .00000003  00000+0 -24750-4 0  9997
2 55178  87.9171  11.9242 0002056 102.3531 257.7831 13.17650379163610
ONEWEB-0719             
1 55179U 23004AR  26137.36020353 -.00000014  00000+0 -68116-4 0  9999
2 55179  87.9171  11.9635 0002009  79.7423 280.3935 13.17648804163529
ONEWEB-0530             
1 55796U 23029A   26137.63570317 -.00004537  00000+0 -11190-1 0  9992
2 55796  87.9154 280.5641 0002312 106.9294 253.2093 13.20803289157118
ONEWEB-0534             
1 55797U 23029B   26137.62389063  .00002519  00000+0  61637-2 0  9996
2 55797  87.9160 280.5674 0001835  95.1457 264.9886 13.20755306157116
ONEWEB-0556             
1 55798U 23029C   26137.63064993  .00004850  00000+0  11901-1 0  9998
2 55798  87.9161 280.5665 0002690  88.7041 271.4401 13.20714597157118
ONEWEB-0562             
1 55799U 23029D   26137.46567786  .00000051  00000+0  92321-4 0  9995
2 55799  87.9155 280.5798 0002761 100.5041 259.6404 13.20783601157091
ONEWEB-0563             
1 55800U 23029E   26137.46059703  .00006634  00000+0  16295-1 0  9999
2 55800  87.9201 280.6128 0001880  93.1570 266.9779 13.20677245157080
ONEWEB-0564             
1 55801U 23029F   26137.15083345  .00004507  00000+0  11057-1 0  9993
2 55801  87.9187 280.6523 0002371  91.7823 268.3582 13.20714969157054
ONEWEB-0638             
1 55802U 23029G   26137.48923842  .00000063  00000+0  13654-3 0  9995
2 55802  87.8925 295.8784 0002315  89.3940 270.7455 13.14504602155364
ONEWEB-0639             
1 55803U 23029H   26137.47775790  .00000021  00000+0  21267-4 0  9996
2 55803  87.9147 311.0998 0001368  59.4502 300.6766 13.19725728154859
ONEWEB-0640             
1 55804U 23029J   26137.42263955  .00000220  00000+0  55790-3 0  9995
2 55804  87.8924 295.8826 0002264  80.6101 279.5285 13.14504335155370
ONEWEB-0641             
1 55805U 23029K   26137.47301165  .00000009  00000+0 -10637-4 0  9995
2 55805  87.9148 311.0879 0001681  89.0028 271.1297 13.19726265154869
ONEWEB-0642             
1 55806U 23029L   26137.46826971 -.00000004  00000+0 -42614-4 0  9998
2 55806  87.9148 311.1025 0001193  69.6965 290.4296 13.19725351154853
ONEWEB-0643             
1 55807U 23029M   26137.46863440 -.00000186  00000+0 -53581-3 0  9996
2 55807  87.8924 295.8602 0001146  91.3701 268.7560 13.14503848155350
ONEWEB-0644             
1 55808U 23029N   26137.46352602  .00000022  00000+0  21982-4 0  9998
2 55808  87.9147 311.1053 0001477  85.0975 275.0327 13.19726383154853
ONEWEB-0645             
1 55809U 23029P   26137.48564708  .00000017  00000+0  10114-4 0  9992
2 55809  87.9146 311.0981 0001823  77.0396 283.0940 13.19726591154856
ONEWEB-0646             
1 55810U 23029Q   26137.50302739  .00000061  00000+0  12076-3 0  9998
2 55810  87.9145 311.0944 0001537  87.2078 272.9231 13.19725104154846
ONEWEB-0648             
1 55811U 23029R   26137.43692714  .00000216  00000+0  54693-3 0  9999
2 55811  87.8935 295.8375 0001613  64.3174 295.8122 13.14503365155356
ONEWEB-0649             
1 55812U 23029S   26137.45248000 -.00000015  00000+0 -69123-4 0  9991
2 55812  87.9146 311.1022 0001747  82.9994 277.1338 13.19725584154879
ONEWEB-0650             
1 55813U 23029T   26137.44774272  .00000006  00000+0 -17312-4 0  9998
2 55813  87.9148 311.1058 0001446  80.6999 279.4297 13.19725521154844
ONEWEB-0652             
1 55814U 23029U   26137.49401570  .00000137  00000+0  33629-3 0  9994
2 55814  87.8926 295.8350 0001879  99.8297 260.3045 13.14503389155330
ONEWEB-0653             
1 55815U 23029V   26137.47814244 -.00002036  00000+0 -55264-2 0  9999
2 55815  87.8915 295.8305 0001293  82.5967 277.5309 13.14505853155366
ONEWEB-0654             
1 55816U 23029W   26137.47338369 -.00000173  00000+0 -50170-3 0  9991
2 55816  87.8931 295.8318 0002156 101.0495 259.0877 13.14501083155389
ONEWEB-0656             
1 55817U 23029X   26137.44715040  .00001697  00000+0  41427-2 0  9998
2 55817  87.9166 280.5592 0002315 104.2906 255.8484 13.20748083157093
ONEWEB-0657             
1 55818U 23029Y   26137.44300597  .00000054  00000+0  10295-3 0  9992
2 55818  87.9146 311.1054 0001796 114.6229 245.5091 13.19725689154857
ONEWEB-0658             
1 55819U 23029Z   26137.43826752  .00000026  00000+0  32055-4 0  9996
2 55819  87.9156 311.0793 0001430  83.1023 277.0273 13.19725642154867
ONEWEB-0660             
1 55820U 23029AA  26137.45117802 -.00000089  00000+0 -27457-3 0  9999
2 55820  87.8937 295.8277 0001877  85.6946 274.4399 13.14501392155362
ONEWEB-0661             
1 55821U 23029AB  26137.48606900  .00000022  00000+0  24208-4 0  9992
2 55821  87.8924 295.8698 0001960  87.5899 272.5455 13.14504076155350
ONEWEB-0662             
1 55822U 23029AC  26137.44483679  .00000072  00000+0  15979-3 0  9994
2 55822  87.8925 295.8850 0001847  85.5018 274.6323 13.14504132155391
ONEWEB-0663             
1 55823U 23029AD  26137.63459381  .00000046  00000+0  80659-4 0  9998
2 55823  87.9170 280.5947 0001705  84.6404 275.4924 13.20867092157117
ONEWEB-0664             
1 55824U 23029AE  26137.43368432 -.00005070  00000+0 -12498-1 0  9990
2 55824  87.9071 280.6138 0001887  86.0254 274.1095 13.20821904157084
ONEWEB-0665             
1 55825U 23029AF  26137.48290677 -.00000015  00000+0 -75524-4 0  9997
2 55825  87.8924 295.8512 0001768  85.0418 275.0914 13.14503744155376
ONEWEB-0666             
1 55826U 23029AG  26137.65424582 -.00007875  00000+0 -19402-1 0  9992
2 55826  87.9107 280.5560 0001217 125.6822 234.4425 13.20825276157129
ONEWEB-0667             
1 55827U 23029AH  26137.64915951  .00002555  00000+0  62510-2 0  9994
2 55827  87.9175 280.5191 0001973  93.1242 267.0117 13.20755911157116
ONEWEB-0669             
1 55828U 23029AJ  26137.64410628  .00000027  00000+0  33557-4 0  9999
2 55828  87.9165 280.5337 0002410 102.1578 257.9826 13.20770015157115
ONEWEB-0670             
1 55829U 23029AK  26137.46069977 -.00000171  00000+0 -49471-3 0  9990
2 55829  87.8924 295.8733 0002133  87.8922 272.2452 13.14503700155392
ONEWEB-0671             
1 55830U 23029AL  26137.43351911  .00000076  00000+0  15645-3 0  9999
2 55830  87.9144 311.1082 0001871  86.3449 273.7898 13.19726125154846
ONEWEB-0672             
1 55831U 23029AM  26137.63905899 -.00001932  00000+0 -47849-2 0  9996
2 55831  87.9165 280.5272 0001980 105.9545 254.1807 13.20785586157110
ONEWEB-0673             
1 55832U 23029AN  26137.48643111  .00000027  00000+0  35147-4 0  9998
2 55832  87.9156 311.0871 0001917  88.7711 271.3642 13.19724744154852
ONEWEB-0674             
1 55833U 23029AP  26137.50511456  .00000200  00000+0  50583-3 0  9991
2 55833  87.8923 295.8415 0002158  88.8175 271.3202 13.14502073155385
ONEWEB-0675             
1 55834U 23029AQ  26137.50144528  .00000035  00000+0  55511-4 0  9997
2 55834  87.9146 311.0962 0001624  99.9007 260.2309 13.19725585154874
ONEWEB-0720             
1 55835U 23029AR  26137.49354028  .00000063  00000+0  12506-3 0  9991
2 55835  87.9147 311.0983 0001635  83.0644 277.0675 13.19726108154797
ONEWEB-0537             
1 56046U 23043A   26137.56781815  .00000096  00000+0  21797-3 0  9996
2 56046  87.9105 234.8509 0002026 107.4374 252.6979 13.16595646154938
ONEWEB-0538             
1 56047U 23043B   26137.56148959  .00000087  00000+0  19507-3 0  9999
2 56047  87.9106 234.8542 0001756 105.2299 254.9027 13.16595447154947
ONEWEB-0546             
1 56048U 23043C   26137.54882395  .00000076  00000+0  16557-3 0  9997
2 56048  87.9104 234.8563 0002325 117.8490 242.2877 13.16595612154930
ONEWEB-0547             
1 56049U 23043D   26137.59106805  .00000028  00000+0  36294-4 0  9996
2 56049  87.9245 250.0617 0001788  98.5395 261.5942 13.21827377154184
ONEWEB-0548             
1 56050U 23043E   26137.49737177  .00000056  00000+0  11325-3 0  9997
2 56050  87.9104 234.8639 0002417  96.3172 263.8234 13.16593929154921
ONEWEB-0549             
1 56051U 23043F   26137.58519367  .00000095  00000+0  19883-3 0  9997
2 56051  87.9245 250.0707 0001582 103.9487 256.1823 13.21827621154182
ONEWEB-0550             
1 56052U 23043G   26137.57172770  .00000133  00000+0  29146-3 0  9996
2 56052  87.9247 250.0703 0002143  96.2035 263.9343 13.21824454154182
ONEWEB-0551             
1 56053U 23043H   26137.27594980 -.00000053  00000+0 -17492-3 0  9999
2 56053  87.8985 265.3877 0001498  98.5573 261.5728 13.15547380152335
ONEWEB-0552             
1 56054U 23043J   26137.33960571  .00000081  00000+0  16540-3 0  9992
2 56054  87.9245 250.1229 0001891  94.8969 265.2381 13.21824703154156
ONEWEB-0553             
1 56055U 23043K   26137.55515120  .00000067  00000+0  14130-3 0  9990
2 56055  87.9103 234.8561 0002308 109.5064 250.6317 13.16596186154941
ONEWEB-0554             
1 56056U 23043L   26137.54249164  .00000029  00000+0  43504-4 0  9998
2 56056  87.9100 234.8679 0002316  99.5057 260.6336 13.16595379154921
ONEWEB-0555             
1 56057U 23043M   26137.50450259  .00000154  00000+0  36935-3 0  9992
2 56057  87.9108 234.8627 0002339 114.9697 245.1677 13.16594290154927
ONEWEB-0557             
1 56058U 23043N   26137.51874002  .00000014  00000+0  29807-5 0  9997
2 56058  87.9104 234.8703 0003318 104.4377 255.7122 13.16595957154929
ONEWEB-0558             
1 56059U 23043P   26137.55995016  .00000088  00000+0  18095-3 0  9997
2 56059  87.9247 250.0733 0001626 106.2375 253.8938 13.21816578154193
ONEWEB-0559             
1 56060U 23043Q   26137.54818178  .00000023  00000+0  24213-4 0  9990
2 56060  87.9252 250.0697 0001769  97.5114 262.6221 13.21825554154200
ONEWEB-0566             
1 56061U 23043R   26137.31437002  .00000038  00000+0  60310-4 0  9993
2 56061  87.9249 250.1148 0001660  96.7823 263.3500 13.21825238154158
ONEWEB-0568             
1 56062U 23043S   26137.53613979 -.00000040  00000+0 -13865-3 0  9994
2 56062  87.9103 234.8570 0002131 108.7438 251.3924 13.16596494154943
ONEWEB-0574             
1 56063U 23043T   26137.61042646  .00000039  00000+0  61916-4 0  9998
2 56063  87.9258 250.0558 0002183 100.7715 259.3665 13.21825853154230
ONEWEB-0575             
1 56064U 23043U   26137.52981873  .00000012  00000+0 -14987-5 0  9992
2 56064  87.9103 234.8548 0002472 103.3744 256.7663 13.16596219154932
ONEWEB-0576             
1 56065U 23043V   26137.51082825  .00000096  00000+0  21829-3 0  9993
2 56065  87.9109 234.8654 0002255 102.4699 257.6684 13.16595589154926
ONEWEB-0577             
1 56066U 23043W   26137.51715437  .00000043  00000+0  79679-4 0  9995
2 56066  87.9106 234.8618 0002814  98.6233 261.5217 13.16595842154956
ONEWEB-0578             
1 56067U 23043X   26137.29418673 -.00000004  00000+0 -40765-4 0  9996
2 56067  87.9252 250.1190 0002104 109.1054 251.0308 13.21824416154151
ONEWEB-0579             
1 56068U 23043Y   26137.58855897 -.00000032  00000+0 -11000-3 0  9992
2 56068  87.9256 250.0558 0001884  92.5617 267.5733 13.21824650154207
ONEWEB-0581             
1 56069U 23043Z   26137.52349507 -.00000026  00000+0 -10195-3 0  9990
2 56069  87.9107 234.8723 0002576  97.4782 262.6642 13.16594922154927
ONEWEB-0609             
1 56070U 23043AA  26137.60632108 -.00000087  00000+0 -26523-3 0  9992
2 56070  87.8979 265.3074 0001815 101.2512 258.8823 13.15547397152416
ONEWEB-0613             
1 56071U 23043AB  26137.60395211 -.00000095  00000+0 -28767-3 0  9995
2 56071  87.8982 265.3200 0001675  93.7746 266.3576 13.15545960152413
ONEWEB-0630             
1 56072U 23043AC  26137.59920855 -.00000030  00000+0 -11489-3 0  9994
2 56072  87.8982 265.2913 0001746  94.8756 265.2573 13.15549459152407
ONEWEB-0632             
1 56073U 23043AD  26137.59445116 -.00000007  00000+0 -52219-4 0  9998
2 56073  87.8983 265.3109 0002029  97.6686 262.4675 13.15549582152404
ONEWEB-0633             
1 56074U 23043AE  26137.35993494  .00000068  00000+0  14674-3 0  9997
2 56074  87.8991 265.3307 0001467  94.4064 265.7234 13.15549353152351
ONEWEB-0634             
1 56075U 23043AF  26137.64990451  .00000185  00000+0  45685-3 0  9996
2 56075  87.8983 265.3157 0001843 110.7102 249.4226 13.15549900152380
ONEWEB-0635             
1 56076U 23043AG  26137.64516792  .00000098  00000+0  22716-3 0  9992
2 56076  87.8991 265.2765 0002159  97.3723 262.7653 13.15548665152417
ONEWEB-0636             
1 56077U 23043AH  26137.63723806  .00000111  00000+0  26122-3 0  9999
2 56077  87.8977 265.2864 0002114  98.4822 261.6548 13.15549161152395
ONEWEB-0637             
1 56078U 23043AJ  26137.63089728  .00000042  00000+0  78610-4 0  9991
2 56078  87.8976 265.3048 0002149 106.1552 253.9815 13.15549415152411
ONEWEB-0647             
1 56079U 23043AK  26137.62613507 -.00000036  00000+0 -12876-3 0  9995
2 56079  87.8978 265.3181 0001944  94.9143 265.2209 13.15547119152405
ONEWEB-0651             
1 56080U 23043AL  26137.62138831  .00000028  00000+0  41608-4 0  9994
2 56080  87.8977 265.3131 0002148 101.4086 258.7286 13.15549714153606
ONEWEB-0718             
1 56081U 23043AM  26137.61664605 -.00000045  00000+0 -15452-3 0  9995
2 56081  87.8976 265.2944 0001668 114.5041 245.6264 13.15549351152415
ONEWEB-0561             
1 56710U 23068A   26137.44040334  .00000070  00000+0  13923-3 0  9996
2 56710  87.9166 280.5748 0002158  89.9651 270.1730 13.20784536145443
ONEWEB-0668             
1 56711U 23068B   26137.49814249  .00000120  00000+0  28124-3 0  9991
2 56711  87.9113 234.8646 0002101 116.4266 243.7081 13.16596243147742
ONEWEB-0676             
1 56712U 23068C   26137.50607754  .00000153  00000+0  36720-3 0  9992
2 56712  87.9107 234.8695 0002355  98.5845 261.5553 13.16595709147663
ONEWEB-0677             
1 56713U 23068D   26137.65591589 -.00007141  00000+0 -17597-1 0  9992
2 56713  87.9165 280.5238 0002226 104.0182 256.1199 13.20818130145770
ONEWEB-0678             
1 56714U 23068E   26137.58493449  .00000116  00000+0  27534-3 0  9998
2 56714  87.8990 265.2903 0001805  90.9570 269.1767 13.15550374145267
ONEWEB-0679             
1 56715U 23068F   26137.31290821  .00000019  00000+0  14976-4 0  9998
2 56715  87.9108 234.8988 0002481 110.8437 249.2960 13.16595778147668
ONEWEB-0680             
1 56716U 23068G   26137.28744901 -.00000008  00000+0 -50817-4 0  9992
2 56716  87.9255 250.1174 0002200 115.8452 244.2909 13.21823517147019
ONEWEB-0681             
1 56717U 23068H   26137.57089059  .00000083  00000+0  17000-3 0  9998
2 56717  87.9251 250.0640 0002872  92.0311 268.1152 13.21825018147044
ONEWEB-0682             
1 56718U 23068J   26137.60870152 -.00000055  00000+0 -18051-3 0  9993
2 56718  87.8988 265.2866 0002114 114.1769 245.9582 13.15547430145434
ONEWEB-0683             
1 56719U 23068K   26137.63247551  .00000059  00000+0  12265-3 0  9991
2 56719  87.8992 265.2808 0001875 108.8595 251.2739 13.15547968145403
ONEWEB-0684             
1 56720U 23068L   26137.64038548  .00000130  00000+0  31094-3 0  9999
2 56720  87.8986 265.2699 0001042  55.7135 304.4093 13.15550325145238
ONEWEB-0686             
1 56721U 23068M   26137.50132629  .00000150  00000+0  35868-3 0  9995
2 56721  87.9099 234.8885 0001730 108.3110 251.8209 13.16597057147674
ONEWEB-0694             
1 56722U 23068N   26137.50764493  .00000092  00000+0  20799-3 0  9998
2 56722  87.9117 234.8456 0002129 113.9867 246.1487 13.16593069147735
ONEWEB-0696             
1 56723U 23068P   26137.36943477  .00000042  00000+0  77661-4 0  9990
2 56723  87.8983 265.3646 0001700  85.9211 274.2114 13.15550370145319
ONEWEB-0703             
1 56724U 23068Q   26137.60711390 -.00000086  00000+0 -26311-3 0  9990
2 56724  87.8983 265.2983 0002168  76.0167 284.1204 13.15547206145238
ONEWEB-0721             
1 56725U 23068R   26137.57356661 -.00000003  00000+0 -41442-4 0  9995
2 56725  86.6746  95.2865 0001992  81.9811 278.1548 13.22467372153896
ONEWEB-0015             
1 61594U 24188A   26137.63814766 -.00000415  00000+0 -12068-2 0  9998
2 61594  87.8915  27.1703 0002339  88.9105 271.2291 13.11415158 80454
ONEWEB-0687             
1 61595U 24188B   26137.62851369  .00000002  00000+0 -29038-4 0  9996
2 61595  87.9155  11.9544 0001990  98.2966 261.8392 13.17649380 81873
ONEWEB-0688             
1 61596U 24188C   26137.58126154  .00000053  00000+0  10439-3 0  9998
2 61596  87.9156  11.9633 0003014  94.3284 265.8192 13.17650592 81861
ONEWEB-0689             
1 61597U 24188D   26137.44318780  .00000500  00000+0  13762-2 0  9990
2 61597  87.8937  27.1618 0001666  90.0307 270.1012 13.11417138 80422
ONEWEB-0690             
1 61598U 24188E   26137.45337756  .00000448  00000+0  12287-2 0  9998
2 61598  87.8921  27.1741 0002160  64.1564 295.9787 13.11416475 80607
ONEWEB-0691             
1 61599U 24188F   26137.44827157  .00000606  00000+0  16751-2 0  9993
2 61599  87.8934  27.0809 0002153  89.2753 270.8622 13.11419556 80452
ONEWEB-0692             
1 61600U 24188G   26137.62120629  .00000135  00000+0  34503-3 0  9999
2 61600  87.8911  27.1656 0001023  77.8744 282.2499 13.11414085 80461
ONEWEB-0693             
1 61601U 24188H   26137.36526867  .00000026  00000+0  33601-4 0  9993
2 61601  87.9153  12.0273 0002394  66.7507 293.3876 13.17649939 81822
ONEWEB-0695             
1 61602U 24188J   26137.44487033  .00000500  00000+0  13761-2 0  9994
2 61602  87.8915  27.1924 0001347  90.0299 270.0984 13.11419717 80434
ONEWEB-0697             
1 61603U 24188K   26137.62967703 -.00000236  00000+0 -70212-3 0  9995
2 61603  87.8913  27.1457 0001086  73.1543 286.9704 13.11414058 80448
ONEWEB-0698             
1 61604U 24188L   26137.45505367  .00000500  00000+0  13741-2 0  9996
2 61604  87.8910  27.1951 0001619  41.6403 318.4848 13.11415226 80440
ONEWEB-0699             
1 61605U 24188M   26137.44343494 -.00000401  00000+0 -11865-2 0  9994
2 61605  87.8853  42.3853 0001266  67.4539 292.6722 13.10370669 79285
ONEWEB-0700             
1 61606U 24188N   26137.21601920 -.00000570  00000+0 -16685-2 0  9993
2 61606  87.8871  42.3341 0001186  84.8999 275.2264 13.10370854 79242
ONEWEB-0701             
1 61607U 24188P   26137.46169273 -.00000514  00000+0 -15084-2 0  9991
2 61607  87.8862  42.3798 0001135  63.3683 296.7560 13.10374363 79285
ONEWEB-0702             
1 61608U 24188Q   26137.65342358 -.00000264  00000+0 -78190-3 0  9990
2 61608  87.8932  27.0557 0000796  84.5041 275.6178 13.11417649 80483
ONEWEB-0704             
1 61609U 24188R   26137.45007360 -.00000190  00000+0 -58161-3 0  9994
2 61609  87.8873  42.3688 0000804  97.4967 262.6252 13.10368917 79268
ONEWEB-0705             
1 61610U 24188S   26137.45505199 -.00000568  00000+0 -16631-2 0  9993
2 61610  87.8864  42.3744 0001645 116.3523 243.7774 13.10374481 71439
ONEWEB-0706             
1 61611U 24188T   26137.44011674 -.00000261  00000+0 -78419-3 0  9996
2 61611  87.8853  42.3846 0001309  90.2628 269.8649 13.10369912 79356
ONEWEB-0707             
1 61612U 24188U   26137.44675436 -.00000513  00000+0 -15048-2 0  9997
2 61612  87.8861  42.3756 0001283  86.5350 273.5924 13.10371180 79298
ONEWEB-0708             
1 61613U 24188V   26137.46501940 -.00000440  00000+0 -12969-2 0  9996
2 61613  87.8856  42.3929 0002001  95.4579 264.6777 13.10375018 79275
