ONEWEB-0012             
1 44057U 19010A   26162.62940311  .00000114  00000+0  26398-3 0  9990
2 44057  87.9098 229.8890 0002055  86.4531 273.6835 13.16594564350837
ONEWEB-0010             
1 44058U 19010B   26162.65473354 -.00000015  00000+0 -71548-4 0  9992
2 44058  87.9102 229.8794 0001785 105.6893 254.4435 13.16594430350881
ONEWEB-0008             
1 44059U 19010C   26162.68006630 -.00000075  00000+0 -23086-3 0  9994
2 44059  87.9096 229.8701 0002320 100.3528 259.7865 13.16595194351003
ONEWEB-0007             
1 44060U 19010D   26162.55868913  .00000112  00000+0  26374-3 0  9995
2 44060  87.8999 260.3425 0001658  96.4239 263.7080 13.15548282350633
ONEWEB-0006             
1 44061U 19010E   26162.63869723  .00000170  00000+0  41673-3 0  9998
2 44061  87.9009 260.2902 0001821 102.7725 257.3609 13.15548787350691
ONEWEB-0011             
1 44062U 19010F   26162.68305622 -.00000126  00000+0 -36968-3 0  9991
2 44062  87.9014 260.2911 0002021 106.6241 253.5111 13.15550827350691
ONEWEB-0013             
1 45131U 20008A   26162.66847410  .00000078  00000+0  18880-3 0  9999
2 45131  87.8531  53.9386 0002478  58.1013 302.0354 13.09461274305340
ONEWEB-0017             
1 45132U 20008B   26162.65469744  .00000315  00000+0  86643-3 0  9995
2 45132  87.8837  37.3707 0001624  86.7719 273.3594 13.10369796307228
ONEWEB-0020             
1 45133U 20008C   26162.09052118 -.00025249  00000+0 -72765-1 0  9990
2 45133  87.8849  37.4818 0002539  39.3679 320.7632 13.10181111307549
ONEWEB-0021             
1 45134U 20008D   26162.63976516  .00000718  00000+0  20202-2 0  9990
2 45134  87.8837  37.3882 0001756  78.7568 281.3756 13.10373456307927
ONEWEB-0023             
1 45136U 20008F   26162.65055395  .00000471  00000+0  13136-2 0  9991
2 45136  87.8839  37.3677 0001928  79.4876 280.6468 13.10370360307354
ONEWEB-0024             
1 45137U 20008G   26162.69965294  .00000105  00000+0  26511-3 0  9990
2 45137  87.8850  37.3505 0001775  82.0616 278.0712 13.10375577307527
ONEWEB-0025             
1 45138U 20008H   26162.69937708  .00000079  00000+0  18887-3 0  9997
2 45138  87.8853  37.3400 0002172  92.8149 267.3227 13.10375600307852
ONEWEB-0026             
1 45139U 20008J   26162.58889414  .00000395  00000+0  10796-2 0  9997
2 45139  87.8889  22.1829 0001765  89.2047 270.9283 13.11419199310379
ONEWEB-0028             
1 45140U 20008K   26162.64059161 -.00000486  00000+0 -14081-2 0  9998
2 45140  87.8888  22.1812 0002068  69.1301 291.0048 13.11424495307890
ONEWEB-0032             
1 45141U 20008L   26162.65649523  .00000216  00000+0  58136-3 0  9996
2 45141  87.8835  37.3720 0002125  71.3773 288.7585 13.10369241307571
ONEWEB-0033             
1 45142U 20008M   26162.63146322  .00000474  00000+0  13221-2 0  9995
2 45142  87.8836  37.3845 0001501  95.7184 264.4115 13.10374487307482
ONEWEB-0035             
1 45143U 20008N   26162.65152787  .00000445  00000+0  12381-2 0  9994
2 45143  87.8833  37.3731 0001723  84.6278 275.5046 13.10371489307217
ONEWEB-0036             
1 45144U 20008P   26162.62499281  .00000159  00000+0  42081-3 0  9998
2 45144  87.8858  37.3888 0001989  77.5515 282.5835 13.09984944307631
ONEWEB-0038             
1 45145U 20008Q   26162.59921414  .00000577  00000+0  15924-2 0  9992
2 45145  87.8904  22.1886 0000849  16.3533 343.7622 13.11417249309592
ONEWEB-0039             
1 45146U 20008R   26162.63478543  .00000207  00000+0  55672-3 0  9993
2 45146  87.8831  37.3740 0001975  67.3734 292.7602 13.10372608307439
ONEWEB-0040             
1 45147U 20008S   26162.62814171  .00000365  00000+0  10098-2 0  9991
2 45147  87.8839  37.3863 0001730  78.0402 282.0919 13.10375392307137
ONEWEB-0043             
1 45149U 20008U   26162.62980565  .00000390  00000+0  10817-2 0  9991
2 45149  87.8844  37.3732 0002147  67.7407 292.3948 13.10375388307459
ONEWEB-0044             
1 45150U 20008V   26162.65801617  .00000125  00000+0  32284-3 0  9995
2 45150  87.8843  37.3677 0001825  76.0262 284.1068 13.10369204307757
ONEWEB-0045             
1 45151U 20008W   26162.67028657  .00000578  00000+0  15949-2 0  9993
2 45151  87.8899  22.1574 0001808  80.5308 279.6024 13.11418877309686
ONEWEB-0047             
1 45152U 20008X   26162.65124684  .00000496  00000+0  13839-2 0  9994
2 45152  87.8841  37.3687 0001595  82.8761 277.2548 13.10371001307474
ONEWEB-0048             
1 45153U 20008Y   26162.64640493  .00000614  00000+0  17223-2 0  9998
2 45153  87.8836  37.3912 0001736  82.2360 277.8964 13.10371613307080
ONEWEB-0049             
1 45154U 20008Z   26162.64959051  .00000522  00000+0  14605-2 0  9991
2 45154  87.8837  37.3799 0002226  83.4424 276.6957 13.10370452307308
ONEWEB-0051             
1 45155U 20008AA  26162.66859976  .00000511  00000+0  14051-2 0  9992
2 45155  87.8891  22.1657 0001830  83.8382 276.2954 13.11418557310364
ONEWEB-0052             
1 45156U 20008AB  26162.66976596 -.00000490  00000+0 -14414-2 0  9992
2 45156  87.8838  37.3616 0002252  82.5747 277.5636 13.10370416307210
ONEWEB-0053             
1 45157U 20008AC  26162.70284061  .00000231  00000+0  62439-3 0  9999
2 45157  87.8839  37.3770 0002198  72.7490 287.3877 13.10375043307192
ONEWEB-0054             
1 45158U 20008AD  26162.66133207 -.00000009  00000+0 -63319-4 0  9994
2 45158  87.8844  37.3674 0001866  83.2659 276.8681 13.10369172307302
ONEWEB-0056             
1 45159U 20008AE  26162.63301076  .00000496  00000+0  13852-2 0  9996
2 45159  87.8844  37.3670 0001952  89.6069 270.5282 13.10375925307457
ONEWEB-0057             
1 45160U 20008AF  26162.64986192  .00000512  00000+0  14318-2 0  9994
2 45160  87.8839  37.3758 0002207  72.9336 287.2033 13.10369879307625
ONEWEB-0058             
1 45161U 20008AG  26162.63658726  .00000721  00000+0  20281-2 0  9991
2 45161  87.8834  37.3850 0001590  78.6970 281.4336 13.10372473307698
ONEWEB-0059             
1 45162U 20008AH  26162.63326720  .00000515  00000+0  14384-2 0  9996
2 45162  87.8833  37.3846 0001708  75.8963 284.2354 13.10374213307599
ONEWEB-0062             
1 45163U 20008AJ  26162.65622154  .00000242  00000+0  65844-3 0  9994
2 45163  87.8842  37.3668 0001414  89.8221 270.3068 13.10369499307462
ONEWEB-0065             
1 45164U 20008AK  26162.68940800 -.00000404  00000+0 -11935-2 0  9992
2 45164  87.8846  37.3683 0002158  81.1668 278.9704 13.10374972307160
ONEWEB-0066             
1 45424U 20020A   26162.65331618 -.00000298  00000+0 -87802-3 0  9991
2 45424  87.8893  22.1730 0001730  79.4481 280.6842 13.11418848301950
ONEWEB-0067             
1 45425U 20020B   26162.61494425  .00000174  00000+0  45634-3 0  9992
2 45425  87.8909  22.1012 0001971  82.1815 277.9537 13.11421982302001
ONEWEB-0080             
1 45426U 20020C   26162.69076892  .00000194  00000+0  51151-3 0  9998
2 45426  87.8900  22.1611 0001530  90.8260 269.3044 13.11415112301981
ONEWEB-0090             
1 45427U 20020D   26162.64327913 -.00000500  00000+0 -14465-2 0  9996
2 45427  87.8902  22.1752 0001768  86.4043 273.7287 13.11417215301943
ONEWEB-0061             
1 45428U 20020E   26162.67523255  .00000634  00000+0  17525-2 0  9993
2 45428  87.8900  22.1538 0001742  84.8073 275.3253 13.11418187301907
ONEWEB-0081             
1 45429U 20020F   26162.65671013  .00000040  00000+0  77902-4 0  9996
2 45429  87.8896  22.1679 0001861  78.3719 281.7618 13.11420577302010
ONEWEB-0069             
1 45430U 20020G   26162.65854032 -.00000156  00000+0 -47464-3 0  9991
2 45430  87.8899  22.1703 0001823  81.9883 278.1452 13.11418758301948
ONEWEB-0031             
1 45431U 20020H   26162.61772243  .00000054  00000+0  11700-3 0  9990
2 45431  87.8886  22.1839 0001667  88.9070 271.2249 13.11415589301921
ONEWEB-0027             
1 45432U 20020J   26162.63988546  .00022078  00000+0  57880-1 0  9995
2 45432  87.9195   6.9675 0001913  98.6169 261.5178 13.16239529305622
ONEWEB-0064             
1 45433U 20020K   26162.69232403  .00000124  00000+0  31486-3 0  9990
2 45433  87.8891  22.1605 0001754  90.2112 269.9217 13.11414040301964
ONEWEB-0018             
1 45434U 20020L   26162.64814795 -.00000266  00000+0 -78635-3 0  9992
2 45434  87.8893  22.1690 0001707  76.4762 283.6556 13.11459394301900
ONEWEB-0083             
1 45435U 20020M   26162.63820340 -.00000504  00000+0 -14572-2 0  9999
2 45435  87.8898  22.1641 0001731  84.9781 275.1544 13.11417205301946
ONEWEB-0095             
1 45436U 20020N   26162.62974549 -.00000455  00000+0 -13189-2 0  9998
2 45436  87.8898  22.1742 0002384  96.2206 263.9193 13.11420104301949
ONEWEB-0092             
1 45437U 20020P   26162.58397779 -.00000413  00000+0 -11916-2 0  9998
2 45437  87.8898  22.1753 0002181  85.4128 274.7250 13.11952187302058
ONEWEB-0085             
1 45438U 20020Q   26162.63792223 -.00000649  00000+0 -18668-2 0  9990
2 45438  87.8892  22.1714 0001808  85.0305 275.1029 13.11417622301944
ONEWEB-0096             
1 45439U 20020R   26162.63977502 -.00000505  00000+0 -14610-2 0  9990
2 45439  87.8902  22.1667 0001851  87.3241 272.8099 13.11422910301932
ONEWEB-0037             
1 45440U 20020S   26162.67515071  .00000510  00000+0  13917-2 0  9998
2 45440  87.8910  22.1333 0001890  85.2746 274.8598 13.11912628301973
ONEWEB-0042             
1 45441U 20020T   26162.62944623 -.00000394  00000+0 -11471-2 0  9998
2 45441  87.8899  22.1648 0001852  81.8200 278.3138 13.11414578301930
ONEWEB-0098             
1 45442U 20020U   26162.62534976 -.00000244  00000+0 -72443-3 0  9996
2 45442  87.8895  22.1751 0001730  85.8847 274.2478 13.11415541301919
ONEWEB-0055             
1 45443U 20020V   26162.68033889  .00000643  00000+0  17794-2 0  9998
2 45443  87.8897  22.1629 0001747  86.4431 273.6897 13.11415937301894
ONEWEB-0093             
1 45444U 20020W   26162.66024442 -.00001166  00000+0 -33261-2 0  9992
2 45444  87.8844  22.1649 0002721  63.2659 296.8747 13.11423491301959
ONEWEB-0029             
1 45445U 20020X   26162.68737747  .00000343  00000+0  93227-3 0  9997
2 45445  87.8887  22.1640 0001777  76.0634 284.0692 13.11418242301937
ONEWEB-0068             
1 45446U 20020Y   26162.65997479  .00000197  00000+0  52067-3 0  9999
2 45446  87.8902  22.1637 0001781  77.7444 282.3883 13.11419703301873
ONEWEB-0046             
1 45447U 20020Z   26162.65161987 -.00000390  00000+0 -11371-2 0  9996
2 45447  87.8893  22.1718 0002033  79.2892 280.8464 13.11418801301885
ONEWEB-0063             
1 45448U 20020AA  26162.68059529  .00000497  00000+0  13675-2 0  9993
2 45448  87.8900  22.1642 0002118  86.9398 273.1973 13.11417847301970
ONEWEB-0019             
1 45449U 20020AB  26162.64300780 -.00000422  00000+0 -12273-2 0  9991
2 45449  87.8894  22.1588 0001691  88.1562 271.9760 13.11419020301812
ONEWEB-0094             
1 45450U 20020AC  26162.58364962 -.00000111  00000+0 -31851-3 0  9997
2 45450  87.9145   6.9632 0001652  83.7647 276.3672 13.17648281305573
ONEWEB-0087             
1 45451U 20020AD  26162.61419421  .00000247  00000+0  66134-3 0  9993
2 45451  87.8908  22.1511 0001737  75.0612 285.0708 13.11415486301853
ONEWEB-0082             
1 45452U 20020AE  26162.68711359  .00000352  00000+0  95686-3 0  9997
2 45452  87.8899  22.1535 0001972  70.6422 289.4919 13.11415989301951
ONEWEB-0050             
1 45453U 20020AF  26162.63676484  .00001848  00000+0  18785-3 0  9998
2 45453  88.9298 233.9636 0003948  40.7028 319.4495 14.90358715339557
ONEWEB-0034             
1 45454U 20020AG  26162.64838839  .00008485  00000+0  23895-1 0  9994
2 45454  87.8900  22.1711 0001625  72.8686 287.2620 13.11381692301861
ONEWEB-0060             
1 45455U 20020AH  26162.67960883  .00000574  00000+0  15850-2 0  9997
2 45455  87.8892  22.1628 0001541  50.1796 309.9467 13.11416972301824
ONEWEB-0086             
1 45456U 20020AJ  26162.65827301  .00000118  00000+0  29852-3 0  9995
2 45456  87.8901  22.1623 0001099  71.7032 288.4216 13.11417306301882
ONEWEB-0088             
1 45457U 20020AK  26162.63636550 -.00000527  00000+0 -15230-2 0  9998
2 45457  87.8910  22.1387 0002210  81.4942 278.6437 13.11417721301814
ONEWEB-0102             
1 47258U 20100A   26162.56864181 -.00000038  00000+0 -14202-3 0  9999
2 47258  87.8939 351.7933 0001541  94.5312 265.5993 13.12445694263995
ONEWEB-0109             
1 47259U 20100B   26162.57711959  .00000222  00000+0  58246-3 0  9994
2 47259  87.8947 351.7745 0001771  94.6327 265.5004 13.12445199263823
ONEWEB-0110             
1 47260U 20100C   26162.52798925  .00000200  00000+0  52061-3 0  9994
2 47260  87.8948 351.7684 0001540  85.8196 274.3108 13.12442760263989
ONEWEB-0111             
1 47261U 20100D   26162.55846955 -.00000295  00000+0 -85543-3 0  9992
2 47261  87.8948 351.7811 0001801  86.5501 273.5833 13.12442245263827
ONEWEB-0114             
1 47262U 20100E   26162.51274334  .00000460  00000+0  12433-2 0  9994
2 47262  87.8949 351.7876 0001968  96.1028 264.0325 13.12444254263772
ONEWEB-0117             
1 47263U 20100F   26162.58051306  .00000318  00000+0  84901-3 0  9996
2 47263  87.8946 351.7653 0001772  89.6354 270.4978 13.12443844263796
ONEWEB-0118             
1 47264U 20100G   26162.53815117 -.00000132  00000+0 -40308-3 0  9999
2 47264  87.8947 351.7761 0002111  92.9027 267.2343 13.12441714263985
ONEWEB-0119             
1 47265U 20100H   26162.56356670 -.00000216  00000+0 -63535-3 0  9997
2 47265  87.8937 351.7885 0001819  89.9719 270.1618 13.12444117263966
ONEWEB-0120             
1 47266U 20100J   26162.51119433  .00000506  00000+0  13702-2 0  9997
2 47266  87.8938 351.8001 0001797  95.8535 264.2798 13.12444424263982
ONEWEB-0121             
1 47267U 20100K   26162.57542750  .00000170  00000+0  43814-3 0  9991
2 47267  87.8948 351.7728 0001791  79.3647 280.7683 13.12444673263908
ONEWEB-0122             
1 47268U 20100L   26162.56950373 -.00000024  00000+0 -10128-3 0  9997
2 47268  87.8950 351.7783 0001695  93.6520 266.4802 13.12444137263814
ONEWEB-0123             
1 47269U 20100M   26162.56526007 -.00000119  00000+0 -36561-3 0  9995
2 47269  87.8937 351.7871 0001920  90.2980 269.8368 13.12445154263951
ONEWEB-0124             
1 47270U 20100N   26162.55509227 -.00000353  00000+0 -10160-2 0  9997
2 47270  87.8936 351.7924 0001815  86.1607 273.9729 13.12444260263835
ONEWEB-0125             
1 47271U 20100P   26162.53306745  .00000064  00000+0  14298-3 0  9990
2 47271  87.8948 351.7791 0002011  82.5873 277.5484 13.12443394263896
ONEWEB-0126             
1 47272U 20100Q   26162.55354213 -.00000397  00000+0 -11382-2 0  9997
2 47272  87.8940 351.7912 0001844  93.6421 266.4919 13.12442841263963
ONEWEB-0127             
1 47273U 20100R   26162.59575637  .00000449  00000+0  12122-2 0  9996
2 47273  87.8936 351.7819 0001777  94.0711 266.0621 13.12443260263992
ONEWEB-0128             
1 47274U 20100S   26162.54153485 -.00000217  00000+0 -63759-3 0  9993
2 47274  87.8935 351.8064 0001524  84.6489 275.4814 13.12442229264007
ONEWEB-0129             
1 47275U 20100T   26162.52121644  .00000439  00000+0  11845-2 0  9996
2 47275  87.8947 351.7838 0002164 121.2681 238.8660 13.12442717263937
ONEWEB-0130             
1 47276U 20100U   26162.54831778 -.00000367  00000+0 -10560-2 0  9990
2 47276  87.8947 351.7734 0001727  91.9408 268.1918 13.12443044263900
ONEWEB-0131             
1 47277U 20100V   26162.54492167 -.00000286  00000+0 -82946-3 0  9994
2 47277  87.8937 351.7930 0001754  89.8690 270.2640 13.12443281263940
ONEWEB-0132             
1 47278U 20100W   26162.57373588  .00000128  00000+0  31959-3 0  9994
2 47278  87.8939 351.7892 0001739  88.4559 271.6769 13.12445066263841
ONEWEB-0133             
1 47279U 20100X   26162.51429720  .00000478  00000+0  12924-2 0  9997
2 47279  87.8951 351.7764 0001653  87.0152 273.1166 13.12444561263996
ONEWEB-0134             
1 47280U 20100Y   26162.56016810 -.00000423  00000+0 -12108-2 0  9992
2 47280  87.8950 351.7643 0001601  95.4912 264.6399 13.12444037263972
ONEWEB-0135             
1 47281U 20100Z   26162.53137471  .00000093  00000+0  22268-3 0  9997
2 47281  87.8937 351.7936 0001482  92.2391 267.8907 13.12443043263994
ONEWEB-0136             
1 47282U 20100AA  26162.55000516 -.00000384  00000+0 -11027-2 0  9994
2 47282  87.8945 351.7704 0001548  96.8513 263.2791 13.12443517263926
ONEWEB-0137             
1 47283U 20100AB  26162.58389479  .00000463  00000+0  12503-2 0  9992
2 47283  87.8950 351.7739 0001951  88.9843 271.1509 13.12445446263835
ONEWEB-0138             
1 47284U 20100AC  26162.48563409 -.00000244  00000+0 -71377-3 0  9993
2 47284  87.8949 351.7991 0001672  96.0022 264.1298 13.12444295263909
ONEWEB-0139             
1 47285U 20100AD  26162.52643223  .00000302  00000+0  80416-3 0  9999
2 47285  87.8946 351.7773 0001783  91.0460 269.0872 13.12443609263987
ONEWEB-0140             
1 47286U 20100AE  26162.55678462 -.00000354  00000+0 -10203-2 0  9991
2 47286  87.8948 351.7622 0001690  85.5296 274.6025 13.12443949263951
ONEWEB-0141             
1 47287U 20100AF  26162.52615701  .00000272  00000+0  72014-3 0  9992
2 47287  87.8948 351.7732 0002112  90.5005 269.6365 13.12443459263933
ONEWEB-0142             
1 47288U 20100AG  26162.59083265  .00000485  00000+0  13124-2 0  9996
2 47288  87.8942 351.7822 0002076  99.0345 261.1018 13.12443196263938
ONEWEB-0143             
1 47289U 20100AH  26162.52460211  .00000359  00000+0  96328-3 0  9998
2 47289  87.8947 351.7938 0001830  89.4893 270.6445 13.12443381263902
ONEWEB-0144             
1 47290U 20100AJ  26162.57205083  .00000033  00000+0  57100-4 0  9994
2 47290  87.8952 351.7583 0001747 101.4703 258.6622 13.12445113263838
ONEWEB-0145             
1 47291U 20100AK  26162.54323257 -.00000223  00000+0 -65521-3 0  9994
2 47291  87.8940 351.7920 0001806  92.4250 267.7086 13.12443348264028
ONEWEB-0146             
1 47292U 20100AL  26162.53984855 -.00000158  00000+0 -47435-3 0  9992
2 47292  87.8947 351.7842 0001762  78.5463 281.5863 13.12442739263930
ONEWEB-0147             
1 47293U 20100AM  26162.58220179  .00000332  00000+0  88873-3 0  9993
2 47293  87.8949 351.7576 0001644  89.6494 270.4822 13.12444847263836
ONEWEB-0115             
1 48042U 21025A   26162.69093035 -.00000212  00000+0 -61464-3 0  9990
2 48042  87.8955 321.3174 0001784  93.5344 266.5989 13.13469584252874
ONEWEB-0152             
1 48043U 21025B   26162.70446965 -.00000228  00000+0 -66053-3 0  9993
2 48043  87.8956 321.3117 0001742  91.5673 268.5656 13.13470359252831
ONEWEB-0153             
1 48044U 21025C   26162.68246315 -.00000017  00000+0 -82606-4 0  9997
2 48044  87.8950 321.3192 0001854  97.6888 262.4452 13.13469778252827
ONEWEB-0154             
1 48045U 21025D   26162.45054500  .00000045  00000+0  87870-4 0  9993
2 48045  87.8951 321.3628 0001706  95.5466 264.5857 13.13469075252752
ONEWEB-0116             
1 48046U 21025E   26162.48946949  .00000130  00000+0  32216-3 0  9992
2 48046  87.8957 321.3516 0001744  91.9694 268.1635 13.13469155252900
ONEWEB-0150             
1 48047U 21025F   26162.69431267 -.00000248  00000+0 -71299-3 0  9994
2 48047  87.8956 321.3079 0002020  94.2178 265.9182 13.13469915252822
ONEWEB-0107             
1 48048U 21025G   26162.69600560 -.00000240  00000+0 -69148-3 0  9991
2 48048  87.8960 321.3038 0001944 102.6895 257.4451 13.13469863252802
ONEWEB-0101             
1 48049U 21025H   26162.43023404  .00000392  00000+0  10379-2 0  9997
2 48049  87.8947 321.3729 0001720  99.7643 260.3680 13.13470550252749
ONEWEB-0113             
1 48050U 21025J   26162.68489720 -.00000095  00000+0 -29360-3 0  9996
2 48050  87.8953 321.2328 0001844  92.8986 267.2354 13.13894200252884
ONEWEB-0112             
1 48051U 21025K   26162.70108373 -.00000214  00000+0 -62199-3 0  9992
2 48051  87.8957 321.3010 0001719 102.8628 257.2693 13.13470574252872
ONEWEB-0156             
1 48052U 21025L   26162.48101381 -.00000109  00000+0 -33254-3 0  9993
2 48052  87.8957 321.3546 0001929  98.0278 262.1070 13.13470415252820
ONEWEB-0161             
1 48053U 21025M   26162.68415508 -.00000081  00000+0 -25605-3 0  9995
2 48053  87.8957 321.3154 0001934  99.5768 260.5580 13.13470153252784
ONEWEB-0158             
1 48054U 21025N   26162.49118286  .00000161  00000+0  40553-3 0  9994
2 48054  87.8957 321.3512 0001602  92.1600 267.9712 13.13472305252889
ONEWEB-0157             
1 48055U 21025P   26162.66893015  .00000298  00000+0  78130-3 0  9997
2 48055  87.8955 321.3216 0001964 106.6268 253.5077 13.13469219252842
ONEWEB-0162             
1 48056U 21025Q   26162.49273117  .00000223  00000+0  57605-3 0  9996
2 48056  87.8952 321.3576 0001982  94.0955 266.0400 13.13470409252798
ONEWEB-0155             
1 48057U 21025R   26162.42345985  .00000561  00000+0  15025-2 0  9997
2 48057  87.8941 321.3672 0001784 102.0134 258.1195 13.13469871252922
ONEWEB-0149             
1 48058U 21025S   26162.67400536  .00000193  00000+0  49252-3 0  9990
2 48058  87.8957 321.3209 0002022  93.9414 266.1946 13.13469238252763
ONEWEB-0148             
1 48059U 21025T   26162.48440124 -.00000011  00000+0 -63845-4 0  9993
2 48059  87.8950 321.3661 0002410  95.4829 264.6575 13.13470631252868
ONEWEB-0160             
1 48060U 21025U   26162.50133088  .00000383  00000+0  10139-2 0  9992
2 48060  87.8949 321.3588 0001573  71.4253 288.7047 13.13471200252819
ONEWEB-0163             
1 48061U 21025V   26162.40991145 -.00000020  00000+0 -88405-4 0  9991
2 48061  87.8955 321.3709 0001904 104.2051 255.9289 13.13471805252928
ONEWEB-0159             
1 48062U 21025W   26162.70615803 -.00000212  00000+0 -61669-3 0  9994
2 48062  87.8960 321.3055 0001850 103.5756 256.5579 13.13470943252889
ONEWEB-0164             
1 48063U 21025X   26162.68753605 -.00000139  00000+0 -41430-3 0  9997
2 48063  87.8960 321.3152 0001754  93.9404 266.1926 13.13469731252867
ONEWEB-0167             
1 48064U 21025Y   26162.48692322 -.00000065  00000+0 -21231-3 0  9999
2 48064  87.8947 321.3658 0001524 116.6368 243.4917 13.13471763252823
ONEWEB-0166             
1 48065U 21025Z   26162.43360751  .00000327  00000+0  86100-3 0  9998
2 48065  87.8960 321.3473 0002006  96.8492 263.2865 13.13471639252898
ONEWEB-0151             
1 48066U 21025AA  26162.43530522  .00000380  00000+0  10048-2 0  9990
2 48066  87.8948 321.3642 0001692  97.7696 262.3625 13.13469952252832
ONEWEB-0170             
1 48067U 21025AB  26162.67230409  .00000243  00000+0  63171-3 0  9992
2 48067  87.8950 321.3189 0001368  89.9990 270.1296 13.13469378252824
ONEWEB-0168             
1 48068U 21025AC  26162.50471478  .00000320  00000+0  84256-3 0  9991
2 48068  87.8957 321.3518 0001928 100.1789 259.9557 13.13470049252813
ONEWEB-0173             
1 48069U 21025AD  26162.49625100  .00000278  00000+0  72608-3 0  9993
2 48069  87.8949 321.3556 0001833 107.8475 252.2854 13.13470682253054
ONEWEB-0171             
1 48070U 21025AE  26162.68584578 -.00000112  00000+0 -34030-3 0  9995
2 48070  87.8950 321.3257 0001712  96.1273 264.0051 13.13469908252898
ONEWEB-0172             
1 48071U 21025AF  26162.66552998  .00000354  00000+0  93496-3 0  9992
2 48071  87.8955 321.3195 0001716 100.6480 259.4842 13.13470682253786
ONEWEB-0174             
1 48072U 21025AG  26162.49456530  .00000229  00000+0  59341-3 0  9991
2 48072  87.8953 321.3532 0001971  96.7394 263.3960 13.13470881253081
ONEWEB-0175             
1 48073U 21025AH  26162.67738652  .00000114  00000+0  27858-3 0  9991
2 48073  87.8959 321.3004 0001464  98.5942 261.5354 13.13469608252764
ONEWEB-0177             
1 48074U 21025AJ  26162.68922867 -.00000203  00000+0 -58993-3 0  9991
2 48074  87.8957 321.3166 0001973 100.7247 259.4105 13.13470475252956
ONEWEB-0178             
1 48075U 21025AK  26162.47944358 -.00000395  00000+0 -11166-2 0  9990
2 48075  87.8941 321.3720 0001652 103.0843 257.0470 13.13470389252973
ONEWEB-0108             
1 48076U 21025AL  26162.66722819  .00000337  00000+0  88815-3 0  9998
2 48076  87.8960 321.3124 0001927  89.5531 270.5819 13.13469566252927
ONEWEB-0169             
1 48077U 21025AM  26162.69938551 -.00000256  00000+0 -73636-3 0  9991
2 48077  87.8951 321.3143 0001945  96.3384 263.7966 13.13470084251586
ONEWEB-0176             
1 48210U 21031A   26162.62239323 -.00000111  00000+0 -33424-3 0  9992
2 48210  87.8960 290.8084 0001842 102.9790 257.1545 13.14503197247588
ONEWEB-0184             
1 48211U 21031B   26162.59543058  .00000049  00000+0  98010-4 0  9993
2 48211  87.8969 290.8141 0001314 122.0933 238.0324 13.14502584247557
ONEWEB-0179             
1 48212U 21031C   26162.40918044  .00000228  00000+0  69805-4 0  9994
2 48212  87.8985 288.3634 0218619 276.2482  81.3849 14.25519479248224
ONEWEB-0180             
1 48213U 21031D   26162.59860551 -.00000044  00000+0 -15188-3 0  9996
2 48213  87.8967 290.8097 0002064 112.8297 247.3051 13.14502917247482
ONEWEB-0218             
1 48214U 21031E   26162.62080417 -.00000141  00000+0 -41603-3 0  9995
2 48214  87.8968 290.8044 0001597 128.1769 231.9505 13.14502471247646
ONEWEB-0209             
1 48215U 21031F   26162.60969020 -.00000421  00000+0 -11705-2 0  9990
2 48215  87.8957 290.8238 0002080 104.8913 255.2447 13.14502750247644
ONEWEB-0198             
1 48216U 21031G   26162.59398844  .00000082  00000+0  18738-3 0  9994
2 48216  87.8952 290.8268 0001922 113.9150 246.2181 13.14502388247755
ONEWEB-0189             
1 48217U 21031H   26162.60653498 -.00000120  00000+0 -35816-3 0  9997
2 48217  87.8965 290.8099 0001909 110.8194 249.3140 13.14503118247493
ONEWEB-0196             
1 48218U 21031J   26162.58433735  .00000240  00000+0  61263-3 0  9991
2 48218  87.8963 290.8236 0001940 104.9896 255.1448 13.14502612247497
ONEWEB-0183             
1 48219U 21031K   26162.63508171  .00000063  00000+0  13635-3 0  9998
2 48219  87.8958 290.8116 0002090  97.5847 262.5520 13.14503265247598
ONEWEB-0185             
1 48220U 21031L   26162.58512039  .00000243  00000+0  62198-3 0  9990
2 48220  87.8967 290.8146 0002299 103.4761 256.6625 13.14502510247510
ONEWEB-0187             
1 48221U 21031M   26162.64128873  .00000171  00000+0  42590-3 0  9991
2 48221  87.8954 290.8197 0002078 105.2362 254.8997 13.14502855247531
ONEWEB-0192             
1 48222U 21031N   26162.61127625 -.00000415  00000+0 -11539-2 0  9994
2 48222  87.8954 290.8155 0001858 103.5307 256.6030 13.14502369247449
ONEWEB-0219             
1 48223U 21031P   26162.59066134  .00000114  00000+0  27198-3 0  9992
2 48223  87.8958 290.8119 0002126 104.8081 255.3285 13.14504271247640
ONEWEB-0202             
1 48224U 21031Q   26162.64777154  .00000217  00000+0  55210-3 0  9990
2 48224  87.8963 290.8128 0001664 121.1473 238.9820 13.14502792247637
ONEWEB-0204             
1 48225U 21031R   26162.60574453 -.00000124  00000+0 -36778-3 0  9991
2 48225  87.8962 290.8155 0002187  96.2818 263.8561 13.14502467247529
ONEWEB-0205             
1 48226U 21031S   26162.58115079  .00000267  00000+0  68451-3 0  9993
2 48226  87.8969 290.8135 0002042 107.4833 252.6520 13.14504840247536
ONEWEB-0206             
1 48227U 21031T   26162.63032112  .00000026  00000+0  35699-4 0  9998
2 48227  87.8963 290.8055 0001818  95.4056 264.7281 13.14503876247496
ONEWEB-0182             
1 48228U 21031U   26162.62556282 -.00000098  00000+0 -29872-3 0  9993
2 48228  87.8959 290.8143 0002096  96.6505 263.4864 13.14503048247709
ONEWEB-0186             
1 48229U 21031V   26162.63666304  .00000100  00000+0  23623-3 0  9992
2 48229  87.8968 290.8021 0001981 102.8959 257.2392 13.14502683247655
ONEWEB-0181             
1 48230U 21031W   26162.61446468 -.00000157  00000+0 -45931-3 0  9999
2 48230  87.8951 290.8371 0001938 106.4068 253.7275 13.14503256247502
ONEWEB-0188             
1 48231U 21031X   26162.65252407  .00000228  00000+0  58072-3 0  9999
2 48231  87.8952 290.8285 0001933 100.9306 259.2042 13.14504125247416
ONEWEB-0220             
1 48232U 21031Y   26162.61603419 -.00000182  00000+0 -52421-3 0  9992
2 48232  87.8968 290.8078 0002182 105.3764 254.7607 13.14502357247678
ONEWEB-0165             
1 48233U 21031Z   26162.64458689  .00000227  00000+0  57768-3 0  9990
2 48233  87.8961 290.8156 0001861 112.7275 247.4052 13.14501440247632
ONEWEB-0199             
1 48234U 21031AA  26162.62873521 -.00000009  00000+0 -58508-4 0  9999
2 48234  87.8967 290.8043 0001853  94.6877 265.4464 13.14503289247530
ONEWEB-0203             
1 48235U 21031AB  26162.61922144 -.00000145  00000+0 -42567-3 0  9993
2 48235  87.8967 290.8097 0001729 100.9420 259.1904 13.14502567247545
ONEWEB-0197             
1 48236U 21031AC  26162.59371108  .00000086  00000+0  19687-3 0  9998
2 48236  87.8958 290.8013 0002177  98.6549 261.4827 13.14503738247458
ONEWEB-0194             
1 48237U 21031AD  26162.64935296  .00000209  00000+0  53034-3 0  9990
2 48237  87.8960 290.8120 0001701  96.1745 263.9579 13.14502238247639
ONEWEB-0193             
1 48238U 21031AE  26162.58908926  .00000181  00000+0  45348-3 0  9992
2 48238  87.8962 290.8146 0001563  90.0941 270.0368 13.14502447247577
ONEWEB-0191             
1 48239U 21031AF  26162.60019361 -.00000036  00000+0 -13137-3 0  9994
2 48239  87.8968 290.8104 0002061  96.8257 263.3107 13.14502748247431
ONEWEB-0195             
1 48240U 21031AG  26162.65330639  .00000252  00000+0  64570-3 0  9990
2 48240  87.8966 290.8009 0001937 112.4112 247.7223 13.14501727247421
ONEWEB-0201             
1 48241U 21031AH  26162.33708228  .00000225  00000+0  57309-3 0  9991
2 48241  87.8957 290.8804 0002219  99.6534 260.4846 13.14504531247613
ONEWEB-0207             
1 48242U 21031AJ  26162.39324394 -.00000095  00000+0 -28951-3 0  9994
2 48242  87.8965 290.8536 0002191 100.4178 259.7199 13.14503208247532
ONEWEB-0208             
1 48243U 21031AK  26162.60336449 -.00000081  00000+0 -25265-3 0  9993
2 48243  87.8963 290.8180 0001840 111.4710 248.6616 13.14503397247574
ONEWEB-0200             
1 48244U 21031AL  26162.64300455  .00000186  00000+0  46750-3 0  9992
2 48244  87.8965 290.7968 0001943 103.1520 256.9827 13.14503000247501
ONEWEB-0217             
1 48245U 21031AM  26162.58274983  .00000247  00000+0  63232-3 0  9994
2 48245  87.8970 290.8134 0001884 111.3419 248.7912 13.14502325247442
ONEWEB-0211             
1 48767U 21045A   26162.56546716  .00000089  00000+0  20129-3 0  9994
2 48767  87.9005 260.2026 0001718 121.7548 238.3750 13.16196449243704
ONEWEB-0223             
1 48768U 21045B   26162.64108449 -.00000078  00000+0 -24038-3 0  9994
2 48768  87.9010 260.2945 0001580 108.6997 251.4304 13.15542871243670
ONEWEB-0230             
1 48769U 21045C   26162.68861811 -.00000102  00000+0 -30523-3 0  9992
2 48769  87.9001 260.2993 0002053  96.4211 263.7154 13.15548128243943
ONEWEB-0237             
1 48770U 21045D   26162.67751014 -.00000054  00000+0 -17870-3 0  9992
2 48770  87.9003 260.3033 0001708 100.7862 259.3460 13.15546766243666
ONEWEB-0235             
1 48771U 21045E   26162.65217727  .00000108  00000+0  25189-3 0  9999
2 48771  87.9010 260.2934 0001547 105.6931 254.4370 13.15548322243651
ONEWEB-0242             
1 48772U 21045F   26162.64582014 -.00000888  00000+0 -23931-2 0  9992
2 48772  87.9011 260.2914 0001796  97.0395 263.0940 13.15552361243696
ONEWEB-0241             
1 48773U 21045G   26162.55710958  .00000140  00000+0  33744-3 0  9996
2 48773  87.8997 260.3280 0001740 112.7247 247.4067 13.15549003243590
ONEWEB-0243             
1 48774U 21045H   26162.66484977 -.00000058  00000+0 -18692-3 0  9993
2 48774  87.9000 260.3187 0001508  90.2139 269.9164 13.15548390243635
ONEWEB-0222             
1 48775U 21045J   26162.57215447  .00000143  00000+0  34516-3 0  9994
2 48775  87.9008 260.3044 0001771 105.6510 254.4816 13.15548754243662
ONEWEB-0244             
1 48776U 21045K   26162.67435738 -.00000093  00000+0 -27994-3 0  9991
2 48776  87.9016 260.2783 0001834 100.7265 259.4071 13.15548277244247
ONEWEB-0247             
1 48777U 21045L   26162.67117881 -.00000137  00000+0 -39830-3 0  9999
2 48777  87.9001 260.3117 0001126  95.5000 264.6259 13.15546876243682
ONEWEB-0245             
1 48778U 21045M   26162.66642595 -.00000048  00000+0 -16131-3 0  9994
2 48778  87.9009 260.2915 0001883 105.7489 254.3849 13.15547479243659
ONEWEB-0229             
1 48779U 21045N   26162.66168032  .00000055  00000+0  11097-3 0  9996
2 48779  87.9010 260.2904 0001846  98.0397 262.0943 13.15548452243687
ONEWEB-0228             
1 48780U 21045P   26162.69507521 -.00000330  00000+0 -91191-3 0  9992
2 48780  87.9013 260.2761 0001897 101.7988 258.3356 13.15547657243601
ONEWEB-0232             
1 48781U 21045Q   26162.66959367 -.00000053  00000+0 -17567-3 0  9996
2 48781  87.9014 260.2822 0001967 102.8930 257.2420 13.15550078243924
ONEWEB-0231             
1 48782U 21045R   26162.64741600  .00000132  00000+0  31713-3 0  9999
2 48782  87.9006 260.3001 0001743 104.7450 255.3873 13.15548563243619
ONEWEB-0234             
1 48783U 21045S   26162.68530992 -.00000124  00000+0 -36460-3 0  9991
2 48783  87.9008 260.2742 0002630 114.2169 245.9236 13.15548767243751
ONEWEB-0238             
1 48784U 21045T   26162.68557135 -.00000406  00000+0 -11126-2 0  9994
2 48784  87.9014 260.2686 0002287 109.0854 251.0524 13.15548553243657
ONEWEB-0240             
1 48785U 21045U   26162.55471622  .00000107  00000+0  24907-3 0  9995
2 48785  87.9012 260.3046 0001789 109.8163 250.3160 13.15547738243667
ONEWEB-0246             
1 48786U 21045V   26162.54918214  .00000059  00000+0  12359-3 0  9992
2 48786  87.9011 260.3103 0001868  98.3438 261.7904 13.15549056243539
ONEWEB-0210             
1 48787U 21045W   26162.67592944 -.00000162  00000+0 -46374-3 0  9996
2 48787  87.9015 260.2820 0001201  81.4316 278.6950 13.15550352243593
ONEWEB-0214             
1 48788U 21045X   26162.68465253 -.00000127  00000+0 -37143-3 0  9995
2 48788  87.9011 260.2770 0001897  89.8372 270.2975 13.15548753243563
ONEWEB-0221             
1 48789U 21045Y   26162.69178591 -.00000113  00000+0 -33470-3 0  9997
2 48789  87.9010 260.2844 0001782 103.5105 256.6224 13.15547850243658
ONEWEB-0213             
1 48790U 21045Z   26162.68067844 -.00000146  00000+0 -42275-3 0  9995
2 48790  87.9011 260.2900 0001659 100.6167 259.5151 13.15546865243716
ONEWEB-0212             
1 48791U 21045AA  26162.65771878  .00000153  00000+0  37301-3 0  9992
2 48791  87.9010 260.2887 0001997 101.6417 258.4938 13.15550585243708
ONEWEB-0227             
1 48792U 21045AB  26162.65693080  .00000043  00000+0  79919-4 0  9991
2 48792  87.9008 260.2897 0001877 102.7886 257.3454 13.15548769243652
ONEWEB-0226             
1 48793U 21045AC  26162.65058243  .00000106  00000+0  24816-3 0  9993
2 48793  87.9006 260.2959 0001685  97.7944 262.3377 13.15550154243623
ONEWEB-0224             
1 48794U 21045AD  26162.69018485 -.00000114  00000+0 -33564-3 0  9993
2 48794  87.9000 260.3223 0002183 125.0798 235.0537 13.15546656243558
ONEWEB-0233             
1 48795U 21045AE  26162.69481595 -.00000105  00000+0 -31379-3 0  9992
2 48795  87.8999 260.3289 0001715 106.9969 253.1349 13.15547975243574
ONEWEB-0190             
1 48796U 21045AF  26162.68226087 -.00000121  00000+0 -35574-3 0  9994
2 48796  87.9003 260.2932 0001286 105.5358 254.5914 13.15546929243645
ONEWEB-0236             
1 48797U 21045AG  26162.54759635  .00000035  00000+0  58485-4 0  9999
2 48797  87.8998 260.3300 0002102 102.6557 257.4809 13.15547978243511
ONEWEB-0248             
1 48798U 21045AH  26162.56026183  .00000096  00000+0  22217-3 0  9997
2 48798  87.9009 260.3104 0001640 113.3257 246.8046 13.15547465243673
ONEWEB-0225             
1 48799U 21045AJ  26162.65851713  .00000049  00000+0  96491-4 0  9997
2 48799  87.9007 260.2991 0001371 105.1583 254.9699 13.15548636243694
ONEWEB-0215             
1 48800U 21045AK  26162.62838562 -.00000210  00000+0 -59312-3 0  9996
2 48800  87.9010 260.2873 0001337 113.8106 246.3165 13.15547704243563
ONEWEB-0216             
1 48801U 21045AL  26162.63791933  .00000116  00000+0  27315-3 0  9999
2 48801  87.9008 260.3005 0001973  98.6759 261.4595 13.15548610243572
ONEWEB-0239             
1 48802U 21045AM  26162.64266856  .00000041  00000+0  76019-4 0  9995
2 48802  87.8998 260.3064 0001456 123.6987 236.4283 13.15547641243617
ONEWEB-0249             
1 48967U 21060A   26162.65711141 -.00000011  00000+0 -61258-4 0  9995
2 48967  87.9101 229.8761 0002019 101.7463 258.3894 13.16595420238885
ONEWEB-0250             
1 48968U 21060B   26162.64745366 -.00000050  00000+0 -14395-3 0  9993
2 48968  87.9101 227.6523 0002677 118.8101 241.3304 13.25833047239481
ONEWEB-0252             
1 48970U 21060D   26162.68798288 -.00000037  00000+0 -13122-3 0  9993
2 48970  87.9098 229.8622 0001946  92.3217 267.8137 13.16593688238935
ONEWEB-0253             
1 48971U 21060E   26162.67689998 -.00000080  00000+0 -24256-3 0  9998
2 48971  87.9100 229.8701 0002053 102.1059 258.0302 13.16593216238867
ONEWEB-0254             
1 48972U 21060F   26162.68640348 -.00000057  00000+0 -18218-3 0  9991
2 48972  87.9102 229.8655 0001840 105.9826 254.1508 13.16594021238864
ONEWEB-0255             
1 48973U 21060G   26162.64840612  .00000060  00000+0  12318-3 0  9991
2 48973  87.9099 229.8797 0001875 101.2148 258.9193 13.16594286238934
ONEWEB-0256             
1 48974U 21060H   26162.67451782 -.00000045  00000+0 -15220-3 0  9991
2 48974  87.9094 229.8791 0002131  95.5280 264.6094 13.16593011238908
ONEWEB-0257             
1 48975U 21060J   26162.55498718  .00000084  00000+0  18602-3 0  9997
2 48975  87.9099 229.8896 0001893  97.4293 262.7053 13.16594393238840
ONEWEB-0258             
1 48976U 21060K   26162.55657288  .00000087  00000+0  19514-3 0  9993
2 48976  87.9100 229.9011 0002037 100.2936 259.8425 13.16594186238853
ONEWEB-0259             
1 48977U 21060L   26162.62624021  .00000065  00000+0  13592-3 0  9997
2 48977  87.9098 229.8866 0001996 103.7518 256.3835 13.16594249238895
ONEWEB-0260             
1 48978U 21060M   26162.69352058 -.00000015  00000+0 -73233-4 0  9999
2 48978  87.9092 229.8752 0002059  87.4613 272.6754 13.16593677238883
ONEWEB-0261             
1 48979U 21060N   26162.66342817 -.00000089  00000+0 -26641-3 0  9990
2 48979  87.9098 229.8807 0001692  97.5794 262.5529 13.16596023238937
ONEWEB-0262             
1 48980U 21060P   26162.71965102  .00000049  00000+0  94098-4 0  9992
2 48980  87.9098 229.8555 0001995 106.5920 253.5430 13.16594646238904
ONEWEB-0263             
1 48981U 21060Q   26162.67531792 -.00000049  00000+0 -16208-3 0  9990
2 48981  87.9098 229.8760 0001709 101.6937 258.4385 13.16594326238863
ONEWEB-0264             
1 48982U 21060R   26162.63653374  .00000109  00000+0  25140-3 0  9998
2 48982  87.9099 229.8868 0001873  93.7212 266.4133 13.16594586238861
ONEWEB-0266             
1 48984U 21060T   26162.65790263 -.00000041  00000+0 -14088-3 0  9997
2 48984  87.9103 229.8729 0002123  99.4112 260.7259 13.16593929238851
ONEWEB-0267             
1 48985U 21060U   26162.66898698 -.00000071  00000+0 -22044-3 0  9994
2 48985  87.9101 229.8671 0001825  97.5623 262.5715 13.16594539238866
ONEWEB-0268             
1 48986U 21060V   26162.56131539 -.00000029  00000+0 -10886-3 0  9992
2 48986  87.9102 229.8984 0002044  94.9575 265.1790 13.16594853239116
ONEWEB-0269             
1 48987U 21060W   26162.69431847 -.00000045  00000+0 -15138-3 0  9995
2 48987  87.9090 229.8750 0002195  94.8703 265.2679 13.16593868238901
ONEWEB-0270             
1 48988U 21060X   26162.55974243  .00000066  00000+0  13989-3 0  9996
2 48988  87.9102 229.9005 0001762 106.5460 253.5865 13.16594114238924
ONEWEB-0271             
1 48989U 21060Y   26162.62307244  .00000027  00000+0  36116-4 0  9991
2 48989  87.9099 229.8780 0001773  99.9359 260.1973 13.16593935238938
ONEWEB-0272             
1 48990U 21060Z   26162.64522172  .00000092  00000+0  20816-3 0  9995
2 48990  87.9101 229.8854 0001884  89.9310 270.2036 13.16593382238887
ONEWEB-0273             
1 48991U 21060AA  26162.66740329 -.00000076  00000+0 -23161-3 0  9994
2 48991  87.9103 229.8799 0001920 100.6423 259.4924 13.16594764238863
ONEWEB-0274             
1 48992U 21060AB  26162.69272752 -.00000039  00000+0 -13653-3 0  9992
2 48992  87.9088 229.8780 0002006  89.5181 270.6180 13.16593215238902
ONEWEB-0275             
1 48993U 21060AC  26162.68165564 -.00000062  00000+0 -19580-3 0  9995
2 48993  87.9100 229.8688 0001970  96.1367 263.9988 13.16593805238832
ONEWEB-0276             
1 48994U 21060AD  26162.56290492  .00000017  00000+0  99425-5 0  9998
2 48994  87.9099 229.8919 0001990  93.5128 266.6231 13.16594323238832
ONEWEB-0277             
1 48995U 21060AE  26162.65157478  .00000029  00000+0  42835-4 0  9990
2 48995  87.9094 229.8833 0001875 100.7119 259.4223 13.16593653238832
ONEWEB-0278             
1 48996U 21060AF  26162.56605315  .00000039  00000+0  67454-4 0  9994
2 48996  87.9101 229.8902 0002249 101.6583 258.4801 13.16596940238956
ONEWEB-0279             
1 48997U 21060AG  26162.64998814  .00000033  00000+0  52245-4 0  9999
2 48997  87.9101 229.8717 0001785  95.5524 264.5810 13.16594482238891
ONEWEB-0280             
1 48998U 21060AH  26162.66501896 -.00000041  00000+0 -14164-3 0  9990
2 48998  87.9100 229.8730 0002045 108.1285 252.0068 13.16593261238836
ONEWEB-0281             
1 48999U 21060AJ  26162.67057134 -.00000068  00000+0 -21231-3 0  9995
2 48999  87.9101 229.8670 0002111  98.9745 261.1625 13.16594698238905
ONEWEB-0282             
1 49000U 21060AK  26162.62463267  .00000076  00000+0  16581-3 0  9991
2 49000  87.9098 229.8847 0001928 101.7790 258.3557 13.16596251238873
ONEWEB-0283             
1 49001U 21060AL  26162.68956502 -.00000105  00000+0 -30940-3 0  9997
2 49001  87.9098 229.8713 0001895  97.0784 263.0563 13.16593818238897
ONEWEB-0284             
1 49002U 21060AM  26162.68323775 -.00000077  00000+0 -23385-3 0  9991
2 49002  87.9099 229.8658 0002195 106.7546 253.3826 13.16593971238877
ONEWEB-0285             
1 49075U 21075A   26162.57119031  .00000035  00000+0  62537-4 0  9998
2 49075  87.8946 351.7790 0001769  90.8166 269.3165 13.12444844234471
ONEWEB-0286             
1 49076U 21075B   26162.55325882 -.00000362  00000+0 -10405-2 0  9990
2 49076  87.8940 351.8003 0002009  87.0571 273.0788 13.12442953233820
ONEWEB-0287             
1 49077U 21075C   26162.62331110  .00000087  00000+0  19062-3 0  9991
2 49077  87.9134   6.9729 0002282  87.3692 272.7701 13.17649203232899
ONEWEB-0288             
1 49078U 21075D   26162.52968544  .00000183  00000+0  47456-3 0  9993
2 49078  87.8946 351.7805 0002007  92.5899 267.5459 13.12441972234441
ONEWEB-0289             
1 49079U 21075E   26162.58605084  .00000050  00000+0  95462-4 0  9991
2 49079  87.9140   6.9967 0001760  99.5745 260.5585 13.17649705233462
ONEWEB-0290             
1 49080U 21075F   26162.63512895  .00000056  00000+0  11008-3 0  9995
2 49080  87.9144   6.9588 0001692 104.1808 255.9511 13.17648453232885
ONEWEB-0291             
1 49081U 21075G   26162.61994110  .00000056  00000+0  11188-3 0  9997
2 49081  87.9139   6.9699 0002151  94.7198 265.4179 13.17648222232879
ONEWEB-0293             
1 49082U 21075H   26162.56930676  .00000054  00000+0  10562-3 0  9992
2 49082  87.9136   6.9830 0001836  92.0681 268.0661 13.17648151232899
ONEWEB-0294             
1 49083U 21075J   26162.53646090 -.00000043  00000+0 -15601-3 0  9993
2 49083  87.8946 351.7828 0001734 100.5843 259.5481 13.12442583233834
ONEWEB-0295             
1 49084U 21075K   26162.56846657  .00000091  00000+0  20048-3 0  9990
2 49084  87.9135   6.9873 0002144  90.8712 269.2665 13.17648308232858
ONEWEB-0296             
1 49085U 21075L   26162.51613374  .00000499  00000+0  13506-2 0  9996
2 49085  87.8951 351.7941 0002111  95.1907 264.9462 13.12443224233830
ONEWEB-0297             
1 49086U 21075M   26162.54661932 -.00000302  00000+0 -87617-3 0  9993
2 49086  87.8937 351.7995 0001923  89.8967 270.2382 13.12443531234440
ONEWEB-0298             
1 49087U 21075N   26162.57282164  .00000047  00000+0  88511-4 0  9992
2 49087  87.9137   6.9844 0001921  83.9509 276.1842 13.17647682232881
ONEWEB-0299             
1 49088U 21075P   26162.57438057  .00000052  00000+0  10134-3 0  9998
2 49088  87.9147   6.9636 0002018  86.4811 273.6551 13.17649565232863
ONEWEB-0300             
1 49089U 21075Q   26162.53899487 -.00000113  00000+0 -34994-3 0  9993
2 49089  87.8948 351.7797 0001908  78.2391 281.8951 13.12443292234467
ONEWEB-0301             
1 49090U 21075R   26162.52290598  .00000399  00000+0  10743-2 0  9991
2 49090  87.8945 351.7814 0001754  78.2746 281.8579 13.12444019233822
ONEWEB-0302             
1 49091U 21075S   26162.58559712  .00000436  00000+0  11758-2 0  9993
2 49091  87.8950 351.7807 0001861  99.4144 260.7195 13.12443774233813
ONEWEB-0304             
1 49092U 21075T   26162.62500010  .00000044  00000+0  80768-4 0  9990
2 49092  87.9134   6.9769 0002013  88.7128 271.4234 13.17648210232840
ONEWEB-0305             
1 49093U 21075U   26162.61825167  .00000022  00000+0  22391-4 0  9997
2 49093  87.9143   6.9622 0002263  88.2430 271.8961 13.17648697232870
ONEWEB-0308             
1 49094U 21075V   26162.50257963  .00000309  00000+0  82335-3 0  9990
2 49094  87.8948 351.7894 0001805  89.5616 270.5720 13.12444336233819
ONEWEB-0309             
1 49095U 21075W   26162.62162089  .00000075  00000+0  16008-3 0  9992
2 49095  87.9133   6.9704 0001853 102.7892 257.3446 13.17647839232841
ONEWEB-0310             
1 49096U 21075X   26162.51782557  .00000440  00000+0  11884-2 0  9991
2 49096  87.8938 351.8084 0001787  90.1273 270.0060 13.12443767234447
ONEWEB-0311             
1 49097U 21075Y   26162.62838325  .00000068  00000+0  14194-3 0  9993
2 49097  87.9137   6.9686 0002286  83.3769 276.7623 13.17649746232890
ONEWEB-0312             
1 49098U 21075Z   26162.64358694  .00001590  00000+0  40628-2 0  9993
2 49098  87.9137   6.9763 0002041  93.4917 266.6448 13.17641767232879
ONEWEB-0313             
1 49099U 21075AA  26162.64848281  .00000058  00000+0  11566-3 0  9998
2 49099  87.9133   6.9812 0001986  86.7723 273.3636 13.17648485232865
ONEWEB-0314             
1 49100U 21075AB  26162.61488410  .00000045  00000+0  82680-4 0  9994
2 49100  87.9144   6.9600 0002202  92.7352 267.4031 13.17648510232831
ONEWEB-0315             
1 49101U 21075AC  26162.56695396 -.00000121  00000+0 -37222-3 0  9990
2 49101  87.8948 351.7624 0002145  83.0356 277.1017 13.12444223234433
ONEWEB-0316             
1 49102U 21075AD  26162.54395631  .00000075  00000+0  15750-3 0  9996
2 49102  87.9156 336.5794 0001908  91.0421 269.0930 13.18687011236462
ONEWEB-0317             
1 49103U 21075AE  26162.57034419  .00000042  00000+0  82381-4 0  9993
2 49103  87.8949 351.7854 0001352 110.4228 249.7046 13.12444234234454
ONEWEB-0318             
1 49104U 21075AF  26162.54058432  .00000081  00000+0  17273-3 0  9992
2 49104  87.9166 336.5811 0002047  87.0693 273.0674 13.18685868236420
ONEWEB-0319             
1 49105U 21075AG  26162.55412640  .00000108  00000+0  24627-3 0  9990
2 49105  87.9135   6.9888 0002285  78.1821 281.9566 13.17648958232867
ONEWEB-0323             
1 49106U 21075AH  26162.55170405 -.00000381  00000+0 -10939-2 0  9996
2 49106  87.8948 351.7701 0002365  84.6306 275.5092 13.12443656233815
ONEWEB-0329             
1 49107U 21075AJ  26162.63850044  .00000073  00000+0  15395-3 0  9998
2 49107  87.9136   6.9727 0001997  89.0549 271.0811 13.17648823232852
ONEWEB-0330             
1 49108U 21075AK  26162.58633988  .00000025  00000+0  32243-4 0  9998
2 49108  87.9138   7.0030 0001987  93.0958 267.0401 13.17649049232886
ONEWEB-0292             
1 49186U 21083A   26162.68078471 -.00000876  00000+0 -24354-2 0  9992
2 49186  87.8942 321.3350 0001887  91.9526 268.1819 13.13459469230208
ONEWEB-0303             
1 49187U 21083B   26162.46133706  .00000013  00000+0  66700-6 0  9998
2 49187  87.9161 336.5960 0002004  89.1140 271.0222 13.18686544229223
ONEWEB-0306             
1 49188U 21083C   26162.52709296  .00000035  00000+0  57280-4 0  9994
2 49188  87.9167 336.5704 0001695  96.8789 263.2536 13.18686810229277
ONEWEB-0307             
1 49189U 21083D   26162.67485080  .00000176  00000+0  44587-3 0  9994
2 49189  87.8951 321.3331 0001939  94.5078 265.6273 13.13469432230206
ONEWEB-0320             
1 49190U 21083E   26162.47144168  .00000029  00000+0  41423-4 0  9997
2 49190  87.9157 336.6002 0001804  92.9113 267.2226 13.18685552229228
ONEWEB-0321             
1 49191U 21083F   26162.67080300  .00000031  00000+0  44781-4 0  9990
2 49191  87.9193 275.5343 0001743 105.9248 254.2077 13.20772142236104
ONEWEB-0322             
1 49192U 21083G   26162.67058718  .00002333  00000+0  63501-2 0  9995
2 49192  87.8948 321.3345 0001472  95.4206 264.7091 13.13489273230197
ONEWEB-0324             
1 49193U 21083H   26162.52033816  .00000076  00000+0  16033-3 0  9993
2 49193  87.9170 336.5772 0001932  97.3107 262.8245 13.18685118229256
ONEWEB-0325             
1 49194U 21083J   26162.52371726  .00000061  00000+0  12288-3 0  9991
2 49194  87.9158 336.5854 0001825  89.2738 270.8603 13.18685369229261
ONEWEB-0326             
1 49195U 21083K   26162.53903045  .00000027  00000+0  36056-4 0  9990
2 49195  87.9167 336.5796 0002045  85.8950 274.2416 13.18685197229258
ONEWEB-0327             
1 49196U 21083L   26162.53874897  .00000036  00000+0  57848-4 0  9995
2 49196  87.9159 336.5844 0002032  80.7171 279.4191 13.18684989229276
ONEWEB-0328             
1 49197U 21083M   26162.43192718  .00000366  00000+0  96666-3 0  9996
2 49197  87.8957 321.3547 0001898  98.9688 261.1656 13.13470036230140
ONEWEB-0331             
1 49198U 21083N   26162.53214951 -.00000083  00000+0 -24438-3 0  9998
2 49198  87.9167 336.5748 0002131  89.0028 271.1348 13.18687155229263
ONEWEB-0333             
1 49199U 21083P   26162.42684647  .00000346  00000+0  91194-3 0  9993
2 49199  87.8947 321.3825 0001817  93.2161 266.9176 13.13470440230155
ONEWEB-0334             
1 49200U 21083Q   26162.68846696  .00000026  00000+0  32929-4 0  9995
2 49200  87.9187 275.5425 0001092 115.6028 244.5218 13.20773505236068
ONEWEB-0335             
1 49201U 21083R   26162.49794905  .00000370  00000+0  97859-3 0  9994
2 49201  87.8948 321.3653 0001999  92.9248 267.2110 13.13471390230171
ONEWEB-0336             
1 49202U 21083S   26162.69769338 -.00000273  00000+0 -78288-3 0  9998
2 49202  87.8948 321.3211 0002252  94.2641 265.8746 13.13470345230197
ONEWEB-0337             
1 49203U 21083T   26162.47918558 -.00000123  00000+0 -37303-3 0  9992
2 49203  87.8945 321.3709 0001994  98.5808 261.5548 13.13470793230168
ONEWEB-0338             
1 49204U 21083U   26162.58663035  .00000839  00000+0  20321-2 0  9995
2 49204  87.9179 275.5654 0001671  98.9973 261.1350 13.20771089236070
ONEWEB-0339             
1 49205U 21083V   26162.48778455  .00000069  00000+0  15319-3 0  9995
2 49205  87.8946 321.3615 0001572 101.1776 258.9530 13.13470667230143
ONEWEB-0340             
1 49206U 21083W   26162.51866455  .00000112  00000+0  25126-3 0  9994
2 49206  87.9167 336.5832 0002004  91.1843 268.9518 13.18685749229221
ONEWEB-0341             
1 49207U 21083X   26162.52541116  .00000076  00000+0  16120-3 0  9993
2 49207  87.9160 336.5854 0002158 103.6884 256.4488 13.18686029229245
ONEWEB-0342             
1 49208U 21083Y   26162.59335462  .00000067  00000+0  13364-3 0  9993
2 49208  87.9194 275.5516 0001880 102.5823 257.5520 13.20771175236047
ONEWEB-0343             
1 49209U 21083Z   26162.53384610  .00000039  00000+0  67004-4 0  9997
2 49209  87.9164 336.5824 0001537 101.8796 258.2508 13.18686211229291
ONEWEB-0344             
1 49210U 21083AA  26162.48270191 -.00000056  00000+0 -18922-3 0  9996
2 49210  87.8938 321.3774 0002068 104.1275 256.0084 13.13472516230142
ONEWEB-0345             
1 49211U 21083AB  26162.70276728 -.00000211  00000+0 -61372-3 0  9994
2 49211  87.8956 321.3135 0002008 103.6240 256.5113 13.13471213230189
ONEWEB-0346             
1 49212U 21083AC  26162.53046980  .00000051  00000+0  96029-4 0  9999
2 49212  87.9158 336.5836 0002418  82.9930 277.1477 13.18685519229238
ONEWEB-0348             
1 49213U 21083AD  26162.35598088  .00000079  00000+0  16340-3 0  9998
2 49213  87.9192 275.6026 0002489  99.8934 260.2480 13.20770483236042
ONEWEB-0350             
1 49214U 21083AE  26162.48860877  .00000098  00000+0  23479-3 0  9993
2 49214  87.8954 321.3599 0002055 100.4484 259.6876 13.12944157230182
ONEWEB-0351             
1 49215U 21083AF  26162.57637010  .00000090  00000+0  18906-3 0  9996
2 49215  87.9194 275.5575 0001799 127.0013 233.1285 13.20770158236039
ONEWEB-0352             
1 49216U 21083AG  26162.69261747 -.00000215  00000+0 -62285-3 0  9990
2 49216  87.8949 321.3268 0001547 106.1874 253.9425 13.13470427230308
ONEWEB-0354             
1 49217U 21083AH  26162.60346067  .00000033  00000+0  49519-4 0  9993
2 49217  87.9191 275.5509 0002367 102.6016 257.5382 13.20772748236078
ONEWEB-0355             
1 49218U 21083AJ  26162.49300547  .00000217  00000+0  55876-3 0  9990
2 49218  87.8943 321.3683 0001808 102.8997 257.2334 13.13470547230156
ONEWEB-0357             
1 49219U 21083AK  26162.67585010 -.00000160  00000+0 -42528-3 0  9990
2 49219  87.9191 275.5307 0001847 106.5436 253.5900 13.20771722236081
ONEWEB-0332             
1 49279U 21090A   26162.58590874  .00000201  00000+0  50885-3 0  9997
2 49279  87.8962 290.8255 0001665  98.7130 261.4188 13.14501416226848
ONEWEB-0347             
1 49280U 21090B   26162.58998874  .00000060  00000+0  11675-3 0  9998
2 49280  87.9191 275.5560 0001731  97.6583 262.4747 13.20770985230302
ONEWEB-0349             
1 49281U 21090C   26162.54622399  .00000057  00000+0  10760-3 0  9991
2 49281  87.9191 275.5653 0001986 101.4189 258.7167 13.20772394229087
ONEWEB-0353             
1 49282U 21090D   26162.65411375  .00000222  00000+0  56392-3 0  9999
2 49282  87.8963 290.8075 0001627  97.1471 262.9844 13.14502744226853
ONEWEB-0356             
1 49283U 21090E   26162.69605095 -.00000045  00000+0 -14244-3 0  9993
2 49283  87.9190 275.5287 0002232  79.3944 280.7441 13.20773226229106
ONEWEB-0358             
1 49284U 21090F   26162.34781676 -.00006458  00000+0 -16044-1 0  9998
2 49284  87.9193 275.6026 0002507  92.0705 268.0715 13.20270488229783
ONEWEB-0359             
1 49285U 21090G   26162.57147259  .00000115  00000+0  25203-3 0  9998
2 49285  87.9190 275.5535 0002268 101.4562 258.6826 13.20772888229795
ONEWEB-0360             
1 49286U 21090H   26162.33410576  .00000625  00000+0  15056-2 0  9998
2 49286  87.9190 275.6071 0002059 103.1309 257.0054 13.20770856229078
ONEWEB-0361             
1 49287U 21090J   26162.69435939 -.00000071  00000+0 -20605-3 0  9992
2 49287  87.9192 275.5335 0002086  99.0848 261.0521 13.20770884229574
ONEWEB-0362             
1 49288U 21090K   26162.64259520  .00000083  00000+0  17549-3 0  9992
2 49288  87.9166 306.0828 0001828 106.4774 253.6560 13.19724406226188
ONEWEB-0363             
1 49289U 21090L   26162.55799272  .00000105  00000+0  22589-3 0  9991
2 49289  87.9192 275.5611 0002116  92.0600 268.0776 13.20770600229560
ONEWEB-0364             
1 49290U 21090M   26162.59672000 -.00000043  00000+0 -13741-3 0  9999
2 49290  87.9190 275.5613 0001963 101.0380 259.0974 13.20771080230708
ONEWEB-0365             
1 49291U 21090N   26162.65207784  .00000088  00000+0  18766-3 0  9999
2 49291  87.9172 306.0689 0001781  99.5302 260.6033 13.19724749225699
ONEWEB-0366             
1 49292U 21090P   26162.65093911  .00000227  00000+0  57657-3 0  9992
2 49292  87.8959 290.8101 0001934 100.2698 259.8650 13.14502478226839
ONEWEB-0367             
1 49293U 21090Q   26162.55716560 -.00001245  00000+0 -30942-2 0  9994
2 49293  87.9194 275.5620 0001901 104.0201 256.1143 13.20778274229087
ONEWEB-0368             
1 49294U 21090R   26162.68256713 -.00000110  00000+0 -30238-3 0  9997
2 49294  87.9181 275.5483 0001552  80.6692 279.4617 13.20769371230259
ONEWEB-0369             
1 49295U 21090S   26162.41989213  .00000096  00000+0  20688-3 0  9996
2 49295  87.9164 306.1233 0001776  96.8608 263.2727 13.19724970225654
ONEWEB-0370             
1 49296U 21090T   26162.56641113  .00000110  00000+0  23928-3 0  9994
2 49296  87.9191 275.5602 0002138 106.9342 253.2026 13.20770419229123
ONEWEB-0371             
1 49297U 21090U   26162.65523294  .00000096  00000+0  20720-3 0  9994
2 49297  87.9173 306.0684 0001810 101.0768 259.0568 13.19724481225721
ONEWEB-0372             
1 49298U 21090V   26162.55617273  .00000077  00000+0  15826-3 0  9995
2 49298  87.9192 275.5639 0001941 101.1900 258.9452 13.20771671229096
ONEWEB-0373             
1 49299U 21090W   26162.58157045  .00000120  00000+0  26238-3 0  9993
2 49299  87.9190 275.5594 0002060 100.7605 259.3760 13.20771358230287
ONEWEB-0374             
1 49300U 21090X   26162.63825378  .00000150  00000+0  37067-3 0  9998
2 49300  87.8963 290.8033 0002257  86.6873 273.4515 13.14503286226839
ONEWEB-0375             
1 49301U 21090Y   26162.34252125  .00000105  00000+0  22629-3 0  9999
2 49301  87.9191 275.5985 0002391  90.0301 270.1106 13.20771479229756
ONEWEB-0376             
1 49302U 21090Z   26162.65365528  .00000082  00000+0  17228-3 0  9999
2 49302  87.9172 306.0685 0001662  99.1530 260.9791 13.19724935225720
ONEWEB-0377             
1 49303U 21090AA  26162.55646272  .00000059  00000+0  11377-3 0  9990
2 49303  87.9192 275.5578 0002189  99.8959 260.2421 13.20772432229770
ONEWEB-0378             
1 49304U 21090AB  26162.34937971  .00000050  00000+0  90925-4 0  9995
2 49304  87.9188 275.6044 0002007  96.3148 263.8214 13.20770593229018
ONEWEB-0379             
1 49305U 21090AC  26162.63349014  .00000027  00000+0  37602-4 0  9990
2 49305  87.8962 290.8150 0001916  96.0221 264.1127 13.14502956226835
ONEWEB-0380             
1 49306U 21090AD  26162.65050513  .00000082  00000+0  17231-3 0  9992
2 49306  87.9165 306.0748 0002064  97.6543 262.4824 13.19724612225692
ONEWEB-0381             
1 49307U 21090AE  26162.55295624  .00000080  00000+0  16385-3 0  9993
2 49307  87.9192 275.5632 0002124  93.8328 266.3048 13.20772314229083
ONEWEB-0382             
1 49308U 21090AF  26162.69098387 -.00000035  00000+0 -11791-3 0  9994
2 49308  87.9190 275.5299 0002039  91.8647 268.2720 13.20769894229096
ONEWEB-0383             
1 49309U 21090AG  26162.62712919 -.00000312  00000+0 -87665-3 0  9993
2 49309  87.8965 290.8074 0001847  95.1159 265.0182 13.14502461226865
ONEWEB-0384             
1 49310U 21090AH  26162.67980345  .00000056  00000+0  10566-3 0  9999
2 49310  87.9194 275.5758 0002057  86.7172 273.4197 13.20812608229109
ONEWEB-0385             
1 49311U 21090AJ  26162.60851144 -.00000022  00000+0 -86729-4 0  9997
2 49311  87.9190 275.5517 0002046  94.8501 265.2866 13.20772452229062
ONEWEB-0386             
1 49312U 21090AK  26162.32231877  .00000060  00000+0  11676-3 0  9990
2 49312  87.9195 275.5993 0001968  92.5686 267.5673 13.20771386229041
ONEWEB-0387             
1 49313U 21090AL  26162.68595148 -.00000035  00000+0 -11758-3 0  9999
2 49313  87.9181 275.5499 0002317  98.0205 262.1192 13.20772157229094
ONEWEB-0388             
1 49314U 21090AM  26162.64576662  .00000078  00000+0  16195-3 0  9991
2 49314  87.9164 306.0737 0001887  93.5397 266.5951 13.19725096225684
ONEWEB-0389             
1 50469U 21132A   26162.57943907  .00000025  00000+0  31580-4 0  9991
2 50469  87.9135   6.9836 0002183  83.0977 277.0403 13.17648392217343
ONEWEB-0390             
1 50470U 21132B   26162.58112611  .00000061  00000+0  12478-3 0  9998
2 50470  87.9136   6.9842 0001919  93.5493 266.5858 13.17648568217340
ONEWEB-0391             
1 50471U 21132C   26162.58281495  .00000031  00000+0  47634-4 0  9996
2 50471  87.9137   6.9935 0002677  88.7850 271.3588 13.17648134217343
ONEWEB-0392             
1 50472U 21132D   26162.61319660  .00000079  00000+0  16912-3 0  9993
2 50472  87.9145   6.9557 0002260  84.8026 275.3363 13.17648888217388
ONEWEB-0393             
1 50473U 21132E   26162.58872406  .00000039  00000+0  66284-4 0  9996
2 50473  87.9136   6.9779 0002033  85.2665 274.8699 13.17649622217379
ONEWEB-0394             
1 50474U 21132F   26162.48324052  .00000054  00000+0  10406-3 0  9996
2 50474  87.9168 336.5768 0002022  87.5676 272.5687 13.18685133220846
ONEWEB-0395             
1 50475U 21132G   26162.59738799  .00000622  00000+0  17192-2 0  9995
2 50475  87.8888  22.1803 0001982  89.5023 270.6332 13.11417600214984
ONEWEB-0396             
1 50476U 21132H   26162.55237183  .00000000  00000+0 -33237-4 0  9994
2 50476  87.9168 336.5758 0001963  87.3784 272.7573 13.18684988220896
ONEWEB-0397             
1 50477U 21132J   26162.49167483  .00000056  00000+0  10833-3 0  9999
2 50477  87.9168 336.5878 0001911  84.0966 276.0383 13.18685094220861
ONEWEB-0398             
1 50478U 21132K   26162.64144625 -.00000496  00000+0 -14341-2 0  9997
2 50478  87.8899  22.1618 0001882  94.4673 265.6670 13.11416647214886
ONEWEB-0399             
1 50479U 21132L   26162.62789149 -.00000380  00000+0 -11092-2 0  9994
2 50479  87.8898  22.1749 0002214  76.5449 283.5926 13.11414268214872
ONEWEB-0400             
1 50480U 21132M   26162.46975815  .00000001  00000+0 -30075-4 0  9998
2 50480  87.9167 336.5821 0001874  97.1689 262.9657 13.18684927220858
ONEWEB-0401             
1 50481U 21132N   26162.51527988  .00000079  00000+0  16724-3 0  9997
2 50481  87.9169 336.5702 0001692  85.5210 274.6115 13.18684934220866
ONEWEB-0402             
1 50482U 21132P   26162.55407242 -.00000007  00000+0 -51164-4 0  9993
2 50482  87.9168 336.5519 0001628  77.3329 282.7985 13.18686041220890
ONEWEB-0403             
1 50483U 21132Q   26162.50347615  .00000093  00000+0  20301-3 0  9997
2 50483  87.9167 336.5861 0001989  90.4404 269.6956 13.18684905220844
ONEWEB-0404             
1 50484U 21132R   26162.60925476  .00000398  00000+0  10870-2 0  9993
2 50484  87.8892  22.1774 0002141  84.2754 275.8618 13.11415524214962
ONEWEB-0405             
1 50485U 21132S   26162.51697675  .00000072  00000+0  15112-3 0  9995
2 50485  87.9170 336.5679 0001934 105.3906 254.7440 13.18686768221247
ONEWEB-0406             
1 50486U 21132T   26162.50853748  .00000077  00000+0  16341-3 0  9990
2 50486  87.9163 336.5863 0002391  88.2837 271.8569 13.18685199220872
ONEWEB-0407             
1 50487U 21132U   26162.50179911  .00000061  00000+0  12188-3 0  9992
2 50487  87.9168 336.5795 0001609  92.6375 267.4941 13.18684822220810
ONEWEB-0409             
1 50488U 21132V   26162.60755347  .00000519  00000+0  14280-2 0  9999
2 50488  87.8897  22.1656 0002101  87.3110 272.8259 13.11416436214855
ONEWEB-0412             
1 50489U 21132W   26162.56586184  .00000021  00000+0  19792-4 0  9999
2 50489  87.9165 336.5753 0001692  82.5767 277.5557 13.18684770220916
ONEWEB-0413             
1 50490U 21132X   26162.49505071  .00000138  00000+0  31807-3 0  9998
2 50490  87.9157 336.5884 0001567  86.1927 273.9384 13.18685476220847
ONEWEB-0414             
1 50491U 21132Y   26162.47987466  .00000038  00000+0  63562-4 0  9992
2 50491  87.9167 336.5727 0001853  85.6984 274.4360 13.18685166220879
ONEWEB-0417             
1 50492U 21132Z   26162.48830384  .00000080  00000+0  17128-3 0  9993
2 50492  87.9159 336.5912 0002079  91.3870 268.7500 13.18685566220850
ONEWEB-0418             
1 50493U 21132AA  26162.49829272  .00000044  00000+0  77637-4 0  9991
2 50493  87.9169 336.5882 0002124  91.9051 268.2324 13.18685115220912
ONEWEB-0419             
1 50494U 21132AB  26162.51679666  .00000110  00000+0  24626-3 0  9998
2 50494  87.9166 336.5843 0002087  97.3987 262.7382 13.18665823220831
ONEWEB-0420             
1 50495U 21132AC  26162.48155791  .00000015  00000+0  60013-5 0  9999
2 50495  87.9159 336.5948 0001639  93.4307 266.7013 13.18685743220822
ONEWEB-0421             
1 50496U 21132AD  26162.47481027  .00000055  00000+0  10567-3 0  9994
2 50496  87.9163 336.5935 0001872  79.5773 280.5570 13.18684731220867
ONEWEB-0424             
1 50497U 21132AE  26162.51191014  .00000077  00000+0  16305-3 0  9994
2 50497  87.9167 336.5840 0002024 101.3160 258.8200 13.18685119220893
ONEWEB-0426             
1 50498U 21132AF  26162.54647494  .00000023  00000+0  25963-4 0  9998
2 50498  87.9168 336.5682 0002378  79.0260 281.1140 13.18688968220845
ONEWEB-0427             
1 50499U 21132AG  26162.51022418  .00000096  00000+0  21061-3 0  9993
2 50499  87.9168 336.5641 0002070  90.3722 269.7647 13.18685138220861
ONEWEB-0429             
1 50500U 21132AH  26162.49673583  .00000095  00000+0  20935-3 0  9996
2 50500  87.9161 336.5915 0001722  92.0298 268.1031 13.18685816220831
ONEWEB-0430             
1 50501U 21132AJ  26162.48493069  .00000036  00000+0  59761-4 0  9990
2 50501  87.9161 336.5923 0001736  99.4072 260.7257 13.18686077220879
ONEWEB-0432             
1 50502U 21132AK  26162.75002315  .00002400  00000+0  61928-2 0  9994
2 50502  87.9168 336.5145 0002041 110.2857 252.1183 13.17150350  5262
ONEWEB-0440             
1 50503U 21132AL  26162.50516282  .00000107  00000+0  23920-3 0  9994
2 50503  87.9169 336.5838 0001636  83.1697 276.9622 13.18685296220828
ONEWEB-0450             
1 50504U 21132AM  26162.49856433  .00000079  00000+0  16782-3 0  9994
2 50504  87.9157 336.5910 0001662  94.0989 266.0333 13.18685881220853
ONEWEB-0410             
1 51622U 22012A   26162.59800132  .00000042  00000+0  75420-4 0  9995
2 51622  87.9146   6.9687 0003144  79.0970 281.0516 13.17648245212967
ONEWEB-0411             
1 51623U 22012B   26162.66796089 -.00000378  00000+0 -11188-2 0  9992
2 51623  87.8842  37.3657 0001571  99.4831 260.6474 13.10370078208565
ONEWEB-0415             
1 51624U 22012C   26162.66464809 -.00000185  00000+0 -56681-3 0  9999
2 51624  87.8836  37.3655 0001767  90.3566 269.7764 13.10369900208563
ONEWEB-0416             
1 51625U 22012D   26162.67626683 -.00000597  00000+0 -17474-2 0  9994
2 51625  87.8836  37.3816 0001992  94.7374 265.3981 13.10372311208606
ONEWEB-0422             
1 51626U 22012E   26162.60813157  .00000033  00000+0  51552-4 0  9992
2 51626  87.9142   6.9680 0001257  78.5445 281.5828 13.17648577213076
ONEWEB-0423             
1 51627U 22012F   26162.60138628  .00000051  00000+0  99192-4 0  9998
2 51627  87.9139   6.9751 0001927  84.2012 275.9339 13.17649839212963
ONEWEB-0425             
1 51628U 22012G   26162.68623078 -.00000537  00000+0 -15746-2 0  9997
2 51628  87.8840  37.3632 0002102  78.0921 282.0442 13.10374806208606
ONEWEB-0428             
1 51629U 22012H   26162.66630356 -.00000335  00000+0 -99613-3 0  9995
2 51629  87.8833  37.3740 0001772  80.7689 279.3638 13.10370179208562
ONEWEB-0431             
1 51630U 22012J   26162.63630429  .00000676  00000+0  19011-2 0  9994
2 51630  87.8840  37.3724 0001383  99.7655 260.3628 13.10374317208618
ONEWEB-0434             
1 51631U 22012K   26162.68968466 -.00000401  00000+0 -11850-2 0  9996
2 51631  87.8845  37.3868 0002371  73.8908 286.2480 13.10375051208603
ONEWEB-0435             
1 51632U 22012L   26162.62147932  .00000043  00000+0  88242-4 0  9999
2 51632  87.8837  37.3870 0001435  79.9405 280.1885 13.10373862208584
ONEWEB-0436             
1 51633U 22012M   26162.59293727 -.00000018  00000+0 -80089-4 0  9995
2 51633  87.9145   6.9583 0001642  86.8719 273.2600 13.17648398212945
ONEWEB-0438             
1 51634U 22012N   26162.68124242 -.00000646  00000+0 -18875-2 0  9990
2 51634  87.8838  37.3777 0001990  80.3710 279.7643 13.10373218208620
ONEWEB-0439             
1 51635U 22012P   26162.68457507  .00000008  00000+0 -13075-4 0  9994
2 51635  87.8837  37.3648 0001816  81.6083 278.5250 13.10370901208606
ONEWEB-0442             
1 51636U 22012Q   26162.58534970  .00000068  00000+0  14151-3 0  9994
2 51636  87.9138   6.9928 0002415  84.6670 275.4737 13.17649162212938
ONEWEB-0443             
1 51637U 22012R   26162.60474863  .00000075  00000+0  15917-3 0  9991
2 51637  87.9134   6.9902 0001862  76.2619 283.8719 13.17649144212980
ONEWEB-0444             
1 51638U 22012S   26162.67460219 -.00000626  00000+0 -18296-2 0  9995
2 51638  87.8835  37.3650 0001829  76.6969 283.4362 13.10371932208616
ONEWEB-0445             
1 51639U 22012T   26162.69619391 -.00000109  00000+0 -34770-3 0  9997
2 51639  87.8848  37.3488 0001817  88.7869 271.3466 13.10375544208625
ONEWEB-0446             
1 51640U 22012U   26162.67293855 -.00000511  00000+0 -15005-2 0  9996
2 51640  87.8835  37.3823 0001846  86.6782 273.4556 13.10371619208609
ONEWEB-0448             
1 51641U 22012V   26162.67792561 -.00000647  00000+0 -18912-2 0  9995
2 51641  87.8834  37.3779 0001789  79.1691 280.9637 13.10373052208573
ONEWEB-0449             
1 51642U 22012W   26162.68290323 -.00000580  00000+0 -16971-2 0  9995
2 51642  87.8840  37.3625 0002195  76.2304 283.9068 13.10373823208580
ONEWEB-0451             
1 51643U 22012X   26162.58957421  .00000079  00000+0  17045-3 0  9999
2 51643  87.9147   6.9562 0002044  82.9359 277.2005 13.17649303212927
ONEWEB-0452             
1 51644U 22012Y   26162.58787509  .00000051  00000+0  97663-4 0  9993
2 51644  87.9136   6.9939 0001963  77.7282 282.4069 13.17648753212937
ONEWEB-0456             
1 51646U 22012AA  26162.69285220 -.00000203  00000+0 -61904-3 0  9999
2 51646  87.8849  37.3474 0001664  79.6097 280.5218 13.10374646208620
ONEWEB-0457             
1 51647U 22012AB  26162.66948096 -.00000475  00000+0 -13976-2 0  9990
2 51647  87.8833  37.3707 0002112  89.7866 270.3504 13.10369422208629
ONEWEB-0458             
1 51648U 22012AC  26162.69120735 -.00000317  00000+0 -94531-3 0  9998
2 51648  87.8849  37.3538 0001893  75.9404 284.1934 13.10374951208587
ONEWEB-0461             
1 51649U 22012AD  26162.60981029  .00000053  00000+0  10441-3 0  9994
2 51649  87.9144   6.9664 0001923  89.5395 270.5957 13.17647612213150
ONEWEB-0463             
1 51650U 22012AE  26162.59125851  .00000064  00000+0  13142-3 0  9990
2 51650  87.9134   6.9929 0001948  90.8071 269.3284 13.17648660212936
ONEWEB-0464             
1 51651U 22012AF  26162.68788447 -.00000451  00000+0 -13293-2 0  9995
2 51651  87.8843  37.3767 0001638  73.9186 286.2122 13.10374860208605
ONEWEB-0468             
1 51652U 22012AG  26162.61817332 -.00000148  00000+0 -45951-3 0  9995
2 51652  87.8839  37.3846 0001586  72.7183 287.4118 13.10375720208575
ONEWEB-0473             
1 51653U 22012AH  26162.67958007 -.00000626  00000+0 -18294-2 0  9997
2 51653  87.8836  37.3738 0001799  77.8708 282.2621 13.10372967208581
ONEWEB-0474             
1 51654U 22012AJ  26162.67128000 -.00000540  00000+0 -15831-2 0  9999
2 51654  87.8844  37.3590 0001673  72.3887 287.7423 13.10370528208576
ONEWEB-0475             
1 51655U 22012AK  26162.60306885  .00000041  00000+0  71542-4 0  9999
2 51655  87.9135   6.9837 0001664  66.6504 293.4803 13.17648192212954
ONEWEB-0490             
1 54113U 22138A   26162.67577262  .00000045  00000+0  80506-4 0  9990
2 54113  87.9174 306.0648 0001674  98.9014 261.2308 13.19724975176103
ONEWEB-0492             
1 54114U 22138B   26162.39778688  .00000065  00000+0  13119-3 0  9992
2 54114  87.9164 306.1219 0001740 105.4265 254.7060 13.19726080176071
ONEWEB-0495             
1 54115U 22138C   26162.37566433  .00000007  00000+0 -14052-4 0  9999
2 54115  87.9166 306.1289 0001175 100.0821 260.0445 13.19724301176051
ONEWEB-0497             
1 54116U 22138D   26162.69156734  .00000062  00000+0  12205-3 0  9991
2 54116  87.9168 306.0576 0001768  98.9100 261.2233 13.19724825176087
ONEWEB-0499             
1 54117U 22138E   26162.67498970  .00000024  00000+0  28480-4 0  9992
2 54117  87.9164 306.0705 0001609  94.1496 265.9821 13.19726613176090
ONEWEB-0500             
1 54118U 22138F   26162.67734769  .00000061  00000+0  12074-3 0  9994
2 54118  87.9173 306.0636 0001899 100.1475 259.9872 13.19724430176106
ONEWEB-0501             
1 54119U 22138G   26162.63153711  .00000056  00000+0  10834-3 0  9999
2 54119  87.9171 306.0725 0001391  97.7244 262.4047 13.19723672176072
ONEWEB-0502             
1 54120U 22138H   26162.69313703 -.00000002  00000+0 -37808-4 0  9990
2 54120  87.9174 306.0491 0001615  92.5945 267.5372 13.19723992176103
ONEWEB-0503             
1 54121U 22138J   26162.68209015  .00000010  00000+0 -71950-5 0  9995
2 54121  87.9175 306.0569 0001951  90.2188 269.9169 13.19724583176093
ONEWEB-0504             
1 54122U 22138K   26162.66945990 -.00000054  00000+0 -16658-3 0  9994
2 54122  87.9173 306.0646 0001644  92.6824 267.4497 13.19724230176108
ONEWEB-0505             
1 54123U 22138L   26162.13558823  .00000007  00000+0 -15958-4 0  9992
2 54123  87.9170 306.1722 0001396  92.6725 267.4568 13.19725622176011
ONEWEB-0506             
1 54124U 22138M   26162.64101161  .00000087  00000+0  18531-3 0  9994
2 54124  87.9172 306.0681 0001515  96.9991 263.1314 13.19723759176079
ONEWEB-0507             
1 54125U 22138N   26162.66156184  .00000101  00000+0  21876-3 0  9995
2 54125  87.9164 306.0769 0001628  99.0623 261.0694 13.19724860176127
ONEWEB-0508             
1 54126U 22138P   26162.43094061  .00000144  00000+0  32812-3 0  9995
2 54126  87.9164 306.1223 0001427 104.2292 255.9000 13.19723994176076
ONEWEB-0509             
1 54127U 22138Q   26162.63310507  .00000034  00000+0  52146-4 0  9995
2 54127  87.9175 306.0709 0001670  98.3114 261.8208 13.19719529176078
ONEWEB-0510             
1 54128U 22138R   26162.60177734  .00000029  00000+0  38238-4 0  9996
2 54128  87.9192 275.5488 0002412  97.9967 262.1440 13.20772488178549
ONEWEB-0511             
1 54129U 22138S   26162.62997360  .00000061  00000+0  11987-3 0  9991
2 54129  87.9171 306.0745 0001798  88.4519 271.6820 13.19726295176107
ONEWEB-0512             
1 54130U 22138T   26162.62206513  .00000034  00000+0  53150-4 0  9995
2 54130  87.9164 306.0814 0001541  91.0159 269.1150 13.19724948176071
ONEWEB-0513             
1 54131U 22138U   26162.62997170  .00000043  00000+0  74129-4 0  9991
2 54131  87.9171 306.0246 0001331  67.7540 292.3734 13.20268963175987
ONEWEB-0514             
1 54132U 22138V   26162.63786135  .00000076  00000+0  15804-3 0  9990
2 54132  87.9175 306.0715 0001975  96.8840 263.2518 13.19724809176097
ONEWEB-0515             
1 54133U 22138W   26162.58829642  .00000073  00000+0  14790-3 0  9996
2 54133  87.9197 275.5458 0002615 114.7630 245.3775 13.20770248178565
ONEWEB-0516             
1 54134U 22138X   26162.68840139 -.00000010  00000+0 -57599-4 0  9990
2 54134  87.9165 306.0684 0001751 101.4850 258.6479 13.19725008176107
ONEWEB-0517             
1 54135U 22138Y   26162.66787058  .00000136  00000+0  30680-3 0  9997
2 54135  87.9171 306.0643 0001984  89.2218 270.9142 13.19724243176103
ONEWEB-0518             
1 54136U 22138Z   26162.68685029  .00000045  00000+0  80364-4 0  9999
2 54136  87.9164 306.0706 0001773 103.6650 256.4680 13.19727795176104
ONEWEB-0519             
1 54137U 22138AA  26162.63629541  .00000059  00000+0  11590-3 0  9991
2 54137  87.9177 306.0713 0001943  91.9953 268.1402 13.19726812176102
ONEWEB-0520             
1 54138U 22138AB  26162.67103725  .00000034  00000+0  52581-4 0  9996
2 54138  87.9172 306.0647 0001563  98.4578 261.6732 13.19724882176094
ONEWEB-0521             
1 54139U 22138AC  26162.62838532  .00000051  00000+0  94866-4 0  9994
2 54139  87.9174 306.0617 0001990  92.3460 267.7901 13.19725225176032
ONEWEB-0522             
1 54140U 22138AD  26162.68367025  .00000046  00000+0  82328-4 0  9990
2 54140  87.9177 306.0531 0001688  96.1856 263.9469 13.19724572176083
ONEWEB-0523             
1 54141U 22138AE  26162.57483060  .00000096  00000+0  20459-3 0  9998
2 54141  87.9192 275.5587 0002774 102.4265 257.7179 13.20770966178568
ONEWEB-0524             
1 54142U 22138AF  26162.56473308  .00000094  00000+0  20040-3 0  9996
2 54142  87.9193 275.5578 0002462 119.8241 240.3138 13.20771260178561
ONEWEB-0525             
1 54143U 22138AG  26162.62680194  .00000032  00000+0  46917-4 0  9991
2 54143  87.9171 306.0723 0001481 102.9052 257.2247 13.19725312176092
ONEWEB-0526             
1 54144U 22138AH  26162.65997611  .00000105  00000+0  22904-3 0  9990
2 54144  87.9173 306.0661 0001747 101.0587 259.0742 13.19725883176075
ONEWEB-0529             
1 54145U 22138AJ  26162.66313118  .00000095  00000+0  20381-3 0  9991
2 54145  87.9166 306.0750 0001614  99.6056 260.5259 13.19724353176096
ONEWEB-0531             
1 54146U 22138AK  26162.55127507  .00000066  00000+0  13076-3 0  9996
2 54146  87.9189 275.5582 0002793 108.2019 251.9418 13.20771999178565
ONEWEB-0535             
1 54147U 22138AL  26162.69629997 -.00000047  00000+0 -14922-3 0  9994
2 54147  87.9172 306.0522 0002155  96.4036 263.7342 13.19724943176112
ONEWEB-0536             
1 54148U 22138AM  26162.68930916 -.00000035  00000+0 -11849-3 0  9992
2 54148  87.9179 275.5538 0002863 111.9772 248.1666 13.20771015178575
ONEWEB-0527             
1 54642U 22166A   26162.75002315 -.00009843  00000+0 -23899-1 0  9995
2 54642  87.9262 245.0773 0001892 100.1775  12.1029 13.21804472  5266
ONEWEB-0528             
1 54643U 22166B   26162.65157845  .00009412  00000+0  22760-1 0  9990
2 54643  87.9253 245.1009 0002027 100.7107 259.4255 13.21747773170817
ONEWEB-0539             
1 54644U 22166C   26162.68949595 -.00000010  00000+0 -56926-4 0  9996
2 54644  87.9260 245.0647 0002006  92.8356 267.3007 13.21826552170813
ONEWEB-0540             
1 54645U 22166D   26162.69635882 -.00000028  00000+0 -99074-4 0  9999
2 54645  87.9254 245.0940 0002059  96.0410 264.0959 13.21826694170804
ONEWEB-0542             
1 54646U 22166E   26162.69958185 -.00000033  00000+0 -11204-3 0  9998
2 54646  87.9264 245.0613 0002069  90.9231 269.2140 13.21827558170818
ONEWEB-0545             
1 54647U 22166F   26162.66425277 -.00000040  00000+0 -12792-3 0  9998
2 54647  87.9255 245.0805 0002225  86.3029 273.8360 13.21827748170771
ONEWEB-0580             
1 54648U 22166G   26162.63902008  .00000019  00000+0  15221-4 0  9993
2 54648  87.9254 245.0854 0002318  91.0879 269.0520 13.21827064170815
ONEWEB-0582             
1 54649U 22166H   26162.68108547 -.00000059  00000+0 -17375-3 0  9992
2 54649  87.9254 245.0695 0002228  88.5672 271.5717 13.21826541170793
ONEWEB-0583             
1 54650U 22166J   26162.69285339 -.00000026  00000+0 -94770-4 0  9999
2 54650  87.9254 245.0906 0002062  95.8330 264.3039 13.21827353170809
ONEWEB-0584             
1 54651U 22166K   26162.63733852  .00000030  00000+0  41996-4 0  9997
2 54651  87.9251 245.0872 0002147  97.2327 262.9051 13.21824792170784
ONEWEB-0585             
1 54652U 22166L   26162.66090159  .00000010  00000+0 -81943-5 0  9993
2 54652  87.9257 245.0694 0001951 103.3195 256.8157 13.21826010170792
ONEWEB-0586             
1 54653U 22166M   26162.67433595 -.00000059  00000+0 -17516-3 0  9997
2 54653  87.9254 245.0922 0002018  94.0477 266.0887 13.21823862170793
ONEWEB-0587             
1 54654U 22166N   26162.68442760 -.00000072  00000+0 -20519-3 0  9995
2 54654  87.9265 245.0632 0001943 109.3457 250.7887 13.21824087170956
ONEWEB-0589             
1 54655U 22166P   26162.67097340 -.00000027  00000+0 -97393-4 0  9990
2 54655  87.9252 245.0788 0002560  82.1851 277.9573 13.21823930170811
ONEWEB-0590             
1 54656U 22166Q   26162.69608519 -.00000040  00000+0 -12800-3 0  9993
2 54656  87.9263 245.0636 0002478 102.8938 257.2473 13.21826811170800
ONEWEB-0591             
1 54657U 22166R   26162.63230797  .00000007  00000+0 -14783-4 0  9992
2 54657  87.9252 245.0914 0002104  99.3953 260.7419 13.21826143170820
ONEWEB-0592             
1 54658U 22166S   26162.63566233  .00000040  00000+0  64891-4 0  9991
2 54658  87.9265 245.0685 0002050  99.1225 261.0141 13.21827367170702
ONEWEB-0593             
1 54659U 22166T   26162.65751286 -.00000025  00000+0 -92501-4 0  9992
2 54659  87.9255 245.0761 0001949  94.6383 265.4974 13.21827632170817
ONEWEB-0594             
1 54660U 22166U   26162.60201884 -.00001250  00000+0 -30590-2 0  9992
2 54660  87.9257 245.1036 0002038 101.5209 258.6153 13.21813769170822
ONEWEB-0595             
1 54661U 22166V   26162.65416176  .00000010  00000+0 -81747-5 0  9995
2 54661  87.9261 245.0733 0002052 106.3891 253.7469 13.21826846170801
ONEWEB-0596             
1 54662U 22166W   26162.62893943 -.00000013  00000+0 -63083-4 0  9990
2 54662  87.9256 245.0902 0002045 102.2037 257.9326 13.21826175170806
ONEWEB-0597             
1 54663U 22166X   26162.68613059 -.00000065  00000+0 -18934-3 0  9996
2 54663  87.9253 245.0820 0002040  95.7705 264.3662 13.21826574170815
ONEWEB-0600             
1 54664U 22166Y   26162.66760687  .00000004  00000+0 -20654-4 0  9990
2 54664  87.9254 245.0770 0001859  95.7624 264.3722 13.21823821170783
ONEWEB-0601             
1 54665U 22166Z   26162.65920757  .00000010  00000+0 -74807-5 0  9993
2 54665  87.9254 245.0948 0002152  92.9211 267.2169 13.21824920170978
ONEWEB-0602             
1 54666U 22166AA  26162.62472582  .00000023  00000+0  23836-4 0  9997
2 54666  87.9254 245.1078 0001804  93.8155 266.3186 13.21825968170819
ONEWEB-0603             
1 54667U 22166AB  26162.63062330  .00000007  00000+0 -15346-4 0  9995
2 54667  87.9262 245.0630 0002001  96.1691 263.9671 13.21826123170741
ONEWEB-0604             
1 54668U 22166AC  26162.69453447 -.00000043  00000+0 -13538-3 0  9996
2 54668  87.9264 245.0658 0002004 101.4583 258.6776 13.21826992170715
ONEWEB-0605             
1 54669U 22166AD  26162.68781770 -.00000042  00000+0 -13346-3 0  9995
2 54669  87.9256 245.0810 0002597  92.7341 267.4091 13.21826344170784
ONEWEB-0606             
1 54670U 22166AE  26162.63398573  .00000027  00000+0  32743-4 0  9991
2 54670  87.9254 245.1043 0001990 104.4552 255.6803 13.21826339170834
ONEWEB-0607             
1 54671U 22166AF  26162.60032130  .00000017  00000+0  91261-5 0  9993
2 54671  87.9263 245.0815 0001970  94.3329 265.8030 13.21824323170801
ONEWEB-0608             
1 54672U 22166AG  26162.68275637 -.00000047  00000+0 -14546-3 0  9997
2 54672  87.9265 245.0617 0002371  88.6017 271.5389 13.21827570170820
ONEWEB-0610             
1 54673U 22166AH  26162.66256118  .00000007  00000+0 -13849-4 0  9990
2 54673  87.9254 245.0804 0002199  82.6367 277.5017 13.21823985170726
ONEWEB-0611             
1 54674U 22166AJ  26162.50443885  .00000046  00000+0  80222-4 0  9994
2 54674  87.9254 245.1079 0002015 102.7882 257.3477 13.21827754170695
ONEWEB-0612             
1 54675U 22166AK  26162.66930171 -.00000045  00000+0 -14099-3 0  9990
2 54675  87.9265 245.0699 0002091  94.9593 265.1780 13.21824990170705
ONEWEB-0615             
1 54676U 22166AL  26162.64912562  .00000025  00000+0  28746-4 0  9994
2 54676  87.9257 245.0893 0001823 104.8028 255.3307 13.21826343170710
ONEWEB-0655             
1 54677U 22166AM  26162.62557470 -.00000008  00000+0 -51338-4 0  9992
2 54677  87.9254 245.0951 0001850  93.3722 266.7624 13.21826307170703
ONEWEB-0659             
1 54678U 22166AN  26162.64239615  .00000016  00000+0  69666-5 0  9994
2 54678  87.9254 245.0918 0002071 101.7817 258.3549 13.21827463170798
ONEWEB-0685             
1 54679U 22166AP  26162.64256808  .00000027  00000+0  33674-4 0  9999
2 54679  87.9252 245.0841 0002085  89.3069 270.8303 13.21846832170683
ONEWEB-0712             
1 54680U 22166AQ  26162.66423558 -.00000097  00000+0 -28777-3 0  9997
2 54680  87.9103 229.8709 0001643  89.4592 270.6727 13.16594228171338
ONEWEB-0714             
1 54681U 22166AR  26162.64741959 -.00000003  00000+0 -38767-4 0  9992
2 54681  87.9253 245.0803 0001723  97.1283 263.0047 13.21823943170809
ONEWEB-0532             
1 55140U 23004A   26162.56593927  .00000067  00000+0  13871-3 0  9992
2 55140  87.9137   6.9832 0002202  89.7153 270.4231 13.17648739166842
ONEWEB-0533             
1 55141U 23004B   26162.51091523  .00000458  00000+0  12376-2 0  9995
2 55141  87.8945 351.7997 0001869  83.1683 276.9658 13.12443802167312
ONEWEB-0541             
1 55142U 23004C   26162.61263736  .00000278  00000+0  74934-3 0  9993
2 55142  87.8898  22.1672 0001838  90.1678 269.9661 13.11416601165216
ONEWEB-0543             
1 55143U 23004D   26162.54900669  .00000053  00000+0  10157-3 0  9997
2 55143  87.9158 336.5920 0001623  88.9592 271.1726 13.18685816168951
ONEWEB-0544             
1 55144U 23004E   26162.54226586  .00000033  00000+0  51593-4 0  9995
2 55144  87.9156 336.5931 0001676  96.3407 263.7916 13.18685573168956
ONEWEB-0560             
1 55145U 23004F   26162.53552422  .00000054  00000+0  10525-3 0  9998
2 55145  87.9158 336.5837 0001586  96.4007 263.7306 13.18686888168965
ONEWEB-0565             
1 55146U 23004G   26162.52877731  .00000034  00000+0  54279-4 0  9994
2 55146  87.9148 336.6136 0001950 104.3658 255.7691 13.18684834168950
ONEWEB-0567             
1 55147U 23004H   26162.52203727  .00000045  00000+0  82082-4 0  9998
2 55147  87.9158 336.5986 0001797 103.4722 256.6611 13.18685540168952
ONEWEB-0569             
1 55148U 23004J   26162.67569072  .00000222  00000+0  57253-3 0  9991
2 55148  87.8958 321.3168 0001365 124.6001 235.5257 13.13469500169459
ONEWEB-0570             
1 55149U 23004K   26162.51359370  .00000069  00000+0  14322-3 0  9992
2 55149  87.9156 336.5980 0002234  96.0536 264.0850 13.18685076168944
ONEWEB-0571             
1 55150U 23004L   26162.50686351  .00000097  00000+0  21202-3 0  9991
2 55150  87.9156 336.5987 0001980 130.2816 229.8490 13.18688205168959
ONEWEB-0572             
1 55151U 23004M   26162.59631110  .00000077  00000+0  16519-3 0  9997
2 55151  87.9134   6.9780 0001897  93.6795 266.4554 13.17648235166741
ONEWEB-0573             
1 55152U 23004N   26162.50011014  .00000118  00000+0  26697-3 0  9998
2 55152  87.9159 336.6013 0002016 117.8753 242.2584 13.18686333168949
ONEWEB-0588             
1 55153U 23004P   26162.49336227  .00000047  00000+0  86361-4 0  9999
2 55153  87.9156 336.6029 0002291  98.5882 261.5510 13.18685074168941
ONEWEB-0598             
1 55154U 23004Q   26162.59059707  .00000468  00000+0  12859-2 0  9992
2 55154  87.8886  22.1831 0001486 107.8856 252.2434 13.11419304165166
ONEWEB-0599             
1 55155U 23004R   26162.63343862  .00000059  00000+0  11818-3 0  9997
2 55155  87.9136   6.9692 0001615  86.8571 273.2745 13.17648429166757
ONEWEB-0614             
1 55156U 23004S   26162.66179867  .00000261  00000+0  69944-3 0  9991
2 55156  87.8891  22.1778 0002025  82.3387 277.7971 13.11420048165110
ONEWEB-0616             
1 55157U 23004T   26162.59969463  .00000005  00000+0 -21153-4 0  9991
2 55157  87.9138   6.9795 0001109  64.1728 295.9518 13.17648553166966
ONEWEB-0617             
1 55158U 23004U   26162.64993338 -.00000231  00000+0 -68706-3 0  9992
2 55158  87.8896  22.1708 0002248  86.8271 273.3114 13.11419166165130
ONEWEB-0618             
1 55159U 23004V   26162.56957587  .00003402  00000+0  19022-3 0  9998
2 55159  86.9100 179.9148 0010358 325.8055  34.2517 15.13102376181411
ONEWEB-0619             
1 55160U 23004W   26162.63175800  .00000055  00000+0  10900-3 0  9995
2 55160  87.9146   6.9532 0002030  75.9026 284.2331 13.17648670166866
ONEWEB-0620             
1 55161U 23004X   26162.64483108 -.00000421  00000+0 -12234-2 0  9990
2 55161  87.8890  22.1807 0001835  93.3044 266.8294 13.11419827165107
ONEWEB-0621             
1 55162U 23004Y   26162.59568243  .00000559  00000+0  15401-2 0  9998
2 55162  87.8899  22.1787 0002020  81.4670 278.6687 13.11418234165078
ONEWEB-0622             
1 55163U 23004Z   26162.67707078  .00000541  00000+0  14919-2 0  9993
2 55163  87.8899  22.1648 0002515  91.8895 268.2521 13.11417217165070
ONEWEB-0623             
1 55164U 23004AA  26162.62668907  .00000112  00000+0  25603-3 0  9993
2 55164  87.9131   6.9853 0002603  81.0855 279.0571 13.17649401166854
ONEWEB-0624             
1 55165U 23004AB  26162.55542328 -.00000337  00000+0 -96635-3 0  9998
2 55165  87.8943 351.7063 0001903  87.8729 272.2618 13.12928189167334
ONEWEB-0625             
1 55166U 23004AC  26162.61657126  .00000061  00000+0  12363-3 0  9997
2 55166  87.9135   6.9829 0001742  83.2306 276.9024 13.17648555166848
ONEWEB-0626             
1 55167U 23004AD  26162.60644973  .00000054  00000+0  10496-3 0  9990
2 55167  87.9136   6.9845 0001779 100.9963 259.1368 13.17649394166840
ONEWEB-0627             
1 55168U 23004AE  26162.59462229  .00000050  00000+0  96764-4 0  9990
2 55168  87.9135   6.9872 0002342  82.7681 277.3716 13.17648033166849
ONEWEB-0628             
1 55169U 23004AF  26162.53476656 -.00000002  00000+0 -41928-4 0  9995
2 55169  87.8946 351.7772 0002423  80.6315 279.5087 13.12443280167297
ONEWEB-0629             
1 55170U 23004AG  26162.57014803 -.00000241  00000+0 -65392-3 0  9998
2 55170  87.9135   6.9880 0001948  78.1261 282.0089 13.17648997166840
ONEWEB-0631             
1 55171U 23004AH  26162.48661655  .00000067  00000+0  13780-3 0  9990
2 55171  87.9167 336.5698 0002140 103.9501 256.1869 13.18685238168923
ONEWEB-0709             
1 55172U 23004AJ  26162.63466455 -.00000527  00000+0 -15242-2 0  9996
2 55172  87.8889  22.1846 0001533 113.8444 246.2845 13.11415462165146
ONEWEB-0710             
1 55173U 23004AK  26162.58450403  .00000055  00000+0  10858-3 0  9990
2 55173  87.9135   6.9803 0002015  87.8898 272.2464 13.17649350166849
ONEWEB-0711             
1 55174U 23004AL  26162.60586774  .00000484  00000+0  13291-2 0  9994
2 55174  87.8892  22.1776 0002556  85.0178 275.1242 13.11417283165105
ONEWEB-0713             
1 55175U 23004AM  26162.62450169 -.00000260  00000+0 -76984-3 0  9998
2 55175  87.8893  22.1754 0002215  85.5222 274.6159 13.11414459165091
ONEWEB-0715             
1 55176U 23004AN  26162.61941595 -.00000046  00000+0 -16535-3 0  9994
2 55176  87.8890  22.1774 0001887 106.6885 253.4450 13.11415781165138
ONEWEB-0716             
1 55177U 23004AP  26162.57775398  .00000071  00000+0  14892-3 0  9996
2 55177  87.9138   6.9844 0001646  82.6427 277.4892 13.17649420166841
ONEWEB-0717             
1 55178U 23004AQ  26162.56087785  .00000102  00000+0  22839-3 0  9997
2 55178  87.9146   6.9750 0002403  92.2298 267.9108 13.17648376166890
ONEWEB-0719             
1 55179U 23004AR  26162.57100926  .00000077  00000+0  16609-3 0  9991
2 55179  87.9145   6.9532 0001791  80.9336 279.1998 13.17648927166843
ONEWEB-0530             
1 55796U 23029A   26162.55968867  .00000068  00000+0  13617-3 0  9993
2 55796  87.9181 275.5909 0002361  93.9772 266.1631 13.20771512160409
ONEWEB-0534             
1 55797U 23029B   26162.54789821  .00000013  00000+0 -48884-6 0  9992
2 55797  87.9182 275.5938 0001841  99.5459 260.5882 13.20771725160401
ONEWEB-0556             
1 55798U 23029C   26162.55463763  .00000038  00000+0  62131-4 0  9993
2 55798  87.9179 275.5920 0001801  74.0618 286.0713 13.20774056160406
ONEWEB-0562             
1 55799U 23029D   26162.69267328 -.00000056  00000+0 -17033-3 0  9990
2 55799  87.9181 275.5453 0002444  81.6646 278.4764 13.20770619160424
ONEWEB-0563             
1 55800U 23029E   26162.68763424 -.00000004  00000+0 -42856-4 0  9995
2 55800  87.9181 275.5769 0001725 101.0442 259.0885 13.20772143160411
ONEWEB-0564             
1 55801U 23029F   26162.68089868 -.00000025  00000+0 -93283-4 0  9992
2 55801  87.9181 275.5515 0002219  91.9322 268.2065 13.20770865160426
ONEWEB-0638             
1 55802U 23029G   26162.37977073 -.00000801  00000+0 -21958-2 0  9993
2 55802  87.8949 290.9102 0001940  83.2390 276.8960 13.14498206158638
ONEWEB-0639             
1 55803U 23029H   26162.42147483  .00000096  00000+0  20641-3 0  9997
2 55803  87.9165 306.1249 0001038 121.0854 239.0380 13.19725713158140
ONEWEB-0640             
1 55804U 23029J   26162.61763147 -.00000167  00000+0 -48601-3 0  9997
2 55804  87.8950 290.8534 0001509  79.4529 280.6771 13.14502533158689
ONEWEB-0641             
1 55805U 23029K   26162.64417757  .00000078  00000+0  16322-3 0  9998
2 55805  87.9173 306.0692 0001715 101.4936 258.6389 13.19724952158181
ONEWEB-0642             
1 55806U 23029L   26162.63944491  .00000061  00000+0  12006-3 0  9995
2 55806  87.9166 306.0824 0001344 122.9833 237.1429 13.19724876158174
ONEWEB-0643             
1 55807U 23029M   26162.58751093  .00000193  00000+0  48595-3 0  9992
2 55807  87.8952 290.8465 0001692 121.5939 238.5356 13.14502975158652
ONEWEB-0644             
1 55808U 23029N   26162.63469962  .00000001  00000+0 -30414-4 0  9991
2 55808  87.9164 306.0848 0001615 107.5837 252.5472 13.19724531158171
ONEWEB-0645             
1 55809U 23029P   26162.65681154  .00000106  00000+0  23248-3 0  9994
2 55809  87.9164 306.0774 0001388  94.3391 265.7901 13.19724208158179
ONEWEB-0646             
1 55810U 23029Q   26162.67419992  .00000056  00000+0  10674-3 0  9990
2 55810  87.9164 306.0741 0001668 105.6800 254.4517 13.19725229158168
ONEWEB-0648             
1 55811U 23029R   26162.63188713 -.00000264  00000+0 -74631-3 0  9997
2 55811  87.8960 290.8107 0000975 108.9181 251.2055 13.14502953158665
ONEWEB-0649             
1 55812U 23029S   26162.39619363  .00000055  00000+0  10585-3 0  9995
2 55812  87.9162 306.1271 0001571  97.9468 262.1843 13.19725198158166
ONEWEB-0650             
1 55813U 23029T   26162.69471115 -.00000016  00000+0 -71848-4 0  9999
2 55813  87.9165 306.0703 0001401 111.8788 248.2494 13.19724596158171
ONEWEB-0652             
1 55814U 23029U   26162.38450904 -.00000200  00000+0 -57294-3 0  9992
2 55814  87.8956 290.8675 0002050  99.5220 260.6141 13.14504663158602
ONEWEB-0653             
1 55815U 23029V   26162.59701198  .00000021  00000+0  21390-4 0  9998
2 55815  87.8961 290.8229 0001890  97.2267 262.9077 13.14503093158666
ONEWEB-0654             
1 55816U 23029W   26162.59225802  .00000119  00000+0  28600-3 0  9990
2 55816  87.8959 290.8200 0002174  93.6905 266.4473 13.14503583158683
ONEWEB-0656             
1 55817U 23029X   26162.67416617 -.00000006  00000+0 -46385-4 0  9994
2 55817  87.9197 275.5282 0002333  94.2236 265.9164 13.20772961160421
ONEWEB-0657             
1 55818U 23029Y   26162.68999222 -.00000027  00000+0 -99345-4 0  9991
2 55818  87.9165 306.0699 0002454 105.8502 254.2901 13.19724691158183
ONEWEB-0658             
1 55819U 23029Z   26162.68525134  .00000019  00000+0  14230-4 0  9998
2 55819  87.9172 306.0460 0001569 108.8205 251.3098 13.19724445158190
ONEWEB-0660             
1 55820U 23029AA  26162.64617611  .00000247  00000+0  63079-3 0  9995
2 55820  87.8968 290.8021 0001596  94.8532 265.2780 13.14503288158674
ONEWEB-0661             
1 55821U 23029AB  26162.60494961 -.00000116  00000+0 -34647-3 0  9999
2 55821  87.8951 290.8559 0001686  92.0314 268.1008 13.14502523158655
ONEWEB-0662             
1 55822U 23029AC  26162.63983522  .00000163  00000+0  40434-3 0  9990
2 55822  87.8946 290.8553 0001589  95.1001 265.0310 13.14502714158703
ONEWEB-0663             
1 55823U 23029AD  26162.55676383  .00000071  00000+0  14129-3 0  9996
2 55823  87.9192 275.6234 0001517 102.6485 257.4818 13.20869122160400
ONEWEB-0664             
1 55824U 23029AE  26162.58493280  .00000080  00000+0  16499-3 0  9995
2 55824  87.9178 275.5995 0001892  85.8341 274.3008 13.20770534160404
ONEWEB-0665             
1 55825U 23029AF  26162.60177907 -.00000091  00000+0 -28116-3 0  9997
2 55825  87.8951 290.8373 0001548  98.3025 261.8281 13.14503010158675
ONEWEB-0666             
1 55826U 23029AG  26162.57820238  .00000062  00000+0  12115-3 0  9994
2 55826  87.9180 275.5907 0002609 108.4667 251.6750 13.20771500160419
ONEWEB-0667             
1 55827U 23029AH  26162.57315873  .00000102  00000+0  21900-3 0  9996
2 55827  87.9196 275.5489 0001818  96.6022 263.5318 13.20771913160405
ONEWEB-0669             
1 55828U 23029AJ  26162.34083394  .00000103  00000+0  22047-3 0  9996
2 55828  87.9191 275.6068 0002355  89.4116 270.7287 13.20772027160374
ONEWEB-0670             
1 55829U 23029AK  26162.65569840  .00000251  00000+0  64368-3 0  9992
2 55829  87.8949 290.8441 0001732  87.3928 272.7400 13.14502723158705
ONEWEB-0671             
1 55830U 23029AL  26162.68050110  .00000027  00000+0  35248-4 0  9999
2 55830  87.9165 306.0731 0001698  94.6736 265.4591 13.19724134158177
ONEWEB-0672             
1 55831U 23029AM  26162.56304821  .00000089  00000+0  18691-3 0  9998
2 55831  87.9191 275.5557 0002238 100.5202 259.6184 13.20772236160409
ONEWEB-0673             
1 55832U 23029AN  26162.65760649  .00000096  00000+0  20779-3 0  9991
2 55832  87.9171 306.0689 0001741  94.1708 265.9623 13.19727029158178
ONEWEB-0674             
1 55833U 23029AP  26162.62397538 -.00000069  00000+0 -21950-3 0  9996
2 55833  87.8948 290.8273 0001788  86.6774 273.4561 13.14504259158683
ONEWEB-0675             
1 55834U 23029AQ  26162.67261466  .00000051  00000+0  95550-4 0  9999
2 55834  87.9163 306.0761 0002046 105.0945 255.0414 13.19724464158196
ONEWEB-0720             
1 55835U 23029AR  26162.66471135  .00000092  00000+0  19668-3 0  9995
2 55835  87.9164 306.0779 0001554 101.1067 259.0240 13.19724617158115
ONEWEB-0537             
1 56046U 23043A   26162.64682245  .00000021  00000+0  21402-4 0  9992
2 56046  87.9100 229.8716 0002244 100.6590 259.4794 13.16593878158236
ONEWEB-0538             
1 56047U 23043B   26162.64049000  .00000021  00000+0  21429-4 0  9998
2 56047  87.9101 229.8753 0002056 105.8767 254.2591 13.16594389158240
ONEWEB-0546             
1 56048U 23043C   26162.62782509  .00000050  00000+0  97712-4 0  9995
2 56048  87.9101 229.8777 0002738 100.4191 259.7249 13.16594346158238
ONEWEB-0547             
1 56049U 23043D   26162.64659133  .00000019  00000+0  14616-4 0  9991
2 56049  87.9259 245.0763 0001912 103.5544 256.5803 13.21825320157490
ONEWEB-0548             
1 56050U 23043E   26162.65235274  .00000042  00000+0  76158-4 0  9995
2 56050  87.9099 229.8692 0002084  85.4528 274.6841 13.16596658158235
ONEWEB-0549             
1 56051U 23043F   26162.64070818  .00000024  00000+0  25772-4 0  9992
2 56051  87.9253 245.0843 0002029 110.5554 249.5798 13.21825225157494
ONEWEB-0550             
1 56052U 23043G   26162.62726147 -.00000012  00000+0 -60725-4 0  9990
2 56052  87.9255 245.0843 0001950  93.6853 266.4504 13.21825615157498
ONEWEB-0551             
1 56053U 23043H   26162.67910346 -.00000098  00000+0 -29470-3 0  9997
2 56053  87.9003 260.3238 0001831 110.5282 249.6045 13.15549335155677
ONEWEB-0552             
1 56054U 23043J   26162.69789101 -.00000016  00000+0 -71290-4 0  9991
2 56054  87.9252 245.0758 0001822  99.5356 260.5983 13.21827875157501
ONEWEB-0553             
1 56055U 23043K   26162.48216287  .00001944  00000+0  50505-2 0  9992
2 56055  87.9097 229.9071 0003022 105.3336 254.8129 13.16584203158223
ONEWEB-0554             
1 56056U 23043L   26162.69748521 -.00000036  00000+0 -12734-3 0  9993
2 56056  87.9095 229.8735 0002056  83.5686 276.5679 13.16585037158237
ONEWEB-0555             
1 56057U 23043M   26162.65947307 -.00000048  00000+0 -15815-3 0  9999
2 56057  87.9104 229.8688 0002658  98.2860 261.8573 13.16596503158231
ONEWEB-0557             
1 56058U 23043N   26162.67373235 -.00000087  00000+0 -26025-3 0  9993
2 56058  87.9101 229.8766 0002949  76.9683 283.1776 13.16593757158235
ONEWEB-0558             
1 56059U 23043P   26162.69116097 -.00000019  00000+0 -77159-4 0  9997
2 56059  87.9254 245.0720 0002078 108.7205 251.4154 13.21827432157516
ONEWEB-0559             
1 56060U 23043Q   26162.67938024 -.00000075  00000+0 -21356-3 0  9998
2 56060  87.9257 245.0692 0001855 103.9036 256.2304 13.21827074157523
ONEWEB-0566             
1 56061U 23043R   26162.67266979 -.00000037  00000+0 -12064-3 0  9996
2 56061  87.9256 245.0687 0001798 107.4467 252.6863 13.21826656157503
ONEWEB-0568             
1 56062U 23043S   26162.69115447 -.00000020  00000+0 -86358-4 0  9992
2 56062  87.9097 229.8627 0002358  98.0255 262.1143 13.16593902158253
ONEWEB-0574             
1 56063U 23043T   26162.66592714 -.00000018  00000+0 -76056-4 0  9997
2 56063  87.9267 245.0724 0002115  94.2095 265.9281 13.21827197157549
ONEWEB-0575             
1 56064U 23043U   26162.68482220 -.00000040  00000+0 -13924-3 0  9999
2 56064  87.9097 229.8604 0002352  89.9134 270.2267 13.16593587158244
ONEWEB-0576             
1 56065U 23043V   26162.66581542 -.00000053  00000+0 -17205-3 0  9995
2 56065  87.9102 229.8715 0002202  92.9690 267.1693 13.16593717158232
ONEWEB-0577             
1 56066U 23043W   26162.67215347 -.00000082  00000+0 -24696-3 0  9998
2 56066  87.9101 229.8680 0002393  79.4825 280.6575 13.16593334158261
ONEWEB-0578             
1 56067U 23043X   26162.65247581  .00000036  00000+0  56155-4 0  9995
2 56067  87.9257 245.0735 0002363  99.6724 260.4676 13.21824230157506
ONEWEB-0579             
1 56068U 23043Y   26162.64408244  .00000053  00000+0  97264-4 0  9995
2 56068  87.9264 245.0720 0001747  99.6327 260.5004 13.21826194157511
ONEWEB-0581             
1 56069U 23043Z   26162.67846839 -.00000296  00000+0 -80670-3 0  9998
2 56069  87.9098 229.8780 0002199  83.1188 277.0193 13.16593934158237
ONEWEB-0609             
1 56070U 23043AA  26162.55313781  .00000127  00000+0  30334-3 0  9995
2 56070  87.8998 260.3342 0001996 102.8486 257.2867 13.15549115155691
ONEWEB-0613             
1 56071U 23043AB  26162.55075493  .00000034  00000+0  56874-4 0  9996
2 56071  87.8998 260.3469 0001722 104.9754 255.1567 13.15549995155690
ONEWEB-0630             
1 56072U 23043AC  26162.69810682 -.00000298  00000+0 -82469-3 0  9991
2 56072  87.9003 260.2888 0001742 103.5798 256.5526 13.15547662155709
ONEWEB-0632             
1 56073U 23043AD  26162.69337459  .00000995  00000+0  26099-2 0  9996
2 56073  87.9000 260.3077 0002409 102.9375 257.2024 13.15542321155701
ONEWEB-0633             
1 56074U 23043AE  26162.68701690 -.00000209  00000+0 -58877-3 0  9998
2 56074  87.9010 260.2842 0001732 111.9346 248.1968 13.15547216155689
ONEWEB-0634             
1 56075U 23043AF  26162.67277428 -.00000140  00000+0 -40635-3 0  9992
2 56075  87.9003 260.3276 0002249 105.6476 254.4902 13.15548040155675
ONEWEB-0635             
1 56076U 23043AG  26162.66800738 -.00000004  00000+0 -45263-4 0  9990
2 56076  87.9010 260.2906 0001989  92.3087 267.8271 13.15550702155702
ONEWEB-0636             
1 56077U 23043AH  26162.66009936  .00000024  00000+0  30442-4 0  9995
2 56077  87.9006 260.2988 0002001  94.4374 265.6985 13.15549159155685
ONEWEB-0637             
1 56078U 23043AJ  26162.65376431  .00000063  00000+0  13388-3 0  9994
2 56078  87.9001 260.3169 0002257  97.9854 262.1532 13.15548937155703
ONEWEB-0647             
1 56079U 23043AK  26162.64901377  .00000086  00000+0  19306-3 0  9998
2 56079  87.9000 260.3303 0001826  97.0832 263.0506 13.15548349155697
ONEWEB-0651             
1 56080U 23043AL  26162.72031427  .00000235  00000+0  58992-3 0  9999
2 56080  87.8999 260.3098 0002123  95.1267 265.0106 13.15548537156900
ONEWEB-0718             
1 56081U 23043AM  26162.63948087  .00000150  00000+0  36523-3 0  9991
2 56081  87.8998 260.3064 0002282 112.2201 247.9172 13.15551023155701
ONEWEB-0561             
1 56710U 23068A   26162.59168097  .00000091  00000+0  19185-3 0  9996
2 56710  87.9193 275.5583 0001804  89.3687 270.7653 13.20771179148761
ONEWEB-0668             
1 56711U 23068B   26162.65315286  .00000009  00000+0 -90410-5 0  9990
2 56711  87.9100 229.8712 0002561 102.3172 257.8246 13.16594148151056
ONEWEB-0676             
1 56712U 23068C   26162.66105404 -.00000027  00000+0 -10433-3 0  9997
2 56712  87.9101 229.8754 0002089  88.5662 271.5708 13.16593083150971
ONEWEB-0677             
1 56713U 23068D   26162.27684905  .00000078  00000+0  15941-3 0  9996
2 56713  87.9191 275.6126 0002315  94.5966 265.5431 13.20770047149021
ONEWEB-0678             
1 56714U 23068E   26162.68386181 -.00000147  00000+0 -42350-3 0  9990
2 56714  87.9011 260.2892 0001682  99.8153 260.3167 13.15548264148560
ONEWEB-0679             
1 56715U 23068F   26162.69589919 -.00000031  00000+0 -11489-3 0  9997
2 56715  87.9096 229.8603 0002607  93.7906 266.3523 13.16593783151004
ONEWEB-0680             
1 56716U 23068G   26162.64574948 -.00000012  00000+0 -61286-4 0  9999
2 56716  87.9263 245.0730 0002626 101.1419 259.0011 13.21827535150366
ONEWEB-0681             
1 56717U 23068H   26162.62640428 -.00000020  00000+0 -81127-4 0  9990
2 56717  87.9257 245.0783 0002198  73.4712 286.6664 13.21826777150355
ONEWEB-0682             
1 56718U 23068J   26162.70763949  .00000080  00000+0  17882-3 0  9994
2 56718  87.9005 260.2852 0002516 102.0520 258.0893 13.15548170148730
ONEWEB-0683             
1 56719U 23068K   26162.65534993  .00000101  00000+0  23441-3 0  9996
2 56719  87.9012 260.2951 0002213 104.6639 255.4737 13.15549031148692
ONEWEB-0684             
1 56720U 23068L   26162.66326705 -.00000015  00000+0 -73243-4 0  9991
2 56720  87.9009 260.2836 0001161 142.6589 217.4622 13.15547904148529
ONEWEB-0686             
1 56721U 23068M   26162.65632154 -.00000008  00000+0 -55387-4 0  9990
2 56721  87.9092 229.8918 0002144 107.3882 252.7484 13.16594580150984
ONEWEB-0694             
1 56722U 23068N   26162.66265146 -.00000071  00000+0 -22039-3 0  9992
2 56722  87.9112 229.8539 0002514 101.3559 258.7854 13.16594692151042
ONEWEB-0696             
1 56723U 23068P   26162.69652125 -.00000095  00000+0 -28698-3 0  9996
2 56723  87.8999 260.3157 0001489  98.6100 261.5199 13.15546322148643
ONEWEB-0703             
1 56724U 23068Q   26162.62999382  .00000042  00000+0  78605-4 0  9993
2 56724  87.8999 260.3102 0001267  81.4621 278.6652 13.15548310148525
ONEWEB-0721             
1 56725U 23068R   26162.54111384  .00000010  00000+0 -97466-5 0  9996
2 56725  86.6768  87.3182 0001920  78.2563 281.8786 13.22468888157193
ONEWEB-0015             
1 61594U 24188A   26162.58720477  .00000335  00000+0  91050-3 0  9993
2 61594  87.8892  22.2081 0002284  75.8714 284.2667 13.11419500 83722
ONEWEB-0687             
1 61595U 24188B   26162.61150169  .00000007  00000+0 -14198-4 0  9999
2 61595  87.9130   6.9864 0002352  89.3318 270.8083 13.17647384 85165
ONEWEB-0688             
1 61596U 24188C   26162.56425511  .00000067  00000+0  14006-3 0  9992
2 61596  87.9131   6.9953 0002861  69.6101 290.5338 13.17648497 85159
ONEWEB-0689             
1 61597U 24188D   26162.62110814 -.00000107  00000+0 -33777-3 0  9990
2 61597  87.8903  22.1584 0002009  92.3932 267.7426 13.11416273 83729
ONEWEB-0690             
1 61598U 24188E   26162.63127805 -.00000569  00000+0 -16411-2 0  9997
2 61598  87.8900  22.1680 0001369  67.1075 293.0198 13.11415073 83905
ONEWEB-0691             
1 61599U 24188F   26162.62620277 -.00000375  00000+0 -10941-2 0  9995
2 61599  87.8907  22.0775 0002176  80.5441 279.5933 13.11415006 83755
ONEWEB-0692             
1 61600U 24188G   26162.57023842 -.00000429  00000+0 -12472-2 0  9998
2 61600  87.8891  22.2029 0001685 110.8081 249.3228 13.11419398 83733
ONEWEB-0693             
1 61601U 24188H   26162.57606219  .00000041  00000+0  71736-4 0  9992
2 61601  87.9128   7.0132 0001496  62.2007 297.9276 13.17647983 85140
ONEWEB-0695             
1 61602U 24188J   26162.62280764 -.00000174  00000+0 -52702-3 0  9992
2 61602  87.8889  22.1844 0001942 100.9002 259.2344 13.11414321 83735
ONEWEB-0697             
1 61603U 24188K   26162.57872284 -.00000013  00000+0 -73823-4 0  9991
2 61603  87.8891  22.1836 0001555 109.7234 250.4062 13.11420081 83712
ONEWEB-0698             
1 61604U 24188L   26162.63297015 -.00000511  00000+0 -14780-2 0  9990
2 61604  87.8889  22.1869 0000698 104.8064 255.3141 13.11414960 83744
ONEWEB-0699             
1 61605U 24188M   26162.41235439  .00000689  00000+0  19362-2 0  9994
2 61605  87.8835  37.4162 0001454 102.2120 257.9170 13.10372470 82553
ONEWEB-0700             
1 61606U 24188N   26162.56672794  .00000679  00000+0  19096-2 0  9993
2 61606  87.8856  37.2936 0001825 104.1304 256.0027 13.10372266 82566
ONEWEB-0701             
1 61607U 24188P   26162.58331497  .00000016  00000+0  95605-5 0  9996
2 61607  87.8837  37.3815 0001418 109.1493 250.9788 13.10369401 82570
ONEWEB-0702             
1 61608U 24188Q   26162.60247462  .00000578  00000+0  15956-2 0  9999
2 61608  87.8908  22.0977 0001804 117.4765 242.6546 13.11417829 83753
ONEWEB-0704             
1 61609U 24188R   26162.57170808  .00000570  00000+0  15977-2 0  9990
2 61609  87.8848  37.3727 0002015 114.9812 245.1525 13.10371320 82555
ONEWEB-0705             
1 61610U 24188S   26162.57669202 -.00000305  00000+0 -91005-3 0  9998
2 61610  87.8843  37.3773 0002530  99.9793 260.1620 13.10366641 74728
ONEWEB-0706             
1 61611U 24188T   26162.40903386  .00000724  00000+0  20365-2 0  9998
2 61611  87.8842  37.4163 0001936 100.6805 259.4541 13.10373681 82628
ONEWEB-0707             
1 61612U 24188U   26162.56838814  .00000625  00000+0  17555-2 0  9996
2 61612  87.8846  37.3781 0001868 100.6398 259.4940 13.10371693 82588
ONEWEB-0708             
1 61613U 24188V   26162.58663294 -.00000131  00000+0 -41098-3 0  9991
2 61613  87.8833  37.3933 0002332  85.8499 274.2895 13.10369093 82560
