ONEWEB-0012             
1 44057U 19010A   26229.43073232  .00000003  00000+0 -26160-4 0  9998
2 44057  87.9086 216.6172 0002007 103.4673 256.6682 13.16595992359628
ONEWEB-0010             
1 44058U 19010B   26229.38006278 -.00000055  00000+0 -17793-3 0  9998
2 44058  87.9096 216.6246 0002361  82.4222 277.7177 13.16589072359660
ONEWEB-0008             
1 44059U 19010C   26229.25340106  .00000012  00000+0 -25836-5 0  9997
2 44059  87.9094 216.6447 0001654  86.2869 273.8451 13.16593886359766
ONEWEB-0007             
1 44060U 19010D   26229.10884303  .00000162  00000+0  39547-3 0  9992
2 44060  87.8954 247.0756 0002314  95.4005 264.7389 13.15549922359389
ONEWEB-0006             
1 44061U 19010E   26229.11281135  .00000117  00000+0  27730-3 0  9999
2 44061  87.8966 247.0451 0002031  88.7880 271.3483 13.15548367359434
ONEWEB-0011             
1 44062U 19010F   26229.46140895 -.00000154  00000+0 -44210-3 0  9990
2 44062  87.8968 246.9862 0002021  86.1366 273.9996 13.15548104359471
ONEWEB-0013             
1 45131U 20008A   26229.45145981  .00000332  00000+0  92660-3 0  9995
2 45131  87.8511  40.4509 0001770 124.1541 235.9754 13.09465665314087
ONEWEB-0017             
1 45132U 20008B   26229.39119505  .00000352  00000+0  97080-3 0  9995
2 45132  87.8854  24.0714 0001798  88.6870 271.4463 13.10373249315961
ONEWEB-0020             
1 45133U 20008C   26229.43700118  .00000253  00000+0  68739-3 0  9996
2 45133  87.8850  24.0636 0001759  96.1734 263.9593 13.10370678316369
ONEWEB-0021             
1 45134U 20008D   26229.14682985 -.00000635  00000+0 -18551-2 0  9998
2 45134  87.8844  24.1335 0001852  97.1740 262.9598 13.10371030316639
ONEWEB-0023             
1 45136U 20008F   26229.38694410 -.00000581  00000+0 -17003-2 0  9993
2 45136  87.8853  24.0716 0001576  95.8048 264.3259 13.10373889316096
ONEWEB-0024             
1 45137U 20008G   26229.35908976  .00000236  00000+0  63864-3 0  9998
2 45137  87.8857  24.0728 0001832  91.7113 268.4225 13.10369732316255
ONEWEB-0025             
1 45138U 20008H   26228.97701960  .00000086  00000+0  21152-3 0  9997
2 45138  87.8856  24.1387 0001501  83.9165 276.2133 13.10369571316537
ONEWEB-0026             
1 45139U 20008J   26229.65389190 -.00000459  00000+0 -13313-2 0  9996
2 45139  87.8932   8.8350 0001850  92.9011 267.2328 13.11417354319161
ONEWEB-0028             
1 45140U 20008K   26229.62818741  .00000057  00000+0  12372-3 0  9991
2 45140  87.8924   8.8454 0001783 115.3458 244.7855 13.11414399316673
ONEWEB-0032             
1 45141U 20008L   26229.39301516 -.00000411  00000+0 -12124-2 0  9993
2 45141  87.8854  24.0738 0001572 109.7729 250.3568 13.10375465316319
ONEWEB-0033             
1 45142U 20008M   26229.13835375 -.00000258  00000+0 -77460-3 0  9995
2 45142  87.8842  24.1292 0002107  83.0226 277.1141 13.10369668316192
ONEWEB-0035             
1 45143U 20008N   26229.38792087 -.00000566  00000+0 -16574-2 0  9995
2 45143  87.8851  24.0736 0001826  93.5684 266.5652 13.10373197315950
ONEWEB-0036             
1 45144U 20008P   26229.13651331 -.00000093  00000+0 -30227-3 0  9992
2 45144  87.8861  24.1461 0001646  99.7475 260.3838 13.10369143316342
ONEWEB-0038             
1 45145U 20008Q   26228.90109791  .00000050  00000+0  10438-3 0  9998
2 45145  87.8942   9.0019 0003465 105.3260 254.8251 13.11419889318287
ONEWEB-0039             
1 45146U 20008R   26228.83631655 -.00000366  00000+0 -10845-2 0  9993
2 45146  87.8847  24.1822 0001693 109.6884 250.4426 13.10370619316103
ONEWEB-0040             
1 45147U 20008S   26228.98225092 -.00000077  00000+0 -25564-3 0  9998
2 45147  87.8839  24.1616 0001484  94.2826 265.8471 13.10369744315824
ONEWEB-0043             
1 45149U 20008U   26229.36587264 -.00000103  00000+0 -33120-3 0  9992
2 45149  87.8851  24.0771 0001753 113.9655 246.1656 13.10368668316191
ONEWEB-0044             
1 45150U 20008V   26229.39457121 -.00000343  00000+0 -10178-2 0  9998
2 45150  87.8855  24.0740 0001694  97.7138 262.4182 13.10375338316492
ONEWEB-0045             
1 45151U 20008W   26228.89586467 -.00000259  00000+0 -76524-3 0  9993
2 45151  87.8938   8.9815 0001877 100.8830 259.2509 13.11417222318362
ONEWEB-0047             
1 45152U 20008X   26229.38763967 -.00000642  00000+0 -18747-2 0  9999
2 45152  87.8860  24.0748 0001965  92.1495 267.9858 13.10374290316210
ONEWEB-0048             
1 45153U 20008Y   26229.38269004 -.00000625  00000+0 -18276-2 0  9991
2 45153  87.8847  24.0912 0001869  97.6710 262.4629 13.10373236315823
ONEWEB-0049             
1 45154U 20008Z   26228.92779546 -.00000634  00000+0 -18537-2 0  9998
2 45154  87.8847  24.1706 0001334  94.3118 265.8162 13.10373987315988
ONEWEB-0051             
1 45155U 20008AA  26228.89418383 -.00000212  00000+0 -63367-3 0  9998
2 45155  87.8931   8.9860 0001797  97.1157 263.0175 13.11417640319042
ONEWEB-0052             
1 45156U 20008AB  26229.40660347  .00000310  00000+0  85046-3 0  9991
2 45156  87.8857  24.0653 0001439  98.6275 261.5015 13.10375160315950
ONEWEB-0053             
1 45157U 20008AC  26228.98054785 -.00000073  00000+0 -24661-3 0  9991
2 45157  87.8842  24.1673 0001576 111.6678 248.4618 13.10370322315872
ONEWEB-0054             
1 45158U 20008AD  26229.39796446 -.00000147  00000+0 -45783-3 0  9995
2 45158  87.8858  24.0719 0001727  91.9846 268.1479 13.10375906316042
ONEWEB-0056             
1 45159U 20008AE  26229.36897937 -.00000267  00000+0 -80149-3 0  9998
2 45159  87.8853  24.0722 0001652  87.8133 272.3183 13.10370023316192
ONEWEB-0057             
1 45160U 20008AF  26229.38622040 -.00000573  00000+0 -16788-2 0  9990
2 45160  87.8854  24.0796 0001426 109.8844 250.2437 13.10374231316360
ONEWEB-0058             
1 45161U 20008AG  26229.37264303 -.00000377  00000+0 -11162-2 0  9997
2 45161  87.8842  24.0838 0002026  93.0442 267.0918 13.10369495316434
ONEWEB-0059             
1 45162U 20008AH  26229.36925811 -.00000299  00000+0 -89426-3 0  9997
2 45162  87.8844  24.0851 0001583 108.2210 251.9090 13.10362167316332
ONEWEB-0062             
1 45163U 20008AJ  26229.39273865 -.00000413  00000+0 -12192-2 0  9999
2 45163  87.8860  24.0720 0002012  87.1710 272.9648 13.10375828316200
ONEWEB-0065             
1 45164U 20008AK  26228.96854346  .00000517  00000+0  14450-2 0  9993
2 45164  87.8852  24.1636 0001472  97.4033 262.7262 13.10370205315842
ONEWEB-0066             
1 45424U 20020A   26229.33669500 -.00000513  00000+0 -14831-2 0  9995
2 45424  87.8927   8.8999 0001932  98.6190 261.5157 13.11415537310690
ONEWEB-0067             
1 45425U 20020B   26229.37419234  .00000531  00000+0  14625-2 0  9996
2 45425  87.8952   8.8271 0001675 100.2946 259.8371 13.11427510310754
ONEWEB-0080             
1 45426U 20020C   26229.37415315  .00000115  00000+0  28979-3 0  9999
2 45426  87.8941   8.8961 0002062  89.5614 270.5751 13.11420715310720
ONEWEB-0090             
1 45427U 20020D   26229.32667631 -.00000152  00000+0 -46433-3 0  9993
2 45427  87.8938   8.9092 0001855  95.1314 265.0025 13.11414591310685
ONEWEB-0061             
1 45428U 20020E   26229.35860972  .00000036  00000+0  67003-4 0  9996
2 45428  87.8936   8.8861 0001848  96.8507 263.2831 13.11418424310641
ONEWEB-0081             
1 45429U 20020F   26229.64529828  .00000854  00000+0  23729-2 0  9994
2 45429  87.8933   8.8381 0001799 102.8138 257.3191 13.11414315310793
ONEWEB-0069             
1 45430U 20020G   26229.34194621 -.00000484  00000+0 -14018-2 0  9994
2 45430  87.8934   8.9019 0001891 103.3088 256.8251 13.11414185310682
ONEWEB-0031             
1 45431U 20020H   26228.91963494  .00000491  00000+0  13497-2 0  9995
2 45431  87.8924   8.9856 0001938  92.3838 267.7512 13.11415436310617
ONEWEB-0027             
1 45432U 20020J   26229.61744373 -.00000052  00000+0 -16778-3 0  9998
2 45432  87.9189 353.6561 0001833  87.1293 273.0048 13.17649997314442
ONEWEB-0064             
1 45433U 20020K   26229.37570867  .00000609  00000+0  16832-2 0  9993
2 45433  87.8932   8.8900 0001850  91.7059 268.4281 13.11418478310708
ONEWEB-0018             
1 45434U 20020L   26228.94999417 -.00000423  00000+0 -12308-2 0  9992
2 45434  87.8931   8.9744 0002137 102.3535 257.7832 13.11415271310590
ONEWEB-0083             
1 45435U 20020M   26229.62678520  .00000142  00000+0  36513-3 0  9999
2 45435  87.8937   8.8371 0001852  95.8760 264.2579 13.11413654310720
ONEWEB-0095             
1 45436U 20020N   26229.38941726  .00000442  00000+0  12101-2 0  9993
2 45436  87.8926   8.8908 0001261  78.2766 281.8503 13.11415124310692
ONEWEB-0092             
1 45437U 20020P   26229.64880923 -.00000526  00000+0 -15187-2 0  9996
2 45437  87.8936   8.8319 0002003  99.7188 260.4166 13.11419509310847
ONEWEB-0085             
1 45438U 20020Q   26229.62649700  .00000105  00000+0  26172-3 0  9999
2 45438  87.8930   8.8400 0001780  96.2889 263.8442 13.11415361310727
ONEWEB-0096             
1 45439U 20020R   26229.39958385  .00000022  00000+0  26887-4 0  9998
2 45439  87.8935   8.8839 0001712  93.8700 266.2624 13.11415483310688
ONEWEB-0037             
1 45440U 20020S   26228.89065500 -.00000357  00000+0 -10435-2 0  9995
2 45440  87.8945   8.9602 0001673  92.8842 267.2477 13.11417793310652
ONEWEB-0042             
1 45441U 20020T   26229.61802788  .00000412  00000+0  11257-2 0  9997
2 45441  87.8935   8.8370 0001774  99.9452 260.1876 13.11415299310711
ONEWEB-0098             
1 45442U 20020U   26229.38504767  .00000522  00000+0  14382-2 0  9992
2 45442  87.8932   8.8918 0001860  94.6966 265.4375 13.11416450310661
ONEWEB-0055             
1 45443U 20020V   26229.36370137  .00000200  00000+0  52908-3 0  9993
2 45443  87.8938   8.8957 0001726  96.8864 263.2460 13.11421437310632
ONEWEB-0093             
1 45444U 20020W   26229.35690338 -.00000331  00000+0 -97037-3 0  9990
2 45444  87.8941   8.8963 0001910 105.4302 254.7037 13.11420954310697
ONEWEB-0029             
1 45445U 20020X   26229.37075696  .00000488  00000+0  13396-2 0  9993
2 45445  87.8930   8.8917 0001909 104.2306 255.9034 13.11419965310672
ONEWEB-0068             
1 45446U 20020Y   26229.34334910 -.00000452  00000+0 -13106-2 0  9990
2 45446  87.8938   8.8967 0001878 102.9241 257.2097 13.11417145310610
ONEWEB-0046             
1 45447U 20020Z   26228.95352203 -.00000586  00000+0 -16884-2 0  9996
2 45447  87.8928   8.9755 0001639 104.6341 255.4968 13.11415438310576
ONEWEB-0063             
1 45448U 20020AA  26229.36397347  .00000237  00000+0  63285-3 0  9990
2 45448  87.8940   8.8983 0001509  96.9707 263.1593 13.11419482310717
ONEWEB-0019             
1 45449U 20020AB  26229.32639857 -.00000098  00000+0 -31286-3 0  9995
2 45449  87.8931   8.8888 0001957  92.9067 267.2285 13.11414873310558
ONEWEB-0094             
1 45450U 20020AC  26228.87592843  .00000010  00000+0 -64675-5 0  9992
2 45450  87.9196 353.7914 0002061 100.7898 259.3466 13.17651183314306
ONEWEB-0087             
1 45451U 20020AD  26229.14499451  .00000429  00000+0  11753-2 0  9994
2 45451  87.8945   8.9202 0001990 104.5070 255.6279 13.11416392310572
ONEWEB-0082             
1 45452U 20020AE  26229.37048736  .00000470  00000+0  12912-2 0  9990
2 45452  87.8938   8.8872 0001854 112.0704 248.0621 13.11417797310694
ONEWEB-0050             
1 45453U 20020AF  26229.43968017  .00000945  00000+0  94419-4 0  9992
2 45453  88.9283 224.8857 0006173 101.5899 258.6023 14.90543557349507
ONEWEB-0034             
1 45454U 20020AG  26228.95027755 -.00000489  00000+0 -14159-2 0  9990
2 45454  87.8936   8.9803 0001777  97.4419 262.6911 13.11414606310557
ONEWEB-0060             
1 45455U 20020AH  26229.36298502  .00000174  00000+0  45423-3 0  9995
2 45455  87.8932   8.8921 0002608 113.6806 246.4596 13.11420043310561
ONEWEB-0086             
1 45456U 20020AJ  26229.64683989 -.00000432  00000+0 -12537-2 0  9992
2 45456  87.8939   8.8357 0002566  99.1424 260.9995 13.11416209310663
ONEWEB-0088             
1 45457U 20020AK  26229.62494520  .00000172  00000+0  44889-3 0  9997
2 45457  87.8945   8.8172 0001425 104.8007 255.3279 13.11414179310599
ONEWEB-0102             
1 47258U 20100A   26228.81873517 -.00000136  00000+0 -41401-3 0  9993
2 47258  87.8995 338.6286 0002090  98.8088 261.3277 13.12443967272685
ONEWEB-0109             
1 47259U 20100B   26229.58959999  .00000319  00000+0  85012-3 0  9995
2 47259  87.9006 338.4647 0001927  95.5855 264.5494 13.12443732272612
ONEWEB-0110             
1 47260U 20100C   26229.31175927  .00000162  00000+0  41494-3 0  9991
2 47260  87.9006 338.5040 0002205 101.9530 258.1846 13.12441549272742
ONEWEB-0111             
1 47261U 20100D   26229.57094003 -.00000346  00000+0 -99812-3 0  9998
2 47261  87.9005 338.4712 0001952 103.2234 256.9112 13.12441726272616
ONEWEB-0114             
1 47262U 20100E   26229.60144806  .00001190  00000+0  32711-2 0  9990
2 47262  87.9008 338.4640 0001589  96.6705 263.4605 13.12438634272573
ONEWEB-0117             
1 47263U 20100F   26229.59299623  .00000539  00000+0  14633-2 0  9996
2 47263  87.9004 338.4544 0001899 101.2211 258.9131 13.12442643272581
ONEWEB-0118             
1 47264U 20100G   26229.32191705 -.00000145  00000+0 -43923-3 0  9990
2 47264  87.9004 338.5107 0001575  97.7394 262.3914 13.12442633272745
ONEWEB-0119             
1 47265U 20100H   26229.57602896 -.00000153  00000+0 -46056-3 0  9995
2 47265  87.8995 338.4716 0001886  99.6600 260.4742 13.12444914272758
ONEWEB-0120             
1 47266U 20100J   26229.59989770  .00000434  00000+0  11709-2 0  9993
2 47266  87.8996 338.4688 0001903  94.9264 265.2082 13.12443816272785
ONEWEB-0121             
1 47267U 20100K   26228.82551884  .00000305  00000+0  81266-3 0  9993
2 47267  87.9003 338.6139 0002001 108.8439 251.2907 13.12445019272595
ONEWEB-0122             
1 47268U 20100L   26229.04831646  .00000077  00000+0  17858-3 0  9998
2 47268  87.9003 338.5746 0002038  96.4156 263.7205 13.12444453272531
ONEWEB-0123             
1 47269U 20100M   26229.27276879 -.00000167  00000+0 -50030-3 0  9996
2 47269  87.8995 338.5310 0001788  99.9438 260.1893 13.12444017272709
ONEWEB-0124             
1 47270U 20100N   26229.26260380 -.00000289  00000+0 -83874-3 0  9994
2 47270  87.8993 338.5352 0001943 103.1785 256.9561 13.12442170272580
ONEWEB-0125             
1 47271U 20100P   26229.31683551 -.00000004  00000+0 -45531-4 0  9994
2 47271  87.9006 338.5151 0001747 109.0236 251.1082 13.12441357272651
ONEWEB-0126             
1 47272U 20100Q   26229.03235048 -.00000374  00000+0 -10755-2 0  9996
2 47272  87.8997 338.5828 0001844  96.2317 263.9022 13.12443992272681
ONEWEB-0127             
1 47273U 20100R   26229.53200032  .00000338  00000+0  90297-3 0  9995
2 47273  87.8994 338.4798 0001888  96.6053 263.5290 13.12441825272779
ONEWEB-0128             
1 47274U 20100S   26229.02035761 -.00000339  00000+0 -97900-3 0  9996
2 47274  87.8993 338.5948 0002217 102.0173 258.1204 13.12441731272725
ONEWEB-0129             
1 47275U 20100T   26229.53368296  .00000407  00000+0  10967-2 0  9996
2 47275  87.9004 338.4730 0001977  67.9429 292.1909 13.12443392272728
ONEWEB-0130             
1 47276U 20100U   26229.02714380 -.00000418  00000+0 -11969-2 0  9997
2 47276  87.9004 338.5696 0001900  99.2686 260.8658 13.12448881272620
ONEWEB-0131             
1 47277U 20100V   26228.87126641 -.00000763  00000+0 -21573-2 0  9992
2 47277  87.8992 338.6121 0002288  93.8953 266.2438 13.12440187272646
ONEWEB-0132             
1 47278U 20100W   26229.05254027  .00000236  00000+0  62000-3 0  9998
2 47278  87.8997 338.5796 0001916 102.5100 257.6243 13.12445792272564
ONEWEB-0133             
1 47279U 20100X   26229.60301824  .00000471  00000+0  12732-2 0  9995
2 47279  87.9008 338.4536 0002059 101.6833 258.4526 13.12442375272794
ONEWEB-0134             
1 47280U 20100Y   26229.57263941 -.00000254  00000+0 -74180-3 0  9997
2 47280  87.9009 338.4565 0002085  94.8091 265.3276 13.12444830272761
ONEWEB-0135             
1 47281U 20100Z   26228.85771659 -.00000152  00000+0 -45786-3 0  9995
2 47281  87.8998 338.6128 0002153  95.7108 264.4266 13.12441202272691
ONEWEB-0136             
1 47282U 20100AA  26229.02881040 -.00000412  00000+0 -11809-2 0  9999
2 47282  87.9004 338.5656 0002119  93.7964 266.3407 13.12441249272640
ONEWEB-0137             
1 47283U 20100AB  26229.59637579  .00000463  00000+0  12524-2 0  9997
2 47283  87.9009 338.4662 0001777 101.4196 258.7132 13.12443422272628
ONEWEB-0138             
1 47284U 20100AC  26228.81196013 -.00000274  00000+0 -79828-3 0  9998
2 47284  87.9003 338.6248 0002020  94.3476 265.7884 13.12443706272603
ONEWEB-0139             
1 47285U 20100AD  26229.23397925  .00001845  00000+0  50940-2 0  9997
2 47285  87.9007 338.5280 0001908  93.2060 266.9287 13.12426382272739
ONEWEB-0140             
1 47286U 20100AE  26229.56924798 -.00000418  00000+0 -11959-2 0  9992
2 47286  87.9006 338.4524 0002052 103.0187 257.1171 13.12442929272740
ONEWEB-0141             
1 47287U 20100AF  26229.23368316  .00000202  00000+0  52606-3 0  9999
2 47287  87.9005 338.5235 0001600 100.9000 259.2308 13.12441193272688
ONEWEB-0142             
1 47288U 20100AG  26229.22210445  .00000510  00000+0  13835-2 0  9990
2 47288  87.8998 338.5437 0001651  89.8551 270.2767 13.12442295272670
ONEWEB-0143             
1 47289U 20100AH  26229.23213046  .00000257  00000+0  68030-3 0  9998
2 47289  87.8997 338.5416 0001790  98.1975 261.9357 13.12440471272658
ONEWEB-0144             
1 47290U 20100AJ  26229.05084233  .00000189  00000+0  48915-3 0  9998
2 47290  87.9009 338.5562 0001968  89.1901 270.9453 13.12444568272550
ONEWEB-0145             
1 47291U 20100AK  26228.86957464 -.00000347  00000+0 -99891-3 0  9999
2 47291  87.8997 338.6130 0001885  96.8875 263.2468 13.12442276272725
ONEWEB-0146             
1 47292U 20100AL  26229.01866217 -.00000299  00000+0 -86608-3 0  9991
2 47292  87.9005 338.5796 0002035 109.3230 250.8119 13.12441885272659
ONEWEB-0147             
1 47293U 20100AM  26229.28973397  .00000431  00000+0  11636-2 0  9993
2 47293  87.9006 338.5089 0002063  98.9971 261.1391 13.12442632272582
ONEWEB-0115             
1 48042U 21025A   26229.19397656  .00000133  00000+0  33024-3 0  9996
2 48042  87.8971 308.0902 0002040 100.2505 259.8854 13.13471468261605
ONEWEB-0152             
1 48043U 21025B   26229.20751468  .00000405  00000+0  10732-2 0  9996
2 48043  87.8980 308.0879 0002049 101.0017 259.1343 13.13469507261567
ONEWEB-0153             
1 48044U 21025C   26229.18549115 -.00000124  00000+0 -37457-3 0  9992
2 48044  87.8973 308.0903 0001964  97.0562 263.0791 13.13471884261553
ONEWEB-0154             
1 48045U 21025D   26228.95356620 -.00000373  00000+0 -10554-2 0  9998
2 48045  87.8975 308.1378 0002145  99.1352 261.0020 13.13470248261483
ONEWEB-0116             
1 48046U 21025E   26229.22104075  .00000315  00000+0  82779-3 0  9998
2 48046  87.8978 308.0815 0002060 100.7438 259.3923 13.13468644261661
ONEWEB-0150             
1 48047U 21025F   26229.19734154  .00000256  00000+0  66563-3 0  9999
2 48047  87.8981 308.0845 0001792 100.0932 260.0399 13.13472444261559
ONEWEB-0107             
1 48048U 21025G   26229.19905650  .00000273  00000+0  71149-3 0  9996
2 48048  87.8978 308.0798 0001932  94.4077 265.7273 13.13469882261538
ONEWEB-0101             
1 48049U 21025H   26229.61887129 -.00000138  00000+0 -41381-3 0  9991
2 48049  87.8969 308.0055 0002090  95.8375 264.2993 13.13467957261564
ONEWEB-0113             
1 48050U 21025J   26229.16660542 -.00000205  00000+0 -59402-3 0  9999
2 48050  87.8972 307.9998 0001839 101.0259 259.1077 13.13890988261611
ONEWEB-0112             
1 48051U 21025K   26229.20412076  .00000414  00000+0  10986-2 0  9995
2 48051  87.8980 308.0772 0002080  92.1909 267.9458 13.13470629261609
ONEWEB-0156             
1 48052U 21025L   26229.21260113  .00000511  00000+0  13647-2 0  9995
2 48052  87.8978 308.0852 0001871  96.8982 263.2360 13.13471383261581
ONEWEB-0161             
1 48053U 21025M   26229.18719590 -.00000019  00000+0 -85598-4 0  9991
2 48053  87.8977 308.0908 0001865  93.2422 266.8921 13.13470118261516
ONEWEB-0158             
1 48054U 21025N   26229.22275295  .00000232  00000+0  59931-3 0  9992
2 48054  87.8979 308.0814 0002255 102.8875 257.2506 13.13468710261640
ONEWEB-0157             
1 48055U 21025P   26229.17195716 -.00000232  00000+0 -66897-3 0  9997
2 48055  87.8971 308.0951 0001908  86.8852 273.2496 13.13468573261570
ONEWEB-0162             
1 48056U 21025Q   26229.22431006  .00000193  00000+0  49300-3 0  9993
2 48056  87.8970 308.0843 0001844 101.2519 258.8818 13.13470392261558
ONEWEB-0155             
1 48057U 21025R   26229.23121348  .00000018  00000+0  14786-4 0  9997
2 48057  87.8978 308.0812 0001903  97.0262 263.1084 13.13469392261693
ONEWEB-0149             
1 48058U 21025S   26229.17702516 -.00000222  00000+0 -64389-3 0  9995
2 48058  87.8973 308.0955 0001785 100.8109 259.3221 13.13471766261494
ONEWEB-0148             
1 48059U 21025T   26229.52067972  .00000311  00000+0  81803-3 0  9992
2 48059  87.8969 308.0303 0001402 100.0704 260.0584 13.13470647261663
ONEWEB-0160             
1 48060U 21025U   26229.23289011 -.00000008  00000+0 -56185-4 0  9993
2 48060  87.8969 308.0833 0002441 112.7795 247.3592 13.13470777261578
ONEWEB-0163             
1 48061U 21025V   26229.21766741  .00000365  00000+0  96337-3 0  9998
2 48061  87.8978 308.0863 0001908  90.4735 269.6613 13.13470785261698
ONEWEB-0159             
1 48062U 21025W   26229.51390438  .00000323  00000+0  84977-3 0  9999
2 48062  87.8980 308.0213 0001978  90.7315 269.4041 13.13471269261652
ONEWEB-0164             
1 48063U 21025X   26229.19056875  .00000052  00000+0  10627-3 0  9998
2 48063  87.8975 308.0918 0002053 100.2458 259.8903 13.13471911261596
ONEWEB-0167             
1 48064U 21025Y   26229.21850804  .00000376  00000+0  99510-3 0  9993
2 48064  87.8971 308.0906 0002406  86.0346 274.1059 13.13468621261584
ONEWEB-0166             
1 48065U 21025Z   26229.16517452 -.00000232  00000+0 -67010-3 0  9990
2 48065  87.8978 308.0784 0001911  98.5503 261.5842 13.13471070261659
ONEWEB-0151             
1 48066U 21025AA  26229.16686537 -.00000209  00000+0 -60794-3 0  9998
2 48066  87.8978 308.0922 0002065  96.8421 263.2944 13.13468396261597
ONEWEB-0170             
1 48067U 21025AB  26229.17533808 -.00000251  00000+0 -72132-3 0  9998
2 48067  87.8978 308.0929 0002516 102.7550 257.3860 13.13471028261559
ONEWEB-0168             
1 48068U 21025AC  26229.23628203 -.00000091  00000+0 -28546-3 0  9992
2 48068  87.8977 308.0818 0002008  96.3446 263.7912 13.13470784261573
ONEWEB-0173             
1 48069U 21025AD  26229.22781500  .00000106  00000+0  25593-3 0  9996
2 48069  87.8975 308.0822 0002037  88.3411 271.7951 13.13470899261818
ONEWEB-0171             
1 48070U 21025AE  26229.18887809 -.00000027  00000+0 -10981-3 0  9991
2 48070  87.8966 308.0959 0002083  98.2482 261.8884 13.13471897261623
ONEWEB-0172             
1 48071U 21025AF  26229.16857361 -.00000217  00000+0 -63000-3 0  9991
2 48071  87.8976 308.0952 0002091  93.8236 266.3132 13.13468692262519
ONEWEB-0174             
1 48072U 21025AG  26229.22613121  .00000157  00000+0  39574-3 0  9993
2 48072  87.8981 308.0823 0001817  98.1167 262.0168 13.13470139261845
ONEWEB-0175             
1 48073U 21025AH  26229.18041322 -.00000156  00000+0 -46271-3 0  9990
2 48073  87.8980 308.0773 0002339  96.2098 263.9298 13.13471533261495
ONEWEB-0177             
1 48074U 21025AJ  26229.19225471 -.00000139  00000+0 -41636-3 0  9992
2 48074  87.8973 308.0913 0001827  93.8986 266.2352 13.13470515261681
ONEWEB-0178             
1 48075U 21025AK  26229.51575082  .00000322  00000+0  84628-3 0  9995
2 48075  87.8968 308.0342 0002141  93.2593 266.8781 13.13469528261774
ONEWEB-0108             
1 48076U 21025AL  26229.17026899 -.00000250  00000+0 -71825-3 0  9992
2 48076  87.8977 308.0888 0001893 105.1020 255.0319 13.13469555261655
ONEWEB-0169             
1 48077U 21025AM  26229.20242567  .00000354  00000+0  93539-3 0  9998
2 48077  87.8976 308.0882 0001866  97.2969 262.8373 13.13471919260317
ONEWEB-0176             
1 48210U 21031A   26229.14932981  .00000013  00000+0  15710-5 0  9992
2 48210  87.8930 277.5495 0002057  92.2606 267.8760 13.14503807256326
ONEWEB-0184             
1 48211U 21031B   26229.12238782  .00000277  00000+0  71343-3 0  9993
2 48211  87.8933 277.5596 0002692  90.8625 269.2813 13.14501751256299
ONEWEB-0179             
1 48212U 21031C   26229.66668981 -.00020296  00000+0 -18662-2 0  9990
2 48212  87.8955 272.0492 0352759  55.1927  37.3978 14.57724767  5515
ONEWEB-0180             
1 48213U 21031D   26229.20165244  .00000314  00000+0  81355-3 0  9992
2 48213  87.8937 277.5416 0002050  84.6741 275.4622 13.14503477256232
ONEWEB-0218             
1 48214U 21031E   26229.14775712  .00000006  00000+0 -17484-4 0  9995
2 48214  87.8940 277.5515 0002659  80.7459 279.3971 13.14501380256382
ONEWEB-0209             
1 48215U 21031F   26229.59334079  .00000168  00000+0  41977-3 0  9993
2 48215  87.8928 277.4742 0001911  88.9547 271.1801 13.14500828256443
ONEWEB-0198             
1 48216U 21031G   26229.19703125  .00000164  00000+0  40666-3 0  9992
2 48216  87.8917 277.5470 0002109  83.8014 276.3355 13.14504050256503
ONEWEB-0189             
1 48217U 21031H   26229.59018315  .00000181  00000+0  45244-3 0  9993
2 48217  87.8935 277.4617 0002087  86.5663 273.5705 13.14503856256298
ONEWEB-0196             
1 48218U 21031J   26229.18738669  .00000184  00000+0  46243-3 0  9993
2 48218  87.8924 277.5501 0001956  91.4583 268.6771 13.14503824256248
ONEWEB-0183             
1 48219U 21031K   26229.16201529 -.00000094  00000+0 -28781-3 0  9991
2 48219  87.8929 277.5523 0001803  97.6123 262.5211 13.14503798256339
ONEWEB-0185             
1 48220U 21031L   26229.18819105  .00000122  00000+0  29512-3 0  9993
2 48220  87.8932 277.5447 0001613  90.3488 269.7826 13.14502361256261
ONEWEB-0187             
1 48221U 21031M   26229.16820855 -.00000160  00000+0 -46685-3 0  9990
2 48221  87.8928 277.5603 0001921  90.2175 269.9175 13.14501501256270
ONEWEB-0192             
1 48222U 21031N   26229.13824151  .00000157  00000+0  38973-3 0  9996
2 48222  87.8927 277.5559 0002046  92.2453 267.8911 13.14502395256187
ONEWEB-0219             
1 48223U 21031P   26229.19374415 -.00000885  00000+0 -24232-2 0  9998
2 48223  87.8931 277.5426 0001933  83.6853 276.4496 13.14494439256394
ONEWEB-0202             
1 48224U 21031Q   26229.55529150 -.00000153  00000+0 -44707-3 0  9995
2 48224  87.8926 277.4794 0002472  82.2156 277.9255 13.14503762256429
ONEWEB-0204             
1 48225U 21031R   26229.58939828  .00000250  00000+0  64047-3 0  9991
2 48225  87.8930 277.4672 0001696 102.4303 257.7016 13.14503858256322
ONEWEB-0205             
1 48226U 21031S   26229.18420725  .00000054  00000+0  10993-3 0  9992
2 48226  87.8934 277.5452 0001909  87.5906 272.5442 13.14504330256282
ONEWEB-0206             
1 48227U 21031T   26229.53785251 -.00000205  00000+0 -58812-3 0  9992
2 48227  87.8931 277.4729 0002073  99.1839 260.9526 13.14502975256280
ONEWEB-0182             
1 48228U 21031U   26229.15250653 -.00000081  00000+0 -25355-3 0  9992
2 48228  87.8932 277.5554 0001814  98.8885 261.2451 13.14502502256443
ONEWEB-0186             
1 48229U 21031V   26229.16359064 -.00000203  00000+0 -58207-3 0  9998
2 48229  87.8937 277.5495 0001969  92.5686 267.5669 13.14501145256390
ONEWEB-0181             
1 48230U 21031W   26229.14139369  .00000154  00000+0  37975-3 0  9994
2 48230  87.8922 277.5729 0001985  87.5924 272.5433 13.14502209256244
ONEWEB-0188             
1 48231U 21031X   26229.56004319 -.00000099  00000+0 -30259-3 0  9995
2 48231  87.8917 277.4887 0001960  94.5036 265.6317 13.14503814256201
ONEWEB-0220             
1 48232U 21031Y   26229.14298497  .00000091  00000+0  20978-3 0  9999
2 48232  87.8936 277.5541 0001732  90.9084 269.2244 13.14503944256417
ONEWEB-0165             
1 48233U 21031Z   26229.17153956 -.00000168  00000+0 -48784-3 0  9995
2 48233  87.8930 277.5577 0002162  84.7051 275.4325 13.14501681256374
ONEWEB-0199             
1 48234U 21031AA  26229.15567769 -.00000081  00000+0 -25325-3 0  9995
2 48234  87.8936 277.5501 0002034  99.8598 260.2762 13.14503870256277
ONEWEB-0203             
1 48235U 21031AB  26229.14617652  .00000054  00000+0  11109-3 0  9995
2 48235  87.8934 277.5540 0002191  94.9070 265.2310 13.14503459256282
ONEWEB-0197             
1 48236U 21031AC  26229.19675597  .00000173  00000+0  43094-3 0  9993
2 48236  87.8923 277.5261 0001724  98.9219 261.2106 13.14504799256200
ONEWEB-0194             
1 48237U 21031AD  26229.17629437 -.00000163  00000+0 -47545-3 0  9990
2 48237  87.8927 277.5538 0002214  98.6178 261.5203 13.14502341256378
ONEWEB-0193             
1 48238U 21031AE  26229.19214917  .00000191  00000+0  48152-3 0  9990
2 48238  87.8932 277.5412 0002336 103.4850 256.6540 13.14503758256320
ONEWEB-0191             
1 48239U 21031AF  26229.20325389  .00000193  00000+0  48594-3 0  9991
2 48239  87.8935 277.5416 0001828  96.8349 263.2989 13.14501678256185
ONEWEB-0195             
1 48240U 21031AG  26229.10413543 -.00000006  00000+0 -49771-4 0  9996
2 48240  87.8929 277.5613 0002086  85.0898 275.0469 13.14501299256155
ONEWEB-0201             
1 48241U 21031AH  26229.16850126 -.00000164  00000+0 -47731-3 0  9993
2 48241  87.8927 277.5606 0001661  93.2900 266.8420 13.14504425256394
ONEWEB-0207             
1 48242U 21031AJ  26229.14854129  .00000016  00000+0  81541-5 0  9992
2 48242  87.8934 277.5525 0001666  99.0045 261.1274 13.14501220256308
ONEWEB-0208             
1 48243U 21031AK  26229.58700237  .00000196  00000+0  49384-3 0  9997
2 48243  87.8928 277.4690 0002154  87.1172 273.0204 13.14503653256370
ONEWEB-0200             
1 48244U 21031AL  26229.47441147 -.00000190  00000+0 -54568-3 0  9994
2 48244  87.8939 277.4841 0001779  88.0073 272.1260 13.14501722256280
ONEWEB-0217             
1 48245U 21031AM  26229.18579032  .00000026  00000+0  35395-4 0  9992
2 48245  87.8931 277.5450 0002181  87.0202 273.1177 13.14503855256198
ONEWEB-0211             
1 48767U 21045A   26229.38692855 -.00000097  00000+0 -29004-3 0  9996
2 48767  87.8960 246.8688 0002546  79.0608 281.0809 13.16198090252499
ONEWEB-0223             
1 48768U 21045B   26229.49546668  .00000120  00000+0  28471-3 0  9991
2 48768  87.8961 246.9725 0002413  88.2356 271.9051 13.15549941252467
ONEWEB-0230             
1 48769U 21045C   26229.46694291 -.00000084  00000+0 -25800-3 0  9999
2 48769  87.8962 246.9868 0001964  96.0439 264.0915 13.15550055252725
ONEWEB-0237             
1 48770U 21045D   26229.07557883 -.00000086  00000+0 -26265-3 0  9991
2 48770  87.8954 247.0657 0002017  81.9539 278.1820 13.15547758252390
ONEWEB-0235             
1 48771U 21045E   26229.27840174  .00000089  00000+0  20253-3 0  9994
2 48771  87.8964 247.0172 0002458  90.4277 269.7135 13.15547418252418
ONEWEB-0242             
1 48772U 21045F   26229.50021581  .00000127  00000+0  30328-3 0  9991
2 48772  87.8965 246.9706 0002187  94.9109 265.2271 13.15549819252489
ONEWEB-0241             
1 48773U 21045G   26229.10725392  .00000173  00000+0  42667-3 0  9999
2 48773  87.8951 247.0602 0002367  87.7197 272.4204 13.15551029252346
ONEWEB-0243             
1 48774U 21045H   26229.44318627  .00000001  00000+0 -31289-4 0  9996
2 48774  87.8958 247.0064 0002510  98.7394 261.4020 13.15547615252415
ONEWEB-0222             
1 48775U 21045J   26229.50260818  .00000147  00000+0  35682-3 0  9992
2 48775  87.8963 246.9668 0002242  88.8337 271.3050 13.15547214252462
ONEWEB-0244             
1 48776U 21045K   26229.30057413 -.00000084  00000+0 -25652-3 0  9994
2 48776  87.8970 247.0050 0002195  92.7087 267.4295 13.15549803253005
ONEWEB-0247             
1 48777U 21045L   26229.44953645 -.00000074  00000+0 -22935-3 0  9992
2 48777  87.8959 246.9993 0002870  96.1274 264.0184 13.15548026252468
ONEWEB-0245             
1 48778U 21045M   26229.44476955 -.00000034  00000+0 -12455-3 0  9999
2 48778  87.8966 246.9851 0002143  87.5046 272.6330 13.15547146252431
ONEWEB-0229             
1 48779U 21045N   26229.44001700 -.00000012  00000+0 -64993-4 0  9993
2 48779  87.8966 246.9836 0002140  94.3737 265.7638 13.15549228252465
ONEWEB-0228             
1 48780U 21045P   26229.09314718 -.00000077  00000+0 -23976-3 0  9998
2 48780  87.8969 247.0485 0002132  91.7766 268.3609 13.15547981252333
ONEWEB-0232             
1 48781U 21045Q   26229.44794154 -.00000092  00000+0 -27899-3 0  9999
2 48781  87.8970 246.9776 0002050  89.3819 270.7546 13.15548752252703
ONEWEB-0231             
1 48782U 21045R   26229.50182315  .00000167  00000+0  41014-3 0  9993
2 48782  87.8961 246.9767 0002267  89.2775 270.8615 13.15549035252404
ONEWEB-0234             
1 48783U 21045S   26229.08335994 -.00000048  00000+0 -16094-3 0  9990
2 48783  87.8968 247.0443 0001737  68.4549 291.6767 13.15549439252489
ONEWEB-0238             
1 48784U 21045T   26229.08363759 -.00000055  00000+0 -17928-3 0  9996
2 48784  87.8968 247.0404 0001824  80.4927 279.6410 13.15547161252388
ONEWEB-0240             
1 48785U 21045U   26229.48517485  .00000020  00000+0  18093-4 0  9993
2 48785  87.8964 246.9694 0002256  85.9155 274.2233 13.15547812252463
ONEWEB-0246             
1 48786U 21045V   26229.09934350  .00000088  00000+0  19993-3 0  9998
2 48786  87.8965 247.0497 0002132  94.3361 265.8013 13.15549515252288
ONEWEB-0210             
1 48787U 21045W   26229.30215905 -.00000057  00000+0 -18480-3 0  9999
2 48787  87.8967 247.0065 0002827 102.4016 257.7431 13.15549650252353
ONEWEB-0214             
1 48788U 21045X   26229.08270629 -.00000087  00000+0 -26493-3 0  9995
2 48788  87.8967 247.0475 0002121 101.2542 258.8827 13.15549504252299
ONEWEB-0221             
1 48789U 21045Y   26229.08983080 -.00000041  00000+0 -14259-3 0  9995
2 48789  87.8964 247.0542 0002258  90.4298 269.7091 13.15549814252388
ONEWEB-0213             
1 48790U 21045Z   26229.07872948 -.00000181  00000+0 -51567-3 0  9994
2 48790  87.8964 247.0591 0002349  92.8924 267.2475 13.15549050252445
ONEWEB-0212             
1 48791U 21045AA  26229.05577939  .00000112  00000+0  26387-3 0  9999
2 48791  87.8965 247.0582 0002032  91.1989 268.9374 13.15548687252439
ONEWEB-0227             
1 48792U 21045AB  26229.13104235  .00000044  00000+0  81847-4 0  9991
2 48792  87.8964 247.0426 0002111  89.9627 270.1745 13.15547208252398
ONEWEB-0226             
1 48793U 21045AC  26229.50496744 -.00000926  00000+0 -24947-2 0  9999
2 48793  87.8961 246.9728 0002345  95.3846 264.7552 13.15551475252411
ONEWEB-0224             
1 48794U 21045AD  26229.08823599 -.00000146  00000+0 -42171-3 0  9999
2 48794  87.8956 247.0861 0002353  69.7128 290.4255 13.15550348252282
ONEWEB-0233             
1 48795U 21045AE  26229.32103858 -.00000035  00000+0 -12696-3 0  9992
2 48795  87.8953 247.0463 0002314  88.6948 271.4447 13.15548866252335
ONEWEB-0190             
1 48796U 21045AF  26229.08031387 -.00000247  00000+0 -68891-3 0  9996
2 48796  87.8964 247.0605 0002745  92.0791 268.0654 13.15548038252376
ONEWEB-0236             
1 48797U 21045AG  26229.09774578  .00000080  00000+0  17729-3 0  9991
2 48797  87.8952 247.0622 0001958  89.9882 270.1473 13.15550010252268
ONEWEB-0248             
1 48798U 21045AH  26229.11043913  .00000138  00000+0  33209-3 0  9992
2 48798  87.8963 247.0495 0002470  85.8451 274.2962 13.15547602252425
ONEWEB-0225             
1 48799U 21045AJ  26229.28473362  .00000049  00000+0  97077-4 0  9991
2 48799  87.8964 247.0205 0002636  91.8631 268.2801 13.15549828252457
ONEWEB-0215             
1 48800U 21045AK  26229.48279906  .00000014  00000+0  19509-5 0  9991
2 48800  87.8964 246.9669 0002709  88.5049 271.6392 13.15547967252353
ONEWEB-0216             
1 48801U 21045AL  26229.11201919  .00000188  00000+0  46517-3 0  9990
2 48801  87.8962 247.0536 0002017  93.6978 266.4383 13.15549589252317
ONEWEB-0239             
1 48802U 21045AM  26229.49707009  .00000110  00000+0  25884-3 0  9992
2 48802  87.8963 246.9801 0002754  82.2806 277.8637 13.15548993252400
ONEWEB-0249             
1 48967U 21060A   26229.38244674 -.00000039  00000+0 -13616-3 0  9995
2 48967  87.9093 216.6209 0002164  84.3949 275.7429 13.16595393247664
ONEWEB-0250             
1 48968U 21060B   26229.43634649 -.00000050  00000+0 -14512-3 0  9996
2 48968  87.9099 214.1678 0002107  58.8561 301.2782 13.25835867248332
ONEWEB-0252             
1 48970U 21060D   26229.41330145  .00000076  00000+0  16509-3 0  9995
2 48970  87.9096 216.6076 0002104  96.4853 263.6518 13.16596429247717
ONEWEB-0253             
1 48971U 21060E   26229.40223135  .00000063  00000+0  13059-3 0  9998
2 48971  87.9093 216.6149 0002128  83.9846 276.1528 13.16593164247640
ONEWEB-0254             
1 48972U 21060F   26229.25972557 -.00000009  00000+0 -58122-4 0  9994
2 48972  87.9094 216.6419 0002347  82.0203 278.1195 13.16596084247626
ONEWEB-0255             
1 48973U 21060G   26229.37372245 -.00000048  00000+0 -15880-3 0  9992
2 48973  87.9093 216.6243 0002287  84.0637 276.0755 13.16595940247716
ONEWEB-0256             
1 48974U 21060H   26229.39983711  .00000057  00000+0  11459-3 0  9997
2 48974  87.9088 216.6212 0002084  91.1176 269.0194 13.16596223247689
ONEWEB-0257             
1 48975U 21060J   26229.43231002  .00000003  00000+0 -25381-4 0  9994
2 48975  87.9099 216.6041 0002219  86.3399 273.7985 13.16595558247641
ONEWEB-0258             
1 48976U 21060K   26229.35789950 -.00000025  00000+0 -98204-4 0  9995
2 48976  87.9092 216.6313 0002090  85.3923 274.7446 13.16594753247645
ONEWEB-0259             
1 48977U 21060L   26229.42755609  .00000075  00000+0  16368-3 0  9991
2 48977  87.9097 216.6162 0002174  81.6038 278.5339 13.16595920247686
ONEWEB-0260             
1 48978U 21060M   26229.26686254  .00000113  00000+0  26127-3 0  9990
2 48978  87.9091 216.6467 0002066  95.9963 264.1403 13.16594284247645
ONEWEB-0261             
1 48979U 21060N   26229.00879358 -.00000036  00000+0 -12828-3 0  9991
2 48979  87.9091 216.6997 0002417  88.8605 271.2803 13.16595275247664
ONEWEB-0262             
1 48980U 21060P   26229.21698081 -.00000011  00000+0 -61984-4 0  9999
2 48980  87.9097 216.6459 0002224  79.7000 280.4382 13.16596272247650
ONEWEB-0263             
1 48981U 21060Q   26229.40064121  .00000041  00000+0  73129-4 0  9998
2 48981  87.9094 216.6215 0002432  86.1846 273.9564 13.16595665247642
ONEWEB-0264             
1 48982U 21060R   26229.43784999 -.00000015  00000+0 -72266-4 0  9998
2 48982  87.9091 216.6138 0002231  91.0503 269.0884 13.16595972247659
ONEWEB-0266             
1 48984U 21060T   26229.38322890 -.00000026  00000+0 -10075-3 0  9993
2 48984  87.9095 216.6181 0002043  85.3924 274.7440 13.16593919247635
ONEWEB-0267             
1 48985U 21060U   26229.39430555  .00000035  00000+0  58548-4 0  9999
2 48985  87.9094 216.6133 0002293  88.5578 271.5816 13.16595294247640
ONEWEB-0268             
1 48986U 21060V   26229.43862992 -.00000011  00000+0 -63495-4 0  9992
2 48986  87.9097 216.6133 0002054  90.1373 269.9993 13.16595022247917
ONEWEB-0269             
1 48987U 21060W   26229.41963762  .00000065  00000+0  13543-3 0  9993
2 48987  87.9090 216.6157 0001906  90.8974 269.2376 13.16595702247683
ONEWEB-0270             
1 48988U 21060X   26229.43707402 -.00000011  00000+0 -63172-4 0  9990
2 48988  87.9089 216.6155 0002373  81.8239 278.3161 13.16595363247724
ONEWEB-0271             
1 48989U 21060Y   26229.19639725  .00000006  00000+0 -16941-4 0  9991
2 48989  87.9095 216.6525 0002335  87.2790 272.8609 13.16596043247691
ONEWEB-0272             
1 48990U 21060Z   26229.37057168  .00000097  00000+0  21927-3 0  9996
2 48990  87.9089 216.6269 0002238  95.9698 264.1688 13.16595472247669
ONEWEB-0273             
1 48991U 21060AA  26229.39271381 -.00000039  00000+0 -13566-3 0  9992
2 48991  87.9089 216.6234 0002238  85.3004 274.8382 13.16594277247645
ONEWEB-0274             
1 48992U 21060AB  26229.26606344  .00000095  00000+0  21597-3 0  9993
2 48992  87.9088 216.6477 0002140  95.2177 264.9199 13.16593259247664
ONEWEB-0275             
1 48993U 21060AC  26228.95101161 -.00000016  00000+0 -74908-4 0  9996
2 48993  87.9095 216.7053 0002096 111.1586 248.9769 13.16593705247555
ONEWEB-0276             
1 48994U 21060AD  26229.44022426 -.00000004  00000+0 -44906-4 0  9990
2 48994  87.9098 216.6067 0002110  91.1821 268.9552 13.16595686247630
ONEWEB-0277             
1 48995U 21060AE  26229.37690347 -.00000035  00000+0 -12429-3 0  9994
2 48995  87.9089 216.6248 0002271  86.0373 274.1017 13.16593651247618
ONEWEB-0278             
1 48996U 21060AF  26229.36739280 -.00000048  00000+0 -15966-3 0  9997
2 48996  87.9097 216.6205 0001951  82.4655 277.6697 13.16595410247749
ONEWEB-0279             
1 48997U 21060AG  26229.37531047 -.00000036  00000+0 -12725-3 0  9997
2 48997  87.9096 216.6170 0002331  89.2376 270.9022 13.16595922247676
ONEWEB-0280             
1 48998U 21060AH  26229.39035650  .00000019  00000+0  16269-4 0  9996
2 48998  87.9093 216.6181 0002193  78.4350 281.7027 13.16593195247613
ONEWEB-0281             
1 48999U 21060AJ  26229.39590586  .00000037  00000+0  63034-4 0  9993
2 48999  87.9096 216.6132 0002034  91.1881 268.9483 13.16595079247681
ONEWEB-0282             
1 49000U 21060AK  26229.04599939  .00000046  00000+0  87229-4 0  9992
2 49000  87.9094 216.6892 0002194  85.6335 274.5047 13.16594101247612
ONEWEB-0283             
1 49001U 21060AL  26229.03490967  .00000132  00000+0  31172-3 0  9994
2 49001  87.9093 216.6909 0002246  89.2849 270.8539 13.16595335247625
ONEWEB-0284             
1 49002U 21060AM  26229.40855688  .00000063  00000+0  13179-3 0  9991
2 49002  87.9095 216.6111 0002059  77.7330 282.4031 13.16595422247658
ONEWEB-0285             
1 49075U 21075A   26229.58367133  .00000102  00000+0  24844-3 0  9994
2 49075  87.9005 338.4683 0001688 102.8743 257.2574 13.12443599243269
ONEWEB-0286             
1 49076U 21075B   26229.03207534 -.00000412  00000+0 -11817-2 0  9994
2 49076  87.8993 338.5884 0001711 103.9813 256.1506 13.12443361242546
ONEWEB-0287             
1 49077U 21075C   26229.06746321  .00000021  00000+0  21817-4 0  9997
2 49077  87.9189 353.7646 0001512 103.6284 256.5017 13.17653923241641
ONEWEB-0288             
1 49078U 21075D   26229.23720701  .00000100  00000+0  24192-3 0  9997
2 49078  87.9003 338.5295 0001682  98.7937 261.3382 13.12442537243198
ONEWEB-0289             
1 49079U 21075E   26228.87847417  .00000006  00000+0 -18884-4 0  9999
2 49079  87.9185 353.8208 0001990  87.6597 272.4763 13.17648504242197
ONEWEB-0290             
1 49080U 21075F   26229.07928148 -.00000056  00000+0 -17794-3 0  9999
2 49080  87.9199 353.7564 0002060  84.9376 275.1991 13.17649021241638
ONEWEB-0291             
1 49081U 21075G   26228.83627426  .00000025  00000+0  31160-4 0  9996
2 49081  87.9188 353.8075 0001578  90.2436 269.8877 13.17648263241590
ONEWEB-0293             
1 49082U 21075H   26229.62096116  .00000039  00000+0  66703-4 0  9997
2 49082  87.9188 353.6548 0001845  93.6363 266.4979 13.17648761241721
ONEWEB-0294             
1 49083U 21075J   26229.01527718 -.00000150  00000+0 -45116-3 0  9998
2 49083  87.9004 338.5784 0001960  90.0285 270.1068 13.12441404242558
ONEWEB-0295             
1 49084U 21075K   26229.31637014  .00000081  00000+0  17497-3 0  9995
2 49084  87.9190 353.7190 0001538  95.5607 264.5700 13.17648513241648
ONEWEB-0296             
1 49085U 21075L   26229.29988800  .00000486  00000+0  13145-2 0  9999
2 49085  87.9000 338.5290 0001617  96.8810 263.2503 13.12441184242591
ONEWEB-0297             
1 49086U 21075M   26229.02542274 -.00000422  00000+0 -12087-2 0  9998
2 49086  87.8994 338.5880 0001780 100.0271 260.1059 13.12441581243165
ONEWEB-0298             
1 49087U 21075N   26229.32072125  .00000126  00000+0  29236-3 0  9999
2 49087  87.9187 353.7164 0001829 102.7378 257.3958 13.17648028241676
ONEWEB-0299             
1 49088U 21075P   26229.32227663  .00000049  00000+0  92772-4 0  9999
2 49088  87.9197 353.7019 0001684 100.6299 259.5022 13.17649745241656
ONEWEB-0300             
1 49089U 21075Q   26229.01780500 -.00000321  00000+0 -92890-3 0  9995
2 49089  87.9006 338.5759 0001939 111.4320 248.7016 13.12440832243180
ONEWEB-0301             
1 49090U 21075R   26229.30667784  .00000279  00000+0  73943-3 0  9995
2 49090  87.9004 338.5158 0002044 109.0958 251.0392 13.12441173242587
ONEWEB-0302             
1 49091U 21075S   26229.59805233 -.00000471  00000+0 -13449-2 0  9990
2 49091  87.8996 338.4683 0001847  88.1717 271.9623 13.12449795242608
ONEWEB-0304             
1 49092U 21075T   26229.60071313  .00000018  00000+0  13852-4 0  9992
2 49092  87.9189 353.6633 0001673  98.8301 261.3021 13.17648737241664
ONEWEB-0305             
1 49093U 21075U   26229.06241266  .00000021  00000+0  22058-4 0  9991
2 49093  87.9199 353.7597 0001436 100.1091 260.0203 13.17649812241625
ONEWEB-0308             
1 49094U 21075V   26229.28633089  .00000379  00000+0  10182-2 0  9993
2 49094  87.9005 338.5251 0001931  99.9251 260.2095 13.12444732242578
ONEWEB-0309             
1 49095U 21075W   26229.59733327  .00000036  00000+0  60068-4 0  9994
2 49095  87.9188 353.6567 0001857  83.8507 276.2836 13.17649597241662
ONEWEB-0310             
1 49096U 21075X   26229.30159522  .00001966  00000+0  54275-2 0  9997
2 49096  87.8998 338.5383 0001901  99.2635 260.8709 13.12447675243200
ONEWEB-0311             
1 49097U 21075Y   26229.07253069  .00000013  00000+0 -70909-6 0  9992
2 49097  87.9185 353.7608 0001471 107.1147 253.0146 13.17649546241649
ONEWEB-0312             
1 49098U 21075Z   26229.61926553  .00000093  00000+0  20523-3 0  9999
2 49098  87.9188 353.6626 0001587  94.6165 265.5148 13.17649850241693
ONEWEB-0313             
1 49099U 21075AA  26229.32045774  .00000036  00000+0  60493-4 0  9993
2 49099  87.9187 353.7263 0001746  99.7365 260.3964 13.17648981241644
ONEWEB-0314             
1 49100U 21075AB  26228.90716301 -.00000082  00000+0 -24471-3 0  9998
2 49100  87.9199 353.7880 0001508  92.5932 267.5372 13.17648510241563
ONEWEB-0315             
1 49101U 21075AC  26229.57941790 -.00000041  00000+0 -14952-3 0  9993
2 49101  87.9004 338.4518 0001652 110.0788 250.0519 13.12445128243222
ONEWEB-0316             
1 49102U 21075AD  26229.23952429  .00000095  00000+0  20885-3 0  9997
2 49102  87.9206 323.3248 0002012  98.6255 261.5105 13.18684505245254
ONEWEB-0317             
1 49103U 21075AE  26229.58282205  .00000131  00000+0  32922-3 0  9990
2 49103  87.8998 338.4731 0002293  87.0370 273.1021 13.12442829243245
ONEWEB-0318             
1 49104U 21075AF  26229.23602707  .00000056  00000+0  11024-3 0  9992
2 49104  87.9207 323.3280 0001824 103.4010 256.7325 13.18684988245218
ONEWEB-0319             
1 49105U 21075AG  26228.84641670 -.00000025  00000+0 -96695-4 0  9997
2 49105  87.9188 353.8106 0001598 114.2482 245.8817 13.17648820241599
ONEWEB-0323             
1 49106U 21075AH  26228.80179521 -.00000482  00000+0 -13764-2 0  9996
2 49106  87.9005 338.6113 0001442 111.4046 248.7236 13.12442899242502
ONEWEB-0329             
1 49107U 21075AJ  26229.08265836 -.00000059  00000+0 -18611-3 0  9990
2 49107  87.9186 353.7652 0001695  97.3773 262.7551 13.17647620241608
ONEWEB-0330             
1 49108U 21075AK  26229.31397967  .00000054  00000+0  10713-3 0  9996
2 49108  87.9193 353.7315 0001735  94.2529 265.8801 13.17650195241673
ONEWEB-0292             
1 49186U 21083A   26229.18379201 -.00000328  00000+0 -93217-3 0  9993
2 49186  87.8966 308.1049 0001902 101.4758 258.6585 13.13469975238939
ONEWEB-0303             
1 49187U 21083B   26229.23266176  .00000136  00000+0  31307-3 0  9993
2 49187  87.9208 323.3270 0001813 103.3137 256.8198 13.18686696238024
ONEWEB-0306             
1 49188U 21083C   26229.52605093 -.00000007  00000+0 -50729-4 0  9990
2 49188  87.9214 323.2593 0002102  94.0853 266.0519 13.18686422238108
ONEWEB-0307             
1 49189U 21083D   26229.17788703 -.00000219  00000+0 -63559-3 0  9991
2 49189  87.8967 308.1036 0001874  99.7958 260.3383 13.13470709238931
ONEWEB-0320             
1 49190U 21083E   26229.01514835 -.00000001  00000+0 -34774-4 0  9996
2 49190  87.9202 323.3721 0001985  98.7951 261.3406 13.18685168237995
ONEWEB-0321             
1 49191U 21083F   26229.10950609  .00000060  00000+0  11499-3 0  9991
2 49191  87.9145 262.2885 0002225  93.2014 266.9374 13.20771630244875
ONEWEB-0322             
1 49192U 21083G   26229.17363558 -.00000168  00000+0 -49473-3 0  9994
2 49192  87.8968 308.1042 0002427  98.0575 262.0830 13.13469295238928
ONEWEB-0324             
1 49193U 21083H   26229.21579017  .00000118  00000+0  26723-3 0  9995
2 49193  87.9212 323.3263 0001894  94.9382 265.1967 13.18684428238044
ONEWEB-0325             
1 49194U 21083J   26229.52268353  .00000111  00000+0  24982-3 0  9996
2 49194  87.9201 323.2676 0002031 102.7316 257.4044 13.18686453238094
ONEWEB-0326             
1 49195U 21083K   26229.23447919  .00000121  00000+0  27321-3 0  9993
2 49195  87.9206 323.3271 0001857 107.3336 252.7999 13.18685396238047
ONEWEB-0327             
1 49196U 21083L   26229.23420661  .00000061  00000+0  12268-3 0  9996
2 49196  87.9200 323.3270 0001938 111.9009 248.2330 13.18684665238068
ONEWEB-0328             
1 49197U 21083M   26229.23966094 -.00000168  00000+0 -49401-3 0  9991
2 49197  87.8978 308.0698 0001891  94.8252 265.3093 13.13471260238911
ONEWEB-0331             
1 49198U 21083N   26229.22759571  .00000104  00000+0  23060-3 0  9992
2 49198  87.9210 323.3232 0001724 107.0103 253.1218 13.18684934238051
ONEWEB-0333             
1 49199U 21083P   26229.23458440  .00000007  00000+0 -14719-4 0  9990
2 49199  87.8969 308.0920 0002008 101.0296 259.1059 13.13470830238927
ONEWEB-0334             
1 49200U 21083Q   26229.12380285  .00000081  00000+0  16603-3 0  9996
2 49200  87.9148 262.2960 0002801  90.6432 269.5022 13.20769859244833
ONEWEB-0335             
1 49201U 21083R   26229.22952629  .00000088  00000+0  20691-3 0  9994
2 49201  87.8971 308.0901 0001848 102.9322 257.2014 13.13470245238935
ONEWEB-0336             
1 49202U 21083S   26229.20074733  .00000322  00000+0  84627-3 0  9994
2 49202  87.8967 308.0902 0001685 103.1652 256.9666 13.13470794238927
ONEWEB-0337             
1 49203U 21083T   26229.21075591  .00000341  00000+0  89964-3 0  9999
2 49203  87.8969 308.0944 0001829  95.2494 264.8844 13.13472038238920
ONEWEB-0338             
1 49204U 21083U   26229.10106824  .00000055  00000+0  10347-3 0  9993
2 49204  87.9147 262.3022 0002321  94.2837 265.8561 13.20770248244855
ONEWEB-0339             
1 49205U 21083V   26229.21936285  .00000309  00000+0  81222-3 0  9990
2 49205  87.8969 308.0861 0002230  94.5545 265.5839 13.13470649238902
ONEWEB-0340             
1 49206U 21083W   26229.51761906  .00000136  00000+0  31213-3 0  9993
2 49206  87.9206 323.2709 0001833 101.2570 258.8768 13.18686546238052
ONEWEB-0341             
1 49207U 21083X   26229.52436457  .00000128  00000+0  29118-3 0  9997
2 49207  87.9204 323.2698 0001689  88.1104 272.0221 13.18686001238073
ONEWEB-0342             
1 49208U 21083Y   26229.56236080 -.00000028  00000+0 -10059-3 0  9997
2 49208  87.9144 262.2003 0002116  92.7012 267.4364 13.20770934244888
ONEWEB-0343             
1 49209U 21083Z   26229.22929056  .00000081  00000+0  17349-3 0  9999
2 49209  87.9205 323.3269 0002272  92.7901 267.3491 13.18685755238088
ONEWEB-0344             
1 49210U 21083AA  26229.21427580  .00000409  00000+0  10854-2 0  9992
2 49210  87.8970 308.0994 0001697  88.3286 271.8037 13.13470879238901
ONEWEB-0345             
1 49211U 21083AB  26229.20580619  .00000382  00000+0  10106-2 0  9995
2 49211  87.8976 308.0887 0001815  90.4826 269.6511 13.13471680238919
ONEWEB-0346             
1 49212U 21083AC  26229.22591366  .00000095  00000+0  20904-3 0  9998
2 49212  87.9208 323.3257 0001547 116.7394 243.3896 13.18685919238028
ONEWEB-0348             
1 49213U 21083AD  26229.09770626  .00000028  00000+0  35826-4 0  9998
2 49213  87.9146 262.2981 0001523  93.0537 267.0770 13.20770271244856
ONEWEB-0350             
1 49214U 21083AE  26229.22456764  .00000219  00000+0  56546-3 0  9991
2 49214  87.8973 308.0883 0002881 110.7425 249.4013 13.13468473238942
ONEWEB-0351             
1 49215U 21083AF  26229.09084483  .00000026  00000+0  33158-4 0  9993
2 49215  87.9147 262.2987 0002379  79.9801 280.1600 13.20772405244817
ONEWEB-0352             
1 49216U 21083AG  26229.19565726  .00000154  00000+0  38795-3 0  9992
2 49216  87.8971 308.0979 0002317  91.2689 268.8706 13.13471420239038
ONEWEB-0354             
1 49217U 21083AH  26229.49669602  .00000023  00000+0  24521-4 0  9992
2 49217  87.9147 262.2157 0001637  89.7688 270.3633 13.20772324244903
ONEWEB-0355             
1 49218U 21083AJ  26229.22528794  .00000196  00000+0  50104-3 0  9996
2 49218  87.8971 308.0920 0002021  91.7965 268.3395 13.13470104238913
ONEWEB-0357             
1 49219U 21083AK  26229.49333975  .00001036  00000+0  25165-2 0  9993
2 49219  87.9156 262.2121 0001781  82.3457 277.7878 13.20771891244909
ONEWEB-0332             
1 49279U 21090A   26229.18898834  .00000158  00000+0  39279-3 0  9999
2 49279  87.8925 277.5510 0002215  97.8901 262.2480 13.14501605235597
ONEWEB-0347             
1 49280U 21090B   26229.10444682  .00000056  00000+0  10609-3 0  9994
2 49280  87.9145 262.2954 0002284  97.3636 262.7757 13.20772563239083
ONEWEB-0349             
1 49281U 21090C   26229.13642014  .00000089  00000+0  18674-3 0  9993
2 49281  87.9145 262.2901 0001993  93.8627 266.2735 13.20768219237876
ONEWEB-0353             
1 49282U 21090D   26229.10492495  .00000042  00000+0  79491-4 0  9991
2 49282  87.8930 277.5646 0002259  98.4682 261.6704 13.14504107235589
ONEWEB-0356             
1 49283U 21090E   26229.13474961  .00000050  00000+0  91068-4 0  9996
2 49283  87.9145 262.2838 0002018 117.4551 242.6788 13.20770228237874
ONEWEB-0358             
1 49284U 21090F   26229.09518490  .00000053  00000+0  98248-4 0  9998
2 49284  87.9149 262.2999 0001905  95.9901 264.1450 13.20772511238592
ONEWEB-0359             
1 49285U 21090G   26229.54045545 -.00000015  00000+0 -68258-4 0  9993
2 49285  87.9145 262.2027 0001851  89.4513 270.6832 13.20769874238637
ONEWEB-0360             
1 49286U 21090H   26229.53037347  .00000015  00000+0  52846-5 0  9999
2 49286  87.9145 262.2110 0002006  90.9106 269.2257 13.20770353237941
ONEWEB-0361             
1 49287U 21090J   26229.51185878  .00000035  00000+0  53276-4 0  9990
2 49287  87.9143 262.2134 0001895  94.8727 265.2623 13.20771318238398
ONEWEB-0362             
1 49288U 21090K   26229.58883911  .00000050  00000+0  91713-4 0  9996
2 49288  87.9154 292.7513 0002105  90.4866 269.6508 13.19724854235018
ONEWEB-0363             
1 49289U 21090L   26229.52698822  .00000022  00000+0  21417-4 0  9999
2 49289  87.9145 262.2104 0001943 103.2142 256.9209 13.20769369238401
ONEWEB-0364             
1 49290U 21090M   26229.48996610 -.00000011  00000+0 -59936-4 0  9999
2 49290  87.9145 262.2248 0002042  92.7447 267.3920 13.20771903239531
ONEWEB-0365             
1 49291U 21090N   26229.14341960 -.00000132  00000+0 -36222-3 0  9991
2 49291  87.9162 292.8328 0002101  96.2154 263.9218 13.19720406234468
ONEWEB-0366             
1 49292U 21090P   26229.55847560 -.00000144  00000+0 -42375-3 0  9993
2 49292  87.8926 277.4757 0001975  95.7481 264.3874 13.14503816235627
ONEWEB-0367             
1 49293U 21090Q   26229.52616163  .00000022  00000+0  21651-4 0  9992
2 49293  87.9146 262.2124 0002160  91.3397 268.7984 13.20770772237927
ONEWEB-0368             
1 49294U 21090R   26229.50006902  .00000063  00000+0  12347-3 0  9991
2 49294  87.9143 262.2217 0002545 106.9316 253.2097 13.20770851239079
ONEWEB-0369             
1 49295U 21090S   26229.59356600  .00000032  00000+0  47986-4 0  9998
2 49295  87.9155 292.7469 0002163 108.5919 251.5449 13.19723328234514
ONEWEB-0370             
1 49296U 21090T   26229.53541561 -.00000034  00000+0 -11658-3 0  9995
2 49296  87.9145 262.2094 0001906  86.0177 274.1174 13.20770110237961
ONEWEB-0371             
1 49297U 21090U   26229.22237615  .00000118  00000+0  26184-3 0  9995
2 49297  87.9160 292.8168 0002107 104.6891 255.4476 13.19723244234502
ONEWEB-0372             
1 49298U 21090V   26229.52518738  .00000039  00000+0  64833-4 0  9993
2 49298  87.9146 262.2135 0002056  94.8533 265.2835 13.20771881237938
ONEWEB-0373             
1 49299U 21090W   26229.09603418  .00000022  00000+0  21581-4 0  9991
2 49299  87.9147 262.2985 0001925  93.6293 266.5060 13.20771636239065
ONEWEB-0374             
1 49300U 21090X   26229.16516780 -.00000165  00000+0 -47867-3 0  9991
2 49300  87.8932 277.5467 0001738 112.1822 247.9492 13.14504247235579
ONEWEB-0375             
1 49301U 21090Y   26229.53879010 -.00000072  00000+0 -20782-3 0  9995
2 49301  87.9146 262.2026 0001663 108.5121 251.6193 13.20771718238623
ONEWEB-0376             
1 49302U 21090Z   26229.22080888  .00000113  00000+0  25086-3 0  9995
2 49302  87.9159 292.8168 0002234  96.8554 263.2833 13.19725465234507
ONEWEB-0377             
1 49303U 21090AA  26229.52546729  .00000014  00000+0  23630-5 0  9995
2 49303  87.9144 262.2073 0001881 102.9525 257.1818 13.20771052238618
ONEWEB-0378             
1 49304U 21090AB  26229.16686540  .00000026  00000+0  32391-4 0  9998
2 49304  87.9148 262.2817 0002008  98.2023 261.9338 13.20769718237830
ONEWEB-0379             
1 49305U 21090AC  26229.16043067 -.00000149  00000+0 -43547-3 0  9992
2 49305  87.8931 277.5569 0002010  99.5891 260.5466 13.14503771235577
ONEWEB-0380             
1 49306U 21090AD  26229.59672728  .00000061  00000+0  11891-3 0  9990
2 49306  87.9157 292.7437 0001863  97.5388 262.5956 13.19724125234529
ONEWEB-0381             
1 49307U 21090AE  26229.52194998 -.00000005  00000+0 -43192-4 0  9992
2 49307  87.9146 262.2130 0001843 100.0150 260.1192 13.20770403237920
ONEWEB-0382             
1 49308U 21090AF  26229.12969176  .00000110  00000+0  23836-3 0  9994
2 49308  87.9148 262.2852 0001989 102.7039 257.4317 13.20770280237864
ONEWEB-0383             
1 49309U 21090AG  26229.53466526 -.00000161  00000+0 -46769-3 0  9999
2 49309  87.8931 277.4753 0002038  99.1661 260.9699 13.14503806235656
ONEWEB-0384             
1 49310U 21090AH  26229.11635635  .00000140  00000+0  31268-3 0  9997
2 49310  87.9147 262.3311 0002042 108.8611 251.2744 13.20817724237873
ONEWEB-0385             
1 49311U 21090AJ  26229.12297250  .00007345  00000+0  18028-1 0  9997
2 49311  87.9144 262.2912 0001566  95.2416 264.8896 13.20736968237844
ONEWEB-0386             
1 49312U 21090AK  26229.51859449  .00000059  00000+0  11251-3 0  9993
2 49312  87.9149 262.2053 0002017 100.2573 259.8788 13.20770680237910
ONEWEB-0387             
1 49313U 21090AL  26229.12464533  .00000050  00000+0  91572-4 0  9993
2 49313  87.9145 262.2994 0001704  96.9210 263.2118 13.20770676237867
ONEWEB-0388             
1 49314U 21090AM  26229.59199694  .00000062  00000+0  12310-3 0  9993
2 49314  87.9157 292.7425 0002021 100.9736 259.1625 13.19725560234516
ONEWEB-0389             
1 50469U 21132A   26228.87172611  .00000043  00000+0  77243-4 0  9999
2 50469  87.9189 353.8063 0001558 106.0580 254.0723 13.17648437226079
ONEWEB-0390             
1 50470U 21132B   26228.87341117 -.00000013  00000+0 -67694-4 0  9998
2 50470  87.9189 353.8070 0001774  92.4607 267.6727 13.17648859226079
ONEWEB-0391             
1 50471U 21132C   26229.10291057  .00000021  00000+0  21754-4 0  9997
2 50471  87.9190 353.7710 0001026 103.8503 256.2743 13.17648200226100
ONEWEB-0392             
1 50472U 21132D   26229.58889848  .00000028  00000+0  37881-4 0  9996
2 50472  87.9198 353.6476 0001503 105.9470 254.1827 13.17649424226203
ONEWEB-0393             
1 50473U 21132E   26228.88100148 -.00000035  00000+0 -12287-3 0  9990
2 50473  87.9189 353.8003 0001726 102.0925 258.0400 13.17647120226102
ONEWEB-0394             
1 50474U 21132F   26229.17869860  .00000067  00000+0  13626-3 0  9998
2 50474  87.9210 323.3248 0001980 105.8664 254.2687 13.18684996229633
ONEWEB-0395             
1 50475U 21132G   26229.35718933 -.00000073  00000+0 -24038-3 0  9991
2 50475  87.8930   8.8925 0001738  91.9996 268.1331 13.11418052223739
ONEWEB-0396             
1 50476U 21132H   26229.17195569  .00000072  00000+0  15104-3 0  9997
2 50476  87.9208 323.3386 0001847 105.1376 254.9961 13.18685248229677
ONEWEB-0397             
1 50477U 21132J   26228.80774502 -.00000006  00000+0 -48934-4 0  9994
2 50477  87.9211 323.4109 0001950 105.5315 254.6033 13.18684560229604
ONEWEB-0398             
1 50478U 21132K   26229.32484038 -.00000055  00000+0 -19129-3 0  9992
2 50478  87.8935   8.8945 0001717  87.0643 273.0681 13.11414840223623
ONEWEB-0399             
1 50479U 21132L   26229.61647835  .00000432  00000+0  11828-2 0  9995
2 50479  87.8929   8.8456 0001526 111.4848 248.6443 13.11414803223657
ONEWEB-0400             
1 50480U 21132M   26229.01345691  .00000029  00000+0  40854-4 0  9991
2 50480  87.9211 323.3607 0001935  96.1061 264.0292 13.18684585229627
ONEWEB-0401             
1 50481U 21132N   26229.21073100  .00000089  00000+0  19341-3 0  9999
2 50481  87.9211 323.3193 0002173 104.8627 255.2746 13.18684825229654
ONEWEB-0402             
1 50482U 21132P   26228.79426856 -.00000027  00000+0 -10007-3 0  9996
2 50482  87.9210 323.3902 0002323 109.9378 250.2004 13.18685677229623
ONEWEB-0403             
1 50483U 21132Q   26229.19892643  .00000081  00000+0  17244-3 0  9991
2 50483  87.9208 323.3341 0001863 102.7259 257.4082 13.18685093229633
ONEWEB-0404             
1 50484U 21132R   26229.36891374  .00000419  00000+0  11460-2 0  9999
2 50484  87.8933   8.8919 0001490 100.3620 259.7676 13.11419571223712
ONEWEB-0405             
1 50485U 21132S   26229.21242574  .00000057  00000+0  11146-3 0  9996
2 50485  87.9213 323.3180 0001967  87.0353 273.1004 13.18685389230030
ONEWEB-0406             
1 50486U 21132T   26229.20398674  .00000116  00000+0  26110-3 0  9992
2 50486  87.9208 323.3324 0001512 109.6997 250.4298 13.18685185229660
ONEWEB-0407             
1 50487U 21132U   26229.19725509  .00000095  00000+0  20798-3 0  9994
2 50487  87.9212 323.3283 0002167  98.0859 262.0519 13.18686178229607
ONEWEB-0409             
1 50488U 21132V   26229.36721210  .00000355  00000+0  96619-3 0  9993
2 50488  87.8938   8.8832 0001520  95.6005 264.5296 13.11419964223608
ONEWEB-0412             
1 50489U 21132W   26229.18544138  .00000030  00000+0  42257-4 0  9996
2 50489  87.9206 323.3366 0002213 106.7261 253.4114 13.18685175229690
ONEWEB-0413             
1 50490U 21132X   26229.26638236  .00000149  00000+0  34535-3 0  9990
2 50490  87.9212 323.3172 0002246 101.6137 258.5247 13.18686635229646
ONEWEB-0414             
1 50491U 21132Y   26229.17532469  .00000063  00000+0  12723-3 0  9992
2 50491  87.9211 323.3213 0002002 106.2747 253.8606 13.18684872229660
ONEWEB-0417             
1 50492U 21132Z   26229.18376533  .00000048  00000+0  89942-4 0  9993
2 50492  87.9204 323.3347 0001739 103.5561 256.5765 13.18686078229645
ONEWEB-0418             
1 50493U 21132AA  26229.19372608 -.00000022  00000+0 -88595-4 0  9991
2 50493  87.9206 323.3348 0001688 101.9208 258.2114 13.18686028229701
ONEWEB-0419             
1 50494U 21132AB  26229.21324464  .00000122  00000+0  27677-3 0  9994
2 50494  87.9211 323.3333 0001761  96.1868 263.9464 13.18668101229625
ONEWEB-0420             
1 50495U 21132AC  26229.17702618  .00000009  00000+0 -98589-5 0  9998
2 50495  87.9202 323.3379 0002144  97.7786 262.3590 13.18685708229612
ONEWEB-0421             
1 50496U 21132AD  26229.01851933 -.00000022  00000+0 -87593-4 0  9995
2 50496  87.9205 323.3680 0002100 111.7131 248.4225 13.18684511229637
ONEWEB-0424             
1 50497U 21132AE  26229.20735761  .00000085  00000+0  18211-3 0  9994
2 50497  87.9208 323.3314 0001816  90.5082 269.6258 13.18685295229683
ONEWEB-0426             
1 50498U 21132AF  26229.16605281  .00000084  00000+0  18048-3 0  9990
2 50498  87.9210 323.3313 0001608 120.8369 239.2922 13.18687594229629
ONEWEB-0427             
1 50499U 21132AG  26229.20567244  .00000111  00000+0  24990-3 0  9996
2 50499  87.9212 323.3132 0001785 103.4665 256.6666 13.18685110229656
ONEWEB-0429             
1 50500U 21132AH  26229.19219308  .00000068  00000+0  13909-3 0  9991
2 50500  87.9204 323.3354 0002103  99.9558 260.1812 13.18686501229626
ONEWEB-0430             
1 50501U 21132AJ  26229.02863883 -.00000047  00000+0 -15084-3 0  9992
2 50501  87.9205 323.3665 0002184  96.7465 263.3916 13.18685310229643
ONEWEB-0432             
1 50502U 21132AK  26229.23925576  .00000127  00000+0  28826-3 0  9999
2 50502  87.9211 323.3134 0002013  86.9975 273.1387 13.18685041229620
ONEWEB-0440             
1 50503U 21132AL  26229.27650257  .00000140  00000+0  32208-3 0  9999
2 50503  87.9207 323.3173 0002236 104.7329 255.4051 13.18686847229624
ONEWEB-0450             
1 50504U 21132AM  26229.19400916  .00000115  00000+0  26018-3 0  9990
2 50504  87.9202 323.3330 0002143  98.4780 261.6595 13.18684844229641
ONEWEB-0410             
1 51622U 22012A   26229.26997384  .00000077  00000+0  16515-3 0  9996
2 51622  87.9195 353.7218 0001012 142.9505 217.1697 13.17649233221744
ONEWEB-0411             
1 51623U 22012B   26229.40475653  .00000106  00000+0  26617-3 0  9990
2 51623  87.8860  24.0719 0002168  79.3739 280.7632 13.10376931217309
ONEWEB-0415             
1 51624U 22012C   26229.40136859  .00000035  00000+0  64446-4 0  9997
2 51624  87.8857  24.0690 0001767  83.7303 276.4026 13.10376533217301
ONEWEB-0416             
1 51625U 22012D   26229.41324826  .00000540  00000+0  15096-2 0  9998
2 51625  87.8847  24.0810 0001668  81.6713 278.4604 13.10374752217346
ONEWEB-0422             
1 51626U 22012E   26229.58383002 -.00000080  00000+0 -24041-3 0  9990
2 51626  87.9193 353.6578 0002470  99.9463 260.1948 13.17649603221891
ONEWEB-0423             
1 51627U 22012F   26229.57708246  .00000016  00000+0  91015-5 0  9995
2 51627  87.9192 353.6626 0001804 102.6550 257.4783 13.17648281221789
ONEWEB-0425             
1 51628U 22012G   26229.42343187  .00000686  00000+0  19276-2 0  9998
2 51628  87.8850  24.0646 0001364  98.3115 261.8167 13.10372015217344
ONEWEB-0428             
1 51629U 22012H   26229.40305999  .00000128  00000+0  33158-3 0  9993
2 51629  87.8849  24.0740 0001771  93.5682 266.5648 13.10375667217304
ONEWEB-0431             
1 51630U 22012J   26229.37237033 -.00000353  00000+0 -10473-2 0  9990
2 51630  87.8849  24.0747 0002115  80.5048 279.6318 13.10369830217357
ONEWEB-0434             
1 51631U 22012K   26228.96881649  .00000517  00000+0  14445-2 0  9996
2 51631  87.8850  24.1815 0001393 111.7474 248.3802 13.10369472217289
ONEWEB-0435             
1 51632U 22012L   26229.43361588  .00000388  00000+0  10761-2 0  9998
2 51632  87.8845  24.0714 0002115  93.0416 267.0953 13.10369706217333
ONEWEB-0436             
1 51633U 22012M   26229.64458326 -.00000019  00000+0 -80840-4 0  9999
2 51633  87.9197 353.6350 0002082 102.3394 257.7971 13.17648998221773
ONEWEB-0438             
1 51634U 22012N   26229.41834718  .00000671  00000+0  18864-2 0  9995
2 51634  87.8848  24.0785 0001562  95.2904 264.8401 13.10373664217361
ONEWEB-0439             
1 51635U 22012P   26228.88724004  .00000595  00000+0  16671-2 0  9991
2 51635  87.8850  24.1722 0001698  98.8788 261.2531 13.10374503217274
ONEWEB-0442             
1 51636U 22012Q   26229.33324423  .00000046  00000+0  85413-4 0  9997
2 51636  87.9190 353.7246 0001354 110.0214 250.1063 13.17648551221721
ONEWEB-0443             
1 51637U 22012R   26229.35265467  .00000064  00000+0  13270-3 0  9993
2 51637  87.9190 353.7219 0001990 109.1473 250.9874 13.17649165221779
ONEWEB-0444             
1 51638U 22012S   26229.41155873  .00000516  00000+0  14419-2 0  9997
2 51638  87.8853  24.0667 0001855  98.9103 261.2234 13.10375436217359
ONEWEB-0445             
1 51639U 22012T   26228.97376938  .00000328  00000+0  90358-3 0  9993
2 51639  87.8851  24.1456 0001714  90.3374 269.7950 13.10369466217304
ONEWEB-0446             
1 51640U 22012U   26229.40986107  .00000448  00000+0  12464-2 0  9993
2 51640  87.8850  24.0832 0001558  83.1575 276.9730 13.10375298217341
ONEWEB-0448             
1 51641U 22012V   26229.18588251  .00000595  00000+0  16674-2 0  9997
2 51641  87.8844  24.1228 0001794  94.6953 265.4379 13.10373649217287
ONEWEB-0449             
1 51642U 22012W   26229.42004504  .00000725  00000+0  20407-2 0  9993
2 51642  87.8852  24.0654 0001173 100.0810 260.0450 13.10373028217321
ONEWEB-0451             
1 51643U 22012X   26229.33746739  .00000119  00000+0  27300-3 0  9994
2 51643  87.9198 353.6948 0001704 104.5565 255.5756 13.17648814221710
ONEWEB-0452             
1 51644U 22012Y   26228.88016709  .00000011  00000+0 -40922-5 0  9990
2 51644  87.9185 353.8158 0001821 112.4779 247.6546 13.17650396221668
ONEWEB-0456             
1 51646U 22012AA  26229.42852566  .00000594  00000+0  16666-2 0  9992
2 51646  87.8859  24.0558 0001921  95.2131 264.9216 13.10370803217362
ONEWEB-0457             
1 51647U 22012AB  26229.40632217  .00000255  00000+0  69300-3 0  9998
2 51647  87.8854  24.0721 0001480  84.7103 275.4194 13.10376636217364
ONEWEB-0458             
1 51648U 22012AC  26228.89317450  .00000470  00000+0  13092-2 0  9995
2 51648  87.8850  24.1633 0001765 102.1630 257.9695 13.10370880217254
ONEWEB-0461             
1 51649U 22012AD  26229.43365577  .00000047  00000+0  88313-4 0  9990
2 51649  87.9193 353.6882 0001734  96.2908 263.8421 13.17649207221953
ONEWEB-0463             
1 51650U 22012AE  26229.64290041  .00000012  00000+0 -15385-5 0  9991
2 51650  87.9192 353.6643 0001710  93.8189 266.3138 13.17648651221761
ONEWEB-0464             
1 51651U 22012AF  26229.65420945  .00000633  00000+0  17781-2 0  9998
2 51651  87.8847  24.0310 0001976 102.2654 257.8695 13.10372279217372
ONEWEB-0468             
1 51652U 22012AG  26229.65929155  .00000564  00000+0  15798-2 0  9995
2 51652  87.8843  24.0231 0001969  98.4361 261.6990 13.10370013217357
ONEWEB-0473             
1 51653U 22012AH  26228.95850308  .00000646  00000+0  18134-2 0  9999
2 51653  87.8842  24.1645 0001867  93.1819 266.9522 13.10372968217264
ONEWEB-0474             
1 51654U 22012AJ  26229.40816313  .00000387  00000+0  10736-2 0  9991
2 51654  87.8856  24.0654 0002010 100.4658 259.6696 13.10375692217317
ONEWEB-0475             
1 51655U 22012AK  26229.35096205  .00000137  00000+0  31900-3 0  9996
2 51655  87.9194 353.7157 0002375 108.7712 251.3678 13.17649070221742
ONEWEB-0490             
1 54113U 22138A   26229.62200379 -.00000025  00000+0 -94776-4 0  9995
2 54113  87.9161 292.7373 0002245  97.1265 263.0123 13.19725845184931
ONEWEB-0492             
1 54114U 22138B   26229.19238216  .00000094  00000+0  20159-3 0  9996
2 54114  87.9158 292.8211 0002200  92.2352 267.9033 13.19725820184884
ONEWEB-0495             
1 54115U 22138C   26229.17025682  .00000087  00000+0  18603-3 0  9999
2 54115  87.9158 292.8281 0002697  96.5628 263.5812 13.19724848184869
ONEWEB-0497             
1 54116U 22138D   26229.10709036  .00000018  00000+0  11562-4 0  9997
2 54116  87.9162 292.8363 0002136  97.1781 262.9595 13.19725110184843
ONEWEB-0499             
1 54117U 22138E   26229.16631883  .00000027  00000+0  35660-4 0  9993
2 54117  87.9156 292.8303 0002284  99.6695 260.4696 13.19726215184860
ONEWEB-0500             
1 54118U 22138F   26229.62357078 -.00000069  00000+0 -20543-3 0  9997
2 54118  87.9161 292.7363 0002012  97.2802 262.8560 13.19724206184937
ONEWEB-0501             
1 54119U 22138G   26229.19868516  .00000097  00000+0  21060-3 0  9998
2 54119  87.9161 292.8214 0002472  97.0024 263.1390 13.19724053184854
ONEWEB-0502             
1 54120U 22138H   26229.18448072  .00000078  00000+0  16260-3 0  9995
2 54120  87.9164 292.8143 0002264  99.9069 260.2320 13.19725654184870
ONEWEB-0503             
1 54121U 22138J   26229.17342675  .00000065  00000+0  12913-3 0  9994
2 54121  87.9166 292.8231 0001951 105.0192 255.1157 13.19726119184866
ONEWEB-0504             
1 54122U 22138K   26229.23659571  .00000044  00000+0  76495-4 0  9991
2 54122  87.9163 292.8142 0002252 101.0285 259.1101 13.19723896184883
ONEWEB-0505             
1 54123U 22138L   26229.23345550  .00000003  00000+0 -25993-4 0  9994
2 54123  87.9162 292.8145 0002492  99.9211 260.2203 13.19724147184860
ONEWEB-0506             
1 54124U 22138M   26229.20817239  .00000109  00000+0  23992-3 0  9992
2 54124  87.9161 292.8186 0002392  98.0639 262.0766 13.19724400184853
ONEWEB-0507             
1 54125U 22138N   26229.22870801  .00000013  00000+0  27651-6 0  9992
2 54125  87.9158 292.8212 0002255  96.9095 263.2294 13.19724485184909
ONEWEB-0508             
1 54126U 22138P   26229.22555455  .00000075  00000+0  15555-3 0  9993
2 54126  87.9158 292.8214 0002379  95.3044 264.8361 13.19726487184889
ONEWEB-0509             
1 54127U 22138Q   26229.20025917  .00000165  00000+0  38069-3 0  9992
2 54127  87.9165 292.8216 0002184  94.5589 265.5793 13.19724365184856
ONEWEB-0510             
1 54128U 22138R   26229.11623609  .00000020  00000+0  17561-4 0  9990
2 54128  87.9146 262.2886 0001501  97.5023 262.6280 13.20765857187325
ONEWEB-0511             
1 54129U 22138S   26229.19711836  .00000075  00000+0  15400-3 0  9998
2 54129  87.9159 292.8223 0002125 104.0978 256.0391 13.19726278184880
ONEWEB-0512             
1 54130U 22138T   26229.18923395  .00000104  00000+0  22670-3 0  9994
2 54130  87.9158 292.8255 0002384  99.8552 260.2850 13.19727327184852
ONEWEB-0513             
1 54131U 22138U   26229.16969916  .00000022  00000+0  21388-4 0  9997
2 54131  87.9161 292.7656 0002795 109.7200 250.4235 13.20271977184763
ONEWEB-0514             
1 54132U 22138V   26229.20501502  .00000021  00000+0  19178-4 0  9999
2 54132  87.9163 292.8208 0001921  98.1087 262.0264 13.19725611184874
ONEWEB-0515             
1 54133U 22138W   26229.10275541  .00000072  00000+0  14611-3 0  9992
2 54133  87.9151 262.2887 0001689  69.1662 290.9652 13.20770611187342
ONEWEB-0516             
1 54134U 22138X   26229.17973233  .00000077  00000+0  16016-3 0  9999
2 54134  87.9159 292.8281 0002142  94.0188 266.1190 13.19725096184875
ONEWEB-0517             
1 54135U 22138Y   26229.23501796  .00000032  00000+0  47350-4 0  9995
2 54135  87.9161 292.8134 0001957 105.5388 254.5961 13.19723475184886
ONEWEB-0518             
1 54136U 22138Z   26229.17816168  .00000055  00000+0  10589-3 0  9999
2 54136  87.9156 292.8298 0002121  92.4358 267.7018 13.19726734184876
ONEWEB-0519             
1 54137U 22138AA  26229.20344095  .00000059  00000+0  11485-3 0  9999
2 54137  87.9161 292.8202 0001980 101.7919 258.3436 13.19725294184888
ONEWEB-0520             
1 54138U 22138AB  26229.16236038  .00000081  00000+0  16976-3 0  9997
2 54138  87.9165 292.8293 0002305  96.7139 263.4256 13.19724489184862
ONEWEB-0521             
1 54139U 22138AC  26229.19553501  .00000105  00000+0  22951-3 0  9995
2 54139  87.9169 292.8131 0001910 103.0458 257.0888 13.19724952184815
ONEWEB-0522             
1 54140U 22138AD  26229.17501073  .00000094  00000+0  20201-3 0  9995
2 54140  87.9166 292.8193 0002197  99.3566 260.7815 13.19725903184859
ONEWEB-0523             
1 54141U 22138AE  26229.54384461  .00000395  00000+0  93908-3 0  9995
2 54141  87.9152 262.2089 0001337  79.6087 280.5197 13.20769273187401
ONEWEB-0524             
1 54142U 22138AF  26229.38223036 -.00000046  00000+0 -14600-3 0  9995
2 54142  87.9150 262.2378 0001936  68.9337 291.2003 13.20771291187380
ONEWEB-0525             
1 54143U 22138AG  26229.19395839  .00000135  00000+0  30541-3 0  9995
2 54143  87.9165 292.8219 0002418  94.0700 266.0709 13.19726517184873
ONEWEB-0526             
1 54144U 22138AH  26229.22711600 -.00002103  00000+0 -52851-2 0  9994
2 54144  87.9162 292.8156 0002299  86.7102 273.4294 13.19737193184853
ONEWEB-0529             
1 54145U 22138AJ  26229.23027850  .00000036  00000+0  57636-4 0  9992
2 54145  87.9158 292.8197 0002271  96.3271 263.8121 13.19723963184872
ONEWEB-0531             
1 54146U 22138AK  26229.52026289  .00000046  00000+0  80831-4 0  9994
2 54146  87.9147 262.2075 0001283  76.7874 283.3403 13.20769920187407
ONEWEB-0535             
1 54147U 22138AL  26229.18762731  .00000088  00000+0  18869-3 0  9993
2 54147  87.9166 292.8177 0001720  99.1790 260.9538 13.19724109184880
ONEWEB-0536             
1 54148U 22138AM  26229.12802023  .00000082  00000+0  16949-3 0  9998
2 54148  87.9138 262.3009 0001409  67.3318 292.7964 13.20771430187344
ONEWEB-0527             
1 54642U 22166A   26229.03655056 -.00000042  00000+0 -13410-3 0  9998
2 54642  87.9224 231.8811 0002155  89.8468 270.2913 13.21825117179579
ONEWEB-0528             
1 54643U 22166B   26229.26446896  .00000008  00000+0 -13344-4 0  9992
2 54643  87.9225 231.8389 0002308  88.2472 271.8926 13.21823921179616
ONEWEB-0539             
1 54644U 22166C   26229.30233964 -.00000065  00000+0 -18955-3 0  9994
2 54644  87.9232 231.8071 0002085  95.5303 264.6069 13.21825701179615
ONEWEB-0540             
1 54645U 22166D   26229.46059278 -.00000059  00000+0 -17378-3 0  9997
2 54645  87.9226 231.8017 0002024  92.7284 267.4082 13.21827017179628
ONEWEB-0542             
1 54646U 22166E   26229.08533482  .00000001  00000+0 -29273-4 0  9994
2 54646  87.9233 231.8497 0002051  98.6887 261.4480 13.21825583179580
ONEWEB-0545             
1 54647U 22166F   26229.42849348  .00000082  00000+0  16711-3 0  9994
2 54647  87.9225 231.7885 0001757 107.3641 252.7685 13.21825397179594
ONEWEB-0580             
1 54648U 22166G   26229.25187388  .00000000  00000+0 -30637-4 0  9990
2 54648  87.9224 231.8232 0001790  98.0017 262.1321 13.21825625179610
ONEWEB-0582             
1 54649U 22166H   26229.06684034  .00000039  00000+0  63487-4 0  9990
2 54649  87.9230 231.8535 0001977 103.0570 257.0785 13.21825887179563
ONEWEB-0583             
1 54650U 22166J   26229.07860849 -.00000012  00000+0 -60419-4 0  9998
2 54650  87.9226 231.8738 0002048  92.1453 267.9915 13.21824872179572
ONEWEB-0584             
1 54651U 22166K   26229.40158052 -.00000040  00000+0 -12950-3 0  9999
2 54651  87.9224 231.7934 0002025  91.1601 268.9765 13.21826101179602
ONEWEB-0585             
1 54652U 22166L   26229.04665762  .00000103  00000+0  21894-3 0  9996
2 54652  87.9232 231.8545 0002210  86.1532 273.9854 13.21826633179564
ONEWEB-0586             
1 54653U 22166M   26229.43859289  .00000025  00000+0  28606-4 0  9991
2 54653  87.9227 231.8003 0002112  95.5189 264.6186 13.21825210179612
ONEWEB-0587             
1 54654U 22166N   26229.44868089  .00000026  00000+0  31221-4 0  9999
2 54654  87.9235 231.7779 0002246  81.8959 278.2430 13.21824742179771
ONEWEB-0589             
1 54655U 22166P   26229.43522161  .00000023  00000+0  23863-4 0  9997
2 54655  87.9223 231.7848 0001745 114.5820 245.5496 13.21824915179636
ONEWEB-0590             
1 54656U 22166Q   26229.46031445 -.00000067  00000+0 -19390-3 0  9990
2 54656  87.9234 231.7758 0001695  82.5689 277.5638 13.21824929179627
ONEWEB-0591             
1 54657U 22166R   26229.09375670 -.00000027  00000+0 -97390-4 0  9994
2 54657  87.9224 231.8582 0001994  90.2320 269.9042 13.21825695179606
ONEWEB-0592             
1 54658U 22166S   26229.24850993  .00000005  00000+0 -20322-4 0  9994
2 54658  87.9233 231.8115 0002104  90.5901 269.5474 13.21826502179503
ONEWEB-0593             
1 54659U 22166T   26229.04327199  .00000058  00000+0  10888-3 0  9992
2 54659  87.9229 231.8602 0002133  94.3408 265.7970 13.21824386179581
ONEWEB-0594             
1 54660U 22166U   26229.44195944 -.00000022  00000+0 -84799-4 0  9995
2 54660  87.9225 231.7955 0002237  87.2799 272.8591 13.21826117179658
ONEWEB-0595             
1 54661U 22166V   26229.26700695  .00000082  00000+0  16751-3 0  9997
2 54661  87.9233 231.8158 0002151  83.8465 276.2914 13.21825492179608
ONEWEB-0596             
1 54662U 22166W   26229.24178527  .00000046  00000+0  79918-4 0  9994
2 54662  87.9227 231.8286 0002119  89.0420 271.0957 13.21826735179608
ONEWEB-0597             
1 54663U 22166X   26229.45036982 -.00000020  00000+0 -80567-4 0  9992
2 54663  87.9225 231.7894 0002061  93.1532 266.9838 13.21825025179632
ONEWEB-0600             
1 54664U 22166Y   26229.43185772  .00000048  00000+0  85585-4 0  9996
2 54664  87.9226 231.7843 0002258  93.4957 266.6435 13.21824803179600
ONEWEB-0601             
1 54665U 22166Z   26229.42344524  .00000034  00000+0  50969-4 0  9991
2 54665  87.9225 231.8016 0002024  97.8327 262.3037 13.21826674179792
ONEWEB-0602             
1 54666U 22166AA  26229.23757950 -.00000035  00000+0 -11728-3 0  9994
2 54666  87.9225 231.8445 0002302  94.1268 266.0129 13.21826642179611
ONEWEB-0603             
1 54667U 22166AB  26229.24346530  .00000035  00000+0  53257-4 0  9996
2 54667  87.9235 231.8064 0002112  91.9164 268.2212 13.21827409179540
ONEWEB-0604             
1 54668U 22166AC  26229.08030217 -.00000158  00000+0 -41419-3 0  9995
2 54668  87.9235 231.8549 0002134  87.8341 272.3037 13.21825108179482
ONEWEB-0605             
1 54669U 22166AD  26229.07356575  .00000014  00000+0  15023-5 0  9996
2 54669  87.9227 231.8644 0001533  98.7090 261.4218 13.21827483179550
ONEWEB-0606             
1 54670U 22166AE  26229.39820901 -.00000015  00000+0 -68356-4 0  9991
2 54670  87.9227 231.8120 0002231  87.7549 272.3840 13.21824249179654
ONEWEB-0607             
1 54671U 22166AF  26229.44026604  .00000028  00000+0  36858-4 0  9990
2 54671  87.9232 231.7787 0002112  94.6988 265.4387 13.21824863179630
ONEWEB-0608             
1 54672U 22166AG  26229.29561394  .00000059  00000+0  11175-3 0  9992
2 54672  87.9235 231.8060 0001757 101.2730 258.8602 13.21826478179622
ONEWEB-0610             
1 54673U 22166AH  26229.42681123  .00000081  00000+0  16381-3 0  9990
2 54673  87.9224 231.7878 0002043 106.8761 253.2597 13.21824692179540
ONEWEB-0611             
1 54674U 22166AJ  26229.42008500  .00000079  00000+0  15856-3 0  9996
2 54674  87.9228 231.7855 0002148  86.8595 273.2784 13.21825489179532
ONEWEB-0612             
1 54675U 22166AK  26229.43353698  .00000098  00000+0  20516-3 0  9999
2 54675  87.9236 231.7845 0002054  93.9777 266.1592 13.21824789179527
ONEWEB-0615             
1 54676U 22166AL  26229.26196292  .00000043  00000+0  73207-4 0  9992
2 54676  87.9226 231.8279 0002333  87.0608 273.0793 13.21826879179517
ONEWEB-0655             
1 54677U 22166AM  26229.23842086 -.00000006  00000+0 -45056-4 0  9991
2 54677  87.9226 231.8325 0002261  96.6590 263.4802 13.21825504179503
ONEWEB-0659             
1 54678U 22166AN  26229.40663935 -.00000005  00000+0 -43957-4 0  9992
2 54678  87.9224 231.7988 0002063  88.4408 271.6962 13.21826026179613
ONEWEB-0685             
1 54679U 22166AP  26229.07661448 -.00000061  00000+0 -17471-3 0  9996
2 54679  87.9221 231.8421 0001506  97.8415 262.2891 13.23185990179467
ONEWEB-0712             
1 54680U 22166AQ  26229.38956427 -.00000009  00000+0 -58371-4 0  9993
2 54680  87.9092 216.6169 0002489  94.0802 266.0613 13.16594180180110
ONEWEB-0714             
1 54681U 22166AR  26229.03319000  .00000039  00000+0  62265-4 0  9994
2 54681  87.9231 231.8632 0002393  92.7459 267.3949 13.21825250179572
ONEWEB-0532             
1 55140U 23004A   26229.61674431 -.00000096  00000+0 -27960-3 0  9990
2 55140  87.9188 353.6535 0001545  94.4802 265.6506 13.17648290175677
ONEWEB-0533             
1 55141U 23004B   26229.59961275  .00000415  00000+0  11184-2 0  9996
2 55141  87.8998 338.4711 0001886 106.6505 253.4831 13.12444065176112
ONEWEB-0541             
1 55142U 23004C   26229.37230508  .00000570  00000+0  15724-2 0  9997
2 55142  87.8936   8.8855 0001735  91.3310 268.8017 13.11419173173966
ONEWEB-0543             
1 55143U 23004D   26228.78919923  .00000016  00000+0  73520-5 0  9993
2 55143  87.9202 323.4243 0002236 101.8173 258.3210 13.18684499177686
ONEWEB-0544             
1 55144U 23004E   26229.23772172  .00000119  00000+0  26794-3 0  9991
2 55144  87.9200 323.3352 0002108  95.1782 264.9591 13.18686131177741
ONEWEB-0560             
1 55145U 23004F   26229.23097206  .00000094  00000+0  20474-3 0  9991
2 55145  87.9202 323.3263 0002220  96.0494 264.0891 13.18684976177750
ONEWEB-0565             
1 55146U 23004G   26229.52773639  .00000082  00000+0  17607-3 0  9996
2 55146  87.9192 323.2898 0001864  88.3303 271.8043 13.18686921177788
ONEWEB-0567             
1 55147U 23004H   26229.52099320  .00000016  00000+0  84681-5 0  9990
2 55147  87.9203 323.2806 0001977  90.4675 269.6684 13.18685610177782
ONEWEB-0569             
1 55148U 23004J   26229.17871791 -.00000213  00000+0 -61781-3 0  9997
2 55148  87.8979 308.0933 0002702  84.4844 275.6593 13.13472022178189
ONEWEB-0570             
1 55149U 23004K   26229.20905822  .00000077  00000+0  16237-3 0  9997
2 55149  87.9200 323.3395 0001479 100.6198 259.5101 13.18685941177730
ONEWEB-0571             
1 55150U 23004L   26229.20230459  .00000065  00000+0  13273-3 0  9990
2 55150  87.9199 323.3404 0002397  69.2488 290.8901 13.18685148177748
ONEWEB-0572             
1 55151U 23004M   26229.57202534  .00000166  00000+0  39410-3 0  9997
2 55151  87.9189 353.6644 0001804  94.5495 265.5843 13.17649627175564
ONEWEB-0573             
1 55152U 23004N   26229.19557472  .00000067  00000+0  13795-3 0  9998
2 55152  87.9201 323.3438 0002044  75.1585 284.9774 13.18685881177739
ONEWEB-0588             
1 55153U 23004P   26228.96118085  .00000147  00000+0  34081-3 0  9996
2 55153  87.9200 323.3896 0001513  92.7846 267.3459 13.18685323177705
ONEWEB-0598             
1 55154U 23004Q   26229.65545647 -.00000385  00000+0 -11235-2 0  9993
2 55154  87.8931   8.8354 0002184  79.4865 280.6509 13.11416969173956
ONEWEB-0599             
1 55155U 23004R   26229.60914981  .00000017  00000+0  93596-5 0  9993
2 55155  87.9190 353.6554 0002083  97.7609 262.3759 13.17649047175570
ONEWEB-0614             
1 55156U 23004S   26229.34519509 -.00001409  00000+0 -40131-2 0  9994
2 55156  87.8924   8.9034 0001316  98.6874 261.4403 13.11407189173858
ONEWEB-0616             
1 55157U 23004T   26229.57539870  .00000060  00000+0  12101-3 0  9990
2 55157  87.9194 353.6673 0002766 103.5945 256.5495 13.17648661175781
ONEWEB-0617             
1 55158U 23004U   26228.95182599 -.00000508  00000+0 -14686-2 0  9992
2 55158  87.8933   8.9776 0001403  96.1180 264.0108 13.11414754173827
ONEWEB-0618             
1 55159U 23004V   26229.48519466  .00003154  00000+0  17316-3 0  9991
2 55159  86.9120 152.7475 0015097  69.5465 290.7395 15.13658736191530
ONEWEB-0619             
1 55160U 23004W   26229.30371434  .00000089  00000+0  19549-3 0  9999
2 55160  87.9198 353.7068 0001855 112.1043 248.0286 13.17648891175645
ONEWEB-0620             
1 55161U 23004X   26228.94674432 -.00000329  00000+0 -96485-3 0  9996
2 55161  87.8927   8.9828 0001786  87.6477 272.4856 13.11414651173795
ONEWEB-0621             
1 55162U 23004Y   26229.66054593 -.00000202  00000+0 -60526-3 0  9994
2 55162  87.8938   8.8353 0001601 101.8090 258.3217 13.11419031173865
ONEWEB-0622             
1 55163U 23004Z   26228.90266893  .00000077  00000+0  18220-3 0  9991
2 55163  87.8933   8.9894 0001128  86.0572 274.0684 13.11418222173757
ONEWEB-0623             
1 55164U 23004AA  26229.07083366 -.00000069  00000+0 -21186-3 0  9991
2 55164  87.9186 353.7756 0001276 117.6311 242.4950 13.17649804175602
ONEWEB-0624             
1 55165U 23004AB  26229.23827418 -.00000020  00000+0 -91616-4 0  9997
2 55165  87.9001 338.4474 0001723  99.4156 260.7168 13.12928601176084
ONEWEB-0625             
1 55166U 23004AC  26229.59227026  .00000035  00000+0  57701-4 0  9997
2 55166  87.9192 353.6696 0001997 101.3119 258.8237 13.17650112175668
ONEWEB-0626             
1 55167U 23004AD  26229.35434100  .00000044  00000+0  79409-4 0  9994
2 55167  87.9190 353.7160 0002008  90.1724 269.9638 13.17649325175634
ONEWEB-0627             
1 55168U 23004AE  26229.64626988 -.00000029  00000+0 -10765-3 0  9998
2 55168  87.9191 353.6589 0001468 110.1694 249.9596 13.17648391175675
ONEWEB-0628             
1 55169U 23004AF  26229.31854548  .00000129  00000+0  32428-3 0  9997
2 55169  87.9003 338.5112 0001535 118.2321 241.8962 13.12442622176058
ONEWEB-0629             
1 55170U 23004AG  26229.31805346  .00000073  00000+0  15479-3 0  9996
2 55170  87.9188 353.7192 0001883 107.8102 252.3235 13.17654301175635
ONEWEB-0631             
1 55171U 23004AH  26229.18206861  .00000050  00000+0  94160-4 0  9999
2 55171  87.9211 323.3172 0001708  85.5454 274.5874 13.18685061177716
ONEWEB-0709             
1 55172U 23004AJ  26229.39435368  .00000271  00000+0  72919-3 0  9991
2 55172  87.8927   8.8968 0002257  75.3941 284.7437 13.11416163173897
ONEWEB-0710             
1 55173U 23004AK  26228.87678344 -.00000001  00000+0 -36426-4 0  9994
2 55173  87.9188 353.8024 0001682  99.4648 260.6673 13.17648122175576
ONEWEB-0711             
1 55174U 23004AL  26229.36551500  .00000269  00000+0  72186-3 0  9990
2 55174  87.8932   8.8915 0001083 104.3772 255.7476 13.11419450173857
ONEWEB-0713             
1 55175U 23004AM  26229.38417601  .00000560  00000+0  15429-2 0  9996
2 55175  87.8932   8.8902 0001409 101.0433 259.0853 13.11417441173847
ONEWEB-0715             
1 55176U 23004AN  26229.15020833  .00000532  00000+0  14658-2 0  9991
2 55176  87.8930   8.9368 0001873  74.9660 285.1675 13.11416893173851
ONEWEB-0716             
1 55177U 23004AP  26229.62939618  .00000115  00000+0  26320-3 0  9991
2 55177  87.9187 353.6558 0002093 100.8614 259.2753 13.17648534175677
ONEWEB-0717             
1 55178U 23004AQ  26229.30877948  .00000077  00000+0  16565-3 0  9991
2 55178  87.9198 353.7133 0001289  94.4915 265.6364 13.17649289175686
ONEWEB-0719             
1 55179U 23004AR  26229.62264741  .00000091  00000+0  20166-3 0  9996
2 55179  87.9199 353.6308 0001979 103.6677 256.4676 13.17648484175674
ONEWEB-0530             
1 55796U 23029A   26229.52869195  .00000012  00000+0 -14125-5 0  9995
2 55796  87.9134 262.2337 0001664 103.1559 256.9760 13.20771458169247
ONEWEB-0534             
1 55797U 23029B   26229.13812696  .00000049  00000+0  89106-4 0  9996
2 55797  87.9136 262.3134 0002140  94.6231 265.5147 13.20770982169197
ONEWEB-0556             
1 55798U 23029C   26229.52363579 -.00000002  00000+0 -37782-4 0  9995
2 55798  87.9136 262.2344 0002435 114.2505 245.8883 13.20770180169244
ONEWEB-0562             
1 55799U 23029D   26229.51016368  .00000047  00000+0  84632-4 0  9999
2 55799  87.9147 262.2209 0001821 118.5083 241.6234 13.20770112169242
ONEWEB-0563             
1 55800U 23029E   26229.12634210  .00000082  00000+0  16860-3 0  9997
2 55800  87.9136 262.3255 0002261  94.0640 266.0752 13.20772127169188
ONEWEB-0564             
1 55801U 23029F   26229.11959709  .00000102  00000+0  21815-3 0  9999
2 55801  87.9146 262.3016 0001807 103.2937 256.8398 13.20770399169195
ONEWEB-0638             
1 55802U 23029G   26229.21118214  .00000192  00000+0  48439-3 0  9999
2 55802  87.8922 277.5843 0002115 110.9912 249.1444 13.14501237167410
ONEWEB-0639             
1 55803U 23029H   26229.14025709  .00000067  00000+0  13463-3 0  9998
2 55803  87.9159 292.8390 0003177  91.6436 268.5060 13.19724514166942
ONEWEB-0640             
1 55804U 23029J   26229.14458798  .00000099  00000+0  23208-3 0  9990
2 55804  87.8921 277.5883 0002383 110.3518 249.7868 13.14503163167425
ONEWEB-0641             
1 55805U 23029K   26229.21132554  .00000094  00000+0  20258-3 0  9995
2 55805  87.9162 292.8184 0002184  98.8503 261.2877 13.19724447166963
ONEWEB-0642             
1 55806U 23029L   26229.20658842  .00000109  00000+0  24106-3 0  9991
2 55806  87.9158 292.8271 0002737  85.7088 274.4357 13.19724565166952
ONEWEB-0643             
1 55807U 23029M   26229.19056451  .00000143  00000+0  35247-3 0  9994
2 55807  87.8917 277.5667 0002442  82.3876 277.7532 13.14503607167404
ONEWEB-0644             
1 55808U 23029N   26229.20183853  .00000096  00000+0  20695-3 0  9992
2 55808  87.9156 292.8287 0002307  91.0293 269.1104 13.19723642166956
ONEWEB-0645             
1 55809U 23029P   26229.22395369  .00000058  00000+0  11262-3 0  9990
2 55809  87.9158 292.8214 0002506  99.5355 260.6061 13.19723406166958
ONEWEB-0646             
1 55810U 23029Q   26229.62043017 -.00000051  00000+0 -15869-3 0  9998
2 55810  87.9156 292.7432 0002229  91.5028 268.6361 13.19725054166996
ONEWEB-0648             
1 55811U 23029R   26229.53945223 -.00000145  00000+0 -42504-3 0  9999
2 55811  87.8930 277.4765 0002944  94.4845 265.6621 13.14500926167450
ONEWEB-0649             
1 55812U 23029S   26229.19080245  .00000124  00000+0  27664-3 0  9991
2 55812  87.9157 292.8260 0002334  96.8245 263.3154 13.19725739166975
ONEWEB-0650             
1 55813U 23029T   26229.18606181  .00000102  00000+0  22154-3 0  9999
2 55813  87.9157 292.8294 0002575  88.9863 271.1564 13.19726192166941
ONEWEB-0652             
1 55814U 23029U   26229.13981263  .00000181  00000+0  45334-3 0  9994
2 55814  87.8931 277.5624 0001831  97.5519 262.5818 13.14501067167377
ONEWEB-0653             
1 55815U 23029V   26229.20008343  .00000106  00000+0  25049-3 0  9990
2 55815  87.8928 277.5492 0001992  98.7383 261.3973 13.14503454167413
ONEWEB-0654             
1 55816U 23029W   26229.19532027  .00000226  00000+0  57418-3 0  9998
2 55816  87.8929 277.5461 0001736 104.1049 256.0274 13.14503615167434
ONEWEB-0656             
1 55817U 23029X   26229.11287078  .00000152  00000+0  34100-3 0  9995
2 55817  87.9151 262.2848 0001647 100.0366 260.0954 13.20772876169190
ONEWEB-0657             
1 55818U 23029Y   26229.10549294  .00000033  00000+0  50230-4 0  9997
2 55818  87.9159 292.8447 0001273  91.3384 268.7895 13.19724302166948
ONEWEB-0658             
1 55819U 23029Z   26229.17657393  .00000061  00000+0  12079-3 0  9994
2 55819  87.9168 292.8114 0002340  90.2164 269.9237 13.19724488166960
ONEWEB-0660             
1 55820U 23029AA  26229.55370943 -.00000182  00000+0 -52537-3 0  9990
2 55820  87.8933 277.4723 0002319  99.4547 260.6845 13.14503318167469
ONEWEB-0661             
1 55821U 23029AB  26229.58858966  .00000203  00000+0  51378-3 0  9994
2 55821  87.8921 277.5003 0002206 102.1670 257.9707 13.14504044167455
ONEWEB-0662             
1 55822U 23029AC  26229.16677847 -.00000178  00000+0 -51443-3 0  9992
2 55822  87.8919 277.5900 0002324  99.4245 260.7148 13.14503965167447
ONEWEB-0663             
1 55823U 23029AD  26229.14196195  .00000102  00000+0  21869-3 0  9997
2 55823  87.9148 262.3491 0002482  93.9815 266.1602 13.20872977169195
ONEWEB-0664             
1 55824U 23029AE  26229.09938937  .00000033  00000+0  48307-4 0  9990
2 55824  87.9138 262.3326 0002189 106.6691 253.4683 13.20770347169185
ONEWEB-0665             
1 55825U 23029AF  26229.58543023  .00000209  00000+0  52818-3 0  9999
2 55825  87.8917 277.4817 0002338  97.0007 263.1389 13.14503720167475
ONEWEB-0666             
1 55826U 23029AG  26229.16842914 -.00000035  00000+0 -11867-3 0  9993
2 55826  87.9135 262.3085 0001483  77.5469 282.5831 13.20770771169203
ONEWEB-0667             
1 55827U 23029AH  26229.16337995  .00000018  00000+0  11755-4 0  9998
2 55827  87.9150 262.2767 0002156  96.2434 263.8945 13.20770930169198
ONEWEB-0669             
1 55828U 23029AJ  26229.15832955  .00000018  00000+0  11163-4 0  9997
2 55828  87.9145 262.2856 0001693 107.7262 252.4057 13.20771233169199
ONEWEB-0670             
1 55829U 23029AK  26229.56320673 -.00000355  00000+0 -99077-3 0  9997
2 55829  87.8915 277.5027 0002213 105.9487 254.1887 13.14503063167499
ONEWEB-0671             
1 55830U 23029AL  26229.17184154  .00000060  00000+0  11737-3 0  9996
2 55830  87.9156 292.8322 0002202 100.2227 259.9154 13.19726135166946
ONEWEB-0672             
1 55831U 23029AM  26229.15327036  .00000010  00000+0 -75853-5 0  9990
2 55831  87.9146 262.2802 0001769  93.2426 266.8910 13.20770433169198
ONEWEB-0673             
1 55832U 23029AN  26229.22474140  .00000045  00000+0  79849-4 0  9993
2 55832  87.9162 292.8172 0002136 100.5109 259.6265 13.19723201166958
ONEWEB-0674             
1 55833U 23029AP  26229.15092276 -.00000016  00000+0 -78678-4 0  9991
2 55833  87.8928 277.5645 0002163 106.7774 253.3593 13.14503908167422
ONEWEB-0675             
1 55834U 23029AQ  26229.16394162  .00000065  00000+0  12977-3 0  9993
2 55834  87.9157 292.8361 0001941  90.1164 270.0191 13.19725014166962
ONEWEB-0720             
1 55835U 23029AR  26229.23185960  .00000070  00000+0  14297-3 0  9999
2 55835  87.9156 292.8222 0002324  94.8879 265.2519 13.19723867166894
ONEWEB-0537             
1 56046U 23043A   26229.22015142 -.00000031  00000+0 -11464-3 0  9995
2 56046  87.9095 216.6467 0001927  82.9938 277.1412 13.16595967166998
ONEWEB-0538             
1 56047U 23043B   26229.44180038 -.00000062  00000+0 -19551-3 0  9996
2 56047  87.9098 216.6059 0002162  79.8907 280.2468 13.16596312167039
ONEWEB-0546             
1 56048U 23043C   26229.42914459 -.00000430  00000+0 -11595-2 0  9995
2 56048  87.9096 216.6084 0001402  77.9682 282.1606 13.16592243167024
ONEWEB-0547             
1 56049U 23043D   26229.48653419  .00000013  00000+0 -60355-6 0  9996
2 56049  87.9230 231.7715 0002253  87.0377 273.1014 13.21825259166329
ONEWEB-0548             
1 56050U 23043E   26228.99769855 -.00000045  00000+0 -15212-3 0  9990
2 56050  87.9093 216.6889 0002066  99.0736 261.0629 13.16594200166967
ONEWEB-0549             
1 56051U 23043F   26229.40495030 -.00000017  00000+0 -73738-4 0  9996
2 56051  87.9225 231.7909 0002233  80.8176 279.3211 13.21825351166316
ONEWEB-0550             
1 56052U 23043G   26229.08870056 -.00000044  00000+0 -13780-3 0  9996
2 56052  87.9226 231.8530 0002170  95.2257 264.9125 13.21824545166272
ONEWEB-0551             
1 56053U 23043H   26229.30533891 -.00000100  00000+0 -30035-3 0  9990
2 56053  87.8956 247.0416 0002273  84.6991 275.4399 13.15548835164439
ONEWEB-0552             
1 56054U 23043J   26229.08365285  .00000000  00000+0 -31579-4 0  9999
2 56054  87.9224 231.8575 0002315  91.4601 268.6798 13.21824815166270
ONEWEB-0553             
1 56055U 23043K   26229.35947497  .00000015  00000+0  67789-5 0  9999
2 56055  87.9097 216.6216 0001731  88.1923 271.9406 13.16595304167022
ONEWEB-0554             
1 56056U 23043L   26229.04282073  .00000065  00000+0  13731-3 0  9999
2 56056  87.9093 216.6932 0002076 101.3396 258.7968 13.16595740166961
ONEWEB-0555             
1 56057U 23043M   26229.38480281 -.00000026  00000+0 -10067-3 0  9996
2 56057  87.9094 216.6145 0001547  82.8351 277.2956 13.16595392167018
ONEWEB-0557             
1 56058U 23043N   26229.39905581  .00000033  00000+0  52934-4 0  9999
2 56058  87.9094 216.6216 0001517 124.1835 235.9440 13.16593151167012
ONEWEB-0558             
1 56059U 23043P   26229.45539594 -.00000024  00000+0 -89696-4 0  9991
2 56059  87.9226 231.7800 0002109  81.6858 278.4515 13.21824330166338
ONEWEB-0559             
1 56060U 23043Q   26229.44364217 -.00000113  00000+0 -30610-3 0  9990
2 56060  87.9229 231.7787 0002517  91.6817 268.4605 13.21825177166346
ONEWEB-0566             
1 56061U 23043R   26229.43691103  .00000072  00000+0  14395-3 0  9991
2 56061  87.9230 231.7784 0002378  85.5219 274.6186 13.21825319166328
ONEWEB-0568             
1 56062U 23043S   26229.26448029  .00000007  00000+0 -14449-4 0  9990
2 56062  87.9093 216.6374 0001835  84.8614 275.2726 13.16593123167014
ONEWEB-0574             
1 56063U 23043T   26229.43017575  .00000045  00000+0  76613-4 0  9990
2 56063  87.9230 231.7846 0002014  94.6118 265.5246 13.21824857166361
ONEWEB-0575             
1 56064U 23043U   26229.25814837  .00000041  00000+0  74803-4 0  9992
2 56064  87.9094 216.6350 0001785  96.2427 263.8907 13.16593678167002
ONEWEB-0576             
1 56065U 23043V   26229.39115033 -.00000001  00000+0 -36568-4 0  9994
2 56065  87.9094 216.6178 0001958  91.5330 268.6025 13.16593472167011
ONEWEB-0577             
1 56066U 23043W   26229.39747903  .00000041  00000+0  74081-4 0  9996
2 56066  87.9094 216.6142 0001910 108.0941 252.0398 13.16592767167042
ONEWEB-0578             
1 56067U 23043X   26229.41671108  .00000053  00000+0  95873-4 0  9998
2 56067  87.9229 231.7834 0001789  88.5626 271.5713 13.21824167166320
ONEWEB-0579             
1 56068U 23043Y   26229.40831995  .00000010  00000+0 -81672-5 0  9997
2 56068  87.9234 231.7852 0002370  91.2875 268.8531 13.21825372166338
ONEWEB-0581             
1 56069U 23043Z   26229.40381241  .00000041  00000+0  73407-4 0  9991
2 56069  87.9086 216.6207 0002006 102.9098 257.2257 13.16593127167010
ONEWEB-0609             
1 56070U 23043AA  26229.33148059 -.00000017  00000+0 -78651-4 0  9994
2 56070  87.8951 247.0206 0002011  89.3962 270.7399 13.15549682164473
ONEWEB-0613             
1 56071U 23043AB  26229.48121310 -.00000008  00000+0 -55825-4 0  9990
2 56071  87.8951 247.0034 0002292  89.6577 270.4816 13.15549025164493
ONEWEB-0630             
1 56072U 23043AC  26229.09617313  .00000010  00000+0 -76622-5 0  9992
2 56072  87.8959 247.0557 0002278  91.5202 268.6189 13.15547264164432
ONEWEB-0632             
1 56073U 23043AD  26229.09142828  .00000001  00000+0 -32073-4 0  9998
2 56073  87.8955 247.0719 0002048  96.3372 263.7991 13.15548648164439
ONEWEB-0633             
1 56074U 23043AE  26229.08506651 -.00000154  00000+0 -44397-3 0  9997
2 56074  87.8964 247.0534 0002395  84.9775 275.1629 13.15549583164412
ONEWEB-0634             
1 56075U 23043AF  26229.45110450 -.00000094  00000+0 -28255-3 0  9995
2 56075  87.8957 247.0159 0001810  84.6883 275.4454 13.15548637164458
ONEWEB-0635             
1 56076U 23043AG  26229.44635356 -.00000068  00000+0 -21469-3 0  9993
2 56076  87.8966 246.9843 0002019 100.0586 260.0772 13.15549137164484
ONEWEB-0636             
1 56077U 23043AH  26229.51448985  .00000059  00000+0  12151-3 0  9998
2 56077  87.8964 246.9753 0001981  97.9075 262.2281 13.15548701164471
ONEWEB-0637             
1 56078U 23043AJ  26229.50814073  .00000099  00000+0  22983-3 0  9991
2 56078  87.8956 246.9895 0001746  95.0185 265.1145 13.15549713164497
ONEWEB-0647             
1 56079U 23043AK  26229.50340917  .00000131  00000+0  31396-3 0  9998
2 56079  87.8955 247.0028 0002090  97.3657 262.7711 13.15548956164488
ONEWEB-0651             
1 56080U 23043AL  26229.57470118  .00000235  00000+0  59037-3 0  9991
2 56080  87.8955 246.9815 0001893  98.2704 261.8641 13.15549653165696
ONEWEB-0718             
1 56081U 23043AM  26229.49388795  .00000143  00000+0  34707-3 0  9997
2 56081  87.8961 246.9806 0001890  79.5040 280.6304 13.15547506164493
ONEWEB-0561             
1 56710U 23068A   26229.10612896  .00000084  00000+0  17373-3 0  9997
2 56710  87.9146 262.2981 0002187 102.5437 257.5941 13.20772366157548
ONEWEB-0668             
1 56711U 23068B   26229.22648891 -.00000070  00000+0 -21597-3 0  9995
2 56711  87.9096 216.6466 0001661  77.0311 283.1005 13.16593365159810
ONEWEB-0676             
1 56712U 23068C   26229.38640545 -.00000013  00000+0 -67349-4 0  9994
2 56712  87.9095 216.6215 0002015  95.8816 264.2545 13.16593727159758
ONEWEB-0677             
1 56713U 23068D   26229.09434032  .00000052  00000+0  94800-4 0  9998
2 56713  87.9146 262.2916 0001719 101.4937 258.6389 13.20770562157849
ONEWEB-0678             
1 56714U 23068E   26229.08191147 -.00000110  00000+0 -32597-3 0  9996
2 56714  87.8965 247.0582 0002331  93.5650 266.5747 13.15549480157294
ONEWEB-0679             
1 56715U 23068F   26229.19322242  .00000027  00000+0  36131-4 0  9995
2 56715  87.9096 216.6512 0001536  91.1553 268.9754 13.16596286159752
ONEWEB-0680             
1 56716U 23068G   26229.48568392 -.00000011  00000+0 -58445-4 0  9993
2 56716  87.9234 231.7712 0001545  84.3967 275.7343 13.21824386159199
ONEWEB-0681             
1 56717U 23068H   26229.24367297  .00000093  00000+0  19454-3 0  9993
2 56717  87.9232 231.8206 0002170 115.4727 244.6631 13.21299196159158
ONEWEB-0682             
1 56718U 23068J   26229.10567493  .00000110  00000+0  25898-3 0  9998
2 56718  87.8961 247.0533 0001535  88.6724 271.4582 13.15549734157465
ONEWEB-0683             
1 56719U 23068K   26229.28154932  .00000165  00000+0  40383-3 0  9994
2 56719  87.8968 247.0198 0001843  86.6275 273.5066 13.15549869157459
ONEWEB-0684             
1 56720U 23068L   26229.51766203 -.00000040  00000+0 -13956-3 0  9992
2 56720  87.8965 246.9609 0003283  80.7540 279.3962 13.15547667157311
ONEWEB-0686             
1 56721U 23068M   26229.38164195 -.00000006  00000+0 -49092-4 0  9993
2 56721  87.9085 216.6311 0002128  77.6575 282.4794 13.16595583159760
ONEWEB-0694             
1 56722U 23068N   26229.38796712 -.00000966  00000+0 -25604-2 0  9996
2 56722  87.9103 216.6061 0001754  79.2354 280.8974 13.16595736159820
ONEWEB-0696             
1 56723U 23068P   26229.09458972 -.00000091  00000+0 -27629-3 0  9997
2 56723  87.8956 247.0793 0002520  95.4950 264.6468 13.15547853157372
ONEWEB-0703             
1 56724U 23068Q   26229.10409508  .00000032  00000+0  52200-4 0  9998
2 56724  87.8960 247.0586 0002784 103.9080 256.2361 13.15549151157269
ONEWEB-0721             
1 56725U 23068R   26229.27240941  .00000035  00000+0  49834-4 0  9993
2 56725  86.6714  66.0026 0001716  87.2459 272.8870 13.22472577166017
ONEWEB-0015             
1 61594U 24188A   26229.65206732 -.00000527  00000+0 -15233-2 0  9991
2 61594  87.8924   8.8591 0001494 113.5137 246.6148 13.11416788 92513
ONEWEB-0687             
1 61595U 24188B   26229.58721261  .00000080  00000+0  17251-3 0  9998
2 61595  87.9187 353.6699 0001325  99.5602 260.5679 13.17649686 93986
ONEWEB-0688             
1 61596U 24188C   26229.31214048  .00000100  00000+0  22402-3 0  9997
2 61596  87.9185 353.7243 0001563 139.1218 221.0031 13.17647547 93943
ONEWEB-0689             
1 61597U 24188D   26229.15191182  .00000501  00000+0  13782-2 0  9998
2 61597  87.8936   8.9239 0001630  89.0881 271.0434 13.11415522 92441
ONEWEB-0690             
1 61598U 24188E   26229.39097997  .00000378  00000+0  10304-2 0  9993
2 61598  87.8935   8.8869 0002386 103.1180 257.0214 13.11414751 92654
ONEWEB-0691             
1 61599U 24188F   26229.61477262  .00000583  00000+0  16087-2 0  9998
2 61599  87.8947   8.7571 0001496 106.3488 253.7804 13.11416304 92535
ONEWEB-0692             
1 61600U 24188G   26229.10103304 -.00000367  00000+0 -10719-2 0  9996
2 61600  87.8925   8.9607 0002114  75.5504 284.5858 13.11414790 92459
ONEWEB-0693             
1 61601U 24188H   26229.62771607 -.00000019  00000+0 -82421-4 0  9996
2 61601  87.9177 353.6787 0002536 110.3159 249.8245 13.17648945 93970
ONEWEB-0695             
1 61602U 24188J   26228.92472087  .00000482  00000+0  13231-2 0  9992
2 61602  87.8925   8.9872 0001746  80.5060 279.6266 13.11414831 92429
ONEWEB-0697             
1 61603U 24188K   26229.64359006 -.00000440  00000+0 -12771-2 0  9992
2 61603  87.8930   8.8358 0002130  77.4784 282.6582 13.11415443 92504
ONEWEB-0698             
1 61604U 24188L   26229.62156094  .00000406  00000+0  11094-2 0  9990
2 61604  87.8927   8.8533 0002905  87.7604 272.3856 13.11414921 92523
ONEWEB-0699             
1 61605U 24188M   26229.37762295 -.00000569  00000+0 -16659-2 0  9993
2 61605  87.8849  24.0726 0002200  78.8537 281.2838 13.10374286 91329
ONEWEB-0700             
1 61606U 24188N   26228.92115359 -.00000600  00000+0 -17554-2 0  9998
2 61606  87.8865  24.0824 0002095  80.8602 279.2762 13.10373527 91257
ONEWEB-0701             
1 61607U 24188P   26229.39627379 -.00000230  00000+0 -69496-3 0  9993
2 61607  87.8859  24.0702 0002342  76.4986 283.6402 13.10376340 91321
ONEWEB-0702             
1 61608U 24188Q   26229.36215504  .00000180  00000+0  47199-3 0  9992
2 61608  87.8945   8.8219 0002124  68.4945 291.6409 13.11419304 92501
ONEWEB-0704             
1 61609U 24188R   26229.38438510 -.00000685  00000+0 -19999-2 0  9997
2 61609  87.8858  24.0634 0002050  63.6785 296.4553 13.10373233 91302
ONEWEB-0705             
1 61610U 24188S   26229.38947186 -.00000572  00000+0 -16752-2 0  9992
2 61610  87.8858  24.0685 0001310  59.5005 300.6251 13.10374964 83471
ONEWEB-0706             
1 61611U 24188T   26229.14513288 -.00000569  00000+0 -16662-2 0  9995
2 61611  87.8850  24.1197 0001752  74.9912 285.1409 13.10370220 91361
ONEWEB-0707             
1 61612U 24188U   26229.38099876 -.00000615  00000+0 -17980-2 0  9990
2 61612  87.8855  24.0691 0001782  75.2973 284.8351 13.10372665 91333
ONEWEB-0708             
1 61613U 24188V   26228.94152730 -.00000087  00000+0 -28412-3 0  9997
2 61613  87.8849  24.1701 0001220  89.9285 270.1982 13.10375797 91253
