ONEWEB-0012             
1 44057U 19010A   26102.81979699  .00000039  00000+0  69432-4 0  9999
2 44057  87.9056 241.7712 0002008 112.3072 247.8272 13.16593384342966
ONEWEB-0010             
1 44058U 19010B   26102.61713847  .00000133  00000+0  31327-3 0  9995
2 44058  87.9061 241.8075 0002022  91.1860 268.9503 13.16594192342982
ONEWEB-0008             
1 44059U 19010C   26102.64246550 -.00000020  00000+0 -85528-4 0  9991
2 44059  87.9059 241.7990 0001617 102.1761 257.9552 13.16594771343107
ONEWEB-0007             
1 44060U 19010D   26102.70157517  .00000080  00000+0  17955-3 0  9996
2 44060  87.8935 272.2886 0002094  95.9368 264.2001 13.15547624342761
ONEWEB-0006             
1 44061U 19010E   26102.70552804  .00000072  00000+0  15713-3 0  9996
2 44061  87.8945 272.2453 0001945  91.0513 269.0840 13.15549389342816
ONEWEB-0011             
1 44062U 19010F   26102.82594247  .00000077  00000+0  17011-3 0  9995
2 44062  87.8944 272.2297 0001694  89.1256 271.0069 13.15549584342829
ONEWEB-0013             
1 45131U 20008A   26102.83860659 -.00000565  00000+0 -16776-2 0  9996
2 45131  87.8483  66.0045 0002090 111.7221 248.4129 13.09448603297513
ONEWEB-0017             
1 45132U 20008B   26102.79041118 -.00000536  00000+0 -15706-2 0  9993
2 45132  87.8829  49.2818 0002046  75.1119 285.0235 13.10371008299387
ONEWEB-0020             
1 45133U 20008C   26102.83689301  .00000668  00000+0  18758-2 0  9995
2 45133  87.8841  49.2658 0001905  79.9685 280.1657 13.10375244299781
ONEWEB-0021             
1 45134U 20008D   26102.54640058  .00000175  00000+0  46617-3 0  9999
2 45134  87.8828  49.3455 0002004  82.3398 277.7957 13.10368934300059
ONEWEB-0023             
1 45136U 20008F   26102.55718870 -.00000351  00000+0 -10412-2 0  9991
2 45136  87.8828  49.3225 0001869  85.1855 274.9486 13.10370077299484
ONEWEB-0024             
1 45137U 20008G   26102.83523713  .00000636  00000+0  17842-2 0  9991
2 45137  87.8840  49.2556 0001960  79.4483 280.6865 13.10374474299682
ONEWEB-0025             
1 45138U 20008H   26102.83275271  .00000640  00000+0  17975-2 0  9997
2 45138  87.8843  49.2429 0002007  88.9473 271.1885 13.10373582300018
ONEWEB-0026             
1 45139U 20008J   26102.54334330 -.00000180  00000+0 -54304-3 0  9997
2 45139  87.8927  34.1146 0001908  73.2752 286.8585 13.11417933302503
ONEWEB-0028             
1 45140U 20008K   26102.50011273  .00000311  00000+0  84104-3 0  9998
2 45140  87.8910  34.1284 0001868  96.2648 263.8693 13.11414035300013
ONEWEB-0032             
1 45141U 20008L   26102.56298309 -.00000509  00000+0 -14943-2 0  9996
2 45141  87.8827  49.3284 0001828  95.7785 264.3551 13.10370148299708
ONEWEB-0033             
1 45142U 20008M   26102.61447683  .00000594  00000+0  16640-2 0  9992
2 45142  87.8828  49.3268 0002179  67.1492 292.9866 13.10370514299624
ONEWEB-0035             
1 45143U 20008N   26102.56880153 -.00000683  00000+0 -19929-2 0  9994
2 45143  87.8826  49.3335 0001963  77.1165 283.0182 13.10373395299347
ONEWEB-0036             
1 45144U 20008P   26101.81945547 -.00020442  00000+0 -59332-1 0  9997
2 45144  87.8847  49.4664 0004824  92.8031 267.3648 13.09661568299670
ONEWEB-0038             
1 45145U 20008Q   26102.55366878  .00000347  00000+0  94458-3 0  9994
2 45145  87.8931  34.1148 0003521  86.1833 273.9698 13.11417994301725
ONEWEB-0039             
1 45146U 20008R   26102.38871581  .00000452  00000+0  12586-2 0  9996
2 45146  87.8834  49.3589 0001904  96.3903 263.7442 13.10371536299549
ONEWEB-0040             
1 45147U 20008S   26102.84022672  .00000680  00000+0  19129-2 0  9990
2 45147  87.8831  49.2824 0001966  81.2669 278.8681 13.10372893299301
ONEWEB-0043             
1 45149U 20008U   26102.61280726  .00000601  00000+0  16842-2 0  9995
2 45149  87.8834  49.3125 0001890  97.1852 262.9490 13.10372884299590
ONEWEB-0044             
1 45150U 20008V   26102.56466264 -.00000577  00000+0 -16907-2 0  9990
2 45150  87.8838  49.3191 0001961  85.6980 274.4371 13.10371759299880
ONEWEB-0045             
1 45151U 20008W   26102.54843897  .00000101  00000+0  24993-3 0  9996
2 45151  87.8924  34.1020 0001944  82.0991 278.0357 13.11418202301800
ONEWEB-0047             
1 45152U 20008X   26102.55801154 -.00000409  00000+0 -12074-2 0  9997
2 45152  87.8834  49.3214 0002079  77.8803 282.2557 13.10369473299605
ONEWEB-0048             
1 45153U 20008Y   26102.55304324 -.00000171  00000+0 -52721-3 0  9995
2 45153  87.8828  49.3478 0001971  79.3316 280.8033 13.10370158299219
ONEWEB-0049             
1 45154U 20008Z   26102.78529480 -.00000304  00000+0 -90716-3 0  9997
2 45154  87.8832  49.2897 0001457  83.0474 277.0820 13.10369404299466
ONEWEB-0051             
1 45155U 20008AA  26102.54673212 -.00000007  00000+0 -54557-4 0  9999
2 45155  87.8917  34.1145 0001892  78.7814 281.3527 13.11416999302484
ONEWEB-0052             
1 45156U 20008AB  26102.57710134 -.00000673  00000+0 -19644-2 0  9993
2 45156  87.8849  49.3162 0001423  84.2067 275.9223 13.10375229299349
ONEWEB-0053             
1 45157U 20008AC  26102.83856601  .00000629  00000+0  17657-2 0  9994
2 45157  87.8829  49.2879 0001729  95.4544 264.6780 13.10372000299353
ONEWEB-0054             
1 45158U 20008AD  26102.79703234 -.00000650  00000+0 -18979-2 0  9997
2 45158  87.8839  49.2734 0001857  79.4562 280.6775 13.10370453299463
ONEWEB-0056             
1 45159U 20008AE  26102.54889601  .00000041  00000+0  79817-4 0  9996
2 45159  87.8834  49.3224 0001722  77.6860 282.4460 13.10369178299582
ONEWEB-0057             
1 45160U 20008AF  26102.55649419 -.00000271  00000+0 -81345-3 0  9995
2 45160  87.8832  49.3299 0001693  96.2896 263.8424 13.10369121299757
ONEWEB-0058             
1 45161U 20008AG  26102.54322801  .00000327  00000+0  89930-3 0  9996
2 45161  87.8834  49.3411 0002131  79.0292 281.1075 13.10369614299823
ONEWEB-0059             
1 45162U 20008AH  26102.53977029  .00000525  00000+0  14679-2 0  9991
2 45162  87.8828  49.3417 0002031  84.8454 275.2905 13.10369829299729
ONEWEB-0062             
1 45163U 20008AJ  26102.56548714 -.00000508  00000+0 -14911-2 0  9992
2 45163  87.8833  49.3205 0002235  72.9959 287.1413 13.10372633299593
ONEWEB-0065             
1 45164U 20008AK  26102.82513733  .00000351  00000+0  97057-3 0  9992
2 45164  87.8838  49.2764 0001538  84.6400 275.4903 13.10376143299329
ONEWEB-0066             
1 45424U 20020A   26102.83665421 -.00000569  00000+0 -16407-2 0  9990
2 45424  87.8925  34.0589 0002008  82.2279 277.9077 13.11416540294111
ONEWEB-0067             
1 45425U 20020B   26102.72222730  .00000530  00000+0  14607-2 0  9997
2 45425  87.8937  33.9943 0001731  86.3169 273.8157 13.11419800294152
ONEWEB-0080             
1 45426U 20020C   26102.72151992  .00000522  00000+0  14372-2 0  9999
2 45426  87.8926  34.0748 0002115  72.1448 287.9910 13.11415787294126
ONEWEB-0090             
1 45427U 20020D   26102.82662255 -.00000446  00000+0 -12945-2 0  9991
2 45427  87.8922  34.0591 0001917  77.7270 282.4073 13.11415309294100
ONEWEB-0061             
1 45428U 20020E   26102.70598059  .00000276  00000+0  74246-3 0  9991
2 45428  87.8926  34.0687 0001911  78.2188 281.9155 13.11417778294049
ONEWEB-0081             
1 45429U 20020F   26102.84005197 -.00000483  00000+0 -13982-2 0  9994
2 45429  87.8915  34.0563 0001878  85.3329 274.8013 13.11418604294176
ONEWEB-0069             
1 45430U 20020G   26102.82902981 -.00000460  00000+0 -13333-2 0  9996
2 45430  87.8914  34.0532 0001872  81.4410 278.6930 13.11415931294108
ONEWEB-0031             
1 45431U 20020H   26102.72476632  .00000401  00000+0  10960-2 0  9991
2 45431  87.8912  34.0899 0002007  74.0198 286.1151 13.11415391294070
ONEWEB-0027             
1 45432U 20020J   26102.69701896 -.00000025  00000+0 -96784-4 0  9995
2 45432  87.9197  18.8534 0001787  66.9554 293.1766 13.17648313297737
ONEWEB-0064             
1 45433U 20020K   26102.72307071  .00000493  00000+0  13562-2 0  9995
2 45433  87.8912  34.0804 0001911  73.2269 286.9068 13.11415470294108
ONEWEB-0018             
1 45434U 20020L   26102.83156625 -.00000575  00000+0 -16595-2 0  9997
2 45434  87.8917  34.0576 0002239  82.6576 277.4807 13.11415406294069
ONEWEB-0083             
1 45435U 20020M   26102.82225186 -.00000374  00000+0 -10909-2 0  9996
2 45435  87.8922  34.0494 0001899  77.2194 282.9146 13.11415992294104
ONEWEB-0095             
1 45436U 20020N   26102.81309045 -.00001561  00000+0 -44420-2 0  9997
2 45436  87.8918  34.0589 0000680  49.9444 310.1744 13.11398116294102
ONEWEB-0092             
1 45437U 20020P   26102.55605847  .00000419  00000+0  11465-2 0  9990
2 45437  87.8926  34.1103 0001494  81.4908 278.6389 13.11419742294185
ONEWEB-0085             
1 45438U 20020Q   26102.82139826 -.00000354  00000+0 -10334-2 0  9994
2 45438  87.8922  34.0610 0001844  79.6000 280.5335 13.11413864294109
ONEWEB-0096             
1 45439U 20020R   26102.82309756 -.00000588  00000+0 -16956-2 0  9991
2 45439  87.8917  34.0505 0001876  85.0455 275.0887 13.11415895294092
ONEWEB-0037             
1 45440U 20020S   26102.72730845  .00000366  00000+0  99765-3 0  9991
2 45440  87.8934  34.0479 0001765  78.3946 281.7380 13.11414543294114
ONEWEB-0042             
1 45441U 20020T   26102.81278623  .00000061  00000+0  13660-3 0  9995
2 45441  87.8922  34.0497 0001834  81.9379 278.1957 13.11413731294094
ONEWEB-0098             
1 45442U 20020U   26102.50349676  .00000162  00000+0  42017-3 0  9999
2 45442  87.8923  34.1218 0001867  76.9831 283.1506 13.11416861294038
ONEWEB-0055             
1 45443U 20020V   26102.71544580  .00000544  00000+0  14998-2 0  9994
2 45443  87.8921  34.0799 0001906  77.0219 283.1121 13.11416419294038
ONEWEB-0093             
1 45444U 20020W   26102.53839711 -.00000328  00000+0 -96037-3 0  9995
2 45444  87.8925  34.1049 0001852  91.8966 268.2374 13.11418236294072
ONEWEB-0029             
1 45445U 20020X   26102.70696389  .00000332  00000+0  89976-3 0  9994
2 45445  87.8913  34.0823 0001947  82.4379 277.6970 13.11417457294078
ONEWEB-0068             
1 45446U 20020Y   26102.76701036 -.00000335  00000+0 -98025-3 0  9997
2 45446  87.8926  34.0627 0001954  83.8255 276.3095 13.11417945294022
ONEWEB-0046             
1 45447U 20020Z   26102.83495990 -.00000558  00000+0 -16106-2 0  9991
2 45447  87.8927  34.0561 0001712  85.2407 274.8916 13.11416542294047
ONEWEB-0063             
1 45448U 20020AA  26102.71120074  .00000396  00000+0  10810-2 0  9991
2 45448  87.8927  34.0784 0001641  80.2669 279.8645 13.11417210294116
ONEWEB-0019             
1 45449U 20020AB  26102.82634620 -.00000400  00000+0 -11649-2 0  9990
2 45449  87.8917  34.0462 0001964  74.6366 285.4979 13.11415181293979
ONEWEB-0094             
1 45450U 20020AC  26102.82190220 -.00000027  00000+0 -10369-3 0  9999
2 45450  87.9199  18.8267 0002038  80.2318 279.9043 13.17649583297706
ONEWEB-0087             
1 45451U 20020AD  26102.56864722  .00000582  00000+0  16068-2 0  9991
2 45451  87.8935  34.0758 0002034  85.8837 274.2523 13.11416016293986
ONEWEB-0082             
1 45452U 20020AE  26102.71798272  .00000592  00000+0  16357-2 0  9997
2 45452  87.8926  34.0678 0002051  83.9890 276.1471 13.11416722294095
ONEWEB-0050             
1 45453U 20020AF  26102.80658909  .00001820  00000+0  18602-3 0  9991
2 45453  88.9254 242.0928 0003370 163.5890 196.5449 14.90144949330640
ONEWEB-0034             
1 45454U 20020AG  26102.81546047 -.00000031  00000+0 -12213-3 0  9999
2 45454  87.8921  34.0518 0001869  78.6441 281.4897 13.11416778294029
ONEWEB-0060             
1 45455U 20020AH  26102.55775663  .00000462  00000+0  12690-2 0  9993
2 45455  87.8919  34.1121 0002695  95.1759 264.9677 13.11419090293944
ONEWEB-0086             
1 45456U 20020AJ  26102.53655846 -.00000423  00000+0 -12291-2 0  9998
2 45456  87.8927  34.1069 0002615  79.4637 280.6785 13.11417254294000
ONEWEB-0088             
1 45457U 20020AK  26102.81971300 -.00000195  00000+0 -58591-3 0  9996
2 45457  87.8930  34.0177 0001572  84.3297 275.8010 13.11416223293979
ONEWEB-0102             
1 47258U 20100A   26102.72246899  .00000885  00000+0  24243-2 0  9994
2 47258  87.9008   3.6824 0002128  77.4723 282.6643 13.12441682256147
ONEWEB-0109             
1 47259U 20100B   26102.42599227  .00000006  00000+0 -17770-4 0  9993
2 47259  87.9009   3.7190 0001813  74.0901 286.0427 13.12441722255936
ONEWEB-0110             
1 47260U 20100C   26102.45310265 -.00000282  00000+0 -81867-3 0  9995
2 47260  87.9014   3.6981 0002062  80.4626 279.6735 13.12442078256108
ONEWEB-0111             
1 47261U 20100D   26102.71230987  .00000416  00000+0  11212-2 0  9990
2 47261  87.9011   3.6654 0001823  81.9859 278.1477 13.12442095255971
ONEWEB-0114             
1 47262U 20100E   26102.43784758  .00003115  00000+0  86220-2 0  9990
2 47262  87.9019   3.7158 0002069  72.1474 287.9880 13.12424007255898
ONEWEB-0117             
1 47263U 20100F   26102.12442367 -.00000228  00000+0 -66810-3 0  9992
2 47263  87.9006   3.7711 0001824  78.3254 281.8079 13.12440724255866
ONEWEB-0118             
1 47264U 20100G   26102.69197633  .00000015  00000+0  68027-5 0  9994
2 47264  87.9010   3.6611 0001472  75.2928 284.8364 13.12442767256133
ONEWEB-0119             
1 47265U 20100H   26102.71739228  .00000431  00000+0  11615-2 0  9990
2 47265  87.9002   3.6789 0001773  77.8303 282.3024 13.12442038256115
ONEWEB-0120             
1 47266U 20100J   26102.43628650 -.00000303  00000+0 -87716-3 0  9992
2 47266  87.9000   3.7353 0001739  75.2258 284.9063 13.12441200256105
ONEWEB-0121             
1 47267U 20100K   26102.72924566  .00000076  00000+0  17724-3 0  9997
2 47267  87.9010   3.6570 0001977  81.5516 278.5837 13.12440169256053
ONEWEB-0122             
1 47268U 20100L   26102.72332315  .00000196  00000+0  50826-3 0  9996
2 47268  87.9016   3.6613 0001882  74.0766 286.0569 13.12440423255965
ONEWEB-0123             
1 47269U 20100M   26102.71908363  .00000382  00000+0  10257-2 0  9998
2 47269  87.9002   3.6774 0001669  79.1347 280.9969 13.12441235256109
ONEWEB-0124             
1 47270U 20100N   26102.70892280  .00000362  00000+0  97031-3 0  9993
2 47270  87.9002   3.6833 0001814  83.1444 276.9891 13.12442622255987
ONEWEB-0125             
1 47271U 20100P   26102.68689866 -.00000117  00000+0 -36097-3 0  9990
2 47271  87.9013   3.6633 0001683  89.2399 270.8923 13.12443414256045
ONEWEB-0126             
1 47272U 20100Q   26102.70736693  .00000378  00000+0  10149-2 0  9991
2 47272  87.9005   3.6795 0001750  74.9596 285.1726 13.12442615256111
ONEWEB-0127             
1 47273U 20100R   26102.13968312 -.00000347  00000+0 -99973-3 0  9995
2 47273  87.9003   3.7940 0001846  74.7050 285.4282 13.12442421256061
ONEWEB-0128             
1 47274U 20100S   26102.69537051  .00000117  00000+0  29096-3 0  9991
2 47274  87.9000   3.6977 0002108  80.8540 279.2827 13.12442396256159
ONEWEB-0129             
1 47275U 20100T   26102.44631809 -.00000353  00000+0 -10154-2 0  9999
2 47275  87.9010   3.7136 0001975  43.7055 316.4229 13.12442213256056
ONEWEB-0130             
1 47276U 20100U   26102.70214608  .00000298  00000+0  79197-3 0  9992
2 47276  87.9013   3.6579 0001890  76.0151 284.1188 13.12443470256053
ONEWEB-0131             
1 47277U 20100V   26102.69875774  .00000194  00000+0  50304-3 0  9992
2 47277  87.9000   3.6840 0001837  77.9215 282.2119 13.12442835256094
ONEWEB-0132             
1 47278U 20100W   26102.72755456  .00000174  00000+0  44931-3 0  9998
2 47278  87.9002   3.6783 0001861  80.1118 280.0220 13.12440752255991
ONEWEB-0133             
1 47279U 20100X   26102.43940682 -.00000329  00000+0 -94935-3 0  9997
2 47279  87.9017   3.7037 0001948  79.9342 280.2007 13.12442157256113
ONEWEB-0134             
1 47280U 20100Y   26102.71400382  .00000346  00000+0  92708-3 0  9991
2 47280  87.9015   3.6468 0002000  73.6189 286.5159 13.12441834256129
ONEWEB-0135             
1 47281U 20100Z   26102.68520168 -.00000163  00000+0 -48838-3 0  9997
2 47281  87.9005   3.6837 0002086  75.3383 284.7977 13.12442825256149
ONEWEB-0136             
1 47282U 20100AA  26102.70384615  .00000315  00000+0  84003-3 0  9997
2 47282  87.9011   3.6559 0002038  71.4989 288.6361 13.12442992256071
ONEWEB-0137             
1 47283U 20100AB  26102.43277060 -.00000240  00000+0 -70241-3 0  9991
2 47283  87.9023   3.7156 0001651  77.5797 282.5516 13.12442353255944
ONEWEB-0138             
1 47284U 20100AC  26102.71569874  .00000407  00000+0  10956-2 0  9999
2 47284  87.9012   3.6686 0001911  72.7668 287.3669 13.12441446256061
ONEWEB-0139             
1 47285U 20100AD  26102.45154676 -.00000288  00000+0 -83610-3 0  9998
2 47285  87.9012   3.7079 0001807  77.4849 282.6481 13.12442471256100
ONEWEB-0140             
1 47286U 20100AE  26102.71061949  .00000359  00000+0  96283-3 0  9995
2 47286  87.9014   3.6461 0001918  81.5927 278.5419 13.12441963256103
ONEWEB-0141             
1 47287U 20100AF  26102.67997950 -.00000343  00000+0 -98748-3 0  9994
2 47287  87.9011   3.6578 0001466  78.6881 281.4413 13.12442152256089
ONEWEB-0142             
1 47288U 20100AG  26102.66839380 -.00000400  00000+0 -11482-2 0  9999
2 47288  87.9015   3.6840 0001539  67.8823 292.2469 13.12441196256070
ONEWEB-0143             
1 47289U 20100AH  26102.67842309 -.00000354  00000+0 -10189-2 0  9997
2 47289  87.9012   3.6788 0001778  78.9522 281.1806 13.12442293256052
ONEWEB-0144             
1 47290U 20100AJ  26102.72585681  .00000356  00000+0  95487-3 0  9997
2 47290  87.9020   3.6407 0001866  69.4334 290.6994 13.12444482255981
ONEWEB-0145             
1 47291U 20100AK  26102.69706444  .00000230  00000+0  60389-3 0  9990
2 47291  87.9003   3.6812 0001779  75.8125 284.3201 13.12443029256174
ONEWEB-0146             
1 47292U 20100AL  26102.69367367  .00000062  00000+0  13646-3 0  9995
2 47292  87.9010   3.6690 0001948  88.2412 271.8939 13.12442691256085
ONEWEB-0147             
1 47293U 20100AM  26102.43106647 -.00000187  00000+0 -55421-3 0  9997
2 47293  87.9010   3.7016 0001925  77.3932 282.7412 13.12440739255942
ONEWEB-0115             
1 48042U 21025A   26102.89151206 -.00000284  00000+0 -81214-3 0  9995
2 48042  87.8995 333.2242 0001770  83.9815 276.1516 13.13468630245020
ONEWEB-0152             
1 48043U 21025B   26102.60034462 -.00000124  00000+0 -37517-3 0  9999
2 48043  87.8987 333.2814 0001834  85.6822 274.4517 13.13469135244948
ONEWEB-0153             
1 48044U 21025C   26102.88304988 -.00000138  00000+0 -41147-3 0  9992
2 48044  87.8985 333.2298 0001649  79.7195 280.4120 13.13468676244973
ONEWEB-0154             
1 48045U 21025D   26102.87966794 -.00000079  00000+0 -25258-3 0  9990
2 48045  87.8983 333.2281 0001823  81.6285 278.5051 13.13468684244936
ONEWEB-0116             
1 48046U 21025E   26102.69006535  .00000183  00000+0  46566-3 0  9998
2 48046  87.8996 333.2566 0001821  86.0024 274.1313 13.13469179245052
ONEWEB-0150             
1 48047U 21025F   26102.59018698 -.00000319  00000+0 -90886-3 0  9998
2 48047  87.9001 333.2740 0001565  84.2505 275.8802 13.13468459244931
ONEWEB-0107             
1 48048U 21025G   26102.89658291 -.00000249  00000+0 -71782-3 0  9997
2 48048  87.8997 333.2085 0001621  73.9007 286.2300 13.13469483244951
ONEWEB-0101             
1 48049U 21025H   26102.70699226  .00000275  00000+0  71829-3 0  9990
2 48049  87.8987 333.2687 0001804  77.2214 282.9116 13.13469135244906
ONEWEB-0113             
1 48050U 21025J   26102.60107743 -.00000124  00000+0 -37298-3 0  9996
2 48050  87.8993 333.2059 0001851  93.0808 267.0533 13.13949554244999
ONEWEB-0112             
1 48051U 21025K   26102.36842376 -.00000209  00000+0 -60783-3 0  9997
2 48051  87.8997 333.3111 0001859  75.2358 284.8977 13.13468629244958
ONEWEB-0156             
1 48052U 21025L   26102.68160095 -.00000006  00000+0 -51277-4 0  9998
2 48052  87.8998 333.2596 0001660  80.2384 279.8933 13.13469282244975
ONEWEB-0161             
1 48053U 21025M   26102.88474233 -.00000232  00000+0 -67002-3 0  9996
2 48053  87.8980 333.2253 0001582  77.2230 282.9076 13.13468467244939
ONEWEB-0158             
1 48054U 21025N   26102.69175647  .00000257  00000+0  66984-3 0  9996
2 48054  87.8992 333.2574 0002039  86.5196 273.6166 13.13469534245036
ONEWEB-0157             
1 48055U 21025P   26102.86950134  .00000175  00000+0  44324-3 0  9991
2 48055  87.8990 333.2265 0001586  67.9181 292.2116 13.13467929244997
ONEWEB-0162             
1 48056U 21025Q   26102.69332392  .00000236  00000+0  61090-3 0  9990
2 48056  87.8992 333.2655 0001560  83.8293 276.3014 13.13470046244945
ONEWEB-0155             
1 48057U 21025R   26102.70022322  .00000357  00000+0  94398-3 0  9993
2 48057  87.8984 333.2610 0001781  76.5864 283.5463 13.13468747245085
ONEWEB-0149             
1 48058U 21025S   26102.87458801  .00000109  00000+0  26237-3 0  9999
2 48058  87.8995 333.2257 0001525  85.3926 274.7378 13.13468570244910
ONEWEB-0148             
1 48059U 21025T   26102.68498933  .00000007  00000+0 -15869-4 0  9997
2 48059  87.8988 333.2755 0001128  84.9181 275.2077 13.13469625245019
ONEWEB-0160             
1 48060U 21025U   26102.39720532  .00000322  00000+0  84770-3 0  9995
2 48060  87.8986 333.3287 0002245  98.4818 261.6566 13.13470171244927
ONEWEB-0163             
1 48061U 21025V   26102.68667472  .00000105  00000+0  25183-3 0  9993
2 48061  87.8988 333.2645 0001680  72.4712 287.6601 13.13469805245082
ONEWEB-0159             
1 48062U 21025W   26102.60203628 -.00000109  00000+0 -33444-3 0  9990
2 48062  87.8994 333.2702 0001552  77.0797 283.0505 13.13469548244992
ONEWEB-0164             
1 48063U 21025X   26102.88812725 -.00000283  00000+0 -80942-3 0  9993
2 48063  87.8991 333.2198 0001782  83.4344 276.6988 13.13468120245015
ONEWEB-0167             
1 48064U 21025Y   26102.68752719  .00000134  00000+0  33187-3 0  9990
2 48064  87.8988 333.2759 0002146  66.5760 293.5595 13.13469258244973
ONEWEB-0166             
1 48065U 21025Z   26102.71038544  .00000319  00000+0  83898-3 0  9997
2 48065  87.8994 333.2366 0001522  81.5246 278.6056 13.13468867245059
ONEWEB-0151             
1 48066U 21025AA  26102.86442470  .00000343  00000+0  90391-3 0  9994
2 48066  87.8990 333.2297 0001856  80.1854 279.9484 13.13468513245012
ONEWEB-0170             
1 48067U 21025AB  26102.87289703  .00000142  00000+0  35400-3 0  9991
2 48067  87.8987 333.2297 0002179  84.3090 275.8288 13.13468328244971
ONEWEB-0168             
1 48068U 21025AC  26102.70530667  .00000379  00000+0  10032-2 0  9997
2 48068  87.8994 333.2567 0001638  76.5258 283.6054 13.13468941244966
ONEWEB-0173             
1 48069U 21025AD  26102.69683574  .00000333  00000+0  87648-3 0  9990
2 48069  87.8990 333.2641 0001745  68.9306 291.2009 13.13469062245202
ONEWEB-0171             
1 48070U 21025AE  26102.58172318 -.00000245  00000+0 -70686-3 0  9997
2 48070  87.8984 333.2968 0001834  80.9133 279.2203 13.13468979245006
ONEWEB-0172             
1 48071U 21025AF  26102.86611738  .00000319  00000+0  83859-3 0  9999
2 48071  87.8984 333.2280 0001803  76.6903 283.4427 13.13469527245934
ONEWEB-0174             
1 48072U 21025AG  26102.69514164  .00000291  00000+0  76202-3 0  9999
2 48072  87.8985 333.2629 0001563  81.0710 279.0596 13.13469375245234
ONEWEB-0175             
1 48073U 21025AH  26102.87796272 -.00000053  00000+0 -18050-3 0  9997
2 48073  87.8990 333.2052 0002039  78.6519 281.4840 13.13467547244911
ONEWEB-0177             
1 48074U 21025AJ  26102.88981269 -.00000257  00000+0 -73878-3 0  9996
2 48074  87.8990 333.2239 0001567  76.3271 283.8033 13.13469600245108
ONEWEB-0178             
1 48075U 21025AK  26102.60386703 -.00000096  00000+0 -29711-3 0  9997
2 48075  87.8977 333.3025 0001930  75.5799 284.5544 13.13469119245119
ONEWEB-0108             
1 48076U 21025AL  26102.86781888  .00000239  00000+0  61865-3 0  9992
2 48076  87.8994 333.2169 0001639  89.3101 270.8215 13.13468516245071
ONEWEB-0169             
1 48077U 21025AM  26102.59526461 -.00000198  00000+0 -57602-3 0  9997
2 48077  87.8990 333.2845 0001642  88.6128 271.5189 13.13469011243699
ONEWEB-0176             
1 48210U 21031A   26102.56545463 -.00000014  00000+0 -73084-4 0  9993
2 48210  87.8932 302.7980 0001752  85.0834 275.0495 13.14501958239694
ONEWEB-0184             
1 48211U 21031B   26102.84296650  .00000294  00000+0  75808-3 0  9999
2 48211  87.8940 302.7370 0002403  75.2620 284.8776 13.14502059239700
ONEWEB-0179             
1 48212U 21031C   26102.80663012  .00000106  00000+0  10115-3 0  9998
2 48212  87.8933 302.3767 0000915  51.2407 308.8837 13.71508274239839
ONEWEB-0180             
1 48213U 21031D   26102.84613807  .00000312  00000+0  80677-3 0  9999
2 48213  87.8933 302.7375 0001662  77.0568 283.0748 13.14501940239636
ONEWEB-0218             
1 48214U 21031E   26102.79222329  .00000036  00000+0  61318-4 0  9994
2 48214  87.8934 302.7465 0002259  67.4601 292.6768 13.14501745239789
ONEWEB-0209             
1 48215U 21031F   26102.78112057  .00000234  00000+0  59710-3 0  9992
2 48215  87.8922 302.7724 0001563  83.8015 276.3293 13.14500804239780
ONEWEB-0198             
1 48216U 21031G   26102.84152069  .00000221  00000+0  56199-3 0  9991
2 48216  87.8923 302.7609 0001740  73.4653 286.6668 13.14502179239905
ONEWEB-0189             
1 48217U 21031H   26102.85406653  .00000224  00000+0  57075-3 0  9991
2 48217  87.8936 302.7374 0001718  76.8778 283.2543 13.14501090239646
ONEWEB-0196             
1 48218U 21031J   26102.83187299  .00000027  00000+0  39029-4 0  9993
2 48218  87.8932 302.7519 0001645  82.9430 277.1886 13.14502490239643
ONEWEB-0183             
1 48219U 21031K   26102.80648795 -.00000088  00000+0 -27100-3 0  9999
2 48219  87.8929 302.7562 0001538  92.7713 267.3593 13.14502581239739
ONEWEB-0185             
1 48220U 21031L   26102.83266079 -.00000913  00000+0 -24978-2 0  9991
2 48220  87.8938 302.7386 0001259  85.4099 274.7175 13.14493210239669
ONEWEB-0187             
1 48221U 21031M   26102.81267831 -.00000687  00000+0 -18881-2 0  9991
2 48221  87.8922 302.7694 0001547  81.9750 278.1556 13.14502678239671
ONEWEB-0192             
1 48222U 21031N   26102.78270457  .00000225  00000+0  57151-3 0  9996
2 48222  87.8921 302.7648 0001752  85.7465 274.3865 13.14500735239586
ONEWEB-0219             
1 48223U 21031P   26102.83821021  .00000166  00000+0  41388-3 0  9991
2 48223  87.8928 302.7422 0001489  83.9971 276.1328 13.14502148239790
ONEWEB-0202             
1 48224U 21031Q   26102.81918164 -.00000129  00000+0 -38242-3 0  9991
2 48224  87.8933 302.7552 0002126  71.4196 288.7165 13.14503679239777
ONEWEB-0204             
1 48225U 21031R   26102.85327727  .00000289  00000+0  74497-3 0  9992
2 48225  87.8937 302.7435 0001469  95.5009 264.6288 13.14502537239671
ONEWEB-0205             
1 48226U 21031S   26102.82869249  .00000013  00000+0  14841-5 0  9994
2 48226  87.8931 302.7391 0001555  84.7354 275.3954 13.14502240239687
ONEWEB-0206             
1 48227U 21031T   26102.80174860 -.00000071  00000+0 -22626-3 0  9995
2 48227  87.8941 302.7472 0001832  93.7056 266.4283 13.14503092239633
ONEWEB-0182             
1 48228U 21031U   26102.79697793 -.00000040  00000+0 -14352-3 0  9992
2 48228  87.8932 302.7581 0001552  94.4045 265.7262 13.14501501239845
ONEWEB-0186             
1 48229U 21031V   26102.80807977 -.00000160  00000+0 -46486-3 0  9998
2 48229  87.8931 302.7436 0001633  85.1458 274.9858 13.14502015239797
ONEWEB-0181             
1 48230U 21031W   26102.78588054  .00000208  00000+0  52560-3 0  9990
2 48230  87.8930 302.7864 0001639  81.0862 279.0454 13.14501223239645
ONEWEB-0188             
1 48231U 21031X   26102.82393593 -.00000112  00000+0 -33554-3 0  9996
2 48231  87.8926 302.7766 0001644  87.9790 272.1528 13.14500945239559
ONEWEB-0220             
1 48232U 21031Y   26102.78746348  .00000172  00000+0  42968-3 0  9995
2 48232  87.8940 302.7478 0001504  84.6672 275.4629 13.14501962239811
ONEWEB-0165             
1 48233U 21031Z   26102.81601269 -.00000198  00000+0 -56899-3 0  9990
2 48233  87.8934 302.7587 0001785  76.9451 283.1878 13.14502692239774
ONEWEB-0199             
1 48234U 21031AA  26102.80015983 -.00000110  00000+0 -33088-3 0  9991
2 48234  87.8940 302.7440 0001794  93.8784 266.2551 13.14502376239675
ONEWEB-0203             
1 48235U 21031AB  26102.56228637  .00000058  00000+0  12230-3 0  9992
2 48235  87.8946 302.7937 0001863  86.9171 273.2172 13.14501579239652
ONEWEB-0197             
1 48236U 21031AC  26102.84124163  .00000275  00000+0  70739-3 0  9992
2 48236  87.8926 302.7325 0001509  97.1405 262.9896 13.14502438239601
ONEWEB-0194             
1 48237U 21031AD  26102.82076353 -.00000150  00000+0 -43968-3 0  9996
2 48237  87.8930 302.7549 0001923  91.3675 268.7675 13.14501758239771
ONEWEB-0193             
1 48238U 21031AE  26102.83662344  .00000065  00000+0  14152-3 0  9995
2 48238  87.8932 302.7433 0002101  94.7395 265.3975 13.14501707239726
ONEWEB-0191             
1 48239U 21031AF  26102.84773547  .00000324  00000+0  83873-3 0  9999
2 48239  87.8932 302.7373 0001578  93.4716 266.6594 13.14502786239583
ONEWEB-0195             
1 48240U 21031AG  26102.82473323 -.00000064  00000+0 -20808-3 0  9990
2 48240  87.8942 302.7389 0001730  74.6721 285.4600 13.14501235239563
ONEWEB-0201             
1 48241U 21031AH  26102.81297374 -.00000163  00000+0 -47380-3 0  9994
2 48241  87.8927 302.7665 0001306  88.2980 271.8299 13.14502367239796
ONEWEB-0207             
1 48242U 21031AJ  26102.79301375  .00000041  00000+0  75358-4 0  9999
2 48242  87.8947 302.7473 0001438  89.7338 270.3956 13.14502310239708
ONEWEB-0208             
1 48243U 21031AK  26102.85090309  .00000297  00000+0  76745-3 0  9992
2 48243  87.8935 302.7462 0001718  78.5414 281.5909 13.14502464239720
ONEWEB-0200             
1 48244U 21031AL  26102.81441961 -.00000141  00000+0 -41445-3 0  9992
2 48244  87.8928 302.7410 0001673  84.8770 275.2551 13.14502372239643
ONEWEB-0217             
1 48245U 21031AM  26102.83028065  .00000053  00000+0  10894-3 0  9995
2 48245  87.8934 302.7389 0001744  76.3091 283.8232 13.14502226239590
ONEWEB-0211             
1 48767U 21045A   26102.73771485 -.00000001  00000+0 -36169-4 0  9998
2 48767  87.8938 272.1538 0002107  76.8656 283.2709 13.16192597235839
ONEWEB-0223             
1 48768U 21045B   26102.47973455  .00000022  00000+0  23218-4 0  9993
2 48768  87.8942 272.2962 0002122  86.8957 273.2416 13.15547656235764
ONEWEB-0230             
1 48769U 21045C   26102.75544505  .00000176  00000+0  43314-3 0  9993
2 48769  87.8932 272.2608 0001743  99.5555 260.5773 13.15547447236061
ONEWEB-0237             
1 48770U 21045D   26102.74435198  .00000054  00000+0  11026-3 0  9991
2 48770  87.8931 272.2647 0002044  93.4365 266.6999 13.15547515235783
ONEWEB-0235             
1 48771U 21045E   26102.71899110  .00000011  00000+0 -47409-5 0  9997
2 48771  87.8943 272.2490 0002155  88.9533 271.1844 13.15548196235777
ONEWEB-0242             
1 48772U 21045F   26102.71264941  .00000014  00000+0  23333-5 0  9998
2 48772  87.8948 272.2464 0001951  96.5037 263.6316 13.15548228235812
ONEWEB-0241             
1 48773U 21045G   26102.69998333  .00000122  00000+0  29069-3 0  9995
2 48773  87.8935 272.2748 0001980  83.8936 276.2419 13.15546854235720
ONEWEB-0243             
1 48774U 21045H   26102.42745248 -.00000070  00000+0 -22094-3 0  9997
2 48774  87.8934 272.3407 0002315  99.2350 260.9043 13.15547853235719
ONEWEB-0222             
1 48775U 21045J   26102.71502459 -.00000333  00000+0 -91755-3 0  9997
2 48775  87.8942 272.2456 0001861  91.0056 269.1287 13.15548425235795
ONEWEB-0244             
1 48776U 21045K   26102.74118215 -.00000040  00000+0 -14122-3 0  9992
2 48776  87.8946 272.2310 0001911  94.4947 265.6402 13.15547627236368
ONEWEB-0247             
1 48777U 21045L   26102.73801674 -.00000034  00000+0 -12355-3 0  9999
2 48777  87.8931 272.2733 0002608  93.3182 266.8247 13.15547303235804
ONEWEB-0245             
1 48778U 21045M   26102.73325216 -.00000043  00000+0 -14905-3 0  9996
2 48778  87.8942 272.2472 0001791  87.3611 272.7725 13.15547267235771
ONEWEB-0229             
1 48779U 21045N   26102.72849934 -.00000006  00000+0 -51062-4 0  9999
2 48779  87.8943 272.2466 0001944  96.7590 263.3762 13.15548395235800
ONEWEB-0228             
1 48780U 21045P   26102.76192558  .00000165  00000+0  40481-3 0  9994
2 48780  87.8948 272.2279 0001889  93.6016 266.5330 13.15547708235720
ONEWEB-0232             
1 48781U 21045Q   26102.73642097 -.00000022  00000+0 -91897-4 0  9992
2 48781  87.8952 272.2350 0001744  92.7462 267.3868 13.15544631236044
ONEWEB-0231             
1 48782U 21045R   26102.86635767 -.00000015  00000+0 -72892-4 0  9999
2 48782  87.8935 272.2297 0001987  89.7882 270.3476 13.15547091235756
ONEWEB-0234             
1 48783U 21045S   26102.75214421  .00000132  00000+0  31582-3 0  9996
2 48783  87.8939 272.2306 0001187  70.9114 289.2145 13.15549590235875
ONEWEB-0238             
1 48784U 21045T   26102.75241640  .00000097  00000+0  22431-3 0  9993
2 48784  87.8931 272.2239 0001436  85.3927 274.7367 13.15547393235775
ONEWEB-0240             
1 48785U 21045U   26102.69760029  .00000201  00000+0  50107-3 0  9992
2 48785  87.8951 272.2425 0001935  85.2230 274.9121 13.15547020235794
ONEWEB-0246             
1 48786U 21045V   26102.76811959  .00000116  00000+0  27389-3 0  9991
2 48786  87.8944 272.2352 0001893  96.8755 263.2591 13.15547045235675
ONEWEB-0210             
1 48787U 21045W   26102.74276294  .00000040  00000+0  73328-4 0  9998
2 48787  87.8943 272.2370 0002686 100.8047 259.3385 13.15546643235711
ONEWEB-0214             
1 48788U 21045X   26102.52330074  .00000187  00000+0  46156-3 0  9992
2 48788  87.8943 272.2772 0002106 102.2596 257.8770 13.15550302235651
ONEWEB-0221             
1 48789U 21045Y   26102.75861051  .00000194  00000+0  48172-3 0  9990
2 48789  87.8943 272.2397 0001971  91.4465 268.6891 13.15548183235779
ONEWEB-0213             
1 48790U 21045Z   26102.74751382  .00000081  00000+0  18165-3 0  9990
2 48790  87.8940 272.2455 0002096  93.3299 266.8071 13.15546889235836
ONEWEB-0212             
1 48791U 21045AA  26102.72453177 -.00000143  00000+0 -41405-3 0  9994
2 48791  87.8942 272.2445 0001712  94.2323 265.9003 13.15550048235826
ONEWEB-0227             
1 48792U 21045AB  26102.72374940 -.00000070  00000+0 -21916-3 0  9999
2 48792  87.8939 272.2465 0001830  92.3387 267.7953 13.15548382235771
ONEWEB-0226             
1 48793U 21045AC  26102.71740574 -.00000045  00000+0 -15409-3 0  9991
2 48793  87.8935 272.2543 0002077  96.2979 263.8388 13.15547737235748
ONEWEB-0224             
1 48794U 21045AD  26102.75701894  .00000270  00000+0  68255-3 0  9993
2 48794  87.8932 272.2828 0001798  65.4201 294.7117 13.15548009235675
ONEWEB-0233             
1 48795U 21045AE  26102.76164840  .00000232  00000+0  58120-3 0  9997
2 48795  87.8931 272.2903 0002018  88.2733 271.8628 13.15548204235690
ONEWEB-0190             
1 48796U 21045AF  26102.82515644  .00000092  00000+0  20939-3 0  9998
2 48796  87.8932 272.2389 0002485  89.2245 270.9170 13.15546948235771
ONEWEB-0236             
1 48797U 21045AG  26102.46229852  .00000210  00000+0  52340-3 0  9995
2 48797  87.8931 272.3224 0001634  94.3608 265.7709 13.15547023235613
ONEWEB-0248             
1 48798U 21045AH  26102.47498750  .00000071  00000+0  15436-3 0  9992
2 48798  87.8945 272.2968 0002071  83.2618 276.8748 13.15548604235776
ONEWEB-0225             
1 48799U 21045AJ  26102.72532833 -.00000110  00000+0 -32712-3 0  9994
2 48799  87.8932 272.2593 0002344  89.2436 270.8962 13.15548043235818
ONEWEB-0215             
1 48800U 21045AK  26102.69522909  .00000266  00000+0  67338-3 0  9998
2 48800  87.8945 272.2422 0002414  85.0425 275.0981 13.15547693235689
ONEWEB-0216             
1 48801U 21045AL  26102.70473823  .00000100  00000+0  23161-3 0  9994
2 48801  87.8942 272.2573 0001797  97.5082 262.6252 13.15547670235693
ONEWEB-0239             
1 48802U 21045AM  26102.70948816  .00000033  00000+0  53522-4 0  9994
2 48802  87.8934 272.2686 0002363  78.0888 282.0507 13.15548242235738
ONEWEB-0249             
1 48967U 21060A   26102.61951256  .00000022  00000+0  24972-4 0  9990
2 48967  87.9059 241.8045 0001808  96.9862 263.1475 13.16594522230983
ONEWEB-0250             
1 48968U 21060B   26102.80140922  .00000034  00000+0  48594-4 0  9991
2 48968  87.9059 239.7366 0001409  67.5402 292.5883 13.25830026231552
ONEWEB-0252             
1 48970U 21060D   26102.80238234 -.00000031  00000+0 -11429-3 0  9993
2 48970  87.9057 241.7600 0002002 106.0486 254.0865 13.16593621231053
ONEWEB-0253             
1 48971U 21060E   26102.63929553 -.00000012  00000+0 -66094-4 0  9994
2 48971  87.9058 241.7982 0001846  97.8252 262.3089 13.16593521230969
ONEWEB-0254             
1 48972U 21060F   26102.80080265 -.00000055  00000+0 -17640-3 0  9991
2 48972  87.9060 241.7621 0001971  91.5143 268.6214 13.16593723230987
ONEWEB-0255             
1 48973U 21060G   26102.61081132  .00000087  00000+0  19329-3 0  9994
2 48973  87.9059 241.8083 0001935  95.7250 264.4101 13.16594973231038
ONEWEB-0256             
1 48974U 21060H   26102.63691160 -.00000220  00000+0 -60880-3 0  9994
2 48974  87.9059 241.8106 0001767 103.8349 256.2978 13.16593541231006
ONEWEB-0257             
1 48975U 21060J   26102.82138240  .00000043  00000+0  79617-4 0  9991
2 48975  87.9059 241.7575 0001994 100.0282 260.1074 13.16593075230982
ONEWEB-0258             
1 48976U 21060K   26102.82295712  .00000061  00000+0  12642-3 0  9994
2 48976  87.9056 241.7683 0001828  98.3877 261.7461 13.16593177230996
ONEWEB-0259             
1 48977U 21060L   26102.81663563  .00000974  00000+0  25137-2 0  9992
2 48977  87.9063 241.7691 0001915  94.8428 265.2922 13.16586752231021
ONEWEB-0260             
1 48978U 21060M   26102.65592297  .00000031  00000+0  48267-4 0  9995
2 48978  87.9054 241.8065 0002012 111.9267 248.2078 13.16594044230989
ONEWEB-0261             
1 48979U 21060N   26102.77784308 -.00000008  00000+0 -54596-4 0  9993
2 48979  87.9057 241.7806 0002174  98.4310 261.7068 13.16595629231050
ONEWEB-0262             
1 48980U 21060P   26102.83404517  .00000079  00000+0  17263-3 0  9998
2 48980  87.9059 241.7536 0001790  90.8327 269.3009 13.16593572231022
ONEWEB-0263             
1 48981U 21060Q   26102.63771507  .00000008  00000+0 -12343-4 0  9991
2 48981  87.9058 241.8037 0002114  94.7344 265.4028 13.16593950230962
ONEWEB-0264             
1 48982U 21060R   26102.82692881  .00000116  00000+0  26970-3 0  9999
2 48982  87.9056 241.7699 0002047 103.7819 256.3539 13.16594364230996
ONEWEB-0266             
1 48984U 21060T   26102.77229689  .00000032  00000+0  49831-4 0  9996
2 48984  87.9062 241.7706 0001720  99.8109 260.3217 13.16594352230971
ONEWEB-0267             
1 48985U 21060U   26102.78338170 -.00000034  00000+0 -12336-3 0  9997
2 48985  87.9060 241.7644 0002032  99.1716 260.9645 13.16594322230984
ONEWEB-0268             
1 48986U 21060V   26102.82771425  .00000066  00000+0  13983-3 0  9999
2 48986  87.9057 241.7653 0001860 102.5346 257.5993 13.16593181231258
ONEWEB-0269             
1 48987U 21060W   26102.80871156  .00000021  00000+0  22613-4 0  9992
2 48987  87.9045 241.7793 0001730 107.4355 252.6965 13.16593157231024
ONEWEB-0270             
1 48988U 21060X   26102.82613059  .00000079  00000+0  17273-3 0  9999
2 48988  87.9058 241.7674 0002033  91.2001 268.9363 13.16593609231060
ONEWEB-0271             
1 48989U 21060Y   26102.81346880  .00000005  00000+0 -20862-4 0  9993
2 48989  87.9054 241.7614 0002070  96.9330 263.2036 13.16593155231060
ONEWEB-0272             
1 48990U 21060Z   26102.68361542 -.00000495  00000+0 -13271-2 0  9990
2 48990  87.9057 241.7980 0002108 105.8688 254.2676 13.16601243230998
ONEWEB-0273             
1 48991U 21060AA  26102.78180058 -.00000019  00000+0 -83289-4 0  9993
2 48991  87.9062 241.7768 0001907  96.8841 263.2507 13.16593497230988
ONEWEB-0274             
1 48992U 21060AB  26102.80711264 -.00000013  00000+0 -68587-4 0  9994
2 48992  87.9048 241.7813 0002048 108.8918 251.2435 13.16589423231027
ONEWEB-0275             
1 48993U 21060AC  26102.79604589 -.00000048  00000+0 -16040-3 0  9998
2 48993  87.9059 241.7660 0001913 101.5588 258.5758 13.16594472230952
ONEWEB-0276             
1 48994U 21060AD  26102.67729660  .00000104  00000+0  23890-3 0  9996
2 48994  87.9058 241.7903 0001905 105.8411 254.2930 13.16592432230954
ONEWEB-0277             
1 48995U 21060AE  26102.61397272  .00000094  00000+0  21106-3 0  9997
2 48995  87.9054 241.8151 0001934  97.2395 262.8955 13.16593824230930
ONEWEB-0278             
1 48996U 21060AF  26102.68046301  .00000051  00000+0  99624-4 0  9993
2 48996  87.9060 241.7871 0001600  99.9911 260.1400 13.16592062231074
ONEWEB-0279             
1 48997U 21060AG  26102.61239296  .00000166  00000+0  40003-3 0  9997
2 48997  87.9062 241.7998 0002116 100.8033 259.3336 13.16594366230994
ONEWEB-0280             
1 48998U 21060AH  26102.62741360 -.00000009  00000+0 -56432-4 0  9991
2 48998  87.9059 241.8012 0001750  88.8444 271.2887 13.16593043230932
ONEWEB-0281             
1 48999U 21060AJ  26102.40500286 -.00001419  00000+0 -37482-2 0  9996
2 48999  87.9068 241.8397 0001685 106.3078 253.8238 13.16578424230971
ONEWEB-0282             
1 49000U 21060AK  26102.81504580  .00000035  00000+0  58823-4 0  9991
2 49000  87.9056 241.7684 0001912  96.5973 263.5376 13.16592574231005
ONEWEB-0283             
1 49001U 21060AL  26102.80396259 -.00000041  00000+0 -14099-3 0  9998
2 49001  87.9055 241.7702 0001989  99.8795 260.2561 13.16593854231011
ONEWEB-0284             
1 49002U 21060AM  26102.79763366 -.00000024  00000+0 -95811-4 0  9997
2 49002  87.9057 241.7634 0001623  91.0575 269.0742 13.16594065230992
ONEWEB-0285             
1 49075U 21075A   26102.72501341  .00000189  00000+0  49027-3 0  9996
2 49075  87.9009   3.6640 0001800  76.7590 283.3739 13.12440548226627
ONEWEB-0286             
1 49076U 21075B   26102.70709205  .00000385  00000+0  10358-2 0  9996
2 49076  87.9000   3.6907 0001614  82.8413 277.2899 13.12442017225979
ONEWEB-0287             
1 49077U 21075C   26102.70966613  .00000009  00000+0 -94273-5 0  9990
2 49077  87.9189  18.8720 0001373  82.0532 278.0755 13.17651318225000
ONEWEB-0288             
1 49078U 21075D   26102.68351701 -.00000303  00000+0 -87651-3 0  9992
2 49078  87.9002   3.6660 0001573  76.9651 283.1653 13.12444833226592
ONEWEB-0289             
1 49079U 21075E   26102.52053265  .00000000  00000+0 -33972-4 0  9991
2 49079  87.9191  18.9233 0001937  66.5047 293.6288 13.17651359225558
ONEWEB-0290             
1 49080U 21075F   26102.72150426 -.00001722  00000+0 -44692-2 0  9994
2 49080  87.9213  18.8545 0002043  62.8423 297.2917 13.17630936224990
ONEWEB-0291             
1 49081U 21075G   26102.70629174 -.00000015  00000+0 -71238-4 0  9996
2 49081  87.9195  18.8644 0001509  70.9314 289.1981 13.17651393224985
ONEWEB-0293             
1 49082U 21075H   26102.80754100  .00000021  00000+0  19746-4 0  9997
2 49082  87.9186  18.8522 0001871  74.6146 285.5192 13.17647676225026
ONEWEB-0294             
1 49083U 21075J   26102.69029007 -.00000061  00000+0 -20584-3 0  9993
2 49083  87.9009   3.6676 0001866  68.3064 291.8263 13.12443085225983
ONEWEB-0295             
1 49084U 21075K   26102.50295704 -.00000010  00000+0 -57868-4 0  9993
2 49084  87.9183  18.9172 0001471  74.5664 285.5630 13.17648217224946
ONEWEB-0296             
1 49085U 21075L   26102.44122804 -.00000356  00000+0 -10248-2 0  9999
2 49085  87.9013   3.7216 0001477  72.2715 287.8575 13.12441256225952
ONEWEB-0297             
1 49086U 21075M   26102.70045256  .00000287  00000+0  76242-3 0  9992
2 49086  87.9000   3.6906 0001683  79.2103 280.9215 13.12442927226593
ONEWEB-0298             
1 49087U 21075N   26102.81107319  .00000095  00000+0  21273-3 0  9995
2 49087  87.9179  18.8532 0001769  84.0702 276.0631 13.17650196225016
ONEWEB-0299             
1 49088U 21075P   26102.81260186  .00000052  00000+0  10108-3 0  9996
2 49088  87.9195  18.8270 0001642  80.0227 280.1090 13.17651058224991
ONEWEB-0300             
1 49089U 21075Q   26102.69283350  .00000039  00000+0  73699-4 0  9991
2 49089  87.9012   3.6639 0001802  91.0159 269.1175 13.12444168226614
ONEWEB-0301             
1 49090U 21075R   26102.67673164 -.00000360  00000+0 -10354-2 0  9993
2 49090  87.9012   3.6669 0001963  89.0687 271.0666 13.12442357225973
ONEWEB-0302             
1 49091U 21075S   26102.43445397 -.00000344  00000+0 -99131-3 0  9996
2 49091  87.9012   3.7249 0001757  68.2835 291.8480 13.12440109225926
ONEWEB-0304             
1 49092U 21075T   26102.71135323 -.00000084  00000+0 -24931-3 0  9990
2 49092  87.9194  18.8754 0001664  77.9398 282.1920 13.17648174224955
ONEWEB-0305             
1 49093U 21075U   26102.70460262  .00000085  00000+0  18673-3 0  9998
2 49093  87.9197  18.8566 0001387  80.6778 279.4510 13.17649885224982
ONEWEB-0308             
1 49094U 21075V   26102.42768014  .00000008  00000+0 -12174-4 0  9991
2 49094  87.9010   3.7187 0001796  78.7027 281.4303 13.12441223225938
ONEWEB-0309             
1 49095U 21075W   26102.70799065  .00000019  00000+0  14620-4 0  9992
2 49095  87.9189  18.8697 0001819  65.4450 294.6871 13.17650833224959
ONEWEB-0310             
1 49096U 21075X   26102.44293861 -.00000349  00000+0 -10045-2 0  9990
2 49096  87.9006   3.7433 0001815  77.9585 282.1747 13.12442653226569
ONEWEB-0311             
1 49097U 21075Y   26102.71472751 -.00000187  00000+0 -51558-3 0  9993
2 49097  87.9192  18.8641 0001429  87.4324 272.6971 13.17648372225004
ONEWEB-0312             
1 49098U 21075Z   26102.50211469 -.00000042  00000+0 -14098-3 0  9996
2 49098  87.9182  18.9213 0001521  72.6256 287.5041 13.17650415224950
ONEWEB-0313             
1 49099U 21075AA  26102.81077852  .00000003  00000+0 -25773-4 0  9996
2 49099  87.9187  18.8668 0001695  80.0639 280.0684 13.17651011224986
ONEWEB-0314             
1 49100U 21075AB  26102.70122885 -.00000239  00000+0 -64929-3 0  9991
2 49100  87.9197  18.8540 0001482  72.4366 287.6928 13.17648687224940
ONEWEB-0315             
1 49101U 21075AC  26102.72077985  .00000358  00000+0  96066-3 0  9991
2 49101  87.9012   3.6471 0001529  89.1446 270.9858 13.12441420226588
ONEWEB-0316             
1 49102U 21075AD  26102.60156936 -.00000016  00000+0 -72618-4 0  9994
2 49102  87.9220 348.5010 0001701  82.2629 277.8696 13.18683996228567
ONEWEB-0317             
1 49103U 21075AE  26102.72416535  .00000216  00000+0  56601-3 0  9995
2 49103  87.9014   3.6691 0002324  64.8395 295.2975 13.12440958226601
ONEWEB-0318             
1 49104U 21075AF  26102.67414558 -.00000021  00000+0 -85568-4 0  9994
2 49104  87.9228 348.4822 0001569  86.9780 273.1532 13.18683957228530
ONEWEB-0319             
1 49105U 21075AG  26102.71641500 -.00000010  00000+0 -58514-4 0  9998
2 49105  87.9181  18.8728 0001559  95.1871 264.9439 13.17646883224989
ONEWEB-0323             
1 49106U 21075AH  26102.70553984  .00000333  00000+0  88931-3 0  9997
2 49106  87.9013   3.6545 0001329  92.6659 267.4622 13.12443061225963
ONEWEB-0329             
1 49107U 21075AJ  26102.72485907  .00000092  00000+0  20451-3 0  9994
2 49107  87.9190  18.8718 0001681  76.8498 283.2821 13.17651258224966
ONEWEB-0330             
1 49108U 21075AK  26102.82457021  .00000017  00000+0  10129-4 0  9991
2 49108  87.9188  18.8709 0001690  71.6270 288.5045 13.17648772225015
ONEWEB-0292             
1 49186U 21083A   26102.88135911 -.00000148  00000+0 -44046-3 0  9994
2 49186  87.8975 333.2513 0001597  87.4873 272.6439 13.13468171222355
ONEWEB-0303             
1 49187U 21083B   26102.44321692  .00000071  00000+0  14772-3 0  9996
2 49187  87.9224 348.5303 0001628  84.3777 275.7540 13.18684770221316
ONEWEB-0306             
1 49188U 21083C   26102.43333655 -.00000023  00000+0 -91231-4 0  9993
2 49188  87.9227 348.5163 0001922  76.0120 284.1226 13.18685556221353
ONEWEB-0307             
1 49189U 21083D   26102.87542183  .00000036  00000+0  62519-4 0  9999
2 49189  87.8992 333.2428 0001611  84.2534 275.8779 13.13468021222354
ONEWEB-0320             
1 49190U 21083E   26102.68092627 -.00017154  00000+0 -43555-1 0  9990
2 49190  87.9208 348.4920 0001759  79.1105 281.0225 13.18795945221348
ONEWEB-0321             
1 49191U 21083F   26102.74705302  .00000017  00000+0  87942-5 0  9999
2 49191  87.9137 287.4991 0001944  84.1730 275.9625 13.20772929228192
ONEWEB-0322             
1 49192U 21083G   26102.87120479  .00000153  00000+0  38354-3 0  9992
2 49192  87.8973 333.2472 0002155  80.5212 279.6160 13.13468371222345
ONEWEB-0324             
1 49193U 21083H   26102.42672257 -.00000013  00000+0 -66151-4 0  9994
2 49193  87.9227 348.5229 0001738  76.6948 283.4378 13.18684018221331
ONEWEB-0325             
1 49194U 21083J   26102.12652313  .00000032  00000+0  47262-4 0  9994
2 49194  87.9214 348.5971 0001807  82.1981 277.9356 13.18684202221304
ONEWEB-0326             
1 49195U 21083K   26102.44500891  .00000007  00000+0 -15100-4 0  9992
2 49195  87.9228 348.5251 0001689  95.9611 264.1714 13.18684711221335
ONEWEB-0327             
1 49196U 21083L   26102.67236205  .00000026  00000+0  33666-4 0  9990
2 49196  87.9219 348.4906 0001678  94.8457 265.2867 13.18687693221384
ONEWEB-0328             
1 49197U 21083M   26102.70869403  .00000175  00000+0  44407-3 0  9996
2 49197  87.8995 333.2441 0001784  76.2785 283.8543 13.13468809222308
ONEWEB-0331             
1 49198U 21083N   26102.43827269  .00000029  00000+0  40493-4 0  9991
2 49198  87.9227 348.5209 0001423  85.6112 274.5183 13.18686669221348
ONEWEB-0333             
1 49199U 21083P   26102.70361369  .00000433  00000+0  11509-2 0  9999
2 49199  87.8977 333.2785 0001750  83.9179 276.2149 13.13469467222316
ONEWEB-0334             
1 49200U 21083Q   26102.76442030  .00000140  00000+0  31128-3 0  9998
2 49200  87.9129 287.5105 0002690  83.9032 276.2408 13.20773123228159
ONEWEB-0335             
1 49201U 21083R   26102.69852856  .00000321  00000+0  84330-3 0  9996
2 49201  87.8986 333.2756 0001548  86.2679 273.8627 13.13468991222320
ONEWEB-0336             
1 49202U 21083S   26102.59357131 -.00000290  00000+0 -82853-3 0  9997
2 49202  87.8985 333.2928 0001351  85.6754 274.4529 13.13468807222302
ONEWEB-0337             
1 49203U 21083T   26102.60359778 -.00000077  00000+0 -24637-3 0  9998
2 49203  87.8986 333.2983 0001536  78.2730 281.8571 13.13469545222301
ONEWEB-0338             
1 49204U 21083U   26102.73916690  .00000025  00000+0  30401-4 0  9993
2 49204  87.9129 287.5205 0002082  88.1317 272.0055 13.20772961228175
ONEWEB-0339             
1 49205U 21083V   26102.68837066  .00000137  00000+0  34020-3 0  9991
2 49205  87.8984 333.2723 0001957  76.5780 283.5567 13.13469535222297
ONEWEB-0340             
1 49206U 21083W   26102.42507135 -.00000019  00000+0 -81694-4 0  9996
2 49206  87.9222 348.5289 0001688  83.0321 277.1004 13.18683619221307
ONEWEB-0341             
1 49207U 21083X   26102.43167457  .00000033  00000+0  52020-4 0  9992
2 49207  87.9226 348.5353 0001518  64.3654 295.7635 13.18684408221322
ONEWEB-0342             
1 49208U 21083Y   26102.74547656 -.00000985  00000+0 -24556-2 0  9999
2 49208  87.9136 287.5006 0002024  90.0624 270.0742 13.20777709228148
ONEWEB-0343             
1 49209U 21083Z   26102.43993464  .00000023  00000+0  25983-4 0  9996
2 49209  87.9224 348.5296 0001851  64.0196 296.1127 13.18686386221379
ONEWEB-0344             
1 49210U 21083AA  26102.68329848  .00000018  00000+0  13775-4 0  9994
2 49210  87.8981 333.2933 0001509  70.4817 289.6475 13.13469374222296
ONEWEB-0345             
1 49211U 21083AB  26102.37011225 -.00000172  00000+0 -50664-3 0  9998
2 49211  87.8987 333.3264 0001580  72.3638 287.7664 13.13469670222267
ONEWEB-0346             
1 49212U 21083AC  26102.43662178 -.00000083  00000+0 -24451-3 0  9991
2 49212  87.9216 348.5353 0001305 100.3457 259.7822 13.18684140221313
ONEWEB-0348             
1 49213U 21083AD  26102.73600795  .00000049  00000+0  87508-4 0  9995
2 49213  87.9140 287.5060 0001233  97.8469 262.2804 13.20773088228173
ONEWEB-0350             
1 49214U 21083AE  26102.68412661  .00000026  00000+0  37428-4 0  9994
2 49214  87.8989 333.2635 0001419  72.4704 287.6580 13.13473076222338
ONEWEB-0351             
1 49215U 21083AF  26102.80530647  .00000018  00000+0  12065-4 0  9995
2 49215  87.9140 287.4905 0002303  72.2373 287.9011 13.20773899228143
ONEWEB-0352             
1 49216U 21083AG  26102.89319705 -.00000258  00000+0 -74090-3 0  9998
2 49216  87.8984 333.2365 0002029  73.7151 286.4201 13.13470084222459
ONEWEB-0354             
1 49217U 21083AH  26102.75494770  .00000073  00000+0  14641-3 0  9999
2 49217  87.9140 287.4995 0001449  90.0731 270.0568 13.20772432228175
ONEWEB-0355             
1 49218U 21083AJ  26102.69358953  .00000271  00000+0  70828-3 0  9994
2 49218  87.8977 333.2841 0001756  74.7336 285.3987 13.13469606222305
ONEWEB-0357             
1 49219U 21083AK  26102.75179024  .00000070  00000+0  13974-3 0  9998
2 49219  87.9137 287.4947 0001845  87.0975 273.0370 13.20773080228170
ONEWEB-0332             
1 49279U 21090A   26102.83344617 -.00001072  00000+0 -29274-2 0  9997
2 49279  87.8929 302.7544 0002091  89.6878 270.4492 13.14508551218999
ONEWEB-0347             
1 49280U 21090B   26102.74232632  .00000069  00000+0  13873-3 0  9994
2 49280  87.9138 287.5055 0002008  96.1826 263.9536 13.20772905222405
ONEWEB-0349             
1 49281U 21090C   26102.47087044  .00000065  00000+0  12785-3 0  9997
2 49281  87.9138 287.5597 0001749  91.1889 268.9445 13.20772195221158
ONEWEB-0353             
1 49282U 21090D   26102.82552346 -.00000050  00000+0 -16940-3 0  9992
2 49282  87.8933 302.7501 0001993  90.3806 269.7552 13.14501451218991
ONEWEB-0356             
1 49283U 21090E   26102.77231231  .00000111  00000+0  24144-3 0  9995
2 49283  87.9139 287.4928 0001987 118.0964 242.0371 13.20772665221192
ONEWEB-0358             
1 49284U 21090F   26102.80228907 -.00001077  00000+0 -26813-2 0  9994
2 49284  87.9140 287.4900 0001749  95.3207 264.8125 13.20776646221921
ONEWEB-0359             
1 49285U 21090G   26102.49610948 -.00000060  00000+0 -17907-3 0  9996
2 49285  87.9137 287.5481 0001455  89.8835 270.2465 13.20772719221860
ONEWEB-0360             
1 49286U 21090H   26102.78968670  .00000099  00000+0  21212-3 0  9991
2 49286  87.9138 287.4957 0001604  88.8439 271.2878 13.20772419221219
ONEWEB-0361             
1 49287U 21090J   26102.77073911  .00000123  00000+0  27129-3 0  9997
2 49287  87.9140 287.4974 0001707  98.0845 262.0482 13.20771977221666
ONEWEB-0362             
1 49288U 21090K   26102.82314056 -.00000310  00000+0 -80772-3 0  9995
2 49288  87.9172 318.0134 0001817  77.4777 282.6559 13.19724501218295
ONEWEB-0363             
1 49289U 21090L   26102.78651477  .00000018  00000+0  11420-4 0  9990
2 49289  87.9137 287.4950 0001654 104.0292 256.1025 13.20772804221671
ONEWEB-0364             
1 49290U 21090M   26102.52136237  .00000104  00000+0  22422-3 0  9995
2 49290  87.9131 287.5591 0001716  91.3628 268.7702 13.20772661222773
ONEWEB-0365             
1 49291U 21090N   26102.60516854  .00000115  00000+0  25576-3 0  9997
2 49291  87.9182 318.0396 0001872  84.0208 276.1138 13.19723277217776
ONEWEB-0366             
1 49292U 21090P   26102.82235162 -.00000057  00000+0 -18839-3 0  9993
2 49292  87.8924 302.7569 0001679  88.5989 271.5333 13.14502140218970
ONEWEB-0367             
1 49293U 21090Q   26102.78493407  .00000086  00000+0  17973-3 0  9995
2 49293  87.9139 287.4952 0001816  85.5900 274.5441 13.20772697221192
ONEWEB-0368             
1 49294U 21090R   26102.75812466  .00003561  00000+0  87216-2 0  9990
2 49294  87.9093 287.5183 0002623 107.2246 252.9174 13.20777513222344
ONEWEB-0369             
1 49295U 21090S   26102.82787741  .00000019  00000+0  14228-4 0  9996
2 49295  87.9170 318.0097 0001821  86.2793 273.8548 13.19727904217794
ONEWEB-0370             
1 49296U 21090T   26102.49138544 -.00000064  00000+0 -18954-3 0  9992
2 49296  87.9139 287.5548 0001609  83.6296 276.5021 13.20772492221193
ONEWEB-0371             
1 49297U 21090U   26102.83577676  .00000076  00000+0  15648-3 0  9992
2 49297  87.9171 317.9976 0001810  82.1388 277.9950 13.19723646217830
ONEWEB-0372             
1 49298U 21090V   26102.78321764  .00000058  00000+0  11009-3 0  9999
2 49298  87.9138 287.4971 0001846  91.1477 268.9867 13.20773293221206
ONEWEB-0373             
1 49299U 21090W   26102.81018377  .00000055  00000+0  10288-3 0  9992
2 49299  87.9132 287.4947 0001690  93.4156 266.7171 13.20769738222394
ONEWEB-0374             
1 49300U 21090X   26102.80966933 -.00000240  00000+0 -68144-3 0  9996
2 49300  87.8933 302.7465 0001604 110.1965 249.9338 13.14502389218978
ONEWEB-0375             
1 49301U 21090Y   26102.79756169  .00000054  00000+0  10197-3 0  9999
2 49301  87.9139 287.4870 0001502 109.0394 251.0902 13.20773096221895
ONEWEB-0376             
1 49302U 21090Z   26102.83421233 -.00000001  00000+0 -35443-4 0  9992
2 49302  87.9181 317.9939 0001981  84.1141 276.0218 13.19724750217839
ONEWEB-0377             
1 49303U 21090AA  26102.78349921  .00000076  00000+0  15464-3 0  9990
2 49303  87.9138 287.4913 0001543  89.2436 270.8874 13.20769862221887
ONEWEB-0378             
1 49304U 21090AB  26102.80558650 -.00000037  00000+0 -12409-3 0  9990
2 49304  87.9135 287.4958 0001720  96.6528 263.4801 13.20772612221150
ONEWEB-0379             
1 49305U 21090AC  26102.80490734 -.00000032  00000+0 -12114-3 0  9997
2 49305  87.8935 302.7579 0001729  93.3973 266.7355 13.14502550218976
ONEWEB-0380             
1 49306U 21090AD  26102.83103325  .00000043  00000+0  74043-4 0  9998
2 49306  87.9167 318.0062 0001495  87.0392 273.0911 13.19727580217804
ONEWEB-0381             
1 49307U 21090AE  26102.78020977  .00000110  00000+0  23970-3 0  9991
2 49307  87.9138 287.4963 0001656 100.1846 259.9474 13.20772666221193
ONEWEB-0382             
1 49308U 21090AF  26102.76758449  .00000073  00000+0  14650-3 0  9995
2 49308  87.9141 287.4947 0001731 102.8542 257.2785 13.20771884221182
ONEWEB-0383             
1 49309U 21090AG  26102.49409036 -.00000166  00000+0 -48116-3 0  9990
2 49309  87.8940 302.8070 0001817  94.1426 265.9911 13.14501154218960
ONEWEB-0384             
1 49310U 21090AH  26102.75796500  .00000132  00000+0  29166-3 0  9991
2 49310  87.9139 287.5396 0001927 107.9018 252.2325 13.20809767221190
ONEWEB-0385             
1 49311U 21090AJ  26102.75967906  .00000114  00000+0  24747-3 0  9992
2 49311  87.9139 287.5008 0001716  98.7559 261.3769 13.20773341221162
ONEWEB-0386             
1 49312U 21090AK  26102.77704245  .00000048  00000+0  87128-4 0  9999
2 49312  87.9146 287.4841 0001814 100.5384 259.5954 13.20772969221184
ONEWEB-0387             
1 49313U 21090AL  26102.76125461  .00000082  00000+0  16881-3 0  9991
2 49313  87.9128 287.5195 0001435  96.5711 263.5586 13.20769446221187
ONEWEB-0388             
1 49314U 21090AM  26102.52303029  .00000000  00000+0 -32459-4 0  9995
2 49314  87.9170 318.0649 0001713  90.1941 269.9388 13.19726886217750
ONEWEB-0389             
1 50469U 21132A   26102.81766285  .00000054  00000+0  10610-3 0  9996
2 50469  87.9182  18.8531 0001471  86.5707 273.5593 13.17649448209476
ONEWEB-0390             
1 50470U 21132B   26102.81935647 -.00000075  00000+0 -22735-3 0  9994
2 50470  87.9185  18.8533 0001753  71.9510 288.1813 13.17650437209473
ONEWEB-0391             
1 50471U 21132C   26102.82103751 -.00000032  00000+0 -11553-3 0  9998
2 50471  87.9185  18.8622 0000942  82.3029 277.8210 13.17649471209475
ONEWEB-0392             
1 50472U 21132D   26102.69954816  .00000060  00000+0  12143-3 0  9995
2 50472  87.9198  18.8497 0001444  84.3754 275.7542 13.17648220209493
ONEWEB-0393             
1 50473U 21132E   26102.82696061 -.00000013  00000+0 -67047-4 0  9990
2 50473  87.9187  18.8466 0001653  80.7532 279.3786 13.17649371209504
ONEWEB-0394             
1 50474U 21132F   26102.69229369  .00000010  00000+0 -85095-5 0  9999
2 50474  87.9229 348.4630 0001651  85.9771 274.1550 13.18686216212963
ONEWEB-0395             
1 50475U 21132G   26102.78071664  .00000238  00000+0  63621-3 0  9993
2 50475  87.8911  34.0717 0001678  75.4481 284.6833 13.11419405207147
ONEWEB-0396             
1 50476U 21132H   26102.68569888  .00000039  00000+0  65523-4 0  9996
2 50476  87.9230 348.4765 0001633  82.9715 277.1603 13.18685132213005
ONEWEB-0397             
1 50477U 21132J   26102.70054653  .00000037  00000+0  60045-4 0  9991
2 50477  87.9227 348.4734 0001784  88.3769 271.7567 13.18684219212984
ONEWEB-0398             
1 50478U 21132K   26102.82479727 -.00000437  00000+0 -12695-2 0  9990
2 50478  87.8919  34.0471 0001756  68.7888 291.3428 13.11416696207041
ONEWEB-0399             
1 50479U 21132L   26102.81122731  .00000152  00000+0  39408-3 0  9994
2 50479  87.8924  34.0598 0001602  93.6205 266.5106 13.11414240207037
ONEWEB-0400             
1 50480U 21132M   26102.60322115 -.00000001  00000+0 -35120-4 0  9994
2 50480  87.9227 348.4829 0001760  75.0627 285.0700 13.18684370212966
ONEWEB-0401             
1 50481U 21132N   26102.72365285  .00000044  00000+0  78622-4 0  9992
2 50481  87.9227 348.4551 0001887  82.7632 277.3714 13.18688768212986
ONEWEB-0402             
1 50482U 21132P   26102.68734713 -.00000177  00000+0 -48148-3 0  9992
2 50482  87.9227 348.4533 0002132  91.0036 269.1340 13.18685867213007
ONEWEB-0403             
1 50483U 21132Q   26102.71209529  .00000097  00000+0  21309-3 0  9998
2 50483  87.9224 348.4715 0001634  81.5988 278.5329 13.18684906212961
ONEWEB-0404             
1 50484U 21132R   26102.71629286  .00000489  00000+0  13430-2 0  9995
2 50484  87.8912  34.0824 0001536  81.5280 278.6022 13.11416274207116
ONEWEB-0405             
1 50485U 21132S   26102.42342547 -.00000019  00000+0 -80205-4 0  9993
2 50485  87.9230 348.5128 0001736  63.4501 296.6808 13.18687670213327
ONEWEB-0406             
1 50486U 21132T   26102.71704422 -.00001097  00000+0 -28155-2 0  9991
2 50486  87.9208 348.4769 0001353  88.8317 271.2970 13.18676294212995
ONEWEB-0407             
1 50487U 21132U   26102.71043799  .00000044  00000+0  79660-4 0  9993
2 50487  87.9229 348.4648 0001963  79.7438 280.3915 13.18683910212932
ONEWEB-0409             
1 50488U 21132V   26102.71459830  .00000462  00000+0  12675-2 0  9996
2 50488  87.8922  34.0662 0001578  77.5977 282.5328 13.11417201207007
ONEWEB-0412             
1 50489U 21132W   26102.69889288 -.00000169  00000+0 -46199-3 0  9993
2 50489  87.9216 348.4791 0001967  87.5132 272.6225 13.18685248213026
ONEWEB-0413             
1 50490U 21132X   26102.70384530  .00000037  00000+0  61274-4 0  9991
2 50490  87.9212 348.4804 0002057  84.1540 275.9827 13.18684105212963
ONEWEB-0414             
1 50491U 21132Y   26102.68900003  .00000026  00000+0  32603-4 0  9990
2 50491  87.9229 348.4587 0001762  86.2255 273.9078 13.18684232212998
ONEWEB-0417             
1 50492U 21132Z   26102.69724244 -.00000215  00000+0 -57718-3 0  9998
2 50492  87.9221 348.4819 0001542  81.8458 278.2849 13.18686114212974
ONEWEB-0418             
1 50493U 21132AA  26102.70700913  .00000099  00000+0  21720-3 0  9990
2 50493  87.9223 348.4734 0001365  82.8381 277.2906 13.18687780213033
ONEWEB-0419             
1 50494U 21132AB  26102.72528183 -.00000003  00000+0 -39407-4 0  9999
2 50494  87.9225 348.4696 0001535  73.4385 286.6915 13.18687033212957
ONEWEB-0420             
1 50495U 21132AC  26102.69064897  .00000003  00000+0 -26167-4 0  9991
2 50495  87.9221 348.4856 0001955  78.4103 281.7248 13.18687280212949
ONEWEB-0421             
1 50496U 21132AD  26102.60818119  .00000042  00000+0  74204-4 0  9994
2 50496  87.9227 348.4964 0001820  92.9536 267.1804 13.18685396212973
ONEWEB-0424             
1 50497U 21132AE  26102.72034358  .00000058  00000+0  11342-3 0  9993
2 50497  87.9226 348.4698 0001661  69.9789 290.1522 13.18685937213014
ONEWEB-0426             
1 50498U 21132AF  26102.60485840  .00000009  00000+0 -10405-4 0  9994
2 50498  87.9234 348.4848 0001452 105.3150 254.8143 13.18689882212946
ONEWEB-0427             
1 50499U 21132AG  26102.71868366  .00000120  00000+0  27071-3 0  9994
2 50499  87.9229 348.4491 0001578  83.4408 276.6904 13.18684564212989
ONEWEB-0429             
1 50500U 21132AH  26102.70550461  .00000037  00000+0  62144-4 0  9998
2 50500  87.9217 348.4814 0001898  79.2635 280.8711 13.18685909212952
ONEWEB-0430             
1 50501U 21132AJ  26102.69395225  .00000086  00000+0  18650-3 0  9998
2 50501  87.9222 348.4818 0001829  72.6452 287.4880 13.18687913212992
ONEWEB-0432             
1 50502U 21132AK  26102.65231406 -.00000068  00000+0 -20632-3 0  9990
2 50502  87.9228 348.4604 0001211  61.7424 298.3830 13.18647156212941
ONEWEB-0440             
1 50503U 21132AL  26102.71375227  .00000027  00000+0  36706-4 0  9991
2 50503  87.9229 348.4689 0002108  88.1517 271.9856 13.18686161212942
ONEWEB-0450             
1 50504U 21132AM  26102.70727729 -.00001455  00000+0 -37231-2 0  9999
2 50504  87.9217 348.4802 0002007  74.2516 285.8837 13.18692466212971
ONEWEB-0410             
1 51622U 22012A   26102.68434816 -.00000005  00000+0 -46546-4 0  9999
2 51622  87.9197  18.8616 0000891 124.1334 235.9882 13.17646822205076
ONEWEB-0411             
1 51623U 22012B   26102.57460961 -.00000752  00000+0 -21914-2 0  9997
2 51623  87.8844  49.3177 0002178  65.2521 294.8833 13.10373523200690
ONEWEB-0415             
1 51624U 22012C   26102.57128058 -.00000650  00000+0 -18993-2 0  9996
2 51624  87.8840  49.3206 0001910  71.7588 288.3748 13.10371859200691
ONEWEB-0416             
1 51625U 22012D   26102.88834478 -.00000305  00000+0 -91018-3 0  9998
2 51625  87.8824  49.2749 0001635  71.9317 288.1988 13.10373681200779
ONEWEB-0422             
1 51626U 22012E   26102.69449405 -.00000013  00000+0 -65983-4 0  9999
2 51626  87.9195  18.8623 0002489  81.2481 278.8932 13.17648581205185
ONEWEB-0423             
1 51627U 22012F   26102.68773176  .00000011  00000+0 -47949-5 0  9994
2 51627  87.9193  18.8724 0001865  80.9876 279.1466 13.17651166205074
ONEWEB-0425             
1 51628U 22012G   26102.82194730  .00000196  00000+0  52431-3 0  9997
2 51628  87.8847  49.2712 0001647  87.5472 272.5844 13.10377482200765
ONEWEB-0428             
1 51629U 22012H   26102.57294719 -.00000605  00000+0 -17703-2 0  9997
2 51629  87.8831  49.3309 0001955  80.5616 279.5732 13.10372759200694
ONEWEB-0431             
1 51630U 22012J   26102.54295633  .00000393  00000+0  10904-2 0  9990
2 51630  87.8837  49.3255 0002297  66.0781 294.0587 13.10370887200740
ONEWEB-0434             
1 51631U 22012K   26102.82540462  .00000310  00000+0  85077-3 0  9998
2 51631  87.8833  49.2949 0001530  98.7014 261.4287 13.10376995200769
ONEWEB-0435             
1 51632U 22012L   26102.83357302  .00000679  00000+0  19078-2 0  9994
2 51632  87.8830  49.2830 0002195  79.8643 280.2732 13.10378153200753
ONEWEB-0436             
1 51633U 22012M   26102.29962635  .00000073  00000+0  15453-3 0  9998
2 51633  87.9194  18.9282 0002037  77.1515 282.9843 13.17650169205008
ONEWEB-0438             
1 51634U 22012N   26102.81696063 -.00000300  00000+0 -89705-3 0  9992
2 51634  87.8841  49.2883 0001745  82.4465 277.6861 13.10375798200785
ONEWEB-0439             
1 51635U 22012P   26102.82030274  .00000132  00000+0  34277-3 0  9995
2 51635  87.8836  49.2759 0001971  82.8727 277.2624 13.10377691200763
ONEWEB-0442             
1 51636U 22012Q   26102.82356676 -.00000085  00000+0 -25099-3 0  9994
2 51636  87.9188  18.8609 0001234  87.8451 272.2822 13.17651390205063
ONEWEB-0443             
1 51637U 22012R   26102.69109929 -.00003040  00000+0 -78624-2 0  9992
2 51637  87.9188  18.8895 0002020  89.9131 270.2232 13.17666595205092
ONEWEB-0444             
1 51638U 22012S   26102.81032189 -.00000418  00000+0 -12332-2 0  9990
2 51638  87.8829  49.2768 0001920  85.3272 274.8075 13.10373139200772
ONEWEB-0445             
1 51639U 22012T   26102.83194517  .00000559  00000+0  15662-2 0  9990
2 51639  87.8841  49.2546 0001873  71.5494 288.5837 13.10375021200782
ONEWEB-0446             
1 51640U 22012U   26102.80866346 -.00000632  00000+0 -18480-2 0  9990
2 51640  87.8834  49.2934 0001803  75.8111 284.3216 13.10374751200765
ONEWEB-0448             
1 51641U 22012V   26102.81367694 -.00000271  00000+0 -81367-3 0  9998
2 51641  87.8829  49.2901 0001952  81.5282 278.6067 13.10379216200730
ONEWEB-0449             
1 51642U 22012W   26102.81862287 -.00000087  00000+0 -28515-3 0  9998
2 51642  87.8844  49.2707 0001655  91.7587 268.3730 13.10377589200748
ONEWEB-0451             
1 51643U 22012X   26102.82780546 -.00000028  00000+0 -10442-3 0  9992
2 51643  87.9198  18.8192 0001645  84.3359 275.7960 13.17647861205052
ONEWEB-0452             
1 51644U 22012Y   26102.82610439  .00000044  00000+0  81209-4 0  9992
2 51644  87.9187  18.8625 0001811  88.5285 271.6054 13.17648766205066
ONEWEB-0456             
1 51646U 22012AA  26102.82860530  .00000512  00000+0  14315-2 0  9995
2 51646  87.8852  49.2512 0002043  79.5155 280.6202 13.10375254200784
ONEWEB-0457             
1 51647U 22012AB  26102.57626502 -.00000536  00000+0 -15721-2 0  9997
2 51647  87.8831  49.3271 0001523  72.8599 287.2694 13.10373440200755
ONEWEB-0458             
1 51648U 22012AC  26102.82693890  .00000380  00000+0  10510-2 0  9996
2 51648  87.8841  49.2599 0001869  84.9241 275.2099 13.10374738200746
ONEWEB-0461             
1 51649U 22012AD  26102.69616845 -.00000030  00000+0 -10985-3 0  9998
2 51649  87.9197  18.8599 0001722  75.7835 284.3488 13.17651290205262
ONEWEB-0463             
1 51650U 22012AE  26102.82948432  .00000020  00000+0  19428-4 0  9994
2 51650  87.9186  18.8627 0001716  74.5926 285.5395 13.17647654205062
ONEWEB-0464             
1 51651U 22012AF  26102.82362206  .00001975  00000+0  56193-2 0  9992
2 51651  87.8838  49.2873 0001925  81.4866 278.6480 13.10369111200761
ONEWEB-0468             
1 51652U 22012AG  26102.83026576  .00000465  00000+0  12948-2 0  9994
2 51652  87.8835  49.2802 0002168  83.9122 276.2253 13.10375212200742
ONEWEB-0473             
1 51653U 22012AH  26102.81530346 -.00000299  00000+0 -89155-3 0  9990
2 51653  87.8837  49.2849 0001972  83.1350 277.0002 13.10376827200747
ONEWEB-0474             
1 51654U 22012AJ  26102.57793016 -.00000495  00000+0 -14549-2 0  9991
2 51654  87.8843  49.3104 0002156  85.7487 274.3887 13.10373669200702
ONEWEB-0475             
1 51655U 22012AK  26102.68942922  .00000005  00000+0 -19656-4 0  9998
2 51655  87.9187  18.8826 0002296  92.6801 267.4593 13.17649547205068
ONEWEB-0490             
1 54113U 22138A   26102.85630778 -.00000159  00000+0 -42983-3 0  9990
2 54113  87.9177 317.9919 0001938  83.5810 276.5544 13.19725430168216
ONEWEB-0492             
1 54114U 22138B   26102.88158289  .00000019  00000+0  14420-4 0  9995
2 54114  87.9169 317.9929 0001867  79.7075 280.4268 13.19727107168221
ONEWEB-0495             
1 54115U 22138C   26102.85946897 -.00000137  00000+0 -37358-3 0  9990
2 54115  87.9163 317.9991 0002458  83.2111 276.9301 13.19724212168203
ONEWEB-0497             
1 54116U 22138D   26102.87210397 -.00000007  00000+0 -50651-4 0  9990
2 54116  87.9170 317.9873 0001837  84.4459 275.6883 13.19726958168197
ONEWEB-0499             
1 54117U 22138E   26102.85553539  .00000070  00000+0  14361-3 0  9992
2 54117  87.9174 318.0014 0001916  90.1059 270.0293 13.19724365168205
ONEWEB-0500             
1 54118U 22138F   26102.85788825 -.00000142  00000+0 -38587-3 0  9999
2 54118  87.9177 317.9904 0001750  83.3421 276.7911 13.19724585168213
ONEWEB-0501             
1 54119U 22138G   26102.88790141  .00000042  00000+0  72991-4 0  9992
2 54119  87.9171 317.9847 0002101  85.5730 274.5642 13.19727785168191
ONEWEB-0502             
1 54120U 22138H   26102.87368233  .00000028  00000+0  37193-4 0  9995
2 54120  87.9177 317.9751 0001999  89.1706 270.9655 13.19727397168216
ONEWEB-0503             
1 54121U 22138J   26102.55935848  .00000001  00000+0 -30543-4 0  9997
2 54121  87.9186 318.0419 0001729  94.1530 265.9800 13.19727290168164
ONEWEB-0504             
1 54122U 22138K   26102.84999228 -.00000204  00000+0 -54149-3 0  9995
2 54122  87.9170 317.9914 0001991  89.4055 270.7306 13.19725429168219
ONEWEB-0505             
1 54123U 22138L   26102.84684037  .00000084  00000+0  17787-3 0  9996
2 54123  87.9180 317.9917 0002237  88.0983 272.0406 13.19725251168199
ONEWEB-0506             
1 54124U 22138M   26102.82155931  .00000050  00000+0  91793-4 0  9994
2 54124  87.9182 317.9940 0002073  87.2258 272.9112 13.19727482168182
ONEWEB-0507             
1 54125U 22138N   26102.84210127  .00000062  00000+0  12349-3 0  9998
2 54125  87.9170 318.0082 0001964  83.8111 276.3245 13.19726770168237
ONEWEB-0508             
1 54126U 22138P   26102.83894183  .00000039  00000+0  64664-4 0  9990
2 54126  87.9172 318.0080 0002177  80.1258 280.0120 13.19723907168218
ONEWEB-0509             
1 54127U 22138Q   26102.88948146 -.00000044  00000+0 -14147-3 0  9993
2 54127  87.9182 317.9808 0001874  85.3305 274.8042 13.19723491168198
ONEWEB-0510             
1 54128U 22138R   26102.75336641  .00000085  00000+0  17708-3 0  9990
2 54128  87.9140 287.4979 0001293  97.5102 262.6178 13.20772911170649
ONEWEB-0511             
1 54129U 22138S   26102.35561882  .00000007  00000+0 -13742-4 0  9994
2 54129  87.9183 318.0915 0001873  94.8681 265.2666 13.19726007168151
ONEWEB-0512             
1 54130U 22138T   26102.87843875 -.00000013  00000+0 -65824-4 0  9994
2 54130  87.9171 317.9976 0002097  89.7066 270.4307 13.19724224168197
ONEWEB-0513             
1 54131U 22138U   26102.68345804  .00000074  00000+0  15213-3 0  9994
2 54131  87.9181 317.9886 0002584  99.5077 260.6348 13.20265093168070
ONEWEB-0514             
1 54132U 22138V   26102.89421521  .00000062  00000+0  12181-3 0  9997
2 54132  87.9170 317.9837 0001619  86.9984 273.1334 13.19727445168212
ONEWEB-0515             
1 54133U 22138W   26102.74075266  .00000046  00000+0  81703-4 0  9992
2 54133  87.9146 287.4913 0001220  65.5680 294.5580 13.20772428170661
ONEWEB-0516             
1 54134U 22138X   26102.86896396  .00000024  00000+0  28448-4 0  9994
2 54134  87.9170 318.0002 0001806  81.4096 278.7241 13.19727077168211
ONEWEB-0517             
1 54135U 22138Y   26102.62096507  .00000064  00000+0  12677-3 0  9995
2 54135  87.9170 318.0391 0001708  95.4477 264.6851 13.19726957168185
ONEWEB-0518             
1 54136U 22138Z   26102.86739125 -.00000270  00000+0 -70658-3 0  9996
2 54136  87.9213 318.0045 0001461  75.2712 284.8583 13.19713211168213
ONEWEB-0519             
1 54137U 22138AA  26102.89263818  .00000087  00000+0  18581-3 0  9992
2 54137  87.9182 317.9805 0001745  93.1464 266.9868 13.19724287168222
ONEWEB-0520             
1 54138U 22138AB  26102.85157145 -.00000219  00000+0 -57866-3 0  9992
2 54138  87.9171 317.9921 0002052  84.3245 275.8122 13.19724771168209
ONEWEB-0521             
1 54139U 22138AC  26102.88474227 -.00001144  00000+0 -28892-2 0  9993
2 54139  87.9178 317.9719 0001669  90.4618 269.6705 13.19732736168159
ONEWEB-0522             
1 54140U 22138AD  26102.86420581 -.00000186  00000+0 -49749-3 0  9997
2 54140  87.9182 317.9778 0001930  86.4715 273.6639 13.19724380168196
ONEWEB-0523             
1 54141U 22138AE  26102.80386311 -.00000876  00000+0 -21858-2 0  9990
2 54141  87.9140 287.4922 0000908  96.2357 263.8880 13.20774005170674
ONEWEB-0524             
1 54142U 22138AF  26102.48981109 -.00000089  00000+0 -24978-3 0  9994
2 54142  87.9137 287.5521 0001495  60.8974 299.2309 13.20773746170637
ONEWEB-0525             
1 54143U 22138AG  26102.88316223 -.00000058  00000+0 -17715-3 0  9995
2 54143  87.9170 317.9852 0001992  84.1510 275.9850 13.19727096168215
ONEWEB-0526             
1 54144U 22138AH  26102.61307080  .00000044  00000+0  78285-4 0  9991
2 54144  87.9183 318.0370 0001841  83.2410 276.8932 13.19724100168156
ONEWEB-0529             
1 54145U 22138AJ  26102.84367446 -.00000176  00000+0 -47193-3 0  9990
2 54145  87.9172 318.0054 0002012  83.4971 276.6391 13.19725233168200
ONEWEB-0531             
1 54146U 22138AK  26102.77862743  .00000119  00000+0  26054-3 0  9991
2 54146  87.9135 287.4931 0000936  74.1204 286.0033 13.20772780170675
ONEWEB-0535             
1 54147U 22138AL  26102.87684149  .00000010  00000+0 -74121-5 0  9996
2 54147  87.9178 317.9783 0001422  89.7409 270.3887 13.19727260168229
ONEWEB-0536             
1 54148U 22138AM  26102.46297799  .00000073  00000+0  14873-3 0  9997
2 54148  87.9124 287.5863 0000957  63.8327 296.2905 13.20772299170625
ONEWEB-0527             
1 54642U 22166A   26102.39056025  .00000071  00000+0  14122-3 0  9999
2 54642  87.9190 257.1018 0001794  95.8965 264.2374 13.21824745162840
ONEWEB-0528             
1 54643U 22166B   26102.39642204 -.00000395  00000+0 -98867-3 0  9999
2 54643  87.9191 257.1046 0001975  93.8991 266.2368 13.21825581162856
ONEWEB-0539             
1 54644U 22166C   26102.43515559  .00000077  00000+0  15583-3 0  9996
2 54644  87.9198 257.0646 0001920 105.4357 254.6989 13.21826023162857
ONEWEB-0540             
1 54645U 22166D   26102.44202215  .00000099  00000+0  20724-3 0  9997
2 54645  87.9190 257.0978 0001805 101.7359 258.3977 13.21825929162842
ONEWEB-0542             
1 54646U 22166E   26102.44524764  .00000267  00000+0  61409-3 0  9996
2 54646  87.9199 257.0600 0001892 107.6423 252.4917 13.21825571162850
ONEWEB-0545             
1 54647U 22166F   26102.40988655 -.00000209  00000+0 -53777-3 0  9993
2 54647  87.9193 257.0842 0001862 114.8627 245.2700 13.21824177162813
ONEWEB-0580             
1 54648U 22166G   26102.46038779  .00000127  00000+0  27530-3 0  9998
2 54648  87.9191 257.0741 0001723 110.2086 249.9234 13.21826874162869
ONEWEB-0582             
1 54649U 22166H   26102.42672419  .00000037  00000+0  58164-4 0  9998
2 54649  87.9192 257.0736 0001817 113.4009 246.7316 13.21825508162835
ONEWEB-0583             
1 54650U 22166J   26102.43852253  .00000044  00000+0  75183-4 0  9995
2 54650  87.9189 257.0944 0001816 103.0936 257.0401 13.21825933162840
ONEWEB-0584             
1 54651U 22166K   26102.45871353  .00000124  00000+0  26910-3 0  9992
2 54651  87.9189 257.0773 0001707 104.6163 255.5161 13.21828444162834
ONEWEB-0585             
1 54652U 22166L   26102.40652640  .00000049  00000+0  88313-4 0  9996
2 54652  87.9192 257.0723 0001863  93.2729 266.8618 13.21825112162839
ONEWEB-0586             
1 54653U 22166M   26102.19289431 -.00000037  00000+0 -12052-3 0  9992
2 54653  87.9194 257.1411 0001867 104.5935 255.5406 13.21826397162809
ONEWEB-0587             
1 54654U 22166N   26102.35440831  .00000044  00000+0  75958-4 0  9995
2 54654  87.9203 257.0760 0001866  86.9228 273.2120 13.21821248162983
ONEWEB-0589             
1 54655U 22166P   26102.41662117  .00000043  00000+0  72899-4 0  9996
2 54655  87.9189 257.0843 0001796 126.8628 233.2670 13.21827403162850
ONEWEB-0590             
1 54656U 22166Q   26102.51744155  .00000315  00000+0  73021-3 0  9990
2 54656  87.9198 257.0475 0001309  97.3476 262.7807 13.21824986162857
ONEWEB-0591             
1 54657U 22166R   26102.45366226  .00000244  00000+0  55836-3 0  9998
2 54657  87.9191 257.0800 0001720  98.4223 261.7106 13.21825263162874
ONEWEB-0592             
1 54658U 22166S   26102.45702301  .00000211  00000+0  47923-3 0  9999
2 54658  87.9201 257.0523 0001812  98.2697 261.8642 13.21826229162750
ONEWEB-0593             
1 54659U 22166T   26102.40315854 -.00000129  00000+0 -34440-3 0  9998
2 54659  87.9193 257.0793 0001918 102.5272 257.6076 13.21825077162850
ONEWEB-0594             
1 54660U 22166U   26102.42334839  .00000042  00000+0  69579-4 0  9990
2 54660  87.9190 257.0928 0001833  95.6340 264.5003 13.21826024162875
ONEWEB-0595             
1 54661U 22166V   26102.39979656 -.00000062  00000+0 -18139-3 0  9998
2 54661  87.9199 257.0727 0001789  91.9273 268.2065 13.21824419162848
ONEWEB-0596             
1 54662U 22166W   26102.45029736  .00000178  00000+0  39859-3 0  9999
2 54662  87.9193 257.0784 0001806  95.2860 264.8480 13.21825975162857
ONEWEB-0597             
1 54663U 22166X   26102.43179142  .00000961  00000+0  22948-2 0  9995
2 54663  87.9197 257.0864 0001747 103.6546 256.4783 13.21820023162852
ONEWEB-0600             
1 54664U 22166Y   26102.33756089 -.00000062  00000+0 -18254-3 0  9996
2 54664  87.9191 257.0963 0002014 100.0621 260.0740 13.21828968162816
ONEWEB-0601             
1 54665U 22166Z   26102.40484376 -.00000188  00000+0 -48666-3 0  9991
2 54665  87.9188 257.0995 0001795 107.1888 252.9442 13.21825766163011
ONEWEB-0602             
1 54666U 22166AA  26102.44609105  .00000119  00000+0  25753-3 0  9999
2 54666  87.9188 257.0974 0002099 100.7804 259.3566 13.21825105162861
ONEWEB-0603             
1 54667U 22166AB  26102.67906550  .00000214  00000+0  48781-3 0  9991
2 54667  87.9203 257.0009 0001906 102.2394 257.8954 13.21827056162823
ONEWEB-0604             
1 54668U 22166AC  26102.81868541  .00000015  00000+0  36754-5 0  9993
2 54668  87.9204 256.9878 0001844  95.9554 264.1790 13.21825449162805
ONEWEB-0605             
1 54669U 22166AD  26102.81195360 -.00000011  00000+0 -59286-4 0  9998
2 54669  87.9191 257.0090 0001427 117.6589 242.4689 13.21825669162873
ONEWEB-0606             
1 54670U 22166AE  26102.68243475  .00000786  00000+0  18714-2 0  9992
2 54670  87.9192 257.0474 0001869  92.8151 267.3197 13.21822880162918
ONEWEB-0607             
1 54671U 22166AF  26102.80015080  .00000006  00000+0 -16922-4 0  9993
2 54671  87.9201 256.9907 0001938 102.2900 257.8451 13.21825899162903
ONEWEB-0608             
1 54672U 22166AG  26102.80688613  .00000016  00000+0  62363-5 0  9993
2 54672  87.9204 256.9840 0001733 116.4823 243.6489 13.21826792162915
ONEWEB-0610             
1 54673U 22166AH  26102.71098626 -.00000009  00000+0 -54534-4 0  9997
2 54673  87.9195 257.0242 0002002 117.6581 242.4756 13.21823663162803
ONEWEB-0611             
1 54674U 22166AJ  26102.70426647 -.00000130  00000+0 -34716-3 0  9999
2 54674  87.9191 257.0218 0001804  94.5787 265.5553 13.21825291162791
ONEWEB-0612             
1 54675U 22166AK  26102.86911422 -.00000030  00000+0 -10469-3 0  9995
2 54675  87.9205 256.9769 0001768 104.7815 255.3514 13.21829003162803
ONEWEB-0615             
1 54676U 22166AL  26102.69753306  .00000107  00000+0  22680-3 0  9993
2 54676  87.9194 257.0318 0001994  91.7567 268.3795 13.21824816162793
ONEWEB-0655             
1 54677U 22166AM  26102.82541192  .00000085  00000+0  17318-3 0  9994
2 54677  87.9193 257.0085 0002080 102.5065 257.6302 13.21825007162805
ONEWEB-0659             
1 54678U 22166AN  26102.84227767  .00001604  00000+0  38512-2 0  9992
2 54678  87.9194 257.0055 0001815  96.7345 263.3996 13.21811737162891
ONEWEB-0685             
1 54679U 22166AP  26102.84215772  .00000042  00000+0  70389-4 0  9991
2 54679  87.9190 256.9994 0001900 103.7270 256.4075 13.21815713162786
ONEWEB-0712             
1 54680U 22166AQ  26102.62662968  .00000088  00000+0  19586-3 0  9993
2 54680  87.9064 241.7982 0002335 103.2448 256.8943 13.16593232163436
ONEWEB-0714             
1 54681U 22166AR  26102.69585291 -.00000046  00000+0 -14210-3 0  9999
2 54681  87.9193 257.0242 0002050 101.5454 258.5910 13.21823329162881
ONEWEB-0532             
1 55140U 23004A   26102.72822785  .00000091  00000+0  20073-3 0  9990
2 55140  87.9189  18.8671 0001471  78.0614 282.0682 13.17651471158962
ONEWEB-0533             
1 55141U 23004B   26102.43601389 -.00000257  00000+0 -75039-3 0  9992
2 55141  87.9013   3.7286 0001785  85.4253 274.7080 13.12441212159431
ONEWEB-0541             
1 55142U 23004C   26102.56709297  .00000483  00000+0  13269-2 0  9999
2 55142  87.8924  34.0968 0001802  73.9480 286.1847 13.11415962157348
ONEWEB-0543             
1 55143U 23004D   26102.60653367 -.00000006  00000+0 -48434-4 0  9998
2 55143  87.9214 348.5144 0002018  82.0403 278.0958 13.18684944161058
ONEWEB-0544             
1 55144U 23004E   26102.59992300 -.00000017  00000+0 -77075-4 0  9995
2 55144  87.9218 348.5148 0001909  74.1568 285.9774 13.18684087161050
ONEWEB-0560             
1 55145U 23004F   26102.44158542 -.00000019  00000+0 -81534-4 0  9999
2 55145  87.9215 348.5355 0001918  74.9126 285.2219 13.18685081161047
ONEWEB-0565             
1 55146U 23004G   26102.43497509  .00000035  00000+0  56722-4 0  9995
2 55146  87.9206 348.5710 0001676  64.4523 295.6782 13.18684402161034
ONEWEB-0567             
1 55147U 23004H   26102.12488325 -.00000017  00000+0 -75620-4 0  9998
2 55147  87.9220 348.6107 0001823  67.9281 292.2045 13.18685830160990
ONEWEB-0569             
1 55148U 23004J   26102.87628262 -.00000015  00000+0 -77142-4 0  9996
2 55148  87.8994 333.2219 0002357  63.9830 296.1542 13.13468128161609
ONEWEB-0570             
1 55149U 23004K   26102.72198064 -.00000302  00000+0 -79766-3 0  9995
2 55149  87.9216 348.4899 0001317  74.3852 285.7425 13.18685729161062
ONEWEB-0571             
1 55150U 23004L   26102.71538595 -.00000259  00000+0 -68924-3 0  9998
2 55150  87.9212 348.4901 0002175  46.3578 313.7734 13.18685668161079
ONEWEB-0572             
1 55151U 23004M   26102.83453698  .00000013  00000+0  14524-5 0  9997
2 55151  87.9186  18.8475 0001760  71.1946 288.9376 13.17651365158873
ONEWEB-0573             
1 55152U 23004N   26102.70879606  .00000052  00000+0  98862-4 0  9994
2 55152  87.9216 348.4931 0001437  52.9434 307.1829 13.18684247161065
ONEWEB-0588             
1 55153U 23004P   26102.70219373  .00000000  00000+0 -33084-4 0  9993
2 55153  87.9217 348.4952 0001410  73.3697 286.7590 13.18687637161062
ONEWEB-0598             
1 55154U 23004Q   26102.54505058 -.00000129  00000+0 -39865-3 0  9999
2 55154  87.8914  34.1188 0002303  61.6771 298.4589 13.11421244157292
ONEWEB-0599             
1 55155U 23004R   26102.71979071  .00000112  00000+0  25621-3 0  9994
2 55155  87.9195  18.8688 0002058  77.8567 282.2795 13.17651826158869
ONEWEB-0614             
1 55156U 23004S   26102.53994775 -.00000254  00000+0 -75387-3 0  9996
2 55156  87.8915  34.1279 0001675  82.2078 277.9240 13.11417832157234
ONEWEB-0616             
1 55157U 23004T   26102.83791824  .00000110  00000+0  25016-3 0  9993
2 55157  87.9189  18.8478 0002753  87.8088 272.3358 13.17647627159097
ONEWEB-0617             
1 55158U 23004U   26102.83326634 -.00000546  00000+0 -15765-2 0  9991
2 55158  87.8928  34.0564 0001433  79.1663 280.9627 13.11416521157296
ONEWEB-0618             
1 55159U 23004V   26102.70730185  .00003924  00000+0  22285-3 0  9995
2 55159  86.9133 204.1870 0013311 166.3530 193.8073 15.12551990172360
ONEWEB-0619             
1 55160U 23004W   26102.71811060  .00000099  00000+0  22075-3 0  9997
2 55160  87.9199  18.8468 0001832  93.3809 266.7532 13.17648476158971
ONEWEB-0620             
1 55161U 23004X   26102.82817823 -.00000432  00000+0 -12547-2 0  9998
2 55161  87.8914  34.0703 0001808  69.6100 290.5222 13.11415528157267
ONEWEB-0621             
1 55162U 23004Y   26102.55012411  .00000085  00000+0  20272-3 0  9996
2 55162  87.8924  34.1087 0001708  83.6634 276.4688 13.11417727157208
ONEWEB-0622             
1 55163U 23004Z   26102.32632753  .00000465  00000+0  12757-2 0  9999
2 55163  87.8923  34.1548 0001155  69.1361 290.9891 13.11417512157166
ONEWEB-0623             
1 55164U 23004AA  26102.71305015  .00000033  00000+0  50611-4 0  9995
2 55164  87.9186  18.8860 0001196  97.4878 262.6389 13.17652057158965
ONEWEB-0624             
1 55165U 23004AB  26102.42646730  .00000009  00000+0 -10935-4 0  9995
2 55165  87.9005   3.6595 0001623  83.3251 276.8063 13.12925207159442
ONEWEB-0625             
1 55166U 23004AC  26102.70292292  .00000025  00000+0  32204-4 0  9997
2 55166  87.9190  18.8821 0001976  81.5804 278.5552 13.17647951158952
ONEWEB-0626             
1 55167U 23004AD  26102.69280720 -.00000015  00000+0 -72900-4 0  9997
2 55167  87.9186  18.8841 0001962  65.3608 294.7728 13.17650619158957
ONEWEB-0627             
1 55168U 23004AE  26102.83285053 -.00000005  00000+0 -45165-4 0  9990
2 55168  87.9186  18.8564 0001357  90.0983 270.0304 13.17649574158976
ONEWEB-0628             
1 55169U 23004AF  26102.68858227 -.00000058  00000+0 -19666-3 0  9997
2 55169  87.9011   3.6627 0001351 100.2812 259.8468 13.12442890159441
ONEWEB-0629             
1 55170U 23004AG  26102.80836069 -.00000020  00000+0 -84677-4 0  9997
2 55170  87.9183  18.8579 0001825  89.2960 270.8380 13.17646141158976
ONEWEB-0631             
1 55171U 23004AH  26102.69559215  .00000044  00000+0  79377-4 0  9995
2 55171  87.9228 348.4562 0001536  64.4839 295.6452 13.18685954161043
ONEWEB-0709             
1 55172U 23004AJ  26102.81802027 -.00000121  00000+0 -37635-3 0  9990
2 55172  87.8909  34.0753 0002325  57.4576 302.6776 13.11416779157308
ONEWEB-0710             
1 55173U 23004AK  26102.82273068  .00000024  00000+0  28591-4 0  9991
2 55173  87.9184  18.8503 0001612  79.0045 281.1268 13.17647010158978
ONEWEB-0711             
1 55174U 23004AL  26102.71289632  .00000516  00000+0  14213-2 0  9994
2 55174  87.8927  34.0821 0001116  85.2289 274.8966 13.11417737157253
ONEWEB-0713             
1 55175U 23004AM  26102.50265191  .00000264  00000+0  70985-3 0  9995
2 55175  87.8920  34.1231 0001478  81.3321 278.7974 13.11414942157211
ONEWEB-0715             
1 55176U 23004AN  26102.72646065  .00000412  00000+0  11269-2 0  9997
2 55176  87.8922  34.0782 0001928  56.0084 304.1227 13.11415006157283
ONEWEB-0716             
1 55177U 23004AP  26102.51222973 -.00000345  00000+0 -92157-3 0  9996
2 55177  87.9187  18.9129 0002049  81.6342 278.5021 13.17649245158939
ONEWEB-0717             
1 55178U 23004AQ  26102.72316297 -.00000189  00000+0 -52035-3 0  9990
2 55178  87.9217  18.8537 0001121  77.3575 282.7681 13.17649587159014
ONEWEB-0719             
1 55179U 23004AR  26102.50548360 -.00000006  00000+0 -48112-4 0  9995
2 55179  87.9192  18.8777 0001943  84.3356 275.7997 13.17651119158936
ONEWEB-0530             
1 55796U 23029A   26102.78809817  .00000009  00000+0 -10552-4 0  9993
2 55796  87.9128 287.5311 0001468 107.8819 252.2474 13.20772344152512
ONEWEB-0534             
1 55797U 23029B   26102.77547023  .00000028  00000+0  37361-4 0  9998
2 55797  87.9128 287.5323 0001866  92.4953 267.6394 13.20773403152514
ONEWEB-0556             
1 55798U 23029C   26102.78177580  .00000050  00000+0  90760-4 0  9994
2 55798  87.9126 287.5326 0002458 109.6982 250.4417 13.20773290152517
ONEWEB-0562             
1 55799U 23029D   26102.76915626  .00000120  00000+0  26286-3 0  9993
2 55799  87.9123 287.5154 0001747 121.2965 238.8340 13.20773156152511
ONEWEB-0563             
1 55800U 23029E   26102.76285473  .00000115  00000+0  25108-3 0  9992
2 55800  87.9127 287.5471 0002003  93.8358 266.3004 13.20771327152506
ONEWEB-0564             
1 55801U 23029F   26102.75653400  .00000125  00000+0  27649-3 0  9994
2 55801  87.9130 287.5209 0001573 103.8175 256.3134 13.20773507152516
ONEWEB-0638             
1 55802U 23029G   26102.77954227  .00000238  00000+0  60731-3 0  9992
2 55802  87.8926 302.8139 0001964 105.7139 254.4208 13.14501715150801
ONEWEB-0639             
1 55803U 23029H   26102.82946008 -.00000205  00000+0 -54550-3 0  9995
2 55803  87.9172 318.0103 0002693  75.4117 284.7314 13.19724778150282
ONEWEB-0640             
1 55804U 23029J   26102.78905508  .00000137  00000+0  33417-3 0  9992
2 55804  87.8924 302.8028 0002307 101.1001 259.0388 13.14501874150826
ONEWEB-0641             
1 55805U 23029K   26102.82471472 -.00000040  00000+0 -13288-3 0  9995
2 55805  87.9172 317.9986 0001877  81.5643 278.5702 13.19727734150294
ONEWEB-0642             
1 55806U 23029L   26102.89580606 -.00000003  00000+0 -40553-4 0  9998
2 55806  87.9172 317.9985 0002415  70.4610 289.6784 13.19726530150290
ONEWEB-0643             
1 55807U 23029M   26102.60668535  .00000174  00000+0  43400-3 0  9996
2 55807  87.8924 302.8261 0002064  70.4431 289.6922 13.14501490150774
ONEWEB-0644             
1 55808U 23029N   26102.89105464  .00000043  00000+0  74133-4 0  9998
2 55808  87.9161 318.0033 0002022  77.2221 282.9137 13.19727614150295
ONEWEB-0645             
1 55809U 23029P   26102.83736412  .00000088  00000+0  18649-3 0  9994
2 55809  87.9171 318.0090 0002253  86.7431 273.3960 13.19723967150288
ONEWEB-0646             
1 55810U 23029Q   26102.85473022  .00000123  00000+0  27421-3 0  9991
2 55810  87.9169 318.0055 0001953  78.3519 281.7832 13.19727023150275
ONEWEB-0648             
1 55811U 23029R   26102.80332439 -.00000121  00000+0 -36151-3 0  9993
2 55811  87.8934 302.7542 0002653  83.3300 276.8131 13.14500570150805
ONEWEB-0649             
1 55812U 23029S   26102.88000228  .00000014  00000+0  36050-5 0  9999
2 55812  87.9170 317.9977 0002060  84.9324 275.2044 13.19723526150319
ONEWEB-0650             
1 55813U 23029T   26102.87526163  .00000086  00000+0  18334-3 0  9992
2 55813  87.9168 318.0016 0002170  77.1990 282.9385 13.19727234150287
ONEWEB-0652             
1 55814U 23029U   26102.78429154  .00000180  00000+0  45056-3 0  9991
2 55814  87.8923 302.7706 0001556  90.8497 269.2811 13.14500813150776
ONEWEB-0653             
1 55815U 23029V   26102.84455367  .00000274  00000+0  70539-3 0  9992
2 55815  87.8929 302.7522 0001727  94.7759 265.3568 13.14501421150810
ONEWEB-0654             
1 55816U 23029W   26102.83979528  .00000208  00000+0  52543-3 0  9994
2 55816  87.8923 302.7502 0001442  97.6371 262.4922 13.14501263150837
ONEWEB-0656             
1 55817U 23029X   26102.52293801  .00000060  00000+0  11561-3 0  9995
2 55817  87.9140 287.5369 0001465 104.2563 255.8733 13.20771078152483
ONEWEB-0657             
1 55818U 23029Y   26102.87052525  .00000062  00000+0  12269-3 0  9998
2 55818  87.9172 318.0010 0001161  71.6307 288.4952 13.19723486150298
ONEWEB-0658             
1 55819U 23029Z   26102.86578391  .00000052  00000+0  96366-4 0  9992
2 55819  87.9179 317.9720 0002072  76.6367 283.4996 13.19727475150302
ONEWEB-0660             
1 55820U 23029AA  26102.81759976 -.00000159  00000+0 -46455-3 0  9992
2 55820  87.8933 302.7442 0002068  91.5635 268.5732 13.14502986150814
ONEWEB-0661             
1 55821U 23029AB  26102.85249050  .00000214  00000+0  54349-3 0  9995
2 55821  87.8925 302.7899 0001971  94.4495 265.6860 13.14501750150807
ONEWEB-0662             
1 55822U 23029AC  26102.81125223 -.00000205  00000+0 -58767-3 0  9997
2 55822  87.8919 302.8054 0002058  91.0363 269.1002 13.14501906150843
ONEWEB-0663             
1 55823U 23029AD  26102.78895647  .00000094  00000+0  19973-3 0  9998
2 55823  87.9145 287.5567 0002244  89.8303 270.3088 13.20864903152510
ONEWEB-0664             
1 55824U 23029AE  26102.73758480 -.00000139  00000+0 -37343-3 0  9990
2 55824  87.9128 287.5555 0002016 104.6837 255.4520 13.20769196152506
ONEWEB-0665             
1 55825U 23029AF  26102.84931076  .00000253  00000+0  64720-3 0  9991
2 55825  87.8923 302.7713 0002040  88.9193 271.2170 13.14501563150826
ONEWEB-0666             
1 55826U 23029AG  26102.80702825  .00000029  00000+0  39708-4 0  9996
2 55826  87.9128 287.5312 0001083  83.6372 276.4885 13.20773388152529
ONEWEB-0667             
1 55827U 23029AH  26102.80072413  .00000045  00000+0  78757-4 0  9995
2 55827  87.9147 287.4791 0001929  94.1731 265.9623 13.20773256152512
ONEWEB-0669             
1 55828U 23029AJ  26102.79598610  .00000017  00000+0  10891-4 0  9990
2 55828  87.9127 287.4991 0001534 112.6851 247.4445 13.20772954152515
ONEWEB-0670             
1 55829U 23029AK  26102.82710874 -.00000016  00000+0 -78599-4 0  9993
2 55829  87.8924 302.7938 0001986  98.4196 261.7159 13.14501980150843
ONEWEB-0671             
1 55830U 23029AL  26102.86104757  .00000132  00000+0  29845-3 0  9992
2 55830  87.9173 318.0040 0001944  87.7356 272.3999 13.19723726150286
ONEWEB-0672             
1 55831U 23029AM  26102.48821338  .00000037  00000+0  58789-4 0  9996
2 55831  87.9138 287.5507 0001436  93.7531 266.3767 13.20769309152472
ONEWEB-0673             
1 55832U 23029AN  26102.83814340 -.00000078  00000+0 -22647-3 0  9991
2 55832  87.9179 317.9941 0001872  88.5555 271.5792 13.19725810150280
ONEWEB-0674             
1 55833U 23029AP  26102.49092065 -.00000010  00000+0 -62351-4 0  9999
2 55833  87.8924 302.8385 0001963 100.6116 259.5235 13.14501224150782
ONEWEB-0675             
1 55834U 23029AQ  26102.85315059  .00000082  00000+0  17144-3 0  9997
2 55834  87.9171 318.0070 0001567  76.5462 283.5845 13.19727621150301
ONEWEB-0720             
1 55835U 23029AR  26102.84525177  .00000100  00000+0  21624-3 0  9990
2 55835  87.9168 318.0090 0002084  82.4472 277.6898 13.19728156150229
ONEWEB-0537             
1 56046U 23043A   26102.83721433  .00000085  00000+0  18859-3 0  9991
2 56046  87.9060 241.7549 0001597 101.3930 258.7380 13.16593955150369
ONEWEB-0538             
1 56047U 23043B   26102.83084801  .00000113  00000+0  26323-3 0  9990
2 56047  87.9058 241.7580 0001747  92.7284 267.4047 13.16590939150371
ONEWEB-0546             
1 56048U 23043C   26102.81820737  .00000055  00000+0  11035-3 0  9994
2 56048  87.9059 241.7597 0001136 109.6701 250.4552 13.16593305150367
ONEWEB-0547             
1 56049U 23043D   26102.84641204  .00000042  00000+0  70285-4 0  9997
2 56049  87.9205 256.9862 0001936  93.3343 266.8012 13.21823888149596
ONEWEB-0548             
1 56050U 23043E   26102.84274716  .00000000  00000+0 -32869-4 0  9990
2 56050  87.9057 241.7529 0002077 114.0169 246.1180 13.16596461150361
ONEWEB-0549             
1 56051U 23043F   26102.84055865  .00000104  00000+0  22029-3 0  9993
2 56051  87.9189 256.9982 0001835  90.2814 269.8530 13.21826374149591
ONEWEB-0550             
1 56052U 23043G   26102.82709488  .00000108  00000+0  22910-3 0  9992
2 56052  87.9192 256.9970 0001940 106.4808 253.6539 13.21825050149593
ONEWEB-0551             
1 56053U 23043H   26102.74592818  .00000134  00000+0  32264-3 0  9993
2 56053  87.8931 272.2846 0001891  85.8345 274.3001 13.15547307147791
ONEWEB-0552             
1 56054U 23043J   26102.82204786  .00000041  00000+0  68076-4 0  9995
2 56054  87.9188 257.0052 0002021  96.4772 263.6592 13.21825114149593
ONEWEB-0553             
1 56055U 23043K   26102.82454622  .00000105  00000+0  24103-3 0  9995
2 56055  87.9059 241.7602 0001525 110.3334 249.7961 13.16593493150379
ONEWEB-0554             
1 56056U 23043L   26102.81187801  .00000001  00000+0 -29793-4 0  9994
2 56056  87.9055 241.7724 0001909 111.1190 249.0145 13.16593226150355
ONEWEB-0555             
1 56057U 23043M   26102.77386632  .00000043  00000+0  78428-4 0  9997
2 56057  87.9062 241.7656 0001306 112.2840 247.8429 13.16595937150355
ONEWEB-0557             
1 56058U 23043N   26102.63613443 -.00000028  00000+0 -10558-3 0  9990
2 56058  87.9057 241.8042 0001972 140.5673 219.5601 13.16593415150332
ONEWEB-0558             
1 56059U 23043P   26102.81531223 -.00000034  00000+0 -11273-3 0  9998
2 56059  87.9192 256.9999 0002012  85.9481 274.1883 13.21827231149605
ONEWEB-0559             
1 56060U 23043Q   26102.80351492 -.00000985  00000+0 -24162-2 0  9992
2 56060  87.9193 256.9959 0001929  92.0307 268.1048 13.21828967149610
ONEWEB-0566             
1 56061U 23043R   26102.79679220  .00000591  00000+0  13989-2 0  9999
2 56061  87.9191 256.9958 0002329  95.0412 265.0988 13.21822896149594
ONEWEB-0568             
1 56062U 23043S   26102.80554936 -.00000024  00000+0 -97477-4 0  9997
2 56062  87.9055 241.7611 0001532 104.9161 255.2140 13.16594347150378
ONEWEB-0574             
1 56063U 23043T   26102.71437105  .00000057  00000+0  10691-3 0  9992
2 56063  87.9207 257.0094 0001805 104.8382 255.2952 13.21824086149629
ONEWEB-0575             
1 56064U 23043U   26102.79920767 -.00000018  00000+0 -79677-4 0  9991
2 56064  87.9058 241.7590 0001754 116.1503 243.9809 13.16592761150363
ONEWEB-0576             
1 56065U 23043V   26102.62822139  .00000020  00000+0  17440-4 0  9999
2 56065  87.9065 241.7983 0001755 109.1920 250.9401 13.16593504150333
ONEWEB-0577             
1 56066U 23043W   26102.78654486 -.00000052  00000+0 -16910-3 0  9992
2 56066  87.9062 241.7650 0002071 124.6511 235.4815 13.16593256150388
ONEWEB-0578             
1 56067U 23043X   26102.85229900  .00000061  00000+0  11708-3 0  9998
2 56067  87.9195 256.9845 0001457 101.6657 258.4640 13.21821797149607
ONEWEB-0579             
1 56068U 23043Y   26102.84391433  .00000078  00000+0  15736-3 0  9992
2 56068  87.9201 256.9799 0002114  95.8046 264.3329 13.21823127149611
ONEWEB-0581             
1 56069U 23043Z   26102.64087750 -.00000049  00000+0 -16241-3 0  9997
2 56069  87.9059 241.8057 0002042 118.1205 242.0133 13.16592449150330
ONEWEB-0609             
1 56070U 23043AA  26102.69602273  .00000157  00000+0  38359-3 0  9999
2 56070  87.8931 272.2811 0001712  92.7323 267.4003 13.15542918147829
ONEWEB-0613             
1 56071U 23043AB  26102.46547588  .00000187  00000+0  46170-3 0  9995
2 56071  87.8932 272.3392 0001999  90.4935 269.6424 13.15547623147792
ONEWEB-0630             
1 56072U 23043AC  26102.76494711  .00000214  00000+0  53412-3 0  9996
2 56072  87.8933 272.2494 0002019  91.8059 268.3303 13.15547050147822
ONEWEB-0632             
1 56073U 23043AD  26102.76019991  .00000121  00000+0  28838-3 0  9991
2 56073  87.8932 272.2683 0001836 100.7293 259.4045 13.15547758147827
ONEWEB-0633             
1 56074U 23043AE  26102.75384139  .00000120  00000+0  28595-3 0  9999
2 56074  87.8940 272.2398 0002018  84.5235 275.6125 13.15550334147809
ONEWEB-0634             
1 56075U 23043AF  26102.73959701 -.00000042  00000+0 -14444-3 0  9994
2 56075  87.8931 272.2881 0001465  90.1984 269.9314 13.15547610147793
ONEWEB-0635             
1 56076U 23043AG  26102.73483602 -.00000075  00000+0 -23455-3 0  9995
2 56076  87.8943 272.2462 0001878 104.1238 256.0101 13.15546656147822
ONEWEB-0636             
1 56077U 23043AH  26102.42268132 -.00000072  00000+0 -22453-3 0  9995
2 56077  87.8932 272.3197 0001840 102.5969 257.5368 13.15547197147764
ONEWEB-0637             
1 56078U 23043AJ  26102.72057051 -.00000056  00000+0 -18190-3 0  9990
2 56078  87.8934 272.2777 0001528 102.6661 257.4641 13.15547469147825
ONEWEB-0647             
1 56079U 23043AK  26102.71582449  .00000019  00000+0  15534-4 0  9991
2 56079  87.8935 272.2911 0001933  97.3133 262.8218 13.15548582147817
ONEWEB-0651             
1 56080U 23043AL  26102.86318586  .00000084  00000+0  18957-3 0  9991
2 56080  87.8933 272.2562 0001712 104.1660 255.9661 13.15547384149036
ONEWEB-0718             
1 56081U 23043AM  26102.70631441  .00000108  00000+0  25244-3 0  9997
2 56081  87.8935 272.2681 0001473  81.2076 278.9221 13.15547079147824
ONEWEB-0561             
1 56710U 23068A   26102.74391022  .00000040  00000+0  65888-4 0  9999
2 56710  87.9139 287.5075 0002048 102.0291 258.1072 13.20772636140862
ONEWEB-0668             
1 56711U 23068B   26102.61555839  .00000100  00000+0  22767-3 0  9999
2 56711  87.9069 241.7959 0001254 100.4432 259.6840 13.16594500143156
ONEWEB-0676             
1 56712U 23068C   26102.77545334  .00000027  00000+0  37517-4 0  9994
2 56712  87.9061 241.7729 0001945 111.3610 248.7729 13.16592712143091
ONEWEB-0677             
1 56713U 23068D   26102.73287074  .00000826  00000+0  19996-2 0  9991
2 56713  87.9133 287.5019 0001491  99.6454 260.4847 13.20769941141165
ONEWEB-0678             
1 56714U 23068E   26102.82674558  .00000109  00000+0  25491-3 0  9991
2 56714  87.8941 272.2297 0002077  94.4658 265.6710 13.15547791140695
ONEWEB-0679             
1 56715U 23068F   26102.81029450  .00000055  00000+0  11014-3 0  9992
2 56715  87.9066 241.7549 0001439 117.6807 242.4470 13.16593279143121
ONEWEB-0680             
1 56716U 23068G   26102.84556164 -.00000334  00000+0 -84062-3 0  9998
2 56716  87.9201 256.9805 0001240 102.7079 257.4194 13.21826170142462
ONEWEB-0681             
1 56717U 23068H   26102.82625854  .00000275  00000+0  63350-3 0  9999
2 56717  87.9193 256.9898 0002330 121.7656 238.3705 13.21826079142451
ONEWEB-0682             
1 56718U 23068J   26102.69839668  .00000135  00000+0  32547-3 0  9994
2 56718  87.8935 272.2579 0001222  98.0764 262.0505 13.15548307140848
ONEWEB-0683             
1 56719U 23068K   26102.72216580 -.00000007  00000+0 -53411-4 0  9995
2 56719  87.8943 272.2500 0001503  92.7009 267.4294 13.15548087140813
ONEWEB-0684             
1 56720U 23068L   26102.73009095 -.00000029  00000+0 -11212-3 0  9995
2 56720  87.8942 272.2403 0002850  74.6892 285.4553 13.15548413140643
ONEWEB-0686             
1 56721U 23068M   26102.61871556  .00000081  00000+0  17856-3 0  9998
2 56721  87.9052 241.8253 0001663  90.4574 269.6748 13.16593551143081
ONEWEB-0694             
1 56722U 23068N   26102.62505866  .00000055  00000+0  11023-3 0  9999
2 56722  87.9072 241.7756 0001338 101.5313 258.5968 13.16595082143144
ONEWEB-0696             
1 56723U 23068P   26102.76336443  .00000240  00000+0  60262-3 0  9993
2 56723  87.8932 272.2768 0002233  91.4559 268.6827 13.15547905140766
ONEWEB-0703             
1 56724U 23068Q   26102.46865289  .00000189  00000+0  46847-3 0  9991
2 56724  87.8933 272.3169 0002659 101.4760 258.6669 13.15548881140613
ONEWEB-0721             
1 56725U 23068R   26102.46763058 -.00000001  00000+0 -38253-4 0  9991
2 56725  86.6718 106.4992 0001939  89.5223 270.6132 13.22465002149252
ONEWEB-0015             
1 61594U 24188A   26102.77052501 -.00000279  00000+0 -82277-3 0  9994
2 61594  87.8919  34.0972 0001568  95.6964 264.4342 13.11417795 75885
ONEWEB-0687             
1 61595U 24188B   26102.69785294 -.00000010  00000+0 -58439-4 0  9995
2 61595  87.9177  18.8893 0001286  78.5113 281.6163 13.17651234 77279
ONEWEB-0688             
1 61596U 24188C   26102.72653873  .00000027  00000+0  35735-4 0  9997
2 61596  87.9175  18.8832 0001457 122.0431 238.0842 13.17646878 77277
ONEWEB-0689             
1 61597U 24188D   26102.49926515  .00000328  00000+0  89009-3 0  9994
2 61597  87.8933  34.0977 0001630  70.6683 289.4621 13.11414775 75848
ONEWEB-0690             
1 61598U 24188E   26102.81463912  .00000063  00000+0  14197-3 0  9990
2 61598  87.8921  34.0529 0002516  85.3237 274.8178 13.11418527 76060
ONEWEB-0691             
1 61599U 24188F   26102.80953764  .00000251  00000+0  67369-3 0  9997
2 61599  87.8930  33.9565 0001580  88.5381 271.5928 13.11414322 75913
ONEWEB-0692             
1 61600U 24188G   26102.82986822 -.00000533  00000+0 -15410-2 0  9997
2 61600  87.8911  34.0776 0002147  56.3926 303.7407 13.11414726 75906
ONEWEB-0693             
1 61601U 24188H   26102.51054301  .00000028  00000+0  37893-4 0  9990
2 61601  87.9177  18.9477 0002479  91.3369 268.8046 13.17650869 77233
ONEWEB-0695             
1 61602U 24188J   26102.50095437  .00000311  00000+0  84262-3 0  9991
2 61602  87.8914  34.1351 0001751  60.9529 299.1774 13.11413948 75855
ONEWEB-0697             
1 61603U 24188K   26102.53316480 -.00000458  00000+0 -13270-2 0  9993
2 61603  87.8917  34.1180 0002250  59.4571 300.6779 13.11416882 75846
ONEWEB-0698             
1 61604U 24188L   26102.81631910 -.00000023  00000+0 -99821-4 0  9999
2 61604  87.8914  34.0774 0002978  68.7685 291.3760 13.11414107 75909
ONEWEB-0699             
1 61605U 24188M   26102.54807485  .00000118  00000+0  30044-3 0  9996
2 61605  87.8837  49.3265 0002267  64.2586 295.8776 13.10369557 74711
ONEWEB-0700             
1 61606U 24188N   26102.54971844 -.00000010  00000+0 -64421-4 0  9998
2 61606  87.8848  49.2244 0001949  59.3621 300.7698 13.10368992 74701
ONEWEB-0701             
1 61607U 24188P   26102.79538404 -.00000633  00000+0 -18500-2 0  9993
2 61607  87.8834  49.2759 0002361  60.4754 299.6609 13.10370603 74741
ONEWEB-0702             
1 61608U 24188Q   26102.55691896  .00000438  00000+0  11989-2 0  9998
2 61608  87.8933  34.0225 0002186  50.9337 309.1985 13.11417952 75888
ONEWEB-0704             
1 61609U 24188R   26102.32563319 -.00000176  00000+0 -53994-3 0  9996
2 61609  87.8851  49.3502 0002073  52.1100 308.0215 13.10370828 74660
ONEWEB-0705             
1 61610U 24188S   26102.78873922 -.00000552  00000+0 -16172-2 0  9996
2 61610  87.8836  49.2676 0001019  47.1894 312.9319 13.10368730 66893
ONEWEB-0706             
1 61611U 24188T   26102.54474306  .00000288  00000+0  78800-3 0  9995
2 61611  87.8831  49.3258 0001788  60.9021 299.2285 13.10369165 74783
ONEWEB-0707             
1 61612U 24188U   26102.32230330 -.00000025  00000+0 -10686-3 0  9998
2 61612  87.8839  49.3603 0001834  61.4735 298.6577 13.10368938 74690
ONEWEB-0708             
1 61613U 24188V   26102.56962712 -.00000596  00000+0 -17449-2 0  9997
2 61613  87.8830  49.3353 0001325  80.9008 279.2269 13.10371888 74701
