ONEWEB-0012             
1 44057U 19010A   26136.56244467  .00000105  00000+0  24119-3 0  9992
2 44057  87.9104 235.0640 0002393  97.0671 263.0732 13.16595602347407
ONEWEB-0010             
1 44058U 19010B   26136.51177547  .00000032  00000+0  50768-4 0  9991
2 44058  87.9106 235.0699 0001630  95.4557 264.6760 13.16595691347442
ONEWEB-0008             
1 44059U 19010C   26136.53711830 -.00000054  00000+0 -17497-3 0  9990
2 44059  87.9101 235.0605 0002047 108.9108 251.2245 13.16594142347563
ONEWEB-0007             
1 44060U 19010D   26136.62313122 -.00000108  00000+0 -32217-3 0  9991
2 44060  87.8979 265.5127 0001905  89.8622 270.2727 13.15549882347223
ONEWEB-0006             
1 44061U 19010E   26136.62709402  .00000000  00000+0 -32779-4 0  9996
2 44061  87.8990 265.4729 0001755  95.8913 264.2418 13.15550299347276
ONEWEB-0011             
1 44062U 19010F   26136.59541565  .00000012  00000+0 -86186-6 0  9993
2 44062  87.8995 265.4884 0001664 103.1228 257.0088 13.15548674347261
ONEWEB-0013             
1 45131U 20008A   26136.53594639  .00000649  00000+0  18462-2 0  9997
2 45131  87.8532  59.2067 0002924  81.7396 278.4062 13.09455773301927
ONEWEB-0017             
1 45132U 20008B   26136.23499304 -.00000456  00000+0 -13417-2 0  9991
2 45132  87.8857  42.6290 0001688  75.3449 284.7865 13.10374785303766
ONEWEB-0020             
1 45133U 20008C   26136.43419695  .00000319  00000+0  87880-3 0  9991
2 45133  87.8859  42.5853 0001892  78.7510 281.3830 13.10369843304187
ONEWEB-0021             
1 45134U 20008D   26136.44912626 -.00000468  00000+0 -13781-2 0  9990
2 45134  87.8849  42.6005 0001923  76.4355 283.6987 13.10371018304493
ONEWEB-0023             
1 45136U 20008F   26136.45991477 -.00000621  00000+0 -18155-2 0  9995
2 45136  87.8862  42.5782 0002005  81.6640 278.4715 13.10373227303920
ONEWEB-0024             
1 45137U 20008G   26136.43267812  .00000351  00000+0  97055-3 0  9998
2 45137  87.8860  42.5751 0001887  78.7443 281.3897 13.10374454304085
ONEWEB-0025             
1 45138U 20008H   26136.43240650  .00000337  00000+0  93026-3 0  9998
2 45138  87.8864  42.5637 0001582  94.1265 266.0043 13.10371156304415
ONEWEB-0026             
1 45139U 20008J   26136.64797891 -.00000464  00000+0 -13443-2 0  9993
2 45139  87.8926  27.3412 0001675  79.6667 280.4649 13.11415385306973
ONEWEB-0028             
1 45140U 20008K   26136.46109776  .00000379  00000+0  10424-2 0  9993
2 45140  87.8900  27.3822 0002002  78.6263 281.5090 13.10849549304464
ONEWEB-0032             
1 45141U 20008L   26136.23679546 -.00000393  00000+0 -11608-2 0  9999
2 45141  87.8864  42.6285 0002316  84.5016 275.6376 13.10375510304112
ONEWEB-0033             
1 45142U 20008M   26136.44083300 -.00000095  00000+0 -30763-3 0  9993
2 45142  87.8851  42.5970 0001398  69.0703 291.0573 13.10370628304058
ONEWEB-0035             
1 45143U 20008N   26136.23463983 -.00000470  00000+0 -13732-2 0  9993
2 45143  87.8854  42.6320 0001751  77.2935 282.8388 13.10887374303752
ONEWEB-0036             
1 45144U 20008P   26136.50022192  .00000673  00000+0  19061-2 0  9991
2 45144  87.8867  42.5787 0002070  83.3017 276.8345 13.09818578304213
ONEWEB-0038             
1 45145U 20008Q   26136.20051075 -.00000073  00000+0 -24192-3 0  9999
2 45145  87.8930  27.4350 0002751  42.9629 317.1713 13.11417401306133
ONEWEB-0039             
1 45146U 20008R   26136.44415255 -.00000246  00000+0 -74223-3 0  9992
2 45146  87.8856  42.5854 0002337  80.1196 280.0195 13.10369816304002
ONEWEB-0040             
1 45147U 20008S   26136.43751544  .00000128  00000+0  33136-3 0  9991
2 45147  87.8850  42.5983 0001887  75.8138 284.3199 13.10370087303705
ONEWEB-0043             
1 45149U 20008U   26136.43919564  .00001188  00000+0  33659-2 0  9997
2 45149  87.8860  42.5851 0002116  79.8191 280.3175 13.10364509304029
ONEWEB-0044             
1 45150U 20008V   26136.23831849 -.00000343  00000+0 -10195-2 0  9990
2 45150  87.8867  42.6230 0002078  77.0796 283.0564 13.10375461304298
ONEWEB-0045             
1 45151U 20008W   26136.42417645 -.00000440  00000+0 -12764-2 0  9998
2 45151  87.8926  27.3751 0001973  79.1352 280.9998 13.11416202306241
ONEWEB-0047             
1 45152U 20008X   26136.46074503 -.00000649  00000+0 -18949-2 0  9997
2 45152  87.8864  42.5787 0001798  73.5045 286.6279 13.10373376304047
ONEWEB-0048             
1 45153U 20008Y   26136.45576473 -.00000618  00000+0 -18056-2 0  9995
2 45153  87.8859  42.6028 0001842  76.1334 283.9998 13.10372128303659
ONEWEB-0049             
1 45154U 20008Z   26136.45895025 -.00000696  00000+0 -20305-2 0  9999
2 45154  87.8860  42.5910 0002005  91.1244 269.0113 13.10372488303877
ONEWEB-0051             
1 45155U 20008AA  26136.42248360 -.00000343  00000+0 -10027-2 0  9990
2 45155  87.8922  27.3848 0001894  81.2787 278.8556 13.11416052306920
ONEWEB-0052             
1 45156U 20008AB  26136.47916054  .00000134  00000+0  34791-3 0  9999
2 45156  87.8863  42.5726 0002052  91.3301 268.8061 13.10375642303789
ONEWEB-0053             
1 45157U 20008AC  26136.43585837  .00000197  00000+0  52715-3 0  9992
2 45157  87.8850  42.6043 0002333  85.6782 274.4612 13.10370248303759
ONEWEB-0054             
1 45158U 20008AD  26136.24163879 -.00000229  00000+0 -69328-3 0  9996
2 45158  87.8867  42.6228 0001850  80.9287 279.2050 13.10376070303842
ONEWEB-0056             
1 45159U 20008AE  26136.44414256 -.00000212  00000+0 -64005-3 0  9996
2 45159  87.8859  42.5777 0001642  84.6515 275.4800 13.10840581304021
ONEWEB-0057             
1 45160U 20008AF  26136.45922595 -.00000705  00000+0 -20574-2 0  9998
2 45160  87.8859  42.5869 0002325  85.6524 274.4869 13.10373230304199
ONEWEB-0058             
1 45161U 20008AG  26136.44594665 -.00000357  00000+0 -10593-2 0  9994
2 45161  87.8853  42.5971 0001843  71.9890 288.1438 13.10370154304260
ONEWEB-0059             
1 45162U 20008AH  26136.44249624 -.00000137  00000+0 -42801-3 0  9991
2 45162  87.8849  42.5968 0002024  74.8132 285.3220 13.10371133304160
ONEWEB-0062             
1 45163U 20008AJ  26136.23651113 -.00000393  00000+0 -11628-2 0  9995
2 45163  87.8867  42.6227 0001660  66.9262 293.2040 13.10374273304000
ONEWEB-0065             
1 45164U 20008AK  26136.49880927  .00000659  00000+0  18527-2 0  9999
2 45164  87.8858  42.5788 0002080  89.2935 270.8431 13.10372254303735
ONEWEB-0066             
1 45424U 20020A   26136.40722969 -.00000368  00000+0 -10736-2 0  9997
2 45424  87.8917  27.3921 0001971  76.6237 283.5110 13.11414648298512
ONEWEB-0067             
1 45425U 20020B   26136.44528059  .00000462  00000+0  12677-2 0  9995
2 45425  87.8937  27.3010 0002013  85.7486 274.3872 13.11423334298570
ONEWEB-0080             
1 45426U 20020C   26136.44468159  .00000407  00000+0  11118-2 0  9998
2 45426  87.8929  27.3784 0001617  72.5750 287.5555 13.11419061298540
ONEWEB-0090             
1 45427U 20020D   26136.39719917 -.00000024  00000+0 -10217-3 0  9991
2 45427  87.8924  27.3927 0001783  78.7701 281.3627 13.11413771298503
ONEWEB-0061             
1 45428U 20020E   26136.20023926 -.00000392  00000+0 -11417-2 0  9990
2 45428  87.8924  27.4173 0001860  79.5978 280.5359 13.11418167298438
ONEWEB-0081             
1 45429U 20020F   26136.63951316 -.00000435  00000+0 -12631-2 0  9998
2 45429  87.8915  27.3415 0002004  79.5731 280.5623 13.11414714298602
ONEWEB-0069             
1 45430U 20020G   26136.63736990 -.00000296  00000+0 -87889-3 0  9992
2 45430  87.8924  27.3416 0002029  78.8020 281.3336 13.10857680298539
ONEWEB-0031             
1 45431U 20020H   26136.44793149  .00000549  00000+0  15144-2 0  9994
2 45431  87.8914  27.3894 0001693  76.6022 283.5295 13.11416569298494
ONEWEB-0027             
1 45432U 20020J   26136.41274465 -.00007948  00000+0 -20541-1 0  9995
2 45432  87.9171  12.1654 0001827  82.2789 277.8550 13.17587101302177
ONEWEB-0064             
1 45433U 20020K   26136.44626823 -.00001736  00000+0 -49369-2 0  9997
2 45433  87.8913  27.3804 0001505  79.3546 280.7751 13.11398779298521
ONEWEB-0018             
1 45434U 20020L   26136.63103890 -.00000162  00000+0 -49410-3 0  9993
2 45434  87.8912  27.3431 0002000  69.9222 290.2122 13.11414029298495
ONEWEB-0083             
1 45435U 20020M   26136.39211841  .00000205  00000+0  54186-3 0  9995
2 45435  87.8919  27.3824 0001799  78.0434 282.0896 13.11414898298502
ONEWEB-0095             
1 45436U 20020N   26136.45994383  .00000520  00000+0  14323-2 0  9990
2 45436  87.8925  27.3768 0001756 108.3068 251.8251 13.11414116298513
ONEWEB-0092             
1 45437U 20020P   26136.42489110 -.00000266  00000+0 -78020-3 0  9999
2 45437  87.8917  27.3815 0001879  90.7039 269.4304 13.11954754298629
ONEWEB-0085             
1 45438U 20020Q   26136.39185343  .00000239  00000+0  63991-3 0  9996
2 45438  87.8912  27.3917 0001827  80.3383 279.7951 13.11415176298507
ONEWEB-0096             
1 45439U 20020R   26136.62256980  .00000242  00000+0  64803-3 0  9996
2 45439  87.8923  27.3388 0001872  80.7842 279.3497 13.11412362298523
ONEWEB-0037             
1 45440U 20020S   26136.43894303  .00000189  00000+0  49353-3 0  9997
2 45440  87.8935  27.3511 0001828  83.5604 276.5733 13.11911520298537
ONEWEB-0042             
1 45441U 20020T   26136.30707167  .00000520  00000+0  14321-2 0  9990
2 45441  87.8922  27.3982 0001929  80.6796 279.4550 13.11414815298486
ONEWEB-0098             
1 45442U 20020U   26136.45556451  .00000527  00000+0  14510-2 0  9992
2 45442  87.8920  27.3787 0001785  78.8286 281.3043 13.11416625298481
ONEWEB-0055             
1 45443U 20020V   26136.43419712 -.00000037  00000+0 -14148-3 0  9995
2 45443  87.8924  27.3810 0001804  78.9577 281.1754 13.11415277298455
ONEWEB-0093             
1 45444U 20020W   26136.64305032 -.00000538  00000+0 -15539-2 0  9998
2 45444  87.8922  27.3319 0002249  81.1016 279.0366 13.11415755298542
ONEWEB-0029             
1 45445U 20020X   26136.43659071  .00000101  00000+0  25198-3 0  9998
2 45445  87.8913  27.3837 0002008  79.9512 280.1842 13.10889847298499
ONEWEB-0068             
1 45446U 20020Y   26136.64276227 -.00000421  00000+0 -12245-2 0  9995
2 45446  87.8926  27.3356 0001998  78.1841 281.9511 13.11414918298466
ONEWEB-0046             
1 45447U 20020Z   26136.63442493 -.00000305  00000+0 -89631-3 0  9990
2 45447  87.8925  27.3446 0002052  84.6202 275.5160 13.11413506298473
ONEWEB-0063             
1 45448U 20020AA  26136.43449113 -.00000051  00000+0 -17981-3 0  9992
2 45448  87.8926  27.3819 0001870  90.5118 269.6224 13.11416557298539
ONEWEB-0019             
1 45449U 20020AB  26136.62581264  .00000064  00000+0  14573-3 0  9994
2 45449  87.8916  27.3325 0001692  77.4104 282.7213 13.11413797298405
ONEWEB-0094             
1 45450U 20020AC  26136.61348773  .00000029  00000+0  41391-4 0  9991
2 45450  87.9172  12.1239 0001882  75.3298 284.8042 13.17648508302157
ONEWEB-0087             
1 45451U 20020AD  26136.44439465  .00000405  00000+0  11066-2 0  9994
2 45451  87.8934  27.3515 0002100  75.7894 284.3467 13.11420399298428
ONEWEB-0082             
1 45452U 20020AE  26136.44116443  .00000345  00000+0  93838-3 0  9994
2 45452  87.8928  27.3710 0002000  76.9247 283.2104 13.11420228298510
ONEWEB-0050             
1 45453U 20020AF  26136.31531774  .00000853  00000+0  85787-4 0  9998
2 45453  88.9294 237.5351 0006070  92.7484 267.4440 14.90222722335634
ONEWEB-0034             
1 45454U 20020AG  26136.39370456  .00000165  00000+0  43288-3 0  9990
2 45454  87.8920  27.3870 0001876  79.6431 280.4908 13.10929674298425
ONEWEB-0060             
1 45455U 20020AH  26136.20461899  .00000003  00000+0 -28377-4 0  9998
2 45455  87.8918  27.4280 0002659  63.9975 296.1426 13.11420457298355
ONEWEB-0086             
1 45456U 20020AJ  26136.64120287 -.00000380  00000+0 -11087-2 0  9997
2 45456  87.8928  27.3341 0002029  58.4891 301.6435 13.11415095298478
ONEWEB-0088             
1 45457U 20020AK  26136.61918488  .00000336  00000+0  91286-3 0  9992
2 45457  87.8932  27.3089 0002099  90.5923 269.5446 13.11415709298402
ONEWEB-0102             
1 47258U 20100A   26136.34306878  .00000376  00000+0  10097-2 0  9990
2 47258  87.8957 357.0092 0001625  76.5332 283.5978 13.12440266260557
ONEWEB-0109             
1 47259U 20100B   26136.35153629  .00001816  00000+0  50118-2 0  9994
2 47259  87.8969 356.9880 0001674  87.6742 272.4578 13.12433314260386
ONEWEB-0110             
1 47260U 20100C   26136.60735659  .00000358  00000+0  96095-3 0  9998
2 47260  87.8969 356.9217 0001835  75.9102 284.2231 13.12441253260581
ONEWEB-0111             
1 47261U 20100D   26136.33289189 -.00000439  00000+0 -12568-2 0  9995
2 47261  87.8970 356.9944 0001899  82.4689 277.6655 13.12442763260385
ONEWEB-0114             
1 47262U 20100E   26136.59210436  .00000338  00000+0  90332-3 0  9995
2 47262  87.8971 356.9401 0001630  90.9388 269.1927 13.12442177260374
ONEWEB-0117             
1 47263U 20100F   26136.35491033  .00000191  00000+0  49653-3 0  9991
2 47263  87.8969 356.9792 0001759  82.9986 277.1343 13.12445480260351
ONEWEB-0118             
1 47264U 20100G   26136.16008589 -.00000018  00000+0 -85315-4 0  9997
2 47264  87.8968 357.0207 0001750  94.5969 265.5359 13.12443380260529
ONEWEB-0119             
1 47265U 20100H   26136.33796760 -.00000403  00000+0 -11566-2 0  9995
2 47265  87.8958 357.0046 0001804  84.1486 275.9848 13.12440885260524
ONEWEB-0120             
1 47266U 20100J   26136.36185199  .00001060  00000+0  29119-2 0  9998
2 47266  87.8964 357.0010 0001642  84.9725 275.1591 13.12439774260552
ONEWEB-0121             
1 47267U 20100K   26136.34983632 -.00000018  00000+0 -84958-4 0  9993
2 47267  87.8970 356.9863 0002091  80.9196 279.2169 13.12445650260467
ONEWEB-0122             
1 47268U 20100L   26136.11518845 -.00000151  00000+0 -45514-3 0  9991
2 47268  87.8977 357.0366 0001674  80.4987 279.6331 13.12445184260348
ONEWEB-0123             
1 47269U 20100M   26136.11096133 -.00000243  00000+0 -70953-3 0  9990
2 47269  87.8960 357.0485 0001857  87.4942 272.6399 13.12441989260485
ONEWEB-0124             
1 47270U 20100N   26136.32950692 -.00000423  00000+0 -12104-2 0  9997
2 47270  87.8957 357.0088 0001893  83.2995 276.8349 13.12441612260398
ONEWEB-0125             
1 47271U 20100P   26136.30749463  .00000210  00000+0  54776-3 0  9992
2 47271  87.8969 356.9929 0002093  88.1018 272.0350 13.12441383260459
ONEWEB-0126             
1 47272U 20100Q   26136.32795310 -.00000371  00000+0 -10661-2 0  9991
2 47272  87.8960 357.0068 0001688  86.1620 273.9701 13.12442421260525
ONEWEB-0127             
1 47273U 20100R   26136.37016920  .00000492  00000+0  13310-2 0  9996
2 47273  87.8957 356.9987 0001687  84.9617 275.1704 13.12442105260550
ONEWEB-0128             
1 47274U 20100S   26136.31594866 -.00000153  00000+0 -46154-3 0  9990
2 47274  87.8955 357.0234 0001899  74.2865 285.8473 13.12443427260568
ONEWEB-0129             
1 47275U 20100T   26136.37185605  .00000429  00000+0  11582-2 0  9994
2 47275  87.8970 356.9827 0000746 108.2875 251.8335 13.12444165260505
ONEWEB-0130             
1 47276U 20100U   26136.62767296 -.00000217  00000+0 -63887-3 0  9998
2 47276  87.8968 356.9268 0001701  82.1441 277.9880 13.12440671260505
ONEWEB-0131             
1 47277U 20100V   26136.62428583  .00000017  00000+0  12596-4 0  9990
2 47277  87.8952 356.9492 0002088  81.8768 278.2597 13.12440140260549
ONEWEB-0132             
1 47278U 20100W   26136.34814650 -.00000095  00000+0 -30021-3 0  9994
2 47278  87.8959 357.0049 0001778  81.5489 278.5841 13.12441864260403
ONEWEB-0133             
1 47279U 20100X   26136.59366825  .00000411  00000+0  11081-2 0  9992
2 47279  87.8974 356.9287 0001806  78.2334 281.8997 13.12441823260591
ONEWEB-0134             
1 47280U 20100Y   26136.33458882 -.00000370  00000+0 -10646-2 0  9993
2 47280  87.8977 356.9767 0001662  77.6395 282.4920 13.12442357260539
ONEWEB-0135             
1 47281U 20100Z   26136.61074343  .00000284  00000+0  75384-3 0  9994
2 47281  87.8960 356.9494 0001651  74.2304 285.9006 13.12440844260598
ONEWEB-0136             
1 47282U 20100AA  26136.55312858 -.00000327  00000+0 -94312-3 0  9996
2 47282  87.8970 356.9392 0001545  75.8383 284.2918 13.12440614260514
ONEWEB-0137             
1 47283U 20100AB  26136.35831129  .00000248  00000+0  65336-3 0  9996
2 47283  87.8974 356.9867 0001850  88.1672 271.9669 13.12442512260394
ONEWEB-0138             
1 47284U 20100AC  26136.33629014 -.00000381  00000+0 -10945-2 0  9998
2 47284  87.8970 356.9975 0001562  80.5509 279.5796 13.12444956260474
ONEWEB-0139             
1 47285U 20100AD  26136.60581560  .00000436  00000+0  11779-2 0  9997
2 47285  87.8964 356.9310 0001779  83.9382 276.1949 13.12443061260588
ONEWEB-0140             
1 47286U 20100AE  26136.33119207 -.00000438  00000+0 -12529-2 0  9991
2 47286  87.8969 356.9754 0001916  79.4106 280.7239 13.12440659260519
ONEWEB-0141             
1 47287U 20100AF  26136.37681614  .00000319  00000+0  85128-3 0  9994
2 47287  87.8969 356.9719 0001858  93.8288 266.3054 13.12441370260502
ONEWEB-0142             
1 47288U 20100AG  26136.59393888  .00000343  00000+0  91788-3 0  9998
2 47288  87.8965 356.9522 0001548  95.7978 264.3327 13.12441642260529
ONEWEB-0143             
1 47289U 20100AH  26136.60396934  .00000429  00000+0  11566-2 0  9996
2 47289  87.8968 356.9474 0001776  84.1965 275.9366 13.12441365260501
ONEWEB-0144             
1 47290U 20100AJ  26136.34643967 -.00000291  00000+0 -84301-3 0  9997
2 47290  87.8971 356.9708 0001452  86.3871 273.7424 13.12443249260399
ONEWEB-0145             
1 47291U 20100AK  26136.62259636 -.00000093  00000+0 -29269-3 0  9997
2 47291  87.8958 356.9475 0001715  84.8249 275.3075 13.12440470260629
ONEWEB-0146             
1 47292U 20100AL  26136.61921097  .00000018  00000+0  14049-4 0  9990
2 47292  87.8965 356.9376 0002108  79.6716 280.4651 13.12440312260538
ONEWEB-0147             
1 47293U 20100AM  26136.35661949  .00000181  00000+0  46819-3 0  9999
2 47293  87.8971 356.9709 0001766  79.1864 280.9464 13.12442821260392
ONEWEB-0115             
1 48042U 21025A   26136.48583151 -.00000222  00000+0 -64180-3 0  9990
2 48042  87.8947 326.5385 0001859  87.6172 272.5170 13.13471378249433
ONEWEB-0152             
1 48043U 21025B   26136.27084538  .00000166  00000+0  41992-3 0  9994
2 48043  87.8938 326.5785 0001933  87.5921 272.5429 13.13472028249364
ONEWEB-0153             
1 48044U 21025C   26136.47735815 -.00000540  00000+0 -15143-2 0  9994
2 48044  87.8942 326.5411 0001735  91.5210 268.6118 13.13469692249388
ONEWEB-0154             
1 48045U 21025D   26136.47397171 -.00000272  00000+0 -78053-3 0  9996
2 48045  87.8941 326.5396 0001746  87.0564 273.0764 13.13470525249344
ONEWEB-0116             
1 48046U 21025E   26136.51292246  .00000299  00000+0  78482-3 0  9992
2 48046  87.8954 326.5261 0001857  85.8648 274.2693 13.13470712249490
ONEWEB-0150             
1 48047U 21025F   26136.48921580 -.00000124  00000+0 -37410-3 0  9994
2 48047  87.8950 326.5284 0001879  95.3299 264.8044 13.13472066249381
ONEWEB-0107             
1 48048U 21025G   26136.49089557 -.00000326  00000+0 -92870-3 0  9990
2 48048  87.8950 326.5236 0001592  95.2337 264.8974 13.13469932249361
ONEWEB-0101             
1 48049U 21025H   26136.45366426  .00000179  00000+0  45477-3 0  9995
2 48049  87.8943 326.5499 0001632  88.4898 271.6418 13.13468083249338
ONEWEB-0113             
1 48050U 21025J   26136.48827834 -.00000170  00000+0 -49826-3 0  9990
2 48050  87.8946 326.4560 0001861  90.3452 269.7891 13.13895927249449
ONEWEB-0112             
1 48051U 21025K   26136.03892753  .00000119  00000+0  29224-3 0  9995
2 48051  87.8950 326.6113 0001552  87.4367 272.6940 13.13471831249374
ONEWEB-0156             
1 48052U 21025L   26136.27592216  .00000204  00000+0  52329-3 0  9990
2 48052  87.8951 326.5745 0001742  93.9381 266.1947 13.13471343249389
ONEWEB-0161             
1 48053U 21025M   26136.47904940 -.00000406  00000+0 -11455-2 0  9994
2 48053  87.8940 326.5371 0001688  94.5970 265.5352 13.13470879249345
ONEWEB-0158             
1 48054U 21025N   26136.51460239  .00000319  00000+0  83973-3 0  9994
2 48054  87.8949 326.5262 0001923  80.1642 279.9704 13.13471660249476
ONEWEB-0157             
1 48055U 21025P   26136.23528238 -.00000136  00000+0 -40842-3 0  9995
2 48055  87.8954 326.5870 0001466  97.6431 262.4865 13.13468376249373
ONEWEB-0162             
1 48056U 21025Q   26136.43998029  .00000335  00000+0  88306-3 0  9993
2 48056  87.8947 326.5484 0001854  94.0592 266.0750 13.13471803249379
ONEWEB-0155             
1 48057U 21025R   26136.52306626  .00000248  00000+0  64432-3 0  9997
2 48057  87.8944 326.5280 0001611  88.7786 271.3527 13.13471382249527
ONEWEB-0149             
1 48058U 21025S   26136.24037156 -.00000272  00000+0 -77988-3 0  9995
2 48058  87.8953 326.5861 0001910  94.7955 265.3393 13.13470350249292
ONEWEB-0148             
1 48059U 21025T   26136.27929852  .00000327  00000+0  86115-3 0  9993
2 48059  87.8943 326.5879 0001988 106.4025 253.7323 13.13472059249422
ONEWEB-0160             
1 48060U 21025U   26136.52477708  .00000278  00000+0  72594-3 0  9992
2 48060  87.8945 326.5352 0002370  77.3983 282.7411 13.13470215249407
ONEWEB-0163             
1 48061U 21025V   26136.43335168  .00000275  00000+0  71879-3 0  9998
2 48061  87.8942 326.5464 0001523  94.2717 265.8587 13.13468899249514
ONEWEB-0159             
1 48062U 21025W   26136.27253073  .00000122  00000+0  29899-3 0  9991
2 48062  87.8952 326.5706 0001539  92.6242 267.5064 13.13469203249415
ONEWEB-0164             
1 48063U 21025X   26136.48243870 -.00000258  00000+0 -74120-3 0  9998
2 48063  87.8953 326.5356 0001822  85.3356 274.7982 13.13471517249429
ONEWEB-0167             
1 48064U 21025Y   26136.51038845  .00000238  00000+0  61807-3 0  9991
2 48064  87.8941 326.5425 0001193  77.3158 282.8105 13.13470464249412
ONEWEB-0166             
1 48065U 21025Z   26136.53323276  .00000048  00000+0  96009-4 0  9991
2 48065  87.8957 326.5063 0001769  96.0003 264.1328 13.13469197249493
ONEWEB-0151             
1 48066U 21025AA  26136.53491267  .00000001  00000+0 -31126-4 0  9997
2 48066  87.8943 326.5260 0001665  86.4933 273.6387 13.13470932249431
ONEWEB-0170             
1 48067U 21025AB  26136.23867053 -.00000196  00000+0 -57097-3 0  9995
2 48067  87.8945 326.5867 0001837  74.5955 285.5377 13.13470865249357
ONEWEB-0168             
1 48068U 21025AC  26136.45196656  .00000180  00000+0  45841-3 0  9999
2 48068  87.8952 326.5414 0001628  94.4337 265.6978 13.13471365249393
ONEWEB-0173             
1 48069U 21025AD  26136.51968549  .00000306  00000+0  80419-3 0  9995
2 48069  87.8945 326.5316 0001394  91.9357 268.1931 13.13471130249646
ONEWEB-0171             
1 48070U 21025AE  26136.02367196 -.00000221  00000+0 -64002-3 0  9992
2 48070  87.8945 326.6388 0001725  87.9225 272.2102 13.13469144249395
ONEWEB-0172             
1 48071U 21025AF  26136.23190066 -.00000058  00000+0 -19457-3 0  9998
2 48071  87.8949 326.5856 0001616  87.5765 272.5549 13.13468756250313
ONEWEB-0174             
1 48072U 21025AG  26136.44181866  .00000289  00000+0  75575-3 0  9997
2 48072  87.8940 326.5442 0001811  94.5853 265.5483 13.13468697249668
ONEWEB-0175             
1 48073U 21025AH  26136.09139087 -.00000465  00000+0 -13088-2 0  9995
2 48073  87.8953 326.5961 0001668  78.2837 281.8479 13.13469788249275
ONEWEB-0177             
1 48074U 21025AJ  26136.48413025 -.00000253  00000+0 -72694-3 0  9990
2 48074  87.8946 326.5376 0001689  96.0420 264.0902 13.13469287249512
ONEWEB-0178             
1 48075U 21025AK  26136.27437401  .00000255  00000+0  66265-3 0  9999
2 48075  87.8932 326.5964 0001529  85.0835 275.0469 13.13470838249538
ONEWEB-0108             
1 48076U 21025AL  26136.53830625 -.00000077  00000+0 -24480-3 0  9991
2 48076  87.8954 326.5167 0001982  90.9481 269.1875 13.13470794249494
ONEWEB-0169             
1 48077U 21025AM  26136.26576202 -.00000047  00000+0 -16280-3 0  9996
2 48077  87.8940 326.5817 0001821  93.9533 266.1804 13.13472773248111
ONEWEB-0176             
1 48210U 21031A   26136.43786567  .00000182  00000+0  45515-3 0  9999
2 48210  87.8937 296.0328 0001710  95.5614 264.5711 13.14501774244142
ONEWEB-0184             
1 48211U 21031B   26136.41090522 -.00000032  00000+0 -11987-3 0  9999
2 48211  87.8951 296.0365 0001233  70.4107 289.7155 13.14504034244119
ONEWEB-0179             
1 48212U 21031C   26136.66668981 -.00022296  00000+0 -73398-2 0  9996
2 48212  87.8960 294.5647 0220758   0.7703  94.1475 14.25511994  5371
ONEWEB-0180             
1 48213U 21031D   26136.41408419  .00000031  00000+0  49545-4 0  9998
2 48213  87.8938 296.0333 0001384 105.9383 254.1899 13.14504198244042
ONEWEB-0218             
1 48214U 21031E   26136.43627508  .00000201  00000+0  50768-3 0  9990
2 48214  87.8939 296.0276 0000970  79.6620 280.4619 13.14504099244201
ONEWEB-0209             
1 48215U 21031F   26136.42519811  .00000231  00000+0  58834-3 0  9992
2 48215  87.8924 296.0500 0001654 102.8988 257.2327 13.14502922244203
ONEWEB-0198             
1 48216U 21031G   26136.40946009 -.00000018  00000+0 -81882-4 0  9999
2 48216  87.8925 296.0537 0001377 100.7230 259.4055 13.14504051244313
ONEWEB-0189             
1 48217U 21031H   26136.19366203  .00000103  00000+0  24284-3 0  9993
2 48217  87.8936 296.0793 0001465  97.9447 262.1849 13.14503228244020
ONEWEB-0196             
1 48218U 21031J   26136.39979641 -.00000180  00000+0 -51956-3 0  9995
2 48218  87.8940 296.0481 0001663  99.7286 260.4031 13.14501422244052
ONEWEB-0183             
1 48219U 21031K   26136.45054955  .00000031  00000+0  50268-4 0  9994
2 48219  87.8934 296.0364 0001954 101.1059 259.0291 13.14501005244155
ONEWEB-0185             
1 48220U 21031L   26136.40059581 -.00000145  00000+0 -42459-3 0  9991
2 48220  87.8941 296.0369 0001858 109.1818 250.9513 13.14504268244076
ONEWEB-0187             
1 48221U 21031M   26136.15228863 -.00000096  00000+0 -29309-3 0  9999
2 48221  87.8922 296.1071 0001658 103.5832 256.5482 13.14504126244057
ONEWEB-0192             
1 48222U 21031N   26136.42677942  .00000172  00000+0  42829-3 0  9991
2 48222  87.8925 296.0418 0001710  95.3140 264.8185 13.14503318244003
ONEWEB-0219             
1 48223U 21031P   26136.17780020 -.00000064  00000+0 -20591-3 0  9990
2 48223  87.8935 296.0827 0001702 105.0745 255.0573 13.14502727244174
ONEWEB-0202             
1 48224U 21031Q   26136.38711234 -.00000188  00000+0 -54085-3 0  9997
2 48224  87.8936 296.0516 0001165  87.1611 272.9652 13.14501000244186
ONEWEB-0204             
1 48225U 21031R   26136.42120555  .00000149  00000+0  36687-3 0  9996
2 48225  87.8936 296.0398 0002044 102.7793 257.3565 13.14504654244084
ONEWEB-0205             
1 48226U 21031S   26136.39662573 -.00000314  00000+0 -88173-3 0  9997
2 48226  87.8939 296.0362 0001721 102.0248 258.1075 13.14501818244093
ONEWEB-0206             
1 48227U 21031T   26136.44580073  .00000081  00000+0  18388-3 0  9998
2 48227  87.8940 296.0290 0001927  92.6036 267.5315 13.14501770244057
ONEWEB-0182             
1 48228U 21031U   26136.44103281  .00000182  00000+0  45680-3 0  9998
2 48228  87.8936 296.0388 0001980 100.6916 259.4437 13.14504361244264
ONEWEB-0186             
1 48229U 21031V   26136.45212939  .00000012  00000+0 -21117-5 0  9995
2 48229  87.8941 296.0251 0001710  99.5640 260.5683 13.14504037244212
ONEWEB-0181             
1 48230U 21031W   26136.20159561  .00000224  00000+0  56950-3 0  9996
2 48230  87.8927 296.1095 0001579  99.1541 260.9767 13.14503526244033
ONEWEB-0188             
1 48231U 21031X   26136.39189441 -.00000178  00000+0 -51533-3 0  9999
2 48231  87.8929 296.0702 0001778  97.6449 262.4882 13.14503575243961
ONEWEB-0220             
1 48232U 21031Y   26136.43151877  .00000220  00000+0  55857-3 0  9996
2 48232  87.8944 296.0304 0001757 104.4457 255.6868 13.14501440244238
ONEWEB-0165             
1 48233U 21031Z   26136.15558688 -.00000123  00000+0 -36639-3 0  9998
2 48233  87.8938 296.1004 0001436  96.2605 263.8688 13.14501467244158
ONEWEB-0199             
1 48234U 21031AA  26136.44420607  .00000135  00000+0  32831-3 0  9991
2 48234  87.8943 296.0267 0001970  94.6383 265.4972 13.14501622244093
ONEWEB-0203             
1 48235U 21031AB  26136.43468582  .00000210  00000+0  53215-3 0  9998
2 48235  87.8947 296.0320 0001739  91.5997 268.5332 13.14505083244109
ONEWEB-0197             
1 48236U 21031AC  26136.40919171  .00000780  00000+0  20698-2 0  9991
2 48236  87.8936 296.0265 0001946 103.3182 256.8165 13.14497982244016
ONEWEB-0194             
1 48237U 21031AD  26135.47528751 -.00000184  00000+0 -53141-3 0  9998
2 48237  87.8935 296.2337 0001875  88.5664 271.5681 13.14504066244062
ONEWEB-0193             
1 48238U 21031AE  26135.87173850 -.00000048  00000+0 -16437-3 0  9995
2 48238  87.8938 296.1457 0002001  85.1825 274.9533 13.14504002244065
ONEWEB-0191             
1 48239U 21031AF  26136.41565818  .00000013  00000+0  17335-5 0  9996
2 48239  87.8955 296.0340 0001888  98.4215 261.7129 13.14504748243990
ONEWEB-0195             
1 48240U 21031AG  26136.39267485 -.00000178  00000+0 -51452-3 0  9994
2 48240  87.8948 296.0382 0001375  99.2089 260.9196 13.14504057243975
ONEWEB-0201             
1 48241U 21031AH  26136.38090866 -.00000086  00000+0 -26534-3 0  9992
2 48241  87.8930 296.0599 0001911 108.5535 251.5803 13.14501369244204
ONEWEB-0207             
1 48242U 21031AJ  26136.43706867  .00000126  00000+0  30640-3 0  9990
2 48242  87.8944 296.0311 0001909 105.2434 254.8907 13.14504106244125
ONEWEB-0208             
1 48243U 21031AK  26136.41884915  .00000136  00000+0  33271-3 0  9994
2 48243  87.8938 296.0423 0001422  95.9334 264.1958 13.14503867244131
ONEWEB-0200             
1 48244U 21031AL  26136.00176771 -.00000178  00000+0 -51383-3 0  9996
2 48244  87.8937 296.1126 0001663  98.4506 261.6813 13.14503899244001
ONEWEB-0217             
1 48245U 21031AM  26136.39821671 -.00000149  00000+0 -43767-3 0  9990
2 48245  87.8946 296.0373 0001457 103.7984 256.3308 13.14504426244003
ONEWEB-0211             
1 48767U 21045A   26136.64265813  .00000095  00000+0  21609-3 0  9991
2 48767  87.8980 265.3751 0001201  93.2155 266.9113 13.16195192240295
ONEWEB-0223             
1 48768U 21045B   26136.62947787 -.00000046  00000+0 -15523-3 0  9993
2 48768  87.8987 265.4776 0001560  89.6836 270.4473 13.15549332240257
ONEWEB-0230             
1 48769U 21045C   26136.60094200 -.00000040  00000+0 -14153-3 0  9997
2 48769  87.8981 265.5000 0002033 100.2034 259.9326 13.15553415240514
ONEWEB-0237             
1 48770U 21045D   26136.58986849  .00000078  00000+0  17228-3 0  9990
2 48770  87.8981 265.5040 0001798  91.3805 268.7531 13.15549199240232
ONEWEB-0235             
1 48771U 21045E   26136.64054663  .00000151  00000+0  36800-3 0  9997
2 48771  87.8988 265.4764 0001644  87.8628 272.2691 13.15550054240234
ONEWEB-0242             
1 48772U 21045F   26136.63421837  .00000018  00000+0  14990-4 0  9997
2 48772  87.8990 265.4741 0001897  93.9650 266.1697 13.15547303240271
ONEWEB-0241             
1 48773U 21045G   26136.62154187  .00000764  00000+0  19942-2 0  9996
2 48773  87.8976 265.4981 0001391  93.4236 266.7054 13.15558806240189
ONEWEB-0243             
1 48774U 21045H   26136.34901210  .00000148  00000+0  35970-3 0  9999
2 48774  87.8981 265.5650 0002061  84.1961 275.9405 13.15550108240175
ONEWEB-0222             
1 48775U 21045J   26136.63659060  .00000992  00000+0  26003-2 0  9998
2 48775  87.8982 265.4723 0001734  95.2508 264.8820 13.15557833240252
ONEWEB-0244             
1 48776U 21045K   26136.58668524  .00000181  00000+0  44677-3 0  9996
2 48776  87.8996 265.4754 0001815  95.2065 264.9273 13.15550213240810
ONEWEB-0247             
1 48777U 21045L   26136.58352972  .00000194  00000+0  48149-3 0  9996
2 48777  87.8982 265.5128 0001882  74.3287 285.8051 13.15548987240259
ONEWEB-0245             
1 48778U 21045M   26136.35060088  .00000194  00000+0  48033-3 0  9998
2 48778  87.8989 265.5353 0001636 100.6904 259.4411 13.15548986240192
ONEWEB-0229             
1 48779U 21045N   26136.65006196  .00000098  00000+0  22611-3 0  9999
2 48779  87.8987 265.4737 0001899  95.5518 264.5829 13.15550270240267
ONEWEB-0228             
1 48780U 21045P   26136.60743259 -.00000020  00000+0 -86278-4 0  9991
2 48780  87.8998 265.4727 0001838  97.0808 263.0532 13.15549766240175
ONEWEB-0232             
1 48781U 21045Q   26136.58194801  .00000184  00000+0  45471-3 0  9990
2 48781  87.8999 265.4799 0001799 100.3558 259.7775 13.15549110240491
ONEWEB-0231             
1 48782U 21045R   26136.63580379  .00000027  00000+0  37759-4 0  9993
2 48782  87.8979 265.4845 0001727  94.1730 265.9597 13.15550071240191
ONEWEB-0234             
1 48783U 21045S   26136.59763410  .00000008  00000+0 -13681-4 0  9996
2 48783  87.8991 265.4728 0001665 126.2859 233.8425 13.15546939240323
ONEWEB-0238             
1 48784U 21045T   26136.59793257  .00000003  00000+0 -27022-4 0  9998
2 48784  87.8996 265.4655 0001695 112.4926 247.6384 13.15549885240222
ONEWEB-0240             
1 48785U 21045U   26136.31494943 -.00000052  00000+0 -17220-3 0  9992
2 48785  87.8993 265.5319 0001531  95.6700 264.4605 13.15549144240219
ONEWEB-0246             
1 48786U 21045V   26136.61363154 -.00000070  00000+0 -22002-3 0  9999
2 48786  87.8988 265.4776 0001919  96.0098 264.1251 13.15549572240124
ONEWEB-0210             
1 48787U 21045W   26136.58829139  .00000430  00000+0  11080-2 0  9997
2 48787  87.8993 265.4801 0002169  75.4477 284.6894 13.15547025240165
ONEWEB-0214             
1 48788U 21045X   26136.59700170  .00000080  00000+0  17819-3 0  9990
2 48788  87.8994 265.4748 0002122  90.8321 269.3052 13.15548901240132
ONEWEB-0221             
1 48789U 21045Y   26136.60410955 -.00000028  00000+0 -10922-3 0  9994
2 48789  87.8993 265.4825 0001722  94.5310 265.6017 13.15549899240229
ONEWEB-0213             
1 48790U 21045Z   26136.59303205  .00000101  00000+0  23292-3 0  9997
2 48790  87.8992 265.4882 0001818  90.1671 269.9668 13.15549740240281
ONEWEB-0212             
1 48791U 21045AA  26136.64612046  .00000099  00000+0  22972-3 0  9990
2 48791  87.8989 265.4719 0001906 101.3795 258.7550 13.15548135240280
ONEWEB-0227             
1 48792U 21045AB  26136.64530930  .00000182  00000+0  44973-3 0  9990
2 48792  87.8984 265.4732 0001782  98.4497 261.6835 13.15547645240237
ONEWEB-0226             
1 48793U 21045AC  26136.63898454  .00000140  00000+0  33738-3 0  9999
2 48793  87.8985 265.4799 0001884  91.0052 269.1294 13.15547506240206
ONEWEB-0224             
1 48794U 21045AD  26136.60253952 -.00000089  00000+0 -26928-3 0  9992
2 48794  87.8983 265.5226 0001084 115.5707 244.5535 13.15549523240129
ONEWEB-0233             
1 48795U 21045AE  26136.60713732 -.00000040  00000+0 -13904-3 0  9997
2 48795  87.8980 265.5293 0001626  93.2395 266.8921 13.15550980240145
ONEWEB-0190             
1 48796U 21045AF  26136.59461578  .00000041  00000+0  76078-4 0  9995
2 48796  87.8980 265.4936 0001672  77.2128 282.9189 13.15549669240211
ONEWEB-0236             
1 48797U 21045AG  26136.61205095 -.00000092  00000+0 -27950-3 0  9991
2 48797  87.8980 265.5006 0001868 104.3483 255.7855 13.15549607240102
ONEWEB-0248             
1 48798U 21045AH  26136.62470421 -.00000114  00000+0 -33584-3 0  9995
2 48798  87.8990 265.4783 0001439  90.8259 269.3036 13.15546945240260
ONEWEB-0225             
1 48799U 21045AJ  26136.64689557  .00000193  00000+0  47836-3 0  9990
2 48799  87.8978 265.4838 0001656  81.8092 278.3226 13.15547202240273
ONEWEB-0215             
1 48800U 21045AK  26136.61680252 -.00000067  00000+0 -21215-3 0  9998
2 48800  87.8989 265.4694 0001515  79.4098 280.7203 13.15549274240140
ONEWEB-0216             
1 48801U 21045AL  26136.62630706 -.00000083  00000+0 -25499-3 0  9995
2 48801  87.8986 265.4840 0001954  99.5671 260.5680 13.15549815240155
ONEWEB-0239             
1 48802U 21045AM  26136.63104218 -.00000010  00000+0 -60194-4 0  9993
2 48802  87.8977 265.4922 0001178  80.2124 279.9139 13.15550297240198
ONEWEB-0249             
1 48967U 21060A   26136.51415389  .00000216  00000+0  53064-3 0  9996
2 48967  87.9106 235.0666 0001930 102.1543 257.9804 13.16593275235449
ONEWEB-0250             
1 48968U 21060B   26136.53557581 -.00000053  00000+0 -15063-3 0  9998
2 48968  87.9105 232.9216 0001483 130.0080 230.1186 13.25831123236023
ONEWEB-0252             
1 48970U 21060D   26136.54502891  .00000025  00000+0  31743-4 0  9997
2 48970  87.9102 235.0524 0002177  96.6234 263.5144 13.16595545235497
ONEWEB-0253             
1 48971U 21060E   26136.53393040 -.00000025  00000+0 -99957-4 0  9994
2 48971  87.9101 235.0602 0001941 100.2922 259.8428 13.16596245235422
ONEWEB-0254             
1 48972U 21060F   26136.54344419  .00000032  00000+0  49281-4 0  9993
2 48972  87.9103 235.0548 0001711  97.1418 262.9908 13.16596021235423
ONEWEB-0255             
1 48973U 21060G   26136.27744349  .00000089  00000+0  19815-3 0  9991
2 48973  87.9104 235.1154 0001861  97.7494 262.3848 13.16592912235461
ONEWEB-0256             
1 48974U 21060H   26136.53157263 -.00000019  00000+0 -83142-4 0  9994
2 48974  87.9094 235.0703 0002099 101.3286 258.8081 13.16596223235462
ONEWEB-0257             
1 48975U 21060J   26136.56401850  .00000108  00000+0  24865-3 0  9995
2 48975  87.9103 235.0499 0001948  97.0809 263.0544 13.16596104235426
ONEWEB-0258             
1 48976U 21060K   26136.56559491  .00000105  00000+0  24044-3 0  9997
2 48976  87.9104 235.0610 0001904 102.1686 257.9659 13.16596010235432
ONEWEB-0259             
1 48977U 21060L   26136.55926782  .00000091  00000+0  20395-3 0  9997
2 48977  87.9098 235.0619 0001820 102.0134 258.1201 13.16593362235464
ONEWEB-0260             
1 48978U 21060M   26136.32256965  .00000033  00000+0  52999-4 0  9994
2 48978  87.9095 235.1123 0002366  97.2124 262.9276 13.16595037235414
ONEWEB-0261             
1 48979U 21060N   26136.52048491  .00000046  00000+0  85545-4 0  9997
2 48979  87.9101 235.0719 0001920  90.8741 269.2610 13.16594475235497
ONEWEB-0262             
1 48980U 21060P   26136.27270532  .00000111  00000+0  25719-3 0  9993
2 48980  87.9105 235.1064 0001683 103.0959 257.0360 13.16595838235425
ONEWEB-0263             
1 48981U 21060Q   26136.53234935 -.00000022  00000+0 -90088-4 0  9995
2 48981  87.9103 235.0661 0001804  92.4398 267.6940 13.16593638235426
ONEWEB-0264             
1 48982U 21060R   26136.56956144  .00000056  00000+0  11225-3 0  9992
2 48982  87.9103 235.0622 0002072  95.8326 264.3041 13.16592498235430
ONEWEB-0266             
1 48984U 21060T   26136.51493488  .00000081  00000+0  17782-3 0  9998
2 48984  87.9104 235.0632 0001980 103.5696 256.5655 13.16596241235410
ONEWEB-0267             
1 48985U 21060U   26136.52601387  .00000024  00000+0  29751-4 0  9996
2 48985  87.9104 235.0570 0002001  94.8469 265.2890 13.16593146235427
ONEWEB-0268             
1 48986U 21060V   26136.57036598  .00000092  00000+0  20652-3 0  9993
2 48986  87.9105 235.0581 0002118 100.4989 259.6381 13.16594432235691
ONEWEB-0269             
1 48987U 21060W   26136.55136174  .00000015  00000+0  63266-5 0  9998
2 48987  87.9088 235.0680 0002215 103.5034 256.6344 13.16595373235461
ONEWEB-0270             
1 48988U 21060X   26136.56877736  .00000131  00000+0  30841-3 0  9996
2 48988  87.9105 235.0603 0001640  95.3415 264.7903 13.16595542235503
ONEWEB-0271             
1 48989U 21060Y   26136.55611076  .00000162  00000+0  39096-3 0  9994
2 48989  87.9097 235.0533 0001869  94.6999 265.4345 13.16596041235501
ONEWEB-0272             
1 48990U 21060Z   26136.27429052  .00000058  00000+0  11818-3 0  9992
2 48990  87.9105 235.1208 0002174  94.5991 265.5388 13.16595088235412
ONEWEB-0273             
1 48991U 21060AA  26136.52444770  .00000012  00000+0 -20454-5 0  9994
2 48991  87.9104 235.0696 0001887  98.3986 261.7359 13.16595367235425
ONEWEB-0274             
1 48992U 21060AB  26136.54977092  .00000078  00000+0  17016-3 0  9994
2 48992  87.9092 235.0706 0002254  95.9432 264.1956 13.16595228235462
ONEWEB-0275             
1 48993U 21060AC  26136.53867889  .00000018  00000+0  13427-4 0  9993
2 48993  87.9102 235.0586 0002074  97.9109 262.2257 13.16592434235395
ONEWEB-0276             
1 48994U 21060AD  26136.57193419  .00000092  00000+0  20591-3 0  9990
2 48994  87.9104 235.0522 0002133  98.6512 261.4861 13.16596807235413
ONEWEB-0277             
1 48995U 21060AE  26136.50861328  .00000108  00000+0  24839-3 0  9992
2 48995  87.9099 235.0753 0001870  97.5099 262.6244 13.16595714235399
ONEWEB-0278             
1 48996U 21060AF  26136.57512129  .00000099  00000+0  22531-3 0  9998
2 48996  87.9108 235.0500 0001992 108.1236 252.0112 13.16595352235539
ONEWEB-0279             
1 48997U 21060AG  26136.50701791  .00000068  00000+0  14530-3 0  9993
2 48997  87.9107 235.0621 0001975  93.3423 266.7934 13.16592780235454
ONEWEB-0280             
1 48998U 21060AH  26136.52206460  .00000040  00000+0  71815-4 0  9999
2 48998  87.9104 235.0633 0001704 104.3875 255.7445 13.16596196235392
ONEWEB-0281             
1 48999U 21060AJ  26136.52760593  .00000036  00000+0  60712-4 0  9991
2 48999  87.9105 235.0568 0002013 103.0453 257.0902 13.16593621235464
ONEWEB-0282             
1 49000U 21060AK  26136.55770472  .00000106  00000+0  24307-3 0  9992
2 49000  87.9098 235.0602 0001892  99.3517 260.7828 13.16595383235443
ONEWEB-0283             
1 49001U 21060AL  26136.54660138  .00000093  00000+0  21083-3 0  9992
2 49001  87.9101 235.0619 0001953  96.2855 263.8499 13.16596247235455
ONEWEB-0284             
1 49002U 21060AM  26136.54026174  .00000009  00000+0 -96203-5 0  9995
2 49002  87.9103 235.0559 0001755 108.8068 251.3254 13.16596093235435
ONEWEB-0285             
1 49075U 21075A   26136.34559457 -.00000275  00000+0 -79937-3 0  9993
2 49075  87.8968 356.9929 0001769  83.5892 276.5438 13.12443564231031
ONEWEB-0286             
1 49076U 21075B   26136.32767002 -.00000356  00000+0 -10256-2 0  9997
2 49076  87.8959 357.0162 0001937  89.0258 271.1092 13.12443748230385
ONEWEB-0287             
1 49077U 21075C   26136.34939602  .00000045  00000+0  81693-4 0  9995
2 49077  87.9162  12.1962 0001999  95.1344 265.0016 13.17650217229430
ONEWEB-0288             
1 49078U 21075D   26136.60904516  .00000337  00000+0  90233-3 0  9994
2 49078  87.8964 356.9344 0001779  92.2072 267.9260 13.12442897231045
ONEWEB-0289             
1 49079U 21075E   26136.38807156  .00000002  00000+0 -27700-4 0  9992
2 49079  87.9168  12.2036 0001429  81.7600 278.3693 13.17649691230013
ONEWEB-0290             
1 49080U 21075F   26136.36120888 -.00000008  00000+0 -54398-4 0  9992
2 49080  87.9172  12.1799 0001319  77.7568 282.3711 13.17647897229426
ONEWEB-0291             
1 49081U 21075G   26136.64977760  .00000059  00000+0  11919-3 0  9998
2 49081  87.9171  12.1310 0001654  93.8661 266.2659 13.17651240229452
ONEWEB-0293             
1 49082U 21075H   26136.37133443  .00000024  00000+0  28324-4 0  9992
2 49082  87.9165  12.1910 0001679  83.3663 276.7660 13.17649108229442
ONEWEB-0294             
1 49083U 21075J   26136.53958553  .00000154  00000+0  39302-3 0  9999
2 49083  87.8967 356.9514 0001464  84.1592 275.9703 13.12440576230425
ONEWEB-0295             
1 49084U 21075K   26136.37050531 -.00000948  00000+0 -24748-2 0  9991
2 49084  87.9158  12.1959 0001701  93.0110 267.1216 13.17638529229402
ONEWEB-0296             
1 49085U 21075L   26136.59548800  .00000416  00000+0  11200-2 0  9994
2 49085  87.8975 356.9465 0001678  95.6219 264.5101 13.12444595230433
ONEWEB-0297             
1 49086U 21075M   26136.62597845 -.00000176  00000+0 -52387-3 0  9999
2 49086  87.8957 356.9557 0001833  88.0595 272.0743 13.12440799231048
ONEWEB-0298             
1 49087U 21075N   26136.60265081  .00000003  00000+0 -26513-4 0  9993
2 49087  87.9164  12.1469 0002002  84.2112 275.9248 13.17645946229466
ONEWEB-0299             
1 49088U 21075P   26136.60421624  .00000052  00000+0  10198-3 0  9995
2 49088  87.9173  12.1241 0001912  87.4271 272.7079 13.17648327229446
ONEWEB-0300             
1 49089U 21075Q   26136.54213357  .00000061  00000+0  13470-3 0  9997
2 49089  87.8968 356.9483 0002195  84.4191 275.7188 13.12441378231053
ONEWEB-0301             
1 49090U 21075R   26136.60228423  .00000396  00000+0  10653-2 0  9996
2 49090  87.8966 356.9352 0002098  79.8990 280.2375 13.12442053230425
ONEWEB-0302             
1 49091U 21075S   26136.36000227  .00000324  00000+0  86526-3 0  9994
2 49091  87.8971 356.9940 0001489  88.2054 271.9245 13.12444709230370
ONEWEB-0304             
1 49092U 21075T   26136.35109132  .00000002  00000+0 -28072-4 0  9996
2 49092  87.9163  12.2000 0001827  87.9876 272.1465 13.17650147229384
ONEWEB-0305             
1 49093U 21075U   26136.34433736 -.00000005  00000+0 -46193-4 0  9994
2 49093  87.9169  12.1835 0001977  95.3550 264.7807 13.17649695229411
ONEWEB-0308             
1 49094U 21075V   26136.35321756  .00000102  00000+0  24805-3 0  9995
2 49094  87.8969 356.9878 0001796  84.0728 276.0606 13.12445148230389
ONEWEB-0309             
1 49095U 21075W   26136.34770638  .00000067  00000+0  14063-3 0  9997
2 49095  87.9162  12.1938 0001424  87.3929 272.7365 13.17649829229381
ONEWEB-0310             
1 49096U 21075X   26136.59718595  .00000424  00000+0  11423-2 0  9992
2 49096  87.8961 356.9639 0001760  83.7347 276.3982 13.12441662231043
ONEWEB-0311             
1 49097U 21075Y   26136.35447423  .00000006  00000+0 -18467-4 0  9990
2 49097  87.9166  12.1912 0002135  93.2413 266.8963 13.17648113229432
ONEWEB-0312             
1 49098U 21075Z   26136.36964567 -.00000053  00000+0 -17017-3 0  9997
2 49098  87.9159  12.1999 0001731  92.7913 267.3416 13.17647587229411
ONEWEB-0313             
1 49099U 21075AA  26136.60239475  .00000000  00000+0 -34122-4 0  9996
2 49099  87.9157  12.1600 0001867  85.9992 274.1353 13.17649895229432
ONEWEB-0314             
1 49100U 21075AB  26136.64471497  .00000077  00000+0  16491-3 0  9996
2 49100  87.9170  12.1207 0001761  95.0196 265.1137 13.17648740229410
ONEWEB-0315             
1 49101U 21075AC  26136.34135747 -.00000503  00000+0 -14323-2 0  9996
2 49101  87.8967 356.9761 0002120  91.4099 268.7272 13.12442766230999
ONEWEB-0316             
1 49102U 21075AD  26136.51830767 -.00000016  00000+0 -74361-4 0  9999
2 49102  87.9167 341.7604 0001898  88.7926 271.3424 13.18684568233031
ONEWEB-0317             
1 49103U 21075AE  26136.34474555 -.00000401  00000+0 -11513-2 0  9996
2 49103  87.8971 356.9987 0001272  65.8701 294.2560 13.12442952231013
ONEWEB-0318             
1 49104U 21075AF  26136.28730342  .00000083  00000+0  17768-3 0  9992
2 49104  87.9178 341.8050 0002058  91.6243 268.5125 13.18685058232967
ONEWEB-0319             
1 49105U 21075AG  26136.35615016  .00000030  00000+0  43109-4 0  9992
2 49105  87.9162  12.1969 0002311  90.7541 269.3856 13.17650511229412
ONEWEB-0323             
1 49106U 21075AH  26136.09739789 -.00000334  00000+0 -96366-3 0  9999
2 49106  87.8968 357.0293 0002170  96.9907 263.1469 13.12441079230342
ONEWEB-0329             
1 49107U 21075AJ  26136.36458748  .00000028  00000+0  40044-4 0  9994
2 49107  87.9162  12.1959 0001814  87.6749 272.4590 13.17649823229396
ONEWEB-0330             
1 49108U 21075AK  26136.38835850  .00000040  00000+0  69313-4 0  9994
2 49108  87.9166  12.2106 0001703  88.9049 271.2278 13.17647733229433
ONEWEB-0292             
1 49186U 21083A   26136.47566779 -.00000278  00000+0 -79569-3 0  9998
2 49186  87.8936 326.5595 0001948  92.5388 267.5964 13.13471134226763
ONEWEB-0303             
1 49187U 21083B   26136.51156305  .00000091  00000+0  19771-3 0  9994
2 49187  87.9170 341.7608 0001995  90.2756 269.8605 13.18684736225805
ONEWEB-0306             
1 49188U 21083C   26136.27381688  .00000021  00000+0  19593-4 0  9998
2 49188  87.9175 341.7942 0001624  83.0416 277.0901 13.18684954225817
ONEWEB-0307             
1 49189U 21083D   26136.24120756 -.00000266  00000+0 -76334-3 0  9991
2 49189  87.8946 326.6005 0001859  93.1333 267.0009 13.13467936226739
ONEWEB-0320             
1 49190U 21083E   26136.29405732 -.00000006  00000+0 -47748-4 0  9998
2 49190  87.9168 341.8114 0001787  86.1388 273.9948 13.18686144225770
ONEWEB-0321             
1 49191U 21083F   26136.38317692  .00000409  00000+0  97441-3 0  9995
2 49191  87.9164 280.7779 0001613  92.4591 267.6727 13.20759628232638
ONEWEB-0322             
1 49192U 21083G   26136.08462683 -.00000180  00000+0 -52874-3 0  9993
2 49192  87.8938 326.6333 0001722  74.4670 285.6649 13.13470883226701
ONEWEB-0324             
1 49193U 21083H   26136.11532273  .00000043  00000+0  76768-4 0  9996
2 49193  87.9180 341.8310 0001677  89.7879 270.3445 13.18685233225778
ONEWEB-0325             
1 49194U 21083J   26136.11868858  .00000089  00000+0  19348-3 0  9998
2 49194  87.9168 341.8421 0001901  85.1287 275.0062 13.18685158225785
ONEWEB-0326             
1 49195U 21083K   26136.28575570  .00000077  00000+0  16309-3 0  9994
2 49195  87.9176 341.8035 0002127  90.7898 269.3478 13.18685210225794
ONEWEB-0327             
1 49196U 21083L   26136.51310972  .00000051  00000+0  96650-4 0  9994
2 49196  87.9168 341.7652 0002262  88.7361 271.4031 13.18685466225840
ONEWEB-0328             
1 49197U 21083M   26136.45535846  .00000112  00000+0  27094-3 0  9990
2 49197  87.8951 326.5293 0001674  93.3781 266.7540 13.13470940226731
ONEWEB-0331             
1 49198U 21083N   26136.27887204  .00000042  00000+0  72913-4 0  9992
2 49198  87.9177 341.7987 0002061  95.4901 264.6466 13.18685279225809
ONEWEB-0333             
1 49199U 21083P   26136.52644876  .00000248  00000+0  64361-3 0  9992
2 49199  87.8943 326.5444 0001803  88.7944 271.3392 13.13471389226752
ONEWEB-0334             
1 49200U 21083Q   26136.32508397  .00000469  00000+0  11214-2 0  9993
2 49200  87.9157 280.8019 0001369  63.5704 296.5570 13.20727942232587
ONEWEB-0335             
1 49201U 21083R   26136.44520486  .00000307  00000+0  80477-3 0  9999
2 49201  87.8944 326.5571 0001902  94.7846 265.3500 13.13468318226758
ONEWEB-0336             
1 49202U 21083S   26136.03553705  .00000032  00000+0  52415-4 0  9992
2 49202  87.8939 326.6345 0001977 101.7504 258.3847 13.13472040226691
ONEWEB-0337             
1 49203U 21083T   26136.04556168  .00000331  00000+0  87229-3 0  9992
2 49203  87.8941 326.6395 0001697  96.2926 263.8397 13.13471859226693
ONEWEB-0338             
1 49204U 21083U   26136.45054300  .00000006  00000+0 -18006-4 0  9997
2 49204  87.9154 280.7812 0001673  88.2314 271.9011 13.20827128232626
ONEWEB-0339             
1 49205U 21083V   26136.43504481  .00000341  00000+0  89822-3 0  9990
2 49205  87.8942 326.5536 0001553  80.1056 280.0249 13.13471293226722
ONEWEB-0340             
1 49206U 21083W   26136.26539257  .00000007  00000+0 -14162-4 0  9997
2 49206  87.9178 341.8070 0001895  91.4931 268.6418 13.18683675225761
ONEWEB-0341             
1 49207U 21083X   26136.27213222  .00000075  00000+0  15818-3 0  9992
2 49207  87.9174 341.8110 0001472 100.3856 259.7442 13.18684676225782
ONEWEB-0342             
1 49208U 21083Y   26136.38151024  .00000021  00000+0  18693-4 0  9992
2 49208  87.9165 280.7800 0001763  95.7624 264.3710 13.20771757232589
ONEWEB-0343             
1 49209U 21083Z   26136.28055857  .00000150  00000+0  34731-3 0  9992
2 49209  87.9178 341.8068 0001496  76.8745 283.2554 13.18684656225830
ONEWEB-0344             
1 49210U 21083AA  26136.27761369  .00000250  00000+0  64922-3 0  9991
2 49210  87.8931 326.6020 0001553 100.0754 260.0551 13.13471592226706
ONEWEB-0345             
1 49211U 21083AB  26136.04060825  .00000179  00000+0  45587-3 0  9992
2 49211  87.8947 326.6250 0001594  98.3826 261.7484 13.13469635226688
ONEWEB-0346             
1 49212U 21083AC  26136.27718876  .00000038  00000+0  63239-4 0  9993
2 49212  87.9169 341.8098 0002403  97.3030 262.8375 13.18684889225776
ONEWEB-0348             
1 49213U 21083AD  26136.37142742 -.00000003  00000+0 -40483-4 0  9998
2 49213  87.9164 280.7854 0002131 112.1001 248.0358 13.20854908232617
ONEWEB-0350             
1 49214U 21083AE  26136.27845044  .00000249  00000+0  64797-3 0  9996
2 49214  87.8952 326.5788 0001617 100.8646 259.2665 13.13471030226749
ONEWEB-0351             
1 49215U 21083AF  26136.44031704 -.00000660  00000+0 -16519-2 0  9993
2 49215  87.9121 280.7683 0001434  91.0282 269.1016 13.20904775232582
ONEWEB-0352             
1 49216U 21083AG  26136.48751611 -.00000200  00000+0 -58369-3 0  9994
2 49216  87.8942 326.5490 0001472  79.2444 280.8850 13.13468592226862
ONEWEB-0354             
1 49217U 21083AH  26136.31582700  .00000972  00000+0  23616-2 0  9998
2 49217  87.9161 280.7944 0001818 111.7531 248.3796 13.20698288232607
ONEWEB-0355             
1 49218U 21083AJ  26136.44026291  .00000329  00000+0  86709-3 0  9990
2 49218  87.8934 326.5622 0001507  89.7929 270.3372 13.13470627226736
ONEWEB-0357             
1 49219U 21083AK  26136.31247526  .00000070  00000+0  14077-3 0  9995
2 49219  87.9167 280.7897 0001636  95.1449 264.9872 13.20716023232600
ONEWEB-0332             
1 49279U 21090A   26135.86857776 -.00000083  00000+0 -25834-3 0  9991
2 49279  87.8940 296.1560 0001730  86.5583 273.5745 13.14503581223331
ONEWEB-0347             
1 49280U 21090B   26136.37815378  .00000004  00000+0 -22774-4 0  9995
2 49280  87.9163 280.7844 0002035  92.4069 267.7297 13.20799427226848
ONEWEB-0349             
1 49281U 21090C   26136.63737219  .00001583  00000+0  38609-2 0  9996
2 49281  87.9164 280.7332 0001797 100.3873 259.7463 13.20759309225668
ONEWEB-0353             
1 49282U 21090D   26136.16511577 -.00000206  00000+0 -59040-3 0  9998
2 49282  87.8936 296.0920 0001868  87.6939 272.4405 13.14503537223374
ONEWEB-0356             
1 49283U 21090E   26136.63571249  .00000663  00000+0  15998-2 0  9991
2 49283  87.9169 280.7272 0002769  96.5559 263.5889 13.20761486225669
ONEWEB-0358             
1 49284U 21090F   26136.43791375 -.00000025  00000+0 -93545-4 0  9994
2 49284  87.9169 280.7698 0001978 102.6324 257.5031 13.20826246226368
ONEWEB-0359             
1 49285U 21090G   26136.35960488  .00000448  00000+0  10704-2 0  9990
2 49285  87.9164 280.7818 0001910 106.7964 253.3379 13.20748164226337
ONEWEB-0360             
1 49286U 21090H   26136.65257177 -.00002404  00000+0 -59434-2 0  9997
2 49286  87.9147 280.7255 0001125 110.9011 249.2243 13.20808110225681
ONEWEB-0361             
1 49287U 21090J   26136.63402306  .00000055  00000+0  10431-3 0  9995
2 49287  87.9167 280.7315 0001960 101.8591 258.2762 13.20774071226135
ONEWEB-0362             
1 49288U 21090K   26136.40999440  .00000020  00000+0  17193-4 0  9996
2 49288  87.9148 311.3147 0001530  92.5937 267.5371 13.19725995222721
ONEWEB-0363             
1 49289U 21090L   26136.64918203  .00000073  00000+0  14695-3 0  9992
2 49289  87.9167 280.7291 0002212 100.6887 259.4495 13.20855362226146
ONEWEB-0364             
1 49290U 21090M   26136.38483840  .00001699  00000+0  41468-2 0  9991
2 49290  87.9158 280.7906 0001844  98.9361 261.1982 13.20759494227249
ONEWEB-0365             
1 49291U 21090N   26136.41947973  .00000020  00000+0  17898-4 0  9997
2 49291  87.9157 311.2985 0001767  89.9702 270.1633 13.19726400222235
ONEWEB-0366             
1 49292U 21090P   26136.16193632 -.00000245  00000+0 -69499-3 0  9999
2 49292  87.8931 296.0962 0001817  97.6499 262.4837 13.14503699223357
ONEWEB-0367             
1 49293U 21090Q   26136.64834366  .00000050  00000+0  91813-4 0  9997
2 49293  87.9171 280.7300 0001686  98.8562 261.2762 13.20759111225668
ONEWEB-0368             
1 49294U 21090R   26136.54644154  .00003022  00000+0  74079-2 0  9996
2 49294  87.9159 280.7643 0002278  83.4219 276.7173 13.20684515226801
ONEWEB-0369             
1 49295U 21090S   26136.41473754  .00000018  00000+0  12878-4 0  9992
2 49295  87.9146 311.3102 0001837  89.3901 270.7442 13.19725750222222
ONEWEB-0370             
1 49296U 21090T   26136.35458658 -.00000845  00000+0 -21097-2 0  9993
2 49296  87.9173 280.7886 0001619 103.4295 256.7019 13.20777974225665
ONEWEB-0371             
1 49297U 21090U   26136.42263532  .00000048  00000+0  87684-4 0  9996
2 49297  87.9150 311.2991 0001668  90.5931 269.5393 13.19725892222265
ONEWEB-0372             
1 49298U 21090V   26136.64730966  .00004735  00000+0  11619-1 0  9990
2 49298  87.9179 280.7336 0002200  93.2346 266.9039 13.20699613225672
ONEWEB-0373             
1 49299U 21090W   26136.14249403 -.00000017  00000+0 -73285-4 0  9998
2 49299  87.9163 280.8336 0001886 101.3039 258.8306 13.20869029226797
ONEWEB-0374             
1 49300U 21090X   26136.37760122 -.00000034  00000+0 -12625-3 0  9991
2 49300  87.8934 296.0423 0002412  99.8877 260.2525 13.14501183223387
ONEWEB-0375             
1 49301U 21090Y   26136.35793216  .00000055  00000+0  10308-3 0  9997
2 49301  87.9166 280.7816 0002407 104.4547 255.6854 13.20755942226324
ONEWEB-0376             
1 49302U 21090Z   26136.42104172  .00000041  00000+0  71018-4 0  9994
2 49302  87.9160 311.2978 0001760  86.9239 273.2096 13.19727512222264
ONEWEB-0377             
1 49303U 21090AA  26136.64759322  .00003501  00000+0  85863-2 0  9997
2 49303  87.9175 280.7270 0002133 102.9642 257.1730 13.20688211226352
ONEWEB-0378             
1 49304U 21090AB  26136.36483714 -.00000050  00000+0 -15409-3 0  9994
2 49304  87.9160 280.7886 0002084  98.3113 261.8257 13.20910036225589
ONEWEB-0379             
1 49305U 21090AC  26136.44896345  .00000033  00000+0  55807-4 0  9998
2 49305  87.8939 296.0390 0001892  95.6779 264.4567 13.14503728223396
ONEWEB-0380             
1 49306U 21090AD  26136.41787731  .00000054  00000+0  10267-3 0  9997
2 49306  87.9149 311.3069 0001878  98.0602 262.0744 13.19724596222237
ONEWEB-0381             
1 49307U 21090AE  26136.64411781  .00002409  00000+0  58973-2 0  9993
2 49307  87.9175 280.7308 0001976 101.3130 258.8225 13.20706459225662
ONEWEB-0382             
1 49308U 21090AF  26136.63066319 -.00000035  00000+0 -11759-3 0  9993
2 49308  87.9165 280.7283 0002217  98.2436 261.8949 13.20798865225654
ONEWEB-0383             
1 49309U 21090AG  26136.44263551  .00000111  00000+0  26400-3 0  9992
2 49309  87.8948 296.0300 0001935  93.4586 266.6765 13.14503375223427
ONEWEB-0384             
1 49310U 21090AH  26136.54450246 -.00000054  00000+0 -16456-3 0  9992
2 49310  87.9166 280.7889 0002349  95.6722 264.4679 13.20811167225655
ONEWEB-0385             
1 49311U 21090AJ  26136.32080012  .00004372  00000+0  10730-1 0  9991
2 49311  87.9182 280.7958 0001971  88.7011 271.4348 13.20683535225595
ONEWEB-0386             
1 49312U 21090AK  26136.64075876  .00001484  00000+0  36205-2 0  9996
2 49312  87.9180 280.7213 0002021  99.4979 260.6383 13.20728967225652
ONEWEB-0387             
1 49313U 21090AL  26136.62556777  .00001805  00000+0  44138-2 0  9990
2 49313  87.9152 280.7502 0001852 107.8197 252.3138 13.20654444225654
ONEWEB-0388             
1 49314U 21090AM  26136.48897676  .00000021  00000+0  20614-4 0  9995
2 49314  87.9150 311.2906 0001941  92.1954 267.9401 13.19725628222234
ONEWEB-0389             
1 50469U 21132A   26136.60927537  .00000062  00000+0  12653-3 0  9997
2 50469  87.9163  12.1465 0002117  91.7014 268.4360 13.17649882213927
ONEWEB-0390             
1 50470U 21132B   26136.38315098 -.00000037  00000+0 -12856-3 0  9996
2 50470  87.9165  12.1924 0001659  86.4633 273.6688 13.17649130213892
ONEWEB-0391             
1 50471U 21132C   26136.38483910  .00000061  00000+0  12398-3 0  9992
2 50471  87.9166  12.2012 0002155 106.7334 253.4035 13.17649980213894
ONEWEB-0392             
1 50472U 21132D   26136.41521832  .00000040  00000+0  70214-4 0  9992
2 50472  87.9171  12.1615 0002078  93.2588 266.8782 13.17648248213932
ONEWEB-0393             
1 50473U 21132E   26136.61854813  .00000025  00000+0  31128-4 0  9997
2 50473  87.9161  12.1407 0001945  87.6676 272.4678 13.17647567213950
ONEWEB-0394             
1 50474U 21132F   26136.30586858  .00000016  00000+0  88257-5 0  9991
2 50474  87.9176 341.7860 0002087  91.0971 269.0400 13.18686288217397
ONEWEB-0395             
1 50475U 21132G   26136.42757352 -.00000319  00000+0 -93530-3 0  9990
2 50475  87.8913  27.3860 0001733  87.6095 272.5231 13.11415938211556
ONEWEB-0396             
1 50476U 21132H   26136.52675069  .00000017  00000+0  10165-4 0  9993
2 50476  87.9175 341.7544 0002021  89.0832 271.0531 13.18687156217469
ONEWEB-0397             
1 50477U 21132J   26136.54192785  .00000011  00000+0 -55824-5 0  9992
2 50477  87.9177 341.7517 0002099  86.6319 273.5054 13.18687080217441
ONEWEB-0398             
1 50478U 21132K   26136.39537252  .00000062  00000+0  14019-3 0  9992
2 50478  87.8923  27.3802 0001604  84.8017 275.3294 13.11412822211443
ONEWEB-0399             
1 50479U 21132L   26136.30551093  .00000512  00000+0  14099-2 0  9990
2 50479  87.8922  27.4083 0002275  88.1653 271.9735 13.11414930211425
ONEWEB-0400             
1 50480U 21132M   26135.98885984  .00000078  00000+0  16619-3 0  9992
2 50480  87.9177 341.8512 0001661  89.1699 270.9623 13.18687368217367
ONEWEB-0401             
1 50481U 21132N   26136.26202795 -.00000231  00000+0 -61927-3 0  9993
2 50481  87.9179 341.7939 0001988  80.7265 279.4092 13.18688237217405
ONEWEB-0402             
1 50482U 21132P   26136.30080042  .00000069  00000+0  14293-3 0  9999
2 50482  87.9177 341.7758 0002167  78.0153 282.1222 13.18685579217434
ONEWEB-0403             
1 50483U 21132Q   26136.40196888 -.00000019  00000+0 -80138-4 0  9996
2 50483  87.9175 341.7799 0001911  90.7108 269.4243 13.18687033217400
ONEWEB-0404             
1 50484U 21132R   26136.43945549  .00000212  00000+0  56207-3 0  9998
2 50484  87.8920  27.3817 0001963  89.4124 270.7228 13.11417157211533
ONEWEB-0405             
1 50485U 21132S   26136.49132355  .00000005  00000+0 -19523-4 0  9990
2 50485  87.9182 341.7456 0001399  91.1268 269.0025 13.18684510217818
ONEWEB-0406             
1 50486U 21132T   26136.33116181 -.00000081  00000+0 -23709-3 0  9998
2 50486  87.9166 341.7973 0002233  99.2678 260.8707 13.18686697217428
ONEWEB-0407             
1 50487U 21132U   26136.55202441 -.00000599  00000+0 -15524-2 0  9997
2 50487  87.9175 341.7430 0001733  80.5080 279.6248 13.18688618217390
ONEWEB-0409             
1 50488U 21132V   26136.43775889  .00000197  00000+0  51906-3 0  9993
2 50488  87.8923  27.3688 0001807  89.6475 270.4861 13.11418728211427
ONEWEB-0412             
1 50489U 21132W   26136.54023845  .00000032  00000+0  48874-4 0  9993
2 50489  87.9173 341.7546 0002061  80.6640 279.4725 13.18686585217485
ONEWEB-0413             
1 50490U 21132X   26136.31766541  .00000038  00000+0  62765-4 0  9998
2 50490  87.9166 341.8002 0001961  78.7283 281.4069 13.18686216217391
ONEWEB-0414             
1 50491U 21132Y   26136.30248174 -.00000058  00000+0 -17956-3 0  9990
2 50491  87.9174 341.7815 0002071  86.0459 274.0910 13.18685884217429
ONEWEB-0417             
1 50492U 21132Z   26136.53855294  .00000035  00000+0  56771-4 0  9995
2 50492  87.9169 341.7570 0001919  94.2382 265.8969 13.18687080217431
ONEWEB-0418             
1 50493U 21132AA  26136.54851283 -.00000039  00000+0 -13084-3 0  9996
2 50493  87.9177 341.7518 0001932  95.5430 264.5923 13.18684568217496
ONEWEB-0419             
1 50494U 21132AB  26136.11134415  .00000081  00000+0  17248-3 0  9992
2 50494  87.9177 341.8386 0001755  94.6164 265.5169 13.18664454217358
ONEWEB-0420             
1 50495U 21132AC  26136.53179311  .00000029  00000+0  40981-4 0  9996
2 50495  87.9166 341.7605 0001755  81.1915 278.9416 13.18686827217402
ONEWEB-0421             
1 50496U 21132AD  26136.52504878  .00000081  00000+0  17357-3 0  9994
2 50496  87.9168 341.7584 0002278  85.0474 275.0918 13.18685208217446
ONEWEB-0424             
1 50497U 21132AE  26136.25865789 -.00000031  00000+0 -11060-3 0  9998
2 50497  87.9175 341.8082 0001574  94.8510 265.2802 13.18687249217435
ONEWEB-0426             
1 50498U 21132AF  26136.52086285 -.00005385  00000+0 -13694-1 0  9995
2 50498  87.9178 341.7462 0002260  96.8187 263.3203 13.18710677217419
ONEWEB-0427             
1 50499U 21132AG  26136.33283531  .00000114  00000+0  25730-3 0  9997
2 50499  87.9177 341.7729 0001978  93.0668 267.0690 13.18686601217413
ONEWEB-0429             
1 50500U 21132AH  26136.31935208  .00000046  00000+0  83939-4 0  9993
2 50500  87.9170 341.8025 0001756  82.2587 277.8745 13.18688206217382
ONEWEB-0430             
1 50501U 21132AJ  26136.53517298  .00000005  00000+0 -20588-4 0  9990
2 50501  87.9170 341.7578 0001589  85.3896 274.7418 13.18685347217450
ONEWEB-0432             
1 50502U 21132AK  26136.26478226  .00000054  00000+0  10401-3 0  9993
2 50502  87.9178 341.7829 0001361 102.1850 257.9435 13.18712909217372
ONEWEB-0440             
1 50503U 21132AL  26136.32778995  .00000008  00000+0 -13527-4 0  9990
2 50503  87.9177 341.7927 0002055  79.2481 280.8883 13.18687725217375
ONEWEB-0450             
1 50504U 21132AM  26136.32118303 -.00000003  00000+0 -39276-4 0  9997
2 50504  87.9167 341.8024 0001711  80.9543 279.1783 13.18686500217404
ONEWEB-0410             
1 51622U 22012A   26136.62783820  .00000017  00000+0  10916-4 0  9995
2 51622  87.9171  12.1288 0002853 106.1222 254.0223 13.17649918209542
ONEWEB-0411             
1 51623U 22012B   26136.47735455  .00000025  00000+0  36406-4 0  9991
2 51623  87.8865  42.5757 0001355  71.4563 288.6712 13.10375854205133
ONEWEB-0415             
1 51624U 22012C   26136.47403462 -.00000196  00000+0 -59845-3 0  9994
2 51624  87.8861  42.5770 0001648  79.4288 280.7025 13.10376036205135
ONEWEB-0416             
1 51625U 22012D   26136.48566038  .00000474  00000+0  13219-2 0  9996
2 51625  87.8857  42.5936 0001551  88.0104 272.1201 13.10375521205174
ONEWEB-0422             
1 51626U 22012E   26136.63795990  .00000048  00000+0  91252-4 0  9997
2 51626  87.9170  12.1288 0001970  63.7015 296.4319 13.17648361209651
ONEWEB-0423             
1 51627U 22012F   26136.63120816  .00000030  00000+0  43129-4 0  9998
2 51627  87.9164  12.1373 0001965  84.2544 275.8811 13.17647436209547
ONEWEB-0425             
1 51628U 22012G   26136.26656705  .00000622  00000+0  17442-2 0  9993
2 51628  87.8856  42.6199 0002172  86.2300 273.9076 13.10372737205148
ONEWEB-0428             
1 51629U 22012H   26136.47569428 -.00000078  00000+0 -25889-3 0  9994
2 51629  87.8859  42.5860 0001928  77.4637 282.6706 13.10376252205131
ONEWEB-0431             
1 51630U 22012J   26136.44566884 -.00000312  00000+0 -92893-3 0  9996
2 51630  87.8856  42.5838 0001346  65.4706 294.6562 13.10370309205188
ONEWEB-0434             
1 51631U 22012K   26136.49908715  .00000642  00000+0  18039-2 0  9998
2 51631  87.8858  42.5973 0002428  89.9316 270.2090 13.10371422205173
ONEWEB-0435             
1 51632U 22012L   26136.27816668  .00000406  00000+0  11266-2 0  9993
2 51632  87.8849  42.6298 0001930  72.9018 287.2321 13.10370344205136
ONEWEB-0436             
1 51633U 22012M   26136.62276959  .00000046  00000+0  85993-4 0  9996
2 51633  87.9170  12.1189 0001768  76.6022 283.5307 13.17648296209522
ONEWEB-0438             
1 51634U 22012N   26136.49064717  .00000541  00000+0  15147-2 0  9991
2 51634  87.8856  42.5895 0001999  83.3353 276.8002 13.10373548205196
ONEWEB-0439             
1 51635U 22012P   26136.49396564  .00000612  00000+0  17170-2 0  9997
2 51635  87.8855  42.5768 0002014  78.5627 281.5727 13.10373964205171
ONEWEB-0442             
1 51636U 22012Q   26136.61517302  .00000192  00000+0  46234-3 0  9994
2 51636  87.9163  12.1553 0002190  96.9865 263.1516 13.17649855209519
ONEWEB-0443             
1 51637U 22012R   26136.63458034  .00000046  00000+0  86467-4 0  9994
2 51637  87.9163  12.1531 0002173  79.3582 280.7795 13.17650292209564
ONEWEB-0444             
1 51638U 22012S   26136.48400294  .00000241  00000+0  65418-3 0  9992
2 51638  87.8857  42.5774 0002075  78.0887 282.0473 13.10375293205185
ONEWEB-0445             
1 51639U 22012T   26136.42922032  .00000478  00000+0  13336-2 0  9999
2 51639  87.8860  42.5737 0001662  81.6152 278.5164 13.10370279205181
ONEWEB-0446             
1 51640U 22012U   26136.48234272  .00000220  00000+0  59479-3 0  9993
2 51640  87.8861  42.5942 0001776  81.5116 278.6212 13.10375558205176
ONEWEB-0448             
1 51641U 22012V   26136.48731726  .00000539  00000+0  15089-2 0  9991
2 51641  87.8855  42.5903 0001986  77.4733 282.6617 13.10374848205141
ONEWEB-0449             
1 51642U 22012W   26136.26323531  .00000683  00000+0  19192-2 0  9998
2 51642  87.8861  42.6196 0002261  87.2779 272.8607 13.10373108205126
ONEWEB-0451             
1 51643U 22012X   26136.61939897  .00000017  00000+0  95998-5 0  9998
2 51643  87.9170  12.1164 0002125  87.0861 273.0514 13.17648013209500
ONEWEB-0452             
1 51644U 22012Y   26136.61770922  .00000070  00000+0  14789-3 0  9997
2 51644  87.9165  12.1566 0002182  82.4435 277.6945 13.17648538209511
ONEWEB-0456             
1 51646U 22012AA  26136.50231392  .00000645  00000+0  18122-2 0  9992
2 51646  87.8866  42.5563 0001902  73.4993 286.6343 13.10375847205197
ONEWEB-0457             
1 51647U 22012AB  26136.47887082  .00000110  00000+0  27817-3 0  9991
2 51647  87.8856  42.5825 0001705  90.5876 269.5447 13.10378691205194
ONEWEB-0458             
1 51648U 22012AC  26136.50060588  .00000597  00000+0  16753-2 0  9995
2 51648  87.8862  42.5634 0002054  80.5997 279.5363 13.10371665205159
ONEWEB-0461             
1 51649U 22012AD  26136.41184017  .00000110  00000+0  25024-3 0  9993
2 51649  87.9172  12.1721 0001744  85.7173 274.4158 13.17649482209706
ONEWEB-0463             
1 51650U 22012AE  26136.62108972  .00000064  00000+0  13274-3 0  9996
2 51650  87.9158  12.1561 0001756  86.9528 273.1805 13.17648702209512
ONEWEB-0464             
1 51651U 22012AF  26136.49728754  .00000621  00000+0  17436-2 0  9990
2 51651  87.8853  42.5884 0002078  72.8431 287.2924 13.10372032205173
ONEWEB-0468             
1 51652U 22012AG  26136.42757529  .00000503  00000+0  14043-2 0  9996
2 51652  87.8850  42.5966 0002086  70.6866 289.4487 13.10372660205141
ONEWEB-0473             
1 51653U 22012AH  26136.48898452  .00000468  00000+0  13039-2 0  9998
2 51653  87.8858  42.5857 0002011  76.9767 283.1585 13.10373978205150
ONEWEB-0474             
1 51654U 22012AJ  26136.48068000  .00000069  00000+0  16243-3 0  9995
2 51654  87.8867  42.5686 0002126  72.3260 287.8099 13.10375964205143
ONEWEB-0475             
1 51655U 22012AK  26136.63289774  .00000045  00000+0  82986-4 0  9998
2 51655  87.9166  12.1464 0002369  71.8619 288.2771 13.17648331209532
ONEWEB-0490             
1 54113U 22138A   26136.44317028  .00000051  00000+0  94806-4 0  9993
2 54113  87.9155 311.2940 0001726  86.0653 274.0677 13.19725524172647
ONEWEB-0492             
1 54114U 22138B   26136.24098927 -.00000055  00000+0 -17029-3 0  9993
2 54114  87.9147 311.3390 0001603  88.5610 271.5706 13.19725010172626
ONEWEB-0495             
1 54115U 22138C   26136.44632944  .00000092  00000+0  19702-3 0  9998
2 54115  87.9145 311.3003 0001754  69.1546 290.9774 13.19725769172638
ONEWEB-0497             
1 54116U 22138D   26136.23151362  .00000027  00000+0  36141-4 0  9991
2 54116  87.9150 311.3340 0001756  89.4585 270.6749 13.19725408172591
ONEWEB-0499             
1 54117U 22138E   26136.44238202  .00000023  00000+0  25650-4 0  9993
2 54117  87.9143 311.3023 0001894  84.2596 275.8752 13.19724505172633
ONEWEB-0500             
1 54118U 22138F   26136.44475093  .00000058  00000+0  11313-3 0  9993
2 54118  87.9154 311.2931 0001746  93.6280 266.5053 13.19726149172641
ONEWEB-0501             
1 54119U 22138G   26136.47476782  .00000012  00000+0 -19243-5 0  9996
2 54119  87.9155 311.2873 0001784  81.7023 278.4312 13.19725582172621
ONEWEB-0502             
1 54120U 22138H   26136.23308455  .00000032  00000+0  47554-4 0  9999
2 54120  87.9155 311.3244 0001912  83.9460 276.1890 13.19725781172614
ONEWEB-0503             
1 54121U 22138J   26136.44948817  .00000051  00000+0  95079-4 0  9991
2 54121  87.9157 311.2863 0002081  92.8933 267.2438 13.19725760172633
ONEWEB-0504             
1 54122U 22138K   26136.43684464  .00000063  00000+0  12474-3 0  9996
2 54122  87.9154 311.2942 0001942  85.1288 275.0066 13.19724956172643
ONEWEB-0505             
1 54123U 22138L   26136.43368781  .00000085  00000+0  18101-3 0  9995
2 54123  87.9158 311.2960 0001848  76.4917 283.6422 13.19724185172628
ONEWEB-0506             
1 54124U 22138M   26136.48423785  .00000002  00000+0 -28261-4 0  9996
2 54124  87.9155 311.2829 0001822  82.7827 277.3513 13.19725338172624
ONEWEB-0507             
1 54125U 22138N   26136.20150085  .00000096  00000+0  20750-3 0  9993
2 54125  87.9146 311.3541 0001737  84.9758 275.1573 13.19724972172635
ONEWEB-0508             
1 54126U 22138P   26136.19834205  .00000038  00000+0  61886-4 0  9997
2 54126  87.9147 311.3545 0001608  77.6357 282.4956 13.19726138172612
ONEWEB-0509             
1 54127U 22138Q   26136.24889348  .00000041  00000+0  69025-4 0  9999
2 54127  87.9160 311.3308 0001754  86.4467 273.6866 13.19726136172594
ONEWEB-0510             
1 54128U 22138R   26136.38990022 -.00000047  00000+0 -14690-3 0  9992
2 54128  87.9165 280.7772 0002145 109.5003 250.6363 13.20699952175083
ONEWEB-0511             
1 54129U 22138S   26136.24572224 -.00000011  00000+0 -60739-4 0  9995
2 54129  87.9156 311.3351 0002077  87.9174 272.2196 13.19724075172624
ONEWEB-0512             
1 54130U 22138T   26136.01037570 -.00000013  00000+0 -65222-4 0  9996
2 54130  87.9146 311.3893 0001949  82.0593 278.0761 13.19726696172560
ONEWEB-0513             
1 54131U 22138U   26136.48391608  .00000024  00000+0  27199-4 0  9994
2 54131  87.9152 311.2429 0002442  71.9721 288.1678 13.20266923172531
ONEWEB-0514             
1 54132U 22138V   26136.48107574  .00000039  00000+0  65863-4 0  9998
2 54132  87.9157 311.2857 0001861  94.5059 265.6287 13.19725887172646
ONEWEB-0515             
1 54133U 22138W   26136.37646869  .00000027  00000+0  35108-4 0  9998
2 54133  87.9173 280.7727 0001604 125.5570 234.5713 13.20813432175108
ONEWEB-0516             
1 54134U 22138X   26136.22835542 -.00000035  00000+0 -12039-3 0  9999
2 54134  87.9147 311.3461 0001664  88.9893 271.1430 13.19726001172611
ONEWEB-0517             
1 54135U 22138Y   26136.43526787  .00000083  00000+0  17601-3 0  9992
2 54135  87.9154 311.2951 0002094  92.6562 267.4810 13.19725823172640
ONEWEB-0518             
1 54136U 22138Z   26136.45422125 -.00000024  00000+0 -93382-4 0  9994
2 54136  87.9147 311.3026 0001659  87.2258 272.9065 13.19724612172643
ONEWEB-0519             
1 54137U 22138AA  26136.17621981  .00000047  00000+0  85653-4 0  9990
2 54137  87.9161 311.3457 0001991  92.0473 268.0888 13.19726313172616
ONEWEB-0520             
1 54138U 22138AB  26136.43843416  .00000069  00000+0  13925-3 0  9995
2 54138  87.9155 311.2945 0001775  81.7708 278.3626 13.19725743172639
ONEWEB-0521             
1 54139U 22138AC  26136.24414551  .00000077  00000+0  16043-3 0  9992
2 54139  87.9155 311.3215 0002057  95.7365 264.4002 13.19725717172555
ONEWEB-0522             
1 54140U 22138AD  26136.45106728  .00000005  00000+0 -19241-4 0  9997
2 54140  87.9156 311.2822 0001844  86.4041 273.7302 13.19725788172624
ONEWEB-0523             
1 54141U 22138AE  26136.43876309 -.00000519  00000+0 -13060-2 0  9997
2 54141  87.9156 280.7709 0002351 116.9275 243.2099 13.20918702175115
ONEWEB-0524             
1 54142U 22138AF  26136.35288027  .00004434  00000+0  10868-1 0  9993
2 54142  87.9165 280.7860 0001419 118.1720 241.9557 13.20775623175103
ONEWEB-0525             
1 54143U 22138AG  26136.24257108 -.00000016  00000+0 -71415-4 0  9990
2 54143  87.9155 311.3328 0001751  82.7808 277.3523 13.19727581172612
ONEWEB-0526             
1 54144U 22138AH  26136.42736423  .00000081  00000+0  16967-3 0  9993
2 54144  87.9156 311.2958 0001700  89.6050 270.5278 13.19724182172617
ONEWEB-0529             
1 54145U 22138AJ  26136.43052991  .00000061  00000+0  12017-3 0  9996
2 54145  87.9146 311.3064 0001737  84.6123 275.5208 13.19725911172633
ONEWEB-0531             
1 54146U 22138AK  26136.64243513  .00000797  00000+0  19308-2 0  9997
2 54146  87.9165 280.7268 0001985 124.9269 235.2051 13.20706107175140
ONEWEB-0535             
1 54147U 22138AL  26136.23625473  .00000002  00000+0 -28313-4 0  9990
2 54147  87.9155 311.3275 0001966 101.3245 258.8108 13.19725318172628
ONEWEB-0536             
1 54148U 22138AM  26136.62896668  .00000023  00000+0  25025-4 0  9999
2 54148  87.9153 280.7551 0001884 129.6855 230.4445 13.20812419175132
ONEWEB-0527             
1 54642U 22166A   26136.60533666  .00000026  00000+0  32297-4 0  9995
2 54642  87.9244 250.2797 0001907 101.7493 258.3855 13.21827939167365
ONEWEB-0528             
1 54643U 22166B   26136.61123252 -.00000004  00000+0 -41370-4 0  9993
2 54643  87.9246 250.2828 0001803  95.2587 264.8753 13.21825769167378
ONEWEB-0539             
1 54644U 22166C   26136.57422995  .00000118  00000+0  25326-3 0  9991
2 54644  87.9251 250.2602 0002196  97.9257 262.2126 13.21824860167360
ONEWEB-0540             
1 54645U 22166D   26136.35400474  .00000025  00000+0  30111-4 0  9992
2 54645  87.9246 250.3363 0002062  99.6049 260.5318 13.21824433167326
ONEWEB-0542             
1 54646U 22166E   26136.58432064  .00000010  00000+0 -68254-5 0  9993
2 54646  87.9255 250.2562 0002274  98.3588 261.7803 13.21824647167369
ONEWEB-0545             
1 54647U 22166F   26136.54900736  .00000031  00000+0  43587-4 0  9999
2 54647  87.9246 250.2777 0002481  99.9443 260.1971 13.21826252167324
ONEWEB-0580             
1 54648U 22166G   26136.59946342  .00000054  00000+0  10019-3 0  9996
2 54648  87.9247 250.2675 0002350 103.5695 256.5701 13.21825593167371
ONEWEB-0582             
1 54649U 22166H   26136.56581316  .00000164  00000+0  36516-3 0  9992
2 54649  87.9242 250.2665 0002443 101.4855 258.6554 13.21824837167340
ONEWEB-0583             
1 54650U 22166J   26136.35050054 -.00000025  00000+0 -93151-4 0  9998
2 54650  87.9245 250.3330 0002111 100.5659 259.5713 13.21824501167322
ONEWEB-0584             
1 54651U 22166K   26136.59777023  .00000036  00000+0  56845-4 0  9996
2 54651  87.9245 250.2699 0002083 102.4508 257.6859 13.21828471167344
ONEWEB-0585             
1 54652U 22166L   26136.54562544  .00000019  00000+0  14859-4 0  9992
2 54652  87.9248 250.2661 0001807 100.1068 260.0270 13.21824132167341
ONEWEB-0586             
1 54653U 22166M   26136.55908996  .00000140  00000+0  30826-3 0  9995
2 54653  87.9245 250.2892 0002164  99.0993 261.0386 13.21827012167344
ONEWEB-0587             
1 54654U 22166N   26136.56918591  .00000076  00000+0  15293-3 0  9998
2 54654  87.9257 250.2577 0001608 100.3469 259.7846 13.21826566167500
ONEWEB-0589             
1 54655U 22166P   26136.32863811  .00000054  00000+0  10009-3 0  9993
2 54655  87.9242 250.3219 0002845 103.7842 256.3609 13.21827029167331
ONEWEB-0590             
1 54656U 22166Q   26136.58081849 -.00000011  00000+0 -57340-4 0  9990
2 54656  87.9253 250.2590 0002108 114.3747 245.7607 13.21823920167357
ONEWEB-0591             
1 54657U 22166R   26136.59272770 -.00000037  00000+0 -12017-3 0  9996
2 54657  87.9244 250.2738 0001996 102.4856 257.6501 13.21824730167383
ONEWEB-0592             
1 54658U 22166S   26136.59609203 -.00000071  00000+0 -20344-3 0  9992
2 54658  87.9253 250.2483 0001989 100.6210 259.5148 13.21824588167263
ONEWEB-0593             
1 54659U 22166T   26136.54226919  .00000065  00000+0  12687-3 0  9999
2 54659  87.9247 250.2729 0002099  97.5629 262.5744 13.21826103167363
ONEWEB-0594             
1 54660U 22166U   26136.56245317  .00000140  00000+0  30676-3 0  9998
2 54660  87.9243 250.2858 0001889  99.8367 260.2980 13.21827353167381
ONEWEB-0595             
1 54661U 22166V   26136.61459799 -.00000013  00000+0 -63005-4 0  9990
2 54661  87.9254 250.2535 0001753 103.8164 256.3166 13.21825479167364
ONEWEB-0596             
1 54662U 22166W   26136.58936496  .00000013  00000+0  10302-5 0  9992
2 54662  87.9245 250.2720 0001887 101.9666 258.1680 13.21824750167367
ONEWEB-0597             
1 54663U 22166X   26136.57085723  .00000134  00000+0  29326-3 0  9998
2 54663  87.9243 250.2792 0002102  99.5915 260.5457 13.21824725167366
ONEWEB-0600             
1 54664U 22166Y   26136.55236315  .00000107  00000+0  22691-3 0  9990
2 54664  87.9245 250.2743 0002023  94.1487 265.9878 13.21827055167334
ONEWEB-0601             
1 54665U 22166Z   26136.54394878  .00000087  00000+0  17891-3 0  9992
2 54665  87.9244 250.2924 0002239 101.2035 258.9350 13.21827351167520
ONEWEB-0602             
1 54666U 22166AA  26136.58514142 -.00000271  00000+0 -68669-3 0  9991
2 54666  87.9242 250.2904 0002121  93.1913 266.9463 13.21826161167376
ONEWEB-0603             
1 54667U 22166AB  26136.59104602 -.00000045  00000+0 -14014-3 0  9993
2 54667  87.9255 250.2430 0002061  98.7726 261.3641 13.21824448167307
ONEWEB-0604             
1 54668U 22166AC  26136.57927553  .00000064  00000+0  12464-3 0  9996
2 54668  87.9255 250.2608 0001924 100.2264 259.9087 13.21824788167267
ONEWEB-0605             
1 54669U 22166AD  26136.57252691 -.00000212  00000+0 -54393-3 0  9995
2 54669  87.9244 250.2780 0002526 110.2553 249.8853 13.21825968167336
ONEWEB-0606             
1 54670U 22166AE  26136.59441036  .00000013  00000+0 -82489-6 0  9990
2 54670  87.9245 250.2865 0001783 100.6853 259.4482 13.21824564167395
ONEWEB-0607             
1 54671U 22166AF  26136.56077334  .00000052  00000+0  94493-4 0  9992
2 54671  87.9252 250.2618 0002075  96.8812 263.2558 13.21827071167366
ONEWEB-0608             
1 54672U 22166AG  26136.56749248  .00000158  00000+0  35009-3 0  9997
2 54672  87.9254 250.2561 0002503 103.6793 256.4620 13.21823643167373
ONEWEB-0610             
1 54673U 22166AH  26136.54731768  .00000043  00000+0  71949-4 0  9991
2 54673  87.9246 250.2778 0002611  98.1962 261.9468 13.21826189167279
ONEWEB-0611             
1 54674U 22166AJ  26136.61627897  .00000019  00000+0  13994-4 0  9996
2 54674  87.9245 250.2602 0001851 101.7847 258.3494 13.21825994167275
ONEWEB-0612             
1 54675U 22166AK  26136.55403961  .00000098  00000+0  20687-3 0  9997
2 54675  87.9256 250.2645 0002172 100.9937 259.1442 13.21827432167252
ONEWEB-0615             
1 54676U 22166AL  26136.60954860 -.00000038  00000+0 -12472-3 0  9992
2 54676  87.9247 250.2709 0001715  96.1014 264.0316 13.21825101167276
ONEWEB-0655             
1 54677U 22166AM  26136.58600229  .00000058  00000+0  10772-3 0  9998
2 54677  87.9246 250.2773 0002087  93.6158 266.5214 13.21825039167264
ONEWEB-0659             
1 54678U 22166AN  26136.60282426  .00000020  00000+0  17276-4 0  9993
2 54678  87.9244 250.2740 0001923 102.3811 257.7538 13.21826713167350
ONEWEB-0685             
1 54679U 22166AP  26136.60298761 -.00000017  00000+0 -73119-4 0  9999
2 54679  87.9243 250.2669 0002155  95.6352 264.5028 13.21818088167246
ONEWEB-0712             
1 54680U 22166AQ  26136.52127153 -.00000019  00000+0 -82512-4 0  9997
2 54680  87.9105 235.0610 0002132  88.1872 271.9503 13.16595841167895
ONEWEB-0714             
1 54681U 22166AR  26136.60787372 -.00000013  00000+0 -64066-4 0  9990
2 54681  87.9246 250.2626 0002056  94.5199 265.6170 13.21826575167365
ONEWEB-0532             
1 55140U 23004A   26136.36796110  .00000094  00000+0  20818-3 0  9999
2 55140  87.9166  12.1911 0001911  94.1427 265.9923 13.17650044163397
ONEWEB-0533             
1 55141U 23004B   26136.36156326  .00000361  00000+0  96719-3 0  9999
2 55141  87.8972 356.9983 0001992  84.0903 276.0453 13.12444720163888
ONEWEB-0541             
1 55142U 23004C   26136.44285414  .00000415  00000+0  11358-2 0  9995
2 55142  87.8928  27.3698 0001676  82.7974 277.3345 13.11417178161781
ONEWEB-0543             
1 55143U 23004D   26136.52337001  .00000058  00000+0  11543-3 0  9995
2 55143  87.9165 341.7730 0001890  79.7286 280.4060 13.18686767165520
ONEWEB-0544             
1 55144U 23004E   26136.51661989  .00000039  00000+0  66674-4 0  9995
2 55144  87.9169 341.7741 0001662  82.8445 277.2876 13.18684774165521
ONEWEB-0560             
1 55145U 23004F   26136.28224567  .00000109  00000+0  24413-3 0  9999
2 55145  87.9172 341.8099 0001616  78.9524 281.1790 13.18684756165503
ONEWEB-0565             
1 55146U 23004G   26136.27549632  .00000154  00000+0  35854-3 0  9993
2 55146  87.9162 341.8422 0001396  93.3165 266.8127 13.18685507165497
ONEWEB-0567             
1 55147U 23004H   26136.11700068  .00000071  00000+0  14825-3 0  9992
2 55147  87.9166 341.8556 0001466  86.3722 273.7578 13.18684983165471
ONEWEB-0569             
1 55148U 23004J   26136.24205261 -.00000265  00000+0 -76186-3 0  9997
2 55148  87.8951 326.5821 0001096  64.5174 295.6069 13.13471518165983
ONEWEB-0570             
1 55149U 23004K   26136.26034303  .00000043  00000+0  75066-4 0  9996
2 55149  87.9166 341.8248 0001829 101.2547 258.8791 13.18687486165489
ONEWEB-0571             
1 55150U 23004L   26136.32947328 -.00000033  00000+0 -11738-3 0  9991
2 55150  87.9167 341.8103 0000604  96.9645 263.1556 13.18687306165503
ONEWEB-0572             
1 55151U 23004M   26136.62614648  .00000105  00000+0  23662-3 0  9998
2 55151  87.9161  12.1411 0001616  85.2196 274.9120 13.17649356163321
ONEWEB-0573             
1 55152U 23004N   26136.55035058 -.00000039  00000+0 -13213-3 0  9992
2 55152  87.9167 341.7674 0000968  97.5899 262.5343 13.18685787165528
ONEWEB-0588             
1 55153U 23004P   26136.31597630  .00000046  00000+0  84536-4 0  9999
2 55153  87.9165 341.8148 0001777 104.5267 255.6063 13.18686325165498
ONEWEB-0598             
1 55154U 23004Q   26136.42080112 -.00000424  00000+0 -12327-2 0  9993
2 55154  87.8919  27.3877 0001184  67.8082 292.3172 13.11419748161736
ONEWEB-0599             
1 55155U 23004R   26136.20765259  .00000020  00000+0  17917-4 0  9994
2 55155  87.9163  12.2228 0001808  75.3287 284.8045 13.17650508163279
ONEWEB-0614             
1 55156U 23004S   26136.41570231 -.00000504  00000+0 -14578-2 0  9999
2 55156  87.8918  27.3974 0001973  86.2280 273.9073 13.11415506161672
ONEWEB-0616             
1 55157U 23004T   26136.62952755  .00000027  00000+0  36764-4 0  9999
2 55157  87.9163  12.1419 0002240  58.8081 301.3270 13.17648291163542
ONEWEB-0617             
1 55158U 23004U   26136.63272707 -.00000265  00000+0 -78450-3 0  9996
2 55158  87.8918  27.3442 0001936  94.0646 266.0704 13.11414174161726
ONEWEB-0618             
1 55159U 23004V   26136.17988852  .00003414  00000+0  19182-3 0  9995
2 55159  86.9111 190.6204 0014716  62.1558 298.1171 15.12871877177428
ONEWEB-0619             
1 55160U 23004W   26136.35784342  .00000028  00000+0  38563-4 0  9998
2 55160  87.9174  12.1741 0002272  84.3843 275.7548 13.17648639163404
ONEWEB-0620             
1 55161U 23004X   26136.62764765 -.00000003  00000+0 -45544-4 0  9998
2 55161  87.8912  27.3555 0001560  83.6051 276.5254 13.11413878161698
ONEWEB-0621             
1 55162U 23004Y   26136.42587158 -.00000349  00000+0 -10210-2 0  9999
2 55162  87.8929  27.3811 0002021  86.6202 273.5157 13.11416276161645
ONEWEB-0622             
1 55163U 23004Z   26136.20206821 -.00000035  00000+0 -13388-3 0  9993
2 55163  87.8930  27.4280 0001856 103.4935 256.6400 13.11417511161607
ONEWEB-0623             
1 55164U 23004AA  26136.35277115  .00000039  00000+0  68398-4 0  9998
2 55164  87.9160  12.2092 0002358  98.4585 261.6814 13.17650274163393
ONEWEB-0624             
1 55165U 23004AB  26136.11088582 -.00000174  00000+0 -51524-3 0  9995
2 55165  87.8966 356.9689 0001925  88.4367 271.6982 13.12927957163862
ONEWEB-0625             
1 55166U 23004AC  26136.34265805  .00000017  00000+0  98780-5 0  9997
2 55166  87.9161  12.2062 0001951  78.6102 281.5249 13.17648268163388
ONEWEB-0626             
1 55167U 23004AD  26136.63626360  .00000040  00000+0  70753-4 0  9992
2 55167  87.9160  12.1474 0001381  81.6798 278.4490 13.17649804163421
ONEWEB-0627             
1 55168U 23004AE  26136.62445684  .00000046  00000+0  86080-4 0  9996
2 55168  87.9163  12.1501 0002189  94.7250 265.4132 13.17649928163427
ONEWEB-0628             
1 55169U 23004AF  26136.61413021  .00000187  00000+0  48368-3 0  9998
2 55169  87.8965 356.9309 0002343  96.2231 263.9165 13.12440447163890
ONEWEB-0629             
1 55170U 23004AG  26136.59999628  .00000007  00000+0 -15982-4 0  9998
2 55170  87.9161  12.1512 0002156  82.5833 277.5544 13.17648985163429
ONEWEB-0631             
1 55171U 23004AH  26136.53686896  .00000053  00000+0  10081-3 0  9997
2 55171  87.9175 341.7338 0001506 100.4254 259.7048 13.18687047165502
ONEWEB-0709             
1 55172U 23004AJ  26136.61748793  .00000392  00000+0  10691-2 0  9994
2 55172  87.8912  27.3599 0001008  66.8799 293.2435 13.11415091161738
ONEWEB-0710             
1 55173U 23004AK  26136.61434111  .00000038  00000+0  64250-4 0  9990
2 55173  87.9160  12.1437 0001874  88.2272 271.9074 13.17648749163427
ONEWEB-0711             
1 55174U 23004AL  26136.43607326  .00000066  00000+0  14909-3 0  9997
2 55174  87.8917  27.3822 0002161 100.2298 259.9074 13.11417051161671
ONEWEB-0713             
1 55175U 23004AM  26136.45471776  .00000515  00000+0  14164-2 0  9999
2 55175  87.8920  27.3797 0001977  92.3238 267.8117 13.11415602161661
ONEWEB-0715             
1 55176U 23004AN  26136.44963066  .00000462  00000+0  12688-2 0  9997
2 55176  87.8925  27.3814 0001161  86.7545 273.3716 13.11415998161700
ONEWEB-0716             
1 55177U 23004AP  26136.60759082  .00000007  00000+0 -13917-4 0  9991
2 55177  87.9163  12.1472 0001913  76.2994 283.8350 13.17648643163427
ONEWEB-0717             
1 55178U 23004AQ  26136.36290077  .00000073  00000+0  15459-3 0  9993
2 55178  87.9174  12.1804 0002038 102.0075 258.1285 13.17650406163440
ONEWEB-0719             
1 55179U 23004AR  26136.60084168  .00000002  00000+0 -27752-4 0  9996
2 55179  87.9172  12.1140 0002023  79.5082 280.6277 13.17648477163426
ONEWEB-0530             
1 55796U 23029A   26136.65086816  .00000080  00000+0  16474-3 0  9998
2 55796  87.9155 280.7616 0002254 105.7178 254.4204 13.20841748156989
ONEWEB-0534             
1 55797U 23029B   26136.63904929  .00001525  00000+0  37208-2 0  9993
2 55797  87.9161 280.7638 0001704  94.8983 265.2345 13.20742491156983
ONEWEB-0556             
1 55798U 23029C   26136.64578119  .00002673  00000+0  65482-2 0  9993
2 55798  87.9160 280.7636 0002445  86.2899 273.8514 13.20695367156987
ONEWEB-0562             
1 55799U 23029D   26136.63236093  .00000052  00000+0  95705-4 0  9997
2 55799  87.9154 280.7462 0002750 101.1598 258.9844 13.20783141156988
ONEWEB-0563             
1 55800U 23029E   26136.62724017  .00003241  00000+0  79500-2 0  9993
2 55800  87.9155 280.7776 0001695  91.6782 268.4546 13.20648201156976
ONEWEB-0564             
1 55801U 23029F   26136.54478291 -.00000052  00000+0 -15975-3 0  9991
2 55801  87.9162 280.7679 0002262 100.6243 259.5145 13.20677461156977
ONEWEB-0638             
1 55802U 23029G   26136.42359152  .00000221  00000+0  56073-3 0  9993
2 55802  87.8925 296.0913 0002330  89.8693 270.2703 13.14504561155228
ONEWEB-0639             
1 55803U 23029H   26136.41632341  .00000039  00000+0  65878-4 0  9998
2 55803  87.9147 311.3116 0001411  58.7394 301.3877 13.19725600154719
ONEWEB-0640             
1 55804U 23029J   26136.43310982  .00000235  00000+0  59960-3 0  9997
2 55804  87.8923 296.0804 0002295  80.7191 279.4198 13.14503986155241
ONEWEB-0641             
1 55805U 23029K   26136.48739425 -.00000001  00000+0 -34902-4 0  9993
2 55805  87.9149 311.2846 0001680  88.6231 271.5094 13.19726178154734
ONEWEB-0642             
1 55806U 23029L   26136.17938419 -.00000014  00000+0 -67030-4 0  9996
2 55806  87.9148 311.3596 0001230  68.1050 292.0214 13.19725745154685
ONEWEB-0643             
1 55807U 23029M   26136.02239861 -.00000111  00000+0 -33259-3 0  9999
2 55807  87.8923 296.1492 0001140  87.9042 272.2218 13.14503607155165
ONEWEB-0644             
1 55808U 23029N   26136.47790862 -.00000020  00000+0 -81284-4 0  9993
2 55808  87.9147 311.3020 0001481  84.3900 275.7402 13.19726263154728
ONEWEB-0645             
1 55809U 23029P   26136.19676278  .00000085  00000+0  18039-3 0  9993
2 55809  87.9144 311.3550 0001878  76.9119 283.2223 13.19726468154680
ONEWEB-0646             
1 55810U 23029Q   26136.44159230  .00000075  00000+0  15576-3 0  9999
2 55810  87.9143 311.3061 0001573  85.9523 274.1789 13.19724767154708
ONEWEB-0648             
1 55811U 23029R   26136.44739558  .00000115  00000+0  27559-3 0  9996
2 55811  87.8935 296.0350 0001648  64.3797 295.7503 13.14503272155226
ONEWEB-0649             
1 55812U 23029S   26136.23941156 -.00000031  00000+0 -10945-3 0  9993
2 55812  87.9147 311.3443 0001751  82.5605 277.5726 13.19725393154715
ONEWEB-0650             
1 55813U 23029T   26136.23467407 -.00000002  00000+0 -36130-4 0  9999
2 55813  87.9146 311.3478 0001486  80.1271 280.0030 13.19725204154685
ONEWEB-0652             
1 55814U 23029U   26136.42836771  .00000198  00000+0  49981-3 0  9996
2 55814  87.8927 296.0480 0001857 100.2896 259.8444 13.14503115155193
ONEWEB-0653             
1 55815U 23029V   26136.41247748  .00001937  00000+0  51871-2 0  9998
2 55815  87.8928 296.0479 0002108  94.3701 265.7669 13.14522540155223
ONEWEB-0654             
1 55816U 23029W   26136.40773392 -.00000024  00000+0 -99364-4 0  9996
2 55816  87.8930 296.0445 0002148 101.0390 259.0981 13.14501241155244
ONEWEB-0656             
1 55817U 23029X   26136.38654660  .00000042  00000+0  70222-4 0  9990
2 55817  87.9167 280.7711 0002249 105.5671 254.5710 13.20732949156954
ONEWEB-0657             
1 55818U 23029Y   26136.22993713  .00000022  00000+0  21525-4 0  9999
2 55818  87.9147 311.3474 0001752 114.8120 245.3195 13.19725511154699
ONEWEB-0658             
1 55819U 23029Z   26136.45264913  .00000000  00000+0 -32798-4 0  9999
2 55819  87.9157 311.2759 0001447  82.0249 278.1047 13.19725713154734
ONEWEB-0660             
1 55820U 23029AA  26136.15717316 -.00000143  00000+0 -41936-3 0  9990
2 55820  87.8937 296.0858 0001882  85.2729 274.8615 13.14501218155194
ONEWEB-0661             
1 55821U 23029AB  26136.42042196  .00000197  00000+0  49622-3 0  9995
2 55821  87.8926 296.0828 0001944  87.2149 272.9203 13.14504330155210
ONEWEB-0662             
1 55822U 23029AC  26136.37918770 -.00000025  00000+0 -10089-3 0  9997
2 55822  87.8924 296.0978 0001874  85.7659 274.3685 13.14504209155255
ONEWEB-0663             
1 55823U 23029AD  26136.64982683  .00000047  00000+0  84291-4 0  9991
2 55823  87.9169 280.7913 0001725  84.3782 275.7548 13.20867119156987
ONEWEB-0664             
1 55824U 23029AE  26136.44886456 -.00000004  00000+0 -41716-4 0  9991
2 55824  87.9153 280.8158 0002273  91.4628 268.6765 13.20840567156957
ONEWEB-0665             
1 55825U 23029AF  26136.41725963  .00000147  00000+0  36177-3 0  9994
2 55825  87.8924 296.0641 0001772  84.6733 275.4599 13.14503589155237
ONEWEB-0666             
1 55826U 23029AG  26136.44215756 -.00002426  00000+0 -59900-2 0  9994
2 55826  87.9103 280.8075 0002519 113.2753 246.8646 13.20880865156969
ONEWEB-0667             
1 55827U 23029AH  26136.36129133  .00000661  00000+0  15948-2 0  9990
2 55827  87.9173 280.7748 0001859  90.2820 269.8526 13.20735556156944
ONEWEB-0669             
1 55828U 23029AJ  26136.43199633  .00000026  00000+0  31194-4 0  9999
2 55828  87.9164 280.7754 0002370 102.4345 257.7054 13.20769742156956
ONEWEB-0670             
1 55829U 23029AK  26136.39505103 -.00000130  00000+0 -38573-3 0  9993
2 55829  87.8922 296.0860 0002149  88.2154 271.9221 13.14504378155250
ONEWEB-0671             
1 55830U 23029AL  26136.44790096  .00000049  00000+0  90246-4 0  9991
2 55830  87.9145 311.3048 0001877  85.7512 274.3835 13.19726307154717
ONEWEB-0672             
1 55831U 23029AM  26136.35119346  .00000023  00000+0  25318-4 0  9995
2 55831  87.9162 280.7839 0001983 105.7213 254.4139 13.20805298156945
ONEWEB-0673             
1 55832U 23029AN  26136.04591180  .00000041  00000+0  70026-4 0  9998
2 55832  87.9155 311.3742 0001939  87.3156 272.8199 13.19724213154666
ONEWEB-0674             
1 55833U 23029AP  26136.43946456  .00000206  00000+0  52093-3 0  9998
2 55833  87.8923 296.0544 0002166  89.2383 270.8995 13.14501706155246
ONEWEB-0675             
1 55834U 23029AQ  26136.44001042  .00000045  00000+0  81120-4 0  9998
2 55834  87.9145 311.3082 0001608  97.6137 262.5179 13.19725510154733
ONEWEB-0720             
1 55835U 23029AR  26136.43210590  .00000080  00000+0  16822-3 0  9993
2 55835  87.9145 311.3098 0001669  82.6869 277.4453 13.19725658154658
ONEWEB-0537             
1 56046U 23043A   26136.27587057  .00000136  00000+0  32261-3 0  9998
2 56046  87.9103 235.1075 0002006 107.6032 252.5318 13.16595712154760
ONEWEB-0538             
1 56047U 23043B   26136.57352972  .00000106  00000+0  24451-3 0  9997
2 56047  87.9105 235.0504 0001761 105.1616 254.9710 13.16595587154815
ONEWEB-0546             
1 56048U 23043C   26136.56086406  .00000138  00000+0  32775-3 0  9996
2 56048  87.9103 235.0526 0002297 118.5112 241.6250 13.16595626154807
ONEWEB-0547             
1 56049U 23043D   26136.60701525 -.00000014  00000+0 -65153-4 0  9990
2 56049  87.9244 250.2577 0001766  98.3669 261.7665 13.21827190154051
ONEWEB-0548             
1 56050U 23043E   26136.50941015  .00000125  00000+0  29443-3 0  9993
2 56050  87.9104 235.0600 0002418  96.7636 263.3771 13.16594099154797
ONEWEB-0549             
1 56051U 23043F   26136.60114108  .00000004  00000+0 -22440-4 0  9998
2 56051  87.9243 250.2666 0001587 103.7052 256.4258 13.21827418154052
ONEWEB-0550             
1 56052U 23043G   26136.58767257  .00000077  00000+0  15572-3 0  9991
2 56052  87.9245 250.2662 0002138  96.4785 263.6592 13.21824655154056
ONEWEB-0551             
1 56053U 23043H   26136.59143294 -.00000526  00000+0 -14303-2 0  9993
2 56053  87.8984 265.5242 0001489  97.6186 262.5113 13.15550724152247
ONEWEB-0552             
1 56054U 23043J   26136.58264049  .00000055  00000+0  10144-3 0  9990
2 56054  87.9245 250.2737 0001896  94.9091 265.2260 13.21824776154058
ONEWEB-0553             
1 56055U 23043K   26136.56719175  .00000110  00000+0  25448-3 0  9999
2 56055  87.9103 235.0524 0002288 110.2407 249.8970 13.16596043154813
ONEWEB-0554             
1 56056U 23043L   26136.55453196  .00000115  00000+0  26622-3 0  9997
2 56056  87.9100 235.0641 0002302  99.8474 260.2917 13.16595417154793
ONEWEB-0555             
1 56057U 23043M   26136.51654109  .00000079  00000+0  17286-3 0  9996
2 56057  87.9109 235.0589 0002319 115.4580 244.6791 13.16594640154798
ONEWEB-0557             
1 56058U 23043N   26136.53078010  .00000024  00000+0  28443-4 0  9998
2 56058  87.9101 235.0664 0003344 105.5151 254.6349 13.16595944154796
ONEWEB-0558             
1 56059U 23043P   26136.57588955  .00000115  00000+0  24700-3 0  9999
2 56059  87.9244 250.2689 0001621 105.4248 254.7066 13.21816879154069
ONEWEB-0559             
1 56060U 23043Q   26136.56412804  .00000139  00000+0  30482-3 0  9999
2 56060  87.9248 250.2654 0001780  97.0964 263.0373 13.21825740154076
ONEWEB-0566             
1 56061U 23043R   26136.55740548  .00000087  00000+0  17945-3 0  9999
2 56061  87.9248 250.2654 0001665  96.1422 263.9902 13.21825252154051
ONEWEB-0568             
1 56062U 23043S   26136.54818048  .00000112  00000+0  26024-3 0  9997
2 56062  87.9101 235.0532 0002138 108.7666 251.3697 13.16596380154819
ONEWEB-0574             
1 56063U 23043T   26136.55067687 -.00000017  00000+0 -72769-4 0  9998
2 56063  87.9257 250.2669 0002175 100.7806 259.3573 13.21825916154098
ONEWEB-0575             
1 56064U 23043U   26136.54185947  .00000015  00000+0  60376-5 0  9996
2 56064  87.9101 235.0509 0002473 103.9154 256.2252 13.16596093154807
ONEWEB-0576             
1 56065U 23043V   26136.52286781  .00000043  00000+0  78530-4 0  9994
2 56065  87.9107 235.0612 0002319 102.7482 257.3908 13.16596006154791
ONEWEB-0577             
1 56066U 23043W   26136.52919427 -.00000002  00000+0 -37792-4 0  9997
2 56066  87.9102 235.0576 0002781  99.4350 260.7095 13.16596019154828
ONEWEB-0578             
1 56067U 23043X   26136.61291758  .00000040  00000+0  64657-4 0  9998
2 56067  87.9249 250.2546 0002114 109.5206 250.6157 13.21825171154063
ONEWEB-0579             
1 56068U 23043Y   26136.60450437 -.00000006  00000+0 -47166-4 0  9999
2 56068  87.9254 250.2516 0001918  93.0865 267.0489 13.21824230154072
ONEWEB-0581             
1 56069U 23043Z   26136.53553445 -.00000064  00000+0 -20188-3 0  9993
2 56069  87.9105 235.0682 0002579  98.2683 261.8740 13.16595456154792
ONEWEB-0609             
1 56070U 23043AA  26136.61757568 -.00000396  00000+0 -10863-2 0  9992
2 56070  87.8977 265.5048 0001822 101.8066 258.3269 13.15547274152283
ONEWEB-0613             
1 56071U 23043AB  26136.61520486 -.00000138  00000+0 -39991-3 0  9998
2 56071  87.8978 265.5169 0001681  93.4058 266.7265 13.15545859152285
ONEWEB-0630             
1 56072U 23043AC  26136.61046335 -.00000037  00000+0 -13183-3 0  9998
2 56072  87.8978 265.4885 0001777  94.2747 265.8587 13.15549259152274
ONEWEB-0632             
1 56073U 23043AD  26136.60570567 -.00000044  00000+0 -14969-3 0  9998
2 56073  87.8981 265.5082 0002039  97.9370 262.1991 13.15550086152272
ONEWEB-0633             
1 56074U 23043AE  26136.59936150  .00000028  00000+0  40840-4 0  9999
2 56074  87.8990 265.4823 0001478  94.1242 266.0057 13.15549047152257
ONEWEB-0634             
1 56075U 23043AF  26136.58510293  .00000108  00000+0  25292-3 0  9997
2 56075  87.8982 265.5281 0001803 110.7267 249.4057 13.15549603152244
ONEWEB-0635             
1 56076U 23043AG  26136.35219304  .00000175  00000+0  43057-3 0  9995
2 56076  87.8990 265.5344 0002145  97.5723 262.5651 13.15548986152242
ONEWEB-0636             
1 56077U 23043AH  26136.64849386  .00000157  00000+0  38226-3 0  9999
2 56077  87.8982 265.4839 0002126  98.9008 261.2364 13.15548675152266
ONEWEB-0637             
1 56078U 23043AJ  26136.64215333  .00000077  00000+0  17065-3 0  9998
2 56078  87.8979 265.5023 0002153 106.8201 253.3166 13.15548848152289
ONEWEB-0647             
1 56079U 23043AK  26136.63738949  .00000043  00000+0  79355-4 0  9995
2 56079  87.8979 265.5153 0001919  94.2906 265.8444 13.15546592152275
ONEWEB-0651             
1 56080U 23043AL  26136.63264444  .00000070  00000+0  15303-3 0  9993
2 56080  87.8975 265.5104 0002137 101.7336 258.4035 13.15549347153471
ONEWEB-0718             
1 56081U 23043AM  26136.32367310 -.00000030  00000+0 -11445-3 0  9997
2 56081  87.8974 265.5524 0001614 114.1144 246.0155 13.15549027152246
ONEWEB-0561             
1 56710U 23068A   26136.30406196  .00000052  00000+0  96066-4 0  9992
2 56710  87.9165 280.8017 0002173  90.3181 269.8202 13.20784978145297
ONEWEB-0668             
1 56711U 23068B   26136.51018268  .00000100  00000+0  22909-3 0  9993
2 56711  87.9111 235.0606 0002079 116.5712 243.5632 13.16596722147618
ONEWEB-0676             
1 56712U 23068C   26136.51811725  .00000160  00000+0  38620-3 0  9996
2 56712  87.9106 235.0655 0002342  99.0482 261.0914 13.16595344147537
ONEWEB-0677             
1 56713U 23068D   26136.36806361  .00000031  00000+0  43050-4 0  9991
2 56713  87.9164 280.7808 0002212 105.1807 254.9571 13.20882398145604
ONEWEB-0678             
1 56714U 23068E   26136.59618961  .00000050  00000+0  97690-4 0  9994
2 56714  87.8988 265.4873 0001805  91.2176 268.9161 13.15550201145138
ONEWEB-0679             
1 56715U 23068F   26136.55293900  .00000120  00000+0  28033-3 0  9995
2 56715  87.9107 235.0496 0002474 111.1946 248.9449 13.16596098147568
ONEWEB-0680             
1 56716U 23068G   26136.60617968 -.00000017  00000+0 -72536-4 0  9991
2 56716  87.9255 250.2530 0002176 116.3441 243.7916 13.21823554146924
ONEWEB-0681             
1 56717U 23068H   26136.58683649  .00000007  00000+0 -15537-4 0  9994
2 56717  87.9249 250.2598 0002876  93.0810 267.0653 13.21824553146916
ONEWEB-0682             
1 56718U 23068J   26136.61995553 -.00000158  00000+0 -45459-3 0  9992
2 56718  87.8982 265.4837 0002142 114.1507 245.9848 13.15547029145304
ONEWEB-0683             
1 56719U 23068K   26136.64373013  .00000105  00000+0  24484-3 0  9992
2 56719  87.8991 265.4780 0001865 108.7075 251.4258 13.15547217145274
ONEWEB-0684             
1 56720U 23068L   26136.65164176  .00000094  00000+0  21663-3 0  9996
2 56720  87.8987 265.4672 0001105  55.0157 305.1077 13.15550344145106
ONEWEB-0686             
1 56721U 23068M   26136.51336740  .00000095  00000+0  21487-3 0  9995
2 56721  87.9098 235.0847 0001698 108.0441 252.0875 13.16596734147540
ONEWEB-0694             
1 56722U 23068N   26136.51968256  .00000099  00000+0  22536-3 0  9999
2 56722  87.9115 235.0415 0002101 114.2835 245.8516 13.16592840147601
ONEWEB-0696             
1 56723U 23068P   26136.60886206 -.00000087  00000+0 -26581-3 0  9997
2 56723  87.8978 265.5161 0001746  86.1894 273.9436 13.15550424145219
ONEWEB-0703             
1 56724U 23068Q   26136.61836904  .00000476  00000+0  12295-2 0  9995
2 56724  87.8981 265.4953 0002442  84.7106 275.4303 13.15543173145107
ONEWEB-0721             
1 56725U 23068R   26136.58999644  .00000023  00000+0  19881-4 0  9991
2 56725  86.6745  95.6006 0001984  81.7486 278.3872 13.22467067153762
ONEWEB-0015             
1 61594U 24188A   26136.64628834 -.00000437  00000+0 -12693-2 0  9995
2 61594  87.8920  27.3672 0002347  88.9997 271.1400 13.11415678 80329
ONEWEB-0687             
1 61595U 24188B   26136.41353506  .00000050  00000+0  96776-4 0  9997
2 61595  87.9154  12.1961 0001965  97.2555 262.8800 13.17649524 81711
ONEWEB-0688             
1 61596U 24188C   26136.36628387  .00000066  00000+0  13597-3 0  9990
2 61596  87.9160  12.2043 0003022  95.1167 265.0309 13.17650251 81700
ONEWEB-0689             
1 61597U 24188D   26136.45133066  .00000525  00000+0  14462-2 0  9997
2 61597  87.8938  27.3588 0001662  89.6469 270.4849 13.11416140 80298
ONEWEB-0690             
1 61598U 24188E   26136.46151750  .00000546  00000+0  15046-2 0  9991
2 61598  87.8921  27.3712 0002163  64.5896 295.5455 13.11416615 80471
ONEWEB-0691             
1 61599U 24188F   26136.15122822  .00000590  00000+0  16282-2 0  9998
2 61599  87.8933  27.3384 0002134  89.6892 270.4481 13.11417770 80285
ONEWEB-0692             
1 61600U 24188G   26136.62934457 -.00000080  00000+0 -26150-3 0  9990
2 61600  87.8912  27.3628 0001034  75.5395 284.5847 13.11413911 80337
ONEWEB-0693             
1 61601U 24188H   26136.37809892  .00000025  00000+0  31762-4 0  9990
2 61601  87.9153  12.2233 0002400  67.4452 292.6933 13.17649627 81690
ONEWEB-0695             
1 61602U 24188J   26136.45301454  .00000555  00000+0  15306-2 0  9993
2 61602  87.8915  27.3896 0001343  89.0196 271.1086 13.11418834 80304
ONEWEB-0697             
1 61603U 24188K   26136.63781571 -.00000327  00000+0 -95834-3 0  9990
2 61603  87.8916  27.3427 0001135  70.3782 289.7468 13.11414731 80311
ONEWEB-0698             
1 61604U 24188L   26136.38689589  .00000479  00000+0  13156-2 0  9991
2 61604  87.8913  27.4074 0001663  41.6531 318.4724 13.11414694 80309
ONEWEB-0699             
1 61605U 24188M   26136.45078467 -.00000473  00000+0 -13909-2 0  9999
2 61605  87.8855  42.5827 0001285  66.0035 294.1227 13.10371034 79157
ONEWEB-0700             
1 61606U 24188N   26136.45244222 -.00000542  00000+0 -15892-2 0  9994
2 61606  87.8872  42.4858 0001179  83.0351 277.0911 13.10371372 79146
ONEWEB-0701             
1 61607U 24188P   26136.23997568 -.00000274  00000+0 -82216-3 0  9996
2 61607  87.8864  42.6228 0001170  60.8372 299.2872 13.10375389 79120
ONEWEB-0702             
1 61608U 24188Q   26136.43267795 -.00000156  00000+0 -47456-3 0  9997
2 61608  87.8935  27.2981 0000793  81.0976 279.0241 13.11418126 80328
ONEWEB-0704             
1 61609U 24188R   26136.45742541 -.00000631  00000+0 -18447-2 0  9992
2 61609  87.8875  42.5660 0000753  94.0192 266.1021 13.10365702 79136
ONEWEB-0705             
1 61610U 24188S   26136.46240598 -.00000519  00000+0 -15237-2 0  9999
2 61610  87.8866  42.5717 0001585 116.8442 243.2848 13.10375493 71308
ONEWEB-0706             
1 61611U 24188T   26136.44746531 -.00000375  00000+0 -11106-2 0  9997
2 61611  87.8853  42.5819 0001280  88.8913 271.2361 13.10370496 79229
ONEWEB-0707             
1 61612U 24188U   26136.45410508 -.00000564  00000+0 -16529-2 0  9995
2 61612  87.8861  42.5729 0001259  84.8838 275.2433 13.10371843 79161
ONEWEB-0708             
1 61613U 24188V   26136.24330283 -.00000103  00000+0 -33094-3 0  9990
2 61613  87.8857  42.6360 0001965  95.6057 264.5294 13.10376101 79119
