ONEWEB-0012             
1 44057U 19010A   26087.92439218 -.00000069  00000+0 -21491-3 0  9998
2 44057  87.9031 244.7380 0001660 113.0833 247.0473 13.16594771341009
ONEWEB-0010             
1 44058U 19010B   26087.79773255  .00000105  00000+0  24231-3 0  9990
2 44058  87.9032 244.7591 0002079  95.1086 265.0282 13.16594778341038
ONEWEB-0008             
1 44059U 19010C   26087.82306382  .00000025  00000+0  31067-4 0  9995
2 44059  87.9033 244.7511 0001540  95.2050 264.9257 13.16594958341159
ONEWEB-0007             
1 44060U 19010D   26087.79433401  .00000048  00000+0  92789-4 0  9999
2 44060  87.8926 275.2701 0001920 100.1049 260.0298 13.15548003340809
ONEWEB-0006             
1 44061U 19010E   26087.57012669  .00000069  00000+0  14853-3 0  9993
2 44061  87.8935 275.2709 0001935  93.5657 266.5695 13.15548373340828
ONEWEB-0011             
1 44062U 19010F   26087.91871318 -.00000046  00000+0 -15517-3 0  9991
2 44062  87.8940 275.2094 0001784  86.2250 273.9085 13.15548636340863
ONEWEB-0013             
1 45131U 20008A   26087.93844733  .00000723  00000+0  20631-2 0  9993
2 45131  87.8456  69.0151 0001433 116.1833 243.9441 13.09448416295564
ONEWEB-0017             
1 45132U 20008B   26087.90071373  .00000285  00000+0  78129-3 0  9992
2 45132  87.8801  52.2477 0002110  80.4370 279.6995 13.10370138297431
ONEWEB-0020             
1 45133U 20008C   26087.87083317  .00000174  00000+0  46154-3 0  9990
2 45133  87.8817  52.2456 0001905  82.2992 277.8352 13.10377130297826
ONEWEB-0021             
1 45134U 20008D   26087.88577466  .00000671  00000+0  18849-2 0  9996
2 45134  87.8805  52.2657 0001923  85.1726 274.9620 13.10374315298137
ONEWEB-0023             
1 45136U 20008F   26087.82020377  .00000439  00000+0  12201-2 0  9994
2 45136  87.8800  52.2579 0001758  85.1291 275.0037 13.10370080297554
ONEWEB-0024             
1 45137U 20008G   26087.86916927  .00000103  00000+0  25913-3 0  9997
2 45137  87.8816  52.2356 0001931  82.1255 278.0092 13.10376790297722
ONEWEB-0025             
1 45138U 20008H   26087.86948395  .00000131  00000+0  33585-3 0  9997
2 45138  87.8814  52.2233 0001790  92.6317 267.5015 13.10879227298051
ONEWEB-0026             
1 45139U 20008J   26087.81806705 -.00000286  00000+0 -84285-3 0  9997
2 45139  87.8907  37.0400 0001982  76.5314 283.6035 13.11419080300573
ONEWEB-0028             
1 45140U 20008K   26087.92743690  .00000554  00000+0  15276-2 0  9993
2 45140  87.8891  37.0253 0001484  96.8737 263.2560 13.11415464298108
ONEWEB-0032             
1 45141U 20008L   26087.82600978  .00000176  00000+0  46803-3 0  9995
2 45141  87.8800  52.2640 0001520  93.7725 266.3576 13.10371541297771
ONEWEB-0033             
1 45142U 20008M   26087.87748026  .00000539  00000+0  15075-2 0  9997
2 45142  87.8804  52.2626 0002405  76.6715 283.4680 13.10376781297690
ONEWEB-0035             
1 45143U 20008N   26087.90817757 -.00000085  00000+0 -28007-3 0  9998
2 45143  87.8797  52.2552 0002013  81.1031 279.0324 13.10369946297429
ONEWEB-0036             
1 45144U 20008P   26087.83991596 -.00000518  00000+0 -15335-2 0  9995
2 45144  87.8815  52.2468 0001631  84.6747 275.4566 13.09815070297840
ONEWEB-0038             
1 45145U 20008Q   26087.90468152  .00000178  00000+0  46715-3 0  9998
2 45145  87.8911  37.0246 0003206 105.3944 254.7539 13.11418372299808
ONEWEB-0039             
1 45146U 20008R   26087.88079881  .00000596  00000+0  16723-2 0  9992
2 45146  87.8817  52.2476 0001575  96.6053 263.5253 13.10374588297648
ONEWEB-0040             
1 45147U 20008S   26087.87415048  .00000349  00000+0  96483-3 0  9999
2 45147  87.8810  52.2634 0001918  84.7531 275.3816 13.10376387297340
ONEWEB-0043             
1 45149U 20008U   26087.87581499  .00000437  00000+0  12163-2 0  9995
2 45149  87.8813  52.2468 0001532  96.6884 263.4417 13.10375846297664
ONEWEB-0044             
1 45150U 20008V   26087.90402672  .00000097  00000+0  24267-3 0  9997
2 45150  87.8812  52.2381 0001819  88.1857 271.9479 13.10368241297969
ONEWEB-0045             
1 45151U 20008W   26087.82316261 -.00000083  00000+0 -26968-3 0  9994
2 45151  87.8906  37.0273 0001856  83.4286 276.7053 13.11419215299872
ONEWEB-0047             
1 45152U 20008X   26087.82103525  .00000344  00000+0  94987-3 0  9996
2 45152  87.8806  52.2561 0002062  82.2969 277.8393 13.10371026297677
ONEWEB-0048             
1 45153U 20008Y   26087.89241669  .00000630  00000+0  17682-2 0  9990
2 45153  87.8801  52.2681 0001975  82.3544 277.7808 13.10371868297290
ONEWEB-0049             
1 45154U 20008Z   26087.89559912  .00000542  00000+0  15177-2 0  9993
2 45154  87.8801  52.2555 0001509  74.7043 285.4251 13.10370989297519
ONEWEB-0051             
1 45155U 20008AA  26087.89775152 -.00000185  00000+0 -55825-3 0  9990
2 45155  87.8905  37.0249 0001872  80.2087 279.9252 13.11419485300564
ONEWEB-0052             
1 45156U 20008AB  26087.91668981 -.00006469  00000+0 -19002-1 0  9991
2 45156  87.8797  52.2307 0001471  79.1140 324.2137 13.08826556  5206
ONEWEB-0053             
1 45157U 20008AC  26087.87248592  .00000242  00000+0  65618-3 0  9996
2 45157  87.8806  52.2692 0001430  90.3408 269.7883 13.10376885297394
ONEWEB-0054             
1 45158U 20008AD  26087.90733726 -.00000014  00000+0 -77714-4 0  9999
2 45158  87.8808  52.2384 0001837  80.1450 279.9885 13.10370895297514
ONEWEB-0056             
1 45159U 20008AE  26087.88826586  .00000639  00000+0  17940-2 0  9998
2 45159  87.8808  52.2419 0001797  76.2922 283.8405 13.10373114297664
ONEWEB-0057             
1 45160U 20008AF  26087.89587624  .00000500  00000+0  13950-2 0  9992
2 45160  87.8807  52.2495 0001444  90.2700 269.8593 13.10373769297835
ONEWEB-0058             
1 45161U 20008AG  26087.88257544  .00000650  00000+0  18256-2 0  9997
2 45161  87.8807  52.2608 0002116  84.7747 275.3622 13.10371520297904
ONEWEB-0059             
1 45162U 20008AH  26087.87914040  .00000556  00000+0  15560-2 0  9998
2 45162  87.8805  52.2620 0001897  87.9579 272.1765 13.10376395297807
ONEWEB-0062             
1 45163U 20008AJ  26087.90485706  .00000113  00000+0  28764-3 0  9995
2 45163  87.8806  52.2403 0002316  81.6479 278.4911 13.10368782297673
ONEWEB-0065             
1 45164U 20008AK  26087.93541261 -.00000386  00000+0 -11415-2 0  9996
2 45164  87.8810  52.2418 0001543  78.0535 282.0765 13.10376442297376
ONEWEB-0066             
1 45424U 20020A   26087.88248991 -.00000517  00000+0 -14934-2 0  9992
2 45424  87.8907  37.0297 0001881  84.9730 275.1612 13.11417596292158
ONEWEB-0067             
1 45425U 20020B   26087.30957017  .00000539  00000+0  14840-2 0  9994
2 45425  87.8913  37.0545 0001978  84.7532 275.3822 13.11417682292136
ONEWEB-0080             
1 45426U 20020C   26087.91985434  .00000562  00000+0  15485-2 0  9998
2 45426  87.8905  37.0153 0002214  78.3258 281.8118 13.11415294292183
ONEWEB-0090             
1 45427U 20020D   26087.87246132 -.00000278  00000+0 -81985-3 0  9994
2 45427  87.8902  37.0303 0001930  79.7864 280.3481 13.11416381292141
ONEWEB-0061             
1 45428U 20020E   26087.90440188  .00000137  00000+0  34969-3 0  9998
2 45428  87.8904  37.0098 0001914  80.4837 279.6507 13.11418463292105
ONEWEB-0081             
1 45429U 20020F   26087.88588003 -.00000466  00000+0 -13516-2 0  9996
2 45429  87.8896  37.0287 0001761  86.4470 273.6860 13.11415299292217
ONEWEB-0069             
1 45430U 20020G   26087.87485376 -.00000408  00000+0 -11883-2 0  9997
2 45430  87.8900  37.0250 0001802  82.2851 277.8481 13.11414101292146
ONEWEB-0031             
1 45431U 20020H   26087.92319503  .00000608  00000+0  16799-2 0  9993
2 45431  87.8894  37.0320 0002057  77.9772 282.1586 13.11418089292136
ONEWEB-0027             
1 45432U 20020J   26087.88946642 -.00000044  00000+0 -14739-3 0  9998
2 45432  87.9187  21.7893 0002024  68.6156 291.5192 13.17651702295783
ONEWEB-0064             
1 45433U 20020K   26087.92150001  .00000577  00000+0  15909-2 0  9998
2 45433  87.8892  37.0227 0001990  76.0957 284.0393 13.11418246292167
ONEWEB-0018             
1 45434U 20020L   26087.87740858 -.00000504  00000+0 -14588-2 0  9992
2 45434  87.8898  37.0302 0002090  89.6409 270.4958 13.11417460292109
ONEWEB-0083             
1 45435U 20020M   26087.86809329 -.00000138  00000+0 -42404-3 0  9993
2 45435  87.8905  37.0206 0001957  80.2425 279.8924 13.11415380292147
ONEWEB-0095             
1 45436U 20020N   26087.85889559  .00000218  00000+0  57938-3 0  9991
2 45436  87.8899  37.0304 0001636  55.3143 304.8139 13.11414020292140
ONEWEB-0092             
1 45437U 20020P   26087.90708882  .00000247  00000+0  66146-3 0  9990
2 45437  87.8904  37.0209 0001559  73.4381 286.6918 13.11419178292265
ONEWEB-0085             
1 45438U 20020Q   26087.86723625 -.00000085  00000+0 -27603-3 0  9995
2 45438  87.8900  37.0326 0001831  80.1166 280.0168 13.11416073292144
ONEWEB-0096             
1 45439U 20020R   26087.86893827 -.00000230  00000+0 -68552-3 0  9998
2 45439  87.8904  37.0213 0001796  81.5670 278.5661 13.11415467292134
ONEWEB-0037             
1 45440U 20020S   26087.92573909  .00000531  00000+0  14613-2 0  9993
2 45440  87.8913  36.9872 0001794  77.6293 282.5036 13.11417310292174
ONEWEB-0042             
1 45441U 20020T   26087.93492155  .00000274  00000+0  73850-3 0  9991
2 45441  87.8904  37.0053 0001784  80.3152 279.8177 13.11415675292146
ONEWEB-0098             
1 45442U 20020U   26087.85453433  .00000361  00000+0  98221-3 0  9995
2 45442  87.8900  37.0325 0001941  79.3312 280.8034 13.11415804292111
ONEWEB-0055             
1 45443U 20020V   26087.83757166  .00000456  00000+0  12496-2 0  9998
2 45443  87.8903  37.0360 0001932  79.7070 280.4276 13.11419135292080
ONEWEB-0093             
1 45444U 20020W   26087.88942115 -.00000432  00000+0 -12538-2 0  9997
2 45444  87.8903  37.0157 0001594  90.5090 269.6220 13.11418366292153
ONEWEB-0029             
1 45445U 20020X   26087.90538263  .00000143  00000+0  36634-3 0  9997
2 45445  87.8903  37.0237 0001842  84.4267 275.7071 13.11420150292131
ONEWEB-0068             
1 45446U 20020Y   26087.88914135 -.00000472  00000+0 -13664-2 0  9995
2 45446  87.8906  37.0186 0001831  85.9662 274.1675 13.11417771292072
ONEWEB-0046             
1 45447U 20020Z   26087.88078452 -.00000508  00000+0 -14688-2 0  9996
2 45447  87.8906  37.0268 0001632  82.2961 277.8352 13.11415082292081
ONEWEB-0063             
1 45448U 20020AA  26087.83333213  .00000375  00000+0  10229-2 0  9998
2 45448  87.8907  37.0340 0001642  75.3171 284.8139 13.11419168292160
ONEWEB-0019             
1 45449U 20020AB  26087.87218431 -.00000346  00000+0 -10134-2 0  9992
2 45449  87.8895  37.0184 0002017  78.0466 282.0888 13.11415916292019
ONEWEB-0094             
1 45450U 20020AC  26087.86248008 -.00000010  00000+0 -58119-4 0  9991
2 45450  87.9189  21.7923 0001993  84.0444 276.0915 13.17648699295732
ONEWEB-0087             
1 45451U 20020AD  26087.91967082  .00000570  00000+0  15712-2 0  9997
2 45451  87.8914  36.9848 0001858  88.9862 271.1479 13.11417843292062
ONEWEB-0082             
1 45452U 20020AE  26087.91640563  .00000549  00000+0  15134-2 0  9994
2 45452  87.8907  37.0082 0001890  87.1159 273.0185 13.11419140292150
ONEWEB-0050             
1 45453U 20020AF  26087.89821369  .00001832  00000+0  18772-3 0  9995
2 45453  88.9229 244.1273 0001064 235.8484 124.2644 14.90050779328423
ONEWEB-0034             
1 45454U 20020AG  26087.86131215  .00000101  00000+0  24804-3 0  9998
2 45454  87.8900  37.0233 0001885  79.9746 280.1594 13.11415518292066
ONEWEB-0060             
1 45455U 20020AH  26087.83248277  .00000320  00000+0  86701-3 0  9990
2 45455  87.8898  37.0385 0002243 107.8479 252.2894 13.11418321292017
ONEWEB-0086             
1 45456U 20020AJ  26087.88758004 -.00000451  00000+0 -13088-2 0  9994
2 45456  87.8905  37.0168 0002504  91.2155 268.9260 13.11418163292085
ONEWEB-0088             
1 45457U 20020AK  26087.86555700  .00000304  00000+0  82095-3 0  9991
2 45457  87.8914  36.9875 0001456  75.7310 284.3979 13.11412226292010
ONEWEB-0102             
1 47258U 20100A   26087.77998308 -.00000013  00000+0 -71699-4 0  9994
2 47258  87.9010   6.6448 0001999  82.3849 277.7507 13.12443936254184
ONEWEB-0109             
1 47259U 20100B   26087.78846200 -.00000226  00000+0 -66366-3 0  9999
2 47259  87.9019   6.6191 0001927  75.7556 284.3787 13.12443172254019
ONEWEB-0110             
1 47260U 20100C   26087.81556457 -.00000037  00000+0 -13889-3 0  9999
2 47260  87.9018   6.5983 0002014  84.8284 275.3074 13.12443498254183
ONEWEB-0111             
1 47261U 20100D   26087.84606134  .00000365  00000+0  97900-3 0  9999
2 47261  87.9018   6.6109 0001749  82.0043 278.1284 13.12443796254020
ONEWEB-0114             
1 47262U 20100E   26087.80031225 -.00000408  00000+0 -11692-2 0  9992
2 47262  87.9021   6.6156 0001810  69.4135 290.7187 13.12444516253973
ONEWEB-0117             
1 47263U 20100F   26087.79183789 -.00000324  00000+0 -93619-3 0  9991
2 47263  87.9017   6.6110 0001829  78.4851 281.6483 13.12443946253989
ONEWEB-0118             
1 47264U 20100G   26087.82573534  .00000269  00000+0  71197-3 0  9990
2 47264  87.9016   6.6068 0001632  69.1060 291.0243 13.12445104254182
ONEWEB-0119             
1 47265U 20100H   26087.77490776  .00000138  00000+0  34953-3 0  9995
2 47265  87.9007   6.6409 0001803  77.5596 282.5734 13.12443176254153
ONEWEB-0120             
1 47266U 20100J   26087.79875638 -.00000433  00000+0 -12381-2 0  9992
2 47266  87.9007   6.6366 0001839  75.2408 284.8924 13.12443940254180
ONEWEB-0121             
1 47267U 20100K   26087.78675940 -.00000200  00000+0 -59163-3 0  9998
2 47267  87.9019   6.6174 0001884  84.3693 275.7651 13.12443382254094
ONEWEB-0122             
1 47268U 20100L   26087.78083618 -.00000074  00000+0 -24024-3 0  9991
2 47268  87.9020   6.6213 0001973  77.5559 282.5790 13.12441869254004
ONEWEB-0123             
1 47269U 20100M   26087.85283564  .00000104  00000+0  25362-3 0  9990
2 47269  87.9015   6.6239 0001813  73.8018 286.3310 13.12442408254155
ONEWEB-0124             
1 47270U 20100N   26087.76643810  .00000382  00000+0  10264-2 0  9998
2 47270  87.9006   6.6457 0001700  81.6250 278.5071 13.12443531254020
ONEWEB-0125             
1 47271U 20100P   26087.82064965  .00000124  00000+0  30807-3 0  9994
2 47271  87.9018   6.6088 0001498  83.0419 277.0880 13.12443305254099
ONEWEB-0126             
1 47272U 20100Q   26087.84112085  .00000390  00000+0  10499-2 0  9993
2 47272  87.9012   6.6259 0001840  74.3789 285.7542 13.12444031254164
ONEWEB-0127             
1 47273U 20100R   26087.80710178 -.00000245  00000+0 -71711-3 0  9993
2 47273  87.9005   6.6352 0001919  75.0332 285.1009 13.12444667254189
ONEWEB-0128             
1 47274U 20100S   26087.82911803  .00000298  00000+0  79195-3 0  9994
2 47274  87.9005   6.6450 0002037  86.1571 273.9791 13.12445079254203
ONEWEB-0129             
1 47275U 20100T   26087.80879057 -.00000248  00000+0 -72580-3 0  9995
2 47275  87.9014   6.6142 0002589  56.0804 304.0571 13.12444926254133
ONEWEB-0130             
1 47276U 20100U   26087.75966286  .00000429  00000+0  11567-2 0  9997
2 47276  87.9018   6.6185 0001916  77.2951 282.8391 13.12444686254097
ONEWEB-0131             
1 47277U 20100V   26087.83251005  .00000405  00000+0  10905-2 0  9992
2 47277  87.9006   6.6311 0001858  78.6004 281.5333 13.12444349254149
ONEWEB-0132             
1 47278U 20100W   26087.78507198 -.00000203  00000+0 -59961-3 0  9998
2 47278  87.9010   6.6399 0001838  80.5440 279.5896 13.12442915254031
ONEWEB-0133             
1 47279U 20100X   26087.80187541 -.00000378  00000+0 -10857-2 0  9991
2 47279  87.9022   6.6034 0001894  82.3771 277.7573 13.12444196254192
ONEWEB-0134             
1 47280U 20100Y   26087.84775486  .00000234  00000+0  61572-3 0  9998
2 47280  87.9022   6.5917 0002052  78.5812 281.5547 13.12443126254177
ONEWEB-0135             
1 47281U 20100Z   26087.74270949  .00000087  00000+0  20544-3 0  9992
2 47281  87.9010   6.6457 0002172  81.6773 278.4602 13.12445197254187
ONEWEB-0136             
1 47282U 20100AA  26087.83759435  .00000436  00000+0  11766-2 0  9998
2 47282  87.9018   6.6017 0002149  77.4075 282.7294 13.12442024254125
ONEWEB-0137             
1 47283U 20100AB  26087.79523195 -.00000454  00000+0 -12973-2 0  9999
2 47283  87.9020   6.6159 0001670  76.0548 284.0767 13.12442237254029
ONEWEB-0138             
1 47284U 20100AC  26087.77320861  .00000169  00000+0  43385-3 0  9996
2 47284  87.9016   6.6292 0002001  75.5910 284.5440 13.12443478254109
ONEWEB-0139             
1 47285U 20100AD  26087.81399866 -.00000106  00000+0 -33062-3 0  9997
2 47285  87.9016   6.6083 0001844  77.6303 282.5032 13.12445788254180
ONEWEB-0140             
1 47286U 20100AE  26087.84437051  .00000354  00000+0  94742-3 0  9995
2 47286  87.9020   6.5914 0001837  83.4517 276.6820 13.12443218254154
ONEWEB-0141             
1 47287U 20100AF  26087.81372217 -.00000176  00000+0 -52443-3 0  9991
2 47287  87.9016   6.6034 0001543  70.7285 289.4010 13.12445648254139
ONEWEB-0142             
1 47288U 20100AG  26087.80213498 -.00000421  00000+0 -12046-2 0  9993
2 47288  87.9017   6.6297 0001806  65.7223 294.4094 13.12441365254129
ONEWEB-0143             
1 47289U 20100AH  26087.81216640 -.00000211  00000+0 -62309-3 0  9992
2 47289  87.9018   6.6244 0001794  77.7434 282.3895 13.12444999254105
ONEWEB-0144             
1 47290U 20100AJ  26087.78337946 -.00000109  00000+0 -33808-3 0  9991
2 47290  87.9020   6.6005 0002058  71.6388 288.4964 13.12441707254029
ONEWEB-0145             
1 47291U 20100AK  26087.83082389  .00000429  00000+0  11573-2 0  9993
2 47291  87.9010   6.6279 0001846  75.5482 284.5852 13.12444362254229
ONEWEB-0146             
1 47292U 20100AL  26087.82742707  .00000288  00000+0  76650-3 0  9991
2 47292  87.9017   6.6146 0001713  89.0313 271.1012 13.12443918254132
ONEWEB-0147             
1 47293U 20100AM  26087.79355002  .00000634  00000+0  17269-2 0  9991
2 47293  87.9019   6.6016 0001949  80.1577 279.9772 13.12442175254027
ONEWEB-0115             
1 48042U 21025A   26087.73216079 -.00000010  00000+0 -62542-4 0  9991
2 48042  87.9021 336.2346 0001716  82.3902 277.7422 13.13472451243037
ONEWEB-0152             
1 48043U 21025B   26087.66953103  .00000278  00000+0  72570-3 0  9995
2 48043  87.9015 336.2475 0001682  84.1500 275.9821 13.13471675242983
ONEWEB-0153             
1 48044U 21025C   26087.72369653 -.00000196  00000+0 -57153-3 0  9995
2 48044  87.9013 336.2414 0001738  77.3898 282.7426 13.13472343242981
ONEWEB-0154             
1 48045U 21025D   26087.72032026 -.00000277  00000+0 -79379-3 0  9991
2 48045  87.9014 336.2395 0001795  82.2961 277.8372 13.13469711242946
ONEWEB-0116             
1 48046U 21025E   26087.91160627  .00000314  00000+0  82529-3 0  9993
2 48046  87.9021 336.1915 0001687  84.7299 275.4022 13.13471381243115
ONEWEB-0150             
1 48047U 21025F   26087.73554748  .00000113  00000+0  27586-3 0  9994
2 48047  87.9023 336.2240 0001531  76.6936 283.4364 13.13472429242982
ONEWEB-0107             
1 48048U 21025G   26087.73725112  .00000134  00000+0  33178-3 0  9997
2 48048  87.9022 336.2188 0001820  71.7156 288.4171 13.13471778242969
ONEWEB-0101             
1 48049U 21025H   26087.92853644 -.00000032  00000+0 -12168-3 0  9996
2 48049  87.9014 336.2049 0001858  77.6103 282.5234 13.13471433242968
ONEWEB-0113             
1 48050U 21025J   26087.75187391  .00000301  00000+0  78367-3 0  9998
2 48050  87.9020 336.1575 0001641  92.3232 267.8086 13.13951253243041
ONEWEB-0112             
1 48051U 21025K   26087.74231479  .00000075  00000+0  17179-3 0  9997
2 48051  87.9021 336.2155 0001961  76.5187 283.6161 13.13471017243030
ONEWEB-0156             
1 48052U 21025L   26087.67461121  .00000320  00000+0  84026-3 0  9997
2 48052  87.9021 336.2398 0001699  75.2478 284.8839 13.13471835243007
ONEWEB-0161             
1 48053U 21025M   26087.95392504 -.00000233  00000+0 -67169-3 0  9991
2 48053  87.9011 336.1918 0001708  73.5292 286.6025 13.13471623242977
ONEWEB-0158             
1 48054U 21025N   26087.91329616  .00000339  00000+0  89456-3 0  9990
2 48054  87.9022 336.1923 0001856  89.2998 270.8344 13.13471489243090
ONEWEB-0157             
1 48055U 21025P   26087.93868854 -.00000294  00000+0 -84124-3 0  9994
2 48055  87.9020 336.1915 0001885  67.6800 292.4529 13.13471084243034
ONEWEB-0162             
1 48056U 21025Q   26087.76251232  .00000248  00000+0  64409-3 0  9993
2 48056  87.9020 336.2310 0001566  77.0448 283.0856 13.13469022242985
ONEWEB-0155             
1 48057U 21025R   26087.92176692  .00000139  00000+0  34682-3 0  9997
2 48057  87.9014 336.1972 0001858  76.9428 283.1908 13.13470978243142
ONEWEB-0149             
1 48058U 21025S   26087.71523251 -.00000493  00000+0 -13845-2 0  9994
2 48058  87.9019 336.2361 0001519  77.0505 283.0793 13.13469705242925
ONEWEB-0148             
1 48059U 21025T   26087.75417533  .00000314  00000+0  82446-3 0  9998
2 48059  87.9015 336.2418 0001304  63.1704 296.9558 13.13468692243055
ONEWEB-0160             
1 48060U 21025U   26087.69492362  .00000004  00000+0 -23923-4 0  9999
2 48060  87.9013 336.2496 0001781 104.8416 255.2910 13.13468437242992
ONEWEB-0163             
1 48061U 21025V   26087.90821835  .00000348  00000+0  91777-3 0  9996
2 48061  87.9016 336.2003 0001857  71.2510 288.8821 13.13471770243141
ONEWEB-0159             
1 48062U 21025W   26087.74740660  .00000393  00000+0  10411-2 0  9990
2 48062  87.9023 336.2199 0001702  72.1474 287.9841 13.13471100243042
ONEWEB-0164             
1 48063U 21025X   26087.95730722 -.00000281  00000+0 -80460-3 0  9992
2 48063  87.9023 336.1851 0001749  81.9860 278.1467 13.13470637243056
ONEWEB-0167             
1 48064U 21025Y   26087.68053695  .00000303  00000+0  79410-3 0  9996
2 48064  87.9012 336.2572 0002410  75.5264 284.6132 13.13472261243000
ONEWEB-0166             
1 48065U 21025Z   26087.77956226 -.00000147  00000+0 -43768-3 0  9994
2 48065  87.9020 336.2018 0001590  74.7738 285.3567 13.13468367243091
ONEWEB-0151             
1 48066U 21025AA  26087.93361724 -.00000202  00000+0 -58728-3 0  9990
2 48066  87.9015 336.1958 0001846  80.3249 279.8089 13.13470881243059
ONEWEB-0170             
1 48067U 21025AB  26087.94207369 -.00000431  00000+0 -12139-2 0  9995
2 48067  87.9014 336.1957 0002054  90.7309 269.4056 13.13468740243018
ONEWEB-0168             
1 48068U 21025AC  26087.92684122 -.00000047  00000+0 -16268-3 0  9991
2 48068  87.9022 336.1916 0001743  73.1930 286.9390 13.13468216243026
ONEWEB-0173             
1 48069U 21025AD  26087.91837301  .00000241  00000+0  62421-3 0  9996
2 48069  87.9020 336.1994 0001964  70.8245 289.3097 13.13471624243263
ONEWEB-0171             
1 48070U 21025AE  26087.95561589 -.00000188  00000+0 -55107-3 0  9999
2 48070  87.9011 336.2028 0001823  81.0373 279.0962 13.13471035243087
ONEWEB-0172             
1 48071U 21025AF  26087.93529810 -.00000188  00000+0 -55030-3 0  9994
2 48071  87.9014 336.1943 0001892  78.1189 282.0152 13.13471418243972
ONEWEB-0174             
1 48072U 21025AG  26087.91668607  .00000286  00000+0  74808-3 0  9992
2 48072  87.9013 336.1993 0001621  75.4845 284.6464 13.13471006243298
ONEWEB-0175             
1 48073U 21025AH  26087.71862274 -.00000260  00000+0 -74609-3 0  9990
2 48073  87.9020 336.2158 0002055  83.9544 276.1819 13.13471808242922
ONEWEB-0177             
1 48074U 21025AJ  26087.95899879 -.00000321  00000+0 -91321-3 0  9996
2 48074  87.9018 336.1895 0001742  72.8580 287.2740 13.13470348243145
ONEWEB-0178             
1 48075U 21025AK  26087.74923047  .00000350  00000+0  92213-3 0  9990
2 48075  87.9003 336.2551 0001984  78.4156 281.7196 13.13471883243160
ONEWEB-0108             
1 48076U 21025AL  26087.70846194 -.00000442  00000+0 -12443-2 0  9994
2 48076  87.9022 336.2271 0001528  83.5840 276.5463 13.13469671243084
ONEWEB-0169             
1 48077U 21025AM  26087.74062562  .00000214  00000+0  55237-3 0  9992
2 48077  87.9012 336.2355 0001527  82.5056 277.6246 13.13472170241744
ONEWEB-0176             
1 48210U 21031A   26087.87472547 -.00000067  00000+0 -21635-3 0  9993
2 48210  87.8948 305.7303 0001782  84.1236 276.0097 13.14503226237767
ONEWEB-0184             
1 48211U 21031B   26087.84775442 -.00000095  00000+0 -29123-3 0  9992
2 48211  87.8965 305.7283 0002517  85.6491 274.4926 13.14504030237734
ONEWEB-0179             
1 48212U 21031C   26087.91668981  .00398199  00000+0  59121+0 0  9990
2 48212  87.8960 305.6309 0005117  27.9769 189.4408 13.51149485  5210
ONEWEB-0180             
1 48213U 21031D   26087.85092976 -.00000144  00000+0 -42326-3 0  9994
2 48213  87.8956 305.7297 0001845  75.9430 284.1905 13.14503598237664
ONEWEB-0218             
1 48214U 21031E   26087.64478697 -.00000013  00000+0 -70731-4 0  9997
2 48214  87.8951 305.7695 0002571  79.0898 281.0521 13.14503852237799
ONEWEB-0209             
1 48215U 21031F   26087.86203145 -.00000208  00000+0 -59571-3 0  9990
2 48215  87.8944 305.7512 0001660  77.3891 282.7424 13.14503367237827
ONEWEB-0198             
1 48216U 21031G   26087.84631547 -.00000039  00000+0 -14051-3 0  9996
2 48216  87.8948 305.7544 0001978  74.5055 285.6293 13.14503625237935
ONEWEB-0189             
1 48217U 21031H   26087.55439757 -.00000154  00000+0 -44978-3 0  9993
2 48217  87.8957 305.7902 0001929  77.2533 282.8813 13.14505219237636
ONEWEB-0196             
1 48218U 21031J   26087.83665964  .00000133  00000+0  32493-3 0  9990
2 48218  87.8953 305.7447 0001745  80.2785 279.8542 13.14501097237675
ONEWEB-0183             
1 48219U 21031K   26087.88740857  .00000099  00000+0  23259-3 0  9992
2 48219  87.8947 305.7343 0001449  83.9417 276.1877 13.14503477237773
ONEWEB-0185             
1 48220U 21031L   26087.83745755  .00000173  00000+0  43282-3 0  9992
2 48220  87.8958 305.7307 0001445  72.1195 288.0092 13.14503115237697
ONEWEB-0187             
1 48221U 21031M   26087.66525975  .00000257  00000+0  65750-3 0  9991
2 48221  87.8940 305.7948 0001673  75.4544 284.6772 13.14503757237685
ONEWEB-0192             
1 48222U 21031N   26087.86361494 -.00000143  00000+0 -42141-3 0  9993
2 48222  87.8940 305.7442 0001774  83.8968 276.2363 13.14503692237625
ONEWEB-0219             
1 48223U 21031P   26087.84299179  .00000045  00000+0  86423-4 0  9993
2 48223  87.8952 305.7352 0001590  76.2472 283.8835 13.14504185237829
ONEWEB-0202             
1 48224U 21031Q   26087.90009998  .00000218  00000+0  55482-3 0  9991
2 48224  87.8955 305.7328 0002323  79.1371 281.0020 13.14502004237814
ONEWEB-0204             
1 48225U 21031R   26087.85805912 -.00000181  00000+0 -52166-3 0  9993
2 48225  87.8957 305.7353 0001375  83.3392 276.7894 13.14500884237703
ONEWEB-0205             
1 48226U 21031S   26087.83348190  .00000192  00000+0  48365-3 0  9998
2 48226  87.8953 305.7323 0001601  78.2419 281.8890 13.14504198237718
ONEWEB-0206             
1 48227U 21031T   26087.88263846  .00000108  00000+0  25810-3 0  9995
2 48227  87.8958 305.7238 0001773  92.5157 267.6176 13.14504801237672
ONEWEB-0182             
1 48228U 21031U   26087.87789384 -.00000014  00000+0 -71006-4 0  9992
2 48228  87.8949 305.7359 0001451  84.9627 275.1669 13.14504092237883
ONEWEB-0186             
1 48229U 21031V   26087.88898797  .00000210  00000+0  53130-3 0  9996
2 48229  87.8951 305.7215 0001673  81.0337 279.0982 13.14504662237839
ONEWEB-0181             
1 48230U 21031W   26087.86679209 -.00000147  00000+0 -43111-3 0  9990
2 48230  87.8942 305.7652 0001787  79.3434 280.7897 13.14503465237687
ONEWEB-0188             
1 48231U 21031X   26087.90485154  .00000238  00000+0  60700-3 0  9992
2 48231  87.8941 305.7560 0001634  83.6075 276.5241 13.14503525237598
ONEWEB-0220             
1 48232U 21031Y   26087.86837921 -.00000197  00000+0 -56528-3 0  9990
2 48232  87.8955 305.7248 0001582  76.7220 283.4086 13.14503009237854
ONEWEB-0165             
1 48233U 21031Z   26087.89693757  .00000283  00000+0  72894-3 0  9999
2 48233  87.8955 305.7359 0001958  78.2205 281.9144 13.14504686237811
ONEWEB-0199             
1 48234U 21031AA  26087.88106852  .00000081  00000+0  18455-3 0  9993
2 48234  87.8958 305.7206 0001619  91.1827 268.9488 13.14501864237714
ONEWEB-0203             
1 48235U 21031AB  26087.87153766 -.00000078  00000+0 -24399-3 0  9991
2 48235  87.8962 305.7242 0001832  87.4035 272.7304 13.14500953237725
ONEWEB-0197             
1 48236U 21031AC  26087.84603220 -.00000019  00000+0 -86544-4 0  9990
2 48236  87.8953 305.7256 0001322  84.8964 275.2316 13.14504303237631
ONEWEB-0194             
1 48237U 21031AD  26087.90168242  .00000210  00000+0  53092-3 0  9990
2 48237  87.8953 305.7326 0001759  92.1978 267.9354 13.14503608237818
ONEWEB-0193             
1 48238U 21031AE  26087.84141023  .00000003  00000+0 -25601-4 0  9999
2 48238  87.8954 305.7365 0001820  98.9896 261.1440 13.14503678237757
ONEWEB-0191             
1 48239U 21031AF  26087.54804210 -.00000177  00000+0 -51211-3 0  9999
2 48239  87.8954 305.7904 0001624  86.5042 273.6274 13.14503971237574
ONEWEB-0195             
1 48240U 21031AG  26087.82952324  .00000185  00000+0  46317-3 0  9990
2 48240  87.8952 305.7308 0001944  76.0805 284.0541 13.14503528237591
ONEWEB-0201             
1 48241U 21031AH  26087.66553307  .00000268  00000+0  68939-3 0  9997
2 48241  87.8945 305.7906 0001418  73.2729 286.8557 13.14501958237804
ONEWEB-0207             
1 48242U 21031AJ  26087.64556092 -.00000260  00000+0 -73455-3 0  9993
2 48242  87.8954 305.7685 0001455  78.0268 282.1025 13.14503329237714
ONEWEB-0208             
1 48243U 21031AK  26087.85568336 -.00000244  00000+0 -69201-3 0  9997
2 48243  87.8953 305.7389 0001924  79.2485 280.8861 13.14501010237752
ONEWEB-0200             
1 48244U 21031AL  26087.89533909  .00000283  00000+0  72856-3 0  9991
2 48244  87.8947 305.7194 0001659  80.7218 279.4099 13.14503994237688
ONEWEB-0217             
1 48245U 21031AM  26087.83507358  .00000157  00000+0  38799-3 0  9993
2 48245  87.8953 305.7318 0001908  77.0376 283.0967 13.14503735237627
ONEWEB-0211             
1 48767U 21045A   26087.76174868  .00000052  00000+0  10404-3 0  9992
2 48767  87.8931 275.1518 0002365  84.9244 275.2157 13.16192225233869
ONEWEB-0223             
1 48768U 21045B   26087.80067255  .00000124  00000+0  29430-3 0  9998
2 48768  87.8934 275.2309 0002145  92.7550 267.3826 13.15549360233832
ONEWEB-0230             
1 48769U 21045C   26087.77215155 -.00000073  00000+0 -22708-3 0  9995
2 48769  87.8926 275.2576 0001601  95.7289 264.4024 13.15548743234099
ONEWEB-0237             
1 48770U 21045D   26087.76105888 -.00000042  00000+0 -14481-3 0  9992
2 48770  87.8927 275.2616 0001932  97.0259 263.1091 13.15548827233818
ONEWEB-0235             
1 48771U 21045E   26087.88781847  .00000179  00000+0  44218-3 0  9991
2 48771  87.8936 275.2144 0002163  95.6506 264.4871 13.15549054233825
ONEWEB-0242             
1 48772U 21045F   26087.80541989  .00000104  00000+0  24288-3 0  9998
2 48772  87.8937 275.2265 0001797  97.8573 262.2761 13.15549046233859
ONEWEB-0241             
1 48773U 21045G   26087.79274753  .00000035  00000+0  59215-4 0  9991
2 48773  87.8922 275.2564 0002106  88.5022 271.6349 13.15549446233767
ONEWEB-0243             
1 48774U 21045H   26087.52021139  .00000147  00000+0  35572-3 0  9994
2 48774  87.8928 275.3224 0002047 106.7801 253.3554 13.15548097233755
ONEWEB-0222             
1 48775U 21045J   26087.88386157  .00000168  00000+0  41273-3 0  9996
2 48775  87.8933 275.2111 0001852  92.1158 268.0184 13.15549649233848
ONEWEB-0244             
1 48776U 21045K   26087.75789090  .00000039  00000+0  68831-4 0  9993
2 48776  87.8936 275.2267 0001819  95.3301 264.8037 13.15549224234393
ONEWEB-0247             
1 48777U 21045L   26087.90683987  .00000072  00000+0  15677-3 0  9995
2 48777  87.8927 275.2398 0002447 105.4407 254.6994 13.15549373233851
ONEWEB-0245             
1 48778U 21045M   26087.74996109  .00000138  00000+0  33179-3 0  9991
2 48778  87.8937 275.2429 0001861  87.7138 272.4206 13.15549566233803
ONEWEB-0229             
1 48779U 21045N   26087.74521184  .00000107  00000+0  24917-3 0  9995
2 48779  87.8937 275.2423 0001752  97.4856 262.6473 13.15549031233839
ONEWEB-0228             
1 48780U 21045P   26087.77863465 -.00000122  00000+0 -35723-3 0  9997
2 48780  87.8937 275.2225 0001801  94.1424 265.9913 13.15548880233758
ONEWEB-0232             
1 48781U 21045Q   26087.75314343  .00000105  00000+0  24428-3 0  9991
2 48781  87.8948 275.2289 0001704  93.1304 267.0021 13.15548088234078
ONEWEB-0231             
1 48782U 21045R   26087.80700994  .00000206  00000+0  51314-3 0  9995
2 48782  87.8927 275.2416 0001954  92.7215 267.4139 13.15549109233776
ONEWEB-0234             
1 48783U 21045S   26087.92095675 -.00000079  00000+0 -24384-3 0  9999
2 48783  87.8929 275.1961 0001736  64.6709 295.4601 13.15546720233925
ONEWEB-0238             
1 48784U 21045T   26087.92123936 -.00000071  00000+0 -22323-3 0  9995
2 48784  87.8929 275.1900 0001657  77.6761 282.4554 13.15549367233825
ONEWEB-0240             
1 48785U 21045U   26087.94248864 -.00000055  00000+0 -17987-3 0  9998
2 48785  87.8943 275.1911 0002038  88.8907 271.2456 13.15549952233854
ONEWEB-0246             
1 48786U 21045V   26087.78482545 -.00000037  00000+0 -13119-3 0  9990
2 48786  87.8935 275.2304 0001755  96.9725 263.1605 13.15549173233701
ONEWEB-0210             
1 48787U 21045W   26087.91158635  .00000021  00000+0  22584-4 0  9994
2 48787  87.8939 275.2018 0002335 112.6509 247.4869 13.15549486233769
ONEWEB-0214             
1 48788U 21045X   26087.54001951 -.00000044  00000+0 -15048-3 0  9995
2 48788  87.8939 275.2723 0001811 106.1518 253.9812 13.15549398233682
ONEWEB-0221             
1 48789U 21045Y   26087.92741722 -.00000075  00000+0 -23316-3 0  9996
2 48789  87.8936 275.2045 0001949  93.7113 266.4240 13.15546647233825
ONEWEB-0213             
1 48790U 21045Z   26087.53604156 -.00000032  00000+0 -11920-3 0  9995
2 48790  87.8937 275.2864 0001961  97.7800 262.3553 13.15549820233837
ONEWEB-0212             
1 48791U 21045AA  26087.89336821  .00000109  00000+0  25620-3 0  9991
2 48791  87.8935 275.2095 0001680  89.6927 270.4396 13.15548390233870
ONEWEB-0227             
1 48792U 21045AB  26087.89257746  .00000196  00000+0  48627-3 0  9998
2 48792  87.8935 275.2119 0001776  92.6299 267.5035 13.15549318233823
ONEWEB-0226             
1 48793U 21045AC  26087.88623201  .00000215  00000+0  53828-3 0  9992
2 48793  87.8926 275.2210 0001927 100.4063 259.7284 13.15549250233791
ONEWEB-0224             
1 48794U 21045AD  26087.92584089 -.00000059  00000+0 -18984-3 0  9990
2 48794  87.8927 275.2488 0002279  72.9597 287.1783 13.15550969233727
ONEWEB-0233             
1 48795U 21045AE  26087.77836315 -.00000121  00000+0 -35518-3 0  9998
2 48795  87.8925 275.2870 0002016  92.0697 268.0664 13.15549407233725
ONEWEB-0190             
1 48796U 21045AF  26087.91791080 -.00000019  00000+0 -84893-4 0  9991
2 48796  87.8928 275.2204 0002426  99.2966 260.8439 13.15550228233816
ONEWEB-0236             
1 48797U 21045AG  26087.78323419 -.00000038  00000+0 -13461-3 0  9997
2 48797  87.8922 275.2584 0001617  89.1007 271.0309 13.15549475233684
ONEWEB-0248             
1 48798U 21045AH  26087.79591685  .00000094  00000+0  21524-3 0  9990
2 48798  87.8934 275.2313 0002184  89.4511 270.6869 13.15547140233842
ONEWEB-0225             
1 48799U 21045AJ  26087.89415597  .00000130  00000+0  31027-3 0  9999
2 48799  87.8927 275.2260 0002297  98.1898 261.9493 13.15548527233864
ONEWEB-0215             
1 48800U 21045AK  26087.78799540 -.00000041  00000+0 -14379-3 0  9997
2 48800  87.8936 275.2219 0002448  95.4329 264.7080 13.15549511233720
ONEWEB-0216             
1 48801U 21045AL  26087.79749337  .00000014  00000+0  34751-5 0  9994
2 48801  87.8933 275.2377 0001669  95.2923 264.8398 13.15547746233737
ONEWEB-0239             
1 48802U 21045AM  26087.87829117  .00005082  00000+0  13457-1 0  9995
2 48802  87.8922 275.2304 0002384  58.7622 301.3741 13.15554272233787
ONEWEB-0249             
1 48967U 21060A   26087.87609455  .00000094  00000+0  21204-3 0  9994
2 48967  87.9033 244.7412 0001810  96.1573 263.9764 13.16592749229042
ONEWEB-0250             
1 48968U 21060B   26087.85874567  .00000019  00000+0  14206-4 0  9993
2 48968  87.9034 242.7615 0002073  69.6123 290.5236 13.25828620229573
ONEWEB-0252             
1 48970U 21060D   26087.83098230  .00000006  00000+0 -16774-4 0  9998
2 48970  87.9031 244.7424 0001757 106.8276 253.3048 13.16594806229084
ONEWEB-0253             
1 48971U 21060E   26087.66789448  .00000066  00000+0  14018-3 0  9991
2 48971  87.9033 244.7808 0001819  97.6535 262.4803 13.16596486228992
ONEWEB-0254             
1 48972U 21060F   26087.90539891  .00000002  00000+0 -27941-4 0  9995
2 48972  87.9036 244.7287 0002048  94.8291 265.3074 13.16594780229022
ONEWEB-0255             
1 48973U 21060G   26087.86739427  .00000080  00000+0  17540-3 0  9996
2 48973  87.9030 244.7450 0001941  97.8201 262.3150 13.16592431229094
ONEWEB-0256             
1 48974U 21060H   26087.81751591  .00000010  00000+0 -64156-5 0  9999
2 48974  87.9034 244.7626 0001666 102.4531 257.6787 13.16595596229051
ONEWEB-0257             
1 48975U 21060J   26087.92597747 -.00000031  00000+0 -11484-3 0  9991
2 48975  87.9033 244.7244 0001877 101.3400 258.7942 13.16594583229021
ONEWEB-0258             
1 48976U 21060K   26087.85154908 -.00000060  00000+0 -19180-3 0  9995
2 48976  87.9031 244.7504 0001764  96.9581 263.1750 13.16597581229021
ONEWEB-0259             
1 48977U 21060L   26087.92122075 -.00000031  00000+0 -11565-3 0  9991
2 48977  87.9033 244.7359 0001888  96.5161 263.6185 13.16594995229066
ONEWEB-0260             
1 48978U 21060M   26087.91250114 -.00000147  00000+0 -41876-3 0  9993
2 48978  87.9033 244.7434 0001629 113.2608 246.8695 13.16593768229041
ONEWEB-0261             
1 48979U 21060N   26087.88242202  .00000087  00000+0  19305-3 0  9992
2 48979  87.9027 244.7482 0002070 102.8964 257.2399 13.16593734229093
ONEWEB-0262             
1 48980U 21060P   26087.86265645  .00007607  00000+0  19858-1 0  9994
2 48980  87.9031 244.7354 0002117  86.6927 273.4446 13.16557426229055
ONEWEB-0263             
1 48981U 21060Q   26087.89430901  .00000041  00000+0  74506-4 0  9996
2 48981  87.9033 244.7407 0002106  99.6614 260.4755 13.16594964229026
ONEWEB-0264             
1 48982U 21060R   26087.70353213  .00000007  00000+0 -15215-4 0  9992
2 48982  87.9032 244.7825 0001859 105.9770 254.1566 13.16593636229001
ONEWEB-0266             
1 48984U 21060T   26087.87688334  .00000101  00000+0  23055-3 0  9991
2 48984  87.9032 244.7374 0001679  96.6278 263.5044 13.16592967229013
ONEWEB-0267             
1 48985U 21060U   26087.81198219  .00000154  00000+0  36971-3 0  9993
2 48985  87.9032 244.7467 0001924 101.8741 258.2606 13.16594840229011
ONEWEB-0268             
1 48986U 21060V   26087.70431955 -.00000050  00000+0 -16470-3 0  9998
2 48986  87.9031 244.7777 0001729 101.3328 258.7997 13.16594355229260
ONEWEB-0269             
1 48987U 21060W   26087.91330797 -.00000003  00000+0 -41207-4 0  9999
2 48987  87.9022 244.7477 0001530 102.3819 257.7484 13.16595001229061
ONEWEB-0270             
1 48988U 21060X   26087.70273694 -.00000029  00000+0 -11066-3 0  9996
2 48988  87.9031 244.7797 0002134  95.6062 264.5313 13.16594426229070
ONEWEB-0271             
1 48989U 21060Y   26087.91805392 -.00000075  00000+0 -22943-3 0  9993
2 48989  87.9034 244.7279 0002020 100.0417 260.0942 13.16592905229101
ONEWEB-0272             
1 48990U 21060Z   26087.86422791  .00000055  00000+0  11139-3 0  9998
2 48990  87.9030 244.7498 0001820 108.7515 251.3814 13.16595402229042
ONEWEB-0273             
1 48991U 21060AA  26087.88639680  .00000096  00000+0  21690-3 0  9996
2 48991  87.9034 244.7438 0001862  97.9266 262.2076 13.16594910229021
ONEWEB-0274             
1 48992U 21060AB  26087.91172929  .00000019  00000+0  15939-4 0  9994
2 48992  87.9022 244.7496 0001716 110.7579 249.3736 13.16594641229066
ONEWEB-0275             
1 48993U 21060AC  26087.82464813  .00000025  00000+0  30702-4 0  9993
2 48993  87.9033 244.7484 0001801 101.8716 258.2617 13.16594606228983
ONEWEB-0276             
1 48994U 21060AD  26087.85789537 -.00000004  00000+0 -43981-4 0  9992
2 48994  87.9031 244.7421 0001838  93.9779 266.1563 13.16594821229004
ONEWEB-0277             
1 48995U 21060AE  26087.87055180  .00000065  00000+0  13737-3 0  9995
2 48995  87.9022 244.7529 0001905  98.8990 261.2357 13.16592712228999
ONEWEB-0278             
1 48996U 21060AF  26087.86105363  .00000035  00000+0  57041-4 0  9998
2 48996  87.9034 244.7386 0001592  92.5195 267.6118 13.16594716229121
ONEWEB-0279             
1 48997U 21060AG  26087.79298706  .00000011  00000+0 -38677-5 0  9995
2 48997  87.9034 244.7515 0001975 104.0834 256.0517 13.16593660229043
ONEWEB-0280             
1 48998U 21060AH  26087.88401565  .00000081  00000+0  17818-3 0  9993
2 48998  87.9032 244.7379 0001918  89.5263 270.6088 13.16595564228993
ONEWEB-0281             
1 48999U 21060AJ  26087.81356710  .00000072  00000+0  15502-3 0  9996
2 48999  87.9032 244.7462 0001643 103.0151 257.1164 13.16594668229057
ONEWEB-0282             
1 49000U 21060AK  26087.91964083 -.00000043  00000+0 -14550-3 0  9991
2 49000  87.9032 244.7352 0001895  97.2970 262.8377 13.16594829229048
ONEWEB-0283             
1 49001U 21060AL  26087.68056834 -.00000018  00000+0 -80875-4 0  9998
2 49001  87.9031 244.7829 0001881 101.7772 258.3570 13.16594889229022
ONEWEB-0284             
1 49002U 21060AM  26087.82623586  .00000017  00000+0  12024-4 0  9997
2 49002  87.9035 244.7457 0001802  87.8999 272.2338 13.16594743229028
ONEWEB-0285             
1 49075U 21075A   26087.78252631 -.00000133  00000+0 -40379-3 0  9991
2 49075  87.9016   6.6246 0001829  77.3892 282.7441 13.12442915224668
ONEWEB-0286             
1 49076U 21075B   26087.84083945  .00000447  00000+0  12068-2 0  9998
2 49076  87.9006   6.6379 0001584  77.3472 282.7834 13.12444255224022
ONEWEB-0287             
1 49077U 21075C   26087.82619320 -.00000014  00000+0 -68033-4 0  9996
2 49077  87.9179  21.8245 0001469  69.6398 290.4891 13.17649821223049
ONEWEB-0288             
1 49078U 21075D   26087.81726633 -.00000005  00000+0 -49477-4 0  9993
2 49078  87.9016   6.6119 0001807  74.9799 285.1530 13.12445032224642
ONEWEB-0289             
1 49079U 21075E   26087.78884998  .00009900  00000+0  25409-1 0  9996
2 49079  87.9181  21.8448 0002949  89.2489 270.8980 13.17724929223619
ONEWEB-0290             
1 49080U 21075F   26087.83800542 -.00000006  00000+0 -47934-4 0  9997
2 49080  87.9187  21.8040 0002412  73.9938 286.1459 13.17650780223039
ONEWEB-0291             
1 49081U 21075G   26087.82282064  .00000030  00000+0  45206-4 0  9995
2 49081  87.9186  21.8156 0001761  66.8097 293.3220 13.17650103223024
ONEWEB-0293             
1 49082U 21075H   26087.84812741  .00000054  00000+0  10650-3 0  9999
2 49082  87.9178  21.8195 0001970  75.3196 284.8154 13.17651027223056
ONEWEB-0294             
1 49083U 21075J   26087.82405046  .00000308  00000+0  82210-3 0  9997
2 49083  87.9015   6.6135 0002087  71.4058 288.7297 13.12445234224032
ONEWEB-0295             
1 49084U 21075K   26087.84727183  .00000013  00000+0  10970-5 0  9998
2 49084  87.9174  21.8244 0001675  68.8318 291.2992 13.17651805223016
ONEWEB-0296             
1 49085U 21075L   26087.80369850 -.00000364  00000+0 -10472-2 0  9993
2 49085  87.9022   6.6217 0001697  66.6675 293.4632 13.12444854224033
ONEWEB-0297             
1 49086U 21075M   26087.75797255  .00000413  00000+0  11115-2 0  9990
2 49086  87.9006   6.6529 0001714  76.0426 284.0893 13.12445103224630
ONEWEB-0298             
1 49087U 21075N   26087.85164433 -.00000040  00000+0 -13625-3 0  9995
2 49087  87.9176  21.8206 0001750  82.3592 277.7738 13.17649540223041
ONEWEB-0299             
1 49088U 21075P   26087.85319158  .00000023  00000+0  25159-4 0  9997
2 49088  87.9186  21.7930 0001695  76.0662 284.0658 13.17649590223027
ONEWEB-0300             
1 49089U 21075Q   26087.82656899  .00000313  00000+0  83348-3 0  9996
2 49089  87.9017   6.6094 0001587  89.3914 270.7397 13.12446098224667
ONEWEB-0301             
1 49090U 21075R   26087.81048067 -.00000198  00000+0 -58628-3 0  9995
2 49090  87.9016   6.6127 0001729  90.3358 269.7969 13.12443352224020
ONEWEB-0302             
1 49091U 21075S   26087.79691981 -.00000408  00000+0 -11683-2 0  9995
2 49091  87.9020   6.6245 0001960  69.6438 290.4901 13.12444238224001
ONEWEB-0304             
1 49092U 21075T   26087.82786903  .00000041  00000+0  71728-4 0  9998
2 49092  87.9180  21.8274 0001753  74.8410 285.2915 13.17651116222991
ONEWEB-0305             
1 49093U 21075U   26087.82112260  .00000051  00000+0  99342-4 0  9991
2 49093  87.9186  21.8077 0001519  69.1933 290.9361 13.17651745223027
ONEWEB-0308             
1 49094U 21075V   26087.79014583 -.00000322  00000+0 -92912-3 0  9995
2 49094  87.9019   6.6187 0001800  78.5874 281.5457 13.12443417224019
ONEWEB-0309             
1 49095U 21075W   26087.82450984  .00000000  00000+0 -33171-4 0  9994
2 49095  87.9184  21.8219 0002083  68.2472 291.8881 13.17649929222993
ONEWEB-0310             
1 49096U 21075X   26087.80539976 -.00000272  00000+0 -79164-3 0  9995
2 49096  87.9010   6.6445 0001872  78.2459 281.8879 13.12442801224640
ONEWEB-0311             
1 49097U 21075Y   26087.83124019 -.00000008  00000+0 -53074-4 0  9997
2 49097  87.9187  21.8152 0001390  73.7595 286.3690 13.17649184223048
ONEWEB-0312             
1 49098U 21075Z   26087.84644808  .00000008  00000+0 -12925-4 0  9991
2 49098  87.9178  21.8285 0001763  67.9089 292.2230 13.17649832223027
ONEWEB-0313             
1 49099U 21075AA  26087.85137217 -.00000007  00000+0 -50538-4 0  9996
2 49099  87.9177  21.8339 0001742  76.8230 283.3096 13.17650327223012
ONEWEB-0314             
1 49100U 21075AB  26087.81775467 -.00000031  00000+0 -11270-3 0  9996
2 49100  87.9187  21.8051 0001714  66.3778 293.7533 13.17650508222984
ONEWEB-0315             
1 49101U 21075AC  26087.77829381  .00000032  00000+0  53191-4 0  9995
2 49101  87.9017   6.6077 0001415  80.4425 279.6863 13.12443183224626
ONEWEB-0316             
1 49102U 21075AD  26087.95741235 -.00000060  00000+0 -18594-3 0  9997
2 49102  87.9237 351.4053 0001654  78.3463 281.7854 13.18686684226637
ONEWEB-0317             
1 49103U 21075AE  26087.78167868 -.00000115  00000+0 -35567-3 0  9993
2 49103  87.9019   6.6295 0002546  75.9315 284.2097 13.12442980224642
ONEWEB-0318             
1 49104U 21075AF  26087.95411560  .00000014  00000+0  27712-5 0  9995
2 49104  87.9247 351.4003 0001491  79.2471 280.8829 13.18687547226599
ONEWEB-0319             
1 49105U 21075AG  26087.83293811 -.00000003  00000+0 -41711-4 0  9994
2 49105  87.9177  21.8252 0001292  82.3726 277.7552 13.17651224223028
ONEWEB-0323             
1 49106U 21075AH  26087.83930446  .00000464  00000+0  12545-2 0  9997
2 49106  87.9018   6.5999 0001209  73.5103 286.6159 13.12444550224019
ONEWEB-0329             
1 49107U 21075AJ  26087.84138507  .00000019  00000+0  15279-4 0  9992
2 49107  87.9178  21.8240 0001776  74.0704 286.0623 13.17649831223000
ONEWEB-0330             
1 49108U 21075AK  26087.91668981  .00002694  00000+0  69496-2 0  9994
2 49108  87.9184  21.8268 0001482  78.6426 167.1627 13.17205137  5269
ONEWEB-0292             
1 49186U 21083A   26087.95054240 -.00000224  00000+0 -64965-3 0  9996
2 49186  87.9004 336.2188 0001556  81.5912 278.5393 13.13469726220397
ONEWEB-0303             
1 49187U 21083B   26087.79906495  .00000008  00000+0 -13094-4 0  9994
2 49187  87.9244 351.4338 0001577  78.0285 282.1024 13.18688040219383
ONEWEB-0306             
1 49188U 21083C   26087.78916736  .00000039  00000+0  65465-4 0  9995
2 49188  87.9246 351.4192 0002005  78.7773 281.3584 13.18687874219421
ONEWEB-0307             
1 49189U 21083D   26087.71607346 -.00000185  00000+0 -54186-3 0  9994
2 49189  87.9005 336.2541 0001603  77.2243 282.9065 13.13469053220361
ONEWEB-0320             
1 49190U 21083E   26087.73556590  .00000018  00000+0  12516-4 0  9997
2 49190  87.9237 351.4573 0001763  77.8534 282.2795 13.18134611219376
ONEWEB-0321             
1 49191U 21083F   26087.82297410  .00000077  00000+0  15751-3 0  9999
2 49191  87.9146 290.4819 0002008  86.7691 273.3672 13.20771184226229
ONEWEB-0322             
1 49192U 21083G   26087.94038102 -.00000444  00000+0 -12519-2 0  9992
2 49192  87.9005 336.2148 0002129  87.5214 272.6159 13.13469435220380
ONEWEB-0324             
1 49193U 21083H   26087.78257027 -.00000009  00000+0 -54656-4 0  9991
2 49193  87.9244 351.4261 0001797  74.0561 286.0769 13.18688002219402
ONEWEB-0325             
1 49194U 21083J   26087.78586978  .00000201  00000+0  47670-3 0  9991
2 49194  87.9233 351.4410 0001970  80.6914 279.4441 13.18687380219417
ONEWEB-0326             
1 49195U 21083K   26087.80086459  .00000815  00000+0  20336-2 0  9994
2 49195  87.9247 351.4293 0001471  80.7411 279.3887 13.18683873219406
ONEWEB-0327             
1 49196U 21083L   26087.95232963 -.00000013  00000+0 -65651-4 0  9997
2 49196  87.9238 351.4099 0001383  87.6229 272.5061 13.18686425219445
ONEWEB-0328             
1 49197U 21083M   26087.70169336 -.00000162  00000+0 -47912-3 0  9998
2 49197  87.9022 336.2249 0001738  74.8334 285.2987 13.13468011220336
ONEWEB-0331             
1 49198U 21083N   26087.71823549 -.00000019  00000+0 -79665-4 0  9995
2 49198  87.9246 351.4389 0001475  73.8331 286.2964 13.18688507219404
ONEWEB-0333             
1 49199U 21083P   26087.92514926  .00000013  00000+0  16927-5 0  9990
2 49199  87.9004 336.2159 0001683  81.4056 278.7263 13.13468199220377
ONEWEB-0334             
1 49200U 21083Q   26087.91610008  .00000068  00000+0  13421-3 0  9994
2 49200  87.9137 290.4796 0002645  96.5186 263.6248 13.20771838226192
ONEWEB-0335             
1 49201U 21083R   26087.92007316  .00000159  00000+0  40018-3 0  9991
2 49201  87.9011 336.2120 0001509  78.1527 281.9772 13.13470374220380
ONEWEB-0336             
1 49202U 21083S   26087.73893401  .00000129  00000+0  31724-3 0  9990
2 49202  87.9009 336.2444 0001349  69.7698 290.3577 13.13471956220355
ONEWEB-0337             
1 49203U 21083T   26087.74897379  .00000311  00000+0  81796-3 0  9997
2 49203  87.9002 336.2506 0001665  71.8008 288.3302 13.13470861220355
ONEWEB-0338             
1 49204U 21083U   26087.81508871  .00000047  00000+0  83130-4 0  9993
2 49204  87.9136 290.5046 0002040  92.3375 267.7992 13.20771468226209
ONEWEB-0339             
1 49205U 21083V   26087.90990913  .00000350  00000+0  92360-3 0  9997
2 49205  87.9013 336.2084 0002002  80.2679 279.8676 13.13471814220352
ONEWEB-0340             
1 49206U 21083W   26087.78092054  .00000010  00000+0 -70773-5 0  9993
2 49206  87.9247 351.4319 0001689  78.9439 281.1883 13.18687589219379
ONEWEB-0341             
1 49207U 21083X   26087.71163788  .00000004  00000+0 -21865-4 0  9990
2 49207  87.9238 351.4542 0001922  64.1445 295.9885 13.18688265219380
ONEWEB-0342             
1 49208U 21083Y   26087.82140684  .00000160  00000+0  36138-3 0  9993
2 49208  87.9146 290.4836 0001864  89.2628 270.8719 13.20770453226170
ONEWEB-0343             
1 49209U 21083Z   26087.71988810 -.00000190  00000+0 -51424-3 0  9993
2 49209  87.9246 351.4478 0002187  69.4880 290.6486 13.18686166219437
ONEWEB-0344             
1 49210U 21083AA  26087.75248621  .00000351  00000+0  92527-3 0  9994
2 49210  87.9002 336.2610 0001782  67.4980 292.6338 13.13469190220337
ONEWEB-0345             
1 49211U 21083AB  26087.74402222  .00000266  00000+0  69409-3 0  9991
2 49211  87.9013 336.2322 0001766  69.6131 290.5188 13.13471155220349
ONEWEB-0346             
1 49212U 21083AC  26087.71658285  .00000023  00000+0  26081-4 0  9992
2 49212  87.9235 351.4548 0001096  76.9120 283.2135 13.18687056219376
ONEWEB-0348             
1 49213U 21083AD  26087.81193156  .00000063  00000+0  12271-3 0  9994
2 49213  87.9150 290.4883 0001263  77.0888 283.0386 13.20771517226201
ONEWEB-0350             
1 49214U 21083AE  26087.67717039 -.00000780  00000+0 -21701-2 0  9996
2 49214  87.9011 336.2447 0001692  67.1956 292.9352 13.13458434220360
ONEWEB-0351             
1 49215U 21083AF  26087.80548091  .00000094  00000+0  19848-3 0  9998
2 49215  87.9148 290.4880 0002573  83.3933 276.7494 13.20772332226163
ONEWEB-0352             
1 49216U 21083AG  26087.73385131 -.00000260  00000+0 -74684-3 0  9991
2 49216  87.9006 336.2489 0002166  79.3831 280.7542 13.13470383220460
ONEWEB-0354             
1 49217U 21083AH  26087.83086757  .00000008  00000+0 -13091-4 0  9990
2 49217  87.9148 290.4821 0001537  79.6537 280.4769 13.20771090226209
ONEWEB-0355             
1 49218U 21083AJ  26087.76278003  .00000213  00000+0  54892-3 0  9990
2 49218  87.9002 336.2522 0001882  74.7032 285.4305 13.13470155220345
ONEWEB-0357             
1 49219U 21083AK  26087.82771089  .00000056  00000+0  10696-3 0  9999
2 49219  87.9148 290.4775 0001857  87.0478 273.0868 13.20771179226207
ONEWEB-0332             
1 49279U 21090A   26087.83824585  .00000142  00000+0  34894-3 0  9996
2 49279  87.8952 305.7468 0001839  90.1835 269.9506 13.14503511217025
ONEWEB-0347             
1 49280U 21090B   26087.81824647  .00000097  00000+0  20771-3 0  9993
2 49280  87.9146 290.4882 0001807  97.6819 262.4520 13.20771741220434
ONEWEB-0349             
1 49281U 21090C   26087.84981319  .00000090  00000+0  18836-3 0  9999
2 49281  87.9147 290.4821 0001661  88.2441 271.8883 13.20771456219228
ONEWEB-0353             
1 49282U 21090D   26087.90643010  .00000208  00000+0  52761-3 0  9996
2 49282  87.8955 305.7277 0001771  92.5902 267.5430 13.14503621217039
ONEWEB-0356             
1 49283U 21090E   26087.92398558  .00000047  00000+0  83766-4 0  9994
2 49283  87.9148 290.4604 0001282 118.2302 241.8961 13.20771445219232
ONEWEB-0358             
1 49284U 21090F   26087.80246787  .00000089  00000+0  18726-3 0  9997
2 49284  87.9149 290.4876 0001580  88.6738 271.4576 13.20771406219945
ONEWEB-0359             
1 49285U 21090G   26087.79930483 -.00000004  00000+0 -42124-4 0  9998
2 49285  87.9147 290.4854 0001520  80.8240 279.3065 13.20771521219922
ONEWEB-0360             
1 49286U 21090H   26087.63830389  .00001910  00000+0  46646-2 0  9992
2 49286  87.9170 290.5262 0002389  87.7241 272.4166 13.20787933219216
ONEWEB-0361             
1 49287U 21090J   26087.84665320  .00000013  00000+0 -61128-6 0  9997
2 49287  87.9148 290.4801 0001538  92.4455 267.6854 13.20770887219697
ONEWEB-0362             
1 49288U 21090K   26087.88724406  .00000047  00000+0  84183-4 0  9993
2 49288  87.9199 320.9874 0001931  77.5785 282.5564 13.19726389216327
ONEWEB-0363             
1 49289U 21090L   26087.78667985  .00000028  00000+0  37138-4 0  9998
2 49289  87.9147 290.4928 0001377  96.5496 263.5794 13.20771806219699
ONEWEB-0364             
1 49290U 21090M   26087.82455116  .00000086  00000+0  17993-3 0  9996
2 49290  87.9139 290.4976 0001691  87.7984 272.3343 13.20770977220832
ONEWEB-0365             
1 49291U 21090N   26087.89671995  .00000025  00000+0  30544-4 0  9990
2 49291  87.9210 320.9666 0001810  83.5811 276.5528 13.19726129215837
ONEWEB-0366             
1 49292U 21090P   26087.90326299  .00000243  00000+0  62098-3 0  9997
2 49292  87.8944 305.7362 0001616  84.5032 275.6282 13.14503900217019
ONEWEB-0367             
1 49293U 21090Q   26087.86085280 -.00000050  00000+0 -15516-3 0  9996
2 49293  87.9147 290.4778 0001875  85.7308 274.4039 13.20771140219225
ONEWEB-0368             
1 49294U 21090R   26087.83402558  .00000056  00000+0  10468-3 0  9990
2 49294  87.9137 290.5029 0001911 113.0858 247.0477 13.20771096220371
ONEWEB-0369             
1 49295U 21090S   26087.89198541  .00000122  00000+0  27273-3 0  9997
2 49295  87.9201 320.9837 0001781  85.5241 274.6095 13.19726269215829
ONEWEB-0370             
1 49296U 21090T   26087.79457508  .00000058  00000+0  10965-3 0  9996
2 49296  87.9146 290.4921 0001750  79.3338 280.7993 13.20771723219250
ONEWEB-0371             
1 49297U 21090U   26087.89988013  .00000041  00000+0  69986-4 0  9998
2 49297  87.9200 320.9712 0001832  81.4613 278.6728 13.19726363215863
ONEWEB-0372             
1 49298U 21090V   26087.85914444  .00000017  00000+0  93163-5 0  9990
2 49298  87.9148 290.4798 0001764  90.3589 269.7747 13.20772203219238
ONEWEB-0373             
1 49299U 21090W   26087.81034603  .00000096  00000+0  20391-3 0  9995
2 49299  87.9141 290.4930 0001623  88.2767 271.8552 13.20772099220411
ONEWEB-0374             
1 49300U 21090X   26087.89057831  .00000258  00000+0  66088-3 0  9997
2 49300  87.8950 305.7239 0001123  99.5098 260.6158 13.14501449217012
ONEWEB-0375             
1 49301U 21090Y   26087.79772881  .00000129  00000+0  28610-3 0  9992
2 49301  87.9146 290.4848 0001160  92.5538 267.5728 13.20772716219914
ONEWEB-0376             
1 49302U 21090Z   26087.89829547  .00000028  00000+0  37499-4 0  9990
2 49302  87.9208 320.9663 0001930  85.9866 274.1488 13.19725729215860
ONEWEB-0377             
1 49303U 21090AA  26087.85942339 -.00000043  00000+0 -13657-3 0  9990
2 49303  87.9147 290.4741 0001594  82.2377 277.8937 13.20770572219911
ONEWEB-0378             
1 49304U 21090AB  26087.80575052  .00000100  00000+0  21285-3 0  9998
2 49304  87.9143 290.4943 0001606  91.9911 268.1406 13.20771625219179
ONEWEB-0379             
1 49305U 21090AC  26087.88581582  .00000218  00000+0  55417-3 0  9996
2 49305  87.8953 305.7357 0001560  89.2661 270.8647 13.14505564217016
ONEWEB-0380             
1 49306U 21090AD  26087.89513984  .00000053  00000+0  99509-4 0  9997
2 49306  87.9196 320.9803 0001511  77.8445 282.2856 13.19725896215835
ONEWEB-0381             
1 49307U 21090AE  26087.85612528 -.00000015  00000+0 -69769-4 0  9993
2 49307  87.9148 290.4790 0001456  92.9276 267.2024 13.20770782219220
ONEWEB-0382             
1 49308U 21090AF  26087.91925321  .00000000  00000+0 -32523-4 0  9990
2 49308  87.9147 290.4624 0001411  97.2536 262.8757 13.20771028219222
ONEWEB-0383             
1 49309U 21090AG  26087.87947630 -.00000008  00000+0 -55847-4 0  9996
2 49309  87.8952 305.7229 0001611  91.9564 268.1750 13.14503358217043
ONEWEB-0384             
1 49310U 21090AH  26087.83430017  .00000045  00000+0  79494-4 0  9993
2 49310  87.9148 290.5224 0001470 106.1163 254.0132 13.20808355219228
ONEWEB-0385             
1 49311U 21090AJ  26087.83560679  .00000057  00000+0  10896-3 0  9995
2 49311  87.9147 290.4837 0001522  93.1679 266.9628 13.20772196219193
ONEWEB-0386             
1 49312U 21090AK  26087.85296573  .00000017  00000+0  10497-4 0  9991
2 49312  87.9154 290.4657 0001548  97.3249 262.8060 13.20771827219217
ONEWEB-0387             
1 49313U 21090AL  26087.83718282  .00000017  00000+0  10462-4 0  9998
2 49313  87.9138 290.5038 0001390  83.5286 276.6006 13.20770845219219
ONEWEB-0388             
1 49314U 21090AM  26087.66295001  .00000053  00000+0  10085-3 0  9999
2 49314  87.9201 321.0236 0001613  86.0213 274.1104 13.19726200215792
ONEWEB-0389             
1 50469U 21132A   26087.78230469  .00000014  00000+0  27605-5 0  9994
2 50469  87.9176  21.8356 0001479  76.3338 283.7958 13.17651358207494
ONEWEB-0390             
1 50470U 21132B   26087.85994183  .00000038  00000+0  65371-4 0  9991
2 50470  87.9175  21.8206 0001950  72.1604 287.9740 13.17649008207509
ONEWEB-0391             
1 50471U 21132C   26087.86161524  .00000041  00000+0  73180-4 0  9999
2 50471  87.9175  21.8295 0001284  54.9893 305.1359 13.17651481207503
ONEWEB-0392             
1 50472U 21132D   26087.81606012 -.00000008  00000+0 -54122-4 0  9991
2 50472  87.9187  21.8006 0001478  73.5722 286.5572 13.17651383207533
ONEWEB-0393             
1 50473U 21132E   26087.86748287  .00011297  00000+0  29061-1 0  9999
2 50473  87.9179  21.8140 0001735  77.0899 283.0426 13.17572492207537
ONEWEB-0394             
1 50474U 21132F   26087.74462996 -.00000001  00000+0 -35427-4 0  9996
2 50474  87.9247 351.4263 0001593  80.0732 280.0580 13.18688255210992
ONEWEB-0395             
1 50475U 21132G   26087.90285369  .00000065  00000+0  14723-3 0  9995
2 50475  87.8891  37.0298 0001802  73.5340 286.5986 13.11419079205193
ONEWEB-0396             
1 50476U 21132H   26087.73803213  .00000022  00000+0  22963-4 0  9990
2 50476  87.9250 351.4397 0001665  79.3102 280.8217 13.18688510211033
ONEWEB-0397             
1 50477U 21132J   26087.75287814  .00000063  00000+0  12644-3 0  9995
2 50477  87.9247 351.4365 0001612  83.9308 276.2008 13.18688375211010
ONEWEB-0398             
1 50478U 21132K   26087.87065541 -.00003468  00000+0 -98276-2 0  9998
2 50478  87.8914  37.0193 0001792  70.2080 289.9241 13.11391550205081
ONEWEB-0399             
1 50479U 21132L   26087.85706433  .00000277  00000+0  74471-3 0  9994
2 50479  87.8901  37.0307 0001346  84.1071 276.0210 13.11416162205073
ONEWEB-0400             
1 50480U 21132M   26087.95905908  .00000025  00000+0  31615-4 0  9990
2 50480  87.9247 351.3859 0001868  73.6998 286.4339 13.18688890211039
ONEWEB-0401             
1 50481U 21132N   26087.77597809  .00000009  00000+0 -10791-4 0  9993
2 50481  87.9247 351.4180 0001798  84.7976 275.3361 13.18686177211015
ONEWEB-0402             
1 50482U 21132P   26087.73968353  .00000015  00000+0  49930-5 0  9990
2 50482  87.9247 351.4165 0001837  94.9857 265.1485 13.18686458211032
ONEWEB-0403             
1 50483U 21132Q   26087.76442657  .00000012  00000+0 -32033-5 0  9992
2 50483  87.9246 351.4349 0001679  76.4293 283.7026 13.18687522210993
ONEWEB-0404             
1 50484U 21132R   26087.91471386  .00000464  00000+0  12724-2 0  9993
2 50484  87.8894  37.0250 0001556  73.8149 286.3150 13.11417237205173
ONEWEB-0405             
1 50485U 21132S   26087.77927603 -.00000009  00000+0 -54431-4 0  9996
2 50485  87.9247 351.4158 0002090  66.1149 294.0202 13.18686180211393
ONEWEB-0406             
1 50486U 21132T   26087.76937538 -.00000032  00000+0 -11467-3 0  9991
2 50486  87.9239 351.4414 0001329  72.0629 288.0648 13.18686679211023
ONEWEB-0407             
1 50487U 21132U   26087.76278060  .00000101  00000+0  22338-3 0  9994
2 50487  87.9247 351.4280 0001931  82.0269 278.1083 13.18687841210961
ONEWEB-0409             
1 50488U 21132V   26087.91301720  .00000469  00000+0  12868-2 0  9995
2 50488  87.8901  37.0074 0001683  72.8440 287.2872 13.11417263205062
ONEWEB-0412             
1 50489U 21132W   26087.75123623  .00000020  00000+0  19127-4 0  9992
2 50489  87.9238 351.4432 0001769  88.7185 271.4150 13.18686969211053
ONEWEB-0413             
1 50490U 21132X   26087.75617708  .00000056  00000+0  11027-3 0  9995
2 50490  87.9236 351.4451 0001945  87.5265 272.6090 13.18688342210991
ONEWEB-0414             
1 50491U 21132Y   26087.74132134  .00000024  00000+0  27526-4 0  9997
2 50491  87.9247 351.4219 0001666  83.5566 276.5756 13.18687418211026
ONEWEB-0417             
1 50492U 21132Z   26087.74958280  .00000080  00000+0  17119-3 0  9994
2 50492  87.9238 351.4463 0001568  73.8127 286.3178 13.18686581211009
ONEWEB-0418             
1 50493U 21132AA  26087.75934928  .00000014  00000+0  40122-5 0  9998
2 50493  87.9249 351.4366 0001456  70.1042 290.0247 13.18686386211064
ONEWEB-0419             
1 50494U 21132AB  26087.77761422 -.00000002  00000+0 -37280-4 0  9997
2 50494  87.9245 351.4327 0001774  68.8365 291.2957 13.18688076210982
ONEWEB-0420             
1 50495U 21132AC  26087.74298266  .00000018  00000+0  13142-4 0  9992
2 50495  87.9238 351.4499 0001975  81.3328 278.8028 13.18685592210976
ONEWEB-0421             
1 50496U 21132AD  26087.73638997  .00000041  00000+0  70529-4 0  9999
2 50496  87.9245 351.4446 0001611  87.0768 273.0548 13.18687322211018
ONEWEB-0424             
1 50497U 21132AE  26087.77266119 -.00000437  00000+0 -11412-2 0  9992
2 50497  87.9243 351.4330 0001854  67.9936 292.1393 13.18685989211042
ONEWEB-0426             
1 50498U 21132AF  26087.73309294  .00000007  00000+0 -15359-4 0  9999
2 50498  87.9247 351.4330 0001113  89.0125 271.1135 13.18688002210982
ONEWEB-0427             
1 50499U 21132AG  26087.77101704  .00000037  00000+0  62159-4 0  9992
2 50499  87.9246 351.4121 0001535  73.4887 286.6414 13.18686691211018
ONEWEB-0429             
1 50500U 21132AH  26087.75782931  .00000076  00000+0  16094-3 0  9999
2 50500  87.9239 351.4458 0001925  80.3659 279.7691 13.18688146210985
ONEWEB-0430             
1 50501U 21132AJ  26087.74628968 -.00000027  00000+0 -10214-3 0  9994
2 50501  87.9239 351.4460 0001991  74.9239 285.2113 13.18685561211020
ONEWEB-0432             
1 50502U 21132AK  26087.78007905  .00000025  00000+0  31750-4 0  9996
2 50502  87.9244 351.4084 0001719  55.2539 304.8755 13.18646123210987
ONEWEB-0440             
1 50503U 21132AL  26087.76607748  .00000024  00000+0  29008-4 0  9998
2 50503  87.9246 351.4322 0001892  91.4699 268.6650 13.18687717210970
ONEWEB-0450             
1 50504U 21132AM  26087.75961520  .00000069  00000+0  14117-3 0  9992
2 50504  87.9238 351.4469 0002088  80.1591 279.9776 13.18688232211000
ONEWEB-0410             
1 51622U 22012A   26087.87680765  .00000051  00000+0  99214-4 0  9997
2 51622  87.9188  21.7974 0000587  49.6889 310.4294 13.17651436203121
ONEWEB-0411             
1 51623U 22012B   26087.83762211 -.00000414  00000+0 -12220-2 0  9996
2 51623  87.8806  52.2528 0002367  73.7261 286.4127 13.10370694198769
ONEWEB-0415             
1 51624U 22012C   26087.83431770 -.00000229  00000+0 -69143-3 0  9991
2 51624  87.8804  52.2560 0002066  76.2367 283.8991 13.10372607198761
ONEWEB-0416             
1 51625U 22012D   26087.92227466 -.00000610  00000+0 -17841-2 0  9998
2 51625  87.8803  52.2589 0001955  68.4380 291.6956 13.10372368198814
ONEWEB-0422             
1 51626U 22012E   26087.81100511  .00000059  00000+0  11868-3 0  9997
2 51626  87.9185  21.8135 0002346  91.4220 268.7180 13.17650743203221
ONEWEB-0423             
1 51627U 22012F   26087.88019259  .00000048  00000+0  90179-4 0  9994
2 51627  87.9186  21.8085 0001849  82.5426 277.5916 13.17649978203125
ONEWEB-0425             
1 51628U 22012G   26087.93223275 -.00000489  00000+0 -14382-2 0  9997
2 51628  87.8815  52.2358 0001538  82.8709 277.2593 13.10375213198815
ONEWEB-0428             
1 51629U 22012H   26087.83595976 -.00000329  00000+0 -97873-3 0  9997
2 51629  87.8802  52.2666 0001910  83.8238 276.3107 13.10370958198762
ONEWEB-0431             
1 51630U 22012J   26087.88231577  .00000531  00000+0  14845-2 0  9998
2 51630  87.8816  52.2443 0002537  76.3496 283.7914 13.10374228198820
ONEWEB-0434             
1 51631U 22012K   26087.93569133 -.00000402  00000+0 -11869-2 0  9999
2 51631  87.8810  52.2606 0001252  87.4577 272.6694 13.10376185198817
ONEWEB-0435             
1 51632U 22012L   26087.86752835 -.00001329  00000+0 -38442-2 0  9990
2 51632  87.8816  52.2644 0001852  91.1343 268.9996 13.10361586198794
ONEWEB-0436             
1 51633U 22012M   26087.87175430  .00000026  00000+0  35022-4 0  9996
2 51633  87.9186  21.7890 0002047  81.4200 278.7163 13.17648195203109
ONEWEB-0438             
1 51634U 22012N   26087.92724925 -.00000622  00000+0 -18169-2 0  9997
2 51634  87.8807  52.2536 0001684  80.8677 279.2641 13.10374216198835
ONEWEB-0439             
1 51635U 22012P   26087.93057658 -.00001046  00000+0 -30324-2 0  9999
2 51635  87.8806  52.2420 0001833  86.0764 274.0573 13.10370694198819
ONEWEB-0442             
1 51636U 22012Q   26087.86416510  .00000024  00000+0  28537-4 0  9996
2 51636  87.9177  21.8281 0001299  69.6559 290.4712 13.17650375203092
ONEWEB-0443             
1 51637U 22012R   26087.80762974  .00000072  00000+0  15216-3 0  9991
2 51637  87.9176  21.8420 0001714  88.3504 271.7824 13.17649725203135
ONEWEB-0444             
1 51638U 22012S   26087.92061331 -.00000569  00000+0 -16666-2 0  9996
2 51638  87.8802  52.2428 0001899  84.1740 275.9604 13.10372206198828
ONEWEB-0445             
1 51639U 22012T   26087.86584534 -.00000043  00000+0 -15872-3 0  9991
2 51639  87.8816  52.2345 0002017  76.0929 284.0422 13.10376077198823
ONEWEB-0446             
1 51640U 22012U   26087.91895572 -.00000516  00000+0 -15144-2 0  9992
2 51640  87.8803  52.2592 0001913  77.3805 282.7537 13.10371421198815
ONEWEB-0448             
1 51641U 22012V   26087.92393754 -.00001145  00000+0 -33173-2 0  9990
2 51641  87.8804  52.2560 0001847  83.4839 276.6498 13.10371986198783
ONEWEB-0449             
1 51642U 22012W   26087.92891086 -.00000594  00000+0 -17379-2 0  9999
2 51642  87.8815  52.2354 0001405  84.9326 275.1962 13.10374578198795
ONEWEB-0451             
1 51643U 22012X   26087.86835171  .00001973  00000+0  50458-2 0  9991
2 51643  87.9191  21.7848 0001710  82.9676 277.1650 13.17667910203085
ONEWEB-0452             
1 51644U 22012Y   26087.86668022  .00000006  00000+0 -16670-4 0  9998
2 51644  87.9178  21.8299 0001648  86.3947 273.7373 13.17651202203093
ONEWEB-0456             
1 51646U 22012AA  26087.93887944 -.00000228  00000+0 -68991-3 0  9993
2 51646  87.8828  52.2141 0002016  84.9143 275.2214 13.10375703198830
ONEWEB-0457             
1 51647U 22012AB  26087.83927697 -.00000465  00000+0 -13685-2 0  9995
2 51647  87.8801  52.2625 0001735  68.8638 291.2675 13.10371544198823
ONEWEB-0458             
1 51648U 22012AC  26087.93721140 -.00000277  00000+0 -82889-3 0  9996
2 51648  87.8814  52.2250 0001769  85.6537 274.4792 13.10377167198790
ONEWEB-0461             
1 51649U 22012AD  26087.88862933  .00000078  00000+0  16788-3 0  9999
2 51649  87.9193  21.7958 0001847  74.7599 285.3737 13.17649947203312
ONEWEB-0463             
1 51650U 22012AE  26087.87005629  .00000071  00000+0  14915-3 0  9994
2 51650  87.9176  21.8301 0001876  74.2860 285.8479 13.17651572203096
ONEWEB-0464             
1 51651U 22012AF  26087.93389774 -.00000502  00000+0 -14752-2 0  9997
2 51651  87.8807  52.2533 0002017  90.4488 269.6870 13.10374954198813
ONEWEB-0468             
1 51652U 22012AG  26087.86418288 -.00000152  00000+0 -47069-3 0  9992
2 51652  87.8807  52.2614 0002066  90.9233 269.2131 13.10375700198783
ONEWEB-0473             
1 51653U 22012AH  26087.92559219 -.00000577  00000+0 -16900-2 0  9990
2 51653  87.8804  52.2507 0001866  85.8293 274.3047 13.10373375198798
ONEWEB-0474             
1 51654U 22012AJ  26087.91729620 -.00000475  00000+0 -13965-2 0  9990
2 51654  87.8813  52.2294 0002035  90.0763 270.0598 13.10371549198785
ONEWEB-0475             
1 51655U 22012AK  26087.88186631  .00000052  00000+0  10108-3 0  9992
2 51655  87.9178  21.8197 0001915  99.4873 260.6475 13.17651667203118
ONEWEB-0490             
1 54113U 22138A   26087.92041313  .00000063  00000+0  12422-3 0  9998
2 54113  87.9203 320.9654 0001906  85.5587 274.5763 13.19726542166241
ONEWEB-0492             
1 54114U 22138B   26087.86987224  .00000045  00000+0  81079-4 0  9997
2 54114  87.9196 320.9824 0001938  80.8308 279.3044 13.19725898166244
ONEWEB-0495             
1 54115U 22138C   26087.69611837  .00000020  00000+0  16593-4 0  9995
2 54115  87.9199 321.0186 0002345  92.9550 267.1851 13.19725758166209
ONEWEB-0497             
1 54116U 22138D   26087.70875984  .00000024  00000+0  26967-4 0  9993
2 54116  87.9199 321.0068 0001790  83.5516 276.5821 13.19725788166192
ONEWEB-0499             
1 54117U 22138E   26087.91960863  .00000032  00000+0  47887-4 0  9991
2 54117  87.9202 320.9751 0001716  90.3741 269.7588 13.19726666166234
ONEWEB-0500             
1 54118U 22138F   26087.92199098  .00000025  00000+0  30206-4 0  9996
2 54118  87.9201 320.9640 0001759  80.1602 279.9730 13.19726001166247
ONEWEB-0501             
1 54119U 22138G   26087.87619312 -.00000034  00000+0 -11658-3 0  9998
2 54119  87.9198 320.9738 0001980  90.1458 269.9902 13.19726353166214
ONEWEB-0502             
1 54120U 22138H   26087.93778977  .00000039  00000+0  65055-4 0  9994
2 54120  87.9208 320.9480 0001831  91.1736 268.9607 13.19725867166240
ONEWEB-0503             
1 54121U 22138J   26087.92673230  .00000024  00000+0  27319-4 0  9995
2 54121  87.9208 320.9541 0001477  88.1567 271.9735 13.19725768166238
ONEWEB-0504             
1 54122U 22138K   26087.91409905  .00000052  00000+0  96861-4 0  9990
2 54122  87.9198 320.9656 0001820  90.9620 269.1721 13.19726111166245
ONEWEB-0505             
1 54123U 22138L   26087.91092559  .00000071  00000+0  14421-3 0  9996
2 54123  87.9212 320.9641 0002088  94.4972 265.6399 13.19723926166224
ONEWEB-0506             
1 54124U 22138M   26087.88566700  .00000084  00000+0  17838-3 0  9996
2 54124  87.9209 320.9666 0001941  90.4956 269.6399 13.19726293166216
ONEWEB-0507             
1 54125U 22138N   26087.90620305  .00000038  00000+0  61844-4 0  9998
2 54125  87.9197 320.9822 0001935  86.2474 273.8880 13.19725255166262
ONEWEB-0508             
1 54126U 22138P   26087.90302537  .00000106  00000+0  23230-3 0  9995
2 54126  87.9199 320.9819 0002237  87.0835 273.0553 13.19730272166249
ONEWEB-0509             
1 54127U 22138Q   26087.87776405  .00000018  00000+0  12644-4 0  9991
2 54127  87.9210 320.9683 0001796  84.9456 275.1881 13.19726903166217
ONEWEB-0510             
1 54128U 22138R   26087.82928952  .00000058  00000+0  11058-3 0  9994
2 54128  87.9148 290.4806 0001321  78.4814 281.6468 13.20771587168671
ONEWEB-0511             
1 54129U 22138S   26087.87459738 -.00000617  00000+0 -15724-2 0  9997
2 54129  87.9207 320.9732 0001630  93.8488 266.2832 13.19722992166245
ONEWEB-0512             
1 54130U 22138T   26087.71507213 -.00000066  00000+0 -19727-3 0  9990
2 54130  87.9199 321.0169 0001884  93.0586 267.0763 13.19725759166195
ONEWEB-0513             
1 54131U 22138U   26087.90521184  .00000027  00000+0  34794-4 0  9992
2 54131  87.9208 320.9327 0002113 110.4137 249.7223 13.20263400166126
ONEWEB-0514             
1 54132U 22138V   26087.88250360  .00000046  00000+0  82954-4 0  9997
2 54132  87.9198 320.9730 0001622  81.0880 279.0436 13.19725732166238
ONEWEB-0515             
1 54133U 22138W   26087.81666890  .00000092  00000+0  19364-3 0  9995
2 54133  87.9154 290.4728 0001821  60.6900 299.4415 13.20771007168699
ONEWEB-0516             
1 54134U 22138X   26087.93305191  .00000055  00000+0  10487-3 0  9999
2 54134  87.9197 320.9745 0001850  82.2424 277.8919 13.19725864166244
ONEWEB-0517             
1 54135U 22138Y   26087.91251779  .00000056  00000+0  10633-3 0  9994
2 54135  87.9201 320.9679 0001472  89.3769 270.7533 13.19725264166245
ONEWEB-0518             
1 54136U 22138Z   26087.70401981  .00000075  00000+0  15586-3 0  9997
2 54136  87.9196 321.0217 0001895  86.3708 273.7642 13.19725593166214
ONEWEB-0519             
1 54137U 22138AA  26087.88092318  .00000021  00000+0  18941-4 0  9997
2 54137  87.9209 320.9682 0001541  88.2831 271.8478 13.19726730166243
ONEWEB-0520             
1 54138U 22138AB  26087.68822620  .00000047  00000+0  86021-4 0  9995
2 54138  87.9201 321.0113 0001958  87.7983 272.3374 13.19726073166208
ONEWEB-0521             
1 54139U 22138AC  26087.64558017 -.00000067  00000+0 -20035-3 0  9994
2 54139  87.9211 321.0050 0001461  84.8434 275.2865 13.19725924166142
ONEWEB-0522             
1 54140U 22138AD  26087.92830559  .00000102  00000+0  22229-3 0  9996
2 54140  87.9209 320.9504 0001803  86.6143 273.5197 13.19726680166228
ONEWEB-0523             
1 54141U 22138AE  26087.80403968  .00000118  00000+0  25721-3 0  9991
2 54141  87.9147 290.4896 0001235  64.2037 295.9224 13.20771763168694
ONEWEB-0524             
1 54142U 22138AF  26087.79299691 -.00000016  00000+0 -72305-4 0  9996
2 54142  87.9142 290.4899 0002068  64.1727 295.9620 13.20770994168698
ONEWEB-0525             
1 54143U 22138AG  26087.87145113 -.00000045  00000+0 -14567-3 0  9992
2 54143  87.9198 320.9745 0001950  87.3658 272.7698 13.19726224166239
ONEWEB-0526             
1 54144U 22138AH  26087.90461019  .00000092  00000+0  19687-3 0  9991
2 54144  87.9209 320.9643 0001847  82.8460 277.2883 13.19726257166216
ONEWEB-0529             
1 54145U 22138AJ  26087.90777983  .00000058  00000+0  11135-3 0  9994
2 54145  87.9197 320.9796 0001962  86.2887 273.8470 13.19725823166235
ONEWEB-0531             
1 54146U 22138AK  26087.85454443  .00000067  00000+0  13363-3 0  9997
2 54146  87.9145 290.4760 0001520  55.5913 304.5364 13.20771717168703
ONEWEB-0535             
1 54147U 22138AL  26087.94094802  .00000004  00000+0 -22854-4 0  9995
2 54147  87.9208 320.9512 0001430  76.6914 283.4378 13.19725760166256
ONEWEB-0536             
1 54148U 22138AM  26087.91767772  .00000059  00000+0  11267-3 0  9990
2 54148  87.9133 290.4956 0001633  53.6422 306.4862 13.20771161168705
ONEWEB-0527             
1 54642U 22166A   26087.85684485 -.00000039  00000+0 -12519-3 0  9993
2 54642  87.9172 260.0054 0001734  94.2529 265.8803 13.21827470160925
ONEWEB-0528             
1 54643U 22166B   26087.86343679 -.00000007  00000+0 -48729-4 0  9990
2 54643  87.9172 260.0083 0001789  95.5058 264.6280 13.21825788160936
ONEWEB-0539             
1 54644U 22166C   26087.74989492  .00000460  00000+0  10825-2 0  9992
2 54644  87.9175 259.9972 0001823 104.1965 255.9371 13.21825766160915
ONEWEB-0540             
1 54645U 22166D   26087.75661615  .00000075  00000+0  15060-3 0  9997
2 54645  87.9172 260.0316 0001619  98.7700 261.3617 13.21826088160907
ONEWEB-0542             
1 54646U 22166E   26087.53267802  .00000047  00000+0  83226-4 0  9993
2 54646  87.9180 260.0378 0001536 106.1778 253.9526 13.21825875160888
ONEWEB-0545             
1 54647U 22166F   26087.72518902  .00000043  00000+0  72428-4 0  9993
2 54647  87.9173 260.0178 0001460 111.7638 248.3651 13.21823918160874
ONEWEB-0580             
1 54648U 22166G   26087.92595442  .00000006  00000+0 -18018-4 0  9995
2 54648  87.9173 259.9775 0001372 103.9974 256.1312 13.21827601160945
ONEWEB-0582             
1 54649U 22166H   26087.74164954  .00000033  00000+0  49334-4 0  9990
2 54649  87.9172 260.0071 0001441 109.5218 250.6071 13.21827131160890
ONEWEB-0583             
1 54650U 22166J   26087.90456467  .00000069  00000+0  13538-3 0  9998
2 54650  87.9174 259.9978 0001681 100.3452 259.7872 13.21825234160927
ONEWEB-0584             
1 54651U 22166K   26087.92430274  .00000028  00000+0  36036-4 0  9993
2 54651  87.9169 259.9809 0001369 102.3996 257.7291 13.21828199160918
ONEWEB-0585             
1 54652U 22166L   26087.72191468  .00000088  00000+0  18265-3 0  9990
2 54652  87.9171 260.0062 0001776  91.5775 268.5562 13.21826090160898
ONEWEB-0586             
1 54653U 22166M   26087.88647844  .00000075  00000+0  15111-3 0  9995
2 54653  87.9171 259.9990 0001650 102.6577 257.4742 13.21826641160913
ONEWEB-0587             
1 54654U 22166N   26087.89634458  .00000044  00000+0  75219-4 0  9996
2 54654  87.9183 259.9627 0002004  88.7679 271.3685 13.21825365161076
ONEWEB-0589             
1 54655U 22166P   26087.73178743  .00000072  00000+0  14217-3 0  9991
2 54655  87.9171 260.0181 0001097 122.3556 237.7684 13.21825184160918
ONEWEB-0590             
1 54656U 22166Q   26087.90772467  .00000043  00000+0  72686-4 0  9997
2 54656  87.9182 259.9651 0001436  82.3628 277.7669 13.21826167160922
ONEWEB-0591             
1 54657U 22166R   26087.84369291 -.00000076  00000+0 -21519-3 0  9994
2 54657  87.9174 259.9983 0001620  95.0448 265.0871 13.21825399160941
ONEWEB-0592             
1 54658U 22166S   26087.92267698 -.00000060  00000+0 -17687-3 0  9996
2 54658  87.9180 259.9545 0001660  95.3977 264.7346 13.21825850160830
ONEWEB-0593             
1 54659U 22166T   26087.71860527  .00000059  00000+0  11097-3 0  9999
2 54659  87.9175 260.0130 0001680 101.7189 258.4133 13.21825162160916
ONEWEB-0594             
1 54660U 22166U   26087.88976180  .00000093  00000+0  19408-3 0  9994
2 54660  87.9171 259.9964 0001835  94.3946 265.7397 13.21825386160951
ONEWEB-0595             
1 54661U 22166V   26087.71533469  .00000058  00000+0  10980-3 0  9993
2 54661  87.9181 260.0055 0001789  89.6589 270.4750 13.21825552160901
ONEWEB-0596             
1 54662U 22166W   26087.84038794 -.00001070  00000+0 -26216-2 0  9994
2 54662  87.9168 259.9966 0001844  92.9897 267.1448 13.21832858160922
ONEWEB-0597             
1 54663U 22166X   26087.89797909  .00000057  00000+0  10641-3 0  9998
2 54663  87.9170 259.9899 0001606  99.8101 260.3214 13.21823990160935
ONEWEB-0600             
1 54664U 22166Y   26087.50141175  .00000096  00000+0  20182-3 0  9999
2 54664  87.9173 260.0602 0001849 102.6515 257.4826 13.21825597160857
ONEWEB-0601             
1 54665U 22166Z   26087.72025381 -.00000222  00000+0 -56976-3 0  9997
2 54665  87.9171 260.0336 0001487 103.5472 256.5828 13.21825382161079
ONEWEB-0602             
1 54666U 22166AA  26087.91198529 -.00000006  00000+0 -46068-4 0  9996
2 54666  87.9174 260.0012 0001895 103.6188 256.5157 13.21825552160941
ONEWEB-0603             
1 54667U 22166AB  26087.84204403  .00000120  00000+0  25907-3 0  9991
2 54667  87.9183 259.9632 0001631 100.4197 259.7121 13.21826441160865
ONEWEB-0604             
1 54668U 22166AC  26087.90623218  .00000009  00000+0 -10270-4 0  9993
2 54668  87.9183 259.9650 0001775  94.6925 265.4412 13.21826645160838
ONEWEB-0605             
1 54669U 22166AD  26087.74824406  .00000025  00000+0  29686-4 0  9996
2 54669  87.9170 260.0181 0001122 100.2793 259.8467 13.21825754160882
ONEWEB-0606             
1 54670U 22166AE  26087.92101461  .00000035  00000+0  53941-4 0  9999
2 54670  87.9172 259.9965 0001727  90.4370 269.6962 13.21823586160964
ONEWEB-0607             
1 54671U 22166AF  26087.88810623  .00000082  00000+0  16623-3 0  9999
2 54671  87.9179 259.9688 0001634 101.1480 258.9838 13.21827845160935
ONEWEB-0608             
1 54672U 22166AG  26087.74330451  .00000155  00000+0  34398-3 0  9991
2 54672  87.9184 259.9918 0001281 107.9446 252.1827 13.21826007160924
ONEWEB-0610             
1 54673U 22166AH  26087.87495044  .00000072  00000+0  14389-3 0  9992
2 54673  87.9172 259.9880 0001354 117.6714 242.4558 13.21825606160845
ONEWEB-0611             
1 54674U 22166AJ  26087.86837552  .00000011  00000+0 -45415-5 0  9996
2 54674  87.9171 259.9861 0001842  93.5563 266.5782 13.21825898160838
ONEWEB-0612             
1 54675U 22166AK  26087.73012748 -.00000128  00000+0 -34160-3 0  9998
2 54675  87.9183 259.9997 0001638 100.4454 259.6865 13.21824961160804
ONEWEB-0615             
1 54676U 22166AL  26087.71038141 -.00000168  00000+0 -43820-3 0  9999
2 54676  87.9174 260.0260 0001708  97.1904 262.9424 13.21824966160815
ONEWEB-0655             
1 54677U 22166AM  26087.83710057  .00000095  00000+0  19818-3 0  9993
2 54677  87.9172 260.0025 0001779 104.8878 255.2453 13.21826058160829
ONEWEB-0659             
1 54678U 22166AN  26087.85354741 -.00000027  00000+0 -96859-4 0  9998
2 54678  87.9172 259.9996 0001656  93.5269 266.6055 13.21824097160911
ONEWEB-0685             
1 54679U 22166AP  26087.85414275 -.00000052  00000+0 -15797-3 0  9997
2 54679  87.9168 259.9941 0001649 102.5570 257.5749 13.21813734160808
ONEWEB-0712             
1 54680U 22166AQ  26087.88322032  .00000106  00000+0  24296-3 0  9993
2 54680  87.9035 244.7347 0002103 110.7471 249.3885 13.16595558161493
ONEWEB-0714             
1 54681U 22166AR  26087.86014340 -.00000002  00000+0 -35783-4 0  9993
2 54681  87.9172 259.9884 0001701 103.1236 257.0088 13.21826186160926
ONEWEB-0532             
1 55140U 23004A   26087.84475603  .00000051  00000+0  98461-4 0  9991
2 55140  87.9182  21.8190 0001600  68.7709 291.3594 13.17649937157003
ONEWEB-0533             
1 55141U 23004B   26087.79848128 -.00000440  00000+0 -12584-2 0  9996
2 55141  87.9020   6.6282 0001637  82.8555 277.2759 13.12444066157517
ONEWEB-0541             
1 55142U 23004C   26087.91810923  .00000553  00000+0  15256-2 0  9995
2 55142  87.8905  37.0074 0001922  74.9586 285.1755 13.11416663155422
ONEWEB-0543             
1 55143U 23004D   26087.81061483  .00000003  00000+0 -23976-4 0  9995
2 55143  87.9231 351.4494 0001958  85.7176 274.4180 13.18687452159104
ONEWEB-0544             
1 55144U 23004E   26087.95576843  .00000025  00000+0  31648-4 0  9990
2 55144  87.9236 351.4192 0001994  76.5578 283.5777 13.18687410159128
ONEWEB-0560             
1 55145U 23004F   26087.72154103 -.00000032  00000+0 -11422-3 0  9994
2 55145  87.9234 351.4550 0002012  77.8077 282.3281 13.18687563159109
ONEWEB-0565             
1 55146U 23004G   26087.71493950 -.00000037  00000+0 -12632-3 0  9999
2 55146  87.9225 351.4920 0002042  66.8640 293.2708 13.18686584159093
ONEWEB-0567             
1 55147U 23004H   26087.78422302 -.00000031  00000+0 -11235-3 0  9992
2 55147  87.9237 351.4548 0002088  71.3263 288.8095 13.18687324159109
ONEWEB-0569             
1 55148U 23004J   26087.71692717 -.00000416  00000+0 -11751-2 0  9994
2 55148  87.9022 336.2318 0002700  77.0688 283.0743 13.13471501159619
ONEWEB-0570             
1 55149U 23004K   26087.77432549  .00000030  00000+0  42999-4 0  9996
2 55149  87.9236 351.4547 0001580  63.1063 297.0230 13.18686814159096
ONEWEB-0571             
1 55150U 23004L   26087.76772901  .00000044  00000+0  79486-4 0  9992
2 55150  87.9237 351.4550 0002784  60.1649 299.9760 13.18686594159103
ONEWEB-0572             
1 55151U 23004M   26087.87512802  .00000096  00000+0  21449-3 0  9999
2 55151  87.9175  21.8150 0001990  73.2491 286.8859 13.17649803156907
ONEWEB-0573             
1 55152U 23004N   26087.76112732  .00000050  00000+0  94491-4 0  9994
2 55152  87.9235 351.4582 0002099  56.3334 303.7999 13.18687818159091
ONEWEB-0588             
1 55153U 23004P   26087.75453123  .00000018  00000+0  12979-4 0  9991
2 55153  87.9234 351.4598 0001672  64.7453 295.3852 13.18685669159095
ONEWEB-0598             
1 55154U 23004Q   26087.89605906 -.00000196  00000+0 -58838-3 0  9997
2 55154  87.8898  37.0305 0002482  74.3362 285.8040 13.11419059155371
ONEWEB-0599             
1 55155U 23004R   26087.83631930 -.00000019  00000+0 -82715-4 0  9994
2 55155  87.9176  21.8210 0002037  81.9405 278.1958 13.17649947156906
ONEWEB-0614             
1 55156U 23004S   26087.81466068 -.00000755  00000+0 -21657-2 0  9994
2 55156  87.8893  37.0549 0001640  78.5542 281.5771 13.11418581155305
ONEWEB-0616             
1 55157U 23004T   26087.87850598  .00000018  00000+0  13103-4 0  9995
2 55157  87.9181  21.8149 0002497  98.1461 261.9954 13.17650345157122
ONEWEB-0617             
1 55158U 23004U   26087.87909775 -.00000521  00000+0 -15058-2 0  9998
2 55158  87.8905  37.0275 0001543  69.9383 290.1911 13.11415470155335
ONEWEB-0618             
1 55159U 23004V   26087.82053261  .00008898  00000+0  51177-3 0  9990
2 55159  86.9104 210.2192 0011229 222.8155 137.2211 15.12287390170117
ONEWEB-0619             
1 55160U 23004W   26087.83462344 -.00000001  00000+0 -35177-4 0  9992
2 55160  87.9187  21.7977 0001531  89.7241 270.4066 13.17651340157013
ONEWEB-0620             
1 55161U 23004X   26087.87401697 -.00000409  00000+0 -11898-2 0  9995
2 55161  87.8892  37.0427 0001988  71.6994 288.4350 13.11415903155309
ONEWEB-0621             
1 55162U 23004Y   26087.90112830 -.00000297  00000+0 -87311-3 0  9997
2 55162  87.8907  37.0188 0001631  80.5102 279.6210 13.11418745155287
ONEWEB-0622             
1 55163U 23004Z   26087.90623190  .00000213  00000+0  56396-3 0  9999
2 55163  87.8904  37.0199 0001531  56.5854 303.5421 13.11417967155278
ONEWEB-0623             
1 55164U 23004AA  26087.82956004 -.00000029  00000+0 -10773-3 0  9990
2 55164  87.9177  21.8385 0001112  72.0460 288.0793 13.17651324157006
ONEWEB-0624             
1 55165U 23004AB  26087.79430380 -.00000332  00000+0 -95035-3 0  9992
2 55165  87.9012   6.5615 0001578  78.0910 282.0396 13.12924256157525
ONEWEB-0625             
1 55166U 23004AC  26087.81943459  .00000049  00000+0  91779-4 0  9997
2 55166  87.9177  21.8344 0001933  84.4484 275.6868 13.17651525156992
ONEWEB-0626             
1 55167U 23004AD  26087.80932358  .00000042  00000+0  76298-4 0  9995
2 55167  87.9176  21.8365 0002219  71.2674 288.8699 13.17648662156994
ONEWEB-0627             
1 55168U 23004AE  26087.87342609 -.00000005  00000+0 -44785-4 0  9994
2 55168  87.9176  21.8238 0001323  74.7141 285.4137 13.17651315157008
ONEWEB-0628             
1 55169U 23004AF  26087.82234272  .00000192  00000+0  49970-3 0  9991
2 55169  87.9014   6.6085 0001062  79.4965 280.6283 13.12445399157497
ONEWEB-0629             
1 55170U 23004AG  26087.84897065  .00000014  00000+0  24791-5 0  9999
2 55170  87.9175  21.8256 0001656  88.5394 271.5927 13.17649566157000
ONEWEB-0631             
1 55171U 23004AH  26087.74792032  .00000089  00000+0  19197-3 0  9991
2 55171  87.9245 351.4194 0001949  64.3291 295.8043 13.18688173159070
ONEWEB-0709             
1 55172U 23004AJ  26087.86385686  .00000010  00000+0 -80589-5 0  9998
2 55172  87.8889  37.0482 0002663  70.5468 289.5948 13.11415817155346
ONEWEB-0710             
1 55173U 23004AK  26087.86331085  .00000020  00000+0  17437-4 0  9994
2 55173  87.9174  21.8177 0001710  74.8406 285.2914 13.17649728157005
ONEWEB-0711             
1 55174U 23004AL  26087.83502176  .00000487  00000+0  13392-2 0  9994
2 55174  87.8907  37.0377 0001270  64.1645 295.9614 13.11419968155309
ONEWEB-0713             
1 55175U 23004AM  26087.85367879  .00000443  00000+0  12151-2 0  9990
2 55175  87.8902  37.0335 0001529  72.0873 288.0422 13.11416385155295
ONEWEB-0715             
1 55176U 23004AN  26087.84859322  .00000562  00000+0  15509-2 0  9991
2 55176  87.8901  37.0342 0002333  64.4762 295.6608 13.11417294155334
ONEWEB-0716             
1 55177U 23004AP  26087.85657170 -.00000018  00000+0 -80044-4 0  9996
2 55177  87.9178  21.8198 0001979  85.1068 275.0290 13.17650339157006
ONEWEB-0717             
1 55178U 23004AQ  26087.83969133  .00000040  00000+0  68780-4 0  9996
2 55178  87.9187  21.8042 0001389  59.8950 300.2319 13.17650502157058
ONEWEB-0719             
1 55179U 23004AR  26087.84981578 -.00000058  00000+0 -18246-3 0  9997
2 55179  87.9186  21.7836 0001828  85.0069 275.1272 13.17649872157009
ONEWEB-0530             
1 55796U 23029A   26087.78825901  .00000008  00000+0 -13400-4 0  9991
2 55796  87.9136 290.5305 0001175  91.5079 268.6189 13.20771389150532
ONEWEB-0534             
1 55797U 23029B   26087.85139043  .00000048  00000+0  86905-4 0  9998
2 55797  87.9140 290.5165 0001747  92.0286 268.1047 13.20771883150541
ONEWEB-0556             
1 55798U 23029C   26087.85770209 -.00000033  00000+0 -11310-3 0  9997
2 55798  87.9135 290.5171 0001827 119.4972 240.6344 13.20771749150544
ONEWEB-0562             
1 55799U 23029D   26087.92083225  .00000092  00000+0  19487-3 0  9997
2 55799  87.9136 290.4848 0001007 114.3841 245.7397 13.20771652150553
ONEWEB-0563             
1 55800U 23029E   26087.83875832  .00000051  00000+0  93169-4 0  9998
2 55800  87.9136 290.5315 0001855  95.3208 264.8137 13.20769818150535
ONEWEB-0564             
1 55801U 23029F   26087.83245312  .00000009  00000+0 -91721-5 0  9990
2 55801  87.9138 290.5051 0001327  93.0691 267.0594 13.20771094150542
ONEWEB-0638             
1 55802U 23029G   26087.86043823 -.00000184  00000+0 -53166-3 0  9991
2 55802  87.8945 305.7924 0001510 106.1800 253.9497 13.14500769148846
ONEWEB-0639             
1 55803U 23029H   26087.66611647  .00000066  00000+0  13162-3 0  9994
2 55803  87.9200 321.0296 0002715  88.6731 271.4713 13.19726471148289
ONEWEB-0640             
1 55804U 23029J   26087.86997453 -.00000133  00000+0 -39268-3 0  9991
2 55804  87.8948 305.7815 0001889 108.4724 251.6612 13.14504996148861
ONEWEB-0641             
1 55805U 23029K   26087.88882381  .00000002  00000+0 -27782-4 0  9990
2 55805  87.9201 320.9724 0001895  82.9214 277.2134 13.19726104148326
ONEWEB-0642             
1 55806U 23029L   26087.88409172  .00000044  00000+0  76704-4 0  9997
2 55806  87.9199 320.9875 0002563  81.6978 278.4446 13.19725861148313
ONEWEB-0643             
1 55807U 23029M   26087.83983155  .00000071  00000+0  15606-3 0  9994
2 55807  87.8948 305.7746 0002320  78.2667 281.8723 13.14503616148831
ONEWEB-0644             
1 55808U 23029N   26087.72771668 -.00000090  00000+0 -25645-3 0  9994
2 55808  87.9191 321.0238 0002060  80.8953 279.2413 13.19726132148290
ONEWEB-0645             
1 55809U 23029P   26087.90145343  .00000081  00000+0  17050-3 0  9999
2 55809  87.9199 320.9830 0002109  93.1749 266.9625 13.19726797148317
ONEWEB-0646             
1 55810U 23029Q   26087.91883212  .00000062  00000+0  12229-3 0  9998
2 55810  87.9199 320.9796 0002051  81.5096 278.6269 13.19725315148300
ONEWEB-0648             
1 55811U 23029R   26087.88423937  .00000096  00000+0  22549-3 0  9992
2 55811  87.8950 305.7317 0002573  95.7520 264.3903 13.14503972148847
ONEWEB-0649             
1 55812U 23029S   26087.64083179 -.00000018  00000+0 -77620-4 0  9994
2 55812  87.9199 321.0322 0001988  88.6148 271.5212 13.19726218148306
ONEWEB-0650             
1 55813U 23029T   26087.93936455  .00000140  00000+0  31701-3 0  9994
2 55813  87.9197 320.9757 0002214  83.6111 276.5274 13.19726086148310
ONEWEB-0652             
1 55814U 23029U   26087.56073201 -.00000127  00000+0 -37589-3 0  9992
2 55814  87.8946 305.8103 0001521  83.1458 276.9845 13.14504284148775
ONEWEB-0653             
1 55815U 23029V   26087.84934255 -.00000069  00000+0 -22122-3 0  9991
2 55815  87.8953 305.7447 0001552  90.1287 270.0021 13.14503724148843
ONEWEB-0654             
1 55816U 23029W   26087.84458005  .00000049  00000+0  98924-4 0  9996
2 55816  87.8948 305.7439 0001301  83.6986 276.4292 13.14504439148860
ONEWEB-0656             
1 55817U 23029X   26087.82613728  .00000148  00000+0  33120-3 0  9996
2 55817  87.9146 290.4743 0001272  89.0735 271.0544 13.20771676150544
ONEWEB-0657             
1 55818U 23029Y   26087.93462807  .00000025  00000+0  29735-4 0  9991
2 55818  87.9199 320.9749 0001589  56.8685 303.2600 13.19726588148329
ONEWEB-0658             
1 55819U 23029Z   26087.70244341  .00000020  00000+0  18664-4 0  9992
2 55819  87.9206 320.9902 0002154  81.8453 278.2924 13.19726178148303
ONEWEB-0660             
1 55820U 23029AA  26087.89850906  .00000276  00000+0  71124-3 0  9996
2 55820  87.8954 305.7215 0001854  95.0998 265.0343 13.14501552148850
ONEWEB-0661             
1 55821U 23029AB  26087.85726873 -.00000173  00000+0 -50070-3 0  9993
2 55821  87.8943 305.7837 0001763  96.2473 263.8858 13.14500730148831
ONEWEB-0662             
1 55822U 23029AC  26087.89215866  .00000213  00000+0  53983-3 0  9992
2 55822  87.8940 305.7844 0001866  94.8722 265.2621 13.14503409148887
ONEWEB-0663             
1 55823U 23029AD  26087.56290984 -.00000012  00000+0 -61446-4 0  9994
2 55823  87.9149 290.5999 0002101  95.4648 264.6725 13.20863761150506
ONEWEB-0664             
1 55824U 23029AE  26087.81351046  .00000111  00000+0  24075-3 0  9994
2 55824  87.9136 290.5398 0001642 106.3108 253.8206 13.20770970150534
ONEWEB-0665             
1 55825U 23029AF  26087.54963241 -.00000176  00000+0 -51003-3 0  9995
2 55825  87.8945 305.8258 0001937  92.7494 267.3857 13.14503911148812
ONEWEB-0666             
1 55826U 23029AG  26087.80719631  .00000080  00000+0  16500-3 0  9992
2 55826  87.9136 290.5307 0001443  65.1014 295.0269 13.20771616150549
ONEWEB-0667             
1 55827U 23029AH  26087.80088980  .00000042  00000+0  72341-4 0  9993
2 55827  87.9152 290.4759 0001798  94.9482 265.1857 13.20771658150536
ONEWEB-0669             
1 55828U 23029AJ  26087.79615117  .00000095  00000+0  20141-3 0  9998
2 55828  87.9135 290.4986 0001119  97.8429 262.2831 13.20772435150534
ONEWEB-0670             
1 55829U 23029AK  26087.60354335  .00000176  00000+0  44075-3 0  9993
2 55829  87.8945 305.8337 0001625 100.3080 259.8233 13.14504001148843
ONEWEB-0671             
1 55830U 23029AL  26087.92515051  .00000003  00000+0 -25284-4 0  9996
2 55830  87.9199 320.9782 0001814  88.4261 271.7079 13.19726445148312
ONEWEB-0672             
1 55831U 23029AM  26087.79140157  .00000038  00000+0  62746-4 0  9994
2 55831  87.9144 290.4880 0001447  82.5262 277.6036 13.20772587150536
ONEWEB-0673             
1 55832U 23029AN  26087.90224544  .00000081  00000+0  17005-3 0  9996
2 55832  87.9198 320.9683 0001759  87.2117 272.9217 13.19725901148311
ONEWEB-0674             
1 55833U 23029AP  26087.87630427  .00000010  00000+0 -85599-5 0  9992
2 55833  87.8941 305.7565 0001608 101.2071 258.9239 13.14504065148865
ONEWEB-0675             
1 55834U 23029AQ  26087.91725723  .00000128  00000+0  28861-3 0  9998
2 55834  87.9200 320.9811 0001786  72.9220 287.2108 13.19726068148331
ONEWEB-0720             
1 55835U 23029AR  26087.90936330  .00000085  00000+0  18030-3 0  9995
2 55835  87.9199 320.9833 0002060  87.1562 272.9807 13.19726169148256
ONEWEB-0537             
1 56046U 23043A   26087.86581064  .00000037  00000+0  62544-4 0  9998
2 56046  87.9030 244.7367 0001591  94.6704 265.4609 13.16593842148398
ONEWEB-0538             
1 56047U 23043B   26087.85947446  .00000076  00000+0  16426-3 0  9998
2 56047  87.9031 244.7401 0001868  91.7748 268.3596 13.16594287148405
ONEWEB-0546             
1 56048U 23043C   26087.92281096 -.00000072  00000+0 -22160-3 0  9999
2 56048  87.9033 244.7260 0001164  82.8163 277.3100 13.16596312148404
ONEWEB-0547             
1 56049U 23043D   26087.85932637 -.00000023  00000+0 -86660-4 0  9998
2 56049  87.9175 259.9794 0001821  93.9808 266.1534 13.21826190147616
ONEWEB-0548             
1 56050U 23043E   26087.79536622  .00000064  00000+0  13506-3 0  9998
2 56050  87.9030 244.7504 0001650 115.5584 244.5717 13.16595374148380
ONEWEB-0549             
1 56051U 23043F   26087.92759330  .00000050  00000+0  88649-4 0  9993
2 56051  87.9171 259.9773 0001935  91.2908 268.8448 13.21828410147621
ONEWEB-0550             
1 56052U 23043G   26087.83875308  .00000012  00000+0 -24100-5 0  9990
2 56052  87.9174 259.9909 0001629  97.9827 262.1492 13.21825947147616
ONEWEB-0551             
1 56053U 23043H   26087.76262939 -.00000022  00000+0 -92961-4 0  9994
2 56053  87.8928 275.2813 0001960  87.8025 272.3330 13.15549835145821
ONEWEB-0552             
1 56054U 23043J   26087.90950674  .00000061  00000+0  11724-3 0  9999
2 56054  87.9170 259.9845 0001920  99.3043 260.8308 13.21827418147620
ONEWEB-0553             
1 56055U 23043K   26087.85314476 -.00000060  00000+0 -19044-3 0  9992
2 56055  87.9032 244.7420 0001327  97.3778 262.7504 13.16594626148405
ONEWEB-0554             
1 56056U 23043L   26087.91647284 -.00000054  00000+0 -17562-3 0  9992
2 56056  87.9032 244.7395 0001599 109.6168 250.5136 13.16594773148395
ONEWEB-0555             
1 56057U 23043M   26087.87847633  .00000068  00000+0  14557-3 0  9992
2 56057  87.9033 244.7325 0001173  90.1296 269.9970 13.16594734148391
ONEWEB-0557             
1 56058U 23043N   26087.81672783  .00000021  00000+0  20172-4 0  9999
2 56058  87.9035 244.7563 0001021 146.5180 213.6016 13.16594606148382
ONEWEB-0558             
1 56059U 23043P   26087.75151848  .00000114  00000+0  24422-3 0  9991
2 56059  87.9173 260.0090 0002158  86.1986 273.9395 13.21827867147615
ONEWEB-0559             
1 56060U 23043Q   26087.89141695  .00000111  00000+0  23799-3 0  9990
2 56060  87.9172 259.9747 0002049  96.2401 263.8967 13.21825397147647
ONEWEB-0566             
1 56061U 23043R   26087.73343826  .00000091  00000+0  18785-3 0  9990
2 56061  87.9171 260.0052 0002037  93.2019 266.9348 13.21824733147604
ONEWEB-0568             
1 56062U 23043S   26087.91013714 -.00000026  00000+0 -10231-3 0  9999
2 56062  87.9035 244.7278 0001473  95.2471 264.8828 13.16593202148418
ONEWEB-0574             
1 56063U 23043T   26087.72685072  .00000110  00000+0  23591-3 0  9996
2 56063  87.9185 260.0018 0001594 101.4575 258.6738 13.21827279147642
ONEWEB-0575             
1 56064U 23043U   26087.90380331 -.00000013  00000+0 -67238-4 0  9998
2 56064  87.9034 244.7262 0001360 110.0950 250.0328 13.16595188148401
ONEWEB-0576             
1 56065U 23043V   26087.88481184  .00000101  00000+0  22950-3 0  9991
2 56065  87.9036 244.7347 0001493 104.7502 255.3794 13.16594928148392
ONEWEB-0577             
1 56066U 23043W   26087.81512883 -.00000796  00000+0 -21160-2 0  9999
2 56066  87.9035 244.7477 0001433 124.9306 235.1960 13.16596336148415
ONEWEB-0578             
1 56067U 23043X   26087.86508210  .00000007  00000+0 -13911-4 0  9995
2 56067  87.9173 259.9788 0001504  89.7019 270.4288 13.21825203147621
ONEWEB-0579             
1 56068U 23043Y   26087.70380675 -.00000039  00000+0 -12671-3 0  9999
2 56068  87.9179 260.0028 0001935  99.5668 260.5685 13.21824228147611
ONEWEB-0581             
1 56069U 23043Z   26087.82147241 -.00000002  00000+0 -39293-4 0  9993
2 56069  87.9034 244.7573 0001521 120.2432 239.8850 13.16595586148382
ONEWEB-0609             
1 56070U 23043AA  26087.94321224 -.00000026  00000+0 -10433-3 0  9993
2 56070  87.8925 275.2331 0001734  90.3579 269.7750 13.15548951145884
ONEWEB-0613             
1 56071U 23043AB  26087.55823956 -.00000005  00000+0 -46483-4 0  9992
2 56071  87.8923 275.3208 0001962  93.7633 266.3722 13.15549377145838
ONEWEB-0630             
1 56072U 23043AC  26087.78165324 -.00000048  00000+0 -16190-3 0  9994
2 56072  87.8925 275.2459 0001976  94.7006 265.4350 13.15549638145857
ONEWEB-0632             
1 56073U 23043AD  26087.77690653 -.00000190  00000+0 -53797-3 0  9994
2 56073  87.8928 275.2646 0001624  99.8310 260.3004 13.15548230145850
ONEWEB-0633             
1 56074U 23043AE  26087.92267779 -.00000089  00000+0 -27062-3 0  9994
2 56074  87.8938 275.2046 0002133  89.3288 270.8087 13.15549182145854
ONEWEB-0634             
1 56075U 23043AF  26087.90841850  .00000022  00000+0  24463-4 0  9999
2 56075  87.8928 275.2545 0001594  82.2840 277.8471 13.15550300145841
ONEWEB-0635             
1 56076U 23043AG  26087.90365778  .00000097  00000+0  22278-3 0  9993
2 56076  87.8937 275.2112 0001551 102.5662 257.5642 13.15549635145870
ONEWEB-0636             
1 56077U 23043AH  26087.81967779  .00000196  00000+0  48566-3 0  9991
2 56077  87.8928 275.2405 0001564  99.8322 260.2985 13.15549667145844
ONEWEB-0637             
1 56078U 23043AJ  26087.88939801  .00000135  00000+0  32365-3 0  9997
2 56078  87.8927 275.2442 0001345  91.9094 268.2190 13.15549415145871
ONEWEB-0647             
1 56079U 23043AK  26087.88465267  .00000127  00000+0  30423-3 0  9992
2 56079  87.8926 275.2573 0001728  96.6371 263.4956 13.15548749145866
ONEWEB-0651             
1 56080U 23043AL  26087.87989414  .00000312  00000+0  79585-3 0  9996
2 56080  87.8923 275.2531 0001453  98.5400 261.5896 13.15550199147066
ONEWEB-0718             
1 56081U 23043AM  26087.87513761 -.00000069  00000+0 -21804-3 0  9997
2 56081  87.8925 275.2345 0001734  76.1172 284.0151 13.15550154145874
ONEWEB-0561             
1 56710U 23068A   26087.81982709  .00000051  00000+0  93883-4 0  9995
2 56710  87.9146 290.4900 0001708 104.6153 255.5170 13.20771030138894
ONEWEB-0668             
1 56711U 23068B   26087.79614594  .00000149  00000+0  35570-3 0  9993
2 56711  87.9042 244.7461 0001396  83.1871 276.9419 13.16593133141208
ONEWEB-0676             
1 56712U 23068C   26087.88005165  .00000084  00000+0  18710-3 0  9997
2 56712  87.9031 244.7398 0001558 110.7828 249.3470 13.16595646141139
ONEWEB-0677             
1 56713U 23068D   26087.80876202  .00000494  00000+0  11835-2 0  9993
2 56713  87.9143 290.4845 0001601  91.7348 268.3969 13.20761898139199
ONEWEB-0678             
1 56714U 23068E   26087.91951046 -.00000046  00000+0 -15621-3 0  9999
2 56714  87.8938 275.2098 0001930  97.8367 262.2982 13.15549400138739
ONEWEB-0679             
1 56715U 23068F   26087.91489197 -.00000011  00000+0 -62277-4 0  9995
2 56715  87.9041 244.7203 0001109 100.0623 260.0633 13.16594980141169
ONEWEB-0680             
1 56716U 23068G   26087.85847956 -.00000016  00000+0 -70468-4 0  9996
2 56716  87.9185 259.9733 0001267  81.9249 278.2028 13.21828603140482
ONEWEB-0681             
1 56717U 23068H   26087.83791947  .00000018  00000+0  11467-4 0  9997
2 56717  87.9172 259.9839 0001616 131.3958 228.7315 13.21827328140472
ONEWEB-0682             
1 56718U 23068J   26087.79120794 -.00000035  00000+0 -12726-3 0  9998
2 56718  87.8925 275.2393 0001294  79.6717 280.4560 13.15548248138886
ONEWEB-0683             
1 56719U 23068K   26087.81493437  .00000168  00000+0  41305-3 0  9999
2 56719  87.8938 275.2304 0001516  84.0377 276.0926 13.15548829138851
ONEWEB-0684             
1 56720U 23068L   26087.74680298  .00000213  00000+0  53110-3 0  9994
2 56720  87.8934 275.2362 0003079  90.8946 269.2537 13.15549299138670
ONEWEB-0686             
1 56721U 23068M   26087.79929931  .00000027  00000+0  37005-4 0  9999
2 56721  87.9021 244.7786 0001813  88.5160 271.6178 13.16595360141130
ONEWEB-0694             
1 56722U 23068N   26087.88164622  .00000122  00000+0  28565-3 0  9994
2 56722  87.9043 244.7109 0001408  86.6351 273.4941 13.16595222141208
ONEWEB-0696             
1 56723U 23068P   26087.78005642 -.00000120  00000+0 -35367-3 0  9998
2 56723  87.8928 275.2734 0002126  98.2955 261.8416 13.15546411138793
ONEWEB-0703             
1 56724U 23068Q   26087.56140389  .00000005  00000+0 -20633-4 0  9995
2 56724  87.8926 275.2982 0002402 113.4599 246.6783 13.15549464138652
ONEWEB-0721             
1 56725U 23068R   26087.78969758  .00000055  00000+0  97539-4 0  9992
2 56725  86.6727 111.1886 0001941  93.8087 266.3268 13.22463200147311
ONEWEB-0015             
1 61594U 24188A   26087.81636560 -.00000346  00000+0 -10119-2 0  9994
2 61594  87.8893  37.0698 0001282  85.2125 274.9150 13.11420505 73920
ONEWEB-0687             
1 61595U 24188B   26087.81437876  .00000066  00000+0  13665-3 0  9991
2 61595  87.9166  21.8432 0001485  63.3858 296.7426 13.17649988 75314
ONEWEB-0688             
1 61596U 24188C   26087.84305577 -.00000151  00000+0 -42195-3 0  9994
2 61596  87.9168  21.8370 0000677 102.4082 257.7125 13.17651342 75314
ONEWEB-0689             
1 61597U 24188D   26087.85028902  .00000543  00000+0  14965-2 0  9996
2 61597  87.8912  37.0068 0001855  69.4075 290.7252 13.11417180 73924
ONEWEB-0690             
1 61598U 24188E   26087.86046586  .00000177  00000+0  46238-3 0  9998
2 61598  87.8903  37.0238 0002275  96.2313 263.9074 13.11415813 74100
ONEWEB-0691             
1 61599U 24188F   26087.85537457  .00000411  00000+0  11230-2 0  9994
2 61599  87.8910  36.9263 0001428  79.1872 280.9417 13.11417161 73954
ONEWEB-0692             
1 61600U 24188G   26087.87570049 -.00000365  00000+0 -10653-2 0  9991
2 61600  87.8892  37.0505 0002546  67.3596 292.7801 13.11416273 73941
ONEWEB-0693             
1 61601U 24188H   26087.85487402  .00000019  00000+0  16169-4 0  9994
2 61601  87.9167  21.8560 0002162 101.4947 258.6427 13.17649299 75303
ONEWEB-0695             
1 61602U 24188J   26087.85197120  .00000410  00000+0  11208-2 0  9992
2 61602  87.8894  37.0468 0002097  65.1970 294.9376 13.11417947 73935
ONEWEB-0697             
1 61603U 24188K   26087.88418941 -.00000460  00000+0 -13335-2 0  9993
2 61603  87.8895  37.0297 0002586  70.3865 289.7542 13.11417762 73922
ONEWEB-0698             
1 61604U 24188L   26087.86215854  .00000064  00000+0  14483-3 0  9994
2 61604  87.8892  37.0497 0003054  85.1454 275.0022 13.11415759 73948
ONEWEB-0699             
1 61605U 24188M   26087.88745932 -.00000086  00000+0 -28211-3 0  9992
2 61605  87.8808  52.2457 0002348  76.1002 284.0387 13.10363971 72798
ONEWEB-0700             
1 61606U 24188N   26087.88909779  .00000733  00000+0  20642-2 0  9990
2 61606  87.8825  52.1417 0002337  66.8671 293.2703 13.10372713 72786
ONEWEB-0701             
1 61607U 24188P   26087.90568954  .00000083  00000+0  20134-3 0  9995
2 61607  87.8808  52.2414 0002661  73.4225 286.7194 13.10370047 72795
ONEWEB-0702             
1 61608U 24188Q   26087.83163786  .00000290  00000+0  78197-3 0  9994
2 61608  87.8913  36.9470 0002658  63.4143 296.7257 13.11417601 73957
ONEWEB-0704             
1 61609U 24188R   26087.89408086  .00000559  00000+0  15665-2 0  9994
2 61609  87.8822  52.2220 0002569  63.5035 296.6356 13.10370518 72775
ONEWEB-0705             
1 61610U 24188S   26087.82268991  .00000394  00000+0  10911-2 0  9994
2 61610  87.8813  52.2474 0001752  45.4247 314.7023 13.10371354 64936
ONEWEB-0706             
1 61611U 24188T   26087.88411721  .00000708  00000+0  19911-2 0  9990
2 61611  87.8806  52.2458 0002165  65.4827 294.6526 13.10374388 72861
ONEWEB-0707             
1 61612U 24188U   26087.89075640  .00000627  00000+0  17586-2 0  9994
2 61612  87.8813  52.2335 0002205  67.2114 292.9247 13.10372669 72803
ONEWEB-0708             
1 61613U 24188V   26087.90900066 -.00000105  00000+0 -33695-3 0  9999
2 61613  87.8800  52.2559 0001443  68.1525 291.9756 13.10370480 72787
