ONEWEB-0012             
1 44057U 19010A   26125.54289277  .00000133  00000+0  31554-3 0  9998
2 44057  87.9097 237.2526 0002335 102.5783 257.5610 13.16595535345953
ONEWEB-0010             
1 44058U 19010B   26125.56822240 -.00000009  00000+0 -58011-4 0  9996
2 44058  87.9097 237.2430 0001739  91.9457 268.1873 13.16594935346003
ONEWEB-0008             
1 44059U 19010C   26125.36555999  .00000108  00000+0  24791-3 0  9994
2 44059  87.9093 237.2798 0001789 109.7493 250.3831 13.16593001346099
ONEWEB-0007             
1 44060U 19010D   26125.44271397  .00000092  00000+0  20987-3 0  9997
2 44060  87.8961 267.7440 0001998  90.1278 270.0081 13.15549120345752
ONEWEB-0006             
1 44061U 19010E   26125.44667896  .00000110  00000+0  25865-3 0  9992
2 44061  87.8974 267.7031 0001767  92.6845 267.4488 13.15549236345809
ONEWEB-0011             
1 44062U 19010F   26125.41498530 -.00000095  00000+0 -28736-3 0  9991
2 44062  87.8976 267.7182 0001623  97.5787 262.5527 13.15547809345791
ONEWEB-0013             
1 45131U 20008A   26125.53272094 -.00000534  00000+0 -15874-2 0  9992
2 45131  87.8516  61.4254 0002766  92.6723 267.4721 13.09450826300485
ONEWEB-0017             
1 45132U 20008B   26125.46859979  .00000283  00000+0  77349-3 0  9993
2 45132  87.8850  44.7697 0001792  71.9760 288.1562 13.10369885302358
ONEWEB-0020             
1 45133U 20008C   26125.51506928  .00000160  00000+0  42307-3 0  9993
2 45133  87.8869  44.7560 0001888  77.6636 282.4702 13.10376204302759
ONEWEB-0021             
1 45134U 20008D   26125.53002367  .00000786  00000+0  22141-2 0  9991
2 45134  87.8852  44.7722 0001946  77.0598 283.0747 13.10374305303069
ONEWEB-0023             
1 45136U 20008F   26125.46445250  .00000526  00000+0  14699-2 0  9998
2 45136  87.8853  44.7650 0001918  83.1258 277.0087 13.10370121302489
ONEWEB-0024             
1 45137U 20008G   26125.51340966  .00000056  00000+0  12433-3 0  9996
2 45137  87.8868  44.7457 0001887  76.4204 283.7133 13.10376238302652
ONEWEB-0025             
1 45138U 20008H   26125.51303574  .00001281  00000+0  36488-2 0  9997
2 45138  87.8873  44.7340 0001134  31.3015 328.8180 13.10093153302986
ONEWEB-0026             
1 45139U 20008J   26125.43236681  .00000068  00000+0  15557-3 0  9990
2 45139  87.8927  29.5697 0001667  75.6197 284.5115 13.11416686305504
ONEWEB-0028             
1 45140U 20008K   26125.46961375 -.00000098  00000+0 -31443-3 0  9997
2 45140  87.8920  29.5664 0002301  87.3514 272.7877 13.10852544303027
ONEWEB-0032             
1 45141U 20008L   26125.47032346 -.00000410  00000+0 -12130-2 0  9995
2 45141  87.8862  44.7701 0002318  84.8084 275.3308 13.10332932302702
ONEWEB-0033             
1 45142U 20008M   26125.29265331  .00000567  00000+0  15874-2 0  9997
2 45142  87.8854  44.8143 0001640  62.3530 297.7763 13.10376254302594
ONEWEB-0035             
1 45143U 20008N   26125.47244882  .00000221  00000+0  59217-3 0  9993
2 45143  87.8848  44.7746 0001790  74.6930 285.4395 13.10882729302349
ONEWEB-0036             
1 45144U 20008P   26125.50007394 -.00000550  00000+0 -16260-2 0  9990
2 45144  87.8872  44.7631 0001937  84.9415 275.1933 13.09821477302777
ONEWEB-0038             
1 45145U 20008Q   26125.44267569 -.00000296  00000+0 -87057-3 0  9996
2 45145  87.8937  29.5711 0003213  56.3664 303.7771 13.11417549304727
ONEWEB-0039             
1 45146U 20008R   26125.52504250  .00000604  00000+0  16933-2 0  9992
2 45146  87.8861  44.7568 0002264  85.6854 274.4532 13.10374645302572
ONEWEB-0040             
1 45147U 20008S   26125.51839709  .00000349  00000+0  96273-3 0  9994
2 45147  87.8856  44.7702 0001908  76.0985 284.0354 13.10376328302276
ONEWEB-0043             
1 45149U 20008U   26125.52005513  .00000435  00000+0  12095-2 0  9990
2 45149  87.8858  44.7560 0002355  87.6193 272.5204 13.10376097302592
ONEWEB-0044             
1 45150U 20008V   26125.47192272  .00000500  00000+0  13961-2 0  9991
2 45150  87.8863  44.7638 0002145  81.9808 278.1563 13.10369886302883
ONEWEB-0045             
1 45151U 20008W   26125.43745222 -.00000069  00000+0 -23168-3 0  9990
2 45151  87.8929  29.5570 0001916  79.2117 280.9226 13.11417618304800
ONEWEB-0047             
1 45152U 20008X   26125.46528231  .00000495  00000+0  13811-2 0  9997
2 45152  87.8858  44.7651 0001883  73.0631 287.0703 13.10371415302604
ONEWEB-0048             
1 45153U 20008Y   26125.53666243  .00000712  00000+0  20032-2 0  9997
2 45153  87.8854  44.7749 0001856  76.0595 284.0738 13.10372153302224
ONEWEB-0049             
1 45154U 20008Z   26125.23441595  .00000543  00000+0  15189-2 0  9995
2 45154  87.8854  44.8235 0001731  92.0592 268.0733 13.10371406302400
ONEWEB-0051             
1 45155U 20008AA  26125.43576402 -.00000091  00000+0 -29154-3 0  9992
2 45155  87.8923  29.5681 0001833  79.4980 280.6354 13.11413438305489
ONEWEB-0052             
1 45156U 20008AB  26125.48366972 -.00000344  00000+0 -10216-2 0  9996
2 45156  87.8857  44.7592 0001773  93.1388 266.9942 13.10371693302341
ONEWEB-0053             
1 45157U 20008AC  26125.51673743  .00000164  00000+0  43399-3 0  9995
2 45157  87.8859  44.7760 0002184  90.2545 269.8833 13.10376916302323
ONEWEB-0054             
1 45158U 20008AD  26125.47523307  .00000039  00000+0  76644-4 0  9992
2 45158  87.8859  44.7632 0001809  80.2309 279.9023 13.10370308302436
ONEWEB-0056             
1 45159U 20008AE  26125.52894178  .00000639  00000+0  17822-2 0  9993
2 45159  87.8861  44.7497 0001596  79.5650 280.5657 13.10842492302598
ONEWEB-0057             
1 45160U 20008AF  26125.23469697  .00000510  00000+0  14238-2 0  9993
2 45160  87.8858  44.8189 0002177  91.4435 268.6942 13.10371126302725
ONEWEB-0058             
1 45161U 20008AG  26125.52684102  .00000691  00000+0  19444-2 0  9990
2 45161  87.8858  44.7684 0001947  71.4665 288.6674 13.10375419302837
ONEWEB-0059             
1 45162U 20008AH  26125.52339432  .00000590  00000+0  16527-2 0  9991
2 45162  87.8854  44.7685 0002071  76.5214 283.6144 13.10376840302735
ONEWEB-0062             
1 45163U 20008AJ  26125.47127186  .00000228  00000+0  61244-3 0  9992
2 45163  87.8856  44.7639 0001814  64.9751 295.1565 13.10879991302592
ONEWEB-0065             
1 45164U 20008AK  26125.50330628 -.00000410  00000+0 -12115-2 0  9991
2 45164  87.8861  44.7655 0001836  90.1190 270.0148 13.10375347302291
ONEWEB-0066             
1 45424U 20020A   26125.49680875  .00000526  00000+0  14493-2 0  9991
2 45424  87.8926  29.5596 0001980  77.4397 282.6952 13.11417075297082
ONEWEB-0067             
1 45425U 20020B   26125.45857839 -.00000436  00000+0 -12664-2 0  9994
2 45425  87.8943  29.4822 0001873  87.1577 272.9765 13.11423012297130
ONEWEB-0080             
1 45426U 20020C   26125.45794245 -.00000422  00000+0 -12266-2 0  9999
2 45426  87.8933  29.5605 0001747  68.6965 291.4349 13.11418554297101
ONEWEB-0090             
1 45427U 20020D   26125.48676402  .00000517  00000+0  14233-2 0  9996
2 45427  87.8932  29.5597 0001800  77.6900 282.4430 13.11419092297075
ONEWEB-0061             
1 45428U 20020E   26125.44240355 -.00000352  00000+0 -10301-2 0  9998
2 45428  87.8930  29.5539 0001826  77.6601 282.4732 13.11417017297021
ONEWEB-0081             
1 45429U 20020F   26125.42389539  .00000440  00000+0  12068-2 0  9993
2 45429  87.8920  29.5699 0002001  81.8962 278.2393 13.11414634297131
ONEWEB-0069             
1 45430U 20020G   26125.49331813  .00000623  00000+0  17348-2 0  9993
2 45430  87.8927  29.5540 0001885  80.6902 279.4439 13.10857615297071
ONEWEB-0031             
1 45431U 20020H   26125.46118295 -.00000339  00000+0 -99256-3 0  9993
2 45431  87.8922  29.5728 0001717  72.7786 287.3530 13.11419915297057
ONEWEB-0027             
1 45432U 20020J   26124.64257616  .00000016  00000+0  68229-5 0  9992
2 45432  87.9184  14.5016 0001435  76.7780 283.3511 13.17649854300624
ONEWEB-0064             
1 45433U 20020K   26125.45948455 -.00000437  00000+0 -12701-2 0  9991
2 45433  87.8922  29.5636 0001663  75.1801 284.9511 13.11419333297081
ONEWEB-0018             
1 45434U 20020L   26125.49172294  .00000611  00000+0  16893-2 0  9994
2 45434  87.8923  29.5566 0002122  72.4317 287.7042 13.11417652297035
ONEWEB-0083             
1 45435U 20020M   26125.48168296  .00000517  00000+0  14233-2 0  9992
2 45435  87.8931  29.5493 0001800  76.3647 283.7682 13.11417764297079
ONEWEB-0095             
1 45436U 20020N   26125.47319250  .00000154  00000+0  39961-3 0  9993
2 45436  87.8933  29.5595 0001300 100.7112 259.4162 13.11421740297071
ONEWEB-0092             
1 45437U 20020P   26125.44264404 -.00000216  00000+0 -64157-3 0  9997
2 45437  87.8933  29.5641 0001717  89.1501 270.9824 13.11952408297183
ONEWEB-0085             
1 45438U 20020Q   26125.48139050 -.00001778  00000+0 -50514-2 0  9995
2 45438  87.8922  29.5597 0001851  78.2893 281.8443 13.11429797297070
ONEWEB-0096             
1 45439U 20020R   26125.48322917  .00000528  00000+0  14551-2 0  9993
2 45439  87.8933  29.5513 0001858  79.6237 280.5101 13.11420338297063
ONEWEB-0037             
1 45440U 20020S   26125.45632495 -.00000422  00000+0 -12192-2 0  9991
2 45440  87.8943  29.5336 0001740  82.1176 278.0149 13.11909582297090
ONEWEB-0042             
1 45441U 20020T   26125.47292095  .00000164  00000+0  42619-3 0  9991
2 45441  87.8933  29.5501 0001882  80.6576 279.4765 13.11420124297064
ONEWEB-0098             
1 45442U 20020U   26125.46882476  .00001536  00000+0  42979-2 0  9991
2 45442  87.8945  29.5599 0001977  75.3783 284.7564 13.11410355297040
ONEWEB-0055             
1 45443U 20020V   26125.44806568 -.00000383  00000+0 -11088-2 0  9996
2 45443  87.8929  29.5633 0001836  72.6096 287.5233 13.11919797297018
ONEWEB-0093             
1 45444U 20020W   26125.42743127  .00000326  00000+0  88339-3 0  9995
2 45444  87.8923  29.5599 0002153  85.0371 275.1002 13.11414648297079
ONEWEB-0029             
1 45445U 20020X   26125.44540795 -.00000443  00000+0 -12957-2 0  9998
2 45445  87.8920  29.5656 0001949  81.1487 278.9861 13.10885175297056
ONEWEB-0068             
1 45446U 20020Y   26125.42715301  .00000294  00000+0  79428-3 0  9993
2 45446  87.8932  29.5634 0002007  79.8717 280.2637 13.11416253296999
ONEWEB-0046             
1 45447U 20020Z   26125.49510720  .00000518  00000+0  14262-2 0  9992
2 45447  87.8932  29.5570 0001935  86.5392 273.5957 13.11417866297017
ONEWEB-0063             
1 45448U 20020AA  26125.44762384 -.00000400  00000+0 -11641-2 0  9993
2 45448  87.8931  29.5638 0001739  86.9660 273.1667 13.11417555297093
ONEWEB-0019             
1 45449U 20020AB  26125.48649051  .00000560  00000+0  15454-2 0  9994
2 45449  87.8925  29.5455 0001736  73.8807 286.2511 13.11419045296941
ONEWEB-0094             
1 45450U 20020AC  26125.45086403  .00000099  00000+0  22287-3 0  9999
2 45450  87.9184  14.3394 0001951  76.2140 283.9209 13.17648299300687
ONEWEB-0087             
1 45451U 20020AD  26125.45766280 -.00000455  00000+0 -13198-2 0  9996
2 45451  87.8939  29.5329 0002102  78.4924 281.6440 13.11418648296980
ONEWEB-0082             
1 45452U 20020AE  26125.45440860 -.00000453  00000+0 -13133-2 0  9997
2 45452  87.8929  29.5534 0002045  77.9576 282.1781 13.11418327297070
ONEWEB-0050             
1 45453U 20020AF  26125.57128194 -.00000403  00000+0 -43942-4 0  9992
2 45453  88.9282 238.9944 0005965 113.9960 246.1894 14.90195983334039
ONEWEB-0034             
1 45454U 20020AG  26125.47924372  .00000415  00000+0  11429-2 0  9998
2 45454  87.8933  29.5529 0001818  77.8591 282.2740 13.10933780296994
ONEWEB-0060             
1 45455U 20020AH  26125.44677813 -.00000450  00000+0 -13065-2 0  9990
2 45455  87.8920  29.5653 0002813  73.7814 286.3623 13.11417094296944
ONEWEB-0086             
1 45456U 20020AJ  26125.42559517  .00000322  00000+0  87378-3 0  9994
2 45456  87.8930  29.5622 0002276  63.1084 297.0276 13.11416582297009
ONEWEB-0088             
1 45457U 20020AK  26125.47985781  .00000342  00000+0  93018-3 0  9996
2 45457  87.8942  29.5202 0001898  92.2283 267.9062 13.11417692296944
ONEWEB-0102             
1 47258U 20100A   26125.36490216 -.00000437  00000+0 -12500-2 0  9991
2 47258  87.8975 359.1902 0001858  74.8778 285.2556 13.12443618259118
ONEWEB-0109             
1 47259U 20100B   26125.37336774 -.00000526  00000+0 -14972-2 0  9995
2 47259  87.8984 359.1680 0001630  79.1983 280.9328 13.12443806258944
ONEWEB-0110             
1 47260U 20100C   26125.40049418  .00000462  00000+0  12496-2 0  9993
2 47260  87.8983 359.1471 0001928  75.8759 284.2584 13.12445014259111
ONEWEB-0111             
1 47261U 20100D   26125.35473742 -.00000401  00000+0 -11495-2 0  9992
2 47261  87.8987 359.1746 0001887  81.9118 278.2225 13.12441784258947
ONEWEB-0114             
1 47262U 20100E   26125.38523405 -.00000012  00000+0 -69019-4 0  9993
2 47262  87.8985 359.1653 0001492  84.8580 275.2719 13.12445371258907
ONEWEB-0117             
1 47263U 20100F   26125.37676403 -.00000289  00000+0 -83817-3 0  9997
2 47263  87.8983 359.1594 0001771  80.8335 279.2994 13.12444473258916
ONEWEB-0118             
1 47264U 20100G   26125.41066115  .00000375  00000+0  10077-2 0  9997
2 47264  87.8981 359.1552 0001563  90.8911 269.2396 13.12442603259110
ONEWEB-0119             
1 47265U 20100H   26125.35982117 -.00000255  00000+0 -74369-3 0  9994
2 47265  87.8970 359.1854 0001714  81.0764 279.0559 13.12443810259087
ONEWEB-0120             
1 47266U 20100J   26125.38367601 -.00000076  00000+0 -24524-3 0  9992
2 47266  87.8975 359.1821 0001652  81.2619 278.8696 13.12444953259111
ONEWEB-0121             
1 47267U 20100K   26125.37169066 -.00000325  00000+0 -93888-3 0  9993
2 47267  87.8984 359.1664 0002071  83.4273 276.7092 13.12444495259021
ONEWEB-0122             
1 47268U 20100L   26125.36575448 -.00000350  00000+0 -10092-2 0  9991
2 47268  87.8987 359.1706 0001711  76.6296 283.5024 13.12443975258933
ONEWEB-0123             
1 47269U 20100M   26125.36151274 -.00000578  00000+0 -16430-2 0  9993
2 47269  87.8977 359.1843 0001735  84.9459 275.1868 13.12441955259079
ONEWEB-0124             
1 47270U 20100N   26125.35134869 -.00000230  00000+0 -67380-3 0  9991
2 47270  87.8973 359.1901 0001873  82.8778 277.2564 13.12441897258953
ONEWEB-0125             
1 47271U 20100P   26125.40557488  .00000516  00000+0  14002-2 0  9991
2 47271  87.8985 359.1578 0001957  89.7837 270.3516 13.12444832259024
ONEWEB-0126             
1 47272U 20100Q   26125.34980454 -.00000003  00000+0 -44009-4 0  9993
2 47272  87.8979 359.1873 0001641  81.8859 278.2456 13.12441508259086
ONEWEB-0127             
1 47273U 20100R   26125.39201286  .00000233  00000+0  61289-3 0  9999
2 47273  87.8972 359.1798 0001626  79.4817 280.6495 13.12446333259111
ONEWEB-0128             
1 47274U 20100S   26125.33781362  .00000398  00000+0  10709-2 0  9994
2 47274  87.8972 359.2046 0001995  74.9875 285.1474 13.12443516259120
ONEWEB-0129             
1 47275U 20100T   26124.63134394  .00000339  00000+0  90629-3 0  9999
2 47275  87.8986 359.3141 0000760  52.1938 307.9259 13.12444377258961
ONEWEB-0130             
1 47276U 20100U   26125.11586140  .00000135  00000+0  34035-3 0  9997
2 47276  87.8984 359.2127 0001711  78.3617 281.7704 13.12443180258992
ONEWEB-0131             
1 47277U 20100V   26125.34118588  .00000353  00000+0  94718-3 0  9996
2 47277  87.8972 359.1909 0001760  80.2453 279.8874 13.12444046259068
ONEWEB-0132             
1 47278U 20100W   26125.36998190 -.00000377  00000+0 -10833-2 0  9997
2 47278  87.8974 359.1856 0001809  80.4474 279.6859 13.12445115258968
ONEWEB-0133             
1 47279U 20100X   26125.08184996  .00000161  00000+0  41259-3 0  9994
2 47279  87.8988 359.2142 0001890  78.5911 281.5430 13.12445239259085
ONEWEB-0134             
1 47280U 20100Y   26125.35643003 -.00000454  00000+0 -12962-2 0  9990
2 47280  87.8988 359.1566 0001717  72.4748 287.6568 13.12441723259099
ONEWEB-0135             
1 47281U 20100Z   26125.40388220  .00000462  00000+0  12494-2 0  9991
2 47281  87.8975 359.1759 0001796  71.5428 288.5896 13.12444466259127
ONEWEB-0136             
1 47282U 20100AA  26125.34627216  .00000169  00000+0  43396-3 0  9996
2 47282  87.8981 359.1650 0001667  70.6790 289.4518 13.12443930259041
ONEWEB-0137             
1 47283U 20100AB  26125.07520429 -.00000103  00000+0 -32102-3 0  9998
2 47283  87.8991 359.2269 0001737  86.3582 273.7746 13.12445361258915
ONEWEB-0138             
1 47284U 20100AC  26125.35815034 -.00000229  00000+0 -67189-3 0  9991
2 47284  87.8983 359.1775 0001639  74.8047 285.3262 13.12443256259034
ONEWEB-0139             
1 47285U 20100AD  26125.39895301  .00000467  00000+0  12616-2 0  9997
2 47285  87.8979 359.1565 0001728  81.6020 278.5304 13.12444188259118
ONEWEB-0140             
1 47286U 20100AE  26125.35304681 -.00000005  00000+0 -49066-4 0  9991
2 47286  87.8984 359.1554 0001895  78.7785 281.3556 13.12443956259071
ONEWEB-0141             
1 47287U 20100AF  26125.39866111  .00000424  00000+0  11430-2 0  9992
2 47287  87.8985 359.1520 0001633  91.9644 268.1672 13.12445302259065
ONEWEB-0142             
1 47288U 20100AG  26125.38705625 -.00000018  00000+0 -85313-4 0  9998
2 47288  87.8979 359.1779 0001373  87.9773 272.1512 13.12442349259059
ONEWEB-0143             
1 47289U 20100AH  26125.39710471  .00000367  00000+0  98375-3 0  9991
2 47289  87.8984 359.1729 0001735  82.6332 277.4993 13.12444911259032
ONEWEB-0144             
1 47290U 20100AJ  26125.36828759 -.00000385  00000+0 -11060-2 0  9996
2 47290  87.8987 359.1503 0001451  75.8992 284.2298 13.12443214258957
ONEWEB-0145             
1 47291U 20100AK  26125.33950353  .00000390  00000+0  10492-2 0  9992
2 47291  87.8975 359.1889 0001653  80.6446 279.4869 13.12443609259144
ONEWEB-0146             
1 47292U 20100AL  26125.41235169  .00000403  00000+0  10838-2 0  9992
2 47292  87.8983 359.1632 0002094  82.7810 277.3556 13.12443738259062
ONEWEB-0147             
1 47293U 20100AM  26125.37845870 -.00000193  00000+0 -57079-3 0  9991
2 47293  87.8987 359.1509 0001816  76.9558 283.1773 13.12444804258953
ONEWEB-0115             
1 48042U 21025A   26125.36390914 -.00000292  00000+0 -83458-3 0  9994
2 48042  87.8957 328.7534 0001827  87.2278 272.9061 13.13470501247979
ONEWEB-0152             
1 48043U 21025B   26125.52981053 -.00000137  00000+0 -41037-3 0  9998
2 48043  87.8951 328.7185 0001880  86.0725 274.0619 13.13470442247953
ONEWEB-0153             
1 48044U 21025C   26125.50779374 -.00000282  00000+0 -80619-3 0  9998
2 48044  87.8949 328.7267 0001674  88.2795 271.8526 13.13470439247941
ONEWEB-0154             
1 48045U 21025D   26125.04733618 -.00000173  00000+0 -50898-3 0  9994
2 48045  87.8949 328.8159 0001769  83.5855 276.5475 13.13470172247841
ONEWEB-0116             
1 48046U 21025E   26125.08628931  .00000319  00000+0  83955-3 0  9990
2 48046  87.8962 328.8018 0001936  86.5415 273.5936 13.13470237247999
ONEWEB-0150             
1 48047U 21025F   26125.06258371 -.00000190  00000+0 -55416-3 0  9996
2 48047  87.8960 328.8039 0001721  94.3771 265.7555 13.13471278247889
ONEWEB-0107             
1 48048U 21025G   26125.06426371 -.00000220  00000+0 -63616-3 0  9999
2 48048  87.8961 328.7993 0001509  88.0129 272.1173 13.13471382247862
ONEWEB-0101             
1 48049U 21025H   26125.02702811  .00000203  00000+0  51996-3 0  9999
2 48049  87.8950 328.8266 0001645  82.6032 277.5284 13.13469817247838
ONEWEB-0113             
1 48050U 21025J   26125.52226184 -.00003329  00000+0 -90963-2 0  9990
2 48050  87.8966 328.6410 0001776  88.6756 271.4576 13.13912734248008
ONEWEB-0112             
1 48051U 21025K   26125.06935847 -.00000013  00000+0 -71144-4 0  9992
2 48051  87.8960 328.7959 0001609  80.6922 279.4389 13.13470730247930
ONEWEB-0156             
1 48052U 21025L   26125.07782258  .00000188  00000+0  48074-3 0  9996
2 48052  87.8959 328.8046 0001658  89.8794 270.2525 13.13470647247915
ONEWEB-0161             
1 48053U 21025M   26125.50948647 -.00000308  00000+0 -87747-3 0  9997
2 48053  87.8951 328.7224 0001560  89.7771 270.3537 13.13470303247903
ONEWEB-0158             
1 48054U 21025N   26125.31650530  .00000301  00000+0  78816-3 0  9996
2 48054  87.8957 328.7565 0002024  81.2186 278.9172 13.13471692248004
ONEWEB-0157             
1 48055U 21025P   26125.49424432  .00000037  00000+0  67722-4 0  9997
2 48055  87.8961 328.7260 0001375  87.4445 272.6842 13.13470468247965
ONEWEB-0162             
1 48056U 21025Q   26125.54659756  .00000246  00000+0  63937-3 0  9998
2 48056  87.8951 328.7183 0001748  92.5794 267.5535 13.13471011247942
ONEWEB-0155             
1 48057U 21025R   26125.55350361  .00000311  00000+0  81676-3 0  9993
2 48057  87.8953 328.7133 0001619  82.5696 277.5618 13.13470469248082
ONEWEB-0149             
1 48058U 21025S   26125.04227041 -.00000143  00000+0 -42515-3 0  9990
2 48058  87.8962 328.8161 0001739  93.8937 266.2391 13.13469958247826
ONEWEB-0148             
1 48059U 21025T   26125.08120305  .00000243  00000+0  63168-3 0  9996
2 48059  87.8952 328.8189 0001650 106.7762 253.3548 13.13471452247955
ONEWEB-0160             
1 48060U 21025U   26125.55520865  .00000302  00000+0  79094-3 0  9996
2 48060  87.8950 328.7206 0002495  83.6658 276.4755 13.13469805247965
ONEWEB-0163             
1 48061U 21025V   26125.53995060  .00000122  00000+0  29987-3 0  9994
2 48061  87.8950 328.7167 0001465  86.0117 274.1179 13.13471333248083
ONEWEB-0159             
1 48062U 21025W   26125.07443034  .00000088  00000+0  20664-3 0  9997
2 48062  87.8961 328.8005 0001485  84.3760 275.7539 13.13474266247944
ONEWEB-0164             
1 48063U 21025X   26125.05580910 -.00000237  00000+0 -68326-3 0  9996
2 48063  87.8962 328.8103 0001816  85.2718 274.8619 13.13471272247927
ONEWEB-0167             
1 48064U 21025Y   26125.31228366  .00000192  00000+0  48979-3 0  9990
2 48064  87.8951 328.7734 0001475  66.1616 293.9668 13.13470387247945
ONEWEB-0166             
1 48065U 21025Z   26125.48747672  .00000238  00000+0  61707-3 0  9990
2 48065  87.8962 328.7058 0001637  92.9434 267.1883 13.13468474248040
ONEWEB-0151             
1 48066U 21025AA  26125.03210594  .00000059  00000+0  12646-3 0  9999
2 48066  87.8954 328.8179 0001705  82.5156 277.6167 13.13470334247924
ONEWEB-0170             
1 48067U 21025AB  26125.04057504 -.00000091  00000+0 -28510-3 0  9996
2 48067  87.8949 328.8178 0002053  75.8922 284.2435 13.13470545247882
ONEWEB-0168             
1 48068U 21025AC  26125.48240598  .00000298  00000+0  78103-3 0  9992
2 48068  87.8960 328.7259 0001552  88.3708 271.7599 13.13470347247959
ONEWEB-0173             
1 48069U 21025AD  26125.32158741  .00000316  00000+0  82970-3 0  9992
2 48069  87.8953 328.7623 0001384  80.3277 279.8008 13.13470656248175
ONEWEB-0171             
1 48070U 21025AE  26125.05410697 -.00000263  00000+0 -75479-3 0  9994
2 48070  87.8952 328.8246 0001762  83.5234 276.6096 13.13471220247951
ONEWEB-0172             
1 48071U 21025AF  26125.49085741  .00000094  00000+0  22131-3 0  9998
2 48071  87.8951 328.7254 0001625  82.0369 278.0945 13.13468904248900
ONEWEB-0174             
1 48072U 21025AG  26125.31988738  .00000340  00000+0  89535-3 0  9993
2 48072  87.8946 328.7601 0001652  92.3029 267.8290 13.13471087248206
ONEWEB-0175             
1 48073U 21025AH  26125.04564639 -.00000166  00000+0 -48982-3 0  9993
2 48073  87.8961 328.7955 0001831  75.8269 284.3063 13.13470090247829
ONEWEB-0177             
1 48074U 21025AJ  26125.05747667 -.00000202  00000+0 -58805-3 0  9995
2 48074  87.8955 328.8135 0001558  89.8897 270.2410 13.13472491248011
ONEWEB-0178             
1 48075U 21025AK  26125.07626970  .00000117  00000+0  28674-3 0  9995
2 48075  87.8940 328.8285 0001620  78.5903 281.5408 13.13470755248063
ONEWEB-0108             
1 48076U 21025AL  26125.03549983 -.00000013  00000+0 -70358-4 0  9994
2 48076  87.8962 328.8075 0001920  92.0954 268.0395 13.13469693247989
ONEWEB-0169             
1 48077U 21025AM  26125.52473463 -.00000209  00000+0 -60782-3 0  9994
2 48077  87.8952 328.7217 0001689  90.8083 269.3240 13.13471524246705
ONEWEB-0176             
1 48210U 21031A   26125.40078498  .00000154  00000+0  38133-3 0  9998
2 48210  87.8929 298.2370 0001675  90.5041 269.6281 13.14503698242696
ONEWEB-0184             
1 48211U 21031B   26125.44995191  .00000011  00000+0 -47541-5 0  9999
2 48211  87.8937 298.2239 0001666  65.6858 294.4445 13.14503008242670
ONEWEB-0179             
1 48212U 21031C   26125.50001156  .00211801  00000+0  10801+0 0  9999
2 48212  87.8957 297.2266 0152841  34.5305 319.3013 14.08400647  5377
ONEWEB-0180             
1 48213U 21031D   26125.45313163  .00000078  00000+0  17518-3 0  9996
2 48213  87.8927 298.2221 0001280  92.2889 267.8387 13.14503606242600
ONEWEB-0218             
1 48214U 21031E   26125.47532284  .00000214  00000+0  54269-3 0  9992
2 48214  87.8930 298.2162 0001381  63.4438 296.6833 13.14503342242761
ONEWEB-0209             
1 48215U 21031F   26125.38811966  .00000248  00000+0  63420-3 0  9996
2 48215  87.8918 298.2551 0001539  98.1294 262.0010 13.14502338242757
ONEWEB-0198             
1 48216U 21031G   26125.44850433  .00000049  00000+0  97202-4 0  9991
2 48216  87.8918 298.2434 0001317  87.6001 272.5279 13.14503019242874
ONEWEB-0189             
1 48217U 21031H   26125.46105741  .00000233  00000+0  59491-3 0  9991
2 48217  87.8928 298.2225 0001443  88.2393 271.8902 13.14503024242618
ONEWEB-0196             
1 48218U 21031J   26125.43884272 -.00000137  00000+0 -40404-3 0  9991
2 48218  87.8927 298.2365 0001580  93.9287 266.2023 13.14504306242616
ONEWEB-0183             
1 48219U 21031K   26125.41347215 -.00000080  00000+0 -25035-3 0  9991
2 48219  87.8926 298.2406 0001799  99.9761 260.1572 13.14503559242708
ONEWEB-0185             
1 48220U 21031L   26125.43964419 -.00000140  00000+0 -41341-3 0  9991
2 48220  87.8936 298.2250 0001558 107.1755 252.9546 13.14503316242639
ONEWEB-0187             
1 48221U 21031M   26125.41968808 -.00000116  00000+0 -34751-3 0  9996
2 48221  87.8916 298.2519 0001504  97.4215 262.7086 13.14503195242643
ONEWEB-0192             
1 48222U 21031N   26125.00911247  .00000234  00000+0  59615-3 0  9992
2 48222  87.8918 298.3230 0001667  90.2844 269.8477 13.14502733242500
ONEWEB-0219             
1 48223U 21031P   26125.44518855 -.00000034  00000+0 -12651-3 0  9998
2 48223  87.8923 298.2260 0001550 101.0543 259.0761 13.14501891242766
ONEWEB-0202             
1 48224U 21031Q   26125.42614061 -.00000427  00000+0 -11861-2 0  9990
2 48224  87.8929 298.2405 0001414  71.4707 288.6576 13.14502977242741
ONEWEB-0204             
1 48225U 21031R   26125.46025527  .00000203  00000+0  51327-3 0  9990
2 48225  87.8928 298.2285 0001826 102.8856 257.2478 13.14503580242641
ONEWEB-0205             
1 48226U 21031S   26125.43567082 -.00000161  00000+0 -46798-3 0  9996
2 48226  87.8932 298.2245 0001579  98.0755 262.0554 13.14503527242653
ONEWEB-0206             
1 48227U 21031T   26125.02812230 -.00000046  00000+0 -15869-3 0  9997
2 48227  87.8932 298.3087 0001961  92.3963 267.7392 13.14504595242559
ONEWEB-0182             
1 48228U 21031U   26125.40396233  .00000114  00000+0  27175-3 0  9997
2 48228  87.8929 298.2429 0001833 100.4243 259.7094 13.14503353242815
ONEWEB-0186             
1 48229U 21031V   26125.41506088 -.00000089  00000+0 -27588-3 0  9991
2 48229  87.8932 298.2286 0001646  94.9490 265.1827 13.14503667242761
ONEWEB-0181             
1 48230U 21031W   26125.46899197  .00000218  00000+0  55298-3 0  9995
2 48230  87.8917 298.2538 0001550  91.7217 268.4090 13.14502796242627
ONEWEB-0188             
1 48231U 21031X   26125.43093529 -.00000183  00000+0 -52835-3 0  9995
2 48231  87.8918 298.2594 0001711  95.0429 265.0896 13.14502480242528
ONEWEB-0220             
1 48232U 21031Y   26125.47055368  .00000210  00000+0  53272-3 0  9994
2 48232  87.8936 298.2187 0001575  99.2816 260.8492 13.14504038242796
ONEWEB-0165             
1 48233U 21031Z   26125.42298287 -.00000186  00000+0 -53706-3 0  9995
2 48233  87.8928 298.2436 0001465  86.4353 273.6944 13.14504251242743
ONEWEB-0199             
1 48234U 21031AA  26125.40712821  .00000003  00000+0 -26703-4 0  9994
2 48234  87.8935 298.2304 0001932  93.5880 266.5470 13.14504099242643
ONEWEB-0203             
1 48235U 21031AB  26125.39761978  .00000132  00000+0  32106-3 0  9995
2 48235  87.8937 298.2350 0001774  87.6875 272.4458 13.14503458242650
ONEWEB-0197             
1 48236U 21031AC  26125.44822027  .00000031  00000+0  49066-4 0  9997
2 48236  87.8921 298.2159 0001885 103.4102 256.7238 13.14503635242573
ONEWEB-0194             
1 48237U 21031AD  26125.42774648 -.00000150  00000+0 -43960-3 0  9991
2 48237  87.8927 298.2396 0001941  88.9718 271.1634 13.14503490242745
ONEWEB-0193             
1 48238U 21031AE  26125.44360880 -.00000046  00000+0 -15761-3 0  9995
2 48238  87.8926 298.2278 0002123  86.7781 273.3591 13.14503105242696
ONEWEB-0191             
1 48239U 21031AF  26125.45470955  .00000160  00000+0  39831-3 0  9991
2 48239  87.8927 298.2223 0001833  99.3584 260.7753 13.14504101242558
ONEWEB-0195             
1 48240U 21031AG  26125.43172278 -.00000170  00000+0 -49346-3 0  9993
2 48240  87.8937 298.2260 0001389  87.5176 272.6112 13.14503768242531
ONEWEB-0201             
1 48241U 21031AH  26125.49606528 -.00000099  00000+0 -30229-3 0  9990
2 48241  87.8919 298.2343 0001625 107.0050 253.1258 13.14504211242771
ONEWEB-0207             
1 48242U 21031AJ  26125.47611477  .00000201  00000+0  50692-3 0  9997
2 48242  87.8940 298.2193 0001700 102.8532 257.2787 13.14503480242680
ONEWEB-0208             
1 48243U 21031AK  26125.45789119  .00000194  00000+0  48754-3 0  9992
2 48243  87.8926 298.2312 0001478  85.5672 274.5626 13.14503044242693
ONEWEB-0200             
1 48244U 21031AL  26125.42140348 -.00000177  00000+0 -51176-3 0  9990
2 48244  87.8927 298.2250 0001639  94.2564 265.8753 13.14503465242615
ONEWEB-0217             
1 48245U 21031AM  26125.43726444 -.00000156  00000+0 -45549-3 0  9993
2 48245  87.8931 298.2244 0001425  87.4579 272.6713 13.14503437242562
ONEWEB-0211             
1 48767U 21045A   26125.39169652  .00000103  00000+0  23704-3 0  9993
2 48767  87.8972 267.6229 0001391  77.2342 282.8944 13.16194287238819
ONEWEB-0223             
1 48768U 21045B   26125.44905660  .00000133  00000+0  31994-3 0  9990
2 48768  87.8974 267.7082 0001686  84.2355 275.8967 13.15548365238781
ONEWEB-0230             
1 48769U 21045C   26125.42055063  .00002312  00000+0  61074-2 0  9994
2 48769  87.8975 267.7314 0001937  92.8718 267.2634 13.15539171239049
ONEWEB-0237             
1 48770U 21045D   26125.40944416 -.00000042  00000+0 -14469-3 0  9990
2 48770  87.8966 267.7352 0001891  90.0135 270.1212 13.15548645238764
ONEWEB-0235             
1 48771U 21045E   26125.38407317  .00000253  00000+0  63718-3 0  9995
2 48771  87.8972 267.7221 0001790  84.2187 275.9148 13.15549246238755
ONEWEB-0242             
1 48772U 21045F   26125.37773045  .00000171  00000+0  41917-3 0  9995
2 48772  87.8974 267.7195 0001924  94.0105 266.1246 13.15549496238798
ONEWEB-0241             
1 48773U 21045G   26125.44113598  .00000089  00000+0  20350-3 0  9991
2 48773  87.8962 267.7300 0001563  86.0468 274.0841 13.15548317238718
ONEWEB-0243             
1 48774U 21045H   26125.39676547  .00000081  00000+0  18022-3 0  9999
2 48774  87.8963 267.7507 0002205  87.6019 272.5364 13.15549487238736
ONEWEB-0222             
1 48775U 21045J   26125.38012520  .00000260  00000+0  65710-3 0  9999
2 48775  87.8972 267.7183 0001742  93.3035 266.8294 13.15549168238772
ONEWEB-0244             
1 48776U 21045K   26125.40626623 -.00000026  00000+0 -10437-3 0  9996
2 48776  87.8980 267.7050 0001833  93.8464 266.2876 13.15548986239348
ONEWEB-0247             
1 48777U 21045L   26125.40310718 -.00000036  00000+0 -13029-3 0  9993
2 48777  87.8972 267.7442 0002247  77.7157 282.4225 13.15548603238786
ONEWEB-0245             
1 48778U 21045M   26125.39834812  .00000044  00000+0  83357-4 0  9997
2 48778  87.8973 267.7201 0001570  94.5933 265.5377 13.15548408238758
ONEWEB-0229             
1 48779U 21045N   26125.39358611  .00000097  00000+0  22413-3 0  9999
2 48779  87.8974 267.7193 0001914  95.2975 264.8374 13.15549048238789
ONEWEB-0228             
1 48780U 21045P   26125.42701028 -.00000146  00000+0 -42213-3 0  9996
2 48780  87.8981 267.7020 0001808  95.2052 264.9285 13.15549035238706
ONEWEB-0232             
1 48781U 21045Q   26125.40152133  .00000067  00000+0  14445-3 0  9998
2 48781  87.8988 267.7096 0001749  97.8305 262.3024 13.15548446239024
ONEWEB-0231             
1 48782U 21045R   26125.37933280  .00000165  00000+0  40458-3 0  9997
2 48782  87.8961 267.7310 0001753  89.8281 270.3050 13.15549690238719
ONEWEB-0234             
1 48783U 21045S   26125.41720883 -.00000103  00000+0 -30678-3 0  9993
2 48783  87.8974 267.7032 0001137 120.1144 240.0099 13.15549984238856
ONEWEB-0238             
1 48784U 21045T   26125.41750949  .00000038  00000+0  67904-4 0  9998
2 48784  87.8976 267.6951 0001446 106.8840 253.2449 13.15548465238752
ONEWEB-0240             
1 48785U 21045U   26125.43875598  .00000031  00000+0  47610-4 0  9994
2 48785  87.8978 267.7012 0001604  88.8763 271.2551 13.15548188238782
ONEWEB-0246             
1 48786U 21045V   26125.43320918  .00000015  00000+0  45603-5 0  9999
2 48786  87.8973 267.7081 0001931  96.0962 264.0388 13.15549149238651
ONEWEB-0210             
1 48787U 21045W   26125.40786007  .00000019  00000+0  16412-4 0  9991
2 48787  87.8975 267.7100 0002489  82.4865 277.6548 13.15548354238695
ONEWEB-0214             
1 48788U 21045X   26125.41657096 -.00000055  00000+0 -18136-3 0  9994
2 48788  87.8978 267.7045 0002180  94.0510 266.0869 13.15547833238667
ONEWEB-0221             
1 48789U 21045Y   26125.42369171 -.00000120  00000+0 -35195-3 0  9997
2 48789  87.8975 267.7127 0001797  91.3115 268.8221 13.15549177238755
ONEWEB-0213             
1 48790U 21045Z   26125.41260743 -.00000019  00000+0 -83822-4 0  9991
2 48790  87.8974 267.7182 0001911  88.7734 271.3615 13.15548658238818
ONEWEB-0212             
1 48791U 21045AA  26125.38962936  .00000202  00000+0  50270-3 0  9993
2 48791  87.8974 267.7174 0001752  99.3105 260.8224 13.15547111238804
ONEWEB-0227             
1 48792U 21045AB  26125.38882313  .00000143  00000+0  34554-3 0  9995
2 48792  87.8973 267.7192 0001736  95.4952 264.6377 13.15549750238759
ONEWEB-0226             
1 48793U 21045AC  26125.38248867  .00000163  00000+0  39940-3 0  9992
2 48793  87.8969 267.7260 0001993  90.9661 269.1697 13.15549407238724
ONEWEB-0224             
1 48794U 21045AD  26125.42211411 -.00000111  00000+0 -32841-3 0  9991
2 48794  87.8967 267.7538 0000988  86.5362 273.5881 13.15548754238653
ONEWEB-0233             
1 48795U 21045AE  26125.42672406 -.00000072  00000+0 -22454-3 0  9992
2 48795  87.8963 267.7608 0001729  88.5022 271.6307 13.15549792238674
ONEWEB-0190             
1 48796U 21045AF  26125.41419146 -.00000053  00000+0 -17407-3 0  9993
2 48796  87.8964 267.7245 0002002  76.8888 283.2466 13.15548655238748
ONEWEB-0236             
1 48797U 21045AG  26125.43162625 -.00000082  00000+0 -25136-3 0  9993
2 48797  87.8960 267.7320 0001728 102.3396 257.7928 13.15547557238639
ONEWEB-0248             
1 48798U 21045AH  26125.36823189  .00000010  00000+0 -75528-5 0  9997
2 48798  87.8974 267.7239 0001584  82.4375 277.6935 13.15550755238788
ONEWEB-0225             
1 48799U 21045AJ  26125.39040785  .00000131  00000+0  31460-3 0  9992
2 48799  87.8961 267.7303 0001908  80.0954 280.0391 13.15549717238795
ONEWEB-0215             
1 48800U 21045AK  26125.43638044 -.00000003  00000+0 -42784-4 0  9993
2 48800  87.8973 267.7000 0001830  75.6171 284.5163 13.15548112238671
ONEWEB-0216             
1 48801U 21045AL  26125.44588661  .00000119  00000+0  28290-3 0  9995
2 48801  87.8973 267.7145 0001844  98.7789 261.3550 13.15548672238683
ONEWEB-0239             
1 48802U 21045AM  26125.45062683  .00000079  00000+0  17482-3 0  9994
2 48802  87.8963 267.7239 0001559  69.9379 290.1919 13.15549039238727
ONEWEB-0249             
1 48967U 21060A   26125.57058477  .00000035  00000+0  59054-4 0  9996
2 48967  87.9092 237.2401 0001820  99.9883 260.1454 13.16596203234004
ONEWEB-0250             
1 48968U 21060B   26125.36632551  .00000039  00000+0  59200-4 0  9992
2 48968  87.9098 235.1763 0000992 116.0775 244.0463 13.25830874234544
ONEWEB-0252             
1 48970U 21060D   26125.37348411  .00000110  00000+0  25459-3 0  9993
2 48970  87.9095 237.2716 0002152  99.8894 260.2480 13.16594860234029
ONEWEB-0253             
1 48971U 21060E   26125.36238803  .00000104  00000+0  23959-3 0  9992
2 48971  87.9093 237.2794 0001852  99.3273 260.8067 13.16594779233953
ONEWEB-0254             
1 48972U 21060F   26125.29590444  .00000105  00000+0  24048-3 0  9998
2 48972  87.9096 237.2892 0001703  92.5425 267.5901 13.16595216233942
ONEWEB-0255             
1 48973U 21060G   26125.56186933  .00000059  00000+0  12043-3 0  9993
2 48973  87.9095 237.2439 0001842  95.9997 264.1344 13.16596820234053
ONEWEB-0256             
1 48974U 21060H   26125.36002955  .00000040  00000+0  72061-4 0  9990
2 48974  87.9085 237.2904 0002000 103.3090 256.8264 13.16594762233999
ONEWEB-0257             
1 48975U 21060J   26125.54447197  .00000166  00000+0  39946-3 0  9995
2 48975  87.9095 237.2386 0001960  97.2081 262.9273 13.16596396233971
ONEWEB-0258             
1 48976U 21060K   26125.24205881  .00000052  00000+0  10277-3 0  9995
2 48976  87.9096 237.3100 0001833 100.9260 259.2078 13.16595645233943
ONEWEB-0259             
1 48977U 21060L   26125.53969703 -.00000167  00000+0 -47094-3 0  9994
2 48977  87.9098 237.2509 0001768  99.3742 260.7589 13.16595016234016
ONEWEB-0260             
1 48978U 21060M   26125.37901574  .00000150  00000+0  35927-3 0  9991
2 48978  87.9088 237.2869 0002327 102.9610 257.1781 13.16594616233975
ONEWEB-0261             
1 48979U 21060N   26125.34892681  .00000044  00000+0  80214-4 0  9999
2 48979  87.9090 237.2912 0002039  91.8655 268.2710 13.16593186234026
ONEWEB-0262             
1 48980U 21060P   26124.79717177 -.00000080  00000+0 -24220-3 0  9991
2 48980  87.9094 237.3857 0001651  97.7630 262.3688 13.16594457233916
ONEWEB-0263             
1 48981U 21060Q   26125.36079523  .00000111  00000+0  25781-3 0  9998
2 48981  87.9094 237.2850 0001882  90.9724 269.1623 13.16595764233954
ONEWEB-0264             
1 48982U 21060R   26125.55000259  .00000055  00000+0  11000-3 0  9996
2 48982  87.9095 237.2510 0002131  97.5787 262.5586 13.16596583233987
ONEWEB-0266             
1 48984U 21060T   26125.26739522  .00000050  00000+0  97527-4 0  9992
2 48984  87.9095 237.2972 0001828 103.4774 256.6561 13.16595125233939
ONEWEB-0267             
1 48985U 21060U   26125.35446648  .00000050  00000+0  96403-4 0  9999
2 48985  87.9095 237.2761 0001969  95.5046 264.6310 13.16595514233950
ONEWEB-0268             
1 48986U 21060V   26125.55080141  .00000119  00000+0  27853-3 0  9992
2 48986  87.9100 237.2468 0002057 102.0944 258.0417 13.16594543234241
ONEWEB-0269             
1 48987U 21060W   26125.37981593  .00000166  00000+0  39948-3 0  9994
2 48987  87.9082 237.2885 0002076 106.4873 253.6487 13.16595073233992
ONEWEB-0270             
1 48988U 21060X   26125.54922591  .00000031  00000+0  47800-4 0  9995
2 48988  87.9098 237.2488 0001727  91.0892 269.0437 13.16594641234055
ONEWEB-0271             
1 48989U 21060Y   26125.53656154  .00000138  00000+0  32612-3 0  9996
2 48989  87.9095 237.2424 0001915  93.3757 266.7593 13.16595245234055
ONEWEB-0272             
1 48990U 21060Z   26125.55871869  .00000032  00000+0  50797-4 0  9990
2 48990  87.9094 237.2489 0002204  98.0507 262.0874 13.16594283234001
ONEWEB-0273             
1 48991U 21060AA  26125.35290252  .00000011  00000+0 -47286-5 0  9998
2 48991  87.9096 237.2885 0001849  96.9999 263.1342 13.16594455233956
ONEWEB-0274             
1 48992U 21060AB  26125.30222679  .00000109  00000+0  25142-3 0  9994
2 48992  87.9086 237.3058 0002260 100.6534 259.4852 13.16595111233982
ONEWEB-0275             
1 48993U 21060AC  26125.29113558  .00000119  00000+0  27804-3 0  9996
2 48993  87.9095 237.2928 0002001  99.1910 260.9447 13.16596078233914
ONEWEB-0276             
1 48994U 21060AD  26125.55238890  .00000057  00000+0  11533-3 0  9996
2 48994  87.9096 237.2410 0002122 101.4604 258.6765 13.16595924233964
ONEWEB-0277             
1 48995U 21060AE  26125.56505843 -.00000023  00000+0 -94253-4 0  9999
2 48995  87.9089 237.2493 0001903  96.6154 263.5194 13.16595073233954
ONEWEB-0278             
1 48996U 21060AF  26125.55556384  .00000056  00000+0  11330-3 0  9993
2 48996  87.9097 237.2384 0001793 107.6428 252.4899 13.16594549234088
ONEWEB-0279             
1 48997U 21060AG  26125.56345937 -.00000012  00000+0 -64775-4 0  9991
2 48997  87.9096 237.2357 0002041  94.7245 265.4119 13.16596238234017
ONEWEB-0280             
1 48998U 21060AH  26125.35051781  .00000095  00000+0  21446-3 0  9996
2 48998  87.9092 237.2822 0001569  98.4106 261.7203 13.16594494233926
ONEWEB-0281             
1 48999U 21060AJ  26125.35604144 -.00000031  00000+0 -11566-3 0  9998
2 48999  87.9102 237.2757 0001874 102.8383 257.2957 13.16598428233996
ONEWEB-0282             
1 49000U 21060AK  26125.53814963  .00000119  00000+0  27879-3 0  9993
2 49000  87.9094 237.2494 0001837  97.7161 262.4179 13.16594422233997
ONEWEB-0283             
1 49001U 21060AL  26125.29906271  .00000165  00000+0  39800-3 0  9999
2 49001  87.9094 237.2963 0001973  97.2996 262.8360 13.16595295233974
ONEWEB-0284             
1 49002U 21060AM  26125.36872293  .00000156  00000+0  37375-3 0  9999
2 49002  87.9094 237.2749 0001577 104.5103 255.6203 13.16595537233963
ONEWEB-0285             
1 49075U 21075A   26125.21497434 -.00000360  00000+0 -10363-2 0  9995
2 49075  87.8983 359.2032 0001738  80.0138 280.1187 13.12443979229578
ONEWEB-0286             
1 49076U 21075B   26125.34952955  .00000059  00000+0  12939-3 0  9999
2 49076  87.8971 359.1976 0001774  88.3685 271.7647 13.12442860228945
ONEWEB-0287             
1 49077U 21075C   26125.11084701  .00000064  00000+0  13077-3 0  9990
2 49077  87.9175  14.4277 0001745  95.4685 264.6645 13.17648987227957
ONEWEB-0288             
1 49078U 21075D   26124.56357426  .00000509  00000+0  13789-2 0  9999
2 49078  87.8985 359.3265 0001589  87.7671 272.3639 13.12442573229464
ONEWEB-0289             
1 49079U 21075E   26125.45326825  .00000083  00000+0  18032-3 0  9992
2 49079  87.9179  14.3745 0001438  70.9195 289.2093 13.17648879228574
ONEWEB-0290             
1 49080U 21075F   26125.42638794 -.00000263  00000+0 -71089-3 0  9995
2 49080  87.9182  14.3503 0001450  66.8993 293.2291 13.17649778227984
ONEWEB-0291             
1 49081U 21075G   26125.10747249  .00000091  00000+0  20211-3 0  9995
2 49081  87.9183  14.4220 0001494  88.5864 271.5439 13.17648743227938
ONEWEB-0293             
1 49082U 21075H   26125.43652147  .00000059  00000+0  11765-3 0  9992
2 49082  87.9172  14.3627 0001646  78.4533 281.6783 13.17647900228004
ONEWEB-0294             
1 49083U 21075J   26125.40896458  .00000410  00000+0  11034-2 0  9994
2 49083  87.8983 359.1618 0001492  74.4504 285.6790 13.12444028228965
ONEWEB-0295             
1 49084U 21075K   26125.43567414  .00000081  00000+0  17428-3 0  9993
2 49084  87.9170  14.3671 0001578  90.8027 269.3286 13.17650442227963
ONEWEB-0296             
1 49085U 21075L   26125.38862992  .00000104  00000+0  25446-3 0  9992
2 49085  87.8988 359.1715 0001478  90.3355 269.7943 13.12444381228960
ONEWEB-0297             
1 49086U 21075M   26125.34288170  .00000291  00000+0  77345-3 0  9991
2 49086  87.8975 359.1975 0001700  85.8854 274.2469 13.12444110229567
ONEWEB-0298             
1 49087U 21075N   26125.44003602  .00000108  00000+0  24522-3 0  9994
2 49087  87.9174  14.3638 0001919  84.4647 275.6703 13.17647967227994
ONEWEB-0299             
1 49088U 21075P   26125.44159291  .00000090  00000+0  19760-3 0  9999
2 49088  87.9185  14.3394 0001762  88.1176 272.0157 13.17649209227973
ONEWEB-0300             
1 49089U 21075Q   26125.41150552  .00000298  00000+0  79424-3 0  9991
2 49089  87.8982 359.1583 0002042  88.0081 272.1281 13.12441799229592
ONEWEB-0301             
1 49090U 21075R   26125.39541264  .00000215  00000+0  56348-3 0  9993
2 49090  87.8981 359.1608 0002118  82.7969 277.3401 13.12444284228953
ONEWEB-0302             
1 49091U 21075S   26125.38185205 -.00000068  00000+0 -22513-3 0  9997
2 49091  87.8987 359.1740 0001435  79.2412 280.8878 13.12445026228932
ONEWEB-0304             
1 49092U 21075T   26125.41628775 -.00000016  00000+0 -73312-4 0  9993
2 49092  87.9175  14.3712 0001714  85.6759 274.4568 13.17649045227944
ONEWEB-0305             
1 49093U 21075U   26125.40953102 -.00000034  00000+0 -12113-3 0  9999
2 49093  87.9184  14.3537 0001718  94.6885 265.4443 13.17649083227971
ONEWEB-0308             
1 49094U 21075V   26125.07012279 -.00000186  00000+0 -55282-3 0  9996
2 49094  87.8986 359.2284 0001795  82.1143 278.0190 13.12444636228900
ONEWEB-0309             
1 49095U 21075W   26125.41289701  .00000106  00000+0  24099-3 0  9993
2 49095  87.9172  14.3650 0001402  77.0511 283.0777 13.17648940227941
ONEWEB-0310             
1 49096U 21075X   26125.39031650  .00000159  00000+0  40618-3 0  9992
2 49096  87.8974 359.1903 0001744  81.5239 278.6087 13.12446313229578
ONEWEB-0311             
1 49097U 21075Y   26125.41965762  .00000033  00000+0  52169-4 0  9992
2 49097  87.9183  14.3618 0001871  95.8785 264.2560 13.17649376227990
ONEWEB-0312             
1 49098U 21075Z   26125.43483978  .00000100  00000+0  22487-3 0  9993
2 49098  87.9174  14.3714 0001503  88.3850 271.7454 13.17648432227975
ONEWEB-0313             
1 49099U 21075AA  26125.43977992  .00000044  00000+0  79756-4 0  9997
2 49099  87.9170  14.3772 0001777  84.6395 275.4940 13.17648424227963
ONEWEB-0314             
1 49100U 21075AB  26125.40615624  .00000000  00000+0 -32495-4 0  9990
2 49100  87.9184  14.3513 0001536  90.9309 269.1999 13.17649813227936
ONEWEB-0315             
1 49101U 21075AC  26125.36321140 -.00000294  00000+0 -85155-3 0  9999
2 49101  87.8984 359.1556 0001921  92.4584 267.6764 13.12444003229553
ONEWEB-0316             
1 49102U 21075AD  26125.36444544 -.00000259  00000+0 -69099-3 0  9994
2 49102  87.9183 343.9792 0001802  87.1290 273.0048 13.18685079231568
ONEWEB-0317             
1 49103U 21075AE  26125.36659846 -.00000404  00000+0 -11589-2 0  9990
2 49103  87.8985 359.1784 0001599  57.3406 302.7877 13.12444055229578
ONEWEB-0318             
1 49104U 21075AF  26125.36107163 -.00000208  00000+0 -55960-3 0  9995
2 49104  87.9191 343.9775 0001909  92.0938 268.0413 13.18685150231528
ONEWEB-0319             
1 49105U 21075AG  26125.42134764  .00000068  00000+0  14147-3 0  9994
2 49105  87.9173  14.3683 0002093  95.5290 264.6081 13.17649208227970
ONEWEB-0323             
1 49106U 21075AH  26125.34796455  .00000093  00000+0  22281-3 0  9993
2 49106  87.8984 359.1639 0001900 100.1965 259.9378 13.12443906228934
ONEWEB-0329             
1 49107U 21075AJ  26125.42977914  .00000065  00000+0  13406-3 0  9992
2 49107  87.9171  14.3672 0001712  85.1510 274.9817 13.17648890227950
ONEWEB-0330             
1 49108U 21075AK  26125.45354179  .00000105  00000+0  23821-3 0  9995
2 49108  87.9177  14.3819 0001538  82.6768 277.4538 13.17650879227995
ONEWEB-0292             
1 49186U 21083A   26125.50610469 -.00000267  00000+0 -76552-3 0  9993
2 49186  87.8941 328.7462 0001857  92.3316 267.8026 13.13470232225325
ONEWEB-0303             
1 49187U 21083B   26125.35770205 -.00000041  00000+0 -13706-3 0  9994
2 49187  87.9184 343.9792 0001831  90.6446 269.4896 13.18686861224333
ONEWEB-0306             
1 49188U 21083C   26125.34759035 -.00000004  00000+0 -42775-4 0  9990
2 49188  87.9188 343.9666 0001699  79.1823 280.9500 13.18687264224373
ONEWEB-0307             
1 49189U 21083D   26125.50016979 -.00000166  00000+0 -49063-3 0  9997
2 49189  87.8951 328.7404 0001768  91.7393 268.3939 13.13469991225323
ONEWEB-0320             
1 49190U 21083E   26125.36788662  .00000018  00000+0  13723-4 0  9997
2 49190  87.9180 343.9851 0001959  83.7036 276.4319 13.18724664224330
ONEWEB-0321             
1 49191U 21083F   26125.39834928  .00000042  00000+0  70981-4 0  9994
2 49191  87.9153 282.9716 0001661  86.7260 273.4063 13.20770784231186
ONEWEB-0322             
1 49192U 21083G   26125.03888586 -.00000026  00000+0 -10601-3 0  9991
2 49192  87.8945 328.8347 0001945  74.4291 285.7053 13.13470130225258
ONEWEB-0324             
1 49193U 21083H   26125.34085166  .00000018  00000+0  13636-4 0  9990
2 49193  87.9190 343.9730 0001627  85.4856 274.6461 13.18686761224356
ONEWEB-0325             
1 49194U 21083J   26125.04070738 -.00000155  00000+0 -42637-3 0  9993
2 49194  87.9181 344.0453 0001880  84.9582 275.1765 13.18685366224322
ONEWEB-0326             
1 49195U 21083K   26125.35952366 -.00000235  00000+0 -63009-3 0  9999
2 49195  87.9191 343.9762 0001973  92.4224 267.7134 13.18685411224356
ONEWEB-0327             
1 49196U 21083L   26125.35925368  .00000017  00000+0  10276-4 0  9997
2 49196  87.9181 343.9841 0002092  92.3960 267.7412 13.18684454224370
ONEWEB-0328             
1 49197U 21083M   26125.02872965  .00000197  00000+0  50376-3 0  9999
2 49197  87.8959 328.8050 0001608  87.9798 272.1516 13.13469771225237
ONEWEB-0331             
1 49198U 21083N   26125.35264145 -.00000108  00000+0 -30602-3 0  9995
2 49198  87.9190 343.9711 0001845  96.2352 263.8990 13.18685191224367
ONEWEB-0333             
1 49199U 21083P   26125.55688924  .00000252  00000+0  65617-3 0  9995
2 49199  87.8949 328.7301 0001800  86.9355 273.1980 13.13470651225312
ONEWEB-0334             
1 49200U 21083Q   26125.41570744 -.00000012  00000+0 -62021-4 0  9996
2 49200  87.9147 282.9813 0002035  67.7702 292.3647 13.20770652231142
ONEWEB-0335             
1 49201U 21083R   26125.32327146  .00000412  00000+0  10943-2 0  9999
2 49201  87.8953 328.7731 0001760  93.3233 266.8097 13.13471396225292
ONEWEB-0336             
1 49202U 21083S   26125.06596997 -.00000114  00000+0 -34647-3 0  9992
2 49202  87.8950 328.8204 0001715 101.3000 258.8322 13.13471057225250
ONEWEB-0337             
1 49203U 21083T   26125.07599402  .00000240  00000+0  62361-3 0  9990
2 49203  87.8945 328.8253 0001576  91.6536 268.4774 13.13471757225254
ONEWEB-0338             
1 49204U 21083U   26125.39045580  .00000067  00000+0  13358-3 0  9998
2 49204  87.9141 282.9911 0001838  84.8437 275.2906 13.20770109231161
ONEWEB-0339             
1 49205U 21083V   26125.08459111  .00000336  00000+0  88485-3 0  9996
2 49205  87.8950 328.8152 0001708  77.2672 282.8648 13.13470681225231
ONEWEB-0340             
1 49206U 21083W   26125.03564516 -.00000054  00000+0 -16875-3 0  9991
2 49206  87.9191 344.0397 0001743  89.1288 271.0044 13.18683161224283
ONEWEB-0341             
1 49207U 21083X   26125.34590617  .00000011  00000+0 -39261-5 0  9995
2 49207  87.9184 343.9842 0001297  89.6972 270.4309 13.18686913224340
ONEWEB-0342             
1 49208U 21083Y   26125.39677513  .00000053  00000+0  98043-4 0  9999
2 49208  87.9150 282.9736 0001780  92.8597 267.2740 13.20770825231131
ONEWEB-0343             
1 49209U 21083Z   26125.35432588 -.00000407  00000+0 -10642-2 0  9999
2 49209  87.9188 343.9797 0001664  71.4120 288.7193 13.18685525224393
ONEWEB-0344             
1 49210U 21083AA  26125.07951594  .00000262  00000+0  68122-3 0  9997
2 49210  87.8941 328.8342 0001408  91.3061 268.8229 13.13471070225236
ONEWEB-0345             
1 49211U 21083AB  26125.45191797 -.00000049  00000+0 -16974-3 0  9994
2 49211  87.8956 328.7340 0001420  89.7052 270.4240 13.13472040225291
ONEWEB-0346             
1 49212U 21083AC  26125.35095659 -.00000182  00000+0 -49317-3 0  9999
2 49212  87.9178 343.9835 0002090 103.3670 256.7695 13.18684962224338
ONEWEB-0348             
1 49213U 21083AD  26125.38729635  .00000110  00000+0  23907-3 0  9997
2 49213  87.9153 282.9790 0001799 113.3160 246.8163 13.20770586231164
ONEWEB-0350             
1 49214U 21083AE  26125.08034850  .00000264  00000+0  68915-3 0  9991
2 49214  87.8962 328.8089 0001419  94.1740 265.9552 13.13470850225274
ONEWEB-0351             
1 49215U 21083AF  26125.38083447  .00000160  00000+0  36053-3 0  9994
2 49215  87.9153 282.9789 0001283  69.8575 290.2697 13.20774999231120
ONEWEB-0352             
1 49216U 21083AG  26125.06086464 -.00000448  00000+0 -12609-2 0  9993
2 49216  87.8952 328.8250 0001623  74.4402 285.6907 13.13470780225363
ONEWEB-0354             
1 49217U 21083AH  26125.40622341 -.00000119  00000+0 -32543-3 0  9997
2 49217  87.9156 282.9726 0001603 108.7487 251.3820 13.20770372231168
ONEWEB-0355             
1 49218U 21083AJ  26125.31834009  .00000274  00000+0  71536-3 0  9999
2 49218  87.8938 328.7792 0001540  82.9961 277.1343 13.13470558225274
ONEWEB-0357             
1 49219U 21083AK  26125.40308080  .00000043  00000+0  73939-4 0  9999
2 49219  87.9155 282.9677 0001692  91.3237 268.8090 13.20770780231167
ONEWEB-0332             
1 49279U 21090A   26125.44044181 -.00000121  00000+0 -35981-3 0  9999
2 49279  87.8924 298.2392 0001872  86.5307 273.6037 13.14502366221962
ONEWEB-0347             
1 49280U 21090B   26125.39360160  .00000114  00000+0  24772-3 0  9999
2 49280  87.9152 282.9781 0001990  92.8069 267.3292 13.20774076225396
ONEWEB-0349             
1 49281U 21090C   26125.42516301  .00000019  00000+0  15047-4 0  9994
2 49281  87.9153 282.9722 0001780  96.7216 263.4120 13.20770313224180
ONEWEB-0353             
1 49282U 21090D   26125.43251310 -.00000238  00000+0 -67531-3 0  9991
2 49282  87.8931 298.2352 0001962  86.9307 273.2047 13.14502582221961
ONEWEB-0356             
1 49283U 21090E   26125.42359194  .00000008  00000+0 -12075-4 0  9998
2 49283  87.9153 282.9658 0002589 104.3836 255.7585 13.20770586224183
ONEWEB-0358             
1 49284U 21090F   26125.45357272  .00000116  00000+0  25360-3 0  9996
2 49284  87.9154 282.9631 0001851 102.0770 258.0571 13.20769882224918
ONEWEB-0359             
1 49285U 21090G   26125.45042887  .00000062  00000+0  12139-3 0  9990
2 49285  87.9151 282.9602 0001675 104.5622 255.5697 13.20770724224896
ONEWEB-0360             
1 49286U 21090H   26125.44094242  .00000046  00000+0  80115-4 0  9994
2 49286  87.9152 282.9686 0001658 100.6286 259.5034 13.20773931224201
ONEWEB-0361             
1 49287U 21090J   26125.42202696 -.00000755  00000+0 -18897-2 0  9992
2 49287  87.9151 282.9703 0001909 100.5651 259.5697 13.20761277224659
ONEWEB-0362             
1 49288U 21090K   26125.49237826 -.00000010  00000+0 -57515-4 0  9999
2 49288  87.9147 313.4931 0001552  84.2483 275.8826 13.19724840221287
ONEWEB-0363             
1 49289U 21090L   26125.43780553  .00000013  00000+0  87386-6 0  9996
2 49289  87.9153 282.9680 0002077 103.0713 257.0652 13.20770360224669
ONEWEB-0364             
1 49290U 21090M   26125.39992581  .00000070  00000+0  13994-3 0  9993
2 49290  87.9150 282.9848 0001787  96.5782 263.5555 13.20770794225793
ONEWEB-0365             
1 49291U 21090N   26125.42604610 -.00000084  00000+0 -24266-3 0  9992
2 49291  87.9156 313.4911 0001788  86.7051 273.4287 13.19724861220780
ONEWEB-0366             
1 49292U 21090P   26125.42933573 -.00000198  00000+0 -56924-3 0  9998
2 49292  87.8921 298.2397 0001742  94.5465 265.5863 13.14503536221944
ONEWEB-0367             
1 49293U 21090Q   26125.43622642  .00000020  00000+0  17500-4 0  9992
2 49293  87.9153 282.9685 0001646  91.8367 268.2954 13.20770564224181
ONEWEB-0368             
1 49294U 21090R   26125.40939263 -.00000011  00000+0 -58147-4 0  9994
2 49294  87.9140 282.9890 0002489  89.2005 270.9413 13.20769936225331
ONEWEB-0369             
1 49295U 21090S   26125.42130008 -.00000026  00000+0 -96772-4 0  9999
2 49295  87.9145 313.5039 0001886  87.8148 272.3200 13.19724665220776
ONEWEB-0370             
1 49296U 21090T   26125.44568532  .00000068  00000+0  13537-3 0  9990
2 49296  87.9153 282.9669 0001533  98.9391 261.1916 13.20770456224221
ONEWEB-0371             
1 49297U 21090U   26125.42920038 -.00000049  00000+0 -15399-3 0  9991
2 49297  87.9149 313.4925 0001725  86.6452 273.4878 13.19725121220818
ONEWEB-0372             
1 49298U 21090V   26125.43450641  .00000041  00000+0  68423-4 0  9998
2 49298  87.9152 282.9702 0001795  95.5657 264.5681 13.20774221224194
ONEWEB-0373             
1 49299U 21090W   26125.38572941  .00000099  00000+0  21208-3 0  9993
2 49299  87.9149 282.9822 0001801  99.4204 260.7133 13.20771145225376
ONEWEB-0374             
1 49300U 21090X   26125.41663913 -.00000084  00000+0 -26219-3 0  9993
2 49300  87.8930 298.2312 0002249 104.9535 255.1844 13.14504472221942
ONEWEB-0375             
1 49301U 21090Y   26125.44885258  .00000081  00000+0  16754-3 0  9993
2 49301  87.9150 282.9598 0002155 109.4768 250.6598 13.20770806224883
ONEWEB-0376             
1 49302U 21090Z   26125.42761634 -.00000019  00000+0 -80062-4 0  9990
2 49302  87.9154 313.4905 0001820  82.8206 277.3134 13.19726173220816
ONEWEB-0377             
1 49303U 21090AA  26125.43479442  .00000008  00000+0 -13305-4 0  9998
2 49303  87.9155 282.9644 0001656 102.4656 257.6662 13.20771582224876
ONEWEB-0378             
1 49304U 21090AB  26125.38112201  .00000482  00000+0  11542-2 0  9994
2 49304  87.9143 282.9828 0001900  98.9722 261.1627 13.20773300224133
ONEWEB-0379             
1 49305U 21090AC  26125.41189255 -.00000014  00000+0 -73323-4 0  9992
2 49305  87.8928 298.2431 0001905  95.3505 264.7842 13.14503597221945
ONEWEB-0380             
1 49306U 21090AD  26125.42445764 -.00000044  00000+0 -14306-3 0  9992
2 49306  87.9148 313.5002 0001746  97.0369 263.0962 13.19724943220787
ONEWEB-0381             
1 49307U 21090AE  26125.43147810 -.00000010  00000+0 -57662-4 0  9991
2 49307  87.9152 282.9695 0001991 102.2060 257.9296 13.20769787224186
ONEWEB-0382             
1 49308U 21090AF  26125.41885352 -.00000060  00000+0 -17897-3 0  9990
2 49308  87.9152 282.9674 0002110 100.8364 259.3007 13.20769561224174
ONEWEB-0383             
1 49309U 21090AG  26125.40555870  .00000101  00000+0  23779-3 0  9999
2 49309  87.8940 298.2327 0001965  95.3345 264.8009 13.14503018221972
ONEWEB-0384             
1 49310U 21090AH  26125.40858646  .00000015  00000+0  61524-5 0  9994
2 49310  87.9153 283.0126 0002339 100.4691 259.6706 13.20810781224185
ONEWEB-0385             
1 49311U 21090AJ  26125.41097903 -.00000044  00000+0 -14106-3 0  9993
2 49311  87.9156 282.9735 0001943  98.8458 261.2896 13.20769850224150
ONEWEB-0386             
1 49312U 21090AK  26125.42833557 -.00000028  00000+0 -10077-3 0  9993
2 49312  87.9161 282.9590 0002057  98.0545 262.0822 13.20770442224171
ONEWEB-0387             
1 49313U 21090AL  26125.41255479  .00000013  00000+0  57893-6 0  9996
2 49313  87.9142 282.9902 0001820 107.1465 252.9868 13.20771316224177
ONEWEB-0388             
1 49314U 21090AM  26125.49553880 -.00000102  00000+0 -28608-3 0  9992
2 49314  87.9145 313.4840 0001929  91.9203 268.2150 13.19724233220783
ONEWEB-0389             
1 50469U 21132A   26125.44666082  .00000077  00000+0  16612-3 0  9997
2 50469  87.9176  14.3635 0001841  92.4585 267.6757 13.17648690212452
ONEWEB-0390             
1 50470U 21132B   26125.44834117  .00000098  00000+0  21966-3 0  9996
2 50470  87.9173  14.3638 0001548  80.5969 279.5338 13.17648678212455
ONEWEB-0391             
1 50471U 21132C   26125.45003262  .00000172  00000+0  41008-3 0  9999
2 50471  87.9173  14.3728 0001697 108.5318 251.5998 13.17649230212457
ONEWEB-0392             
1 50472U 21132D   26125.40446735  .00000126  00000+0  29130-3 0  9992
2 50472  87.9183  14.3467 0001802  94.2937 265.8400 13.17650282212483
ONEWEB-0393             
1 50473U 21132E   26125.37998345  .00000094  00000+0  20976-3 0  9991
2 50473  87.9175  14.3722 0001784  86.7038 273.4298 13.17653109212476
ONEWEB-0394             
1 50474U 21132F   26125.07615078  .00000225  00000+0  53903-3 0  9990
2 50474  87.9189 344.0187 0001883  91.8946 268.2402 13.18685907215918
ONEWEB-0395             
1 50475U 21132G   26125.44081909 -.00000677  00000+0 -19471-2 0  9996
2 50475  87.8918  29.5695 0001613  83.6696 276.4616 13.11415293210116
ONEWEB-0396             
1 50476U 21132H   26125.06940207  .00001174  00000+0  29454-2 0  9993
2 50476  87.9190 344.0323 0001919  89.2209 270.9143 13.18680008215950
ONEWEB-0397             
1 50477U 21132J   26125.31220959  .00000156  00000+0  36218-3 0  9993
2 50477  87.9191 343.9840 0002039  88.0465 272.0900 13.18685249215966
ONEWEB-0398             
1 50478U 21132K   26125.48493632  .00000523  00000+0  14388-2 0  9993
2 50478  87.8929  29.5471 0001492  76.8999 283.2295 13.11417393210019
ONEWEB-0399             
1 50479U 21132L   26125.47136264  .00000045  00000+0  90698-4 0  9997
2 50479  87.8933  29.5603 0002065  92.0774 268.0591 13.11420253210008
ONEWEB-0400             
1 50480U 21132M   26125.06265018  .00000077  00000+0  16191-3 0  9994
2 50480  87.9190 344.0237 0001599  83.1546 276.9768 13.18686411215920
ONEWEB-0401             
1 50481U 21132N   26125.33581531  .00000286  00000+0  69355-3 0  9998
2 50481  87.9193 343.9659 0001973  82.3315 277.8041 13.18685303215968
ONEWEB-0402             
1 50482U 21132P   26125.07107030  .00000141  00000+0  32409-3 0  9998
2 50482  87.9190 344.0089 0002255  80.8993 279.2394 13.18684656215950
ONEWEB-0403             
1 50483U 21132Q   26125.02049331 -.00000303  00000+0 -80082-3 0  9995
2 50483  87.9189 344.0427 0001812  90.7277 269.4062 13.18686156215903
ONEWEB-0404             
1 50484U 21132R   26125.45270843 -.00000502  00000+0 -14529-2 0  9990
2 50484  87.8919  29.5651 0001763  89.6336 270.4994 13.11418740210092
ONEWEB-0405             
1 50485U 21132S   26125.33746105 -.00000226  00000+0 -60579-3 0  9997
2 50485  87.9191 343.9632 0001364  80.1758 279.9528 13.18684932216345
ONEWEB-0406             
1 50486U 21132T   26125.32907354  .00000630  00000+0  15650-2 0  9998
2 50486  87.9181 343.9857 0001857 103.2478 256.8862 13.18683256215978
ONEWEB-0407             
1 50487U 21132U   26125.54998469  .00001486  00000+0  37348-2 0  9998
2 50487  87.9189 343.9296 0002017  76.9161 283.2196 13.18686262215949
ONEWEB-0409             
1 50488U 21132V   26125.45101089 -.00000468  00000+0 -13564-2 0  9998
2 50488  87.8927  29.5511 0001657  87.6572 272.4746 13.11418293209988
ONEWEB-0412             
1 50489U 21132W   26125.08288933  .00000097  00000+0  21424-3 0  9993
2 50489  87.9182 344.0328 0002101  81.8855 278.2516 13.18686585215972
ONEWEB-0413             
1 50490U 21132X   26125.01206238  .00000101  00000+0  22226-3 0  9993
2 50490  87.9179 344.0490 0002013  79.2120 280.9238 13.18682821215901
ONEWEB-0414             
1 50491U 21132Y   26125.07275829  .00000111  00000+0  24870-3 0  9990
2 50491  87.9192 344.0145 0001941  86.0153 274.1201 13.18686770215941
ONEWEB-0417             
1 50492U 21132Z   26125.08120818 -.00000003  00000+0 -39542-4 0  9994
2 50492  87.9183 344.0359 0001732  91.7490 268.3840 13.18684579215921
ONEWEB-0418             
1 50493U 21132AA  26125.31882106  .00000208  00000+0  49412-3 0  9997
2 50493  87.9190 343.9843 0001704  96.8110 263.3216 13.18686313216011
ONEWEB-0419             
1 50494U 21132AB  26125.33669634  .00000004  00000+0 -23306-4 0  9999
2 50494  87.9190 343.9804 0001569  89.1187 271.0125 13.18663430215937
ONEWEB-0420             
1 50495U 21132AC  26125.07444384 -.00000002  00000+0 -38917-4 0  9997
2 50495  87.9184 344.0394 0001822  78.0536 282.0800 13.18686039215891
ONEWEB-0421             
1 50496U 21132AD  26125.06768743  .00000087  00000+0  18769-3 0  9998
2 50496  87.9186 344.0364 0002179  88.4695 271.6687 13.18691400215938
ONEWEB-0424             
1 50497U 21132AE  26125.33244531  .00000273  00000+0  65978-3 0  9994
2 50497  87.9191 343.9805 0001416  86.0380 274.0914 13.18685479215996
ONEWEB-0426             
1 50498U 21132AF  26125.36762843  .00005112  00000+0  12914-1 0  9996
2 50498  87.9190 343.9651 0002625  86.1878 273.9554 13.18744994215942
ONEWEB-0427             
1 50499U 21132AG  26125.33073839  .00001803  00000+0  45411-2 0  9996
2 50499  87.9191 343.9598 0002142  91.0072 269.1305 13.18674076215965
ONEWEB-0429             
1 50500U 21132AH  26125.31727250  .00000167  00000+0  39122-3 0  9995
2 50500  87.9181 343.9904 0001813  80.6163 279.5174 13.18685682215938
ONEWEB-0430             
1 50501U 21132AJ  26125.07781888 -.00000144  00000+0 -39721-3 0  9998
2 50501  87.9184 344.0360 0001650  77.9855 282.1462 13.18687248215947
ONEWEB-0432             
1 50502U 21132AK  26125.56640565 -.00004051  00000+0 -10306-1 0  9996
2 50502  87.9188 343.9102 0001233  91.2856 268.8417 13.18732894215962
ONEWEB-0440             
1 50503U 21132AL  26125.32570542  .00000308  00000+0  74916-3 0  9996
2 50503  87.9190 343.9800 0002149  80.6753 279.4622 13.18685775215923
ONEWEB-0450             
1 50504U 21132AM  26125.31909211  .00000279  00000+0  67494-3 0  9995
2 50504  87.9180 343.9908 0001785  78.1395 281.9937 13.18685336215954
ONEWEB-0410             
1 51622U 22012A   26125.38928628  .00000140  00000+0  32729-3 0  9995
2 51622  87.9185  14.3591 0002271 117.1707 242.9656 13.17649936208064
ONEWEB-0411             
1 51623U 22012B   26125.48186520 -.00000286  00000+0 -85615-3 0  9999
2 51623  87.8859  44.7619 0001510  62.1463 297.9817 13.10371371203694
ONEWEB-0415             
1 51624U 22012C   26125.47854922 -.00000163  00000+0 -50204-3 0  9997
2 51624  87.8849  44.7640 0001624  74.7333 285.3974 13.10370106203699
ONEWEB-0416             
1 51625U 22012D   26125.49016122 -.00000569  00000+0 -16664-2 0  9993
2 51625  87.8851  44.7809 0001420  80.2037 279.9250 13.10371921203734
ONEWEB-0422             
1 51626U 22012E   26125.39940159  .00000116  00000+0  26639-3 0  9999
2 51626  87.9186  14.3597 0002248  67.0690 293.0679 13.17650970208177
ONEWEB-0423             
1 51627U 22012F   26125.39263182  .00001270  00000+0  32374-2 0  9998
2 51627  87.9242  14.3646 0001665  71.5028 288.6285 13.17665626208068
ONEWEB-0425             
1 51628U 22012G   26125.50013238 -.00000515  00000+0 -15127-2 0  9997
2 51628  87.8860  44.7614 0001936  88.5001 271.6348 13.10373162203731
ONEWEB-0428             
1 51629U 22012H   26125.48020745 -.00000209  00000+0 -63492-3 0  9995
2 51629  87.8852  44.7731 0001903  77.8661 282.2679 13.10371194203693
ONEWEB-0431             
1 51630U 22012J   26125.52656447  .00000617  00000+0  17303-2 0  9996
2 51630  87.8862  44.7548 0001638  58.5369 301.5919 13.10374469203755
ONEWEB-0434             
1 51631U 22012K   26125.50358164 -.00000451  00000+0 -13286-2 0  9994
2 51631  87.8860  44.7839 0002146  95.2234 264.9138 13.10375303203732
ONEWEB-0435             
1 51632U 22012L   26125.28267670  .00000026  00000+0  37657-4 0  9997
2 51632  87.8859  44.8166 0001982  71.8322 288.3021 13.10376083203692
ONEWEB-0436             
1 51633U 22012M   26125.38420794  .00000100  00000+0  22469-3 0  9994
2 51633  87.9182  14.3499 0001865  74.1141 286.0196 13.17648694208048
ONEWEB-0438             
1 51634U 22012N   26125.49514209 -.00000668  00000+0 -19491-2 0  9993
2 51634  87.8853  44.7765 0001869  84.0756 276.0584 13.10372774203751
ONEWEB-0439             
1 51635U 22012P   26125.49846159 -.00000722  00000+0 -21058-2 0  9999
2 51635  87.8853  44.7639 0001963  79.5297 280.6051 13.10374138203730
ONEWEB-0442             
1 51636U 22012Q   26125.45256152  .00000078  00000+0  16717-3 0  9993
2 51636  87.9176  14.3717 0001824 100.0757 260.0580 13.17649554208049
ONEWEB-0443             
1 51637U 22012R   26125.39603218  .00000031  00000+0  46176-4 0  9998
2 51637  87.9175  14.3847 0002161  82.8903 277.2474 13.17649675208088
ONEWEB-0444             
1 51638U 22012S   26125.48851152 -.00000469  00000+0 -13797-2 0  9999
2 51638  87.8848  44.7645 0002016  80.3741 279.7614 13.10373285203745
ONEWEB-0445             
1 51639U 22012T   26125.51008140 -.00000065  00000+0 -22352-3 0  9995
2 51639  87.8867  44.7446 0001612  75.7493 284.3813 13.10378678203754
ONEWEB-0446             
1 51640U 22012U   26125.48684411 -.00000486  00000+0 -14283-2 0  9994
2 51640  87.8851  44.7812 0001705  78.6157 281.5162 13.10370736203739
ONEWEB-0448             
1 51641U 22012V   26125.49180971 -.00000580  00000+0 -16987-2 0  9996
2 51641  87.8852  44.7777 0001946  78.6806 281.4539 13.10370737203704
ONEWEB-0449             
1 51642U 22012W   26125.49680185 -.00000639  00000+0 -18674-2 0  9999
2 51642  87.8859  44.7604 0002048  91.1330 269.0032 13.10373802203714
ONEWEB-0451             
1 51643U 22012X   26125.38083729  .00000085  00000+0  18579-3 0  9997
2 51643  87.9187  14.3470 0001876  88.0782 272.0565 13.17651646208024
ONEWEB-0452             
1 51644U 22012Y   26125.45508354  .00000090  00000+0  19887-3 0  9991
2 51644  87.9175  14.3731 0002094  85.5680 274.5691 13.17648236208044
ONEWEB-0456             
1 51646U 22012AA  26125.50676595 -.00000255  00000+0 -76639-3 0  9995
2 51646  87.8867  44.7421 0001944  74.4234 285.7108 13.10376326203752
ONEWEB-0457             
1 51647U 22012AB  26125.48340573 -.00002800  00000+0 -80578-2 0  9991
2 51647  87.8854  44.7693 0001599  86.8583 273.2728 13.10387230203756
ONEWEB-0458             
1 51648U 22012AC  26125.50510721 -.00000342  00000+0 -10161-2 0  9999
2 51648  87.8866  44.7497 0001982  81.5156 278.6196 13.10376257203717
ONEWEB-0461             
1 51649U 22012AD  26125.40109653  .00000010  00000+0 -80999-5 0  9997
2 51649  87.9185  14.3572 0001688  82.2474 277.8850 13.17649305208250
ONEWEB-0463             
1 51650U 22012AE  26125.38253174  .00000059  00000+0  12009-3 0  9991
2 51650  87.9174  14.3879 0001648  82.3960 277.7359 13.17650542208031
ONEWEB-0464             
1 51651U 22012AF  26125.50178502 -.00000493  00000+0 -14496-2 0  9992
2 51651  87.8855  44.7756 0002122  75.2226 284.9136 13.10375630203732
ONEWEB-0468             
1 51652U 22012AG  26125.27937524 -.00000119  00000+0 -37827-3 0  9993
2 51652  87.8860  44.8139 0002164  72.7738 287.3626 13.10375919203686
ONEWEB-0473             
1 51653U 22012AH  26125.49348115 -.00000691  00000+0 -20163-2 0  9999
2 51653  87.8853  44.7729 0001998  79.1587 280.9765 13.10372775203714
ONEWEB-0474             
1 51654U 22012AJ  26125.48519017 -.00000404  00000+0 -11947-2 0  9992
2 51654  87.8863  44.7546 0002162  76.0292 284.1076 13.10371393203701
ONEWEB-0475             
1 51655U 22012AK  26125.39433429  .00000091  00000+0  20169-3 0  9992
2 51655  87.9175  14.3779 0002462  78.2913 281.8495 13.17648224208056
ONEWEB-0490             
1 54113U 22138A   26125.52555093  .00000020  00000+0  18123-4 0  9990
2 54113  87.9153 313.4719 0001826  82.9567 277.1773 13.19725040171208
ONEWEB-0492             
1 54114U 22138B   26125.47500470  .00000065  00000+0  12890-3 0  9997
2 54114  87.9143 313.4871 0001675  82.7066 277.4257 13.19724940171209
ONEWEB-0495             
1 54115U 22138C   26125.45289433  .00000036  00000+0  58023-4 0  9996
2 54115  87.9147 313.4938 0002074  70.7118 289.4239 13.19724873171182
ONEWEB-0497             
1 54116U 22138D   26125.01062735  .00000121  00000+0  27097-3 0  9994
2 54116  87.9151 313.5724 0001788  86.4049 273.7288 13.19725186171111
ONEWEB-0499             
1 54117U 22138E   26125.44893803  .00000023  00000+0  24087-4 0  9998
2 54117  87.9146 313.4961 0001986  83.6548 276.4811 13.19724384171189
ONEWEB-0500             
1 54118U 22138F   26125.45131890  .00000014  00000+0  21873-5 0  9992
2 54118  87.9150 313.4858 0001711  89.7597 270.3731 13.19724689171190
ONEWEB-0501             
1 54119U 22138G   26125.48132940  .00000038  00000+0  62495-4 0  9993
2 54119  87.9155 313.4801 0001967  80.3518 279.7837 13.19723648171179
ONEWEB-0502             
1 54120U 22138H   26125.46710244  .00000041  00000+0  70099-4 0  9995
2 54120  87.9153 313.4714 0002010  84.6898 275.4464 13.19725054171194
ONEWEB-0503             
1 54121U 22138J   26125.45605242  .00000000  00000+0 -32097-4 0  9998
2 54121  87.9158 313.4784 0002009  94.4148 265.7214 13.19725076171180
ONEWEB-0504             
1 54122U 22138K   26125.44340104  .00000001  00000+0 -30137-4 0  9995
2 54122  87.9156 313.4870 0002007  85.4225 274.7137 13.19724131171195
ONEWEB-0505             
1 54123U 22138L   26125.51605655 -.00000017  00000+0 -75788-4 0  9998
2 54123  87.9156 313.4733 0002106  78.4985 281.6384 13.19723591171188
ONEWEB-0506             
1 54124U 22138M   26125.49080029 -.00000032  00000+0 -11330-3 0  9997
2 54124  87.9155 313.4752 0001958  82.1730 277.9625 13.19724271171174
ONEWEB-0507             
1 54125U 22138N   26125.51132622 -.00000047  00000+0 -14898-3 0  9996
2 54125  87.9145 313.4874 0001861  82.4548 277.6796 13.19724476171221
ONEWEB-0508             
1 54126U 22138P   26125.43235913 -.00000039  00000+0 -13076-3 0  9993
2 54126  87.9147 313.5026 0001832  74.7730 285.3605 13.19725692171191
ONEWEB-0509             
1 54127U 22138Q   26125.02800871  .00000081  00000+0  16991-3 0  9994
2 54127  87.9159 313.5683 0001830  85.6236 274.5106 13.19724812171115
ONEWEB-0510             
1 54128U 22138R   26125.40466150  .00000054  00000+0  10049-3 0  9993
2 54128  87.9154 282.9707 0001784 111.2656 248.8668 13.20772973173636
ONEWEB-0511             
1 54129U 22138S   26125.47973030  .00000051  00000+0  95985-4 0  9991
2 54129  87.9156 313.4822 0002136  90.7788 269.3589 13.19726833171209
ONEWEB-0512             
1 54130U 22138T   26125.47184944  .00000045  00000+0  81060-4 0  9993
2 54130  87.9145 313.4918 0002078  83.5051 276.6318 13.19725702171174
ONEWEB-0513             
1 54131U 22138U   26125.49498431 -.00000030  00000+0 -10764-3 0  9993
2 54131  87.9153 313.4368 0002695  80.3348 279.8089 13.20266085171088
ONEWEB-0514             
1 54132U 22138V   26125.48764014 -.00000024  00000+0 -91973-4 0  9991
2 54132  87.9152 313.4785 0001796  93.7665 266.3673 13.19724230171193
ONEWEB-0515             
1 54133U 22138W   26125.39201535  .00000104  00000+0  22425-3 0  9998
2 54133  87.9160 282.9656 0001121 117.2803 242.8445 13.20769723173655
ONEWEB-0516             
1 54134U 22138X   26125.08330718 -.00004795  00000+0 -12019-1 0  9999
2 54134  87.9140 313.5706 0001449  91.5915 268.5383 13.19712297171142
ONEWEB-0517             
1 54135U 22138Y   26125.44183113 -.00000016  00000+0 -71281-4 0  9996
2 54135  87.9149 313.4882 0002049  94.7143 265.4224 13.19725017171190
ONEWEB-0518             
1 54136U 22138Z   26125.46077752  .00000046  00000+0  83365-4 0  9997
2 54136  87.9143 313.4961 0001749  83.4415 276.6916 13.19723989171194
ONEWEB-0519             
1 54137U 22138AA  26125.48605720 -.00000018  00000+0 -78189-4 0  9991
2 54137  87.9158 313.4775 0001990  92.5424 267.5937 13.19724815171206
ONEWEB-0520             
1 54138U 22138AB  26125.44499735  .00000003  00000+0 -26030-4 0  9996
2 54138  87.9152 313.4874 0001894  81.5091 278.6256 13.19725044171181
ONEWEB-0521             
1 54139U 22138AC  26125.47815797  .00000036  00000+0  57240-4 0  9992
2 54139  87.9156 313.4687 0001939  95.7974 264.3380 13.19724383171135
ONEWEB-0522             
1 54140U 22138AD  26125.45763182  .00000014  00000+0  22307-5 0  9995
2 54140  87.9156 313.4747 0001901  85.5001 274.6348 13.19725157171173
ONEWEB-0523             
1 54141U 22138AE  26125.45516003  .00000844  00000+0  20428-2 0  9994
2 54141  87.9153 282.9651 0001680 124.1991 235.9301 13.20776947173667
ONEWEB-0524             
1 54142U 22138AF  26125.44410807  .00000060  00000+0  11521-3 0  9994
2 54142  87.9153 282.9641 0000929 102.9966 257.1271 13.20770521173662
ONEWEB-0525             
1 54143U 22138AG  26125.47659051  .00000062  00000+0  12192-3 0  9991
2 54143  87.9152 313.4800 0001895  81.5291 278.6057 13.19724249171195
ONEWEB-0526             
1 54144U 22138AH  26125.43391669  .00000321  00000+0  76964-3 0  9991
2 54144  87.9154 313.4882 0001828  89.4792 270.6550 13.19735308171162
ONEWEB-0529             
1 54145U 22138AJ  26125.43709510 -.00000011  00000+0 -60960-4 0  9998
2 54145  87.9147 313.5002 0001842  81.6428 278.4914 13.19725377171183
ONEWEB-0531             
1 54146U 22138AK  26125.42990122 -.00000010  00000+0 -57117-4 0  9998
2 54146  87.9150 282.9657 0001384 125.7566 234.3696 13.20770774173663
ONEWEB-0535             
1 54147U 22138AL  26125.47026933  .00000063  00000+0  12377-3 0  9998
2 54147  87.9154 313.4744 0001803 100.7381 259.3955 13.19724651171203
ONEWEB-0536             
1 54148U 22138AM  26125.41727194 -.00000013  00000+0 -63432-4 0  9996
2 54148  87.9140 282.9955 0001220 128.4609 231.6634 13.20769879173657
ONEWEB-0527             
1 54642U 22166A   26125.40227698  .00000053  00000+0  97475-4 0  9995
2 54642  87.9230 252.5114 0001805  99.8115 260.3223 13.21826279165886
ONEWEB-0528             
1 54643U 22166B   26125.40815942  .00000014  00000+0  19170-5 0  9995
2 54643  87.9232 252.5144 0001851  92.7432 267.3914 13.21825007165890
ONEWEB-0539             
1 54644U 22166C   26125.37115425  .00000102  00000+0  21555-3 0  9997
2 54644  87.9241 252.4912 0002160 100.9522 259.1855 13.21828027165886
ONEWEB-0540             
1 54645U 22166D   26125.37801877  .00000160  00000+0  35507-3 0  9997
2 54645  87.9231 252.5227 0001985 101.8425 258.2931 13.21827499165878
ONEWEB-0542             
1 54646U 22166E   26125.38124536  .00000076  00000+0  15366-3 0  9996
2 54646  87.9242 252.4868 0002214 102.2399 257.8982 13.21827484165888
ONEWEB-0545             
1 54647U 22166F   26125.42162914  .00000007  00000+0 -15642-4 0  9997
2 54647  87.9232 252.4941 0002368 106.1348 254.0046 13.21824920165856
ONEWEB-0580             
1 54648U 22166G   26125.39638940  .00000024  00000+0  26990-4 0  9997
2 54648  87.9232 252.4991 0002188 108.5438 251.5934 13.21824394165895
ONEWEB-0582             
1 54649U 22166H   26125.36273422  .00000096  00000+0  20043-3 0  9996
2 54649  87.9233 252.4984 0002309 106.7697 253.3690 13.21826970165869
ONEWEB-0583             
1 54650U 22166J   26125.37451227  .00000123  00000+0  26522-3 0  9999
2 54650  87.9231 252.5193 0002016 101.9225 258.2135 13.21827976165877
ONEWEB-0584             
1 54651U 22166K   26125.39469766  .00000102  00000+0  21486-3 0  9990
2 54651  87.9227 252.5017 0002011 106.2223 253.9132 13.21824391165865
ONEWEB-0585             
1 54652U 22166L   26125.26684721  .00000085  00000+0  17386-3 0  9991
2 54652  87.9233 252.5125 0001751  96.9547 263.1786 13.21826730165853
ONEWEB-0586             
1 54653U 22166M   26125.43172321  .00000009  00000+0 -94534-5 0  9998
2 54653  87.9232 252.5057 0002069 101.3514 258.7852 13.21824964165878
ONEWEB-0587             
1 54654U 22166N   26125.36610005  .00000150  00000+0  33279-3 0  9990
2 54654  87.9246 252.4883 0001602  93.6062 266.5255 13.21828068166024
ONEWEB-0589             
1 54655U 22166P   26125.35266266  .00000043  00000+0  72971-4 0  9990
2 54655  87.9233 252.5086 0002661 113.0133 247.1282 13.21825304165887
ONEWEB-0590             
1 54656U 22166Q   26125.37774084  .00000072  00000+0  14392-3 0  9999
2 54656  87.9238 252.4895 0001692 114.5274 245.6036 13.21827718165875
ONEWEB-0591             
1 54657U 22166R   26125.38964941  .00000143  00000+0  31543-3 0  9990
2 54657  87.9229 252.5052 0001855 102.7407 257.3935 13.21828235165907
ONEWEB-0592             
1 54658U 22166S   26125.39301344  .00000053  00000+0  96141-4 0  9990
2 54658  87.9243 252.4791 0001896 100.2395 259.8952 13.21828046165789
ONEWEB-0593             
1 54659U 22166T   26124.88501993 -.00000154  00000+0 -40417-3 0  9994
2 54659  87.9229 252.5949 0002070  99.5600 260.5767 13.21825050165824
ONEWEB-0594             
1 54660U 22166U   26125.35938875  .00000091  00000+0  18927-3 0  9991
2 54660  87.9228 252.5176 0001849  97.9125 262.2219 13.21825334165909
ONEWEB-0595             
1 54661U 22166V   26124.80594848 -.00000023  00000+0 -86559-4 0  9993
2 54661  87.9238 252.6048 0001664  98.7257 261.4065 13.21824272165809
ONEWEB-0596             
1 54662U 22166W   26125.38628812  .00000128  00000+0  27776-3 0  9996
2 54662  87.9230 252.5035 0001779 100.3326 259.8008 13.21828081165889
ONEWEB-0597             
1 54663U 22166X   26125.36777770  .00000357  00000+0  83379-3 0  9998
2 54663  87.9228 252.5105 0002076 100.9525 259.1842 13.21832874165887
ONEWEB-0600             
1 54664U 22166Y   26125.42499332 -.00000020  00000+0 -79211-4 0  9991
2 54664  87.9231 252.4909 0002050  95.4716 264.6652 13.21824398165865
ONEWEB-0601             
1 54665U 22166Z   26125.26519045  .00000086  00000+0  17784-3 0  9994
2 54665  87.9230 252.5392 0002108 104.6383 255.4985 13.21825829166036
ONEWEB-0602             
1 54666U 22166AA  26125.38208921  .00000082  00000+0  16760-3 0  9995
2 54666  87.9229 252.5221 0002114  94.6582 265.4793 13.21827750165898
ONEWEB-0603             
1 54667U 22166AB  26125.38796819  .00000090  00000+0  18756-3 0  9990
2 54667  87.9242 252.4736 0002068 100.0680 260.0687 13.21828379165827
ONEWEB-0604             
1 54668U 22166AC  26125.37619953  .00000109  00000+0  23230-3 0  9997
2 54668  87.9243 252.4909 0001831  98.5685 261.5656 13.21827891165789
ONEWEB-0605             
1 54669U 22166AD  26125.36947098  .00000067  00000+0  13033-3 0  9994
2 54669  87.9231 252.5093 0002191 117.0847 243.0511 13.21828029165856
ONEWEB-0606             
1 54670U 22166AE  26125.39133410  .00000096  00000+0  19982-3 0  9995
2 54670  87.9232 252.5180 0001719  97.2843 262.8487 13.21827831165914
ONEWEB-0607             
1 54671U 22166AF  26125.35770747  .00000103  00000+0  21791-3 0  9992
2 54671  87.9235 252.4928 0002049  98.7594 261.3772 13.21824882165883
ONEWEB-0608             
1 54672U 22166AG  26125.36442516  .00000155  00000+0  34348-3 0  9993
2 54672  87.9241 252.4865 0002312 110.3231 249.8151 13.21824637165894
ONEWEB-0610             
1 54673U 22166AH  26125.26855220 -.00000004  00000+0 -42164-4 0  9994
2 54673  87.9229 252.5242 0002526 106.0051 254.1361 13.21824963165782
ONEWEB-0611             
1 54674U 22166AJ  26125.26181097  .00000000  00000+0 -32567-4 0  9990
2 54674  87.9231 252.5220 0001766  98.9500 261.1834 13.21824084165771
ONEWEB-0612             
1 54675U 22166AK  26125.42667549 -.00000007  00000+0 -49563-4 0  9992
2 54675  87.9242 252.4798 0002048 103.3779 256.7583 13.21826264165780
ONEWEB-0615             
1 54676U 22166AL  26125.40646970  .00000023  00000+0  24156-4 0  9993
2 54676  87.9232 252.5023 0001767  92.2031 267.9305 13.21825719165797
ONEWEB-0655             
1 54677U 22166AM  26125.38292681  .00000133  00000+0  28998-3 0  9996
2 54677  87.9231 252.5089 0002146  96.1313 264.0065 13.21827595165781
ONEWEB-0659             
1 54678U 22166AN  26125.39975492  .00000034  00000+0  51937-4 0  9996
2 54678  87.9231 252.5057 0001807 101.0004 259.1334 13.21819724165872
ONEWEB-0685             
1 54679U 22166AP  26125.39985124  .00000016  00000+0  67554-5 0  9993
2 54679  87.9229 252.4989 0002116  98.3305 261.8069 13.21817290165768
ONEWEB-0712             
1 54680U 22166AQ  26125.34972639  .00000038  00000+0  66756-4 0  9993
2 54680  87.9096 237.2798 0002253  91.8452 268.2937 13.16594542166429
ONEWEB-0714             
1 54681U 22166AR  26125.40480619  .00000028  00000+0  37073-4 0  9992
2 54681  87.9231 252.4942 0002084  95.9527 264.1845 13.21824808165880
ONEWEB-0532             
1 55140U 23004A   26125.43315752  .00000056  00000+0  11005-3 0  9990
2 55140  87.9173  14.3626 0001652  92.6150 267.5171 13.17649009161952
ONEWEB-0533             
1 55141U 23004B   26125.38341318 -.00000034  00000+0 -12877-3 0  9998
2 55141  87.8986 359.1781 0001920  85.1290 275.0057 13.12444722162448
ONEWEB-0541             
1 55142U 23004C   26125.45609660 -.00000688  00000+0 -19763-2 0  9999
2 55142  87.8929  29.5518 0001671  78.6933 281.4383 13.11417475160340
ONEWEB-0543             
1 55143U 23004D   26125.36952679 -.00000028  00000+0 -10381-3 0  9997
2 55143  87.9177 343.9921 0001929  78.5490 281.5858 13.18686105164056
ONEWEB-0544             
1 55144U 23004E   26125.36276006 -.00001216  00000+0 -31174-2 0  9993
2 55144  87.9184 343.9930 0001626  78.2860 281.8455 13.18690901164052
ONEWEB-0560             
1 55145U 23004F   26125.35601793  .00000024  00000+0  27669-4 0  9998
2 55145  87.9181 343.9835 0001757  74.1228 286.0098 13.18687084164061
ONEWEB-0565             
1 55146U 23004G   26125.34926728 -.00000011  00000+0 -60830-4 0  9991
2 55146  87.9173 344.0166 0001369  81.7173 278.4115 13.18684360164052
ONEWEB-0567             
1 55147U 23004H   26125.34252255  .00000019  00000+0  16580-4 0  9998
2 55147  87.9181 343.9985 0001490  77.7562 282.3737 13.18684002164058
ONEWEB-0569             
1 55148U 23004J   26125.04395867 -.00000195  00000+0 -56891-3 0  9998
2 55148  87.8960 328.8120 0001576  55.8800 304.2478 13.13469970164510
ONEWEB-0570             
1 55149U 23004K   26125.33413147  .00000247  00000+0  59368-3 0  9991
2 55149  87.9178 343.9983 0001549  97.6809 262.4499 13.18684983164045
ONEWEB-0571             
1 55150U 23004L   26125.32738500  .00000219  00000+0  52151-3 0  9997
2 55150  87.9178 343.9987 0000886  45.8027 314.3177 13.18685260164051
ONEWEB-0572             
1 55151U 23004M   26125.38759589  .00000125  00000+0  28870-3 0  9991
2 55151  87.9176  14.3726 0001584  78.1645 281.9664 13.17649743161840
ONEWEB-0573             
1 55152U 23004N   26125.32062596  .00000047  00000+0  86618-4 0  9999
2 55152  87.9177 344.0011 0001017  65.9799 294.1439 13.18687744164042
ONEWEB-0588             
1 55153U 23004P   26125.08624978  .00000274  00000+0  66105-3 0  9991
2 55153  87.9179 344.0483 0001419  98.5179 261.6114 13.18684734164010
ONEWEB-0598             
1 55154U 23004Q   26125.43407788 -.00000010  00000+0 -63671-4 0  9995
2 55154  87.8918  29.5715 0001471  54.7353 305.3912 13.11414005160293
ONEWEB-0599             
1 55155U 23004R   26125.42472227  .00000060  00000+0  12043-3 0  9994
2 55155  87.9175  14.3640 0001895  74.2143 285.9198 13.17649092161857
ONEWEB-0614             
1 55156U 23004S   26125.27638880  .00000193  00000+0  50955-3 0  9998
2 55156  87.8919  29.6113 0001822  86.1031 274.0305 13.11416192160210
ONEWEB-0616             
1 55157U 23004T   26125.39096949  .00000111  00000+0  25279-3 0  9997
2 55157  87.9177  14.3733 0002555  65.6396 294.5002 13.17650395162064
ONEWEB-0617             
1 55158U 23004U   26125.49340773  .00000589  00000+0  16252-2 0  9995
2 55158  87.8925  29.5570 0001660  93.2743 266.8575 13.11418257160261
ONEWEB-0618             
1 55159U 23004V   26125.46424963  .00009527  00000+0  53943-3 0  9997
2 55159  86.9137 194.9661 0015316  94.4322 265.8668 15.12803731175800
ONEWEB-0619             
1 55160U 23004W   26125.42302961  .00000059  00000+0  11822-3 0  9999
2 55160  87.9183  14.3443 0002181  88.6941 271.4441 13.17650123161967
ONEWEB-0620             
1 55161U 23004X   26125.48832605  .00000660  00000+0  18272-2 0  9992
2 55161  87.8922  29.5689 0001506  76.1207 284.0088 13.11418880160237
ONEWEB-0621             
1 55162U 23004Y   26125.43914231 -.00000227  00000+0 -67509-3 0  9993
2 55162  87.8930  29.5637 0001845  86.5900 273.5438 13.11416596160202
ONEWEB-0622             
1 55163U 23004Z   26125.44422911 -.00000326  00000+0 -95465-3 0  9996
2 55163  87.8932  29.5644 0001410 102.3368 257.7918 13.11418111160196
ONEWEB-0623             
1 55164U 23004AA  26125.41796557  .00000106  00000+0  23924-3 0  9999
2 55164  87.9170  14.3808 0002017 104.3050 255.8305 13.17649431161951
ONEWEB-0624             
1 55165U 23004AB  26125.36540573 -.00000376  00000+0 -10743-2 0  9994
2 55165  87.8980 359.1050 0001804  88.2569 271.8766 13.12926632162458
ONEWEB-0625             
1 55166U 23004AC  26125.25597205 -.00000031  00000+0 -11248-3 0  9997
2 55166  87.9175  14.4076 0001947  78.7834 281.3517 13.17649878161922
ONEWEB-0626             
1 55167U 23004AD  26125.39771159 -.00000002  00000+0 -37182-4 0  9999
2 55167  87.9176  14.3794 0001487  70.5927 289.5365 13.17648835161947
ONEWEB-0627             
1 55168U 23004AE  26125.38590759  .00000115  00000+0  26351-3 0  9992
2 55168  87.9174  14.3817 0001923  97.6717 262.4633 13.17649822161949
ONEWEB-0628             
1 55169U 23004AF  26125.55974020  .00000427  00000+0  11509-2 0  9993
2 55169  87.8981 359.1263 0002091 101.9381 258.1982 13.12443883162442
ONEWEB-0629             
1 55170U 23004AG  26125.43737500  .00000016  00000+0  80550-5 0  9991
2 55170  87.9172  14.3681 0002060  85.6932 274.4435 13.17647838161957
ONEWEB-0631             
1 55171U 23004AH  26125.07951757  .00000091  00000+0  19909-3 0  9995
2 55171  87.9190 344.0119 0001292  88.4841 271.6440 13.18685544163991
ONEWEB-0709             
1 55172U 23004AJ  26125.47815755  .00000350  00000+0  95280-3 0  9991
2 55172  87.8922  29.5734 0001376  49.8260 310.2989 13.11418707160275
ONEWEB-0710             
1 55173U 23004AK  26125.45171910  .00000080  00000+0  17242-3 0  9990
2 55173  87.9173  14.3605 0001728  86.3758 273.7571 13.17650199161958
ONEWEB-0711             
1 55174U 23004AL  26125.44931480 -.00000749  00000+0 -21498-2 0  9997
2 55174  87.8921  29.5653 0001763 103.6567 256.4757 13.11416183160231
ONEWEB-0713             
1 55175U 23004AM  26125.46797101 -.00000062  00000+0 -21129-3 0  9990
2 55175  87.8929  29.5624 0001705  91.9325 268.1999 13.11419940160226
ONEWEB-0715             
1 55176U 23004AN  26125.46288137 -.00000294  00000+0 -86619-3 0  9997
2 55176  87.8933  29.5636 0001163  66.4494 293.6756 13.11419603160261
ONEWEB-0716             
1 55177U 23004AP  26125.44496845  .00000056  00000+0  11118-3 0  9999
2 55177  87.9176  14.3635 0001984  76.5926 283.5427 13.17649768161959
ONEWEB-0717             
1 55178U 23004AQ  26125.42809653  .00000031  00000+0  46606-4 0  9997
2 55178  87.9182  14.3508 0001626 103.0826 257.0487 13.17649289162001
ONEWEB-0719             
1 55179U 23004AR  26125.43821862  .00000095  00000+0  21063-3 0  9994
2 55179  87.9181  14.3298 0001991  81.3127 278.8230 13.17649703161955
ONEWEB-0530             
1 55796U 23029A   26125.43936367  .00000054  00000+0  10150-3 0  9993
2 55796  87.9140 283.0017 0002064 108.9025 251.2332 13.20774334155509
ONEWEB-0534             
1 55797U 23029B   26125.42674953 -.00000071  00000+0 -20756-3 0  9997
2 55797  87.9143 283.0035 0001910  93.1971 266.9381 13.20770603155509
ONEWEB-0556             
1 55798U 23029C   26125.43307777  .00000008  00000+0 -12497-4 0  9999
2 55798  87.9140 283.0030 0002657  93.9276 266.2161 13.20772415155509
ONEWEB-0562             
1 55799U 23029D   26125.42043600  .00000001  00000+0 -28780-4 0  9996
2 55799  87.9142 282.9863 0002557 109.5381 250.6029 13.20770328155505
ONEWEB-0563             
1 55800U 23029E   26125.41412387  .00000033  00000+0  50368-4 0  9991
2 55800  87.9143 283.0178 0001935  90.4755 269.6600 13.20772722155495
ONEWEB-0564             
1 55801U 23029F   26125.40780472  .00000075  00000+0  15220-3 0  9997
2 55801  87.9144 282.9918 0002047 105.2238 254.9122 13.20770226155508
ONEWEB-0638             
1 55802U 23029G   26125.46264122  .00000195  00000+0  49205-3 0  9996
2 55802  87.8916 298.2813 0002349  95.6601 264.4797 13.14503682153785
ONEWEB-0639             
1 55803U 23029H   26125.49870410 -.00000055  00000+0 -17005-3 0  9993
2 55803  87.9146 313.4899 0001968  59.8628 300.2700 13.19724392153278
ONEWEB-0640             
1 55804U 23029J   26125.47215769  .00000251  00000+0  64316-3 0  9995
2 55804  87.8919 298.2703 0002441  86.7955 273.3454 13.14503230153805
ONEWEB-0641             
1 55805U 23029K   26125.49396032 -.00000077  00000+0 -22353-3 0  9994
2 55805  87.9146 313.4777 0001736  84.1140 276.0190 13.19724004153282
ONEWEB-0642             
1 55806U 23029L   26125.48921293 -.00000060  00000+0 -18259-3 0  9999
2 55806  87.9143 313.4926 0001691  61.6813 298.4490 13.19723919153277
ONEWEB-0643             
1 55807U 23029M   26125.44202992 -.00000063  00000+0 -20450-3 0  9993
2 55807  87.8917 298.2631 0001347  72.7815 287.3462 13.14502731153775
ONEWEB-0644             
1 55808U 23029N   26125.02957658  .00000014  00000+0  14965-5 0  9994
2 55808  87.9140 313.5865 0001670  77.9464 282.1856 13.19725521153219
ONEWEB-0645             
1 55809U 23029P   26125.43078101  .00000010  00000+0 -77942-5 0  9998
2 55809  87.9144 313.5034 0002083  78.1480 281.9886 13.19725140153264
ONEWEB-0646             
1 55810U 23029Q   26125.44815127  .00000032  00000+0  46906-4 0  9996
2 55810  87.9148 313.4996 0001664  80.1435 279.9886 13.19724495153251
ONEWEB-0648             
1 55811U 23029R   26125.41032041 -.00000020  00000+0 -88765-4 0  9998
2 55811  87.8928 298.2390 0002136  67.3836 292.7519 13.14502515153777
ONEWEB-0649             
1 55812U 23029S   26125.47342780  .00000031  00000+0  45048-4 0  9996
2 55812  87.9145 313.4923 0001899  81.0561 279.0787 13.19724983153297
ONEWEB-0650             
1 55813U 23029T   26125.46868873  .00000063  00000+0  12524-3 0  9999
2 55813  87.9145 313.4958 0001695  74.3730 285.7590 13.19724608153260
ONEWEB-0652             
1 55814U 23029U   26125.46740760  .00000208  00000+0  52683-3 0  9995
2 55814  87.8917 298.2377 0001762  98.5927 261.5402 13.14502387153754
ONEWEB-0653             
1 55815U 23029V   26125.45154706  .00000089  00000+0  20536-3 0  9993
2 55815  87.8925 298.2365 0001910  96.0957 264.0391 13.14502641153783
ONEWEB-0654             
1 55816U 23029W   26125.44678500  .00000233  00000+0  59381-3 0  9997
2 55816  87.8917 298.2334 0001870 102.8930 257.2409 13.14508106153802
ONEWEB-0656             
1 55817U 23029X   26125.40149306  .00000061  00000+0  11906-3 0  9991
2 55817  87.9159 282.9645 0001975 108.4321 251.7027 13.20769656155509
ONEWEB-0657             
1 55818U 23029Y   26125.08486705  .00000058  00000+0  11280-3 0  9994
2 55818  87.9146 313.5712 0001333 109.6015 250.5262 13.19725551153222
ONEWEB-0658             
1 55819U 23029Z   26125.08012944  .00000034  00000+0  51580-4 0  9997
2 55819  87.9155 313.5441 0001666  76.1224 284.0094 13.19724982153234
ONEWEB-0660             
1 55820U 23029AA  26125.42456882 -.00000162  00000+0 -47021-3 0  9998
2 55820  87.8927 298.2289 0001999  86.0787 274.0572 13.14504036153785
ONEWEB-0661             
1 55821U 23029AB  26125.45947080  .00000170  00000+0  42523-3 0  9996
2 55821  87.8916 298.2727 0002055  88.9272 271.2093 13.14503630153770
ONEWEB-0662             
1 55822U 23029AC  26125.41823543 -.00000132  00000+0 -39179-3 0  9993
2 55822  87.8917 298.2880 0002008  85.7984 274.3375 13.14503678153819
ONEWEB-0663             
1 55823U 23029AD  26125.43862656  .00000036  00000+0  56742-4 0  9991
2 55823  87.9155 283.0299 0001947  82.9770 277.1584 13.20866601155500
ONEWEB-0664             
1 55824U 23029AE  26125.38888935  .00000136  00000+0  30261-3 0  9992
2 55824  87.9138 283.0256 0002313  95.5759 264.5638 13.20771983155496
ONEWEB-0665             
1 55825U 23029AF  26125.45630301  .00000124  00000+0  30059-3 0  9995
2 55825  87.8918 298.2540 0001925  84.1482 275.9867 13.14503142153795
ONEWEB-0666             
1 55826U 23029AG  26125.38256206  .00000110  00000+0  23827-3 0  9996
2 55826  87.9139 283.0169 0001491 117.5464 242.5821 13.20770457155503
ONEWEB-0667             
1 55827U 23029AH  26125.45199928  .00000105  00000+0  22570-3 0  9990
2 55827  87.9160 282.9533 0001975  92.7071 267.4288 13.20770337155506
ONEWEB-0669             
1 55828U 23029AJ  26125.44727392  .00000089  00000+0  18662-3 0  9990
2 55828  87.9146 282.9697 0002222 109.1659 250.9715 13.20770337155505
ONEWEB-0670             
1 55829U 23029AK  26125.43409692 -.00000168  00000+0 -48792-3 0  9997
2 55829  87.8915 298.2762 0002167  91.4657 268.6721 13.14503101153812
ONEWEB-0671             
1 55830U 23029AL  26125.45446883  .00000008  00000+0 -11358-4 0  9995
2 55830  87.9146 313.4983 0001929  85.1751 274.9601 13.19725239153265
ONEWEB-0672             
1 55831U 23029AM  26125.44254308  .00000038  00000+0  62194-4 0  9990
2 55831  87.9151 282.9626 0001763 106.2118 253.9209 13.20771351155502
ONEWEB-0673             
1 55832U 23029AN  26125.43154758 -.00000241  00000+0 -63340-3 0  9999
2 55832  87.9156 313.4911 0001926  87.4559 272.6794 13.19724463153263
ONEWEB-0674             
1 55833U 23029AP  26125.40237566  .00000123  00000+0  29672-3 0  9993
2 55833  87.8917 298.2597 0002225  92.7241 267.4143 13.14501338153795
ONEWEB-0675             
1 55834U 23029AQ  26125.44657194  .00000011  00000+0 -44592-5 0  9998
2 55834  87.9146 313.5015 0001508  92.4479 267.6827 13.19724748153282
ONEWEB-0720             
1 55835U 23029AR  26125.43866887  .00000015  00000+0  59593-5 0  9999
2 55835  87.9146 313.5037 0001835  80.1409 279.9930 13.19725283153205
ONEWEB-0537             
1 56046U 23043A   26125.56030682  .00000004  00000+0 -21891-4 0  9998
2 56046  87.9093 237.2357 0001838 108.1675 251.9656 13.16595200153359
ONEWEB-0538             
1 56047U 23043B   26125.55397716  .00000125  00000+0  29356-3 0  9998
2 56047  87.9096 237.2391 0001679 100.9362 259.1958 13.16595648153369
ONEWEB-0546             
1 56048U 23043C   26125.54130895  .00000174  00000+0  42225-3 0  9995
2 56048  87.9098 237.2412 0001893 122.9050 237.2263 13.16595132153355
ONEWEB-0547             
1 56049U 23043D   26125.40395304  .00000044  00000+0  73975-4 0  9992
2 56049  87.9242 252.4888 0001784  95.0516 265.0821 13.21826611152576
ONEWEB-0548             
1 56050U 23043E   26125.56583940  .00000053  00000+0  10579-3 0  9996
2 56050  87.9091 237.2336 0002391 103.1176 257.0222 13.16593189153355
ONEWEB-0549             
1 56051U 23043F   26125.39806203  .00000077  00000+0  15478-3 0  9997
2 56051  87.9228 252.4984 0001669  96.3140 263.8184 13.21828180152570
ONEWEB-0550             
1 56052U 23043G   26125.38461169  .00000148  00000+0  32620-3 0  9992
2 56052  87.9230 252.4977 0002224 101.1266 259.0118 13.21828068152577
ONEWEB-0551             
1 56053U 23043H   26125.41102216 -.00000058  00000+0 -18753-3 0  9995
2 56053  87.8966 267.7554 0001584  91.3151 268.8161 13.15548779150771
ONEWEB-0552             
1 56054U 23043J   26125.37956390  .00000053  00000+0  97481-4 0  9990
2 56054  87.9231 252.5053 0001946  94.3146 265.8210 13.21828005152575
ONEWEB-0553             
1 56055U 23043K   26125.54764003  .00000112  00000+0  25985-3 0  9993
2 56055  87.9098 237.2413 0002037 113.8897 246.2447 13.16595630153361
ONEWEB-0554             
1 56056U 23043L   26125.30698926  .00000127  00000+0  29786-3 0  9997
2 56056  87.9093 237.2985 0002245 104.5717 255.5662 13.16595455153312
ONEWEB-0555             
1 56057U 23043M   26125.57297119  .00000032  00000+0  51370-4 0  9996
2 56057  87.9096 237.2320 0001981 119.9580 240.1747 13.16593321153351
ONEWEB-0557             
1 56058U 23043N   26125.35923488  .00000057  00000+0  11556-3 0  9996
2 56058  87.9094 237.2854 0003033 117.9359 242.2080 13.16594683153326
ONEWEB-0558             
1 56059U 23043P   26125.37282885  .00000134  00000+0  29373-3 0  9990
2 56059  87.9235 252.5006 0001594  88.2053 271.9264 13.21824406152589
ONEWEB-0559             
1 56060U 23043Q   26125.36105348  .00000167  00000+0  37291-3 0  9993
2 56060  87.9233 252.4965 0001764  94.0009 266.1327 13.21825458152592
ONEWEB-0566             
1 56061U 23043R   26125.43002368  .00000007  00000+0 -13926-4 0  9994
2 56061  87.9233 252.4817 0001714  91.2723 268.8607 13.21824249152582
ONEWEB-0568             
1 56062U 23043S   26125.30064368  .00000170  00000+0  41026-3 0  9990
2 56062  87.9093 237.2876 0001924 110.9235 249.2101 13.16595787153335
ONEWEB-0574             
1 56063U 23043T   26125.34760580  .00000050  00000+0  89603-4 0  9995
2 56063  87.9242 252.4972 0002085 103.0389 257.0977 13.21827366152615
ONEWEB-0575             
1 56064U 23043U   26125.37031799  .00000073  00000+0  15783-3 0  9994
2 56064  87.9093 237.2702 0002275 110.1427 249.9949 13.16595427153338
ONEWEB-0576             
1 56065U 23043V   26125.35132073  .00000110  00000+0  25362-3 0  9996
2 56065  87.9095 237.2800 0002112 106.8085 253.3278 13.16594727153327
ONEWEB-0577             
1 56066U 23043W   26125.35764830  .00000033  00000+0  51772-4 0  9998
2 56066  87.9097 237.2768 0002690 108.9609 251.1814 13.16594389153358
ONEWEB-0578             
1 56067U 23043X   26124.80427048  .00000026  00000+0  30345-4 0  9990
2 56067  87.9236 252.6054 0001864 107.7665 252.3672 13.21826195152504
ONEWEB-0579             
1 56068U 23043Y   26125.40142676  .00000089  00000+0  18360-3 0  9990
2 56068  87.9241 252.4823 0001934  91.6202 268.5153 13.21827541152597
ONEWEB-0581             
1 56069U 23043Z   26125.36398394  .00000107  00000+0  24560-3 0  9996
2 56069  87.9093 237.2871 0002518 105.6996 254.4412 13.16594198153329
ONEWEB-0609             
1 56070U 23043AA  26125.43716105  .00000006  00000+0 -17895-4 0  9993
2 56070  87.8961 267.7364 0001729  98.7514 261.3812 13.15550065150816
ONEWEB-0613             
1 56071U 23043AB  26125.43479453  .00000036  00000+0  60254-4 0  9995
2 56071  87.8962 267.7488 0001778  89.7640 270.3694 13.15549035150812
ONEWEB-0630             
1 56072U 23043AC  26125.43003955 -.00000027  00000+0 -10621-3 0  9990
2 56072  87.8964 267.7203 0001821  90.5321 269.6018 13.15548738150804
ONEWEB-0632             
1 56073U 23043AD  26125.42528558 -.00000079  00000+0 -24440-3 0  9992
2 56073  87.8965 267.7392 0002018  98.8760 261.2599 13.15548893150806
ONEWEB-0633             
1 56074U 23043AE  26125.41893477 -.00000044  00000+0 -15145-3 0  9991
2 56074  87.8974 267.7126 0001619  86.5702 273.5613 13.15548726150783
ONEWEB-0634             
1 56075U 23043AF  26125.40468240 -.00000007  00000+0 -52940-4 0  9991
2 56075  87.8968 267.7593 0001569 106.7308 253.3995 13.15549044150778
ONEWEB-0635             
1 56076U 23043AG  26125.39993708  .00000044  00000+0  81808-4 0  9996
2 56076  87.8979 267.7192 0002104 100.3150 259.8218 13.15548591150806
ONEWEB-0636             
1 56077U 23043AH  26125.39201028  .00000180  00000+0  44273-3 0  9999
2 56077  87.8969 267.7303 0002041 100.7481 259.3879 13.15549052150789
ONEWEB-0637             
1 56078U 23043AJ  26125.38567025  .00000211  00000+0  52717-3 0  9998
2 56078  87.8965 267.7488 0001904 108.3217 251.8120 13.15548726150804
ONEWEB-0647             
1 56079U 23043AK  26125.38090182  .00000174  00000+0  42783-3 0  9994
2 56079  87.8962 267.7621 0001917  95.1251 265.0098 13.15549459150799
ONEWEB-0651             
1 56080U 23043AL  26125.52827955  .00000254  00000+0  64139-3 0  9996
2 56080  87.8962 267.7268 0002037 104.2175 255.9181 13.15548839152018
ONEWEB-0718             
1 56081U 23043AM  26125.44747756  .00000052  00000+0  10288-3 0  9990
2 56081  87.8962 267.7235 0001344 106.0597 254.0681 13.15547504150810
ONEWEB-0561             
1 56710U 23068A   26125.39518153  .00000071  00000+0  14317-3 0  9995
2 56710  87.9152 282.9799 0002229  93.4337 266.7051 13.20770098143858
ONEWEB-0668             
1 56711U 23068B   26125.56663323  .00000079  00000+0  17374-3 0  9999
2 56711  87.9100 237.2337 0001718 117.8462 242.2843 13.16595803146175
ONEWEB-0676             
1 56712U 23068C   26125.34656670 -.00000085  00000+0 -25708-3 0  9992
2 56712  87.9098 237.2843 0002312 103.4613 256.6776 13.16594754146060
ONEWEB-0677             
1 56713U 23068D   26125.38413291  .00000105  00000+0  22728-3 0  9997
2 56713  87.9150 282.9746 0001953 107.7736 252.3611 13.20770307144156
ONEWEB-0678             
1 56714U 23068E   26125.41577067 -.00000082  00000+0 -25280-3 0  9996
2 56714  87.8977 267.7177 0001940  90.0415 270.0938 13.15549275143662
ONEWEB-0679             
1 56715U 23068F   26125.53338878  .00000200  00000+0  48893-3 0  9990
2 56715  87.9104 237.2380 0002186 117.4313 242.7040 13.16595457146115
ONEWEB-0680             
1 56716U 23068G   26125.40312722  .00000015  00000+0  55021-5 0  9994
2 56716  87.9244 252.4836 0001804 117.4452 242.6866 13.21824429145446
ONEWEB-0681             
1 56717U 23068H   26125.38375920  .00000021  00000+0  19796-4 0  9996
2 56717  87.9234 252.4910 0002888 102.8491 257.2966 13.21828034145431
ONEWEB-0682             
1 56718U 23068J   26125.43952542  .00000033  00000+0  52878-4 0  9995
2 56718  87.8969 267.7145 0001710 116.3387 243.7919 13.15549854143835
ONEWEB-0683             
1 56719U 23068K   26125.38724988  .00001958  00000+0  51667-2 0  9991
2 56719  87.8970 267.7233 0001720 111.6618 248.4696 13.15553849143790
ONEWEB-0684             
1 56720U 23068L   26125.39516867  .00000093  00000+0  21242-3 0  9995
2 56720  87.8977 267.7131 0001803  54.8914 305.2386 13.15549522143628
ONEWEB-0686             
1 56721U 23068M   26125.56980117  .00000027  00000+0  36372-4 0  9996
2 56721  87.9084 237.2590 0001570 103.0153 257.1153 13.16594938146108
ONEWEB-0694             
1 56722U 23068N   26125.34813501  .00000031  00000+0  47053-4 0  9998
2 56722  87.9106 237.2593 0001764 115.8919 244.2394 13.16595748146130
ONEWEB-0696             
1 56723U 23068P   26125.42844486 -.00000048  00000+0 -16160-3 0  9998
2 56723  87.8962 267.7476 0001919  84.4985 275.6364 13.15549342143741
ONEWEB-0703             
1 56724U 23068Q   26125.43795139 -.00000008  00000+0 -56527-4 0  9998
2 56724  87.8964 267.7267 0002547  83.5983 276.5437 13.15549903143630
ONEWEB-0721             
1 56725U 23068R   26125.39241971  .00000045  00000+0  73579-4 0  9999
2 56725  86.6735  99.1758 0001993  84.5600 275.5760 13.22466326152281
ONEWEB-0015             
1 61594U 24188A   26125.43067520  .00000125  00000+0  31672-3 0  9990
2 61594  87.8921  29.5959 0002104  94.2674 265.8694 13.11416017 78853
ONEWEB-0687             
1 61595U 24188B   26125.25091506  .00000046  00000+0  86459-4 0  9998
2 61595  87.9171  14.4125 0001652  97.1204 263.0115 13.17649144 80247
ONEWEB-0688             
1 61596U 24188C   26125.43147111 -.00006571  00000+0 -16962-1 0  9993
2 61596  87.9164  14.3767 0002887 107.8452 252.2995 13.17682419 80266
ONEWEB-0689             
1 61597U 24188D   26125.23569226 -.00000177  00000+0 -53435-3 0  9991
2 61597  87.8944  29.5853 0001492  83.0946 277.0351 13.11419978 78822
ONEWEB-0690             
1 61598U 24188E   26125.47478058  .00000158  00000+0  41124-3 0  9999
2 61598  87.8933  29.5534 0002378  69.6867 290.4516 13.11418029 79035
ONEWEB-0691             
1 61599U 24188F   26125.46968242  .00000029  00000+0  44961-4 0  9998
2 61599  87.8942  29.4590 0001920  91.5505 268.5843 13.11419463 78886
ONEWEB-0692             
1 61600U 24188G   26125.49002676  .00000636  00000+0  17585-2 0  9998
2 61600  87.8921  29.5762 0001266  55.3102 304.8145 13.11417858 78876
ONEWEB-0693             
1 61601U 24188H   26125.44329154  .00000059  00000+0  11831-3 0  9995
2 61601  87.9165  14.3959 0002551  74.0481 286.0931 13.17648789 80258
ONEWEB-0695             
1 61602U 24188J   26125.46627994 -.00000165  00000+0 -50036-3 0  9991
2 61602  87.8923  29.5729 0001270  74.5040 285.6228 13.11419376 78866
ONEWEB-0697             
1 61603U 24188K   26125.49850485  .00000488  00000+0  13397-2 0  9992
2 61603  87.8921  29.5563 0001376  54.6235 305.5021 13.11416616 78859
ONEWEB-0698             
1 61604U 24188L   26125.47645578  .00000298  00000+0  80437-3 0  9995
2 61604  87.8923  29.5756 0002210  46.2900 313.8410 13.11419891 78874
ONEWEB-0699             
1 61605U 24188M   26125.22625405  .00000711  00000+0  20009-2 0  9994
2 61605  87.8855  44.8150 0001575  57.6884 302.4395 13.10374135 77681
ONEWEB-0700             
1 61606U 24188N   26125.53333975  .00000721  00000+0  20278-2 0  9996
2 61606  87.8871  44.6555 0001249  66.1327 293.9931 13.10373756 77714
ONEWEB-0701             
1 61607U 24188P   26125.47357341  .00000080  00000+0  19156-3 0  9995
2 61607  87.8848  44.7642 0001501  51.8176 308.3086 13.10370662 77716
ONEWEB-0702             
1 61608U 24188Q   26125.44592654 -.00000446  00000+0 -12945-2 0  9997
2 61608  87.8938  29.4794 0001080  49.7850 310.3372 13.11414018 78887
ONEWEB-0704             
1 61609U 24188R   26125.53832461  .00000642  00000+0  18038-2 0  9996
2 61609  87.8870  44.7358 0000894  55.1117 305.0094 13.10370909 77709
ONEWEB-0705             
1 61610U 24188S   26125.46694769  .00000537  00000+0  15028-2 0  9996
2 61610  87.8862  44.7576 0001016 112.5867 247.5368 13.10368696 69863
ONEWEB-0706             
1 61611U 24188T   26125.52836000  .00000692  00000+0  19470-2 0  9997
2 61611  87.8856  44.7533 0001230  73.3256 286.8006 13.10374738 77794
ONEWEB-0707             
1 61612U 24188U   26125.53500498  .00000681  00000+0  19153-2 0  9994
2 61612  87.8861  44.7437 0001304  71.1762 288.9507 13.10372769 77739
ONEWEB-0708             
1 61613U 24188V   26125.47689463 -.00000030  00000+0 -12209-3 0  9994
2 61613  87.8849  44.7775 0001667  96.5468 263.5849 13.10370699 77702
