ONEWEB-0012             
1 44057U 19010A   26050.60987433  .00000037  00000+0  63826-4 0  9992
2 44057  87.8994 252.1833 0001254  81.8183 278.3090 13.16595230336097
ONEWEB-0010             
1 44058U 19010B   26050.55920492  .00000098  00000+0  22192-3 0  9996
2 44058  87.9000 252.1887 0001670 107.9252 252.2061 13.16596056336136
ONEWEB-0008             
1 44059U 19010C   26050.58454638 -.00000376  00000+0 -10184-2 0  9992
2 44059  87.8991 252.1780 0001739  79.6144 280.5183 13.16592400336259
ONEWEB-0007             
1 44060U 19010D   26050.60228020 -.00000386  00000+0 -10584-2 0  9996
2 44060  87.8958 282.7031 0001252  89.7452 270.3822 13.15547369335918
ONEWEB-0006             
1 44061U 19010E   26050.60624703 -.00000046  00000+0 -15566-3 0  9994
2 44061  87.8967 282.6547 0001470  91.6314 268.4984 13.15549309335969
ONEWEB-0011             
1 44062U 19010F   26050.65062256  .00000007  00000+0 -16217-4 0  9990
2 44062  87.8971 282.6543 0001775  87.8335 272.2998 13.15548946335963
ONEWEB-0013             
1 45131U 20008A   26050.57328678 -.00000158  00000+0 -49577-3 0  9993
2 45131  87.8449  76.5769 0001373  59.8799 300.2464 13.09452206290672
ONEWEB-0017             
1 45132U 20008B   26050.56189359  .00000287  00000+0  78626-3 0  9992
2 45132  87.8749  59.7019 0001909  96.0367 264.0978 13.10369481292545
ONEWEB-0020             
1 45133U 20008C   26050.53200097 -.00001123  00000+0 -32530-2 0  9998
2 45133  87.8761  59.6981 0002031  91.9912 268.1448 13.10363195292930
ONEWEB-0021             
1 45134U 20008D   26050.54695537  .00000665  00000+0  18688-2 0  9993
2 45134  87.8754  59.7200 0001749  91.3221 268.8106 13.10372412293245
ONEWEB-0023             
1 45136U 20008F   26050.55774691  .00000451  00000+0  12562-2 0  9993
2 45136  87.8744  59.6981 0001762  86.0156 274.1173 13.10370346292678
ONEWEB-0024             
1 45137U 20008G   26050.53034987  .00000092  00000+0  22582-3 0  9994
2 45137  87.8768  59.6862 0001848  93.6087 266.5252 13.10376831292831
ONEWEB-0025             
1 45138U 20008H   26050.91670139  .00046647  00000+0  13200+0 0  9991
2 45138  87.8764  59.6045 0001606  85.6638 227.6833 13.10854399  5066
ONEWEB-0026             
1 45139U 20008J   26050.89043079  .00000573  00000+0  15811-2 0  9997
2 45139  87.8837  44.3942 0001957  90.2958 269.8394 13.11417200295733
ONEWEB-0028             
1 45140U 20008K   26050.54199668 -.00000517  00000+0 -14937-2 0  9995
2 45140  87.8827  44.4746 0001529  67.2035 292.9255 13.11417335293204
ONEWEB-0032             
1 45141U 20008L   26050.56355195  .00000231  00000+0  62637-3 0  9999
2 45141  87.8751  59.7023 0001746  82.7407 277.3918 13.10369325292895
ONEWEB-0033             
1 45142U 20008M   26050.53866237  .00000393  00000+0  10880-2 0  9992
2 45142  87.8752  59.7177 0002170 104.0289 256.1079 13.10375371292807
ONEWEB-0035             
1 45143U 20008N   26050.56935761 -.00000105  00000+0 -33706-3 0  9991
2 45143  87.8749  59.7107 0001881  92.9153 267.2189 13.10369886292539
ONEWEB-0036             
1 45144U 20008P   26050.56164978  .00000327  00000+0  90724-3 0  9993
2 45144  87.8756  59.6778 0001818  83.6939 276.4395 13.09811539292963
ONEWEB-0038             
1 45145U 20008Q   26050.90074777  .00000302  00000+0  81705-3 0  9991
2 45145  87.8837  44.3924 0001115 153.2840 206.8345 13.11415196294958
ONEWEB-0039             
1 45146U 20008R   26050.54198000  .00000586  00000+0  16433-2 0  9997
2 45146  87.8765  59.6979 0001505  74.8633 285.2660 13.10374201292756
ONEWEB-0040             
1 45147U 20008S   26050.53533894  .00000335  00000+0  92202-3 0  9992
2 45147  87.8754  59.7177 0001755  91.2847 268.8482 13.10375246292459
ONEWEB-0043             
1 45149U 20008U   26050.53699741  .00000209  00000+0  56332-3 0  9992
2 45149  87.8757  59.6997 0001561  72.7041 287.4257 13.10375444292770
ONEWEB-0044             
1 45150U 20008V   26050.56520516  .00000127  00000+0  32616-3 0  9998
2 45150  87.8758  59.6891 0001664  86.4947 273.6371 13.10368888293079
ONEWEB-0045             
1 45151U 20008W   26050.89551214  .00000482  00000+0  13251-2 0  9991
2 45151  87.8842  44.3798 0001710  86.6420 273.4903 13.11417975295031
ONEWEB-0047             
1 45152U 20008X   26050.55857409  .00000436  00000+0  12118-2 0  9990
2 45152  87.8748  59.6943 0001814  91.5043 268.6293 13.10371542292795
ONEWEB-0048             
1 45153U 20008Y   26050.55358359  .00001533  00000+0  43542-2 0  9995
2 45153  87.8752  59.7227 0001894  91.7035 268.4309 13.10380185292405
ONEWEB-0049             
1 45154U 20008Z   26050.55677821  .00000498  00000+0  13897-2 0  9993
2 45154  87.8747  59.7103 0002099  78.4006 281.7357 13.10372011292625
ONEWEB-0051             
1 45155U 20008AA  26050.89382634  .00000520  00000+0  14321-2 0  9995
2 45155  87.8836  44.3941 0001819  87.0912 273.0424 13.11417014295712
ONEWEB-0052             
1 45156U 20008AB  26050.55111574  .00000647  00000+0  18183-2 0  9992
2 45156  87.8758  59.6793 0002102  77.8338 282.3025 13.10372223292533
ONEWEB-0053             
1 45157U 20008AC  26050.53367516  .00000255  00000+0  69303-3 0  9996
2 45157  87.8756  59.7239 0001737  74.8426 285.2893 13.10375038292505
ONEWEB-0054             
1 45158U 20008AD  26050.56852656 -.00000047  00000+0 -17005-3 0  9997
2 45158  87.8753  59.6904 0001903  87.6322 272.5023 13.10368960292626
ONEWEB-0056             
1 45159U 20008AE  26050.54945333  .00000704  00000+0  19793-2 0  9994
2 45159  87.8757  59.6940 0002036  88.0674 272.0686 13.10373248292775
ONEWEB-0057             
1 45160U 20008AF  26050.55705717  .00000475  00000+0  13232-2 0  9994
2 45160  87.8750  59.7030 0001821  81.5414 278.5920 13.10370120292949
ONEWEB-0058             
1 45161U 20008AG  26050.54377834  .00000609  00000+0  17076-2 0  9998
2 45161  87.8757  59.7148 0001818  97.5820 262.5514 13.10373280293012
ONEWEB-0059             
1 45162U 20008AH  26050.54031720  .00000570  00000+0  15953-2 0  9999
2 45162  87.8752  59.7161 0001752  91.9522 268.1806 13.10374637292918
ONEWEB-0062             
1 45163U 20008AJ  26050.56604113  .00000077  00000+0  18291-3 0  9995
2 45163  87.8758  59.6919 0001917 104.1465 255.9876 13.10369320292780
ONEWEB-0065             
1 45164U 20008AK  26050.52024764 -.00000424  00000+0 -12505-2 0  9999
2 45164  87.8754  59.7119 0002006  79.1597 280.9756 13.10375150292476
ONEWEB-0066             
1 45424U 20020A   26050.87856543  .00000324  00000+0  87833-3 0  9992
2 45424  87.8841  44.3980 0001655  87.2735 272.8582 13.11418474287302
ONEWEB-0067             
1 45425U 20020B   26050.53451454 -.00000407  00000+0 -11837-2 0  9992
2 45425  87.8847  44.3749 0001780  81.0774 279.0556 13.11415548287316
ONEWEB-0080             
1 45426U 20020C   26050.92518387 -.00000456  00000+0 -13212-2 0  9998
2 45426  87.8834  44.3875 0001919  97.6179 262.5167 13.11418881287339
ONEWEB-0090             
1 45427U 20020D   26050.48703517  .00000025  00000+0  35929-4 0  9992
2 45427  87.8836  44.4758 0001875  86.8989 273.2353 13.11419881287240
ONEWEB-0061             
1 45428U 20020E   26050.90048054  .00000324  00000+0  87869-3 0  9999
2 45428  87.8840  44.3785 0001807  87.5882 272.5453 13.11414527287256
ONEWEB-0081             
1 45429U 20020F   26050.50046174  .00000461  00000+0  12638-2 0  9990
2 45429  87.8841  44.4732 0001650  82.3318 277.7998 13.11418958287314
ONEWEB-0069             
1 45430U 20020G   26050.48945549  .00000104  00000+0  25668-3 0  9995
2 45430  87.8838  44.4710 0001793  83.8664 276.2668 13.11418376287240
ONEWEB-0031             
1 45431U 20020H   26050.53776292 -.00000444  00000+0 -12876-2 0  9994
2 45431  87.8829  44.4808 0001909  90.9354 269.1993 13.11415846287233
ONEWEB-0027             
1 45432U 20020J   26050.90853930 -.00000024  00000+0 -94787-4 0  9998
2 45432  87.9127  29.1342 0002246  88.0978 272.0410 13.17650458290916
ONEWEB-0064             
1 45433U 20020K   26050.91755122 -.00000305  00000+0 -89668-3 0  9997
2 45433  87.8829  44.3950 0001966  89.7077 270.4276 13.11415651287315
ONEWEB-0018             
1 45434U 20020L   26050.94977435  .00000106  00000+0  26461-3 0  9993
2 45434  87.8842  44.3841 0001668  89.5011 270.6308 13.11417619287263
ONEWEB-0083             
1 45435U 20020M   26050.48265949 -.00000152  00000+0 -46494-3 0  9994
2 45435  87.8838  44.4649 0001838  86.9084 273.2254 13.11420082287241
ONEWEB-0095             
1 45436U 20020N   26050.47347632 -.00000470  00000+0 -13623-2 0  9994
2 45436  87.8835  44.4762 0002596  78.0410 282.1009 13.11417745287241
ONEWEB-0092             
1 45437U 20020P   26050.90316436  .00000231  00000+0  61637-3 0  9993
2 45437  87.8832  44.3906 0002040  77.5120 282.6236 13.11413935287417
ONEWEB-0085             
1 45438U 20020Q   26050.48180956 -.00000206  00000+0 -61714-3 0  9993
2 45438  87.8829  44.4796 0001851  84.0296 276.1043 13.11419437287246
ONEWEB-0096             
1 45439U 20020R   26050.48350638 -.00000123  00000+0 -38168-3 0  9995
2 45439  87.8840  44.4656 0001819  82.4059 277.7276 13.11418968287230
ONEWEB-0037             
1 45440U 20020S   26050.92178468 -.00000463  00000+0 -13414-2 0  9998
2 45440  87.8844  44.3536 0001932  83.9455 276.1893 13.11414595287324
ONEWEB-0042             
1 45441U 20020T   26050.47318140 -.00000420  00000+0 -12205-2 0  9992
2 45441  87.8837  44.4660 0001789  81.6469 278.4862 13.11415820287239
ONEWEB-0098             
1 45442U 20020U   26050.54537978 -.00000517  00000+0 -14947-2 0  9995
2 45442  87.8837  44.4634 0001871  88.6886 271.4456 13.11415054287223
ONEWEB-0055             
1 45443U 20020V   26050.90993479 -.00000071  00000+0 -23670-3 0  9997
2 45443  87.8835  44.3901 0001866  89.6535 270.4806 13.11414172287244
ONEWEB-0093             
1 45444U 20020W   26050.88548716  .00000479  00000+0  13159-2 0  9995
2 45444  87.8841  44.3841 0001575  74.4335 285.6966 13.11417389287307
ONEWEB-0029             
1 45445U 20020X   26050.90145277  .00000300  00000+0  81005-3 0  9993
2 45445  87.8839  44.3930 0001700  84.1371 275.9951 13.11414019287282
ONEWEB-0068             
1 45446U 20020Y   26050.88520956  .00000526  00000+0  14484-2 0  9998
2 45446  87.8842  44.3863 0001652  84.9975 275.1342 13.11417954287227
ONEWEB-0046             
1 45447U 20020Z   26050.49538093  .00000379  00000+0  10344-2 0  9994
2 45447  87.8841  44.4709 0001841  78.5149 281.6186 13.11419465287181
ONEWEB-0063             
1 45448U 20020AA  26050.90569068  .00000158  00000+0  41063-3 0  9995
2 45448  87.8839  44.3869 0001987  79.6845 280.4507 13.11415604287322
ONEWEB-0019             
1 45449U 20020AB  26050.94452957 -.00000075  00000+0 -24658-3 0  9999
2 45449  87.8828  44.3752 0001930  89.5787 270.5562 13.11416680287174
ONEWEB-0094             
1 45450U 20020AC  26050.88155935  .00000044  00000+0  79421-4 0  9993
2 45450  87.9129  29.1365 0001678  87.5470 272.5854 13.17651624290869
ONEWEB-0087             
1 45451U 20020AD  26050.53423107 -.00000391  00000+0 -11389-2 0  9999
2 45451  87.8849  44.4262 0001549  85.2823 274.8482 13.11415910287169
ONEWEB-0082             
1 45452U 20020AE  26050.53098104 -.00000266  00000+0 -78548-3 0  9997
2 45452  87.8842  44.4518 0001617  87.0123 273.1190 13.11415159287259
ONEWEB-0050             
1 45453U 20020AF  26050.89332036  .00001561  00000+0  16003-3 0  9997
2 45453  88.9193 249.1928 0005236  58.7915 301.3827 14.89929563322914
ONEWEB-0034             
1 45454U 20020AG  26050.47586370 -.00000406  00000+0 -11825-2 0  9999
2 45454  87.8837  44.4690 0001844  87.6221 272.5118 13.11416100287163
ONEWEB-0060             
1 45455U 20020AH  26050.90483790  .00000187  00000+0  49313-3 0  9998
2 45455  87.8827  44.3949 0000795  91.0366 269.0854 13.11414112287172
ONEWEB-0086             
1 45456U 20020AJ  26050.88364765  .00000478  00000+0  13125-2 0  9990
2 45456  87.8843  44.3849 0001440 109.9546 250.1737 13.11418357287230
ONEWEB-0088             
1 45457U 20020AK  26050.48011361 -.00000244  00000+0 -72324-3 0  9998
2 45457  87.8848  44.4287 0001859  76.1117 284.0217 13.11418911287118
ONEWEB-0102             
1 47258U 20100A   26050.88120930  .00000445  00000+0  12026-2 0  9998
2 47258  87.8969  13.9635 0001690  87.9625 272.1697 13.12443352249349
ONEWEB-0109             
1 47259U 20100B   26050.88967056  .00000375  00000+0  10074-2 0  9990
2 47259  87.8980  13.9347 0001920  86.2931 273.8417 13.12443487249179
ONEWEB-0110             
1 47260U 20100C   26050.84054442 -.00000350  00000+0 -10088-2 0  9994
2 47260  87.8979  13.9291 0001627  85.8088 274.3226 13.12442973249330
ONEWEB-0111             
1 47261U 20100D   26050.87103767  .00000274  00000+0  72725-3 0  9993
2 47261  87.8977  13.9416 0001733  79.7348 280.3976 13.12443555249175
ONEWEB-0114             
1 47262U 20100E   26050.90153131  .00000031  00000+0  52015-4 0  9990
2 47262  87.8980  13.9305 0002145  80.7465 279.3906 13.12443523249139
ONEWEB-0117             
1 47263U 20100F   26050.89305799  .00000329  00000+0  87952-3 0  9995
2 47263  87.8979  13.9276 0001831  82.3560 277.7776 13.12443564249143
ONEWEB-0118             
1 47264U 20100G   26050.85068953 -.00000303  00000+0 -87642-3 0  9990
2 47264  87.8981  13.9378 0002180  76.4256 283.7115 13.12441370249332
ONEWEB-0119             
1 47265U 20100H   26050.87612491  .00000397  00000+0  10688-2 0  9991
2 47265  87.8970  13.9599 0001846  82.1736 277.9602 13.12443870249312
ONEWEB-0120             
1 47266U 20100J   26050.89996866  .00000084  00000+0  19879-3 0  9990
2 47266  87.8971  13.9562 0001941  81.9209 278.2140 13.12443221249346
ONEWEB-0121             
1 47267U 20100K   26050.88797755  .00000407  00000+0  10957-2 0  9992
2 47267  87.8980  13.9332 0001641  85.6355 274.4962 13.12443397249256
ONEWEB-0122             
1 47268U 20100L   26050.88205136  .00000450  00000+0  12168-2 0  9994
2 47268  87.8979  13.9367 0001866  88.3514 271.7828 13.12443720249160
ONEWEB-0123             
1 47269U 20100M   26050.87781685  .00000450  00000+0  12164-2 0  9998
2 47269  87.8970  13.9584 0001909  79.3717 280.7627 13.12443868249302
ONEWEB-0124             
1 47270U 20100N   26050.86764192  .00000266  00000+0  70514-3 0  9992
2 47270  87.8966  13.9655 0001752  77.2460 282.8864 13.12444636249182
ONEWEB-0125             
1 47271U 20100P   26050.84562274 -.00000380  00000+0 -10923-2 0  9994
2 47271  87.8978  13.9385 0001839  70.4886 289.6441 13.12442983249245
ONEWEB-0126             
1 47272U 20100Q   26050.86608550  .00000108  00000+0  26355-3 0  9998
2 47272  87.8980  13.9576 0001967  81.8307 278.3045 13.12445639249311
ONEWEB-0127             
1 47273U 20100R   26050.90830012 -.00000231  00000+0 -67884-3 0  9995
2 47273  87.8970  13.9547 0001948  84.2185 275.9166 13.12443633249341
ONEWEB-0128             
1 47274U 20100S   26050.85409775 -.00000205  00000+0 -60599-3 0  9995
2 47274  87.8967  13.9800 0001577  87.1556 272.9753 13.12444675249359
ONEWEB-0129             
1 47275U 20100T   26050.90999405 -.00000282  00000+0 -81796-3 0  9993
2 47275  87.8980  13.9305 0002864  94.3406 265.8050 13.12440269249298
ONEWEB-0130             
1 47276U 20100U   26050.86086714  .00000021  00000+0  23259-4 0  9999
2 47276  87.8975  13.9345 0001905  84.0987 276.0358 13.12444156249252
ONEWEB-0131             
1 47277U 20100V   26050.85746729 -.00000471  00000+0 -13448-2 0  9996
2 47277  87.8968  13.9655 0001869  80.3009 279.8331 13.12443695249295
ONEWEB-0132             
1 47278U 20100W   26050.88629030  .00001451  00000+0  39982-2 0  9993
2 47278  87.8972  13.9589 0001750  81.3522 278.7805 13.12451573249194
ONEWEB-0133             
1 47279U 20100X   26050.90307920 -.00000027  00000+0 -11062-3 0  9998
2 47279  87.8982  13.9183 0001691  81.7947 278.3374 13.12442841249358
ONEWEB-0134             
1 47280U 20100Y   26050.87273565  .00000331  00000+0  88469-3 0  9994
2 47280  87.8981  13.9212 0001810  90.2293 269.9043 13.12444180249328
ONEWEB-0135             
1 47281U 20100Z   26050.84392197 -.00000417  00000+0 -11959-2 0  9991
2 47281  87.8970  13.9650 0001735  91.0377 269.0951 13.12443389249342
ONEWEB-0136             
1 47282U 20100AA  26050.86255002 -.00000297  00000+0 -86201-3 0  9996
2 47282  87.8982  13.9324 0001898  94.7528 265.3818 13.12443153249274
ONEWEB-0137             
1 47283U 20100AB  26050.89645089  .00000187  00000+0  48383-3 0  9993
2 47283  87.8982  13.9308 0001910  77.7026 282.4316 13.12442578249189
ONEWEB-0138             
1 47284U 20100AC  26050.87442858  .00000354  00000+0  94948-3 0  9995
2 47284  87.8978  13.9448 0001892  88.6407 271.4939 13.12443558249260
ONEWEB-0139             
1 47285U 20100AD  26050.83898206 -.00000333  00000+0 -96169-3 0  9990
2 47285  87.8981  13.9395 0001866  84.1109 276.0232 13.12441008249330
ONEWEB-0140             
1 47286U 20100AE  26050.86934091  .00000221  00000+0  57777-3 0  9993
2 47286  87.8977  13.9223 0001678  81.0842 279.0476 13.12444196249308
ONEWEB-0141             
1 47287U 20100AF  26050.83869729 -.00000358  00000+0 -10315-2 0  9995
2 47287  87.8977  13.9345 0002104  74.2676 285.8685 13.12440772249288
ONEWEB-0142             
1 47288U 20100AG  26050.90338068 -.00000065  00000+0 -21721-3 0  9990
2 47288  87.8980  13.9462 0002273  80.7339 279.4047 13.12441326249285
ONEWEB-0143             
1 47289U 20100AH  26050.91337643 -.00000310  00000+0 -89659-3 0  9997
2 47289  87.8980  13.9401 0001892  78.4096 281.7245 13.12440889249266
ONEWEB-0144             
1 47290U 20100AJ  26050.88459594  .00000448  00000+0  12093-2 0  9992
2 47290  87.8984  13.9147 0002109  89.4079 270.7292 13.12443090249182
ONEWEB-0145             
1 47291U 20100AK  26050.85578573 -.00000173  00000+0 -51618-3 0  9993
2 47291  87.8978  13.9603 0001944  81.6945 278.4403 13.12444450249376
ONEWEB-0146             
1 47292U 20100AL  26050.85238638 -.00000563  00000+0 -16010-2 0  9998
2 47292  87.8979  13.9454 0001532  76.0592 284.0707 13.12442861249285
ONEWEB-0147             
1 47293U 20100AM  26050.89475961  .00000232  00000+0  60904-3 0  9998
2 47293  87.8983  13.9165 0001735  90.0387 270.0941 13.12442466249188
ONEWEB-0115             
1 48042U 21025A   26050.86221521  .00000198  00000+0  50644-3 0  9997
2 48042  87.9044 343.5440 0001723  76.3356 283.7964 13.13471152238198
ONEWEB-0152             
1 48043U 21025B   26050.79958095  .00000357  00000+0  94394-3 0  9990
2 48043  87.9046 343.5587 0001638  76.9688 283.1624 13.13471601238143
ONEWEB-0153             
1 48044U 21025C   26050.85375386 -.00000009  00000+0 -59837-4 0  9994
2 48044  87.9035 343.5538 0001862  78.4953 281.6385 13.13470923238142
ONEWEB-0154             
1 48045U 21025D   26050.85036630 -.00000111  00000+0 -34017-3 0  9997
2 48045  87.9038 343.5523 0001747  79.7242 280.4084 13.13469444238102
ONEWEB-0116             
1 48046U 21025E   26050.81312065  .00000175  00000+0  44558-3 0  9992
2 48046  87.9052 343.5461 0001651  76.8558 283.2755 13.13470927238241
ONEWEB-0150             
1 48047U 21025F   26050.86560177  .00000289  00000+0  75518-3 0  9993
2 48047  87.9050 343.5325 0001898  75.5797 284.5543 13.13471564238149
ONEWEB-0107             
1 48048U 21025G   26050.79110665  .00000290  00000+0  75879-3 0  9991
2 48048  87.9052 343.5431 0002014  81.9546 278.1811 13.13472667238113
ONEWEB-0101             
1 48049U 21025H   26050.83005086 -.00000181  00000+0 -53033-3 0  9996
2 48049  87.9039 343.5632 0001847  82.0803 278.0536 13.13471011238095
ONEWEB-0113             
1 48050U 21025J   26050.89561519 -.00000058  00000+0 -19253-3 0  9991
2 48050  87.9046 343.4711 0001541  74.9975 285.1325 13.13973032238201
ONEWEB-0112             
1 48051U 21025K   26050.79619474  .00000383  00000+0  10129-2 0  9996
2 48051  87.9048 343.5403 0001897  86.0744 274.0602 13.13468736238187
ONEWEB-0156             
1 48052U 21025L   26050.80465790  .00000298  00000+0  78072-3 0  9996
2 48052  87.9053 343.5489 0001909  78.4092 281.7252 13.13470739238163
ONEWEB-0161             
1 48053U 21025M   26050.85544721  .00000008  00000+0 -12717-4 0  9999
2 48053  87.9038 343.5498 0001989  79.4035 280.7318 13.13471544238104
ONEWEB-0158             
1 48054U 21025N   26050.89099231  .00000043  00000+0  83130-4 0  9990
2 48054  87.9052 343.5316 0001467  80.0661 280.0634 13.13467458238231
ONEWEB-0157             
1 48055U 21025P   26050.84019652 -.00000327  00000+0 -92971-3 0  9994
2 48055  87.9048 343.5471 0002160  83.7811 276.3565 13.13467841238166
ONEWEB-0162             
1 48056U 21025Q   26050.81638023  .00000046  00000+0  90362-4 0  9990
2 48056  87.9048 343.5560 0001899  73.7129 286.4209 13.13469895238130
ONEWEB-0155             
1 48057U 21025R   26050.82327554 -.00000148  00000+0 -43883-3 0  9996
2 48057  87.9042 343.5549 0001868  84.8569 275.2773 13.13470408238278
ONEWEB-0149             
1 48058U 21025S   26050.76909896 -.00000475  00000+0 -13350-2 0  9993
2 48058  87.9048 343.5614 0001897  72.6274 287.5063 13.13469712238070
ONEWEB-0148             
1 48059U 21025T   26050.80805417  .00000261  00000+0  67935-3 0  9993
2 48059  87.9042 343.5694 0002266  67.7432 292.3937 13.13468973238202
ONEWEB-0160             
1 48060U 21025U   26050.82496202 -.00000155  00000+0 -45797-3 0  9991
2 48060  87.9040 343.5621 0001063  75.5130 284.6117 13.13467955238155
ONEWEB-0163             
1 48061U 21025V   26050.80974190  .00000187  00000+0  47829-3 0  9998
2 48061  87.9047 343.5566 0002026  82.9368 277.1992 13.13469989238276
ONEWEB-0159             
1 48062U 21025W   26050.80126362  .00000386  00000+0  10234-2 0  9999
2 48062  87.9050 343.5443 0002029  78.7040 281.4317 13.13472287238193
ONEWEB-0164             
1 48063U 21025X   26050.85882665  .00000081  00000+0  18630-3 0  9991
2 48063  87.9049 343.5396 0001729  78.8500 281.2824 13.13470556238184
ONEWEB-0167             
1 48064U 21025Y   26050.88676840  .00000117  00000+0  28536-3 0  9997
2 48064  87.9039 343.5548 0002021  98.8554 261.2804 13.13469067238170
ONEWEB-0166             
1 48065U 21025Z   26050.83342561 -.00000304  00000+0 -86759-3 0  9994
2 48065  87.9046 343.5270 0001966  76.0529 284.0819 13.13468053238249
ONEWEB-0151             
1 48066U 21025AA  26050.83512752 -.00000272  00000+0 -78030-3 0  9993
2 48066  87.9043 343.5534 0001775  83.3109 276.8222 13.13471236238180
ONEWEB-0170             
1 48067U 21025AB  26050.84358189 -.00000444  00000+0 -12508-2 0  9995
2 48067  87.9040 343.5537 0001422  87.1399 272.9893 13.13469438238141
ONEWEB-0168             
1 48068U 21025AC  26050.82834955 -.00000222  00000+0 -64372-3 0  9995
2 48068  87.9050 343.5463 0001990  79.4987 280.6367 13.13467907238150
ONEWEB-0173             
1 48069U 21025AD  26050.81989883 -.00000040  00000+0 -14553-3 0  9990
2 48069  87.9048 343.5554 0002080  86.2105 273.9262 13.13470419238395
ONEWEB-0171             
1 48070U 21025AE  26050.85713730  .00000083  00000+0  19333-3 0  9998
2 48070  87.9033 343.5618 0001787  81.6187 278.5145 13.13471426238215
ONEWEB-0172             
1 48071U 21025AF  26050.83681322 -.00000368  00000+0 -10413-2 0  9995
2 48071  87.9038 343.5534 0001857  84.3294 275.8047 13.13471026239101
ONEWEB-0174             
1 48072U 21025AG  26050.81819963  .00000048  00000+0  96237-4 0  9991
2 48072  87.9041 343.5575 0001943  76.2986 283.8359 13.13470773238422
ONEWEB-0175             
1 48073U 21025AH  26050.84866169 -.00000212  00000+0 -61553-3 0  9992
2 48073  87.9044 343.5259 0001654  87.7104 272.4215 13.13471918238082
ONEWEB-0177             
1 48074U 21025AJ  26050.86051956  .00000078  00000+0  17989-3 0  9997
2 48074  87.9048 343.5441 0001996  79.6961 280.4393 13.13471672238274
ONEWEB-0178             
1 48075U 21025AK  26050.80311020  .00000374  00000+0  98945-3 0  9993
2 48075  87.9028 343.5864 0001836  89.3911 270.7428 13.13471408238311
ONEWEB-0108             
1 48076U 21025AL  26050.83850788 -.00000281  00000+0 -80326-3 0  9999
2 48076  87.9048 343.5377 0001752  72.0108 288.1212 13.13471461238242
ONEWEB-0169             
1 48077U 21025AM  26050.87067011  .00000304  00000+0  79652-3 0  9997
2 48077  87.9041 343.5480 0001758  71.8246 288.3074 13.13472263236907
ONEWEB-0176             
1 48210U 21031A   26050.65312168  .00000045  00000+0  87719-4 0  9991
2 48210  87.9017 313.1417 0001671  80.9598 279.1720 13.14504231232877
ONEWEB-0184             
1 48211U 21031B   26050.77839586  .00000163  00000+0  40467-3 0  9992
2 48211  87.9025 313.1054 0001609 108.9985 251.1319 13.14504766232862
ONEWEB-0179             
1 48212U 21031C   26050.29234865 -.00000189  00000+0 -54416-3 0  9998
2 48212  87.9017 313.2061 0001895  76.7735 283.3606 13.14504034232847
ONEWEB-0180             
1 48213U 21031D   26050.78157034  .00000233  00000+0  59469-3 0  9996
2 48213  87.9020 313.1090 0001923  86.5364 273.5986 13.14504575232798
ONEWEB-0218             
1 48214U 21031E   26050.65153976  .00000065  00000+0  14136-3 0  9999
2 48214  87.9022 313.1345 0001897 106.1657 253.9682 13.14503920232932
ONEWEB-0209             
1 48215U 21031F   26050.79266667  .00000225  00000+0  57126-3 0  9991
2 48215  87.9010 313.1354 0001862  82.5057 277.6284 13.14505157232950
ONEWEB-0198             
1 48216U 21031G   26050.77694241  .00000091  00000+0  21199-3 0  9995
2 48216  87.9013 313.1367 0001924  89.0948 271.0402 13.14505274233061
ONEWEB-0189             
1 48217U 21031H   26050.71338007  .00000249  00000+0  63780-3 0  9992
2 48217  87.9014 313.1259 0001875  91.5364 268.5980 13.14504786232796
ONEWEB-0196             
1 48218U 21031J   26050.76728929 -.00000195  00000+0 -56118-3 0  9993
2 48218  87.9010 313.1262 0001803  81.9763 278.1571 13.14501440232803
ONEWEB-0183             
1 48219U 21031K   26050.66580183 -.00000060  00000+0 -19530-3 0  9999
2 48219  87.9014 313.1464 0001776  72.6973 287.4351 13.14504611232881
ONEWEB-0185             
1 48220U 21031L   26050.76809104 -.00000015  00000+0 -75164-4 0  9995
2 48220  87.9016 313.1115 0002087  74.5187 285.6173 13.14504723232822
ONEWEB-0187             
1 48221U 21031M   26050.29142037 -.00000143  00000+0 -41973-3 0  9991
2 48221  87.9009 313.2397 0001948  79.6709 280.4641 13.14504803232775
ONEWEB-0192             
1 48222U 21031N   26050.64202017  .00000193  00000+0  48641-3 0  9998
2 48222  87.9006 313.1594 0001664  82.4994 277.6325 13.14504296232733
ONEWEB-0219             
1 48223U 21031P   26050.77363806  .00000130  00000+0  31578-3 0  9999
2 48223  87.9012 313.1164 0001935  77.4289 282.7057 13.14505033232959
ONEWEB-0202             
1 48224U 21031Q   26050.14568578 -.00001199  00000+0 -32701-2 0  9990
2 48224  87.9017 313.2511 0002097 100.8822 259.2544 13.14493293232859
ONEWEB-0204             
1 48225U 21031R   26050.78870881  .00000183  00000+0  45800-3 0  9999
2 48225  87.9015 313.1160 0001808  69.8312 290.3013 13.14501081232834
ONEWEB-0205             
1 48226U 21031S   26050.76412302 -.00000082  00000+0 -25670-3 0  9991
2 48226  87.9015 313.1135 0001879  78.3220 281.8121 13.14504997232843
ONEWEB-0206             
1 48227U 21031T   26050.73716532 -.00000097  00000+0 -29656-3 0  9995
2 48227  87.9030 313.1170 0001446  81.0717 279.0576 13.14500811232790
ONEWEB-0182             
1 48228U 21031U   26050.73240743  .00000048  00000+0  94592-4 0  9998
2 48228  87.9015 313.1327 0001760  70.5247 289.6072 13.14504579233006
ONEWEB-0186             
1 48229U 21031V   26050.66738804 -.00000100  00000+0 -30405-3 0  9994
2 48229  87.9020 313.1322 0001795  79.9608 280.1724 13.14500856232946
ONEWEB-0181             
1 48230U 21031W   26050.79742453  .00000200  00000+0  50378-3 0  9995
2 48230  87.9005 313.1503 0001784  81.8874 278.2458 13.14504763232816
ONEWEB-0188             
1 48231U 21031X   26050.68324872 -.00000166  00000+0 -48314-3 0  9995
2 48231  87.9007 313.1709 0001716  77.2781 282.8541 13.14503623232704
ONEWEB-0220             
1 48232U 21031Y   26050.64677329  .00000147  00000+0  36283-3 0  9999
2 48232  87.9023 313.1351 0001892  76.5906 283.5434 13.14503787232960
ONEWEB-0165             
1 48233U 21031Z   26050.67531903 -.00000186  00000+0 -53487-3 0  9990
2 48233  87.9011 313.1470 0001826  88.3134 271.8205 13.14504416232923
ONEWEB-0199             
1 48234U 21031AA  26050.81169433 -.00000040  00000+0 -14205-3 0  9996
2 48234  87.9018 313.1014 0001538  75.4447 284.6854 13.14504284232845
ONEWEB-0203             
1 48235U 21031AB  26050.80218480  .00000142  00000+0  34962-3 0  9996
2 48235  87.9016 313.1022 0001580  89.7351 270.3960 13.14501499232858
ONEWEB-0197             
1 48236U 21031AC  26050.77667155  .00000124  00000+0  29901-3 0  9997
2 48236  87.9013 313.1074 0001787  67.6477 292.4842 13.14504737232768
ONEWEB-0194             
1 48237U 21031AD  26050.14724628 -.00000060  00000+0 -19530-3 0  9996
2 48237  87.9016 313.2494 0001467  78.4019 281.7276 13.14500734232851
ONEWEB-0193             
1 48238U 21031AE  26050.77205167  .00000036  00000+0  62275-4 0  9994
2 48238  87.9012 313.1175 0001217  77.4605 282.6661 13.14504824232881
ONEWEB-0191             
1 48239U 21031AF  26050.78315180  .00000184  00000+0  46187-3 0  9990
2 48239  87.9018 313.1104 0001602  75.8858 284.2450 13.14504720232744
ONEWEB-0195             
1 48240U 21031AG  26050.68403625 -.00000422  00000+0 -11727-2 0  9991
2 48240  87.9015 313.1270 0001942  87.9416 272.1936 13.14501965232718
ONEWEB-0201             
1 48241U 21031AH  26050.67228418 -.00000374  00000+0 -10439-2 0  9991
2 48241  87.9006 313.1600 0001983  75.7052 284.4298 13.14501886232946
ONEWEB-0207             
1 48242U 21031AJ  26050.65232030  .00000096  00000+0  22321-3 0  9998
2 48242  87.9019 313.1335 0001881  74.6051 285.5286 13.14504990232858
ONEWEB-0208             
1 48243U 21031AK  26050.78632289  .00000254  00000+0  65133-3 0  9997
2 48243  87.9015 313.1198 0001811  87.4446 272.6892 13.14504294232885
ONEWEB-0200             
1 48244U 21031AL  26050.29314273 -.00000171  00000+0 -49644-3 0  9993
2 48244  87.9016 313.2072 0001790  79.8383 280.2949 13.14503821232748
ONEWEB-0217             
1 48245U 21031AM  26050.76570831 -.00000070  00000+0 -22209-3 0  9996
2 48245  87.9017 313.1118 0001824  87.4678 272.6661 13.14504859232759
ONEWEB-0211             
1 48767U 21045A   26050.58689882 -.00000097  00000+0 -28861-3 0  9996
2 48767  87.8968 282.5884 0001664  99.5554 260.5765 13.16141999228974
ONEWEB-0223             
1 48768U 21045B   26050.60862524 -.00000045  00000+0 -15446-3 0  9994
2 48768  87.8966 282.6613 0001441 101.7041 258.4251 13.15550080228941
ONEWEB-0230             
1 48769U 21045C   26050.65616437 -.00000040  00000+0 -14120-3 0  9993
2 48769  87.8961 282.6765 0001499  81.0659 279.0641 13.15549765229214
ONEWEB-0237             
1 48770U 21045D   26050.64506700  .00000134  00000+0  32231-3 0  9990
2 48770  87.8962 282.6806 0001409 101.7784 258.3505 13.15550434228935
ONEWEB-0235             
1 48771U 21045E   26050.61971644  .00000083  00000+0  18618-3 0  9997
2 48771  87.8969 282.6598 0001344 102.8124 257.3156 13.15550068228922
ONEWEB-0242             
1 48772U 21045F   26050.91760802  .00000050  00000+0  98639-4 0  9999
2 48772  87.8967 282.5960 0001353  85.1775 274.9510 13.15550191229004
ONEWEB-0241             
1 48773U 21045G   26050.60070007 -.00000137  00000+0 -39709-3 0  9997
2 48773  87.8958 282.6901 0001616  98.4516 261.6797 13.15549601228871
ONEWEB-0243             
1 48774U 21045H   26050.63238538  .00000150  00000+0  36458-3 0  9997
2 48774  87.8963 282.6947 0001156  92.8437 267.2826 13.15550226228901
ONEWEB-0222             
1 48775U 21045J   26050.61576270  .00000061  00000+0  12823-3 0  9995
2 48775  87.8970 282.6568 0001525  91.9375 268.1930 13.15546782228942
ONEWEB-0244             
1 48776U 21045K   26050.64190045  .00000135  00000+0  32379-3 0  9991
2 48776  87.8976 282.6418 0001424  93.4719 266.6575 13.15550229229513
ONEWEB-0247             
1 48777U 21045L   26050.63872950  .00000127  00000+0  30210-3 0  9996
2 48777  87.8963 282.6886 0000973 118.0342 242.0887 13.15546412228953
ONEWEB-0245             
1 48778U 21045M   26050.63397600  .00000196  00000+0  48524-3 0  9994
2 48778  87.8968 282.6580 0001628  91.9453 268.1864 13.15550306228928
ONEWEB-0229             
1 48779U 21045N   26050.62922141  .00000139  00000+0  33524-3 0  9999
2 48779  87.8972 282.6572 0001348  86.5173 273.6112 13.15549874228951
ONEWEB-0228             
1 48780U 21045P   26050.66263552 -.00000072  00000+0 -22545-3 0  9998
2 48780  87.8970 282.6376 0001473  90.6986 269.4313 13.15549851228872
ONEWEB-0232             
1 48781U 21045Q   26050.63714562  .00000180  00000+0  44375-3 0  9991
2 48781  87.8982 282.6407 0001494  87.0599 273.0702 13.15550198229199
ONEWEB-0231             
1 48782U 21045R   26050.61497012  .00000050  00000+0  98479-4 0  9999
2 48782  87.8958 282.6750 0001458  93.8948 266.2349 13.15550122228880
ONEWEB-0234             
1 48783U 21045S   26050.65286934 -.00000056  00000+0 -18206-3 0  9990
2 48783  87.8968 282.6452 0002394  87.8202 272.3202 13.15548948229023
ONEWEB-0238             
1 48784U 21045T   26050.65312937 -.00000004  00000+0 -45661-4 0  9993
2 48784  87.8967 282.6383 0001978  86.7237 273.4120 13.15549610228925
ONEWEB-0240             
1 48785U 21045U   26050.59833203 -.00000091  00000+0 -27609-3 0  9998
2 48785  87.8970 282.6493 0001641  96.2336 263.8981 13.15547330228942
ONEWEB-0246             
1 48786U 21045V   26050.59278092 -.00000110  00000+0 -32601-3 0  9998
2 48786  87.8974 282.6600 0001394  83.3584 276.7705 13.15549598228815
ONEWEB-0210             
1 48787U 21045W   26050.64347942  .00000091  00000+0  20897-3 0  9996
2 48787  87.8971 282.6472 0000687 109.6471 250.4733 13.15548804228865
ONEWEB-0214             
1 48788U 21045X   26050.65219864 -.00000230  00000+0 -64591-3 0  9995
2 48788  87.8974 282.6407 0001098  81.3617 278.7637 13.15547068228836
ONEWEB-0221             
1 48789U 21045Y   26050.65933025 -.00000070  00000+0 -21877-3 0  9990
2 48789  87.8973 282.6500 0001497  97.1340 262.9960 13.15549969228927
ONEWEB-0213             
1 48790U 21045Z   26050.64823664  .00000077  00000+0  16972-3 0  9993
2 48790  87.8972 282.6558 0001322  97.2285 262.8996 13.15547128228986
ONEWEB-0212             
1 48791U 21045AA  26050.62526323  .00000146  00000+0  35287-3 0  9991
2 48791  87.8967 282.6548 0001568  84.9205 275.2104 13.15549366228971
ONEWEB-0227             
1 48792U 21045AB  26050.62447558  .00000149  00000+0  36296-3 0  9998
2 48792  87.8965 282.6589 0001529  89.5390 270.5916 13.15549710228925
ONEWEB-0226             
1 48793U 21045AC  26050.61812486  .00000103  00000+0  23822-3 0  9995
2 48793  87.8957 282.6700 0001230  90.2145 269.9127 13.15550267228899
ONEWEB-0224             
1 48794U 21045AD  26050.65774494 -.00000051  00000+0 -16842-3 0  9994
2 48794  87.8964 282.6977 0002227 106.1671 253.9705 13.15547002228823
ONEWEB-0233             
1 48795U 21045AE  26050.66236408 -.00000052  00000+0 -17179-3 0  9999
2 48795  87.8959 282.7063 0001512  97.4824 262.6478 13.15550189228849
ONEWEB-0190             
1 48796U 21045AF  26050.64982081  .00000021  00000+0  22292-4 0  9990
2 48796  87.8960 282.6695 0001249 116.3838 243.7421 13.15546964228917
ONEWEB-0236             
1 48797U 21045AG  26050.59119678 -.00000098  00000+0 -29427-3 0  9991
2 48797  87.8959 282.6930 0001650  82.6440 277.4878 13.15549383228792
ONEWEB-0248             
1 48798U 21045AH  26050.60387219 -.00000035  00000+0 -12755-3 0  9999
2 48798  87.8969 282.6614 0001713 105.3681 254.7639 13.15549841228953
ONEWEB-0225             
1 48799U 21045AJ  26050.62605487  .00000132  00000+0  31630-3 0  9991
2 48799  87.8961 282.6748 0001217 108.0020 252.1243 13.15550267228968
ONEWEB-0215             
1 48800U 21045AK  26050.59596307 -.00000113  00000+0 -33529-3 0  9990
2 48800  87.8975 282.6514 0001354 113.1638 246.9635 13.15549865228835
ONEWEB-0216             
1 48801U 21045AL  26050.60545622 -.00000070  00000+0 -22133-3 0  9998
2 48801  87.8959 282.6711 0001381  81.5285 278.6002 13.15549475228841
ONEWEB-0239             
1 48802U 21045AM  26050.61020308 -.00000262  00000+0 -73127-3 0  9991
2 48802  87.8956 282.6842 0001626 115.6053 244.5245 13.15548052228883
ONEWEB-0249             
1 48967U 21060A   26050.63757976  .00000088  00000+0  19563-3 0  9998
2 48967  87.8999 252.1707 0001653  98.3022 261.8297 13.16592714224146
ONEWEB-0250             
1 48968U 21060B   26050.57750063  .00000027  00000+0  31628-4 0  9992
2 48968  87.8996 250.3220 0002605 100.9797 259.1632 13.25826724224639
ONEWEB-0252             
1 48970U 21060D   26050.59244919 -.00000105  00000+0 -30755-3 0  9993
2 48970  87.8996 252.1730 0001332  88.3615 271.7668 13.16592450224187
ONEWEB-0253             
1 48971U 21060E   26050.58137722 -.00000033  00000+0 -11878-3 0  9991
2 48971  87.8998 252.1800 0001510  97.7044 262.4258 13.16595593224112
ONEWEB-0254             
1 48972U 21060F   26050.59087424 -.00000025  00000+0 -99589-4 0  9993
2 48972  87.8998 252.1722 0001632 104.0109 256.1204 13.16595037224119
ONEWEB-0255             
1 48973U 21060G   26050.55288782  .00000083  00000+0  18386-3 0  9997
2 48973  87.8997 252.1902 0001581 102.5801 257.5506 13.16595734224185
ONEWEB-0256             
1 48974U 21060H   26050.57899468 -.00000143  00000+0 -40893-3 0  9996
2 48974  87.9001 252.1917 0001536  86.9038 273.2268 13.16592854224153
ONEWEB-0257             
1 48975U 21060J   26050.61145728  .00000010  00000+0 -76663-5 0  9993
2 48975  87.8997 252.1691 0001442  96.2842 263.8453 13.16594889224116
ONEWEB-0258             
1 48976U 21060K   26050.61304651  .00000077  00000+0  16838-3 0  9994
2 48976  87.8996 252.1804 0001658  92.0243 268.1078 13.16594729224125
ONEWEB-0259             
1 48977U 21060L   26050.60670669  .00000051  00000+0  99906-4 0  9999
2 48977  87.8996 252.1801 0001585  98.0071 262.1240 13.16594945224155
ONEWEB-0260             
1 48978U 21060M   26050.59799465 -.00000019  00000+0 -83827-4 0  9995
2 48978  87.8996 252.1880 0001261  81.2859 278.8415 13.16592500224133
ONEWEB-0261             
1 48979U 21060N   26050.56791339  .00000006  00000+0 -17040-4 0  9994
2 48979  87.8988 252.1959 0001356 106.3225 253.8055 13.16596008224188
ONEWEB-0262             
1 48980U 21060P   26050.62412788  .00000134  00000+0  31660-3 0  9995
2 48980  87.8998 252.1650 0001776 101.6101 258.5229 13.16595055224159
ONEWEB-0263             
1 48981U 21060Q   26050.57978572 -.00000044  00000+0 -14922-3 0  9992
2 48981  87.8997 252.1852 0001459 107.0222 253.1069 13.16595613224114
ONEWEB-0264             
1 48982U 21060R   26050.84499211  .00000092  00000+0  20700-3 0  9993
2 48982  87.8996 252.1363 0001304  93.4734 266.6546 13.16595239224153
ONEWEB-0266             
1 48984U 21060T   26050.56237937  .00000067  00000+0  14264-3 0  9999
2 48984  87.8999 252.1823 0001761  94.2456 265.8877 13.16595709224101
ONEWEB-0267             
1 48985U 21060U   26050.57345152  .00000013  00000+0 -47805-6 0  9992
2 48985  87.8999 252.1765 0001439 100.0776 260.0517 13.16595931224116
ONEWEB-0268             
1 48986U 21060V   26050.61779548  .00003535  00000+0  92117-2 0  9991
2 48986  87.8998 252.1776 0001611  93.5944 266.5371 13.16577347224382
ONEWEB-0269             
1 48987U 21060W   26050.59878380  .00000076  00000+0  16574-3 0  9994
2 48987  87.8985 252.1962 0001555  84.3122 275.8187 13.16594966224158
ONEWEB-0270             
1 48988U 21060X   26050.54021380  .00000147  00000+0  35026-3 0  9992
2 48988  87.9000 252.1947 0001650 109.2358 250.8951 13.16595648224188
ONEWEB-0271             
1 48989U 21060Y   26050.60356164 -.00000018  00000+0 -80372-4 0  9995
2 48989  87.8995 252.1725 0001460 101.9632 258.1663 13.16594451224191
ONEWEB-0272             
1 48990U 21060Z   26050.54971683  .00000093  00000+0  21036-3 0  9991
2 48990  87.8994 252.1952 0001345  97.6822 262.4462 13.16594996224131
ONEWEB-0273             
1 48991U 21060AA  26050.57187624 -.00000021  00000+0 -87642-4 0  9998
2 48991  87.8998 252.1883 0001552 100.1939 259.9367 13.16595463224111
ONEWEB-0274             
1 48992U 21060AB  26050.59720853  .00000011  00000+0 -42059-5 0  9990
2 48992  87.8985 252.1988 0001250  83.8627 276.2646 13.16595278224150
ONEWEB-0275             
1 48993U 21060AC  26050.58612294 -.00000029  00000+0 -11047-3 0  9990
2 48993  87.8996 252.1783 0001476  93.8582 266.2717 13.16595347224084
ONEWEB-0276             
1 48994U 21060AD  26050.61937962  .00000108  00000+0  24887-3 0  9999
2 48994  87.8999 252.1718 0001702  99.5866 260.5458 13.16594933224108
ONEWEB-0277             
1 48995U 21060AE  26050.55602357  .00000101  00000+0  23071-3 0  9997
2 48995  87.8987 252.2018 0001562  98.7153 261.4155 13.16597393224088
ONEWEB-0278             
1 48996U 21060AF  26050.54654340  .00000107  00000+0  24744-3 0  9990
2 48996  87.8999 252.1828 0001764  89.0200 271.1133 13.16595676224211
ONEWEB-0279             
1 48997U 21060AG  26050.55445531  .00000102  00000+0  23277-3 0  9997
2 48997  87.9000 252.1803 0001319  98.5622 261.5658 13.16595596224146
ONEWEB-0280             
1 48998U 21060AH  26050.94949295  .00000021  00000+0  21522-4 0  9999
2 48998  87.8999 252.1064 0001893 102.9168 257.2175 13.16593130224131
ONEWEB-0281             
1 48999U 21060AJ  26050.57504171 -.00000005  00000+0 -46811-4 0  9991
2 48999  87.8998 252.1759 0001483  89.6936 270.4364 13.16595705224150
ONEWEB-0282             
1 49000U 21060AK  26050.60512511  .00000015  00000+0  68180-5 0  9999
2 49000  87.8994 252.1805 0001588  99.0439 261.0872 13.16595201224130
ONEWEB-0283             
1 49001U 21060AL  26050.59403754 -.00000016  00000+0 -76144-4 0  9997
2 49001  87.8994 252.1827 0001439  94.9869 265.1427 13.16595196224146
ONEWEB-0284             
1 49002U 21060AM  26050.58771396 -.00000050  00000+0 -16440-3 0  9997
2 49002  87.8996 252.1748 0001916  95.5697 264.5652 13.16595265224125
ONEWEB-0285             
1 49075U 21075A   26050.88373941  .00000455  00000+0  12287-2 0  9991
2 49075  87.8980  13.9404 0001836  83.7260 276.4078 13.12444022219821
ONEWEB-0286             
1 49076U 21075B   26050.86583062  .00000113  00000+0  27911-3 0  9999
2 49076  87.8964  13.9726 0001918  74.7989 285.3352 13.12444997219173
ONEWEB-0287             
1 49077U 21075C   26050.84528128 -.00000015  00000+0 -72887-4 0  9996
2 49077  87.9121  29.1721 0002158  73.9694 286.1676 13.17650094218174
ONEWEB-0288             
1 49078U 21075D   26050.84223367 -.00000385  00000+0 -11052-2 0  9999
2 49078  87.8980  13.9435 0001983  81.5633 278.5720 13.12443213219795
ONEWEB-0289             
1 49079U 21075E   26050.88394845 -.00000040  00000+0 -13629-3 0  9995
2 49079  87.9121  29.1764 0002192  92.8949 267.2434 13.17649976218757
ONEWEB-0290             
1 49080U 21075F   26050.93301279  .00000044  00000+0  78927-4 0  9997
2 49080  87.9130  29.1340 0002080  98.4005 261.7362 13.17647025218178
ONEWEB-0291             
1 49081U 21075G   26050.84190226 -.00000013  00000+0 -66177-4 0  9998
2 49081  87.9129  29.1603 0002276  82.0861 278.0529 13.17648641218154
ONEWEB-0293             
1 49082U 21075H   26050.86721724  .00000008  00000+0 -11425-4 0  9993
2 49082  87.9117  29.1683 0002018  85.9578 274.1785 13.17648475218180
ONEWEB-0294             
1 49083U 21075J   26050.84900309 -.00000359  00000+0 -10322-2 0  9993
2 49083  87.8977  13.9443 0002084  88.2623 271.8745 13.12443988219187
ONEWEB-0295             
1 49084U 21075K   26050.86638278  .00000013  00000+0 -88170-6 0  9995
2 49084  87.9119  29.1730 0002211  77.4952 282.6427 13.17648819218149
ONEWEB-0296             
1 49085U 21075L   26050.90491854 -.00000103  00000+0 -32038-3 0  9998
2 49085  87.8981  13.9361 0002209  78.0125 282.1251 13.12442427219191
ONEWEB-0297             
1 49086U 21075M   26050.85917810 -.00000107  00000+0 -33349-3 0  9998
2 49086  87.8971  13.9720 0001957  77.6425 282.4923 13.12444106219798
ONEWEB-0298             
1 49087U 21075N   26050.94667022  .00000046  00000+0  86228-4 0  9991
2 49087  87.9120  29.1536 0001813  77.5748 282.5586 13.17650303218189
ONEWEB-0299             
1 49088U 21075P   26050.87227296  .00000051  00000+0  99205-4 0  9994
2 49088  87.9129  29.1371 0001993  78.5570 281.5785 13.17649403218155
ONEWEB-0300             
1 49089U 21075Q   26050.85155538 -.00000307  00000+0 -88863-3 0  9995
2 49089  87.8980  13.9402 0001634  70.9066 289.2239 13.12442832219819
ONEWEB-0301             
1 49090U 21075R   26050.91169226 -.00000312  00000+0 -90223-3 0  9992
2 49090  87.8980  13.9287 0001524  74.5265 285.6032 13.12442490219182
ONEWEB-0302             
1 49091U 21075S   26050.89814219  .00000201  00000+0  52215-3 0  9993
2 49091  87.8980  13.9395 0002141  85.5581 274.5792 13.12439890219160
ONEWEB-0304             
1 49092U 21075T   26050.46728373  .00000045  00000+0  83904-4 0  9998
2 49092  87.9132  29.2477 0001986  81.6394 278.4963 13.17648070218076
ONEWEB-0305             
1 49093U 21075U   26050.46053313  .00000056  00000+0  11081-3 0  9992
2 49093  87.9129  29.2278 0002172  76.8580 283.2794 13.17648245218107
ONEWEB-0308             
1 49094U 21075V   26050.89136496  .00000315  00000+0  83916-3 0  9998
2 49094  87.8979  13.9344 0001833  81.9556 278.1780 13.12443096219175
ONEWEB-0309             
1 49095U 21075W   26050.84359656 -.00000016  00000+0 -75023-4 0  9990
2 49095  87.9129  29.1662 0002243  91.4900 268.6489 13.17648086218126
ONEWEB-0310             
1 49096U 21075X   26050.90661716 -.00000165  00000+0 -49338-3 0  9995
2 49096  87.8972  13.9632 0001861  83.7998 276.3343 13.12442099219808
ONEWEB-0311             
1 49097U 21075Y   26050.85034489  .00000006  00000+0 -17525-4 0  9998
2 49097  87.9130  29.1598 0002018  75.9894 284.1462 13.17648199218171
ONEWEB-0312             
1 49098U 21075Z   26050.86552891  .00000048  00000+0  89500-4 0  9999
2 49098  87.9119  29.1762 0002253  80.0692 280.0694 13.17648920218158
ONEWEB-0313             
1 49099U 21075AA  26050.87045636  .00000038  00000+0  65886-4 0  9995
2 49099  87.9121  29.1818 0001974  80.5234 279.6120 13.17648515218147
ONEWEB-0314             
1 49100U 21075AB  26050.91277836 -.00000016  00000+0 -75601-4 0  9996
2 49100  87.9127  29.1346 0002267  80.2847 279.8540 13.17648442218120
ONEWEB-0315             
1 49101U 21075AC  26050.87950889  .00000465  00000+0  12563-2 0  9990
2 49101  87.8985  13.9228 0001874  70.1434 289.9896 13.12444227219784
ONEWEB-0316             
1 49102U 21075AD  26050.85380481  .00000055  00000+0  10577-3 0  9993
2 49102  87.9228 358.7597 0001857  77.9740 282.1600 13.18688199221742
ONEWEB-0317             
1 49103U 21075AE  26050.88290245  .00000452  00000+0  12203-2 0  9993
2 49103  87.8982  13.9445 0002027 103.5353 256.6001 13.12442874219804
ONEWEB-0318             
1 49104U 21075AF  26050.85051678  .00000038  00000+0  62796-4 0  9990
2 49104  87.9240 358.7511 0001935  71.0139 289.1203 13.18685343221708
ONEWEB-0319             
1 49105U 21075AG  26050.85203010 -.00000019  00000+0 -80844-4 0  9995
2 49105  87.9118  29.1731 0001941  66.8972 293.2364 13.17648221218152
ONEWEB-0323             
1 49106U 21075AH  26050.86425628  .00000134  00000+0  33784-3 0  9994
2 49106  87.8979  13.9306 0002277  65.4700 294.6666 13.12444671219163
ONEWEB-0329             
1 49107U 21075AJ  26050.86046046  .00000009  00000+0 -98646-5 0  9990
2 49107  87.9118  29.1719 0002023  80.7008 279.4352 13.17648032218138
ONEWEB-0330             
1 49108U 21075AK  26050.86130751  .00000008  00000+0 -11435-4 0  9997
2 49108  87.9119  29.1797 0002147  87.8611 272.2766 13.17647844218175
ONEWEB-0292             
1 49186U 21083A   26050.85204533 -.00000051  00000+0 -17552-3 0  9995
2 49186  87.9027 343.5805 0001885  72.4082 287.7253 13.13468137215522
ONEWEB-0303             
1 49187U 21083B   26050.84721232  .00000036  00000+0  58266-4 0  9994
2 49187  87.9240 358.7541 0001930  74.6174 285.5172 13.18685009214510
ONEWEB-0306             
1 49188U 21083C   26050.83731380 -.00000022  00000+0 -89789-4 0  9990
2 49188  87.9241 358.7393 0001842  87.1606 272.9737 13.18684600214555
ONEWEB-0307             
1 49189U 21083D   26050.84612489 -.00000181  00000+0 -52923-3 0  9995
2 49189  87.9030 343.5704 0001811  76.8060 283.3271 13.13471786215526
ONEWEB-0320             
1 49190U 21083E   26050.84472165  .00000019  00000+0  15790-4 0  9992
2 49190  87.9229 358.7627 0001881  79.9754 280.1590 13.18688617214516
ONEWEB-0321             
1 49191U 21083F   26050.62638684  .00000065  00000+0  12879-3 0  9994
2 49191  87.9202 297.9032 0001615  89.4718 270.6600 13.20771665221314
ONEWEB-0322             
1 49192U 21083G   26050.84188772 -.00000318  00000+0 -90481-3 0  9995
2 49192  87.9030 343.5760 0001483  91.9434 268.1865 13.13468143215512
ONEWEB-0324             
1 49193U 21083H   26050.90659542 -.00000043  00000+0 -14124-3 0  9996
2 49193  87.9237 358.7327 0002012  80.4470 279.6890 13.18684301214549
ONEWEB-0325             
1 49194U 21083J   26050.90989478 -.00000016  00000+0 -72691-4 0  9995
2 49194  87.9232 358.7500 0001795  79.1535 280.9799 13.18683957214552
ONEWEB-0326             
1 49195U 21083K   26050.84900397  .00000010  00000+0 -64451-5 0  9991
2 49195  87.9239 358.7500 0001851  70.2414 289.8918 13.18685765214539
ONEWEB-0327             
1 49196U 21083L   26050.84872888  .00000065  00000+0  13300-3 0  9999
2 49196  87.9229 358.7640 0001769  68.4303 291.7018 13.18685748214554
ONEWEB-0328             
1 49197U 21083M   26050.83173422 -.00000285  00000+0 -81406-3 0  9995
2 49197  87.9050 343.5350 0001942  80.4776 279.6572 13.13468059215491
ONEWEB-0331             
1 49198U 21083N   26050.84226599 -.00000007  00000+0 -50162-4 0  9999
2 49198  87.9238 358.7448 0002045  72.1584 287.9771 13.18684496214544
ONEWEB-0333             
1 49199U 21083P   26050.82665555 -.00000190  00000+0 -55592-3 0  9991
2 49199  87.9032 343.5772 0001760  77.8737 282.2589 13.13467913215504
ONEWEB-0334             
1 49200U 21083Q   26050.64374895  .00000065  00000+0  12916-3 0  9990
2 49200  87.9190 297.9202 0001220 118.3461 241.7796 13.20770228221273
ONEWEB-0335             
1 49201U 21083R   26050.82157759 -.00000045  00000+0 -15891-3 0  9994
2 49201  87.9038 343.5707 0001890  72.9305 287.2031 13.13471208215513
ONEWEB-0336             
1 49202U 21083S   26050.86898027  .00000320  00000+0  84192-3 0  9993
2 49202  87.9037 343.5580 0002102  69.7290 290.4064 13.13472179215516
ONEWEB-0337             
1 49203U 21083T   26050.87901259  .00000332  00000+0  87289-3 0  9990
2 49203  87.9030 343.5671 0002002  80.1775 279.9580 13.13469919215518
ONEWEB-0338             
1 49204U 21083U   26050.61849971  .00000055  00000+0  10313-3 0  9991
2 49204  87.9192 297.9294 0001412  93.0553 267.0742 13.20773159221294
ONEWEB-0339             
1 49205U 21083V   26050.81143568  .00000205  00000+0  52569-3 0  9999
2 49205  87.9043 343.5655 0001736  88.3884 271.7444 13.13471186215484
ONEWEB-0340             
1 49206U 21083W   26050.90494428  .00000014  00000+0  28728-5 0  9994
2 49206  87.9239 358.7376 0001893  78.5691 281.5654 13.18684534214514
ONEWEB-0341             
1 49207U 21083X   26050.83567086  .00000027  00000+0  35184-4 0  9995
2 49207  87.9242 358.7613 0002331  82.5824 277.5573 13.18685169214525
ONEWEB-0342             
1 49208U 21083Y   26050.62480907  .00000052  00000+0  95349-4 0  9996
2 49208  87.9204 297.9047 0001571  85.0372 275.0941 13.20770978221267
ONEWEB-0343             
1 49209U 21083Z   26050.84391126  .00000068  00000+0  13963-3 0  9993
2 49209  87.9243 358.7532 0002212  93.3058 266.8327 13.18685143214570
ONEWEB-0344             
1 49210U 21083AA  26050.80635247  .00000290  00000+0  75999-3 0  9990
2 49210  87.9033 343.5925 0002153  77.8034 282.3337 13.13468222215489
ONEWEB-0345             
1 49211U 21083AB  26050.87407124  .00000335  00000+0  88264-3 0  9998
2 49211  87.9040 343.5450 0002141  81.9929 278.1443 13.13470512215506
ONEWEB-0346             
1 49212U 21083AC  26050.84060789  .00000014  00000+0  22546-5 0  9995
2 49212  87.9230 358.7639 0002116  59.3171 300.8170 13.18686721214511
ONEWEB-0348             
1 49213U 21083AD  26050.61534102  .00000021  00000+0  19107-4 0  9992
2 49213  87.9204 297.9096 0002073  70.3651 289.7705 13.20770545221295
ONEWEB-0350             
1 49214U 21083AE  26050.80719718  .00000266  00000+0  69414-3 0  9998
2 49214  87.9043 343.5572 0002123  78.2593 281.8775 13.13468321215529
ONEWEB-0351             
1 49215U 21083AF  26050.60890127 -.00000021  00000+0 -82669-4 0  9990
2 49215  87.9203 297.9090 0001821 110.1599 249.9730 13.20770934221258
ONEWEB-0352             
1 49216U 21083AG  26050.86392474  .00000202  00000+0  51756-3 0  9992
2 49216  87.9029 343.5637 0001777  88.9854 271.1479 13.13472480215624
ONEWEB-0354             
1 49217U 21083AH  26050.63427878  .00000121  00000+0  26445-3 0  9992
2 49217  87.9203 297.9037 0001903  77.6992 282.4354 13.20771293221293
ONEWEB-0355             
1 49218U 21083AJ  26050.81663531  .00000091  00000+0  21511-3 0  9996
2 49218  87.9030 343.5837 0001928  84.0106 276.1243 13.13471955215490
ONEWEB-0357             
1 49219U 21083AK  26050.63112303  .00000024  00000+0  26160-4 0  9995
2 49219  87.9201 297.8991 0001635  84.5734 275.5586 13.20770819221297
ONEWEB-0332             
1 49279U 21090A   26050.76887415 -.00000161  00000+0 -46858-3 0  9995
2 49279  87.9001 313.1290 0001467  82.5119 277.6178 13.14501570212157
ONEWEB-0347             
1 49280U 21090B   26050.62164995  .00000090  00000+0  18858-3 0  9991
2 49280  87.9202 297.9094 0001303  79.8581 280.2699 13.20771541215520
ONEWEB-0349             
1 49281U 21090C   26050.65322601  .00000081  00000+0  16622-3 0  9992
2 49281  87.9202 297.9030 0001619  81.3682 278.7634 13.20771122214313
ONEWEB-0353             
1 49282U 21090D   26050.53259255 -.00000079  00000+0 -24694-3 0  9991
2 49282  87.9015 313.1690 0001388  80.3966 279.7321 13.14505418212123
ONEWEB-0356             
1 49283U 21090E   26050.87890763  .00000129  00000+0  28545-3 0  9997
2 49283  87.9202 297.8518 0001439  47.6592 312.4663 13.20772016214344
ONEWEB-0358             
1 49284U 21090F   26050.60587310  .00000051  00000+0  92564-4 0  9997
2 49284  87.9203 297.9086 0001684  76.5548 283.5773 13.20771086215034
ONEWEB-0359             
1 49285U 21090G   26050.60272064  .00000023  00000+0  25722-4 0  9996
2 49285  87.9202 297.9066 0001877  78.4011 281.7332 13.20773569215019
ONEWEB-0360             
1 49286U 21090H   26050.59324233  .00000042  00000+0  70442-4 0  9991
2 49286  87.9201 297.9150 0001759  83.5829 276.5505 13.20772239214326
ONEWEB-0361             
1 49287U 21090J   26050.65006374 -.00000004  00000+0 -42427-4 0  9994
2 49287  87.9200 297.9013 0001592  71.9674 288.1633 13.20771590214788
ONEWEB-0362             
1 49288U 21090K   26050.81283092 -.00000004  00000+0 -41283-4 0  9996
2 49288  87.9245 328.3531 0001875  85.6808 274.4539 13.19724447211436
ONEWEB-0363             
1 49289U 21090L   26050.59008627  .00000040  00000+0  65295-4 0  9998
2 49289  87.9205 297.9138 0001576  68.2671 291.8630 13.20770874214783
ONEWEB-0364             
1 49290U 21090M   26050.62796772  .00000117  00000+0  25509-3 0  9997
2 49290  87.9192 297.9226 0001610  74.9272 285.2040 13.20771342215928
ONEWEB-0365             
1 49291U 21090N   26050.82230034 -.00000006  00000+0 -46103-4 0  9997
2 49291  87.9259 328.3284 0001691  81.3425 278.7900 13.19725892210943
ONEWEB-0366             
1 49292U 21090P   26050.14883213 -.00000363  00000+0 -10124-2 0  9994
2 49292  87.9007 313.2568 0001713  75.7735 284.3585 13.14502627212059
ONEWEB-0367             
1 49293U 21090Q   26050.66426638  .00000009  00000+0 -93057-5 0  9991
2 49293  87.9201 297.8989 0001667  87.5779 272.5545 13.20771574214319
ONEWEB-0368             
1 49294U 21090R   26050.63743471  .00000258  00000+0  60226-3 0  9991
2 49294  87.9202 297.9276 0000753  59.2107 300.9101 13.20772018215462
ONEWEB-0369             
1 49295U 21090S   26050.81756725 -.00000028  00000+0 -10258-3 0  9995
2 49295  87.9248 328.3493 0001652  79.9994 280.1325 13.19723730210934
ONEWEB-0370             
1 49296U 21090T   26050.14343806  .00000019  00000+0  14415-4 0  9992
2 49296  87.9199 298.0045 0001882  86.6982 273.4366 13.20770660214281
ONEWEB-0371             
1 49297U 21090U   26050.82546202  .00000017  00000+0  93562-5 0  9992
2 49297  87.9251 328.3364 0001758  82.0009 278.1323 13.19723837210973
ONEWEB-0372             
1 49298U 21090V   26050.66255356 -.00000002  00000+0 -36051-4 0  9997
2 49298  87.9202 297.9009 0001530  83.7592 276.3716 13.20770022214329
ONEWEB-0373             
1 49299U 21090W   26050.61375660  .00000024  00000+0  26325-4 0  9999
2 49299  87.9191 297.9181 0001693  78.5313 281.6011 13.20772173215508
ONEWEB-0374             
1 49300U 21090X   26050.66897345 -.00000166  00000+0 -48114-3 0  9994
2 49300  87.9016 313.1359 0001563  56.8785 303.2495 13.14503757212128
ONEWEB-0375             
1 49301U 21090Y   26050.60114006  .00000073  00000+0  14681-3 0  9992
2 49301  87.9202 297.9058 0001799  64.9794 295.1526 13.20771052215008
ONEWEB-0376             
1 49302U 21090Z   26050.82388757 -.00000036  00000+0 -12276-3 0  9992
2 49302  87.9258 328.3286 0001589  84.8814 275.2500 13.19724659210974
ONEWEB-0377             
1 49303U 21090AA  26050.66283634 -.00000022  00000+0 -87168-4 0  9991
2 49303  87.9200 297.8963 0001842  81.1520 278.9822 13.20770599215002
ONEWEB-0378             
1 49304U 21090AB  26050.60915946  .00000057  00000+0  10880-3 0  9996
2 49304  87.9194 297.9182 0001594  75.4457 284.6853 13.20772417214264
ONEWEB-0379             
1 49305U 21090AC  26050.66421748 -.00000099  00000+0 -30178-3 0  9995
2 49305  87.9018 313.1461 0001588  76.9191 283.2116 13.14501430212123
ONEWEB-0380             
1 49306U 21090AD  26050.82072633 -.00000019  00000+0 -78696-4 0  9999
2 49306  87.9251 328.3461 0001920  73.4448 286.6895 13.19724568210941
ONEWEB-0381             
1 49307U 21090AE  26050.65953168 -.00000011  00000+0 -59876-4 0  9993
2 49307  87.9200 297.9002 0001643  70.5405 289.5906 13.20771440214314
ONEWEB-0382             
1 49308U 21090AF  26050.64690683  .00000022  00000+0  21284-4 0  9995
2 49308  87.9199 297.8992 0001551  68.6447 291.4852 13.20771365214308
ONEWEB-0383             
1 49309U 21090AG  26050.73398937 -.00000018  00000+0 -82727-4 0  9999
2 49309  87.9020 313.1184 0001502  72.7321 287.3973 13.14504569212163
ONEWEB-0384             
1 49310U 21090AH  26050.63871771  .00000041  00000+0  68066-4 0  9996
2 49310  87.9210 297.9428 0001371  60.5293 299.5977 13.20805104214317
ONEWEB-0385             
1 49311U 21090AJ  26050.63901813  .00000025  00000+0  30180-4 0  9996
2 49311  87.9205 297.9049 0001606  73.9124 286.2186 13.20770192214282
ONEWEB-0386             
1 49312U 21090AK  26050.65636596  .00000018  00000+0  13184-4 0  9999
2 49312  87.9200 297.8860 0001470  72.0248 288.1046 13.20772319214306
ONEWEB-0387             
1 49313U 21090AL  26050.64059692  .00000049  00000+0  89700-4 0  9996
2 49313  87.9192 297.9286 0001841  72.5435 287.5899 13.20771261214309
ONEWEB-0388             
1 49314U 21090AM  26050.81598958  .00000002  00000+0 -26954-4 0  9991
2 49314  87.9243 328.3447 0001700  74.6786 285.4534 13.19725377210934
ONEWEB-0389             
1 50469U 21132A   26050.87733741 -.00000002  00000+0 -37790-4 0  9999
2 50469  87.9117  29.1685 0002021  72.0064 288.1288 13.17647838202632
ONEWEB-0390             
1 50470U 21132B   26050.87902180  .00000032  00000+0  50451-4 0  9996
2 50470  87.9115  29.1688 0002138  86.6971 273.4405 13.17650985202637
ONEWEB-0391             
1 50471U 21132C   26050.88071926 -.00000043  00000+0 -14396-3 0  9994
2 50471  87.9116  29.1780 0002555  68.3864 291.7540 13.17648309202633
ONEWEB-0392             
1 50472U 21132D   26050.91108429  .00000026  00000+0  34099-4 0  9990
2 50472  87.9128  29.1298 0002082  73.7863 286.3497 13.17647279202675
ONEWEB-0393             
1 50473U 21132E   26050.88423073 -.00000014  00000+0 -68928-4 0  9999
2 50473  87.9126  29.1590 0001957  79.1436 280.9916 13.17649486202662
ONEWEB-0394             
1 50474U 21132F   26050.86865900  .00000050  00000+0  93693-4 0  9992
2 50474  87.9237 358.7322 0001869  72.8442 287.2895 13.18684900206132
ONEWEB-0395             
1 50475U 21132G   26050.89891239  .00000389  00000+0  10606-2 0  9996
2 50475  87.8830  44.4017 0002101  87.1471 272.9898 13.11415586200348
ONEWEB-0396             
1 50476U 21132H   26050.86205972  .00000069  00000+0  14241-3 0  9992
2 50476  87.9240 358.7452 0001894  74.3887 285.7455 13.18685056206172
ONEWEB-0397             
1 50477U 21132J   26050.87689904  .00000061  00000+0  12128-3 0  9999
2 50477  87.9238 358.7428 0001759  73.0941 287.0384 13.18684169206158
ONEWEB-0398             
1 50478U 21132K   26050.48520457 -.00000042  00000+0 -15429-3 0  9992
2 50478  87.8839  44.4631 0002231  89.0964 271.0420 13.11419414200181
ONEWEB-0399             
1 50479U 21132L   26050.47163159 -.00000235  00000+0 -69916-3 0  9998
2 50479  87.8833  44.4763 0001886  68.6300 291.5029 13.11414577200170
ONEWEB-0400             
1 50480U 21132M   26050.85546512  .00000043  00000+0  77300-4 0  9992
2 50480  87.9238 358.7366 0002004  83.7523 276.3837 13.18685223206146
ONEWEB-0401             
1 50481U 21132N   26050.89999490  .00000032  00000+0  48178-4 0  9993
2 50481  87.9238 358.7244 0001679  75.9873 284.1446 13.18685755206154
ONEWEB-0402             
1 50482U 21132P   26050.86370865  .00000074  00000+0  15580-3 0  9996
2 50482  87.9237 358.7227 0001326  77.7581 282.3700 13.18685556206174
ONEWEB-0403             
1 50483U 21132Q   26050.88845053  .00000017  00000+0  98694-5 0  9991
2 50483  87.9238 358.7406 0001966  75.9127 284.2224 13.18684386206139
ONEWEB-0404             
1 50484U 21132R   26050.91077811 -.00000115  00000+0 -36019-3 0  9997
2 50484  87.8830  44.3964 0002030  76.9760 283.1594 13.11414804200323
ONEWEB-0405             
1 50485U 21132S   26050.90329041  .00000032  00000+0  47218-4 0  9992
2 50485  87.9238 358.7219 0001647  73.5907 286.5406 13.18684347206537
ONEWEB-0406             
1 50486U 21132T   26050.89340633  .00000031  00000+0  47176-4 0  9993
2 50486  87.9235 358.7497 0002138  67.5308 292.6050 13.18686285206162
ONEWEB-0407             
1 50487U 21132U   26050.88679803  .00000076  00000+0  16065-3 0  9998
2 50487  87.9236 358.7340 0001773  79.3399 280.7932 13.18684892206109
ONEWEB-0409             
1 50488U 21132V   26050.90909635 -.00000696  00000+0 -20010-2 0  9995
2 50488  87.8842  44.3759 0002050  82.1279 278.0081 13.11406406200219
ONEWEB-0412             
1 50489U 21132W   26050.87525186  .00000028  00000+0  37723-4 0  9995
2 50489  87.9239 358.7497 0001551  76.3468 283.7837 13.18684880206198
ONEWEB-0413             
1 50490U 21132X   26050.88020488  .00000031  00000+0  45771-4 0  9999
2 50490  87.9228 358.7551 0001566  83.2990 276.8320 13.18684865206139
ONEWEB-0414             
1 50491U 21132Y   26050.86536215  .00000027  00000+0  35143-4 0  9995
2 50491  87.9238 358.7276 0001733  74.0359 286.0964 13.18686781206167
ONEWEB-0417             
1 50492U 21132Z   26050.87359991  .00000056  00000+0  10875-3 0  9997
2 50492  87.9230 358.7558 0002040  75.4500 284.6858 13.18684413206142
ONEWEB-0418             
1 50493U 21132AA  26050.88336657  .00000045  00000+0  81692-4 0  9997
2 50493  87.9235 358.7425 0002174  71.3599 288.7770 13.18688456206208
ONEWEB-0419             
1 50494U 21132AB  26050.90164800  .00000015  00000+0  55206-5 0  9990
2 50494  87.9239 358.7384 0002168  80.0072 280.1305 13.18684358206121
ONEWEB-0420             
1 50495U 21132AC  26050.86700178  .00000062  00000+0  12481-3 0  9998
2 50495  87.9238 358.7581 0001789  84.4222 275.7115 13.18684967206117
ONEWEB-0421             
1 50496U 21132AD  26050.86040544  .00000035  00000+0  56615-4 0  9991
2 50496  87.9239 358.7506 0001654  71.8500 288.2812 13.18685346206155
ONEWEB-0424             
1 50497U 21132AE  26050.89670092  .00000034  00000+0  54036-4 0  9996
2 50497  87.9238 358.7391 0002199  83.7971 276.3412 13.18684530206187
ONEWEB-0426             
1 50498U 21132AF  26050.85710655  .00000071  00000+0  14728-3 0  9997
2 50498  87.9239 358.7388 0001873  59.6766 300.4551 13.18685638206124
ONEWEB-0427             
1 50499U 21132AG  26050.89504881  .00000009  00000+0 -10313-4 0  9993
2 50499  87.9237 358.7180 0002079  73.0656 287.0704 13.18685698206159
ONEWEB-0429             
1 50500U 21132AH  26050.88184599  .00000055  00000+0  10680-3 0  9991
2 50500  87.9236 358.7536 0001811  83.7084 276.4254 13.18684503206125
ONEWEB-0430             
1 50501U 21132AJ  26050.87031061  .00000045  00000+0  80171-4 0  9998
2 50501  87.9237 358.7523 0001995  86.3662 273.7699 13.18685625206160
ONEWEB-0432             
1 50502U 21132AK  26050.90294210 -.00000029  00000+0 -10704-3 0  9998
2 50502  87.9236 358.7145 0002576  76.5337 283.6082 13.18642103206122
ONEWEB-0440             
1 50503U 21132AL  26050.89009650  .00000011  00000+0 -54823-5 0  9991
2 50503  87.9238 358.7378 0001466  80.6051 279.5247 13.18684429206112
ONEWEB-0450             
1 50504U 21132AM  26050.88363347  .00000009  00000+0 -10563-4 0  9996
2 50504  87.9229 358.7562 0001803  88.8932 271.2407 13.18684140206141
ONEWEB-0410             
1 51622U 22012A   26050.89590879  .00000017  00000+0  10830-4 0  9994
2 51622  87.9125  29.1423 0002713  53.1386 306.9994 13.17648014198250
ONEWEB-0411             
1 51623U 22012B   26050.57516200 -.00000403  00000+0 -11899-2 0  9991
2 51623  87.8748  59.6911 0002235 101.9972 258.1406 13.10369939193882
ONEWEB-0415             
1 51624U 22012C   26050.57184348 -.00000232  00000+0 -70093-3 0  9998
2 51624  87.8748  59.6945 0002079  97.2605 262.8758 13.10369225193886
ONEWEB-0416             
1 51625U 22012D   26050.58345666 -.00000585  00000+0 -17119-2 0  9992
2 51625  87.8751  59.7132 0002319  91.1863 268.9530 13.10371506193921
ONEWEB-0422             
1 51626U 22012E   26050.90602006  .00000047  00000+0  89161-4 0  9992
2 51626  87.9126  29.1429 0001393 100.1531 259.9758 13.17647505198360
ONEWEB-0423             
1 51627U 22012F   26050.89927072 -.00000026  00000+0 -10054-3 0  9997
2 51627  87.9124  29.1539 0001775  81.5464 278.5869 13.17648995198254
ONEWEB-0425             
1 51628U 22012G   26050.97520663 -.00000581  00000+0 -16993-2 0  9995
2 51628  87.8762  59.6114 0001879  77.9946 282.1392 13.10374139193973
ONEWEB-0428             
1 51629U 22012H   26050.57350096 -.00000304  00000+0 -90777-3 0  9999
2 51629  87.8750  59.7057 0001785  91.0938 269.0394 13.10369745193885
ONEWEB-0431             
1 51630U 22012J   26050.54351419  .00000539  00000+0  15087-2 0  9996
2 51630  87.8764  59.6953 0002199 106.6306 253.5063 13.10373075193936
ONEWEB-0434             
1 51631U 22012K   26050.52052282 -.00000403  00000+0 -11902-2 0  9995
2 51631  87.8754  59.7306 0001879  68.3930 291.7398 13.10375352193913
ONEWEB-0435             
1 51632U 22012L   26050.52869171 -.00000066  00000+0 -22559-3 0  9995
2 51632  87.8755  59.7192 0001567  99.0050 261.1255 13.10375336193900
ONEWEB-0436             
1 51633U 22012M   26050.89083470 -.00000012  00000+0 -64363-4 0  9997
2 51633  87.9125  29.1339 0001811  89.5304 270.6035 13.17649011198238
ONEWEB-0438             
1 51634U 22012N   26050.58843803 -.00000618  00000+0 -18070-2 0  9992
2 51634  87.8751  59.7084 0001902  83.5369 276.5975 13.10373333193940
ONEWEB-0439             
1 51635U 22012P   26050.51539006 -.00000556  00000+0 -16280-2 0  9995
2 51635  87.8754  59.7121 0001743  90.4150 269.7177 13.10371622193918
ONEWEB-0442             
1 51636U 22012Q   26050.88324073  .00000038  00000+0  64522-4 0  9999
2 51636  87.9116  29.1762 0002242  68.9206 291.2165 13.17647678198221
ONEWEB-0443             
1 51637U 22012R   26050.90265663  .00000057  00000+0  11414-3 0  9994
2 51637  87.9116  29.1747 0001615  75.3438 284.7873 13.17649463198279
ONEWEB-0444             
1 51638U 22012S   26050.58179895 -.00000564  00000+0 -16524-2 0  9991
2 51638  87.8750  59.6971 0001778  90.1455 269.9876 13.10371657193930
ONEWEB-0445             
1 51639U 22012T   26050.52703153 -.00000123  00000+0 -38863-3 0  9998
2 51639  87.8765  59.6851 0002081  92.4451 267.6914 13.10375298193936
ONEWEB-0446             
1 51640U 22012U   26050.96192678 -.00000426  00000+0 -12561-2 0  9994
2 51640  87.8749  59.6377 0002004  92.4633 267.6724 13.10371116193978
ONEWEB-0448             
1 51641U 22012V   26050.58511767 -.00000652  00000+0 -19033-2 0  9999
2 51641  87.8750  59.7112 0001790  90.5256 269.6076 13.10372467193893
ONEWEB-0449             
1 51642U 22012W   26050.51374020 -.00000611  00000+0 -17858-2 0  9990
2 51642  87.8760  59.7024 0001861  73.9145 286.2187 13.10373759193891
ONEWEB-0451             
1 51643U 22012X   26050.88746515 -.00000009  00000+0 -55499-4 0  9999
2 51643  87.9126  29.1299 0001885  79.2194 280.9150 13.17648137198217
ONEWEB-0452             
1 51644U 22012Y   26050.88578185 -.00000049  00000+0 -15876-3 0  9994
2 51644  87.9114  29.1785 0001712  75.1574 284.9747 13.17647908198223
ONEWEB-0456             
1 51646U 22012AA  26050.52370035 -.00000267  00000+0 -80113-3 0  9999
2 51646  87.8773  59.6776 0001755  92.6206 267.5122 13.10377597193930
ONEWEB-0457             
1 51647U 22012AB  26050.95862606 -.00000400  00000+0 -11834-2 0  9999
2 51647  87.8757  59.6262 0002081  86.0230 274.1135 13.10367436193995
ONEWEB-0458             
1 51648U 22012AC  26050.52204674 -.00000348  00000+0 -10319-2 0  9996
2 51648  87.8762  59.6926 0001745  85.4184 274.7143 13.10375439193892
ONEWEB-0461             
1 51649U 22012AD  26050.90771121  .00000039  00000+0  66971-4 0  9997
2 51649  87.9127  29.1408 0002041  83.2182 276.9182 13.17648867198448
ONEWEB-0463             
1 51650U 22012AE  26050.88915242 -.00000007  00000+0 -51520-4 0  9991
2 51650  87.9115  29.1787 0002039  84.1206 276.0158 13.17647747198227
ONEWEB-0464             
1 51651U 22012AF  26050.51872282 -.00000440  00000+0 -12954-2 0  9995
2 51651  87.8751  59.7232 0001623  93.9687 266.1625 13.10375113193914
ONEWEB-0468             
1 51652U 22012AG  26050.52536973 -.00000157  00000+0 -48609-3 0  9993
2 51652  87.8755  59.7160 0001490  94.1990 265.9307 13.10378562193893
ONEWEB-0473             
1 51653U 22012AH  26050.96856410 -.00000671  00000+0 -19601-2 0  9993
2 51653  87.8749  59.6293 0001731  87.7528 272.3798 13.10372645193955
ONEWEB-0474             
1 51654U 22012AJ  26050.57847813 -.00000486  00000+0 -14290-2 0  9991
2 51654  87.8758  59.6804 0001575  94.3519 265.7788 13.10370537193890
ONEWEB-0475             
1 51655U 22012AK  26050.90096047  .00000053  00000+0  10454-3 0  9991
2 51655  87.9117  29.1677 0001228  77.1563 282.9706 13.17647274198241
ONEWEB-0490             
1 54113U 22138A   26050.84599880 -.00000081  00000+0 -23520-3 0  9999
2 54113  87.9258 328.3285 0001608  85.0788 275.0529 13.19723752161353
ONEWEB-0492             
1 54114U 22138B   26050.79545766  .00000021  00000+0  19363-4 0  9991
2 54114  87.9250 328.3479 0001763  86.1787 273.9548 13.19724577161358
ONEWEB-0495             
1 54115U 22138C   26050.77334701  .00000067  00000+0  13581-3 0  9990
2 54115  87.9248 328.3540 0001259  97.0650 263.0626 13.19726266161337
ONEWEB-0497             
1 54116U 22138D   26050.78597508  .00000075  00000+0  15616-3 0  9998
2 54116  87.9250 328.3415 0001711  79.6320 280.5006 13.19724483161329
ONEWEB-0499             
1 54117U 22138E   26050.76938553  .00000064  00000+0  12689-3 0  9991
2 54117  87.9251 328.3555 0001546  77.5849 282.5457 13.19724212161338
ONEWEB-0500             
1 54118U 22138F   26050.77176447  .00000051  00000+0  94154-4 0  9993
2 54118  87.9251 328.3440 0001822  81.4340 278.6999 13.19725342161342
ONEWEB-0501             
1 54119U 22138G   26050.80177802  .00000066  00000+0  13292-3 0  9993
2 54119  87.9250 328.3393 0001455  86.9474 273.1825 13.19724530161323
ONEWEB-0502             
1 54120U 22138H   26050.78755426  .00000099  00000+0  21410-3 0  9993
2 54120  87.9252 328.3245 0001502  82.0890 278.0413 13.19724475161342
ONEWEB-0503             
1 54121U 22138J   26050.77649852  .00000083  00000+0  17445-3 0  9994
2 54121  87.9259 328.3312 0001682  70.9572 289.1743 13.19724575161336
ONEWEB-0504             
1 54122U 22138K   26050.83968715 -.00000043  00000+0 -13990-3 0  9993
2 54122  87.9254 328.3307 0001483  76.3672 283.7626 13.19724383161355
ONEWEB-0505             
1 54123U 22138L   26050.30580045  .00000002  00000+0 -28470-4 0  9996
2 54123  87.9262 328.4310 0001280  88.9337 271.1942 13.19724041161265
ONEWEB-0506             
1 54124U 22138M   26050.81125844  .00000065  00000+0  12913-3 0  9997
2 54124  87.9259 328.3283 0001452  82.9529 277.1768 13.19725096161328
ONEWEB-0507             
1 54125U 22138N   26050.83178488 -.00000026  00000+0 -96107-4 0  9999
2 54125  87.9245 328.3479 0001600  81.8869 278.2446 13.19725074161377
ONEWEB-0508             
1 54126U 22138P   26050.82862316 -.00000016  00000+0 -71501-4 0  9999
2 54126  87.9250 328.3472 0001512  94.5340 265.5966 13.19727117161358
ONEWEB-0509             
1 54127U 22138Q   26050.80334560  .00000072  00000+0  14694-3 0  9992
2 54127  87.9260 328.3303 0001652  79.6882 280.4437 13.19726093161321
ONEWEB-0510             
1 54128U 22138R   26050.63270896  .00000067  00000+0  13368-3 0  9996
2 54128  87.9203 297.9024 0002028  73.0143 287.1212 13.20770575163767
ONEWEB-0511             
1 54129U 22138S   26050.80019461  .00000010  00000+0 -68834-5 0  9994
2 54129  87.9264 328.3348 0001622  70.4285 289.7023 13.19724585161359
ONEWEB-0512             
1 54130U 22138T   26050.79229984  .00000102  00000+0  22197-3 0  9998
2 54130  87.9248 328.3529 0001364  80.8957 279.2330 13.19726827161321
ONEWEB-0513             
1 54131U 22138U   26050.84586259  .00000014  00000+0  26414-5 0  9996
2 54131  87.9261 328.2979 0000820  78.9421 281.1804 13.20261194161236
ONEWEB-0514             
1 54132U 22138V   26050.80809408  .00000066  00000+0  13210-3 0  9992
2 54132  87.9250 328.3380 0001830  74.8224 285.3111 13.19725136161348
ONEWEB-0515             
1 54133U 22138W   26050.62008075  .00000055  00000+0  10445-3 0  9999
2 54133  87.9203 297.8937 0002510  87.2756 272.8665 13.20771733163780
ONEWEB-0516             
1 54134U 22138X   26050.78281668  .00000105  00000+0  22874-3 0  9993
2 54134  87.9246 328.3559 0001763  82.3755 277.7578 13.19724659161342
ONEWEB-0517             
1 54135U 22138Y   26050.30738699  .00000038  00000+0  61794-4 0  9993
2 54135  87.9254 328.4377 0001684  70.5157 289.6157 13.19725194161281
ONEWEB-0518             
1 54136U 22138Z   26050.78123390  .00000064  00000+0  12726-3 0  9991
2 54136  87.9246 328.3575 0001603  81.9795 278.1520 13.19726278161345
ONEWEB-0519             
1 54137U 22138AA  26050.80651479  .00000049  00000+0  89813-4 0  9994
2 54137  87.9256 328.3302 0001660  70.1939 289.9373 13.19724215161354
ONEWEB-0520             
1 54138U 22138AB  26050.76544205  .00000004  00000+0 -22473-4 0  9999
2 54138  87.9259 328.3450 0001536  83.4015 276.7292 13.19724419161334
ONEWEB-0521             
1 54139U 22138AC  26050.72279350 -.00000012  00000+0 -62929-4 0  9992
2 54139  87.9259 328.3371 0001799  68.8866 291.2459 13.19724201161278
ONEWEB-0522             
1 54140U 22138AD  26050.77808089  .00000099  00000+0  21467-3 0  9990
2 54140  87.9260 328.3274 0001572  80.8475 279.2835 13.19725625161324
ONEWEB-0523             
1 54141U 22138AE  26050.60745566  .00000002  00000+0 -28176-4 0  9993
2 54141  87.9203 297.9105 0002328  72.2434 287.8953 13.20771209163785
ONEWEB-0524             
1 54142U 22138AF  26050.59643925  .00001054  00000+0  25588-2 0  9997
2 54142  87.9193 297.9137 0002622  94.2246 265.9187 13.20785570163783
ONEWEB-0525             
1 54143U 22138AG  26050.79703059  .00000081  00000+0  17091-3 0  9995
2 54143  87.9250 328.3397 0001558  83.8116 276.3194 13.19724437161349
ONEWEB-0526             
1 54144U 22138AH  26050.29948649 -.00000003  00000+0 -38722-4 0  9998
2 54144  87.9260 328.4315 0001714  82.8336 277.2992 13.19724421161258
ONEWEB-0529             
1 54145U 22138AJ  26050.75754279  .00000020  00000+0  16604-4 0  9996
2 54145  87.9249 328.3605 0001587  83.6232 276.5082 13.19724511161330
ONEWEB-0531             
1 54146U 22138AK  26050.65795834  .00000024  00000+0  27565-4 0  9990
2 54146  87.9199 297.8974 0002527  78.1922 281.9495 13.20771416163792
ONEWEB-0535             
1 54147U 22138AL  26050.79071991  .00000084  00000+0  17747-3 0  9993
2 54147  87.9257 328.3289 0002014  70.9690 289.1660 13.19725234161359
ONEWEB-0536             
1 54148U 22138AM  26050.64533373  .00000034  00000+0  51561-4 0  9993
2 54148  87.9192 297.9368 0002627  80.5367 279.6063 13.20771370163789
ONEWEB-0527             
1 54642U 22166A   26050.61421027  .00000034  00000+0  51616-4 0  9993
2 54642  87.9174 267.4498 0001624  91.5905 268.5415 13.21824496156004
ONEWEB-0528             
1 54643U 22166B   26050.62079681  .00000063  00000+0  12126-3 0  9994
2 54643  87.9174 267.4522 0001562  91.6625 268.4688 13.21825718156014
ONEWEB-0539             
1 54644U 22166C   26050.65864053  .00000061  00000+0  11545-3 0  9995
2 54644  87.9174 267.4101 0001373  84.8759 275.2532 13.21824570156019
ONEWEB-0540             
1 54645U 22166D   26050.58966551 -.00000028  00000+0 -98358-4 0  9997
2 54645  87.9172 267.4607 0001511  83.0447 277.0859 13.21825922155998
ONEWEB-0542             
1 54646U 22166E   26050.59282594  .00001053  00000+0  25180-2 0  9995
2 54646  87.9179 267.4187 0001256  71.2512 288.8759 13.21820832156004
ONEWEB-0545             
1 54647U 22166F   26050.63395967  .00000113  00000+0  24167-3 0  9991
2 54647  87.9175 267.4317 0001404  68.7923 291.3361 13.21824707155976
ONEWEB-0580             
1 54648U 22166G   26050.60763053  .00000077  00000+0  15420-3 0  9995
2 54648  87.9173 267.4368 0001571  74.5854 285.5453 13.21824712156013
ONEWEB-0582             
1 54649U 22166H   26050.65041277  .00000024  00000+0  27370-4 0  9998
2 54649  87.9175 267.4209 0001445  71.8641 288.2651 13.21824682155996
ONEWEB-0583             
1 54650U 22166J   26050.66193108  .00000005  00000+0 -18265-4 0  9995
2 54650  87.9172 267.4418 0001454  85.1683 274.9617 13.21824325156002
ONEWEB-0584             
1 54651U 22166K   26050.60598784 -.00000001  00000+0 -33666-4 0  9998
2 54651  87.9172 267.4411 0001582  75.5714 284.5595 13.21824733155987
ONEWEB-0585             
1 54652U 22166L   26050.63066319  .00000010  00000+0 -80833-5 0  9994
2 54652  87.9174 267.4204 0001678  92.7197 267.4129 13.21826893155995
ONEWEB-0586             
1 54653U 22166M   26050.64382176  .00000020  00000+0  17107-4 0  9991
2 54653  87.9174 267.4429 0001421  83.2381 276.8914 13.21823544155997
ONEWEB-0587             
1 54654U 22166N   26050.65371227  .00000025  00000+0  27964-4 0  9995
2 54654  87.9185 267.4028 0001789 100.0962 260.0374 13.21826533156150
ONEWEB-0589             
1 54655U 22166P   26050.64052837  .00000001  00000+0 -29832-4 0  9999
2 54655  87.9174 267.4331 0001597  56.9432 303.1855 13.21825381156012
ONEWEB-0590             
1 54656U 22166Q   26050.58939309 -.00000012  00000+0 -59797-4 0  9997
2 54656  87.9178 267.4216 0001977  82.7336 277.4023 13.21825058155998
ONEWEB-0591             
1 54657U 22166R   26050.60104397  .00000052  00000+0  94609-4 0  9995
2 54657  87.9173 267.4420 0001637  87.1597 272.9724 13.21827087156029
ONEWEB-0592             
1 54658U 22166S   26050.60434751  .00000074  00000+0  14695-3 0  9996
2 54658  87.9182 267.4104 0001621  85.9720 274.1599 13.21826522155909
ONEWEB-0593             
1 54659U 22166T   26050.62737985  .00000053  00000+0  97224-4 0  9991
2 54659  87.9177 267.4264 0001450  86.0515 274.0785 13.21825275156018
ONEWEB-0594             
1 54660U 22166U   26050.64712324  .00000035  00000+0  52048-4 0  9990
2 54660  87.9172 267.4407 0001572  92.3800 267.7515 13.21826881156032
ONEWEB-0595             
1 54661U 22166V   26050.62408702  .00000112  00000+0  23995-3 0  9995
2 54661  87.9175 267.4174 0001741  92.6186 267.5148 13.21825763156000
ONEWEB-0596             
1 54662U 22166W   26050.59775258  .00000027  00000+0  34589-4 0  9992
2 54662  87.9172 267.4405 0001671  91.5457 268.5868 13.21826731156002
ONEWEB-0597             
1 54663U 22166X   26050.65535310 -.00000077  00000+0 -21903-3 0  9995
2 54663  87.9176 267.4339 0001540  82.0918 278.0391 13.21824593156017
ONEWEB-0600             
1 54664U 22166Y   26050.63725812  .00000067  00000+0  13107-3 0  9996
2 54664  87.9174 267.4285 0001307  88.7285 271.3999 13.21827376155984
ONEWEB-0601             
1 54665U 22166Z   26050.62902410  .00000223  00000+0  50731-3 0  9995
2 54665  87.9171 267.4477 0001499  74.6753 285.4546 13.21823787156179
ONEWEB-0602             
1 54666U 22166AA  26050.59363965  .00000015  00000+0  44527-5 0  9995
2 54666  87.9174 267.4602 0001271  91.7327 268.3953 13.21826021156017
ONEWEB-0603             
1 54667U 22166AB  26050.59939603  .00000046  00000+0  79532-4 0  9991
2 54667  87.9183 267.4033 0001501  85.4923 274.6382 13.21826555155943
ONEWEB-0604             
1 54668U 22166AC  26050.58787927  .00000022  00000+0  22872-4 0  9990
2 54668  87.9179 267.4208 0001567  91.1352 268.9961 13.21825987155908
ONEWEB-0605             
1 54669U 22166AD  26050.65699605 -.00000017  00000+0 -73030-4 0  9992
2 54669  87.9171 267.4323 0001779  68.3949 291.7375 13.21827012155984
ONEWEB-0606             
1 54670U 22166AE  26050.60269501  .00000026  00000+0  30907-4 0  9991
2 54670  87.9175 267.4556 0001699  88.3459 271.7869 13.21825341156033
ONEWEB-0607             
1 54671U 22166AF  26050.64548322 -.00000003  00000+0 -37711-4 0  9994
2 54671  87.9177 267.4107 0001472  85.4805 274.6497 13.21825142156016
ONEWEB-0608             
1 54672U 22166AG  26050.65206233  .00000025  00000+0  29107-4 0  9990
2 54672  87.9181 267.4021 0001554  68.7720 291.3580 13.21826654156027
ONEWEB-0610             
1 54673U 22166AH  26050.63230013  .00000040  00000+0  64617-4 0  9994
2 54673  87.9172 267.4325 0001400  61.0866 299.0409 13.21825311155924
ONEWEB-0611             
1 54674U 22166AJ  26050.62575117  .00000045  00000+0  76649-4 0  9994
2 54674  87.9175 267.4305 0001616  94.3728 265.7590 13.21826735155912
ONEWEB-0612             
1 54675U 22166AK  26050.63890601 -.00000009  00000+0 -54127-4 0  9993
2 54675  87.9184 267.4099 0001501  83.0819 277.0486 13.21825373155908
ONEWEB-0615             
1 54676U 22166AL  26050.61915107  .00000028  00000+0  36917-4 0  9997
2 54676  87.9178 267.4397 0001552  86.1382 273.9929 13.21824765155910
ONEWEB-0655             
1 54677U 22166AM  26050.59446714  .00000002  00000+0 -26943-4 0  9999
2 54677  87.9176 267.4463 0001293  85.1224 275.0058 13.21824820155906
ONEWEB-0659             
1 54678U 22166AN  26050.61092228  .00000044  00000+0  75044-4 0  9991
2 54678  87.9175 267.4444 0001688  91.0823 269.0505 13.21825639155992
ONEWEB-0685             
1 54679U 22166AP  26050.61113495  .00000077  00000+0  15445-3 0  9996
2 54679  87.9171 267.4397 0001453  83.1577 276.9722 13.21811264155889
ONEWEB-0712             
1 54680U 22166AQ  26050.94868915  .00000005  00000+0 -21345-4 0  9997
2 54680  87.9001 252.1027 0001123 105.9680 254.1575 13.16592703156632
ONEWEB-0714             
1 54681U 22166AR  26050.61749681  .00000072  00000+0  14391-3 0  9995
2 54681  87.9177 267.4332 0001392  87.0832 273.0461 13.21826211156007
ONEWEB-0532             
1 55140U 23004A   26050.86383920  .00000023  00000+0  24987-4 0  9994
2 55140  87.9126  29.1641 0002207  77.2475 282.8903 13.17648760152133
ONEWEB-0533             
1 55141U 23004B   26050.89969881  .00000086  00000+0  20284-3 0  9998
2 55141  87.8980  13.9437 0001712  76.1619 283.9700 13.12442520152670
ONEWEB-0541             
1 55142U 23004C   26050.91415866 -.00000216  00000+0 -64469-3 0  9991
2 55142  87.8837  44.3760 0001979  86.7445 273.3909 13.11415559150570
ONEWEB-0543             
1 55143U 23004D   26050.85876323  .00000022  00000+0  23549-4 0  9992
2 55143  87.9218 358.7770 0001595  84.3407 275.7907 13.18685606154234
ONEWEB-0544             
1 55144U 23004E   26050.85216345  .00000033  00000+0  50354-4 0  9991
2 55144  87.9229 358.7736 0001919  87.2062 272.9290 13.18685610154237
ONEWEB-0560             
1 55145U 23004F   26050.84556143  .00000017  00000+0  11553-4 0  9994
2 55145  87.9234 358.7645 0001843  87.4327 272.7016 13.18685036154242
ONEWEB-0565             
1 55146U 23004G   26050.83895979  .00000019  00000+0  14941-4 0  9993
2 55146  87.9223 358.8046 0002280  88.3824 271.7569 13.18684486154234
ONEWEB-0567             
1 55147U 23004H   26050.90824258 -.00000050  00000+0 -15916-3 0  9993
2 55147  87.9227 358.7641 0002121  89.8352 270.3023 13.18684074154249
ONEWEB-0569             
1 55148U 23004J   26050.84698012 -.00000078  00000+0 -24953-3 0  9995
2 55148  87.9049 343.5410 0002028 105.2840 254.8514 13.13468901154773
ONEWEB-0570             
1 55149U 23004K   26050.89834763  .00000063  00000+0  12773-3 0  9995
2 55149  87.9224 358.7644 0002333  75.4163 284.7228 13.18685376154238
ONEWEB-0571             
1 55150U 23004L   26050.89174715 -.00000052  00000+0 -16400-3 0  9992
2 55150  87.9225 358.7647 0002788 100.0274 260.1172 13.18683784154244
ONEWEB-0572             
1 55151U 23004M   26050.89420843  .00000005  00000+0 -21033-4 0  9995
2 55151  87.9117  29.1631 0002097  85.3782 274.7589 13.17649262152039
ONEWEB-0573             
1 55152U 23004N   26050.88515588 -.00000046  00000+0 -15001-3 0  9999
2 55152  87.9226 358.7680 0002632  85.6567 274.4866 13.18684043154231
ONEWEB-0588             
1 55153U 23004P   26050.87854917  .00000071  00000+0  14613-3 0  9995
2 55153  87.9228 358.7701 0002288  78.6381 281.5008 13.18683877154232
ONEWEB-0598             
1 55154U 23004Q   26050.89212381  .00000516  00000+0  14213-2 0  9990
2 55154  87.8831  44.4025 0002128 103.4380 256.6985 13.11417239150524
ONEWEB-0599             
1 55155U 23004R   26050.85541189  .00000736  00000+0  18611-2 0  9998
2 55155  87.9116  29.1703 0001786  91.2873 268.8463 13.17647282152038
ONEWEB-0614             
1 55156U 23004S   26050.50555377  .00000507  00000+0  13959-2 0  9991
2 55156  87.8828  44.4881 0002038  77.2302 282.9053 13.11418137150418
ONEWEB-0616             
1 55157U 23004T   26050.89758601  .00000052  00000+0  10124-3 0  9996
2 55157  87.9128  29.1601 0001105 101.4514 258.6742 13.17648398152251
ONEWEB-0617             
1 55158U 23004U   26050.95145248  .00000150  00000+0  38802-3 0  9993
2 55158  87.8843  44.3806 0002181  83.3020 276.8356 13.11419539150490
ONEWEB-0618             
1 55159U 23004V   26050.89021821  .00005495  00000+0  32027-3 0  9997
2 55159  86.9043 225.1985 0013195  19.1698 341.0035 15.11711929164534
ONEWEB-0619             
1 55160U 23004W   26050.85371259  .00000009  00000+0 -10738-4 0  9991
2 55160  87.9131  29.1421 0001645  70.3462 289.7847 13.17647847152141
ONEWEB-0620             
1 55161U 23004X   26050.48859885  .00000064  00000+0  14554-3 0  9996
2 55161  87.8829  44.4910 0002143  89.0104 271.1270 13.11419918150404
ONEWEB-0621             
1 55162U 23004Y   26050.89722123  .00000427  00000+0  11683-2 0  9998
2 55162  87.8841  44.3868 0001885  78.1045 282.0294 13.11414922150435
ONEWEB-0622             
1 55163U 23004Z   26050.90230239  .00000243  00000+0  64948-3 0  9992
2 55163  87.8833  44.3896 0002514  76.0892 284.0516 13.11413825150424
ONEWEB-0623             
1 55164U 23004AA  26050.46897038  .00000051  00000+0  98710-4 0  9992
2 55164  87.9117  29.2620 0002182  66.1732 293.9629 13.17648182152082
ONEWEB-0624             
1 55165U 23004AB  26050.90901318 -.00000195  00000+0 -57431-3 0  9994
2 55165  87.8974  13.8824 0001976  74.1535 285.9812 13.12922493152684
ONEWEB-0625             
1 55166U 23004AC  26050.83853040  .00000038  00000+0  64426-4 0  9992
2 55166  87.9120  29.1819 0001692  85.9033 274.2291 13.17648121152120
ONEWEB-0626             
1 55167U 23004AD  26050.90433691 -.00000043  00000+0 -14353-3 0  9998
2 55167  87.9113  29.1702 0002194  94.3970 265.7413 13.17646927152130
ONEWEB-0627             
1 55168U 23004AE  26050.89253830  .00001127  00000+0  28699-2 0  9991
2 55168  87.9120  29.1718 0002153  71.1411 288.9954 13.17643029152131
ONEWEB-0628             
1 55169U 23004AF  26050.84731162 -.00000374  00000+0 -10737-2 0  9995
2 55169  87.8979  13.9398 0002082  59.1152 301.0182 13.12444283152649
ONEWEB-0629             
1 55170U 23004AG  26050.86804962  .00000023  00000+0  26955-4 0  9998
2 55170  87.9118  29.1743 0001676  72.4386 287.6929 13.17649786152137
ONEWEB-0631             
1 55171U 23004AH  26050.87195884  .00000064  00000+0  13012-3 0  9990
2 55171  87.9239 358.7259 0002388  85.2780 274.8625 13.18685384154213
ONEWEB-0709             
1 55172U 23004AJ  26050.47842162 -.00000362  00000+0 -10572-2 0  9995
2 55172  87.8831  44.4964 0002383 104.9545 255.1846 13.11419143150445
ONEWEB-0710             
1 55173U 23004AK  26050.88239419  .00000001  00000+0 -30745-4 0  9991
2 55173  87.9117  29.1665 0002039  78.6886 281.4474 13.17649158152139
ONEWEB-0711             
1 55174U 23004AL  26050.90738351  .00000073  00000+0  17132-3 0  9996
2 55174  87.8838  44.3905 0002323  69.3825 290.7552 13.11413930150466
ONEWEB-0713             
1 55175U 23004AM  26050.92602056 -.00000511  00000+0 -14772-2 0  9996
2 55175  87.8838  44.3875 0002091  77.6546 282.4816 13.11414970150452
ONEWEB-0715             
1 55176U 23004AN  26050.53945767 -.00000488  00000+0 -14135-2 0  9999
2 55176  87.8836  44.4647 0002537  96.2803 263.8614 13.11416226150441
ONEWEB-0716             
1 55177U 23004AP  26050.87565102  .00000045  00000+0  82208-4 0  9993
2 55177  87.9117  29.1678 0001677  87.0237 273.1086 13.17648260152138
ONEWEB-0717             
1 55178U 23004AQ  26050.85877225  .00000018  00000+0  14012-4 0  9992
2 55178  87.9131  29.1486 0002431  70.6511 289.4883 13.17648039152188
ONEWEB-0719             
1 55179U 23004AR  26050.86890909  .00000054  00000+0  10657-3 0  9998
2 55179  87.9129  29.1283 0001710  79.8166 280.3158 13.17650655152134
ONEWEB-0530             
1 55796U 23029A   26050.13712318  .00000084  00000+0  17529-3 0  9995
2 55796  87.9192 298.0455 0001812  65.5754 294.5569 13.20771089145566
ONEWEB-0534             
1 55797U 23029B   26050.65479696  .00000045  00000+0  78984-4 0  9992
2 55797  87.9192 297.9411 0001489  82.4004 277.7298 13.20770645145630
ONEWEB-0556             
1 55798U 23029C   26050.66110635 -.00000012  00000+0 -60585-4 0  9993
2 55798  87.9191 297.9425 0000858  55.4329 304.6885 13.20769975145630
ONEWEB-0562             
1 55799U 23029D   26050.64848506  .00000016  00000+0  67035-5 0  9997
2 55799  87.9191 297.9249 0001732  49.2467 310.8817 13.20770538145632
ONEWEB-0563             
1 55800U 23029E   26050.64217037  .00000085  00000+0  17702-3 0  9999
2 55800  87.9194 297.9565 0001382  83.8455 276.2835 13.20770670145622
ONEWEB-0564             
1 55801U 23029F   26050.63586005  .00000100  00000+0  21414-3 0  9996
2 55801  87.9193 297.9301 0001712  66.8018 293.3296 13.20770912145634
ONEWEB-0638             
1 55802U 23029G   26050.79110279  .00000675  00000+0  17861-2 0  9997
2 55802  87.9006 313.1769 0001320  60.3780 299.7481 13.14502582143977
ONEWEB-0639             
1 55803U 23029H   26050.81914904  .00000014  00000+0  28082-5 0  9995
2 55803  87.9248 328.3504 0001552 116.5591 243.5701 13.19725104143426
ONEWEB-0640             
1 55804U 23029J   26050.80059375  .00000193  00000+0  48487-3 0  9994
2 55804  87.9012 313.1650 0000880  73.4852 286.6374 13.14505127143996
ONEWEB-0641             
1 55805U 23029K   26050.73858924 -.00000036  00000+0 -12125-3 0  9992
2 55805  87.9253 328.3519 0001712  83.1494 276.9833 13.19723878143421
ONEWEB-0642             
1 55806U 23029L   26050.80967118  .00000000  00000+0 -31331-4 0  9998
2 55806  87.9245 328.3538 0001781 106.4840 253.6488 13.19724569143420
ONEWEB-0643             
1 55807U 23029M   26050.77046349  .00000093  00000+0  21678-3 0  9992
2 55807  87.9010 313.1582 0001939 101.1136 259.0212 13.14503924143966
ONEWEB-0644             
1 55808U 23029N   26050.80493788  .00000034  00000+0  53286-4 0  9996
2 55808  87.9240 328.3624 0001749  90.5465 269.5868 13.19724280143421
ONEWEB-0645             
1 55809U 23029P   26050.82703215  .00000052  00000+0  96501-4 0  9995
2 55809  87.9289 328.3495 0001345  47.7248 312.3999 13.19724634143421
ONEWEB-0646             
1 55810U 23029Q   26050.76860158  .00000099  00000+0  21557-3 0  9999
2 55810  87.9249 328.3603 0001742  88.9954 271.1378 13.19725952143407
ONEWEB-0648             
1 55811U 23029R   26050.66262858 -.00000065  00000+0 -20905-3 0  9993
2 55811  87.9016 313.1431 0001208 114.8636 245.2620 13.14503983143959
ONEWEB-0649             
1 55812U 23029S   26050.79387319  .00000077  00000+0  16118-3 0  9990
2 55812  87.9250 328.3527 0001526  91.1497 268.9810 13.19724011143448
ONEWEB-0650             
1 55813U 23029T   26050.78913858  .00000107  00000+0  23422-3 0  9993
2 55813  87.9247 328.3569 0001675  95.7934 264.3390 13.19725796143413
ONEWEB-0652             
1 55814U 23029U   26050.79584398  .00000220  00000+0  56016-3 0  9999
2 55814  87.9009 313.1335 0001734  76.7858 283.3465 13.14504447143948
ONEWEB-0653             
1 55815U 23029V   26050.70386663  .00000146  00000+0  35915-3 0  9998
2 55815  87.9008 313.1417 0001571  72.4931 287.6370 13.14504521143960
ONEWEB-0654             
1 55816U 23029W   26050.77522373  .00000101  00000+0  23818-3 0  9996
2 55816  87.9009 313.1275 0001821  68.3685 291.7638 13.14504678143991
ONEWEB-0656             
1 55817U 23029X   26050.62954708  .00000105  00000+0  22630-3 0  9997
2 55817  87.9204 297.8958 0001811  67.8640 292.2686 13.20770776145632
ONEWEB-0657             
1 55818U 23029Y   26050.78440008  .00000032  00000+0  47197-4 0  9993
2 55818  87.9245 328.3566 0002470  76.7834 283.3574 13.19724202143422
ONEWEB-0658             
1 55819U 23029Z   26050.77965900  .00000059  00000+0  11540-3 0  9997
2 55819  87.9261 328.3223 0001737  93.0768 267.0563 13.19724456143433
ONEWEB-0660             
1 55820U 23029AA  26050.67690964 -.00000207  00000+0 -59247-3 0  9996
2 55820  87.9020 313.1318 0001361  75.6944 284.4337 13.14501691143969
ONEWEB-0661             
1 55821U 23029AB  26050.63567348  .00000269  00000+0  69235-3 0  9996
2 55821  87.9010 313.1983 0001323  77.0213 283.1064 13.14501353143946
ONEWEB-0662             
1 55822U 23029AC  26050.67055919 -.00000364  00000+0 -10172-2 0  9990
2 55822  87.9009 313.1986 0001369  83.0583 277.0702 13.14501869143993
ONEWEB-0663             
1 55823U 23029AD  26050.67188661 -.00000043  00000+0 -13685-3 0  9999
2 55823  87.9212 297.9589 0001281  92.3347 267.7934 13.20860678145631
ONEWEB-0664             
1 55824U 23029AE  26050.61692720  .00000003  00000+0 -24231-4 0  9995
2 55824  87.9191 297.9646 0001312  64.0930 296.0339 13.20773710145624
ONEWEB-0665             
1 55825U 23029AF  26050.78474352  .00000182  00000+0  45656-3 0  9993
2 55825  87.9009 313.1484 0001359  86.0810 274.0475 13.14503093143988
ONEWEB-0666             
1 55826U 23029AG  26050.15606984  .00000049  00000+0  87878-4 0  9998
2 55826  87.9196 298.0467 0002327  79.6879 280.4517 13.20770889145578
ONEWEB-0667             
1 55827U 23029AH  26050.60429190  .00000067  00000+0  13407-3 0  9997
2 55827  87.9200 297.8963 0001425  83.8675 276.2621 13.20770744145627
ONEWEB-0669             
1 55828U 23029AJ  26050.59955561  .00000030  00000+0  41504-4 0  9992
2 55828  87.9191 297.9242 0001724  63.6846 296.4464 13.20770042145626
ONEWEB-0670             
1 55829U 23029AK  26050.68641497 -.00000122  00000+0 -36348-3 0  9996
2 55829  87.9008 313.1871 0001291  71.4304 288.6966 13.14503916143993
ONEWEB-0671             
1 55830U 23029AL  26050.77491921  .00000098  00000+0  21186-3 0  9997
2 55830  87.9251 328.3591 0001577  82.5635 277.5677 13.19724977143419
ONEWEB-0672             
1 55831U 23029AM  26050.67058315 -.00000027  00000+0 -97456-4 0  9991
2 55831  87.9202 297.8944 0001828  75.3880 284.7456 13.20770766145639
ONEWEB-0673             
1 55832U 23029AN  26050.82783471  .00000060  00000+0  11809-3 0  9999
2 55832  87.9251 328.3334 0001606  77.3448 282.7864 13.19723902143427
ONEWEB-0674             
1 55833U 23029AP  26050.80693718  .00000007  00000+0 -14615-4 0  9993
2 55833  87.9009 313.1406 0001266  66.5803 293.5460 13.14504578143993
ONEWEB-0675             
1 55834U 23029AQ  26050.84283989  .00000015  00000+0  41213-5 0  9996
2 55834  87.9240 328.3485 0002034  82.3595 277.7769 13.19724319143442
ONEWEB-0720             
1 55835U 23029AR  26050.83494535 -.00000014  00000+0 -67008-4 0  9997
2 55835  87.9245 328.3494 0001546  90.2465 269.8845 13.19724214143361
ONEWEB-0537             
1 56046U 23043A   26050.55129651  .00000107  00000+0  24701-3 0  9994
2 56046  87.9001 252.1813 0001756  87.8534 272.2798 13.16595896143484
ONEWEB-0538             
1 56047U 23043B   26050.54496385  .00000119  00000+0  27841-3 0  9996
2 56047  87.8997 252.1856 0001751  98.0907 262.0422 13.16595483143492
ONEWEB-0546             
1 56048U 23043C   26050.60829425  .00000053  00000+0  10613-3 0  9995
2 56048  87.9001 252.1696 0002126  80.4182 279.7189 13.16595098143496
ONEWEB-0547             
1 56049U 23043D   26050.61667489  .00000070  00000+0  13901-3 0  9999
2 56049  87.9177 267.4233 0001591  95.1540 264.9776 13.21827298142698
ONEWEB-0548             
1 56050U 23043E   26050.63282041  .00000133  00000+0  31430-3 0  9997
2 56050  87.8997 252.1653 0001186  82.4374 277.6892 13.16596305143495
ONEWEB-0549             
1 56051U 23043F   26050.60928363  .00000067  00000+0  13009-3 0  9997
2 56051  87.9174 267.4371 0001710  98.6268 261.5060 13.21824275142690
ONEWEB-0550             
1 56052U 23043G   26050.59610407  .00000064  00000+0  12226-3 0  9990
2 56052  87.9173 267.4351 0001523  86.4736 273.6573 13.21827359142694
ONEWEB-0551             
1 56053U 23043H   26050.64665329  .00000085  00000+0  19127-3 0  9990
2 56053  87.8959 282.6997 0001661  97.7370 262.3949 13.15547102140949
ONEWEB-0552             
1 56054U 23043J   26050.59117462  .00000035  00000+0  53487-4 0  9998
2 56054  87.9173 267.4444 0001375  94.2494 265.8797 13.21824285142698
ONEWEB-0553             
1 56055U 23043K   26050.53862294  .00000065  00000+0  13720-3 0  9991
2 56055  87.8997 252.1870 0001752  80.3190 279.8139 13.16595546143497
ONEWEB-0554             
1 56056U 23043L   26050.60195361  .00000033  00000+0  51480-4 0  9995
2 56056  87.8994 252.1846 0001354  81.5205 278.6080 13.16594681143486
ONEWEB-0555             
1 56057U 23043M   26050.94394820  .00000065  00000+0  13529-3 0  9990
2 56057  87.9001 252.1011 0001947  79.3950 280.7400 13.16595210143536
ONEWEB-0557             
1 56058U 23043N   26050.57820742 -.00000017  00000+0 -77575-4 0  9998
2 56058  87.8998 252.1856 0001694  46.1865 313.9406 13.16595670143483
ONEWEB-0558             
1 56059U 23043P   26050.66028799  .00000048  00000+0  85512-4 0  9993
2 56059  87.9173 267.4227 0001830 102.3913 257.7426 13.21824517142715
ONEWEB-0559             
1 56060U 23043Q   26050.64876924 -.00000007  00000+0 -48155-4 0  9993
2 56060  87.9171 267.4187 0001493 100.5298 259.6004 13.21826761142728
ONEWEB-0566             
1 56061U 23043R   26050.64219250  .00000032  00000+0  46903-4 0  9992
2 56061  87.9174 267.4195 0001593  99.5520 260.5794 13.21825070142704
ONEWEB-0568             
1 56062U 23043S   26050.59562594 -.00000001  00000+0 -35117-4 0  9992
2 56062  87.8999 252.1723 0001785  83.7978 276.3356 13.16595606143503
ONEWEB-0574             
1 56063U 23043T   26050.63560184  .00000026  00000+0  31401-4 0  9998
2 56063  87.9186 267.4114 0001476  82.4889 277.6413 13.21824031142746
ONEWEB-0575             
1 56064U 23043U   26050.58929061 -.00000019  00000+0 -83955-4 0  9991
2 56064  87.8996 252.1717 0001525  73.4271 286.7027 13.16595650143496
ONEWEB-0576             
1 56065U 23043V   26050.95027735  .00000010  00000+0 -81467-5 0  9997
2 56065  87.9001 252.1024 0001523  85.3372 274.7933 13.16595162143534
ONEWEB-0577             
1 56066U 23043W   26050.57662510 -.00000038  00000+0 -13342-3 0  9998
2 56066  87.9000 252.1759 0001240  61.9474 298.1782 13.16595709143515
ONEWEB-0578             
1 56067U 23043X   26050.62244051  .00000113  00000+0  24266-3 0  9990
2 56067  87.9178 267.4229 0001805  84.6486 275.4854 13.21825911142700
ONEWEB-0579             
1 56068U 23043Y   26050.61256739  .00000055  00000+0  10240-3 0  9998
2 56068  87.9183 267.4140 0001435  99.2616 260.8680 13.21824774142717
ONEWEB-0581             
1 56069U 23043Z   26050.58296928 -.00000033  00000+0 -11927-3 0  9990
2 56069  87.8998 252.1865 0001241  70.6093 289.5171 13.16596312143489
ONEWEB-0609             
1 56070U 23043AA  26050.82728984 -.00000019  00000+0 -84692-4 0  9995
2 56070  87.8963 282.6513 0001599  86.6807 273.4507 13.15549720141008
ONEWEB-0613             
1 56071U 23043AB  26050.59436655 -.00000186  00000+0 -52764-3 0  9990
2 56071  87.8963 282.7086 0001438  93.5600 266.5695 13.15549353140973
ONEWEB-0630             
1 56072U 23043AC  26050.58960720 -.00000101  00000+0 -30105-3 0  9997
2 56072  87.8961 282.6801 0001419  93.7844 266.3448 13.15546389140966
ONEWEB-0632             
1 56073U 23043AD  26050.66091402 -.00000079  00000+0 -24299-3 0  9990
2 56073  87.8965 282.6828 0001383  82.4312 277.6975 13.15549617140973
ONEWEB-0633             
1 56074U 23043AE  26050.65457887 -.00000036  00000+0 -12852-3 0  9998
2 56074  87.8973 282.6501 0001599 102.4732 257.6577 13.15550494140958
ONEWEB-0634             
1 56075U 23043AF  26050.64031652  .00000093  00000+0  21172-3 0  9992
2 56075  87.8966 282.7033 0001846  86.6989 273.4353 13.15549917140949
ONEWEB-0635             
1 56076U 23043AG  26050.63555885  .00000090  00000+0  20490-3 0  9990
2 56076  87.8968 282.6571 0001322  73.9820 286.1455 13.15549547140976
ONEWEB-0636             
1 56077U 23043AH  26050.62763840  .00000165  00000+0  40466-3 0  9990
2 56077  87.8958 282.6733 0001370  78.7237 281.4047 13.15549455140955
ONEWEB-0637             
1 56078U 23043AJ  26050.62131563  .00000110  00000+0  25865-3 0  9998
2 56078  87.8959 282.6931 0001678  75.2607 284.8709 13.15549860140975
ONEWEB-0647             
1 56079U 23043AK  26050.61654928  .00000048  00000+0  93730-4 0  9990
2 56079  87.8957 282.7068 0001369  83.9586 276.1701 13.15549673140962
ONEWEB-0651             
1 56080U 23043AL  26050.61179469  .00000043  00000+0  80499-4 0  9997
2 56080  87.8959 282.7021 0001515  72.3117 287.8179 13.15550124142165
ONEWEB-0718             
1 56081U 23043AM  26050.60703933 -.00000052  00000+0 -17133-3 0  9992
2 56081  87.8958 282.6835 0002038  87.0105 273.1258 13.15546568140978
ONEWEB-0561             
1 56710U 23068A   26050.62323635  .00000075  00000+0  15340-3 0  9998
2 56710  87.9192 297.9138 0001212  71.9815 288.1451 13.20771267133982
ONEWEB-0668             
1 56711U 23068B   26050.55763098  .00000133  00000+0  31490-3 0  9991
2 56711  87.9009 252.1720 0002103  86.5265 273.6106 13.16595937136309
ONEWEB-0676             
1 56712U 23068C   26050.56554465  .00000073  00000+0  15833-3 0  9995
2 56712  87.8997 252.1848 0001354  78.0472 282.0811 13.16593198136224
ONEWEB-0677             
1 56713U 23068D   26050.61218642  .00000056  00000+0  10494-3 0  9995
2 56713  87.9202 297.9069 0001696  73.3723 286.7596 13.20771360134282
ONEWEB-0678             
1 56714U 23068E   26050.65140617  .00000009  00000+0 -93567-5 0  9999
2 56714  87.8973 282.6554 0001302  94.3569 265.7710 13.15550040133831
ONEWEB-0679             
1 56715U 23068F   26050.60037960  .00000014  00000+0  29368-5 0  9994
2 56715  87.9005 252.1626 0001840  72.7348 287.3984 13.16595632136252
ONEWEB-0680             
1 56716U 23068G   26050.61585191  .00000634  00000+0  15041-2 0  9998
2 56716  87.9180 267.4124 0002064  81.4628 278.6740 13.21836131135560
ONEWEB-0681             
1 56717U 23068H   26050.59527727  .00000001  00000+0 -28640-4 0  9997
2 56717  87.9175 267.4278 0001105  45.9035 314.2189 13.21823763135557
ONEWEB-0682             
1 56718U 23068J   26050.60149207 -.00000092  00000+0 -27961-3 0  9998
2 56718  87.8958 282.6731 0001982  74.5244 285.6105 13.15549253133999
ONEWEB-0683             
1 56719U 23068K   26050.62288756  .00000119  00000+0  28072-3 0  9996
2 56719  87.8972 282.6601 0001792  82.2497 277.8837 13.15549949133961
ONEWEB-0684             
1 56720U 23068L   26050.63080971  .00000193  00000+0  47792-3 0  9990
2 56720  87.8970 282.6519 0001790 133.7243 226.4036 13.15549921133790
ONEWEB-0686             
1 56721U 23068M   26050.56080721  .00000081  00000+0  17744-3 0  9996
2 56721  87.8991 252.2112 0001876  97.7440 262.3904 13.16592902136232
ONEWEB-0694             
1 56722U 23068N   26050.94710818  .00000024  00000+0  28774-4 0  9999
2 56722  87.9008 252.0763 0002010  82.8069 277.3291 13.16592255136344
ONEWEB-0696             
1 56723U 23068P   26050.58803057 -.00000109  00000+0 -32404-3 0  9998
2 56723  87.8961 282.7071 0001271  99.9476 260.1798 13.15547519133906
ONEWEB-0703             
1 56724U 23068Q   26050.59753183 -.00000146  00000+0 -42300-3 0  9991
2 56724  87.8960 282.6862 0000593 107.7500 252.3695 13.15549689133791
ONEWEB-0721             
1 56725U 23068R   26050.64084076  .00000149  00000+0  32215-3 0  9991
2 56725  86.6794 123.0447 0001897 105.3405 254.7938 13.22460528142403
ONEWEB-0015             
1 61594U 24188A   26050.88874637  .00000554  00000+0  15270-2 0  9992
2 61594  87.8830  44.4265 0001872  68.0703 292.0624 13.11416756 69081
ONEWEB-0687             
1 61595U 24188B   26050.90939913  .00000073  00000+0  15431-3 0  9991
2 61595  87.9110  29.1798 0002295  74.5783 285.5602 13.17649423 70456
ONEWEB-0688             
1 61596U 24188C   26050.86215440  .00000016  00000+0  82132-5 0  9990
2 61596  87.9107  29.1884 0002131  48.0195 312.1118 13.17649221 70445
ONEWEB-0689             
1 61597U 24188D   26050.92263358 -.00000421  00000+0 -12247-2 0  9998
2 61597  87.8845  44.3578 0002198  85.9422 274.1958 13.11416830 69088
ONEWEB-0690             
1 61598U 24188E   26050.47502460 -.00000428  00000+0 -12438-2 0  9998
2 61598  87.8842  44.4674 0001214  96.7903 263.3363 13.11419088 69208
ONEWEB-0691             
1 61599U 24188F   26050.46993876 -.00000503  00000+0 -14542-2 0  9995
2 61599  87.8848  44.3679 0001934  73.6382 286.4959 13.11418433 69056
ONEWEB-0692             
1 61600U 24188G   26050.49029614  .00000158  00000+0  41044-3 0  9993
2 61600  87.8835  44.4988 0002487 104.9161 255.2243 13.11418812 69046
ONEWEB-0693             
1 61601U 24188H   26050.87396755  .00000012  00000+0 -12634-5 0  9994
2 61601  87.9108  29.2079 0001055  84.6020 275.5232 13.17650240 70438
ONEWEB-0695             
1 61602U 24188J   26050.92434536 -.00000477  00000+0 -13818-2 0  9999
2 61602  87.8829  44.4036 0002384  90.5703 269.5699 13.11415468 69095
ONEWEB-0697             
1 61603U 24188K   26050.49878009  .00000458  00000+0  12566-2 0  9995
2 61603  87.8829  44.4778 0002326 103.8179 256.3208 13.11418411 69024
ONEWEB-0698             
1 61604U 24188L   26050.47672523 -.00000369  00000+0 -10762-2 0  9996
2 61604  87.8830  44.4980 0001858 122.9486 237.1821 13.11418961 69044
ONEWEB-0699             
1 61605U 24188M   26050.54862042  .00000648  00000+0  18191-2 0  9994
2 61605  87.8763  59.6962 0002205 106.5244 253.6126 13.10372040 67905
ONEWEB-0700             
1 61606U 24188N   26050.55027575  .00000677  00000+0  19033-2 0  9998
2 61606  87.8776  59.5881 0002494  98.8033 261.3377 13.10371729 67893
ONEWEB-0701             
1 61607U 24188P   26050.56686065  .00000035  00000+0  64397-4 0  9998
2 61607  87.8757  59.6926 0002365 108.9325 251.2059 13.10368391 67906
ONEWEB-0702             
1 61608U 24188Q   26050.90399735  .00000177  00000+0  46290-3 0  9990
2 61608  87.8845  44.2975 0002673 101.7622 258.3806 13.11413931 69117
ONEWEB-0704             
1 61609U 24188R   26050.55527060  .00000520  00000+0  14526-2 0  9994
2 61609  87.8773  59.6689 0002726 102.4119 257.7314 13.10370840 67887
ONEWEB-0705             
1 61610U 24188S   26050.56023514  .00000376  00000+0  10415-2 0  9994
2 61610  87.8759  59.6829 0002957  81.7656 278.3807 13.10369157 60057
ONEWEB-0706             
1 61611U 24188T   26050.54529972  .00000678  00000+0  19061-2 0  9993
2 61611  87.8755  59.6997 0002466  95.1187 265.0222 13.10373156 67979
ONEWEB-0707             
1 61612U 24188U   26050.55193468  .00000655  00000+0  18399-2 0  9990
2 61612  87.8762  59.6839 0002434  96.0405 264.1000 13.10370953 67911
ONEWEB-0708             
1 61613U 24188V   26050.57018615 -.00000132  00000+0 -41325-3 0  9991
2 61613  87.8752  59.7095 0002232  78.7374 281.4004 13.10369488 67898
