ONEWEB-0012             
1 44057U 19010A   26239.46231787  .00000001  00000+0 -31802-4 0  9990
2 44057  87.9101 214.6255 0002232  98.5718 261.5666 13.16596421360942
ONEWEB-0010             
1 44058U 19010B   26239.48766558 -.00000036  00000+0 -12651-3 0  9991
2 44058  87.9114 214.6183 0002242  77.3942 282.7440 13.16595593360991
ONEWEB-0008             
1 44059U 19010C   26239.43700968 -.00002140  00000+0 -56351-2 0  9992
2 44059  87.9109 214.6238 0002293  90.9458 269.1936 13.16578824361107
ONEWEB-0007             
1 44060U 19010D   26239.45262789 -.00000027  00000+0 -10619-3 0  9990
2 44060  87.8952 245.0113 0002331  91.4269 268.7128 13.15550009360744
ONEWEB-0006             
1 44061U 19010E   26239.45660649  .00000106  00000+0  24669-3 0  9994
2 44061  87.8966 244.9821 0001970  87.8693 272.2663 13.15548844360795
ONEWEB-0011             
1 44062U 19010F   26239.42491838 -.00000063  00000+0 -20134-3 0  9991
2 44062  87.8975 244.9992 0001944  84.5970 275.5382 13.15548988360780
ONEWEB-0013             
1 45131U 20008A   26239.69046682 -.00000346  00000+0 -10398-2 0  9994
2 45131  87.8516  38.3845 0002151 121.1201 239.0137 13.09458530315427
ONEWEB-0017             
1 45132U 20008B   26239.69946669  .00000688  00000+0  19349-2 0  9991
2 45132  87.8872  22.0214 0001677  91.4812 268.6507 13.10373535317314
ONEWEB-0020             
1 45133U 20008C   26239.43982043 -.00000354  00000+0 -10516-2 0  9999
2 45133  87.8876  22.0745 0001723  96.7304 263.4019 13.10376028317674
ONEWEB-0021             
1 45134U 20008D   26239.68418870  .00000389  00000+0  10794-2 0  9993
2 45134  87.8866  22.0370 0001839  96.0388 264.0949 13.10374687318018
ONEWEB-0023             
1 45136U 20008F   26239.46615769  .00000646  00000+0  18147-2 0  9993
2 45136  87.8873  22.0670 0001596 100.3953 259.7354 13.10372723317411
ONEWEB-0024             
1 45137U 20008G   26239.66734608 -.00000362  00000+0 -10731-2 0  9998
2 45137  87.8883  22.0238 0001741  94.7779 265.3547 13.10375008317604
ONEWEB-0025             
1 45138U 20008H   26239.43798520 -.00000389  00000+0 -11503-2 0  9994
2 45138  87.8880  22.0590 0001262  89.7471 270.3800 13.10375706317900
ONEWEB-0026             
1 45139U 20008J   26239.64877979  .00000371  00000+0  10110-2 0  9996
2 45139  87.8947   6.8506 0001761  93.8729 266.2600 13.11418013320476
ONEWEB-0028             
1 45140U 20008K   26239.39416782 -.00000429  00000+0 -12454-2 0  9990
2 45140  87.8944   6.9062 0002018 113.9856 246.1484 13.11418213317952
ONEWEB-0032             
1 45141U 20008L   26239.39586450  .00000586  00000+0  16421-2 0  9991
2 45141  87.8869  22.0840 0001796 113.0990 247.0327 13.10371314317623
ONEWEB-0033             
1 45142U 20008M   26239.44661650  .00000075  00000+0  17954-3 0  9990
2 45142  87.8867  22.0777 0001865  79.8995 280.2342 13.10376925317542
ONEWEB-0035             
1 45143U 20008N   26239.46714122  .00000714  00000+0  20077-2 0  9995
2 45143  87.8870  22.0690 0001838  95.7450 264.3886 13.10372082317270
ONEWEB-0036             
1 45144U 20008P   26239.44477484  .00001081  00000+0  30609-2 0  9991
2 45144  87.8890  22.0970 0002588  90.4987 269.6436 13.10384669317693
ONEWEB-0038             
1 45145U 20008Q   26239.35376942  .00000465  00000+0  12771-2 0  9994
2 45145  87.8961   6.9278 0003437  92.4097 267.7424 13.11415121319656
ONEWEB-0039             
1 45146U 20008R   26239.45002215  .00000244  00000+0  66296-3 0  9992
2 45146  87.8872  22.0706 0002013 109.6368 250.4977 13.10375670317499
ONEWEB-0040             
1 45147U 20008S   26239.44322726 -.00000116  00000+0 -36931-3 0  9997
2 45147  87.8865  22.0798 0001516 101.1539 258.9759 13.10376413317191
ONEWEB-0043             
1 45149U 20008U   26239.44506858 -.00000020  00000+0 -93111-4 0  9997
2 45149  87.8875  22.0729 0001929 110.9224 249.2110 13.10376614317518
ONEWEB-0044             
1 45150U 20008V   26239.47378081  .00000449  00000+0  12487-2 0  9995
2 45150  87.8868  22.0689 0001735 102.5676 257.5645 13.10370479317811
ONEWEB-0045             
1 45151U 20008W   26239.65372983  .00000552  00000+0  15213-2 0  9996
2 45151  87.8951   6.8460 0001917 102.5626 257.5716 13.11415291319778
ONEWEB-0047             
1 45152U 20008X   26239.46685608  .00000451  00000+0  12554-2 0  9990
2 45152  87.8875  22.0703 0001862  90.9873 269.1468 13.10371546317535
ONEWEB-0048             
1 45153U 20008Y   26239.46189980  .00000663  00000+0  18626-2 0  9994
2 45153  87.8864  22.0860 0001877  96.3140 263.8201 13.10374677317142
ONEWEB-0049             
1 45154U 20008Z   26239.69422942  .00000684  00000+0  19244-2 0  9998
2 45154  87.8866  22.0287 0001419 104.8734 255.2551 13.10372851317396
ONEWEB-0051             
1 45155U 20008AA  26239.65204510  .00000539  00000+0  14863-2 0  9995
2 45155  87.8952   6.8505 0001761  98.1760 261.9568 13.11416834320454
ONEWEB-0052             
1 45156U 20008AB  26239.40943735 -.00000025  00000+0 -10714-3 0  9992
2 45156  87.8871  22.0761 0001541 107.0533 253.0763 13.10369284317262
ONEWEB-0053             
1 45157U 20008AC  26239.44151720 -.00000384  00000+0 -11354-2 0  9990
2 45157  87.8868  22.0860 0001756 112.1023 248.0291 13.10376098317247
ONEWEB-0054             
1 45158U 20008AD  26239.40081584  .00000416  00000+0  11552-2 0  9991
2 45158  87.8866  22.0823 0001700  97.7379 262.3941 13.10369309317356
ONEWEB-0056             
1 45159U 20008AE  26239.44818019  .00000151  00000+0  39699-3 0  9996
2 45159  87.8882  22.0682 0001497  90.5218 269.6081 13.10376107317511
ONEWEB-0057             
1 45160U 20008AF  26239.38908671 -.00000212  00000+0 -64325-3 0  9999
2 45160  87.8876  22.0903 0001577 114.2161 245.9131 13.10376864317672
ONEWEB-0058             
1 45161U 20008AG  26239.68092728  .00000264  00000+0  72106-3 0  9991
2 45161  87.8861  22.0326 0001950  91.0234 269.1117 13.10375733317782
ONEWEB-0059             
1 45162U 20008AH  26239.67754192  .00000065  00000+0  14968-3 0  9992
2 45162  87.8871  22.0343 0001824 108.9581 251.1745 13.10376930317683
ONEWEB-0062             
1 45163U 20008AJ  26239.47194235  .00000443  00000+0  12340-2 0  9998
2 45163  87.8875  22.0677 0001835  86.5381 273.5956 13.10370948317527
ONEWEB-0065             
1 45164U 20008AK  26239.65857383 -.00000631  00000+0 -18432-2 0  9998
2 45164  87.8874  22.0380 0001491 103.7925 256.3368 13.10373800317247
ONEWEB-0066             
1 45424U 20020A   26239.63677188  .00000120  00000+0  30327-3 0  9991
2 45424  87.8944   6.8548 0001931  98.3844 261.7503 13.11418763312041
ONEWEB-0067             
1 45425U 20020B   26239.44528225 -.00000207  00000+0 -61894-3 0  9999
2 45425  87.8966   6.8294 0001724 103.5767 256.5553 13.11424601312075
ONEWEB-0080             
1 45426U 20020C   26239.36902719 -.00000822  00000+0 -23562-2 0  9997
2 45426  87.8929   6.9094 0001914  89.6397 270.4951 13.11421622312031
ONEWEB-0090             
1 45427U 20020D   26239.39785361 -.00000230  00000+0 -68475-3 0  9999
2 45427  87.8953   6.9101 0001778  95.2061 264.9270 13.11418190312002
ONEWEB-0061             
1 45428U 20020E   26239.65868330  .00000453  00000+0  12425-2 0  9995
2 45428  87.8949   6.8415 0001819  97.7777 262.3557 13.11415611311994
ONEWEB-0081             
1 45429U 20020F   26239.41126863  .00000341  00000+0  92677-3 0  9992
2 45429  87.8954   6.9014 0001764 102.0415 258.0911 13.11423389312072
ONEWEB-0069             
1 45430U 20020G   26239.64201876  .00000334  00000+0  90701-3 0  9995
2 45430  87.8953   6.8576 0001991 101.4690 258.6662 13.11420127312037
ONEWEB-0031             
1 45431U 20020H   26239.37228233 -.00000261  00000+0 -77095-3 0  9994
2 45431  87.8940   6.9098 0001814  92.2435 267.8901 13.11415339311982
ONEWEB-0027             
1 45432U 20020J   26239.33727459  .00000003  00000+0 -24810-4 0  9996
2 45432  87.9201 351.7288 0001587  88.3466 271.7847 13.17652426315728
ONEWEB-0064             
1 45433U 20020K   26239.37057558 -.00000210  00000+0 -62703-3 0  9990
2 45433  87.8946   6.9056 0001723  92.7967 267.3359 13.11413868312010
ONEWEB-0018             
1 45434U 20020L   26239.40265735 -.00000013  00000+0 -72034-4 0  9993
2 45434  87.8947   6.8990 0002140  97.6820 262.4551 13.11419077311965
ONEWEB-0083             
1 45435U 20020M   26239.62165116 -.00000435  00000+0 -12628-2 0  9999
2 45435  87.8955   6.8533 0001823  96.2251 263.9084 13.11418718312035
ONEWEB-0095             
1 45436U 20020N   26239.38428198 -.00000549  00000+0 -15852-2 0  9993
2 45436  87.8942   6.9061 0001075  96.2420 263.8831 13.11417250312002
ONEWEB-0092             
1 45437U 20020P   26239.41479142  .00000403  00000+0  11000-2 0  9991
2 45437  87.8953   6.8935 0001987  97.7750 262.3604 13.11420604312120
ONEWEB-0085             
1 45438U 20020Q   26239.39247368 -.00000424  00000+0 -12316-2 0  9998
2 45438  87.8951   6.9014 0001738  97.2693 262.8632 13.11418695312003
ONEWEB-0096             
1 45439U 20020R   26239.39445378 -.00000391  00000+0 -11384-2 0  9997
2 45439  87.8956   6.9011 0001657  97.5906 262.5411 13.11418672311990
ONEWEB-0037             
1 45440U 20020S   26239.64851389  .00000501  00000+0  13778-2 0  9990
2 45440  87.8961   6.8258 0001599  97.1742 262.9567 13.11417723312060
ONEWEB-0042             
1 45441U 20020T   26239.38400189 -.00000606  00000+0 -17465-2 0  9995
2 45441  87.8952   6.8982 0001768 101.5277 258.6049 13.11416681311996
ONEWEB-0098             
1 45442U 20020U   26239.37990845 -.00000441  00000+0 -12812-2 0  9996
2 45442  87.8951   6.9077 0001794  95.9609 264.1723 13.11416838311979
ONEWEB-0055             
1 45443U 20020V   26239.43487492  .00000286  00000+0  77228-3 0  9991
2 45443  87.8952   6.8967 0001727  99.1504 260.9820 13.11414260311951
ONEWEB-0093             
1 45444U 20020W   26239.65698332  .00000466  00000+0  12788-2 0  9992
2 45444  87.8951   6.8517 0002043 105.5586 254.5768 13.11415164312041
ONEWEB-0029             
1 45445U 20020X   26239.36563013 -.00000013  00000+0 -71391-4 0  9995
2 45445  87.8947   6.9077 0001958 103.5064 256.6283 13.11413787311988
ONEWEB-0068             
1 45446U 20020Y   26239.41453590  .00000397  00000+0  10849-2 0  9992
2 45446  87.8957   6.8983 0002025 103.8210 256.3143 13.11418304311934
ONEWEB-0046             
1 45447U 20020Z   26239.63506999  .00001050  00000+0  29264-2 0  9997
2 45447  87.8949   6.8549 0001723 107.1384 252.9933 13.11427110311975
ONEWEB-0063             
1 45448U 20020AA  26239.35885301  .00000348  00000+0  94481-3 0  9997
2 45448  87.8945   6.9133 0001563 106.2062 253.9238 13.11414662312021
ONEWEB-0019             
1 45449U 20020AB  26239.39757032 -.00000268  00000+0 -79138-3 0  9996
2 45449  87.8950   6.8896 0001846  92.0236 268.1103 13.11418806311877
ONEWEB-0094             
1 45450U 20020AC  26239.35512045  .00000035  00000+0  57660-4 0  9994
2 45450  87.9209 351.7143 0002093  98.1311 262.0058 13.17648162315681
ONEWEB-0087             
1 45451U 20020AD  26239.44505314 -.00000158  00000+0 -48198-3 0  9999
2 45451  87.8952   6.8760 0002083 104.2327 255.9033 13.11414443311928
ONEWEB-0082             
1 45452U 20020AE  26239.67054858 -.00000011  00000+0 -67886-4 0  9991
2 45452  87.8950   6.8427 0002067 111.4973 248.6375 13.11414396312045
ONEWEB-0050             
1 45453U 20020AF  26239.44273017  .00001641  00000+0  16566-3 0  9993
2 45453  88.9294 223.5274 0006207  80.7583 279.4348 14.90570302350998
ONEWEB-0034             
1 45454U 20020AG  26239.40294113 -.00000024  00000+0 -10313-3 0  9990
2 45454  87.8955   6.9059 0001766  99.9861 260.1467 13.11419833311923
ONEWEB-0060             
1 45455U 20020AH  26239.66305668  .00000370  00000+0  10079-2 0  9997
2 45455  87.8946   6.8468 0002759 105.9916 254.1516 13.11414551311918
ONEWEB-0086             
1 45456U 20020AJ  26239.41284213  .00000350  00000+0  95051-3 0  9995
2 45456  87.8953   6.8974 0002556  91.9845 268.1576 13.11418539311943
ONEWEB-0088             
1 45457U 20020AK  26239.39092453 -.00000465  00000+0 -13483-2 0  9993
2 45457  87.8963   6.8797 0001563 111.1955 248.9340 13.11417744311876
ONEWEB-0102             
1 47258U 20100A   26239.56819161  .00000342  00000+0  91493-3 0  9995
2 47258  87.8996 336.4966 0002070  97.2648 262.8716 13.12440900274095
ONEWEB-0109             
1 47259U 20100B   26239.65290678  .00000351  00000+0  93907-3 0  9994
2 47259  87.9008 336.4702 0001802  94.7753 265.3581 13.12442877273935
ONEWEB-0110             
1 47260U 20100C   26239.29882245 -.00000377  00000+0 -10828-2 0  9993
2 47260  87.9006 336.5242 0002207  97.6934 262.4446 13.12442894274059
ONEWEB-0111             
1 47261U 20100D   26239.32931549  .00000356  00000+0  95408-3 0  9993
2 47261  87.9006 336.5368 0001992 101.5445 258.5907 13.12442636273894
ONEWEB-0114             
1 47262U 20100E   26239.28356882 -.00000024  00000+0 -10335-3 0  9990
2 47262  87.9002 336.5438 0001824  96.1685 263.9651 13.12441391273846
ONEWEB-0117             
1 47263U 20100F   26239.27511546  .00000800  00000+0  21889-2 0  9995
2 47263  87.9019 336.5363 0001841  98.0457 262.0881 13.12439697273851
ONEWEB-0118             
1 47264U 20100G   26239.69016532 -.00000352  00000+0 -10126-2 0  9993
2 47264  87.9002 336.4551 0001567 103.8953 256.2350 13.12444614274103
ONEWEB-0119             
1 47265U 20100H   26239.33440126  .00000419  00000+0  11289-2 0  9998
2 47265  87.8994 336.5363 0001871 100.3326 259.8014 13.12442302274039
ONEWEB-0120             
1 47266U 20100J   26239.28201139  .00000045  00000+0  90996-4 0  9991
2 47266  87.9000 336.5494 0001802  96.2045 263.9288 13.12440893274053
ONEWEB-0121             
1 47267U 20100K   26239.34625589  .00000353  00000+0  94674-3 0  9996
2 47267  87.9009 336.5287 0002137 106.4035 253.7328 13.12440929273970
ONEWEB-0122             
1 47268U 20100L   26239.34032970  .00000411  00000+0  11077-2 0  9993
2 47268  87.9007 336.5347 0001899  94.2189 265.9157 13.12443760273885
ONEWEB-0123             
1 47269U 20100M   26239.33608977  .00000411  00000+0  11077-2 0  9999
2 47269  87.8998 336.5355 0001824 102.0650 258.0683 13.12442351274021
ONEWEB-0124             
1 47270U 20100N   26239.32595498  .00003071  00000+0  84978-2 0  9998
2 47270  87.8997 336.5394 0002164 100.1565 259.9808 13.12439434273900
ONEWEB-0125             
1 47271U 20100P   26239.68508969 -.00000453  00000+0 -12957-2 0  9996
2 47271  87.9008 336.4598 0001890 109.2695 250.8639 13.12442913274010
ONEWEB-0126             
1 47272U 20100Q   26239.70554821  .00000121  00000+0  30084-3 0  9990
2 47272  87.8998 336.4664 0001765  97.3143 262.8187 13.12445489274087
ONEWEB-0127             
1 47273U 20100R   26239.29035242 -.00000223  00000+0 -65645-3 0  9992
2 47273  87.8991 336.5433 0001865  97.6383 262.4957 13.12442247274053
ONEWEB-0128             
1 47274U 20100S   26239.69356531 -.00000287  00000+0 -83277-3 0  9995
2 47274  87.8995 336.4780 0002195  97.9550 262.1828 13.12443394274124
ONEWEB-0129             
1 47275U 20100T   26239.29203140 -.00000278  00000+0 -80782-3 0  9997
2 47275  87.9006 336.5386 0001503  62.8003 297.3278 13.12441354274008
ONEWEB-0130             
1 47276U 20100U   26239.70031757 -.00000070  00000+0 -22911-3 0  9997
2 47276  87.9004 336.4536 0001915  98.7595 261.3750 13.12442687274022
ONEWEB-0131             
1 47277U 20100V   26239.69693490 -.00000377  00000+0 -10820-2 0  9999
2 47277  87.8992 336.4646 0002014  97.8930 262.2427 13.12443832274062
ONEWEB-0132             
1 47278U 20100W   26239.26832506  .00000521  00000+0  14128-2 0  9990
2 47278  87.9001 336.5538 0001989 102.4054 257.7298 13.12441825273903
ONEWEB-0133             
1 47279U 20100X   26239.28513495 -.00000080  00000+0 -25904-3 0  9993
2 47279  87.9017 336.5355 0001961  96.3084 263.8268 13.12441761274064
ONEWEB-0134             
1 47280U 20100Y   26239.63596139  .00000352  00000+0  94184-3 0  9996
2 47280  87.9008 336.4621 0001993  92.6924 267.4433 13.12442525274083
ONEWEB-0135             
1 47281U 20100Z   26239.30220560 -.00000370  00000+0 -10637-2 0  9995
2 47281  87.8994 336.5419 0002091  94.1490 265.9877 13.12443203274065
ONEWEB-0136             
1 47282U 20100AA  26239.70202763  .00000011  00000+0 -39806-5 0  9998
2 47282  87.9004 336.4493 0001962  91.0852 269.0501 13.12443226274046
ONEWEB-0137             
1 47283U 20100AB  26239.65967919  .00000170  00000+0  43631-3 0  9998
2 47283  87.9015 336.4722 0001750 102.1491 257.9833 13.12442157273946
ONEWEB-0138             
1 47284U 20100AC  26239.25646637  .00000426  00000+0  11497-2 0  9994
2 47284  87.9003 336.5546 0001897  92.8406 267.2940 13.12442521273973
ONEWEB-0139             
1 47285U 20100AD  26239.60221743 -.00000304  00000+0 -88176-3 0  9997
2 47285  87.9004 336.4713 0001859  98.5913 261.5426 13.12443086274091
ONEWEB-0140             
1 47286U 20100AE  26239.63257063  .00000185  00000+0  48021-3 0  9995
2 47286  87.9007 336.4579 0002091 100.4796 259.6568 13.12442542274064
ONEWEB-0141             
1 47287U 20100AF  26239.67817049 -.00000376  00000+0 -10797-2 0  9998
2 47287  87.9008 336.4531 0001624 105.1979 254.9329 13.12442486274059
ONEWEB-0142             
1 47288U 20100AG  26239.66659154 -.00000038  00000+0 -14008-3 0  9994
2 47288  87.9004 336.4728 0001473  92.8766 267.2531 13.12441883274043
ONEWEB-0143             
1 47289U 20100AH  26239.67662491 -.00000354  00000+0 -10191-2 0  9993
2 47289  87.8996 336.4698 0001742 100.4201 259.7124 13.12441768274022
ONEWEB-0144             
1 47290U 20100AJ  26239.34286830  .00000412  00000+0  11090-2 0  9990
2 47290  87.9010 336.5164 0001788  89.8518 270.2815 13.12441678273903
ONEWEB-0145             
1 47291U 20100AK  26239.61902034 -.00000193  00000+0 -57286-3 0  9998
2 47291  87.8993 336.4810 0001800  96.8678 263.2655 13.12443904274134
ONEWEB-0146             
1 47292U 20100AL  26239.69186764 -.00000324  00000+0 -93645-3 0  9996
2 47292  87.9002 336.4635 0002165 105.2976 254.8392 13.12443674274052
ONEWEB-0147             
1 47293U 20100AM  26239.65798957  .00000275  00000+0  72859-3 0  9993
2 47293  87.9021 336.4551 0001893  89.9095 270.2250 13.12442044273940
ONEWEB-0115             
1 48042U 21025A   26239.63029877  .00000327  00000+0  86145-3 0  9990
2 48042  87.8959 306.0153 0002020  98.2689 261.8669 13.13472142262972
ONEWEB-0152             
1 48043U 21025B   26239.64384823  .00000295  00000+0  77181-3 0  9991
2 48043  87.8967 306.0129 0002028  97.6595 262.4765 13.13469609262936
ONEWEB-0153             
1 48044U 21025C   26239.62183128  .00000045  00000+0  89081-4 0  9991
2 48044  87.8959 306.0145 0001957  96.7398 263.3954 13.13468737262927
ONEWEB-0154             
1 48045U 21025D   26239.61845324 -.00000022  00000+0 -93863-4 0  9994
2 48045  87.8961 306.0171 0001982  97.4526 262.6828 13.13470058262885
ONEWEB-0116             
1 48046U 21025E   26239.58120128  .00000029  00000+0  45647-4 0  9991
2 48046  87.8968 306.0215 0002094  99.7174 260.4192 13.13468261263021
ONEWEB-0150             
1 48047U 21025F   26239.63365529 -.00025066  00000+0 -68737-1 0  9996
2 48047  87.8985 306.0108 0000112 126.7996 233.3143 13.13593823262920
ONEWEB-0107             
1 48048U 21025G   26239.63539175  .00000365  00000+0  96487-3 0  9995
2 48048  87.8965 306.0047 0001832  95.1709 264.9629 13.13470171262909
ONEWEB-0101             
1 48049U 21025H   26239.59813975 -.00000270  00000+0 -77458-3 0  9998
2 48049  87.8953 306.0203 0001987  92.7054 267.4302 13.13469601262876
ONEWEB-0113             
1 48050U 21025J   26239.59959547 -.00000219  00000+0 -63173-3 0  9998
2 48050  87.8956 305.9230 0001799 100.3707 259.7626 13.13891302262983
ONEWEB-0112             
1 48051U 21025K   26239.64045178  .00000355  00000+0  93712-3 0  9992
2 48051  87.8964 306.0021 0001972  90.0920 270.0435 13.13468550262976
ONEWEB-0156             
1 48052U 21025L   26239.64891591  .00000127  00000+0  31371-3 0  9991
2 48052  87.8962 306.0095 0001817  97.7979 262.3356 13.13471347262954
ONEWEB-0161             
1 48053U 21025M   26239.62353140  .00000098  00000+0  23274-3 0  9993
2 48053  87.8964 306.0161 0001760  93.4584 266.6746 13.13470174262882
ONEWEB-0158             
1 48054U 21025N   26239.58290955 -.00000064  00000+0 -21008-3 0  9991
2 48054  87.8965 306.0211 0002262  97.6640 262.4746 13.13468876263002
ONEWEB-0157             
1 48055U 21025P   26239.60829838 -.00000206  00000+0 -59787-3 0  9996
2 48055  87.8955 306.0190 0001707  87.0604 273.0721 13.13469522262946
ONEWEB-0162             
1 48056U 21025Q   26239.58445635 -.00000048  00000+0 -16706-3 0  9991
2 48056  87.8957 306.0233 0001831 101.2849 258.8486 13.13470163262914
ONEWEB-0155             
1 48057U 21025R   26239.59136528 -.00000192  00000+0 -55984-3 0  9992
2 48057  87.8964 306.0208 0001829  97.8806 262.2531 13.13469903263051
ONEWEB-0149             
1 48058U 21025S   26239.61335016 -.00000312  00000+0 -89004-3 0  9993
2 48058  87.8956 306.0199 0001827 102.7406 257.3927 13.13469950262866
ONEWEB-0148             
1 48059U 21025T   26239.27140806  .00000070  00000+0  15807-3 0  9996
2 48059  87.8957 306.0910 0001455 107.7015 252.4273 13.13468162262940
ONEWEB-0160             
1 48060U 21025U   26239.59303980 -.00000195  00000+0 -56943-3 0  9993
2 48060  87.8954 306.0224 0002579 105.5557 254.5857 13.13468529262939
ONEWEB-0163             
1 48061U 21025V   26239.65398767  .00000128  00000+0  31673-3 0  9995
2 48061  87.8963 306.0108 0001753  90.7120 269.4210 13.13470826263061
ONEWEB-0159             
1 48062U 21025W   26239.18846137  .00000338  00000+0  89146-3 0  9994
2 48062  87.8969 306.0980 0001831  90.3813 269.7526 13.13468548262923
ONEWEB-0164             
1 48063U 21025X   26239.62690963  .00000210  00000+0  54037-3 0  9998
2 48063  87.8959 306.0163 0002047  98.1008 262.0353 13.13469223262967
ONEWEB-0167             
1 48064U 21025Y   26239.57866631  .00000055  00000+0  11619-3 0  9996
2 48064  87.8954 306.0296 0002104  79.3400 280.7966 13.13468663262943
ONEWEB-0166             
1 48065U 21025Z   26239.60150125 -.00000270  00000+0 -77387-3 0  9990
2 48065  87.8961 306.0027 0001899  97.4617 262.6728 13.13468748263024
ONEWEB-0151             
1 48066U 21025AA  26239.60320426 -.00000187  00000+0 -54643-3 0  9991
2 48066  87.8960 306.0162 0001980  93.8601 266.2754 13.13469504262960
ONEWEB-0170             
1 48067U 21025AB  26239.23077531 -.00000041  00000+0 -14684-3 0  9997
2 48067  87.8963 306.0931 0002533  96.4418 263.7000 13.13471788262871
ONEWEB-0168             
1 48068U 21025AC  26239.59642748 -.00000436  00000+0 -12297-2 0  9990
2 48068  87.8960 306.0216 0001954  95.5534 264.5818 13.13469749262937
ONEWEB-0173             
1 48069U 21025AD  26239.20707473 -.00000159  00000+0 -47000-3 0  9999
2 48069  87.8958 306.0969 0001880  86.2004 273.9340 13.13468890263129
ONEWEB-0171             
1 48070U 21025AE  26239.47286104  .00000297  00000+0  77790-3 0  9993
2 48070  87.8952 306.0502 0002104  95.8610 264.2759 13.13470098262979
ONEWEB-0172             
1 48071U 21025AF  26239.60491282 -.00000235  00000+0 -67777-3 0  9992
2 48071  87.8959 306.0198 0001994  92.3334 267.8023 13.13469254263885
ONEWEB-0174             
1 48072U 21025AG  26239.58627331 -.00000134  00000+0 -40234-3 0  9993
2 48072  87.8964 306.0218 0001807  98.9877 261.1457 13.13470657263205
ONEWEB-0175             
1 48073U 21025AH  26239.61673918 -.00000229  00000+0 -66165-3 0  9996
2 48073  87.8960 306.0021 0002204  91.2838 268.8543 13.13470317262863
ONEWEB-0177             
1 48074U 21025AJ  26239.62859792  .00000225  00000+0  58041-3 0  9992
2 48074  87.8957 306.0156 0001686  95.1522 264.9800 13.13469619263053
ONEWEB-0178             
1 48075U 21025AK  26239.26648494  .00000193  00000+0  49332-3 0  9995
2 48075  87.8957 306.0943 0001995  90.0725 270.0633 13.13469058263059
ONEWEB-0108             
1 48076U 21025AL  26239.60660536 -.00000257  00000+0 -74006-3 0  9994
2 48076  87.8963 306.0137 0001967 104.9372 255.1975 13.13469857263021
ONEWEB-0169             
1 48077U 21025AM  26239.18169199  .00000415  00000+0  11009-2 0  9994
2 48077  87.8965 306.1034 0001867  99.1951 260.9390 13.13469459261625
ONEWEB-0176             
1 48210U 21031A   26239.50068691 -.00000048  00000+0 -16504-3 0  9991
2 48210  87.8916 275.4840 0002003  87.4388 272.6971 13.14616242257681
ONEWEB-0184             
1 48211U 21031B   26239.47468273  .00000323  00000+0  83823-3 0  9990
2 48211  87.8918 275.4932 0002460  82.7375 277.4034 13.14452983257657
ONEWEB-0179             
1 48212U 21031C   26239.53408924  .00004054  00000+0  37012-3 0  9999
2 48212  87.8945 269.5410 0351268  21.3664 340.1801 14.57780237259270
ONEWEB-0180             
1 48213U 21031D   26239.47797983  .00000214  00000+0  54216-3 0  9998
2 48213  87.8925 275.4918 0001828  82.9554 277.1784 13.14431486257585
ONEWEB-0218             
1 48214U 21031E   26239.49903002  .00000254  00000+0  64858-3 0  9999
2 48214  87.8923 275.4853 0002136  71.7105 288.4257 13.14628711257740
ONEWEB-0209             
1 48215U 21031F   26239.48849487  .00000153  00000+0  37786-3 0  9993
2 48215  87.8915 275.4991 0001760  88.0677 272.0654 13.14529450257742
ONEWEB-0198             
1 48216U 21031G   26239.54928639  .00000290  00000+0  74726-3 0  9995
2 48216  87.8902 275.4796 0001872  80.6864 279.4478 13.14464233257867
ONEWEB-0189             
1 48217U 21031H   26239.56131037  .00001055  00000+0  28076-2 0  9992
2 48217  87.8917 275.4710 0001853  85.5031 274.6311 13.14562805257608
ONEWEB-0196             
1 48218U 21031J   26239.54031569 -.00005388  00000+0 -14616-1 0  9999
2 48218  87.8908 275.4838 0001868  88.8828 271.2515 13.14320279257602
ONEWEB-0183             
1 48219U 21031K   26239.59000698 -.00000261  00000+0 -73899-3 0  9999
2 48219  87.8892 275.4699 0002069 110.3866 249.7486 13.14527958257708
ONEWEB-0185             
1 48220U 21031L   26239.54021204  .00000209  00000+0  52808-3 0  9999
2 48220  87.8911 275.4793 0001508  95.4288 264.7014 13.14502849257622
ONEWEB-0187             
1 48221U 21031M   26239.44420727 -.00000106  00000+0 -31929-3 0  9991
2 48221  87.8913 275.5091 0001797  90.1577 269.9758 13.14487602257621
ONEWEB-0192             
1 48222U 21031N   26239.49017010  .00000160  00000+0  39811-3 0  9990
2 48222  87.8912 275.4894 0001970  90.7290 269.4065 13.14519005257542
ONEWEB-0219             
1 48223U 21031P   26239.54584317  .00000223  00000+0  56749-3 0  9995
2 48223  87.8922 275.4767 0001683  91.3009 268.8314 13.14487930257753
ONEWEB-0202             
1 48224U 21031Q   26239.52706848 -.00000418  00000+0 -11624-2 0  9999
2 48224  87.8917 275.4895 0002237  77.1137 283.0242 13.14444164257739
ONEWEB-0204             
1 48225U 21031R   26239.48439024  .00000278  00000+0  71348-3 0  9996
2 48225  87.8919 275.4919 0001831 104.3826 255.7507 13.14558049257622
ONEWEB-0205             
1 48226U 21031S   26239.53697562  .00000072  00000+0  15961-3 0  9997
2 48226  87.8918 275.4797 0001815  89.1310 271.0027 13.14378051257649
ONEWEB-0206             
1 48227U 21031T   26239.50894192 -.00000161  00000+0 -46718-3 0  9998
2 48227  87.8919 275.4825 0002086  96.4005 263.7362 13.14562516257591
ONEWEB-0182             
1 48228U 21031U   26239.58009779 -.00000090  00000+0 -27726-3 0  9995
2 48228  87.8918 275.4741 0001882  98.9504 261.1839 13.14594796257813
ONEWEB-0186             
1 48229U 21031V   26239.51553550 -.00000192  00000+0 -55333-3 0  9998
2 48229  87.8922 275.4839 0001974  90.9648 269.1708 13.14519432257750
ONEWEB-0181             
1 48230U 21031W   26239.56956552  .00000063  00000+0  13525-3 0  9996
2 48230  87.8911 275.4904 0001780  86.6604 273.4730 13.14497595257615
ONEWEB-0188             
1 48231U 21031X   26239.53202193  .00000011  00000+0 -36454-5 0  9991
2 48231  87.8905 275.4976 0001890  93.7307 266.4039 13.14410178257514
ONEWEB-0220             
1 48232U 21031Y   26239.57070347  .00000079  00000+0  17844-3 0  9993
2 48232  87.8933 275.4744 0001580  90.0003 270.1308 13.14571420257786
ONEWEB-0165             
1 48233U 21031Z   26239.14316495 -.00000060  00000+0 -19526-3 0  9995
2 48233  87.8917 275.5676 0001958  82.0849 278.0503 13.14463829257688
ONEWEB-0199             
1 48234U 21031AA  26239.12671536 -.00000143  00000+0 -41925-3 0  9994
2 48234  87.8928 275.5604 0002155  96.9372 263.2003 13.14573194257584
ONEWEB-0203             
1 48235U 21031AB  26239.04070066 -.00000029  00000+0 -11316-3 0  9991
2 48235  87.8920 275.5789 0002235  92.5524 267.5862 13.14632116257581
ONEWEB-0197             
1 48236U 21031AC  26239.54900913  .00000285  00000+0  73347-3 0  9994
2 48236  87.8910 275.4588 0001712 100.3294 259.8029 13.14468656257561
ONEWEB-0194             
1 48237U 21031AD  26239.52872149 -.00000051  00000+0 -17207-3 0  9998
2 48237  87.8912 275.4879 0002172  94.7874 265.3504 13.14432095257735
ONEWEB-0193             
1 48238U 21031AE  26239.54419531 -.00001915  00000+0 -52013-2 0  9996
2 48238  87.8924 275.4757 0002232  96.3804 263.7580 13.14509052257680
ONEWEB-0191             
1 48239U 21031AF  26239.55575176  .00000266  00000+0  68316-3 0  9996
2 48239  87.8921 275.4759 0001884  96.6898 263.4446 13.14421135257546
ONEWEB-0195             
1 48240U 21031AG  26239.53284733  .00000012  00000+0 -31609-5 0  9999
2 48240  87.8917 275.4803 0001967  83.6329 276.5025 13.14404618257523
ONEWEB-0201             
1 48241U 21031AH  26239.52062213 -.00000153  00000+0 -44747-3 0  9998
2 48241  87.8915 275.4943 0001609  97.5891 262.5422 13.14487681257750
ONEWEB-0207             
1 48242U 21031AJ  26239.49986050 -.00000024  00000+0 -10038-3 0  9992
2 48242  87.8923 275.4864 0001716 102.6324 257.4997 13.14620845257661
ONEWEB-0208             
1 48243U 21031AK  26239.55803333  .00000244  00000+0  62376-3 0  9996
2 48243  87.8916 275.4787 0001858  83.8473 276.2869 13.14573273257681
ONEWEB-0200             
1 48244U 21031AL  26239.44599377 -.00000302  00000+0 -84957-3 0  9991
2 48244  87.8925 275.4947 0001654  90.6653 269.4666 13.14475745257594
ONEWEB-0217             
1 48245U 21031AM  26239.53862597  .00000184  00000+0  46312-3 0  9998
2 48245  87.8920 275.4796 0001922  83.4480 276.6869 13.14368807257559
ONEWEB-0211             
1 48767U 21045A   26239.42154470 -.00000023  00000+0 -94595-4 0  9995
2 48767  87.8963 244.8643 0002312  72.2550 287.8833 13.16198551253813
ONEWEB-0223             
1 48768U 21045B   26239.45896538  .00000182  00000+0  45045-3 0  9996
2 48768  87.8964 244.9850 0002329  82.7890 277.3505 13.15550318253774
ONEWEB-0230             
1 48769U 21045C   26239.43044596 -.00000254  00000+0 -70750-3 0  9997
2 48769  87.8961 244.9992 0002008  94.2653 265.8707 13.15547954254036
ONEWEB-0237             
1 48770U 21045D   26239.41938123 -.00000077  00000+0 -23774-3 0  9992
2 48770  87.8954 245.0012 0001831  80.6377 279.4961 13.15547922253756
ONEWEB-0235             
1 48771U 21045E   26239.47008704  .00000159  00000+0  38883-3 0  9998
2 48771  87.8960 244.9839 0002339  83.4999 276.6397 13.15548195253759
ONEWEB-0242             
1 48772U 21045F   26239.46372925  .00000195  00000+0  48338-3 0  9993
2 48772  87.8966 244.9830 0002204  90.5251 269.6132 13.15547400253799
ONEWEB-0241             
1 48773U 21045G   26239.45105247  .00000071  00000+0  15580-3 0  9990
2 48773  87.8957 244.9960 0002206  82.5494 277.5886 13.15547885253708
ONEWEB-0243             
1 48774U 21045H   26239.48275521  .00000138  00000+0  33171-3 0  9997
2 48774  87.8953 245.0025 0002521  91.0516 269.0903 13.15548859253730
ONEWEB-0222             
1 48775U 21045J   26239.46612598  .00000189  00000+0  46869-3 0  9999
2 48775  87.8963 244.9790 0002165  85.8499 274.2879 13.15548208253776
ONEWEB-0244             
1 48776U 21045K   26239.49224736 -.00000032  00000+0 -11784-3 0  9993
2 48776  87.8970 244.9726 0002163  88.0439 272.0939 13.15549797254342
ONEWEB-0247             
1 48777U 21045L   26239.48909697  .00000015  00000+0  62125-5 0  9995
2 48777  87.8954 244.9953 0002818  86.2503 273.8950 13.15549804253784
ONEWEB-0245             
1 48778U 21045M   26239.48432690  .00000038  00000+0  66923-4 0  9994
2 48778  87.8961 244.9821 0002017  84.4151 275.7209 13.15546863253754
ONEWEB-0229             
1 48779U 21045N   26239.47957550  .00000195  00000+0  48481-3 0  9993
2 48779  87.8963 244.9811 0002134  92.2675 267.8700 13.15550255253785
ONEWEB-0228             
1 48780U 21045P   26239.43694508 -.00000082  00000+0 -25318-3 0  9993
2 48780  87.8976 244.9858 0002139  88.5629 271.5746 13.15549485253699
ONEWEB-0232             
1 48781U 21045Q   26239.48749997  .00000019  00000+0  15788-4 0  9991
2 48781  87.8965 244.9754 0001940  88.2993 271.8360 13.15550043254028
ONEWEB-0231             
1 48782U 21045R   26239.46532841  .00000209  00000+0  52151-3 0  9993
2 48782  87.8959 244.9885 0002188  84.3505 275.7875 13.15549358253714
ONEWEB-0234             
1 48783U 21045S   26239.42714772 -.00000062  00000+0 -19967-3 0  9992
2 48783  87.8973 244.9817 0001378  71.0127 289.1153 13.15549752253849
ONEWEB-0238             
1 48784U 21045T   26239.42743578 -.00000070  00000+0 -22091-3 0  9990
2 48784  87.8971 244.9780 0001700  82.7649 277.3674 13.15549188253743
ONEWEB-0240             
1 48785U 21045U   26239.44868808  .00000057  00000+0  11755-3 0  9995
2 48785  87.8966 244.9821 0002133  81.0678 279.0693 13.15548454253777
ONEWEB-0246             
1 48786U 21045V   26239.44313213 -.00000023  00000+0 -95154-4 0  9992
2 48786  87.8964 244.9861 0002125  90.1507 269.9867 13.15549882253646
ONEWEB-0210             
1 48787U 21045W   26239.49383243 -.00000033  00000+0 -12261-3 0  9996
2 48787  87.8960 244.9748 0002873  89.1995 270.9464 13.15549875253698
ONEWEB-0214             
1 48788U 21045X   26239.42649338 -.00000082  00000+0 -25089-3 0  9996
2 48788  87.8972 244.9841 0002261  97.2275 262.9113 13.15550344253659
ONEWEB-0221             
1 48789U 21045Y   26239.43362133  .00003458  00000+0  91498-2 0  9997
2 48789  87.8949 244.9902 0002206  87.0104 273.1279 13.15532532253745
ONEWEB-0213             
1 48790U 21045Z   26239.42253484 -.00000059  00000+0 -19166-3 0  9995
2 48790  87.8965 244.9957 0002308  87.1293 273.0101 13.15547734253808
ONEWEB-0212             
1 48791U 21045AA  26239.47563220  .00000188  00000+0  46598-3 0  9993
2 48791  87.8964 244.9797 0001992  90.5113 269.6245 13.15549129253807
ONEWEB-0227             
1 48792U 21045AB  26239.47484215  .00000280  00000+0  70849-3 0  9999
2 48792  87.8959 244.9792 0002055  87.1508 272.9858 13.15549046253757
ONEWEB-0226             
1 48793U 21045AC  26239.46848743  .00000198  00000+0  49108-3 0  9991
2 48793  87.8964 244.9850 0002281  90.9923 269.1469 13.15547497253724
ONEWEB-0224             
1 48794U 21045AD  26239.43203943 -.00000126  00000+0 -36879-3 0  9990
2 48794  87.8953 245.0211 0001929  63.2693 296.8634 13.15547454253646
ONEWEB-0233             
1 48795U 21045AE  26239.43665980 -.00000085  00000+0 -25993-3 0  9993
2 48795  87.8956 245.0271 0002240  83.3356 276.8029 13.15549286253665
ONEWEB-0190             
1 48796U 21045AF  26239.42411897 -.00000055  00000+0 -18015-3 0  9993
2 48796  87.8962 244.9967 0002653  82.8646 277.2786 13.15548141253739
ONEWEB-0236             
1 48797U 21045AG  26239.44153529 -.00000007  00000+0 -53876-4 0  9993
2 48797  87.8957 244.9976 0001940  88.3934 271.7418 13.15547097253621
ONEWEB-0248             
1 48798U 21045AH  26239.45423894  .00000090  00000+0  20504-3 0  9991
2 48798  87.8963 244.9861 0002259  79.0050 281.1334 13.15548607253789
ONEWEB-0225             
1 48799U 21045AJ  26239.47640534  .00000252  00000+0  63484-3 0  9990
2 48799  87.8963 244.9877 0002544  84.9941 275.1480 13.15550159253799
ONEWEB-0215             
1 48800U 21045AK  26239.44631267  .00000033  00000+0  53431-4 0  9992
2 48800  87.8965 244.9793 0002589  79.4623 280.6799 13.15548183253660
ONEWEB-0216             
1 48801U 21045AL  26239.45580691  .00000175  00000+0  43071-3 0  9993
2 48801  87.8961 244.9896 0002012  90.7301 269.4060 13.15550326253670
ONEWEB-0239             
1 48802U 21045AM  26239.46057318  .00000173  00000+0  42618-3 0  9994
2 48802  87.8964 244.9924 0002549  73.1320 287.0090 13.15549544253711
ONEWEB-0249             
1 48967U 21060A   26239.49003286  .00000021  00000+0  21365-4 0  9990
2 48967  87.9113 214.6149 0002119  80.8116 279.3254 13.16596007248991
ONEWEB-0250             
1 48968U 21060B   26239.62446925 -.00000029  00000+0 -97002-4 0  9998
2 48968  87.9116 212.1130 0001652  55.1356 304.9935 13.25836887249681
ONEWEB-0252             
1 48970U 21060D   26239.44490257  .00000059  00000+0  12078-3 0  9998
2 48970  87.9107 214.6164 0002227  92.9084 267.2302 13.16593032249034
ONEWEB-0253             
1 48971U 21060E   26239.43383381  .00000017  00000+0  10731-4 0  9996
2 48971  87.9108 214.6238 0002044  80.2798 279.8563 13.16594080248960
ONEWEB-0254             
1 48972U 21060F   26239.44331873  .00000055  00000+0  11127-3 0  9998
2 48972  87.9109 214.6200 0002237  75.9980 284.1400 13.16593207248968
ONEWEB-0255             
1 48973U 21060G   26239.48131458  .00000002  00000+0 -28358-4 0  9998
2 48973  87.9111 214.6180 0002204  79.9984 280.1395 13.16593297249049
ONEWEB-0256             
1 48974U 21060H   26239.65943712 -.00000101  00000+0 -29828-3 0  9995
2 48974  87.9105 214.5844 0002138  87.9557 272.1819 13.16592990249030
ONEWEB-0257             
1 48975U 21060J   26239.46389764  .00000108  00000+0  25020-3 0  9991
2 48975  87.9113 214.6127 0002208  84.6131 275.5251 13.16596043248966
ONEWEB-0258             
1 48976U 21060K   26239.46551382 -.00000963  00000+0 -25531-2 0  9996
2 48976  87.9130 214.6229 0002196  87.0974 273.0408 13.16584007248972
ONEWEB-0259             
1 48977U 21060L   26239.45914279  .00000072  00000+0  15525-3 0  9996
2 48977  87.9115 214.6244 0002083  81.3839 278.7528 13.16596298249000
ONEWEB-0260             
1 48978U 21060M   26239.45045344  .00000065  00000+0  13721-3 0  9993
2 48978  87.9107 214.6249 0002248  94.2689 265.8698 13.16594582248981
ONEWEB-0261             
1 48979U 21060N   26239.42036755 -.00000093  00000+0 -27615-3 0  9997
2 48979  87.9104 214.6339 0002463  82.5364 277.6047 13.16596191249032
ONEWEB-0262             
1 48980U 21060P   26239.47656373  .00000054  00000+0  10840-3 0  9995
2 48980  87.9112 214.6096 0002100  75.3518 284.7845 13.16593449249007
ONEWEB-0263             
1 48981U 21060Q   26239.66022095 -.00000358  00000+0 -97097-3 0  9993
2 48981  87.9104 214.5862 0002320  79.7448 280.3944 13.16595318248999
ONEWEB-0264             
1 48982U 21060R   26239.46943554  .00000027  00000+0  37111-4 0  9997
2 48982  87.9107 214.6220 0002279  85.6348 274.5043 13.16596817248978
ONEWEB-0266             
1 48984U 21060T   26239.64281683 -.00000001  00000+0 -35698-4 0  9999
2 48984  87.9115 214.5821 0001999  83.8634 276.2725 13.16594842248984
ONEWEB-0267             
1 48985U 21060U   26239.42589589 -.00000233  00000+0 -64439-3 0  9993
2 48985  87.9108 214.6222 0002259  83.2735 276.8653 13.16594087248964
ONEWEB-0268             
1 48986U 21060V   26239.47023133  .00000086  00000+0  19128-3 0  9996
2 48986  87.9110 214.6219 0002028  87.5822 272.5541 13.16593273249238
ONEWEB-0269             
1 48987U 21060W   26239.45125207  .00000055  00000+0  11075-3 0  9999
2 48987  87.9105 214.6241 0001840  89.9059 270.2283 13.16594037249009
ONEWEB-0270             
1 48988U 21060X   26239.46866584  .00000088  00000+0  19571-3 0  9996
2 48988  87.9101 214.6234 0002300  75.9843 284.1543 13.16595660249046
ONEWEB-0271             
1 48989U 21060Y   26239.45597780 -.00000030  00000+0 -11174-3 0  9995
2 48989  87.9090 214.6181 0001689 130.0062 230.1217 13.16593081249044
ONEWEB-0272             
1 48990U 21060Z   26239.47815326  .00000054  00000+0  10835-3 0  9995
2 48990  87.9116 214.6180 0002184  94.2195 265.9186 13.16596660248993
ONEWEB-0273             
1 48991U 21060AA  26239.65231377 -.00000096  00000+0 -28513-3 0  9994
2 48991  87.9111 214.5858 0002206  80.0864 280.0516 13.16592836248997
ONEWEB-0274             
1 48992U 21060AB  26239.44966222  .00000111  00000+0  25797-3 0  9993
2 48992  87.9103 214.6250 0002244  91.0484 269.0904 13.16593862249009
ONEWEB-0275             
1 48993U 21060AC  26239.43859081  .00000024  00000+0  29089-4 0  9999
2 48993  87.9105 214.6239 0002407 105.0482 255.0915 13.16594693248935
ONEWEB-0276             
1 48994U 21060AD  26239.47181213 -.00000023  00000+0 -94629-4 0  9992
2 48994  87.9117 214.6149 0002159  89.4871 270.6507 13.16596121248950
ONEWEB-0277             
1 48995U 21060AE  26239.63649303  .00000038  00000+0  66208-4 0  9996
2 48995  87.9106 214.5877 0002195  81.1781 278.9598 13.16595555248967
ONEWEB-0278             
1 48996U 21060AF  26239.47497571  .00000146  00000+0  34842-3 0  9995
2 48996  87.9111 214.6140 0001855  81.0239 279.1102 13.16596571249073
ONEWEB-0279             
1 48997U 21060AG  26239.40689800  .00000020  00000+0  17648-4 0  9994
2 48997  87.9112 214.6262 0002334  84.0872 276.0525 13.16596418248994
ONEWEB-0280             
1 48998U 21060AH  26239.42196012 -.00000055  00000+0 -17667-3 0  9995
2 48998  87.9113 214.6267 0002056  74.7173 285.4185 13.16593952248932
ONEWEB-0281             
1 48999U 21060AJ  26239.65548480 -.00000055  00000+0 -17737-3 0  9999
2 48999  87.9112 214.5771 0002073  88.1486 271.9883 13.16595855249037
ONEWEB-0282             
1 49000U 21060AK  26239.45758691  .00000081  00000+0  17726-3 0  9993
2 49000  87.9108 214.6226 0002146  80.6031 279.5342 13.16593949248985
ONEWEB-0283             
1 49001U 21060AL  26239.37048683  .00000045  00000+0  84066-4 0  9990
2 49001  87.9106 214.6392 0002262  83.7989 276.3400 13.16596067248987
ONEWEB-0284             
1 49002U 21060AM  26239.44014332 -.00000049  00000+0 -16055-3 0  9991
2 49002  87.9109 214.6200 0001904  76.0253 284.1089 13.16595492248970
ONEWEB-0285             
1 49075U 21075A   26239.64698262  .00000442  00000+0  11919-2 0  9997
2 49075  87.9004 336.4733 0001725 106.6937 253.4381 13.12442966244588
ONEWEB-0286             
1 49076U 21075B   26239.70527846  .00000135  00000+0  33873-3 0  9997
2 49076  87.8993 336.4716 0001778 106.4345 253.6979 13.12445099243949
ONEWEB-0287             
1 49077U 21075C   26239.31884583  .00000072  00000+0  15325-3 0  9991
2 49077  87.9202 351.7317 0001583 110.2621 249.8681 13.17648424242998
ONEWEB-0288             
1 49078U 21075D   26239.68168748 -.00000444  00000+0 -12705-2 0  9993
2 49078  87.9002 336.4588 0001642 101.7196 258.4116 13.12443807244562
ONEWEB-0289             
1 49079U 21075E   26239.35766500  .00000035  00000+0  56530-4 0  9998
2 49079  87.9189 351.7424 0001789  86.9321 273.2015 13.17649463243578
ONEWEB-0290             
1 49080U 21075F   26239.63440794 -.00000088  00000+0 -26047-3 0  9994
2 49080  87.9207 351.6640 0001765  81.6559 278.4772 13.17648914243026
ONEWEB-0291             
1 49081U 21075G   26239.69515584  .00000005  00000+0 -21005-4 0  9999
2 49081  87.9201 351.6545 0001488  97.8534 262.2766 13.17648152243027
ONEWEB-0293             
1 49082U 21075H   26239.34079073 -.00000028  00000+0 -10432-3 0  9997
2 49082  87.9199 351.7275 0001703  94.0244 266.1082 13.17649486243005
ONEWEB-0294             
1 49083U 21075J   26239.68848154 -.00000358  00000+0 -10311-2 0  9990
2 49083  87.9005 336.4624 0001780  89.3042 270.8291 13.12443099243953
ONEWEB-0295             
1 49084U 21075K   26239.33994666  .00000001  00000+0 -30148-4 0  9999
2 49084  87.9202 351.7317 0001525 102.3086 257.8217 13.17649697242963
ONEWEB-0296             
1 49085U 21075L   26239.28695875 -.00000150  00000+0 -45343-3 0  9992
2 49085  87.8996 336.5481 0001622 101.6059 258.5252 13.12440880243906
ONEWEB-0297             
1 49086U 21075M   26239.69863904 -.00000116  00000+0 -35808-3 0  9995
2 49086  87.8993 336.4711 0001796 101.7348 258.3982 13.12443041244566
ONEWEB-0298             
1 49087U 21075N   26239.34430376  .00000048  00000+0  91149-4 0  9994
2 49087  87.9198 351.7288 0001859 102.6112 257.5227 13.17648266242992
ONEWEB-0299             
1 49088U 21075P   26239.64959293 -.00000003  00000+0 -40731-4 0  9996
2 49088  87.9209 351.6549 0001714 103.3074 256.8248 13.17649507243018
ONEWEB-0300             
1 49089U 21075Q   26239.69101722 -.00000411  00000+0 -11789-2 0  9990
2 49089  87.9010 336.4607 0002104 109.3648 250.7708 13.12442486244581
ONEWEB-0301             
1 49090U 21075R   26239.67493019 -.00000354  00000+0 -10208-2 0  9994
2 49090  87.9011 336.4608 0002195 107.4411 252.6958 13.12441334243940
ONEWEB-0302             
1 49091U 21075S   26239.66136287  .00000108  00000+0  26527-3 0  9992
2 49091  87.9000 336.4730 0001663  91.2451 268.8868 13.12440393243929
ONEWEB-0304             
1 49092U 21075T   26239.62429226  .00000043  00000+0  78890-4 0  9996
2 49092  87.9197 351.6754 0001688 102.8665 257.2655 13.17648740242987
ONEWEB-0305             
1 49093U 21075U   26239.54160233  .00000062  00000+0  12622-3 0  9999
2 49093  87.9209 351.6829 0001505 109.0732 251.0563 13.17649664243007
ONEWEB-0308             
1 49094U 21075V   26239.27340494  .00000354  00000+0  94814-3 0  9996
2 49094  87.9020 336.5466 0001866  96.4011 263.7330 13.12440531243882
ONEWEB-0309             
1 49095U 21075W   26239.39309442 -.00000009  00000+0 -56954-4 0  9991
2 49095  87.9201 351.7145 0001623  85.7297 274.4020 13.17649659242954
ONEWEB-0310             
1 49096U 21075X   26239.66985198 -.00000172  00000+0 -51278-3 0  9994
2 49096  87.9001 336.4819 0001877  98.0812 262.0530 13.12441836244562
ONEWEB-0311             
1 49097U 21075Y   26239.32388818  .00000066  00000+0  13768-3 0  9996
2 49097  87.9199 351.7279 0001621 113.1488 246.9814 13.17642744242993
ONEWEB-0312             
1 49098U 21075Z   26239.64283149  .00000008  00000+0 -12028-4 0  9999
2 49098  87.9202 351.6755 0001577 101.1630 258.9679 13.17650363243015
ONEWEB-0313             
1 49099U 21075AA  26239.34403550 -.00000005  00000+0 -45083-4 0  9992
2 49099  87.9196 351.7384 0001727 102.2997 257.8328 13.17648748242968
ONEWEB-0314             
1 49100U 21075AB  26239.61416672 -.00000005  00000+0 -46053-4 0  9992
2 49100  87.9206 351.6652 0001511 103.1170 257.0130 13.17648430242976
ONEWEB-0315             
1 49101U 21075AC  26239.33778831  .00000548  00000+0  14888-2 0  9999
2 49101  87.9003 336.5175 0001816 112.2613 247.8708 13.12442074244505
ONEWEB-0316             
1 49102U 21075AD  26239.63461786  .00000035  00000+0  55693-4 0  9993
2 49102  87.9198 321.2612 0001976  96.9192 263.2165 13.18684745246628
ONEWEB-0317             
1 49103U 21075AE  26239.34119257  .00000384  00000+0  10325-2 0  9993
2 49103  87.8998 336.5380 0002038  83.4171 276.7189 13.12441690244521
ONEWEB-0318             
1 49104U 21075AF  26239.63111782 -.00000020  00000+0 -83806-4 0  9996
2 49104  87.9198 321.2642 0001864 104.4495 255.6844 13.18685431246587
ONEWEB-0319             
1 49105U 21075AG  26239.40154161  .00000071  00000+0  15054-3 0  9993
2 49105  87.9199 351.7174 0001831 115.9843 244.1478 13.17650298242983
ONEWEB-0323             
1 49106U 21075AH  26239.70372389  .00000060  00000+0  13030-3 0  9991
2 49106  87.9005 336.4503 0001676 116.8290 243.3010 13.12443224243932
ONEWEB-0329             
1 49107U 21075AJ  26239.63778807 -.00000018  00000+0 -80774-4 0  9994
2 49107  87.9191 351.6712 0001583  98.5948 261.5363 13.17648219242997
ONEWEB-0330             
1 49108U 21075AK  26239.64129022 -.00000047  00000+0 -15399-3 0  9997
2 49108  87.9205 351.6841 0001717  99.1463 260.9863 13.17650299243030
ONEWEB-0292             
1 49186U 21083A   26239.62013652  .00000043  00000+0  82463-4 0  9992
2 49186  87.8947 306.0280 0001948 102.5931 257.5416 13.13469149240305
ONEWEB-0303             
1 49187U 21083B   26239.70361301  .00000039  00000+0  67154-4 0  9994
2 49187  87.9200 321.2484 0001861 104.1949 255.9390 13.18687452239401
ONEWEB-0306             
1 49188U 21083C   26239.69349681 -.00000014  00000+0 -69181-4 0  9997
2 49188  87.9204 321.2405 0001966  91.9451 268.1907 13.18686890239445
ONEWEB-0307             
1 49189U 21083D   26239.61421544 -.00000079  00000+0 -25039-3 0  9993
2 49189  87.8949 306.0270 0001852 100.2472 259.8865 13.13471335240301
ONEWEB-0320             
1 49190U 21083E   26239.63786078 -.00000006  00000+0 -48799-4 0  9992
2 49190  87.9192 321.2627 0001976  98.1138 262.0218 13.18686058239390
ONEWEB-0321             
1 49191U 21083F   26239.48818462  .00000066  00000+0  13020-3 0  9991
2 49191  87.9138 260.2162 0002190  88.8869 271.2515 13.20771808246248
ONEWEB-0322             
1 49192U 21083G   26239.60997819 -.00000176  00000+0 -51785-3 0  9994
2 49192  87.8955 306.0278 0002358  91.7396 268.4003 13.13469175240298
ONEWEB-0324             
1 49193U 21083H   26239.61088164  .00000009  00000+0 -95926-5 0  9991
2 49193  87.9201 321.2626 0001809  96.5812 263.5526 13.18685412239413
ONEWEB-0325             
1 49194U 21083J   26239.61425602  .00000028  00000+0  38568-4 0  9992
2 49194  87.9195 321.2633 0002028 101.7358 258.4002 13.18686921239421
ONEWEB-0326             
1 49195U 21083K   26239.62956829 -.00000020  00000+0 -83660-4 0  9991
2 49195  87.9207 321.2649 0001900 105.4752 254.6590 13.18685426239418
ONEWEB-0327             
1 49196U 21083L   26239.47754279  .00000048  00000+0  90115-4 0  9991
2 49196  87.9194 321.2930 0002162 109.9973 250.1392 13.18685550239411
ONEWEB-0328             
1 49197U 21083M   26239.59981010 -.00000301  00000+0 -85858-3 0  9991
2 49197  87.8966 306.0102 0001870  96.1297 264.0045 13.13468324240279
ONEWEB-0331             
1 49198U 21083N   26239.62268544  .00000113  00000+0  25320-3 0  9993
2 49198  87.9208 321.2610 0001698 106.5830 253.5489 13.18685888239421
ONEWEB-0333             
1 49199U 21083P   26239.59473762 -.00000252  00000+0 -72554-3 0  9997
2 49199  87.8950 306.0303 0001995 100.2167 259.9187 13.13466498240289
ONEWEB-0334             
1 49200U 21083Q   26239.50249546  .00000016  00000+0  71879-5 0  9999
2 49200  87.9137 260.2235 0002612  81.4379 278.7050 13.20770231246204
ONEWEB-0335             
1 49201U 21083R   26239.58967345 -.00000167  00000+0 -49144-3 0  9999
2 49201  87.8955 306.0290 0001864 102.1718 257.9620 13.13470321240292
ONEWEB-0336             
1 49202U 21083S   26239.63707552  .00000318  00000+0  83710-3 0  9991
2 49202  87.8970 306.0157 0001673 100.5385 259.5933 13.13470871240297
ONEWEB-0337             
1 49203U 21083T   26239.26619524  .00000176  00000+0  44641-3 0  9994
2 49203  87.8953 306.0933 0001735  98.8304 261.3021 13.13467795240245
ONEWEB-0338             
1 49204U 21083U   26239.47976025  .00000076  00000+0  15536-3 0  9990
2 49204  87.9139 260.2301 0002309  89.0976 271.0422 13.20770237246221
ONEWEB-0339             
1 49205U 21083V   26239.65570235  .00000061  00000+0  13232-3 0  9999
2 49205  87.8954 306.0096 0002080  96.1564 263.9802 13.13471460240273
ONEWEB-0340             
1 49206U 21083W   26239.45743836  .00000039  00000+0  66988-4 0  9999
2 49206  87.9199 321.2977 0001818 102.6690 257.4645 13.18686655239364
ONEWEB-0341             
1 49207U 21083X   26239.61593885  .00000019  00000+0  14741-4 0  9993
2 49207  87.9198 321.2660 0001500  92.9936 267.1368 13.18686671239408
ONEWEB-0342             
1 49208U 21083Y   26239.48650297  .00000051  00000+0  94310-4 0  9996
2 49208  87.9138 260.2186 0002061  90.2506 269.8863 13.20771405246191
ONEWEB-0343             
1 49209U 21083Z   26239.62437279  .00000012  00000+0 -19953-5 0  9995
2 49209  87.9203 321.2639 0002089  87.2433 272.8938 13.18686032239457
ONEWEB-0344             
1 49210U 21083AA  26239.65059944  .00000129  00000+0  31806-3 0  9996
2 49210  87.8955 306.0230 0001545  93.3853 266.7453 13.13470329240271
ONEWEB-0345             
1 49211U 21083AB  26239.48978757  .00000340  00000+0  89578-3 0  9994
2 49211  87.8962 306.0434 0001683  92.3608 267.7714 13.13468059240263
ONEWEB-0346             
1 49212U 21083AC  26239.46924084  .00000052  00000+0  99433-4 0  9999
2 49212  87.9204 321.2928 0001843 118.4285 241.7033 13.18686704239370
ONEWEB-0348             
1 49213U 21083AD  26239.47639714  .00000138  00000+0  30793-3 0  9992
2 49213  87.9139 260.2260 0001540 100.6453 259.4854 13.20770862246224
ONEWEB-0350             
1 49214U 21083AE  26239.58472839 -.00000034  00000+0 -12879-3 0  9990
2 49214  87.8959 306.0275 0002998 101.2965 258.8502 13.13468386240305
ONEWEB-0351             
1 49215U 21083AF  26239.46951769  .00000034  00000+0  52841-4 0  9994
2 49215  87.9141 260.2265 0002127  75.0981 285.0388 13.20773064246186
ONEWEB-0352             
1 49216U 21083AG  26239.63197961  .00000395  00000+0  10472-2 0  9992
2 49216  87.8955 306.0218 0002104  87.4087 272.7283 13.13471576240406
ONEWEB-0354             
1 49217U 21083AH  26239.49658479  .00000032  00000+0  47096-4 0  9995
2 49217  87.9134 260.2186 0001413  91.5520 268.5775 13.20769972246225
ONEWEB-0355             
1 49218U 21083AJ  26239.58543483 -.00000099  00000+0 -30465-3 0  9990
2 49218  87.8959 306.0313 0001899  91.3847 268.7500 13.13470223240276
ONEWEB-0357             
1 49219U 21083AK  26239.49323722  .00000077  00000+0  15829-3 0  9994
2 49219  87.9135 260.2136 0001866  83.5030 276.6315 13.20773034246226
ONEWEB-0332             
1 49279U 21090A   26239.54141454  .00000179  00000+0  44904-3 0  9993
2 49279  87.8912 275.4849 0002161  93.1301 267.0076 13.14432226236955
ONEWEB-0347             
1 49280U 21090B   26239.48311926  .00000056  00000+0  10484-3 0  9991
2 49280  87.9139 260.2231 0002258  91.7587 268.3805 13.20772977240454
ONEWEB-0349             
1 49281U 21090C   26239.43936846  .00000008  00000+0 -12392-4 0  9990
2 49281  87.9137 260.2329 0001951  91.7888 268.3469 13.20768849239237
ONEWEB-0353             
1 49282U 21090D   26239.53367010 -.00000299  00000+0 -84124-3 0  9997
2 49282  87.8915 275.4837 0002225  94.5947 265.5437 13.14401317236952
ONEWEB-0356             
1 49283U 21090E   26239.51343715 -.00000047  00000+0 -14845-3 0  9996
2 49283  87.9126 260.2113 0002206 111.6956 248.4413 13.20770985239243
ONEWEB-0358             
1 49284U 21090F   26239.47386097  .00000102  00000+0  21829-3 0  9992
2 49284  87.9139 260.2274 0001919  95.5506 264.5846 13.20772755239962
ONEWEB-0359             
1 49285U 21090G   26239.46461002  .00000084  00000+0  17532-3 0  9997
2 49285  87.9138 260.2209 0001814  96.3994 263.7346 13.20773785239942
ONEWEB-0360             
1 49286U 21090H   26239.45451852  .00000038  00000+0  62163-4 0  9999
2 49286  87.9137 260.2294 0001936  89.6465 270.4890 13.20771298239259
ONEWEB-0361             
1 49287U 21090J   26239.51175424  .00000050  00000+0  90197-4 0  9997
2 49287  87.9134 260.2164 0001873  93.8202 266.3145 13.20772241239716
ONEWEB-0362             
1 49288U 21090K   26239.59665697  .00000003  00000+0 -24348-4 0  9996
2 49288  87.9140 290.7571 0001930  87.4518 272.6836 13.19725377236335
ONEWEB-0363             
1 49289U 21090L   26239.45114076  .00000071  00000+0  14258-3 0  9994
2 49289  87.9137 260.2288 0002052 101.2703 258.8661 13.20770420239714
ONEWEB-0364             
1 49290U 21090M   26239.48985727  .00000060  00000+0  11459-3 0  9996
2 49290  87.9138 260.2281 0001987  91.0256 269.1105 13.20772671240850
ONEWEB-0365             
1 49291U 21090N   26239.37868670 -.00000067  00000+0 -19996-3 0  9995
2 49291  87.9147 290.7936 0001982  94.4719 265.6640 13.19726003235813
ONEWEB-0366             
1 49292U 21090P   26239.37812264  .00000054  00000+0  11118-3 0  9996
2 49292  87.8913 275.5161 0001972  95.7785 264.3569 13.14421762236918
ONEWEB-0367             
1 49293U 21090Q   26239.52605977  .00000015  00000+0  44057-5 0  9992
2 49293  87.9137 260.2157 0002045  87.8413 272.2955 13.20771475239248
ONEWEB-0368             
1 49294U 21090R   26239.42421784 -.00000158  00000+0 -42009-3 0  9997
2 49294  87.9134 260.2401 0002605  98.7531 261.3897 13.20769807240389
ONEWEB-0369             
1 49295U 21090S   26239.60139429 -.00000044  00000+0 -14163-3 0  9994
2 49295  87.9162 290.7549 0002338 106.1926 253.9464 13.19724120235835
ONEWEB-0370             
1 49296U 21090T   26239.45956546  .00000027  00000+0  34325-4 0  9997
2 49296  87.9136 260.2275 0001773  86.0802 274.0534 13.20770525239272
ONEWEB-0371             
1 49297U 21090U   26239.60928942  .00000057  00000+0  11046-3 0  9991
2 49297  87.9143 290.7469 0002126 101.7846 258.3525 13.19724543235874
ONEWEB-0372             
1 49298U 21090V   26239.44931836  .00000019  00000+0  15548-4 0  9990
2 49298  87.9138 260.2318 0002003  92.4390 267.6973 13.20773410239242
ONEWEB-0373             
1 49299U 21090W   26239.47471501  .00000100  00000+0  21358-3 0  9998
2 49299  87.9138 260.2262 0001917  93.8320 266.3033 13.20771870240436
ONEWEB-0374             
1 49300U 21090X   26239.51717179 -.00000179  00000+0 -51668-3 0  9995
2 49300  87.8921 275.4804 0002009 111.0439 249.0905 13.14505383236938
ONEWEB-0375             
1 49301U 21090Y   26239.46293027  .00000062  00000+0  12086-3 0  9991
2 49301  87.9139 260.2210 0001911 108.8370 251.2971 13.20771924239937
ONEWEB-0376             
1 49302U 21090Z   26239.60770774 -.00000032  00000+0 -11168-3 0  9996
2 49302  87.9150 290.7473 0002139  91.9974 268.1404 13.19726147235877
ONEWEB-0377             
1 49303U 21090AA  26239.44961036  .00000026  00000+0  32954-4 0  9990
2 49303  87.9137 260.2254 0001988 101.4739 258.6617 13.20771490239922
ONEWEB-0378             
1 49304U 21090AB  26239.46980088  .00000146  00000+0  32769-3 0  9997
2 49304  87.9138 260.2243 0002053  95.8897 264.2471 13.20770619239199
ONEWEB-0379             
1 49305U 21090AC  26239.13165685 -.00000220  00000+0 -62705-3 0  9998
2 49305  87.8916 275.5669 0002058  97.4759 262.6604 13.14540771236884
ONEWEB-0380             
1 49306U 21090AD  26239.37710023 -.00000052  00000+0 -16292-3 0  9990
2 49306  87.9142 290.7944 0001837  99.1503 260.9838 13.19724682235814
ONEWEB-0381             
1 49307U 21090AE  26239.52185170  .00000036  00000+0  57425-4 0  9991
2 49307  87.9133 260.2166 0001841  97.7139 262.4204 13.20771866239240
ONEWEB-0382             
1 49308U 21090AF  26239.50839238  .00000006  00000+0 -18163-4 0  9995
2 49308  87.9136 260.2127 0001976 101.1255 259.0100 13.20771813239237
ONEWEB-0383             
1 49309U 21090AG  26239.50560742 -.00000104  00000+0 -31576-3 0  9999
2 49309  87.8920 275.4851 0002072  99.0030 261.1335 13.14581584236962
ONEWEB-0384             
1 49310U 21090AH  26239.49467750  .00000025  00000+0  28706-4 0  9996
2 49310  87.9137 260.2586 0002206 105.1082 255.0296 13.20817771239246
ONEWEB-0385             
1 49311U 21090AJ  26239.50163809  .00000069  00000+0  13842-3 0  9999
2 49311  87.9132 260.2192 0001969  97.2287 262.9070 13.20772512239215
ONEWEB-0386             
1 49312U 21090AK  26239.44273752 -.00000092  00000+0 -25860-3 0  9993
2 49312  87.9140 260.2241 0002044  98.8982 261.2383 13.20770663239229
ONEWEB-0387             
1 49313U 21090AL  26239.50333257  .00000025  00000+0  30627-4 0  9990
2 49313  87.9138 260.2270 0001731 100.6880 259.4448 13.20770979239232
ONEWEB-0388             
1 49314U 21090AM  26239.37235936 -.00000066  00000+0 -19834-3 0  9994
2 49314  87.9145 290.7932 0002013  99.0218 261.1143 13.19726031235803
ONEWEB-0389             
1 50469U 21132A   26239.65464160 -.00004269  00000+0 -11030-1 0  9995
2 50469  87.9194 351.6659 0001486 113.9187 246.2100 13.17669893227490
ONEWEB-0390             
1 50470U 21132B   26239.35260215  .00000005  00000+0 -20767-4 0  9992
2 50470  87.9199 351.7291 0001661  94.7594 265.3728 13.17649526227458
ONEWEB-0391             
1 50471U 21132C   26239.35429559  .00000009  00000+0 -90018-5 0  9992
2 50471  87.9202 351.7386 0001280 121.8255 238.3001 13.17649392227457
ONEWEB-0392             
1 50472U 21132D   26239.61247167  .00000077  00000+0  16554-3 0  9990
2 50472  87.9205 351.6606 0001709 112.3802 247.7510 13.17649827227524
ONEWEB-0393             
1 50473U 21132E   26239.36020142  .00000016  00000+0  89434-5 0  9997
2 50473  87.9198 351.7221 0001770 104.6204 255.5124 13.17648457227489
ONEWEB-0394             
1 50474U 21132F   26239.64966547  .00000052  00000+0  99866-4 0  9996
2 50474  87.9200 321.2463 0002039 103.9777 256.1582 13.18685295231011
ONEWEB-0395             
1 50475U 21132G   26239.35208012  .00000496  00000+0  13651-2 0  9999
2 50475  87.8946   6.9081 0001614  92.9317 267.1995 13.11415678225041
ONEWEB-0396             
1 50476U 21132H   26239.49117111  .00000042  00000+0  74726-4 0  9993
2 50476  87.9195 321.2898 0001962 105.9750 254.1599 13.18684952231032
ONEWEB-0397             
1 50477U 21132J   26239.65809581  .00000044  00000+0  78917-4 0  9999
2 50477  87.9197 321.2571 0002063 104.8958 255.2402 13.18684998231039
ONEWEB-0398             
1 50478U 21132K   26239.39601247 -.00000294  00000+0 -86542-3 0  9991
2 50478  87.8959   6.8961 0001558  90.8022 269.3284 13.11418625224949
ONEWEB-0399             
1 50479U 21132L   26239.38245207 -.00000523  00000+0 -15110-2 0  9998
2 50479  87.8945   6.9063 0001705 115.0898 245.0407 13.11416832224939
ONEWEB-0400             
1 50480U 21132M   26239.25679282  .00000075  00000+0  15776-3 0  9999
2 50480  87.9202 321.3275 0001858  95.5888 264.5456 13.18685654230975
ONEWEB-0401             
1 50481U 21132N   26239.68169705  .00000523  00000+0  12931-2 0  9998
2 50481  87.9206 321.2413 0002121 100.4821 259.6550 13.18688682231032
ONEWEB-0402             
1 50482U 21132P   26239.64460985  .00000077  00000+0  16250-3 0  9992
2 50482  87.9197 321.2359 0002417 102.9228 257.2174 13.18686479231057
ONEWEB-0403             
1 50483U 21132Q   26239.21463707  .00000021  00000+0  21413-4 0  9998
2 50483  87.9202 321.3459 0001874 103.3429 256.7913 13.18685056230954
ONEWEB-0404             
1 50484U 21132R   26239.36379253  .00000098  00000+0  24195-3 0  9990
2 50484  87.8949   6.9081 0001578 107.1083 253.0218 13.11414126225029
ONEWEB-0405             
1 50485U 21132S   26239.68338888  .00000008  00000+0 -11623-4 0  9990
2 50485  87.9204 321.2399 0001724  88.6725 271.4605 13.18685734231415
ONEWEB-0406             
1 50486U 21132T   26239.29557375  .00000047  00000+0  87385-4 0  9992
2 50486  87.9199 321.3289 0001692 115.2611 244.8696 13.18684807230999
ONEWEB-0407             
1 50487U 21132U   26239.66821361  .00000006  00000+0 -18433-4 0  9997
2 50487  87.9202 321.2499 0002093  95.5270 264.6101 13.18686402230987
ONEWEB-0409             
1 50488U 21132V   26239.43839426  .00000124  00000+0  31453-3 0  9990
2 50488  87.8947   6.8834 0001558 104.1535 255.9766 13.11413588224921
ONEWEB-0412             
1 50489U 21132W   26239.65640878  .00000061  00000+0  12112-3 0  9997
2 50489  87.9196 321.2574 0002250 102.6105 257.5279 13.18685419231072
ONEWEB-0413             
1 50490U 21132X   26239.66146100  .00000047  00000+0  87287-4 0  9999
2 50490  87.9202 321.2539 0002270  97.5426 262.5964 13.18686406231011
ONEWEB-0414             
1 50491U 21132Y   26239.64629109  .00000053  00000+0  10069-3 0  9993
2 50491  87.9201 321.2429 0002083 103.9782 256.1582 13.18685355231048
ONEWEB-0417             
1 50492U 21132Z   26239.65472192  .00000095  00000+0  20715-3 0  9998
2 50492  87.9196 321.2555 0001740 104.0413 256.0913 13.18686930231029
ONEWEB-0418             
1 50493U 21132AA  26239.66470932  .00000042  00000+0  73211-4 0  9992
2 50493  87.9196 321.2558 0001613 107.4829 252.6479 13.18686259231089
ONEWEB-0419             
1 50494U 21132AB  26239.45671522 -.00000043  00000+0 -14290-3 0  9992
2 50494  87.9202 321.2999 0001828 102.2902 257.8435 13.18668109230970
ONEWEB-0420             
1 50495U 21132AC  26239.64798609  .00000100  00000+0  22127-3 0  9990
2 50495  87.9192 321.2582 0002065  94.6010 265.5358 13.18686275230991
ONEWEB-0421             
1 50496U 21132AD  26239.64123844 -.00000029  00000+0 -10722-3 0  9994
2 50496  87.9193 321.2587 0002276 107.7305 252.4076 13.18685093231030
ONEWEB-0424             
1 50497U 21132AE  26239.67832434  .00000002  00000+0 -27686-4 0  9998
2 50497  87.9199 321.2528 0001673  93.9287 266.2037 13.18685064231068
ONEWEB-0426             
1 50498U 21132AF  26239.63699961  .00000043  00000+0  75575-4 0  9995
2 50498  87.9200 321.2526 0001952 120.8053 239.3272 13.18688004231004
ONEWEB-0427             
1 50499U 21132AG  26239.67663946 -.00000010  00000+0 -57691-4 0  9999
2 50499  87.9202 321.2348 0001831 106.0908 254.0426 13.18685395231038
ONEWEB-0429             
1 50500U 21132AH  26239.66315066 -.00000064  00000+0 -19432-3 0  9997
2 50500  87.9192 321.2572 0002089  95.4893 264.6477 13.18685493231007
ONEWEB-0430             
1 50501U 21132AJ  26239.65135000  .00000072  00000+0  14936-3 0  9996
2 50501  87.9191 321.2572 0002071  92.6755 267.4614 13.18686419231041
ONEWEB-0432             
1 50502U 21132AK  26239.48259432  .00000043  00000+0  76994-4 0  9995
2 50502  87.9205 321.2806 0001812  86.7679 273.3660 13.18684955230970
ONEWEB-0440             
1 50503U 21132AL  26239.67158058  .00000065  00000+0  13249-3 0  9996
2 50503  87.9198 321.2540 0002283 101.1144 259.0245 13.18686743230998
ONEWEB-0450             
1 50504U 21132AM  26239.66497764  .00000015  00000+0  43745-5 0  9997
2 50504  87.9192 321.2538 0002058  95.1530 264.9837 13.18684849231023
ONEWEB-0410             
1 51622U 22012A   26239.67322633 -.00000062  00000+0 -19281-3 0  9990
2 51622  87.9195 351.6588 0001598 144.3824 215.7415 13.17651186223115
ONEWEB-0411             
1 51623U 22012B   26239.63666933  .00000088  00000+0  21667-3 0  9998
2 51623  87.8876  22.0376 0001821  79.4981 280.6351 13.10368729218649
ONEWEB-0415             
1 51624U 22012C   26239.40421426  .00000218  00000+0  58812-3 0  9997
2 51624  87.8869  22.0797 0001444  88.8379 271.2914 13.10372950218614
ONEWEB-0416             
1 51625U 22012D   26239.64514271 -.00000332  00000+0 -98603-3 0  9996
2 51625  87.8860  22.0454 0001439  88.7233 271.4059 13.10369531218688
ONEWEB-0422             
1 51626U 22012E   26239.60739963 -.00000045  00000+0 -14850-3 0  9993
2 51626  87.9197 351.6699 0002473  94.6691 265.4723 13.17649612223212
ONEWEB-0423             
1 51627U 22012F   26239.60066377  .00000031  00000+0  47151-4 0  9990
2 51627  87.9197 351.6745 0001872 105.3996 254.7343 13.17648751223105
ONEWEB-0425             
1 51628U 22012G   26239.42624258 -.00000591  00000+0 -17286-2 0  9996
2 51628  87.8869  22.0747 0001422 108.1070 252.0212 13.10372633218653
ONEWEB-0428             
1 51629U 22012H   26239.63497353  .00000261  00000+0  71212-3 0  9996
2 51629  87.8861  22.0380 0001788  96.5082 263.6249 13.10368790218643
ONEWEB-0431             
1 51630U 22012J   26239.68064796  .00000280  00000+0  76626-3 0  9999
2 51630  87.8872  22.0243 0001843  76.7295 283.4038 13.10376023218704
ONEWEB-0434             
1 51631U 22012K   26239.65884257 -.00000594  00000+0 -17388-2 0  9998
2 51631  87.8869  22.0558 0001500 119.4184 240.7094 13.10372407218689
ONEWEB-0435             
1 51632U 22012L   26239.43643723 -.00000446  00000+0 -13128-2 0  9990
2 51632  87.8866  22.0811 0002015  89.7931 270.3427 13.10375077218641
ONEWEB-0436             
1 51633U 22012M   26239.66816183 -.00000058  00000+0 -18343-3 0  9992
2 51633  87.9206 351.6483 0002133  99.0328 261.1045 13.17648267223092
ONEWEB-0438             
1 51634U 22012N   26239.42115661 -.00000566  00000+0 -16568-2 0  9990
2 51634  87.8857  22.0878 0001552 101.8301 258.3001 13.10371692218674
ONEWEB-0439             
1 51635U 22012P   26239.42454235 -.00000680  00000+0 -19838-2 0  9994
2 51635  87.8856  22.0741 0001729 101.1834 258.9487 13.10371391218651
ONEWEB-0442             
1 51636U 22012Q   26239.35682139  .00000010  00000+0 -75534-5 0  9997
2 51636  87.9199 351.7368 0001596 117.1126 243.0169 13.17649206223044
ONEWEB-0443             
1 51637U 22012R   26239.37622773 -.00000001  00000+0 -35932-4 0  9996
2 51637  87.9199 351.7345 0002171 107.9467 252.1901 13.17649143223095
ONEWEB-0444             
1 51638U 22012S   26239.64344728 -.00000311  00000+0 -92830-3 0  9991
2 51638  87.8868  22.0318 0001922 100.4177 259.7166 13.10370571218690
ONEWEB-0445             
1 51639U 22012T   26239.43473250 -.00000580  00000+0 -16972-2 0  9992
2 51639  87.8872  22.0648 0001599  93.3643 266.7667 13.10374786218674
ONEWEB-0446             
1 51640U 22012U   26239.41267787 -.00000213  00000+0 -64529-3 0  9993
2 51640  87.8859  22.0929 0001419  91.2439 268.8851 13.10370789218659
ONEWEB-0448             
1 51641U 22012V   26239.41776691 -.00000460  00000+0 -13539-2 0  9991
2 51641  87.8861  22.0873 0001746  96.9698 263.1628 13.10371584218624
ONEWEB-0449             
1 51642U 22012W   26239.65197749  .00011444  00000+0  32724-1 0  9997
2 51642  87.8868  22.0297 0001208 112.8890 247.2364 13.10340197218667
ONEWEB-0451             
1 51643U 22012X   26239.66477490  .00001123  00000+0  28579-2 0  9990
2 51643  87.9209 351.6476 0001850 108.6322 251.5010 13.17658795223074
ONEWEB-0452             
1 51644U 22012Y   26239.35934447  .00000053  00000+0  10286-3 0  9995
2 51644  87.9194 351.7376 0001998 110.9302 249.2043 13.17651135223043
ONEWEB-0456             
1 51646U 22012AA  26239.43134071 -.00000637  00000+0 -18616-2 0  9995
2 51646  87.8876  22.0671 0001851  95.1061 265.0277 13.10373630218673
ONEWEB-0457             
1 51647U 22012AB  26239.40914897 -.00000056  00000+0 -19564-3 0  9994
2 51647  87.8865  22.0823 0001343  95.6849 264.4432 13.10369782218675
ONEWEB-0458             
1 51648U 22012AC  26239.43048630 -.00000696  00000+0 -20298-2 0  9996
2 51648  87.8872  22.0675 0001795 102.3224 257.8104 13.10374072218639
ONEWEB-0461             
1 51649U 22012AD  26239.60910184  .00000072  00000+0  15162-3 0  9999
2 51649  87.9200 351.6705 0001710 100.5009 259.6315 13.17649763223290
ONEWEB-0463             
1 51650U 22012AE  26239.36272926 -.00000022  00000+0 -91064-4 0  9992
2 51650  87.9197 351.7369 0001696  97.5894 262.5431 13.17649630223042
ONEWEB-0464             
1 51651U 22012AF  26239.65701927 -.00000641  00000+0 -18723-2 0  9999
2 51651  87.8863  22.0409 0002030  99.9834 260.1523 13.10373062218684
ONEWEB-0468             
1 51652U 22012AG  26239.43303721 -.00000550  00000+0 -16122-2 0  9996
2 51652  87.8860  22.0776 0001941  96.2273 263.9075 13.10373995218639
ONEWEB-0473             
1 51653U 22012AH  26239.41945779 -.00000526  00000+0 -15431-2 0  9995
2 51653  87.8863  22.0833 0001742  94.2988 265.8338 13.10371964218634
ONEWEB-0474             
1 51654U 22012AJ  26239.64005828 -.00000128  00000+0 -40433-3 0  9992
2 51654  87.8871  22.0308 0002017  99.9125 260.2230 13.10370264218656
ONEWEB-0475             
1 51655U 22012AK  26239.37452780 -.00000005  00000+0 -45138-4 0  9998
2 51655  87.9200 351.7287 0002454 103.8098 256.3306 13.17647005223069
ONEWEB-0490             
1 54113U 22138A   26239.55400000  .00000066  00000+0  13188-3 0  9991
2 54113  87.9143 290.7582 0002175  92.3073 267.8308 13.19726009186243
ONEWEB-0492             
1 54114U 22138B   26239.57928312  .00000055  00000+0  10422-3 0  9991
2 54114  87.9147 290.7513 0002035  88.6446 271.4919 13.19725268186255
ONEWEB-0495             
1 54115U 22138C   26239.55716693  .00000055  00000+0  10491-3 0  9993
2 54115  87.9136 290.7572 0002620  88.3671 271.7762 13.19724571186239
ONEWEB-0497             
1 54116U 22138D   26239.56980821  .00000091  00000+0  19569-3 0  9996
2 54116  87.9147 290.7511 0002058  93.9802 266.1566 13.19725798186229
ONEWEB-0499             
1 54117U 22138E   26239.17413078  .00000075  00000+0  15502-3 0  9994
2 54117  87.9142 290.8355 0002257  95.1662 264.9729 13.19726567186188
ONEWEB-0500             
1 54118U 22138F   26239.40395015  .00000030  00000+0  42609-4 0  9991
2 54118  87.9146 290.7877 0001947  94.1207 266.0148 13.19723819186220
ONEWEB-0501             
1 54119U 22138G   26239.58559749  .00000022  00000+0  22430-4 0  9998
2 54119  87.9143 290.7517 0002374  91.0373 269.1032 13.19724163186223
ONEWEB-0502             
1 54120U 22138H   26239.57138154  .00000048  00000+0  87156-4 0  9996
2 54120  87.9149 290.7449 0002287  96.5080 263.6313 13.19725578186247
ONEWEB-0503             
1 54121U 22138J   26239.56032670  .00000052  00000+0  97578-4 0  9996
2 54121  87.9150 290.7536 0002065 103.4688 256.6675 13.19725793186234
ONEWEB-0504             
1 54122U 22138K   26239.39605558  .00000129  00000+0  29036-3 0  9997
2 54122  87.9150 290.7899 0002245  96.3097 263.8291 13.19724543186226
ONEWEB-0505             
1 54123U 22138L   26239.54454231  .00000045  00000+0  80155-4 0  9992
2 54123  87.9148 290.7603 0002474  92.4363 267.7053 13.19725013186226
ONEWEB-0506             
1 54124U 22138M   26239.59507970 -.00000026  00000+0 -97571-4 0  9998
2 54124  87.9144 290.7489 0002287  92.6095 267.5300 13.19724931186222
ONEWEB-0507             
1 54125U 22138N   26239.53979296  .00000033  00000+0  51229-4 0  9993
2 54125  87.9140 290.7656 0002183  92.1801 267.9582 13.19725690186263
ONEWEB-0508             
1 54126U 22138P   26239.61244610 -.00000023  00000+0 -90573-4 0  9994
2 54126  87.9144 290.7514 0002272  89.5539 270.5854 13.19727047186257
ONEWEB-0509             
1 54127U 22138Q   26239.58717115  .00000069  00000+0  13961-3 0  9999
2 54127  87.9147 290.7517 0002041  93.0186 267.1181 13.19724424186224
ONEWEB-0510             
1 54128U 22138R   26239.49490741  .00000053  00000+0  99521-4 0  9993
2 54128  87.9134 260.2160 0001612  99.6607 260.4708 13.20772175188692
ONEWEB-0511             
1 54129U 22138S   26239.58401240  .00000025  00000+0  28915-4 0  9998
2 54129  87.9141 290.7520 0002176 101.9097 258.2279 13.19726695186257
ONEWEB-0512             
1 54130U 22138T   26239.19704029  .00000029  00000+0  39475-4 0  9995
2 54130  87.9143 290.8312 0002378  95.1008 265.0396 13.19727113186174
ONEWEB-0513             
1 54131U 22138U   26239.55233669  .00000077  00000+0  15922-3 0  9996
2 54131  87.9144 290.6946 0002944  99.6954 260.4512 13.20260026186137
ONEWEB-0514             
1 54132U 22138V   26239.59191236  .00000001  00000+0 -30667-4 0  9996
2 54132  87.9143 290.7503 0001862  98.7480 261.3864 13.19726366186243
ONEWEB-0515             
1 54133U 22138W   26239.48144664  .00000075  00000+0  15284-3 0  9995
2 54133  87.9141 260.2167 0001321  72.9230 287.2048 13.20770382188711
ONEWEB-0516             
1 54134U 22138X   26239.56663937  .00000053  00000+0  99423-4 0  9998
2 54134  87.9143 290.7580 0002054  91.3362 268.8006 13.19724881186242
ONEWEB-0517             
1 54135U 22138Y   26239.39447749  .00000130  00000+0  29127-3 0  9990
2 54135  87.9145 290.7889 0002074 103.4957 256.6407 13.19725001186227
ONEWEB-0518             
1 54136U 22138Z   26239.41342279  .00000062  00000+0  12260-3 0  9990
2 54136  87.9140 290.7898 0001994  89.4645 270.6716 13.19726328186222
ONEWEB-0519             
1 54137U 22138AA  26239.59034102  .00000015  00000+0  42808-5 0  9994
2 54137  87.9143 290.7501 0002016 101.1847 258.9512 13.19725537186256
ONEWEB-0520             
1 54138U 22138AB  26239.17018613  .00000108  00000+0  23634-3 0  9995
2 54138  87.9147 290.8354 0002282  92.4051 267.7343 13.19724844186184
ONEWEB-0521             
1 54139U 22138AC  26239.58244211 -.00000002  00000+0 -38095-4 0  9999
2 54139  87.9143 290.7437 0001944 104.0109 256.1240 13.19724979186187
ONEWEB-0522             
1 54140U 22138AD  26239.56191407  .00000063  00000+0  12542-3 0  9990
2 54140  87.9153 290.7498 0002200  96.0042 264.1341 13.19725574186227
ONEWEB-0523             
1 54141U 22138AE  26239.46798591  .00000094  00000+0  20011-3 0  9991
2 54141  87.9141 260.2275 0001279 102.4739 257.6538 13.20771520188715
ONEWEB-0524             
1 54142U 22138AF  26239.45788316  .00000085  00000+0  17818-3 0  9996
2 54142  87.9139 260.2258 0001511  67.4558 292.6735 13.20772101188716
ONEWEB-0525             
1 54143U 22138AG  26239.58085255  .00000034  00000+0  53287-4 0  9998
2 54143  87.9152 290.7527 0002298  87.8994 272.2402 13.19726327186240
ONEWEB-0526             
1 54144U 22138AH  26239.61401343 -.00000057  00000+0 -17474-3 0  9997
2 54144  87.9148 290.7459 0002030  91.8505 268.2860 13.19727041186222
ONEWEB-0529             
1 54145U 22138AJ  26239.54136990  .00000089  00000+0  19014-3 0  9998
2 54145  87.9142 290.7648 0002174  91.6024 268.5357 13.19724874186236
ONEWEB-0531             
1 54146U 22138AK  26239.44443638  .00009700  00000+0  23816-1 0  9990
2 54146  87.9152 260.2260 0001958  90.5734 269.5624 13.20725231188718
ONEWEB-0535             
1 54147U 22138AL  26239.57453992  .00000038  00000+0  62794-4 0  9995
2 54147  87.9146 290.7478 0001745 101.2656 258.8673 13.19724072186250
ONEWEB-0536             
1 54148U 22138AM  26239.50669977 -.00000023  00000+0 -87760-4 0  9997
2 54148  87.9134 260.2282 0001013  77.4323 282.6924 13.20772007188716
ONEWEB-0527             
1 54642U 22166A   26239.48266229 -.00000035  00000+0 -11507-3 0  9995
2 54642  87.9236 229.8006 0002136  87.8892 272.2486 13.21825118180955
ONEWEB-0528             
1 54643U 22166B   26239.48349319  .00000081  00000+0  16499-3 0  9992
2 54643  87.9235 229.8039 0002243  82.6831 277.4558 13.21825227180965
ONEWEB-0539             
1 54644U 22166C   26239.44566067  .00000036  00000+0  54884-4 0  9991
2 54644  87.9241 229.7879 0002152  91.5966 268.5415 13.21825999180959
ONEWEB-0540             
1 54645U 22166D   26239.45250957  .00000090  00000+0  18589-3 0  9992
2 54645  87.9230 229.8124 0002038  90.4308 269.7060 13.21827517180949
ONEWEB-0542             
1 54646U 22166E   26239.45574978  .00000067  00000+0  13153-3 0  9991
2 54646  87.9244 229.7855 0002157  95.0155 265.1225 13.21825698180950
ONEWEB-0545             
1 54647U 22166F   26239.42042156  .00000004  00000+0 -21734-4 0  9994
2 54647  87.9233 229.7988 0002009 105.2910 254.8446 13.21826137180910
ONEWEB-0580             
1 54648U 22166G   26239.69797869  .00000569  00000+0  13469-2 0  9991
2 54648  87.9237 229.7430 0001945  97.9545 262.1810 13.21830050180990
ONEWEB-0582             
1 54649U 22166H   26239.66433633 -.00000019  00000+0 -76928-4 0  9998
2 54649  87.9242 229.7437 0002157  99.6766 260.4611 13.21826825180966
ONEWEB-0583             
1 54650U 22166J   26239.44899148  .00002836  00000+0  68312-2 0  9996
2 54650  87.9245 229.8074 0002162 104.3404 255.7970 13.21846302180943
ONEWEB-0584             
1 54651U 22166K   26239.46919574  .00000091  00000+0  18798-3 0  9990
2 54651  87.9230 229.7884 0002014  88.9710 271.1655 13.21827190180934
ONEWEB-0585             
1 54652U 22166L   26239.49275877 -.00000073  00000+0 -20780-3 0  9991
2 54652  87.9240 229.7747 0002089  83.9394 276.1978 13.21826331180949
ONEWEB-0586             
1 54653U 22166M   26239.43052123  .00000054  00000+0  10042-3 0  9990
2 54653  87.9231 229.8107 0002158  90.8270 269.3111 13.21826049180936
ONEWEB-0587             
1 54654U 22166N   26239.44061269  .00000026  00000+0  31430-4 0  9997
2 54654  87.9244 229.7895 0002042  78.5617 281.5746 13.21825770181092
ONEWEB-0589             
1 54655U 22166P   26239.42715295 -.00000005  00000+0 -44468-4 0  9995
2 54655  87.9231 229.7947 0002061 110.9683 249.1672 13.21825582180955
ONEWEB-0590             
1 54656U 22166Q   26239.45224601  .00000015  00000+0  53294-5 0  9992
2 54656  87.9241 229.7872 0001595  86.5678 273.5638 13.21825599180947
ONEWEB-0591             
1 54657U 22166R   26239.46416556  .00000056  00000+0  10356-3 0  9991
2 54657  87.9233 229.7931 0002000  88.9094 271.2269 13.21826170180979
ONEWEB-0592             
1 54658U 22166S   26239.46751940  .00000094  00000+0  19538-3 0  9994
2 54658  87.9243 229.7768 0002125  87.1852 272.9525 13.21827301180857
ONEWEB-0593             
1 54659U 22166T   26239.48938556  .00000011  00000+0 -56346-5 0  9997
2 54659  87.9240 229.7802 0002189  89.4105 270.7280 13.21825399180961
ONEWEB-0594             
1 54660U 22166U   26239.58527297 -.00000070  00000+0 -20148-3 0  9991
2 54660  87.9235 229.7756 0002188  83.0981 277.0402 13.21826862180991
ONEWEB-0595             
1 54661U 22166V   26239.48602758 -.00000032  00000+0 -10837-3 0  9999
2 54661  87.9248 229.7812 0002085  79.7858 280.3511 13.21825711180956
ONEWEB-0596             
1 54662U 22166W   26239.46079605  .00000092  00000+0  19179-3 0  9999
2 54662  87.9236 229.7939 0002064  85.4955 274.6415 13.21827207180954
ONEWEB-0597             
1 54663U 22166X   26239.44229838  .00000052  00000+0  93369-4 0  9993
2 54663  87.9231 229.7993 0002056  89.6105 270.5264 13.21826291180953
ONEWEB-0600             
1 54664U 22166Y   26239.42378846  .00000017  00000+0  89338-5 0  9999
2 54664  87.9235 229.7939 0002301  85.6610 274.4786 13.21825555180929
ONEWEB-0601             
1 54665U 22166Z   26239.49106253  .00000045  00000+0  77028-4 0  9991
2 54665  87.9233 229.7962 0002066  93.8098 266.3272 13.21825312181127
ONEWEB-0602             
1 54666U 22166AA  26239.45658988  .00000087  00000+0  17844-3 0  9990
2 54666  87.9233 229.8087 0002337  89.1510 270.9892 13.21827233180969
ONEWEB-0603             
1 54667U 22166AB  26239.46247133  .00000030  00000+0  41545-4 0  9992
2 54667  87.9242 229.7723 0002127  89.5507 270.5870 13.21827844180895
ONEWEB-0604             
1 54668U 22166AC  26239.45070903  .00000050  00000+0  88587-4 0  9990
2 54668  87.9237 229.7905 0002112  85.0642 275.0733 13.21826444180856
ONEWEB-0605             
1 54669U 22166AD  26239.44396330  .00000071  00000+0  13933-3 0  9990
2 54669  87.9237 229.7991 0001685 100.9856 259.1468 13.21827707180929
ONEWEB-0606             
1 54670U 22166AE  26239.46583922  .00000121  00000+0  26251-3 0  9992
2 54670  87.9235 229.8068 0002178  83.1069 277.0313 13.21825511180986
ONEWEB-0607             
1 54671U 22166AF  26239.43215825 -.00013586  00000+0 -32944-1 0  9999
2 54671  87.9241 229.7890 0001957  94.3196 265.8162 13.21892397180955
ONEWEB-0608             
1 54672U 22166AG  26239.43893177  .00000033  00000+0  47902-4 0  9996
2 54672  87.9244 229.7872 0001928  95.9203 264.2151 13.21826749180963
ONEWEB-0610             
1 54673U 22166AH  26239.41874124  .00000022  00000+0  21351-4 0  9994
2 54673  87.9233 229.7991 0002324 109.6336 250.5049 13.21825605180868
ONEWEB-0611             
1 54674U 22166AJ  26239.48770737 -.00000007  00000+0 -48612-4 0  9991
2 54674  87.9244 229.7810 0002143  84.8456 275.2922 13.21825438180865
ONEWEB-0612             
1 54675U 22166AK  26239.42546785 -.00000083  00000+0 -23189-3 0  9995
2 54675  87.9233 229.7957 0002051  89.8111 270.3258 13.21825802180848
ONEWEB-0615             
1 54676U 22166AL  26239.48096708 -.00000001  00000+0 -34635-4 0  9996
2 54676  87.9236 229.7927 0002261  82.0637 278.0753 13.21827790180865
ONEWEB-0655             
1 54677U 22166AM  26239.45743933  .00000045  00000+0  76570-4 0  9993
2 54677  87.9236 229.7979 0002288  90.0949 270.0447 13.21825920180851
ONEWEB-0659             
1 54678U 22166AN  26239.47425832  .00000067  00000+0  13087-3 0  9998
2 54678  87.9233 229.7938 0002036  86.6849 273.4518 13.21826742180944
ONEWEB-0685             
1 54679U 22166AP  26239.66322693  .00000002  00000+0 -26635-4 0  9995
2 54679  87.9229 229.7287 0001629 102.2133 257.9184 13.23186534180862
ONEWEB-0712             
1 54680U 22166AQ  26239.64915367 -.00000043  00000+0 -14734-3 0  9993
2 54680  87.9116 214.5802 0002617  86.4810 273.6620 13.16594924181462
ONEWEB-0714             
1 54681U 22166AR  26239.47930256  .00003777  00000+0  91124-2 0  9991
2 54681  87.9234 229.7834 0002468  84.4053 275.7362 13.21807434180956
ONEWEB-0532             
1 55140U 23004A   26239.64032503  .00000081  00000+0  17614-3 0  9999
2 55140  87.9201 351.6663 0001475 100.0653 260.0645 13.17648639176999
ONEWEB-0533             
1 55141U 23004B   26239.28175759  .00000077  00000+0  17916-3 0  9991
2 55141  87.9001 336.5511 0001855 107.7298 252.4033 13.12445537177380
ONEWEB-0541             
1 55142U 23004C   26239.36717926 -.00000040  00000+0 -14792-3 0  9990
2 55142  87.8958   6.9026 0001706  96.4345 263.6977 13.11414278175276
ONEWEB-0543             
1 55143U 23004D   26239.63955110  .00000013  00000+0  11537-5 0  9994
2 55143  87.9193 321.2702 0002238  96.8568 263.2819 13.18684546179117
ONEWEB-0544             
1 55144U 23004E   26239.25342084  .00000049  00000+0  92250-4 0  9992
2 55144  87.9193 321.3461 0002017  93.6261 266.5102 13.18686662179067
ONEWEB-0560             
1 55145U 23004F   26239.70193727 -.00000001  00000+0 -34594-4 0  9998
2 55145  87.9191 321.2464 0002118  93.5042 266.6332 13.18685293179139
ONEWEB-0565             
1 55146U 23004G   26239.46755375  .00000072  00000+0  14932-3 0  9994
2 55146  87.9186 321.3151 0001690  89.5602 270.5723 13.18687563179094
ONEWEB-0567             
1 55147U 23004H   26239.68844998  .00000018  00000+0  12968-4 0  9997
2 55147  87.9188 321.2608 0001835  93.6823 266.4519 13.18685615179122
ONEWEB-0569             
1 55148U 23004J   26239.61505892 -.00000055  00000+0 -18651-3 0  9995
2 55148  87.8960 306.0178 0002322  76.0493 284.0895 13.13469616179559
ONEWEB-0570             
1 55149U 23004K   26239.68001925  .00000026  00000+0  33423-4 0  9992
2 55149  87.9195 321.2605 0001482 107.7857 252.3437 13.18686226179112
ONEWEB-0571             
1 55150U 23004L   26239.67326875  .00000089  00000+0  19207-3 0  9999
2 55150  87.9193 321.2615 0001842  59.2646 300.8667 13.18685373179127
ONEWEB-0572             
1 55151U 23004M   26239.36778919  .00000101  00000+0  22824-3 0  9990
2 55151  87.9196 351.7221 0001749  96.0906 264.0424 13.17649974176851
ONEWEB-0573             
1 55152U 23004N   26239.66653365  .00000020  00000+0  17608-4 0  9996
2 55152  87.9193 321.2649 0001626  72.5210 287.6100 13.18685857179111
ONEWEB-0588             
1 55153U 23004P   26239.65977803  .00000030  00000+0  42748-4 0  9996
2 55153  87.9191 321.2648 0001447  99.7775 260.3521 13.18684934179117
ONEWEB-0598             
1 55154U 23004Q   26239.34516551  .00000623  00000+0  17232-2 0  9998
2 55154  87.8952   6.9119 0001884  74.7801 285.3535 13.11416710175228
ONEWEB-0599             
1 55155U 23004R   26239.32897944 -.00000030  00000+0 -10937-3 0  9995
2 55155  87.9200 351.7280 0002035  95.4188 264.7176 13.17649755176858
ONEWEB-0614             
1 55156U 23004S   26239.41635485  .00000465  00000+0  12751-2 0  9991
2 55156  87.8944   6.9043 0001485 110.2925 249.8363 13.11422504175173
ONEWEB-0616             
1 55157U 23004T   26239.29522663  .00000081  00000+0  17516-3 0  9990
2 55157  87.9199 351.7396 0002762  95.9789 264.1657 13.17649591177064
ONEWEB-0617             
1 55158U 23004U   26239.40449419  .00000087  00000+0  20893-3 0  9999
2 55158  87.8951   6.9027 0001429 105.2048 254.9238 13.11418621175198
ONEWEB-0618             
1 55159U 23004V   26239.73190983  .00005624  00000+0  30947-3 0  9998
2 55159  86.9130 148.5863 0014012  37.9303 322.2921 15.13764049193084
ONEWEB-0619             
1 55160U 23004W   26239.32728992  .00000016  00000+0  67854-5 0  9991
2 55160  87.9209 351.7199 0002039 110.7320 249.4030 13.17649332176967
ONEWEB-0620             
1 55161U 23004X   26239.39940519 -.00000171  00000+0 -51700-3 0  9995
2 55161  87.8944   6.9073 0001656  90.1295 270.0022 13.11418938175161
ONEWEB-0621             
1 55162U 23004Y   26239.65542904  .00000486  00000+0  13349-2 0  9994
2 55162  87.8956   6.8516 0001668 106.0996 254.0316 13.11417077175176
ONEWEB-0622             
1 55163U 23004Z   26239.35532411  .00000455  00000+0  12486-2 0  9991
2 55163  87.8945   6.9140 0000999 115.0157 245.1074 13.11415150175121
ONEWEB-0623             
1 55164U 23004AA  26239.70188899  .00000054  00000+0  10624-3 0  9996
2 55164  87.9200 351.6671 0001675 126.5471 233.5815 13.17650418177001
ONEWEB-0624             
1 55165U 23004AB  26239.29784748 -.00000403  00000+0 -11484-2 0  9990
2 55165  87.8998 336.4506 0001773 103.0090 257.1237 13.12929626177408
ONEWEB-0625             
1 55166U 23004AC  26239.38803353  .00000021  00000+0  20855-4 0  9993
2 55166  87.9203 351.7274 0002004 100.0489 260.0869 13.17649891176959
ONEWEB-0626             
1 55167U 23004AD  26239.30196390  .00000058  00000+0  11584-3 0  9990
2 55167  87.9204 351.7436 0001843  88.7680 271.3663 13.17647688176944
ONEWEB-0627             
1 55168U 23004AE  26239.36610549 -.00000004  00000+0 -42914-4 0  9999
2 55168  87.9200 351.7319 0001649 113.9230 246.2075 13.17648559176954
ONEWEB-0628             
1 55169U 23004AF  26239.68678411 -.00000422  00000+0 -12097-2 0  9998
2 55169  87.9005 336.4560 0001843 120.0674 240.0638 13.12445126177412
ONEWEB-0629             
1 55170U 23004AG  26239.34161867  .00000028  00000+0  39698-4 0  9993
2 55170  87.9197 351.7314 0002015 105.8117 254.3236 13.17648761176953
ONEWEB-0631             
1 55171U 23004AH  26239.65303602  .00000021  00000+0  19286-4 0  9997
2 55171  87.9200 321.2391 0001499  90.3707 269.7597 13.18685130179094
ONEWEB-0709             
1 55172U 23004AJ  26239.38921566 -.00000495  00000+0 -14319-2 0  9990
2 55172  87.8943   6.9123 0001858  69.4327 290.7000 13.11416861175200
ONEWEB-0710             
1 55173U 23004AK  26239.35598019  .00000023  00000+0  25742-4 0  9990
2 55173  87.9199 351.7244 0001701 102.8871 257.2451 13.17648728176959
ONEWEB-0711             
1 55174U 23004AL  26239.43669860  .00000212  00000+0  56245-3 0  9994
2 55174  87.8947   6.8920 0001375 120.1480 239.9784 13.11413491175175
ONEWEB-0713             
1 55175U 23004AM  26239.37903970 -.00000429  00000+0 -12458-2 0  9990
2 55175  87.8947   6.9061 0001492 107.1577 252.9714 13.11414972175156
ONEWEB-0715             
1 55176U 23004AN  26239.37396041 -.00000336  00000+0 -98439-3 0  9997
2 55176  87.8948   6.9070 0001502  75.7511 284.3783 13.11414386175196
ONEWEB-0716             
1 55177U 23004AP  26239.34923147 -.00000003  00000+0 -39774-4 0  9997
2 55177  87.9200 351.7288 0002046  97.3638 262.7727 13.17648947176956
ONEWEB-0717             
1 55178U 23004AQ  26239.33235302  .00000013  00000+0  43894-6 0  9995
2 55178  87.9204 351.7259 0001286 106.1855 253.9418 13.17649530177009
ONEWEB-0719             
1 55179U 23004AR  26239.34247602 -.00000025  00000+0 -97414-4 0  9993
2 55179  87.9210 351.7047 0002028 102.4202 257.7156 13.17650115176957
ONEWEB-0530             
1 55796U 23029A   26239.45283137  .00000042  00000+0  71754-4 0  9996
2 55796  87.9129 260.2512 0001803 104.3500 255.7834 13.20772171170556
ONEWEB-0534             
1 55797U 23029B   26239.44105264  .00000018  00000+0  12424-4 0  9992
2 55797  87.9129 260.2552 0002095  92.1967 267.9407 13.20771843170552
ONEWEB-0556             
1 55798U 23029C   26239.44778336  .00000000  00000+0 -32150-4 0  9999
2 55798  87.9127 260.2516 0002633 106.6600 253.4823 13.20771113170556
ONEWEB-0562             
1 55799U 23029D   26239.51006774  .00000063  00000+0  12195-3 0  9992
2 55799  87.9135 260.2244 0002093 117.0071 243.1276 13.20771135170565
ONEWEB-0563             
1 55800U 23029E   26239.50501545  .00000072  00000+0  14576-3 0  9995
2 55800  87.9126 260.2521 0002141  89.0072 271.1307 13.20772669170557
ONEWEB-0564             
1 55801U 23029F   26239.49828608  .00000018  00000+0  11734-4 0  9990
2 55801  87.9136 260.2290 0001921 103.7805 256.3542 13.20770773170566
ONEWEB-0638             
1 55802U 23029G   26239.48686788  .00000118  00000+0  28368-3 0  9992
2 55802  87.8907 275.5320 0002318 106.8196 253.3188 13.14541895168769
ONEWEB-0639             
1 55803U 23029H   26239.60297904 -.00000008  00000+0 -52333-4 0  9995
2 55803  87.9153 290.7548 0002974  79.4681 280.6787 13.19725127168324
ONEWEB-0640             
1 55804U 23029J   26239.03907172  .00000467  00000+0  12223-2 0  9997
2 55804  87.8905 275.6116 0002508 105.4780 254.6627 13.14650244168725
ONEWEB-0641             
1 55805U 23029K   26239.59823288  .00000013  00000+0  12015-5 0  9993
2 55805  87.9145 290.7487 0002113  95.2260 264.9114 13.19725172168333
ONEWEB-0642             
1 55806U 23029L   26239.59349541 -.00000058  00000+0 -17793-3 0  9996
2 55806  87.9147 290.7573 0002424  76.1836 283.9567 13.19724913168328
ONEWEB-0643             
1 55807U 23029M   26239.54256363  .00000198  00000+0  50050-3 0  9997
2 55807  87.8904 275.4995 0002121  75.3379 284.7985 13.14508514168767
ONEWEB-0644             
1 55808U 23029N   26239.58875090  .00000013  00000+0  27105-6 0  9990
2 55808  87.9137 290.7581 0002137  86.6940 273.4437 13.19723925168323
ONEWEB-0645             
1 55809U 23029P   26239.53504848  .00000037  00000+0  59360-4 0  9998
2 55809  87.9132 290.7646 0002481  92.9357 267.2059 13.19724209168311
ONEWEB-0646             
1 55810U 23029Q   26239.17334545  .00000151  00000+0  34376-3 0  9991
2 55810  87.9142 290.8389 0002104  88.3522 271.7851 13.19726012168251
ONEWEB-0648             
1 55811U 23029R   26239.35836240 -.00000159  00000+0 -46305-3 0  9996
2 55811  87.8918 275.5169 0002832  85.1381 275.0072 13.14551559168747
ONEWEB-0649             
1 55812U 23029S   26239.57770448  .00000047  00000+0  85855-4 0  9996
2 55812  87.9141 290.7565 0002262  92.6870 267.4521 13.19725666168346
ONEWEB-0650             
1 55813U 23029T   26239.57296065  .00000060  00000+0  11780-3 0  9995
2 55813  87.9139 290.7591 0002360  81.6153 278.5248 13.19725849168313
ONEWEB-0652             
1 55814U 23029U   26239.49182022  .00000351  00000+0  91151-3 0  9997
2 55814  87.8918 275.4962 0001880  97.0207 263.1136 13.14510667168734
ONEWEB-0653             
1 55815U 23029V   26239.55245301  .00000452  00000+0  11864-2 0  9999
2 55815  87.8914 275.4829 0001974  94.1910 265.9445 13.14441843168772
ONEWEB-0654             
1 55816U 23029W   26239.54749492  .00000268  00000+0  68809-3 0  9996
2 55816  87.8913 275.4794 0001805 106.3062 253.8267 13.14480204168794
ONEWEB-0656             
1 55817U 23029X   26239.49154560  .00000071  00000+0  14295-3 0  9999
2 55817  87.9137 260.2122 0001721 102.5862 257.5463 13.20772727170562
ONEWEB-0657             
1 55818U 23029Y   26239.56822038  .00000073  00000+0  14949-3 0  9998
2 55818  87.9130 290.7582 0001246 104.6235 255.5035 13.19724664168322
ONEWEB-0658             
1 55819U 23029Z   26239.18440031  .00000056  00000+0  10857-3 0  9991
2 55819  87.9152 290.8178 0002197  85.9594 274.1790 13.19724501168284
ONEWEB-0660             
1 55820U 23029AA  26239.52541617 -.00000098  00000+0 -29849-3 0  9992
2 55820  87.8918 275.4826 0002272  94.6679 265.4710 13.14453207168775
ONEWEB-0661             
1 55821U 23029AB  26239.55968735  .00000190  00000+0  47751-3 0  9993
2 55821  87.8907 275.5092 0002205  97.1587 262.9793 13.14562132168762
ONEWEB-0662             
1 55822U 23029AC  26239.51882992 -.00000170  00000+0 -49202-3 0  9993
2 55822  87.8906 275.5231 0002318  93.5983 266.5412 13.14498139168800
ONEWEB-0663             
1 55823U 23029AD  26239.44409194  .00000098  00000+0  20801-3 0  9996
2 55823  87.9140 260.2915 0002406  87.2848 272.8561 13.20874196170558
ONEWEB-0664             
1 55824U 23029AE  26239.47808047  .00000162  00000+0  36528-3 0  9995
2 55824  87.9131 260.2592 0002343 101.4805 258.6591 13.20770738170554
ONEWEB-0665             
1 55825U 23029AF  26239.55688325  .00000311  00000+0  80529-3 0  9996
2 55825  87.8918 275.4911 0002235  92.2858 267.8528 13.14495971168785
ONEWEB-0666             
1 55826U 23029AG  26239.47135527  .00000113  00000+0  24665-3 0  9998
2 55826  87.9134 260.2509 0001321  88.2162 271.9123 13.20771674170560
ONEWEB-0667             
1 55827U 23029AH  26239.46630782  .00000094  00000+0  20008-3 0  9996
2 55827  87.9141 260.2198 0002162  92.6515 267.4866 13.20771476170551
ONEWEB-0669             
1 55828U 23029AJ  26239.46125554  .00000058  00000+0  10999-3 0  9991
2 55828  87.9141 260.2288 0001930 109.2481 250.8861 13.20771742170558
ONEWEB-0670             
1 55829U 23029AK  26239.45919931 -.00000022  00000+0 -94164-4 0  9991
2 55829  87.8902 275.5269 0002243 101.3226 258.8155 13.14388536168794
ONEWEB-0671             
1 55830U 23029AL  26239.17965373  .00000123  00000+0  27397-3 0  9996
2 55830  87.9140 290.8371 0002179  94.7008 265.4373 13.19726312168267
ONEWEB-0672             
1 55831U 23029AM  26239.45619263  .00000897  00000+0  21740-2 0  9995
2 55831  87.9134 260.2228 0001977  96.6711 263.4647 13.20778793170559
ONEWEB-0673             
1 55832U 23029AN  26239.53583456  .00000033  00000+0  50330-4 0  9990
2 55832  87.9139 290.7614 0002112  96.4506 263.6868 13.19724575168319
ONEWEB-0674             
1 55833U 23029AP  26239.04566269 -.00000170  00000+0 -49287-3 0  9992
2 55833  87.8885 275.5860 0003089 106.4411 253.7058 13.14604897168727
ONEWEB-0675             
1 55834U 23029AQ  26239.39921749  .00000113  00000+0  24922-3 0  9993
2 55834  87.9141 290.7961 0001810  90.6152 269.5188 13.19724822168311
ONEWEB-0720             
1 55835U 23029AR  26239.54295198  .00000074  00000+0  15309-3 0  9998
2 55835  87.9143 290.7671 0002203  90.0374 270.1011 13.19724794168253
ONEWEB-0537             
1 56046U 23043A   26239.47973110  .00000013  00000+0  20609-6 0  9993
2 56046  87.9113 214.6099 0001908  81.8278 278.3070 13.16596219168347
ONEWEB-0538             
1 56047U 23043B   26239.62539169  .00000059  00000+0  12180-3 0  9995
2 56047  87.9114 214.5843 0002054  76.5785 283.5575 13.16592874168376
ONEWEB-0546             
1 56048U 23043C   26239.46075211  .00000070  00000+0  15060-3 0  9994
2 56048  87.9107 214.6169 0001363  89.1841 270.9446 13.16595098168341
ONEWEB-0547             
1 56049U 23043D   26239.47845942  .00000055  00000+0  10248-3 0  9998
2 56049  87.9238 229.7822 0002160  83.5670 276.5710 13.21826421167645
ONEWEB-0548             
1 56050U 23043E   26239.48527830 -.00000013  00000+0 -67303-4 0  9995
2 56050  87.9111 214.6066 0002260  95.0495 265.0894 13.16595198168346
ONEWEB-0549             
1 56051U 23043F   26239.47257172  .00000086  00000+0  17700-3 0  9997
2 56051  87.9232 229.7860 0002049  76.9705 283.1658 13.21826253167643
ONEWEB-0550             
1 56052U 23043G   26239.45911698  .00000124  00000+0  26954-3 0  9990
2 56052  87.9235 229.7880 0002243  90.6434 269.4957 13.21825603167644
ONEWEB-0551             
1 56053U 23043H   26239.42095872 -.00000086  00000+0 -26338-3 0  9990
2 56053  87.8959 245.0224 0002135  79.7326 280.4045 13.15549269165764
ONEWEB-0552             
1 56054U 23043J   26239.45406881  .00000088  00000+0  18272-3 0  9998
2 56054  87.9230 229.7923 0002282  85.8005 274.3390 13.21825697167641
ONEWEB-0553             
1 56055U 23043K   26239.46705845  .00000090  00000+0  20247-3 0  9990
2 56055  87.9115 214.6149 0001756  91.6243 268.5089 13.16596323168355
ONEWEB-0554             
1 56056U 23043L   26239.45439206  .00000047  00000+0  89922-4 0  9993
2 56056  87.9108 214.6263 0002293  97.3044 262.8347 13.16595412168334
ONEWEB-0555             
1 56057U 23043M   26239.41639610 -.00000034  00000+0 -12129-3 0  9993
2 56057  87.9109 214.6235 0001529  88.8290 271.3016 13.16593479168333
ONEWEB-0557             
1 56058U 23043N   26239.65865064 -.00000090  00000+0 -26823-3 0  9992
2 56058  87.9112 214.5852 0002084 119.6996 240.4343 13.16593996168362
ONEWEB-0558             
1 56059U 23043P   26239.44733286  .00000033  00000+0  49498-4 0  9999
2 56059  87.9236 229.7901 0001983  78.1293 282.0064 13.21824923167655
ONEWEB-0559             
1 56060U 23043Q   26239.43556946  .00000004  00000+0 -21068-4 0  9998
2 56060  87.9239 229.7896 0002222  82.4704 277.6682 13.21826091167660
ONEWEB-0566             
1 56061U 23043R   26239.35314306 -.00000044  00000+0 -13832-3 0  9996
2 56061  87.9240 229.8041 0002264  80.1277 280.0112 13.21825935167631
ONEWEB-0568             
1 56062U 23043S   26239.44807605  .00000034  00000+0  56407-4 0  9999
2 56062  87.9110 214.6157 0001836  86.2474 273.8867 13.16594436168358
ONEWEB-0574             
1 56063U 23043T   26239.42210677  .00000080  00000+0  16149-3 0  9994
2 56063  87.9238 229.7955 0002067  92.0613 268.0758 13.21825297167688
ONEWEB-0575             
1 56064U 23043U   26239.66973788  .00000028  00000+0  40426-4 0  9998
2 56064  87.9109 214.5681 0001969  95.5054 264.6301 13.16593596168372
ONEWEB-0576             
1 56065U 23043V   26239.65074279 -.00000223  00000+0 -61738-3 0  9992
2 56065  87.9114 214.5815 0002013  89.6228 270.5133 13.16593053168362
ONEWEB-0577             
1 56066U 23043W   26239.42908380  .00000000  00000+0 -32522-4 0  9999
2 56066  87.9110 214.6232 0002247 104.4897 255.6483 13.16594300168368
ONEWEB-0578             
1 56067U 23043X   26239.48434144  .00000014  00000+0  34235-5 0  9996
2 56067  87.9239 229.7787 0001766  91.4497 268.6839 13.21825380167650
ONEWEB-0579             
1 56068U 23043Y   26239.47591613  .00000047  00000+0  82488-4 0  9999
2 56068  87.9245 229.7812 0002352  85.5896 274.5507 13.21823846167660
ONEWEB-0581             
1 56069U 23043Z   26239.43541688  .00000003  00000+0 -24839-4 0  9992
2 56069  87.9102 214.6288 0002259  98.3543 261.7844 13.16593665168334
ONEWEB-0609             
1 56070U 23043AA  26239.44709443  .00000058  00000+0  12012-3 0  9998
2 56070  87.8953 245.0016 0001967  87.5338 272.6017 13.15550174165802
ONEWEB-0613             
1 56071U 23043AB  26239.44471544 -.00000019  00000+0 -85710-4 0  9992
2 56071  87.8955 245.0148 0002230  84.5285 275.6100 13.15549754165801
ONEWEB-0630             
1 56072U 23043AC  26239.43997536 -.00000051  00000+0 -17083-3 0  9999
2 56072  87.8964 244.9920 0002233  86.9176 273.2210 13.15548311165798
ONEWEB-0632             
1 56073U 23043AD  26239.43522454 -.00000095  00000+0 -28680-3 0  9996
2 56073  87.8962 245.0080 0002103  93.9057 266.2314 13.15549024165797
ONEWEB-0633             
1 56074U 23043AE  26239.42887123 -.00000074  00000+0 -23105-3 0  9997
2 56074  87.8967 244.9901 0002241  79.3235 280.8147 13.15547797165771
ONEWEB-0634             
1 56075U 23043AF  26239.49066943 -.00000045  00000+0 -15458-3 0  9994
2 56075  87.8959 245.0125 0001711  86.8874 273.2452 13.15548954165777
ONEWEB-0635             
1 56076U 23043AG  26239.48591302  .00000076  00000+0  16655-3 0  9998
2 56076  87.8964 244.9821 0002091  98.1846 261.9522 13.15550115165800
ONEWEB-0636             
1 56077U 23043AH  26239.47799277  .00000157  00000+0  38409-3 0  9990
2 56077  87.8959 244.9878 0002019  95.7580 264.3781 13.15550008165787
ONEWEB-0637             
1 56078U 23043AJ  26239.47165132  .00000222  00000+0  55530-3 0  9995
2 56078  87.8953 245.0012 0001795  96.3308 263.8027 13.15547331165804
ONEWEB-0647             
1 56079U 23043AK  26239.46691362  .00000174  00000+0  42890-3 0  9995
2 56079  87.8952 245.0144 0002121  93.9279 266.2094 13.15549840165790
ONEWEB-0651             
1 56080U 23043AL  26239.69031652  .00000216  00000+0  54027-3 0  9994
2 56080  87.8956 244.9625 0001993  96.9472 263.1885 13.15550203167029
ONEWEB-0718             
1 56081U 23043AM  26239.45740171  .00000145  00000+0  35019-3 0  9993
2 56081  87.8960 244.9930 0001653  78.3702 281.7614 13.15548435165801
ONEWEB-0561             
1 56710U 23068A   26239.48480421  .00000091  00000+0  19137-3 0  9994
2 56710  87.9138 260.2255 0002313  97.7752 262.3644 13.20772521158916
ONEWEB-0668             
1 56711U 23068B   26239.48606865 -.00000027  00000+0 -10309-3 0  9990
2 56711  87.9113 214.6106 0001530  82.4268 277.7036 13.16591848161163
ONEWEB-0676             
1 56712U 23068C   26239.64599771 -.00000062  00000+0 -19579-3 0  9993
2 56712  87.9111 214.5855 0002125  92.7507 267.3867 13.16594273161109
ONEWEB-0677             
1 56713U 23068D   26239.47303057  .00000090  00000+0  18971-3 0  9999
2 56713  87.9142 260.2194 0001844 103.3766 256.7573 13.20770876159216
ONEWEB-0678             
1 56714U 23068E   26239.42569870 -.00000101  00000+0 -30351-3 0  9993
2 56714  87.8965 244.9949 0002287  87.8659 272.2733 13.15550398158652
ONEWEB-0679             
1 56715U 23068F   26239.45281645  .00000035  00000+0  57979-4 0  9998
2 56715  87.9110 214.6146 0001704  96.1306 264.0019 13.16593104161107
ONEWEB-0680             
1 56716U 23068G   26239.47761707  .00000084  00000+0  17099-3 0  9995
2 56716  87.9242 229.7823 0001517  90.9641 269.1666 13.21825167160510
ONEWEB-0681             
1 56717U 23068H   26239.46676060  .00000076  00000+0  15399-3 0  9994
2 56717  87.9244 229.7874 0002550 107.7222 252.4190 13.21299456160501
ONEWEB-0682             
1 56718U 23068J   26239.44945980  .00000046  00000+0  88231-4 0  9996
2 56718  87.8959 244.9893 0001493  93.7639 266.3662 13.15550174158825
ONEWEB-0683             
1 56719U 23068K   26239.47323331  .00000196  00000+0  48692-3 0  9992
2 56719  87.8965 244.9863 0001760  87.6976 272.4355 13.15547698158793
ONEWEB-0684             
1 56720U 23068L   26239.48117773  .00000125  00000+0  29741-3 0  9992
2 56720  87.8960 244.9735 0002995  70.3930 289.7523 13.15548010158627
ONEWEB-0686             
1 56721U 23068M   26239.64122230 -.00000157  00000+0 -44430-3 0  9994
2 56721  87.9101 214.5940 0001972  74.7895 285.3454 13.16594593161110
ONEWEB-0694             
1 56722U 23068N   26239.41958042 -.00000026  00000+0 -10058-3 0  9992
2 56722  87.9114 214.6154 0001613  82.9462 277.1852 13.16592653161145
ONEWEB-0696             
1 56723U 23068P   26239.43839039 -.00000076  00000+0 -23579-3 0  9996
2 56723  87.8952 245.0147 0002469  88.4647 271.6766 13.15548533158732
ONEWEB-0703             
1 56724U 23068Q   26239.44788132  .00000055  00000+0  11329-3 0  9990
2 56724  87.8962 244.9950 0002900  93.7575 266.3887 13.15550257158622
ONEWEB-0721             
1 56725U 23068R   26239.48636500 -.00000013  00000+0 -65798-4 0  9992
2 56725  86.6721  62.7363 0001633  88.2965 271.8355 13.22473557167368
ONEWEB-0015             
1 61594U 24188A   26239.64696213  .00000514  00000+0  14131-2 0  9998
2 61594  87.8942   6.8743 0001774 115.8604 244.2707 13.11417620 93821
ONEWEB-0687             
1 61595U 24188B   26239.30704025  .00000084  00000+0  18432-3 0  9994
2 61595  87.9202 351.7425 0001424 109.4937 250.6349 13.17650110 95263
ONEWEB-0688             
1 61596U 24188C   26239.33571782  .00000042  00000+0  74947-4 0  9998
2 61596  87.9198 351.7370 0002152 136.7381 223.3920 13.17649947 95260
ONEWEB-0689             
1 61597U 24188D   26239.37566919 -.00000375  00000+0 -10940-2 0  9991
2 61597  87.8950   6.8942 0001478  94.9101 265.2196 13.11415372 93786
ONEWEB-0690             
1 61598U 24188E   26239.38584206 -.00000514  00000+0 -14857-2 0  9998
2 61598  87.8950   6.9031 0002424  97.9277 262.2126 13.11417970 93962
ONEWEB-0691             
1 61599U 24188F   26239.38073844 -.00000628  00000+0 -18064-2 0  9990
2 61599  87.8961   6.8194 0001608 110.7741 249.3559 13.11416637 93816
ONEWEB-0692             
1 61600U 24188G   26239.40110270 -.00000090  00000+0 -28897-3 0  9990
2 61600  87.8942   6.9154 0001725  72.4682 287.6635 13.11419067 93802
ONEWEB-0693             
1 61601U 24188H   26239.34754396  .00000006  00000+0 -18784-4 0  9998
2 61601  87.9188 351.7506 0002637 102.8513 257.2913 13.17649857 95253
ONEWEB-0695             
1 61602U 24188J   26239.37736667 -.00000427  00000+0 -12406-2 0  9994
2 61602  87.8928   6.9093 0001481  83.1609 276.9687 13.11415889 93791
ONEWEB-0697             
1 61603U 24188K   26239.63847975  .00000290  00000+0  78203-3 0  9993
2 61603  87.8949   6.8518 0001850  75.4651 284.6682 13.11417910 93818
ONEWEB-0698             
1 61604U 24188L   26239.38753738 -.00000476  00000+0 -13791-2 0  9997
2 61604  87.8945   6.9143 0002653  78.5637 281.5789 13.11417497 93803
ONEWEB-0699             
1 61605U 24188M   26239.45681392  .00000490  00000+0  13666-2 0  9997
2 61605  87.8873  22.0679 0001898  74.6002 285.5335 13.10377565 92642
ONEWEB-0700             
1 61606U 24188N   26239.45850140  .00000547  00000+0  15295-2 0  9990
2 61606  87.8883  21.9878 0001815  75.5644 284.5685 13.10375730 92632
ONEWEB-0701             
1 61607U 24188P   26239.39914299  .00000426  00000+0  11845-2 0  9993
2 61607  87.8872  22.0809 0001868  72.6756 287.4576 13.10370684 92631
ONEWEB-0702             
1 61608U 24188Q   26239.35702617  .00000366  00000+0  99653-3 0  9996
2 61608  87.8962   6.8388 0001654  65.1552 294.9748 13.11416711 93816
ONEWEB-0704             
1 61609U 24188R   26239.46360247  .00000524  00000+0  14639-2 0  9994
2 61609  87.8877  22.0595 0001531  59.3519 300.7759 13.10372446 92625
ONEWEB-0705             
1 61610U 24188S   26239.69776028  .00000667  00000+0  18758-2 0  9993
2 61610  87.8874  22.0184 0000855  74.7458 285.3764 13.10372008 84820
ONEWEB-0706             
1 61611U 24188T   26239.68248684  .00000392  00000+0  10873-2 0  9990
2 61611  87.8874  22.0236 0001412  76.9816 283.1469 13.10375579 92745
ONEWEB-0707             
1 61612U 24188U   26239.68928309  .00000554  00000+0  15499-2 0  9999
2 61612  87.8877  22.0190 0001449  77.2614 282.8675 13.10374496 92683
ONEWEB-0708             
1 61613U 24188V   26239.40250757  .00000358  00000+0  98936-3 0  9995
2 61613  87.8862  22.0888 0001248 105.9041 254.2224 13.10370801 92625
