ONEWEB-0012             
1 44057U 19010A   26218.03119099 -.00000738  00000+0 -19642-2 0  9995
2 44057  87.9075 218.8825 0001871 100.1761 259.9582 13.16584913358125
ONEWEB-0010             
1 44058U 19010B   26218.05652214  .00000012  00000+0 -28984-5 0  9995
2 44058  87.9080 218.8738 0002409  88.7141 271.4266 13.16594633358179
ONEWEB-0008             
1 44059U 19010C   26218.08184463  .00000071  00000+0  15150-3 0  9998
2 44059  87.9082 218.8635 0001729  80.1371 279.9955 13.16593346358294
ONEWEB-0007             
1 44060U 19010D   26218.15659661  .00000180  00000+0  44290-3 0  9993
2 44060  87.8961 249.2611 0002226 100.6931 259.4450 13.15549161357945
ONEWEB-0006             
1 44061U 19010E   26218.16055276  .00000119  00000+0  28205-3 0  9997
2 44061  87.8972 249.2294 0002130  89.5138 270.6236 13.15547458357992
ONEWEB-0011             
1 44062U 19010F   26218.12886370 -.00000016  00000+0 -76925-4 0  9992
2 44062  87.8972 249.2464 0002152  88.9663 271.1714 13.15548211357986
ONEWEB-0013             
1 45131U 20008A   26218.21908030 -.00000226  00000+0 -69316-3 0  9995
2 45131  87.8485  42.7202 0001219 123.2829 236.8415 13.09456314312611
ONEWEB-0017             
1 45132U 20008B   26217.93755784  .00000078  00000+0  18761-3 0  9991
2 45132  87.8829  26.3525 0002024  89.0714 271.0645 13.10368934314460
ONEWEB-0020             
1 45133U 20008C   26217.90702513  .00000311  00000+0  85561-3 0  9993
2 45133  87.8840  26.3593 0001772  90.9425 269.1906 13.10375914314855
ONEWEB-0021             
1 45134U 20008D   26217.99865604  .00000696  00000+0  19573-2 0  9999
2 45134  87.8826  26.3539 0001844  94.8881 265.2457 13.10372733315179
ONEWEB-0023             
1 45136U 20008F   26218.16240652  .00000454  00000+0  12655-2 0  9997
2 45136  87.8831  26.3066 0001629  89.8230 270.3085 13.10369898314626
ONEWEB-0024             
1 45137U 20008G   26217.98181621  .00000258  00000+0  70182-3 0  9999
2 45137  87.8845  26.3376 0001859  91.7346 268.3994 13.10376169314761
ONEWEB-0025             
1 45138U 20008H   26218.21061124  .00000067  00000+0  15663-3 0  9993
2 45138  87.8845  26.2818 0001775  76.4581 283.6744 13.10375958315129
ONEWEB-0026             
1 45139U 20008J   26217.98048805 -.00000255  00000+0 -75659-3 0  9990
2 45139  87.8908  11.1548 0001924  90.7444 269.3904 13.11414886317638
ONEWEB-0028             
1 45140U 20008K   26218.18367774  .00000478  00000+0  13134-2 0  9998
2 45140  87.8906  11.1204 0001531 109.9568 250.1725 13.11416328315170
ONEWEB-0032             
1 45141U 20008L   26218.16847028  .00000109  00000+0  27522-3 0  9990
2 45141  87.8828  26.3087 0001375 101.8807 258.2475 13.10370146314844
ONEWEB-0033             
1 45142U 20008M   26218.21924758  .00000485  00000+0  13525-2 0  9997
2 45142  87.8828  26.3039 0002311  86.0935 274.0457 13.10374492314764
ONEWEB-0035             
1 45143U 20008N   26218.01065945  .00000313  00000+0  85976-3 0  9990
2 45143  87.8826  26.3393 0001893  92.3450 267.7894 13.10368415314461
ONEWEB-0036             
1 45144U 20008P   26217.98832902  .00000526  00000+0  14717-2 0  9991
2 45144  87.8849  26.3644 0001604  92.5689 267.5622 13.10377545314889
ONEWEB-0038             
1 45145U 20008Q   26218.14325164 -.00000495  00000+0 -14324-2 0  9999
2 45145  87.8924  11.1384 0003165 118.0437 242.1011 13.11417365316874
ONEWEB-0039             
1 45146U 20008R   26217.99356663  .00000663  00000+0  18628-2 0  9996
2 45146  87.8835  26.3407 0001494 105.9033 254.2259 13.10374329314686
ONEWEB-0040             
1 45147U 20008S   26218.21585088  .00000422  00000+0  11712-2 0  9998
2 45147  87.8830  26.3060 0001550  84.8884 275.2421 13.10374819314418
ONEWEB-0043             
1 45149U 20008U   26217.98860766  .00000496  00000+0  13854-2 0  9992
2 45149  87.8840  26.3425 0001428 105.2476 254.8809 13.10374661314705
ONEWEB-0044             
1 45150U 20008V   26218.17002019 -.00000109  00000+0 -34777-3 0  9996
2 45150  87.8835  26.3086 0001693  92.4767 267.6554 13.10368267315028
ONEWEB-0045             
1 45151U 20008W   26217.98542846 -.00000441  00000+0 -12813-2 0  9997
2 45151  87.8917  11.1492 0001773  98.6999 261.4329 13.11416469316939
ONEWEB-0047             
1 45152U 20008X   26218.16310725  .00000401  00000+0  11125-2 0  9997
2 45152  87.8837  26.3090 0002025  93.6287 266.5072 13.10370427314749
ONEWEB-0048             
1 45153U 20008Y   26218.15816053  .00000511  00000+0  14266-2 0  9993
2 45153  87.8826  26.3266 0001861  96.3343 263.7996 13.10371047314353
ONEWEB-0049             
1 45154U 20008Z   26218.16140676  .00000449  00000+0  12487-2 0  9999
2 45154  87.8826  26.3150 0001472  83.5866 276.5429 13.10370429314572
ONEWEB-0051             
1 45155U 20008AA  26217.98373450 -.00000401  00000+0 -11665-2 0  9994
2 45155  87.8912  11.1545 0001814  94.7400 265.3935 13.11413771317612
ONEWEB-0052             
1 45156U 20008AB  26218.02931161 -.00000626  00000+0 -18292-2 0  9992
2 45156  87.8834  26.3305 0001433  88.3849 271.7442 13.10370410314466
ONEWEB-0053             
1 45157U 20008AC  26218.21414944  .00000338  00000+0  93062-3 0  9996
2 45157  87.8829  26.3118 0001367  99.4541 260.6741 13.10375619314466
ONEWEB-0054             
1 45158U 20008AD  26218.02069078 -.00000178  00000+0 -54647-3 0  9990
2 45158  87.8833  26.3370 0001779  91.1988 268.9343 13.10368991314557
ONEWEB-0056             
1 45159U 20008AE  26217.99172628  .00000580  00000+0  16248-2 0  9991
2 45159  87.8840  26.3370 0001847  82.8449 277.2889 13.10374657314702
ONEWEB-0057             
1 45160U 20008AF  26217.93261530  .00000329  00000+0  90559-3 0  9997
2 45160  87.8834  26.3594 0001288  97.8945 262.2329 13.10370174314861
ONEWEB-0058             
1 45161U 20008AG  26217.99539439  .00000600  00000+0  16823-2 0  9993
2 45161  87.8827  26.3496 0002061  94.3209 265.8153 13.10374975314946
ONEWEB-0059             
1 45162U 20008AH  26217.99200056  .00000538  00000+0  15058-2 0  9993
2 45162  87.8831  26.3505 0001683  98.7972 261.3347 13.10376265314846
ONEWEB-0062             
1 45163U 20008AJ  26218.01548299  .00000108  00000+0  27388-3 0  9995
2 45163  87.8835  26.3368 0002129  89.8590 270.2781 13.10369579314718
ONEWEB-0065             
1 45164U 20008AK  26218.20211422 -.00000399  00000+0 -11799-2 0  9994
2 45164  87.8840  26.3075 0001504  86.7348 273.3951 13.10375012314434
ONEWEB-0066             
1 45424U 20020A   26217.96847870  .00000256  00000+0  68674-3 0  9996
2 45424  87.8909  11.1592 0001856  95.8511 264.2828 13.11413805309203
ONEWEB-0067             
1 45425U 20020B   26217.92974974 -.00000268  00000+0 -79166-3 0  9992
2 45425  87.8933  11.0993 0001627  95.6498 264.4816 13.11427800309257
ONEWEB-0080             
1 45426U 20020C   26217.92963704 -.00000239  00000+0 -71117-3 0  9998
2 45426  87.8922  11.1696 0002114  92.9483 267.1887 13.11419510309227
ONEWEB-0090             
1 45427U 20020D   26217.95846161  .00000504  00000+0  13868-2 0  9990
2 45427  87.8919  11.1677 0001896  94.4085 265.7260 13.11415061309196
ONEWEB-0061             
1 45428U 20020E   26218.14297258 -.00000519  00000+0 -15004-2 0  9992
2 45428  87.8918  11.1148 0001868  95.2750 264.8591 13.11415002309176
ONEWEB-0081             
1 45429U 20020F   26217.97188133  .00000133  00000+0  33840-3 0  9993
2 45429  87.8912  11.1576 0001687  99.8852 260.2467 13.11413694309265
ONEWEB-0069             
1 45430U 20020G   26217.97371140 -.00000027  00000+0 -11305-3 0  9993
2 45430  87.8914  11.1609 0001798 101.2407 258.8923 13.11411558309192
ONEWEB-0031             
1 45431U 20020H   26217.93288356 -.00000102  00000+0 -32436-3 0  9998
2 45431  87.8906  11.1698 0002000  92.4160 267.7197 13.11417612309173
ONEWEB-0027             
1 45432U 20020J   26218.30295986  .00000094  00000+0  20810-3 0  9999
2 45432  87.9178 355.9013 0002052  86.8851 273.2516 13.17649866312958
ONEWEB-0064             
1 45433U 20020K   26218.16007769 -.00000333  00000+0 -97523-3 0  9997
2 45433  87.8913  11.1188 0001935  90.4913 269.6437 13.11418386309231
ONEWEB-0018             
1 45434U 20020L   26218.11586159  .00000539  00000+0  14858-2 0  9993
2 45434  87.8912  11.1273 0002030 104.5068 255.6285 13.11415269309177
ONEWEB-0083             
1 45435U 20020M   26217.87708153  .00000546  00000+0  15059-2 0  9998
2 45435  87.8919  11.1712 0001903  94.3194 265.8151 13.11415831309188
ONEWEB-0095             
1 45436U 20020N   26217.94489939  .00000381  00000+0  10387-2 0  9991
2 45436  87.8909  11.1661 0001642  71.9378 288.1929 13.11417670309191
ONEWEB-0092             
1 45437U 20020P   26218.12802306  .00000000  00000+0 -36422-4 0  9999
2 45437  87.8916  11.1208 0001934  99.6121 260.5225 13.11416337309332
ONEWEB-0085             
1 45438U 20020Q   26217.95309796  .00000494  00000+0  13579-2 0  9997
2 45438  87.8912  11.1598 0001844  93.6507 266.4832 13.11416442309193
ONEWEB-0096             
1 45439U 20020R   26218.18396901  .00000546  00000+0  15061-2 0  9994
2 45439  87.8916  11.1125 0001793  90.3922 269.7411 13.11416870309219
ONEWEB-0037             
1 45440U 20020S   26218.13280837 -.00000150  00000+0 -45910-3 0  9991
2 45440  87.8924  11.0967 0001773  88.4630 271.6701 13.11414328309248
ONEWEB-0042             
1 45441U 20020T   26217.94461670  .00000368  00000+0  10019-2 0  9996
2 45441  87.8917  11.1562 0001754  95.9986 264.1342 13.11417785309180
ONEWEB-0098             
1 45442U 20020U   26218.16941702  .00000140  00000+0  36028-3 0  9998
2 45442  87.8918  11.1203 0001911  94.0692 266.0655 13.11418320309198
ONEWEB-0055             
1 45443U 20020V   26217.91917259 -.00000517  00000+0 -14949-2 0  9998
2 45443  87.8917  11.1694 0001875  93.9754 266.1588 13.11418166309136
ONEWEB-0093             
1 45444U 20020W   26218.14130242 -.00000476  00000+0 -13794-2 0  9995
2 45444  87.8917  11.1246 0001727 103.5818 256.5503 13.11419712309223
ONEWEB-0029             
1 45445U 20020X   26218.15513447 -.00000463  00000+0 -13411-2 0  9991
2 45445  87.8911  11.1207 0001761 102.2499 257.8827 13.11419198309203
ONEWEB-0068             
1 45446U 20020Y   26217.97513587 -.00000068  00000+0 -22646-3 0  9998
2 45446  87.8917  11.1554 0001766 100.9550 259.1777 13.11414076309123
ONEWEB-0046             
1 45447U 20020Z   26217.96679191  .00000317  00000+0  85912-3 0  9992
2 45447  87.8908  11.1594 0001560  97.6234 262.5071 13.11413898309138
ONEWEB-0063             
1 45448U 20020AA  26217.99574868 -.00000498  00000+0 -14403-2 0  9999
2 45448  87.8921  11.1567 0001565  88.3591 271.7717 13.11417469309229
ONEWEB-0019             
1 45449U 20020AB  26218.18707915  .00000487  00000+0  13380-2 0  9992
2 45449  87.8912  11.1023 0002048  93.6815 266.4548 13.11415596309099
ONEWEB-0094             
1 45450U 20020AC  26218.32081556  .00000029  00000+0  42217-4 0  9991
2 45450  87.9182 355.8853 0002010 101.2827 258.8531 13.17651081312917
ONEWEB-0087             
1 45451U 20020AD  26218.15824124 -.00000311  00000+0 -91208-3 0  9998
2 45451  87.8927  11.1023 0001822 104.0418 256.0913 13.11417350309139
ONEWEB-0082             
1 45452U 20020AE  26217.92595429 -.00000352  00000+0 -10292-2 0  9994
2 45452  87.8918  11.1610 0001581 108.7354 251.3946 13.11417097309192
ONEWEB-0050             
1 45453U 20020AF  26218.22804871  .00001040  00000+0  10429-3 0  9999
2 45453  88.9279 226.4100 0005397 124.1345 236.0397 14.90526710347835
ONEWEB-0034             
1 45454U 20020AG  26218.19243798  .00000398  00000+0  10869-2 0  9993
2 45454  87.8918  11.1177 0001766  94.6563 265.4767 13.11414139309148
ONEWEB-0060             
1 45455U 20020AH  26217.99476370 -.00000528  00000+0 -15254-2 0  9995
2 45455  87.8912  11.1512 0002217 121.4332 238.7013 13.11417699309074
ONEWEB-0086             
1 45456U 20020AJ  26217.97343504  .00000010  00000+0 -82544-5 0  9990
2 45456  87.8919  11.1548 0002440 106.4337 253.7059 13.11413418309136
ONEWEB-0088             
1 45457U 20020AK  26217.95154012  .00000506  00000+0  13916-2 0  9996
2 45457  87.8927  11.1353 0001398  92.6623 267.4665 13.11416499309064
ONEWEB-0102             
1 47258U 20100A   26218.29801680 -.00000327  00000+0 -94394-3 0  9997
2 47258  87.8988 340.7161 0002054 100.6092 259.5268 13.12446270271307
ONEWEB-0109             
1 47259U 20100B   26218.07778051 -.00000110  00000+0 -34019-3 0  9997
2 47259  87.8996 340.7476 0001962  95.3236 264.8116 13.12443101271102
ONEWEB-0110             
1 47260U 20100C   26218.25736937  .00000432  00000+0  11659-2 0  9995
2 47260  87.8995 340.6961 0002141 104.6648 255.4718 13.12441780271297
ONEWEB-0111             
1 47261U 20100D   26218.28783988 -.00000350  00000+0 -10090-2 0  9996
2 47261  87.9000 340.7087 0001851 102.3406 257.7930 13.12443834271136
ONEWEB-0114             
1 47262U 20100E   26218.31834531  .00000320  00000+0  85423-3 0  9990
2 47262  87.8999 340.7013 0001963  92.8798 267.2555 13.12445299271094
ONEWEB-0117             
1 47263U 20100F   26218.30987588 -.00000015  00000+0 -77313-4 0  9994
2 47263  87.8995 340.6920 0001928  99.3237 260.8109 13.12445078271109
ONEWEB-0118             
1 47264U 20100G   26218.26753634  .00000116  00000+0  28765-3 0  9999
2 47264  87.8996 340.7033 0001633  91.2666 268.8650 13.12442096271293
ONEWEB-0119             
1 47265U 20100H   26218.29293316 -.00000394  00000+0 -11312-2 0  9998
2 47265  87.8987 340.7104 0001878  98.0309 262.1032 13.12443874271277
ONEWEB-0120             
1 47266U 20100J   26218.31679953  .00000243  00000+0  64088-3 0  9997
2 47266  87.8989 340.7072 0001964  93.4759 266.6595 13.12444628271303
ONEWEB-0121             
1 47267U 20100K   26218.30479011 -.00000132  00000+0 -40194-3 0  9991
2 47267  87.8998 340.7006 0001838 108.5832 251.5496 13.12445091271219
ONEWEB-0122             
1 47268U 20100L   26218.29887294 -.00000286  00000+0 -83154-3 0  9999
2 47268  87.8998 340.7065 0002052  97.2572 262.8790 13.12444065271121
ONEWEB-0123             
1 47269U 20100M   26218.29461906 -.00000363  00000+0 -10435-2 0  9995
2 47269  87.8987 340.7091 0001775  97.2646 262.8684 13.12444311271263
ONEWEB-0124             
1 47270U 20100N   26218.28445566 -.00000322  00000+0 -92913-3 0  9997
2 47270  87.8986 340.7132 0001873 103.3990 256.7347 13.12443774271147
ONEWEB-0125             
1 47271U 20100P   26218.26244407  .00000344  00000+0  92044-3 0  9994
2 47271  87.8998 340.7069 0001623 106.1767 253.9541 13.12441822271200
ONEWEB-0126             
1 47272U 20100Q   26218.28291695 -.00000255  00000+0 -74379-3 0  9992
2 47272  87.8991 340.7152 0001910  95.5621 264.5725 13.12442840271276
ONEWEB-0127             
1 47273U 20100R   26217.86770720  .00000414  00000+0  11163-2 0  9993
2 47273  87.8984 340.7940 0001983  95.9127 264.2228 13.12441627271243
ONEWEB-0128             
1 47274U 20100S   26218.27091523  .00000136  00000+0  34131-3 0  9999
2 47274  87.8985 340.7280 0002108 105.1960 254.9402 13.12440678271314
ONEWEB-0129             
1 47275U 20100T   26217.86940555  .00000413  00000+0  11134-2 0  9997
2 47275  87.8995 340.7864 0002525  74.7549 285.3859 13.12443121271197
ONEWEB-0130             
1 47276U 20100U   26218.27768480 -.00000071  00000+0 -23227-3 0  9998
2 47276  87.8997 340.7013 0001980  97.6579 262.4775 13.12442889271213
ONEWEB-0131             
1 47277U 20100V   26218.27430568 -.00000024  00000+0 -10331-3 0  9992
2 47277  87.8986 340.7147 0002014 101.4835 258.6520 13.12442928271251
ONEWEB-0132             
1 47278U 20100W   26218.30311018 -.00000270  00000+0 -78643-3 0  9998
2 47278  87.8988 340.7123 0001818 101.4646 258.6687 13.12445742271159
ONEWEB-0133             
1 47279U 20100X   26218.31990789  .00000345  00000+0  92428-3 0  9996
2 47279  87.8999 340.6907 0002011 102.1303 258.0051 13.12443094271310
ONEWEB-0134             
1 47280U 20100Y   26218.28954390 -.00000358  00000+0 -10302-2 0  9998
2 47280  87.9002 340.6938 0002153  97.5492 262.5881 13.12443481271282
ONEWEB-0135             
1 47281U 20100Z   26218.26075014  .00000340  00000+0  90838-3 0  9996
2 47281  87.8986 340.7158 0002196 101.0827 259.0549 13.12441998271304
ONEWEB-0136             
1 47282U 20100AA  26218.27937340 -.00000138  00000+0 -41875-3 0  9991
2 47282  87.8996 340.6975 0002172  96.8870 263.2505 13.12442739271230
ONEWEB-0137             
1 47283U 20100AB  26218.31326758  .00000088  00000+0  21019-3 0  9992
2 47283  87.9001 340.7032 0001743  97.8887 262.2439 13.12443456271148
ONEWEB-0138             
1 47284U 20100AC  26218.29123439 -.00000404  00000+0 -11576-2 0  9991
2 47284  87.8997 340.7111 0002068  95.8452 264.2912 13.12443912271221
ONEWEB-0139             
1 47285U 20100AD  26218.25582131  .00000403  00000+0  10846-2 0  9992
2 47285  87.8996 340.7041 0001927  98.5056 261.6291 13.12443133271299
ONEWEB-0140             
1 47286U 20100AE  26218.28615203 -.00000329  00000+0 -94855-3 0  9995
2 47286  87.8999 340.6899 0001949 103.8613 256.2732 13.12443442271266
ONEWEB-0141             
1 47287U 20100AF  26218.25552881  .00000481  00000+0  13026-2 0  9992
2 47287  87.8997 340.7006 0001629  94.6535 265.4780 13.12441928271241
ONEWEB-0142             
1 47288U 20100AG  26218.32018325  .00000348  00000+0  93317-3 0  9995
2 47288  87.8991 340.7063 0001844  85.3141 274.8198 13.12443193271241
ONEWEB-0143             
1 47289U 20100AH  26218.25396951  .00000739  00000+0  20178-2 0  9990
2 47289  87.8989 340.7191 0001956  94.5599 265.5753 13.12454360271213
ONEWEB-0144             
1 47290U 20100AJ  26218.30140302 -.00000253  00000+0 -73802-3 0  9991
2 47290  87.9000 340.6876 0002120  90.8815 269.2556 13.12444581271141
ONEWEB-0145             
1 47291U 20100AK  26218.27260801  .00000022  00000+0  24668-4 0  9994
2 47291  87.8989 340.7153 0001907  94.8825 265.2522 13.12441179271333
ONEWEB-0146             
1 47292U 20100AL  26218.26922144  .00000107  00000+0  26265-3 0  9997
2 47292  87.8997 340.7117 0001850 109.6670 250.4658 13.12441399271243
ONEWEB-0147             
1 47293U 20100AM  26218.31156937  .00000066  00000+0  14905-3 0  9995
2 47293  87.8999 340.6857 0002036  99.9517 260.1842 13.12443037271147
ONEWEB-0115             
1 48042U 21025A   26218.30058503 -.00000036  00000+0 -13413-3 0  9996
2 48042  87.8980 310.2563 0002022 102.0185 258.1171 13.13471420260170
ONEWEB-0152             
1 48043U 21025B   26218.31411094  .00000182  00000+0  46423-3 0  9993
2 48043  87.8986 310.2532 0002013 102.7732 257.3622 13.13469694260136
ONEWEB-0153             
1 48044U 21025C   26218.29210068 -.00000249  00000+0 -71630-3 0  9993
2 48044  87.8982 310.2560 0001979  97.0085 263.1269 13.13470801260124
ONEWEB-0154             
1 48045U 21025D   26218.21253083 -.00000248  00000+0 -71371-3 0  9991
2 48045  87.8987 310.2726 0002164 101.9518 258.1854 13.13471430260074
ONEWEB-0116             
1 48046U 21025E   26218.25147078  .00000394  00000+0  10440-2 0  9991
2 48046  87.8986 310.2622 0001986 103.2878 256.8473 13.13470942260220
ONEWEB-0150             
1 48047U 21025F   26218.30395424 -.00000011  00000+0 -65735-4 0  9995
2 48047  87.8989 310.2493 0001788  97.7020 262.4312 13.13471708260121
ONEWEB-0107             
1 48048U 21025G   26218.30565215  .00000123  00000+0  30240-3 0  9997
2 48048  87.8990 310.2450 0002019  94.7409 265.3950 13.13469704260104
ONEWEB-0101             
1 48049U 21025H   26218.26839939 -.00000027  00000+0 -10863-3 0  9994
2 48049  87.8978 310.2629 0002122  97.1148 263.0222 13.13468131260077
ONEWEB-0113             
1 48050U 21025J   26218.27669568 -.00000156  00000+0 -45797-3 0  9993
2 48050  87.8981 310.1665 0001843  99.5777 260.5561 13.13891019260180
ONEWEB-0112             
1 48051U 21025K   26218.31073038  .00000154  00000+0  38583-3 0  9991
2 48051  87.8988 310.2424 0002180  95.5882 264.5496 13.13471188260171
ONEWEB-0156             
1 48052U 21025L   26218.31919274  .00000312  00000+0  81934-3 0  9997
2 48052  87.8986 310.2503 0001920  96.1523 263.9825 13.13470203260152
ONEWEB-0161             
1 48053U 21025M   26218.29379285 -.00000193  00000+0 -56229-3 0  9995
2 48053  87.8987 310.2560 0001980  93.3354 266.8002 13.13469733260081
ONEWEB-0158             
1 48054U 21025N   26218.25317084  .00000439  00000+0  11663-2 0  9994
2 48054  87.8987 310.2616 0002143 105.9624 254.1742 13.13468703260207
ONEWEB-0157             
1 48055U 21025P   26218.27854775 -.00000225  00000+0 -65054-3 0  9999
2 48055  87.8983 310.2608 0002105  88.7751 271.3620 13.13468213260147
ONEWEB-0162             
1 48056U 21025Q   26218.25474016  .00000381  00000+0  10076-2 0  9998
2 48056  87.8982 310.2654 0001829  98.5246 261.6090 13.13470154260115
ONEWEB-0155             
1 48057U 21025R   26218.26163665  .00000175  00000+0  44401-3 0  9996
2 48057  87.8990 310.2613 0001924  94.6689 265.4660 13.13469020260254
ONEWEB-0149             
1 48058U 21025S   26218.28363779 -.00000266  00000+0 -76212-3 0  9995
2 48058  87.8985 310.2615 0001771  98.4162 261.7168 13.13470887260063
ONEWEB-0148             
1 48059U 21025T   26218.24640298  .00000381  00000+0  10077-2 0  9998
2 48059  87.8979 310.2725 0001471  90.3865 269.7433 13.13471106260188
ONEWEB-0160             
1 48060U 21025U   26218.26332476  .00000104  00000+0  25000-3 0  9994
2 48060  87.8979 310.2650 0002164 119.8673 240.2672 13.13470214260134
ONEWEB-0163             
1 48061U 21025V   26218.24809958  .00000459  00000+0  12222-2 0  9991
2 48061  87.8987 310.2667 0002065  91.4463 268.6903 13.13470452260252
ONEWEB-0159             
1 48062U 21025W   26218.31580569  .00000261  00000+0  68005-3 0  9996
2 48062  87.8990 310.2475 0002089  91.9576 268.1792 13.13471263260184
ONEWEB-0164             
1 48063U 21025X   26218.29717988 -.00000126  00000+0 -37931-3 0  9997
2 48063  87.8987 310.2569 0002012 101.5684 258.5672 13.13471207260165
ONEWEB-0167             
1 48064U 21025Y   26218.24894130  .00000435  00000+0  11552-2 0  9999
2 48064  87.8979 310.2719 0002593  92.8143 267.3283 13.13471650260146
ONEWEB-0166             
1 48065U 21025Z   26218.27178856 -.00000097  00000+0 -30179-3 0  9996
2 48065  87.8988 310.2436 0001923  97.7325 262.4023 13.13470458260227
ONEWEB-0151             
1 48066U 21025AA  26218.27347103 -.00000077  00000+0 -24517-3 0  9997
2 48066  87.8987 310.2579 0002111  99.2798 260.8570 13.13470767260161
ONEWEB-0170             
1 48067U 21025AB  26218.28194550 -.00000260  00000+0 -74556-3 0  9997
2 48067  87.8987 310.2584 0002413 110.0322 250.1067 13.13470499260129
ONEWEB-0168             
1 48068U 21025AC  26218.26671480  .00000027  00000+0  40293-4 0  9999
2 48068  87.8986 310.2625 0002044  98.6981 261.4380 13.13470136260139
ONEWEB-0173             
1 48069U 21025AD  26218.25825070  .00000227  00000+0  58563-3 0  9995
2 48069  87.8981 310.2629 0002186  91.3889 268.7490 13.13469978260373
ONEWEB-0171             
1 48070U 21025AE  26218.29548790 -.00000143  00000+0 -42618-3 0  9995
2 48070  87.8978 310.2622 0002102  99.7748 260.3619 13.13471212260193
ONEWEB-0172             
1 48071U 21025AF  26218.27516638 -.00000164  00000+0 -48428-3 0  9998
2 48071  87.8990 310.2605 0002142  96.5179 263.6194 13.13468092261081
ONEWEB-0174             
1 48072U 21025AG  26218.25656354  .00000291  00000+0  76198-3 0  9991
2 48072  87.8988 310.2625 0001853  95.3163 264.8178 13.13470602260409
ONEWEB-0175             
1 48073U 21025AH  26218.28702232 -.00000271  00000+0 -77578-3 0  9995
2 48073  87.8990 310.2425 0002333 101.6833 258.4558 13.13470685260064
ONEWEB-0177             
1 48074U 21025AJ  26218.29886585 -.00000113  00000+0 -34379-3 0  9998
2 48074  87.8984 310.2571 0001959  92.8948 267.2405 13.13472052260251
ONEWEB-0178             
1 48075U 21025AK  26218.31763625  .00000310  00000+0  81304-3 0  9998
2 48075  87.8976 310.2610 0002230  96.6865 263.4518 13.13469672260303
ONEWEB-0108             
1 48076U 21025AL  26218.27686494  .00000208  00000+0  53481-3 0  9993
2 48076  87.8989 310.2540 0001850 104.5542 255.5792 13.13466582260222
ONEWEB-0169             
1 48077U 21025AM  26218.30903559  .00000224  00000+0  57750-3 0  9993
2 48077  87.8985 310.2531 0001899  97.3374 262.7971 13.13471338258887
ONEWEB-0176             
1 48210U 21031A   26218.18837466 -.00000049  00000+0 -16589-3 0  9990
2 48210  87.8945 279.7362 0002164  95.2569 264.8807 13.14503701254880
ONEWEB-0184             
1 48211U 21031B   26218.23753354  .00000068  00000+0  15012-3 0  9999
2 48211  87.8950 279.7299 0002706  99.5836 260.5600 13.14500977254866
ONEWEB-0179             
1 48212U 21031C   26218.33341435  .00034127  00000+0  72249-2 0  9991
2 48212  87.8931 274.8964 0272715  93.7769 320.8158 14.38371748  5390
ONEWEB-0180             
1 48213U 21031D   26218.16458428  .00000274  00000+0  70488-3 0  9994
2 48213  87.8956 279.7424 0002263  87.3792 272.7596 13.14504305254787
ONEWEB-0218             
1 48214U 21031E   26218.18678354 -.00000034  00000+0 -12491-3 0  9995
2 48214  87.8957 279.7369 0002861  89.5935 270.5523 13.14501381254949
ONEWEB-0209             
1 48215U 21031F   26218.17567556  .00000187  00000+0  46929-3 0  9996
2 48215  87.8947 279.7514 0002038  89.0733 271.0631 13.14505064254946
ONEWEB-0198             
1 48216U 21031G   26218.15996385  .00000250  00000+0  64066-3 0  9994
2 48216  87.8936 279.7497 0002324  87.4270 272.7126 13.14504304255057
ONEWEB-0189             
1 48217U 21031H   26218.17252221  .00000208  00000+0  52605-3 0  9990
2 48217  87.8948 279.7389 0002265  90.1550 269.9839 13.14503720254797
ONEWEB-0196             
1 48218U 21031J   26218.22643482  .00000156  00000+0  38697-3 0  9997
2 48218  87.8945 279.7365 0002092  93.0709 267.0660 13.14503858254800
ONEWEB-0183             
1 48219U 21031K   26218.20106022 -.00000162  00000+0 -47063-3 0  9996
2 48219  87.8939 279.7376 0001890  99.2843 260.8500 13.14503783254898
ONEWEB-0185             
1 48220U 21031L   26218.22722667  .00000073  00000+0  16277-3 0  9991
2 48220  87.8949 279.7306 0001786  87.0853 273.0481 13.14502049254825
ONEWEB-0187             
1 48221U 21031M   26218.20724984 -.00000148  00000+0 -43383-3 0  9997
2 48221  87.8944 279.7471 0002015  91.1173 269.0188 13.14504137254831
ONEWEB-0192             
1 48222U 21031N   26218.17727394  .00000119  00000+0  28681-3 0  9992
2 48222  87.8944 279.7426 0002092  95.3147 264.8222 13.14501954254740
ONEWEB-0219             
1 48223U 21031P   26218.23277515  .00000121  00000+0  29289-3 0  9993
2 48223  87.8956 279.7272 0001952  92.5808 267.5545 13.14502340254951
ONEWEB-0202             
1 48224U 21031Q   26218.21375007 -.00000037  00000+0 -13375-3 0  9994
2 48224  87.8944 279.7415 0002708  89.7915 270.3526 13.14504041254934
ONEWEB-0204             
1 48225U 21031R   26218.17173744  .00000242  00000+0  61926-3 0  9995
2 48225  87.8950 279.7444 0001641  98.5171 261.6145 13.14503639254821
ONEWEB-0205             
1 48226U 21031S   26218.22325615  .00000061  00000+0  12941-3 0  9990
2 48226  87.8951 279.7306 0002076  88.6380 271.4987 13.14503749254842
ONEWEB-0206             
1 48227U 21031T   26218.19630533 -.00000163  00000+0 -47545-3 0  9998
2 48227  87.8946 279.7347 0002006 101.4121 258.7235 13.14502581254793
ONEWEB-0182             
1 48228U 21031U   26218.19153888 -.00000149  00000+0 -43736-3 0  9994
2 48228  87.8945 279.7419 0001816  96.8895 263.2442 13.14502360255007
ONEWEB-0186             
1 48229U 21031V   26218.20263345 -.00000213  00000+0 -61004-3 0  9997
2 48229  87.8954 279.7355 0002009  92.9309 267.2050 13.14503587254953
ONEWEB-0181             
1 48230U 21031W   26218.18044827  .00000092  00000+0  21318-3 0  9995
2 48230  87.8939 279.7597 0002126  90.5971 269.5402 13.14502615254806
ONEWEB-0188             
1 48231U 21031X   26218.21850048 -.00000008  00000+0 -56291-4 0  9998
2 48231  87.8933 279.7521 0002028  95.5556 264.5805 13.14503940254717
ONEWEB-0220             
1 48232U 21031Y   26218.18202986  .00000081  00000+0  18292-3 0  9994
2 48232  87.8954 279.7395 0001880  90.1191 270.0154 13.14503914254979
ONEWEB-0165             
1 48233U 21031Z   26218.21056879 -.00000249  00000+0 -70558-3 0  9998
2 48233  87.8945 279.7441 0002339  90.8790 269.2608 13.14502531254938
ONEWEB-0199             
1 48234U 21031AA  26218.19472094 -.00000130  00000+0 -38621-3 0  9991
2 48234  87.8951 279.7354 0002006 101.7493 258.3862 13.14503532254834
ONEWEB-0203             
1 48235U 21031AB  26218.18521514 -.00000035  00000+0 -12960-3 0  9995
2 48235  87.8951 279.7400 0002190  98.9514 261.1864 13.14502722254847
ONEWEB-0197             
1 48236U 21031AC  26218.23580340  .00000251  00000+0  64225-3 0  9993
2 48236  87.8942 279.7125 0001745  95.1352 264.9977 13.14503352254763
ONEWEB-0194             
1 48237U 21031AD  26218.21532576 -.00000047  00000+0 -16128-3 0  9994
2 48237  87.8943 279.7404 0002141 102.3228 257.8142 13.14501639254939
ONEWEB-0193             
1 48238U 21031AE  26218.23119402  .00000203  00000+0  51286-3 0  9992
2 48238  87.8944 279.7275 0002198 107.6575 252.4795 13.14503824254889
ONEWEB-0191             
1 48239U 21031AF  26218.16616695  .00000305  00000+0  78770-3 0  9991
2 48239  87.8954 279.7424 0001862  96.2356 263.8986 13.14502448254737
ONEWEB-0195             
1 48240U 21031AG  26218.21928075 -.00000127  00000+0 -37794-3 0  9992
2 48240  87.8947 279.7322 0002357  90.0269 270.1131 13.14506641254724
ONEWEB-0201             
1 48241U 21031AH  26218.20755032 -.00000132  00000+0 -39088-3 0  9997
2 48241  87.8943 279.7472 0001777  90.0943 270.0390 13.14503979254953
ONEWEB-0207             
1 48242U 21031AJ  26218.18756461  .00000865  00000+0  22980-2 0  9995
2 48242  87.8949 279.7383 0001768  96.9780 263.1551 13.14497510254860
ONEWEB-0208             
1 48243U 21031AK  26218.16934201  .00000258  00000+0  66209-3 0  9993
2 48243  87.8947 279.7468 0002294  91.1314 269.0079 13.14503750254873
ONEWEB-0200             
1 48244U 21031AL  26218.20899436 -.00000120  00000+0 -35935-3 0  9991
2 48244  87.8955 279.7302 0002037  93.7250 266.4113 13.14503474254808
ONEWEB-0217             
1 48245U 21031AM  26218.22483889  .00000182  00000+0  45509-3 0  9999
2 48245  87.8950 279.7306 0002342  91.0295 269.1103 13.14504362254757
ONEWEB-0211             
1 48767U 21045A   26218.13599539  .00000067  00000+0  14326-3 0  9998
2 48767  87.8965 249.1162 0002714  87.8622 272.2819 13.16197559251016
ONEWEB-0223             
1 48768U 21045B   26218.16293362  .00000128  00000+0  30613-3 0  9992
2 48768  87.8971 249.2325 0002479  95.7929 264.3485 13.15548932250971
ONEWEB-0230             
1 48769U 21045C   26218.13441159  .00000031  00000+0  47199-4 0  9990
2 48769  87.8964 249.2477 0001909  96.6902 263.4446 13.15549488251234
ONEWEB-0237             
1 48770U 21045D   26218.12331399 -.00000166  00000+0 -47517-3 0  9999
2 48770  87.8958 249.2517 0002196  85.2544 274.8837 13.15547852250950
ONEWEB-0235             
1 48771U 21045E   26218.17402306 -.00000044  00000+0 -15126-3 0  9998
2 48771  87.8973 249.2316 0002449  98.0055 262.1353 13.15546578250952
ONEWEB-0242             
1 48772U 21045F   26218.31979795  .00000091  00000+0  20738-3 0  9991
2 48772  87.8972 249.2004 0002148  98.8891 261.2482 13.15549667251011
ONEWEB-0241             
1 48773U 21045G   26218.07896363  .00000202  00000+0  50350-3 0  9991
2 48773  87.8960 249.2606 0002452  96.1192 264.0218 13.15551194250891
ONEWEB-0243             
1 48774U 21045H   26218.11063613 -.00000074  00000+0 -23104-3 0  9997
2 48774  87.8962 249.2674 0002331 105.4810 254.6578 13.15547460250925
ONEWEB-0222             
1 48775U 21045J   26218.17005283  .00000072  00000+0  15600-3 0  9991
2 48775  87.8970 249.2271 0002262  93.5693 266.5696 13.15546403250971
ONEWEB-0244             
1 48776U 21045K   26218.12015348 -.00000055  00000+0 -18024-3 0  9996
2 48776  87.8972 249.2343 0002165  95.7000 264.4377 13.15548914251537
ONEWEB-0247             
1 48777U 21045L   26218.11698634 -.00000097  00000+0 -29124-3 0  9990
2 48777  87.8959 249.2606 0002734 106.3052 253.8380 13.15547652250974
ONEWEB-0245             
1 48778U 21045M   26218.11221340 -.00000082  00000+0 -25253-3 0  9990
2 48778  87.8971 249.2453 0002217  91.4689 268.6695 13.15546949250943
ONEWEB-0229             
1 48779U 21045N   26218.10747868 -.00000040  00000+0 -14000-3 0  9990
2 48779  87.8970 249.2437 0002087  97.2084 262.9284 13.15548988250972
ONEWEB-0228             
1 48780U 21045P   26218.14088249  .00000060  00000+0  12414-3 0  9994
2 48780  87.8973 249.2326 0002119  94.7482 265.3891 13.15547090250899
ONEWEB-0232             
1 48781U 21045Q   26218.11540649 -.00000118  00000+0 -34872-3 0  9997
2 48781  87.8973 249.2375 0002113  92.0237 268.1135 13.15549618251214
ONEWEB-0231             
1 48782U 21045R   26218.32139702  .00000143  00000+0  34553-3 0  9997
2 48782  87.8968 249.2067 0002316  95.0576 265.0819 13.15548267250933
ONEWEB-0234             
1 48783U 21045S   26218.13111338 -.00000002  00000+0 -39755-4 0  9998
2 48783  87.8971 249.2285 0002122  71.1586 288.9775 13.15549464251049
ONEWEB-0238             
1 48784U 21045T   26218.13137074 -.00000008  00000+0 -55327-4 0  9993
2 48784  87.8972 249.2249 0002024  82.3403 277.7957 13.15546762250948
ONEWEB-0240             
1 48785U 21045U   26218.15262472  .00000152  00000+0  37005-3 0  9997
2 48785  87.8972 249.2297 0002371  91.0779 269.0623 13.15547385250979
ONEWEB-0246             
1 48786U 21045V   26218.14709366  .00000159  00000+0  38942-3 0  9993
2 48786  87.8970 249.2342 0002092  96.6308 263.5060 13.15548692250840
ONEWEB-0210             
1 48787U 21045W   26218.12173756 -.00000027  00000+0 -10699-3 0  9995
2 48787  87.8970 249.2360 0002534 110.8547 249.2855 13.15548937250885
ONEWEB-0214             
1 48788U 21045X   26218.13045796 -.00000019  00000+0 -85509-4 0  9993
2 48788  87.8971 249.2319 0001976 103.4309 256.7042 13.15549069250859
ONEWEB-0221             
1 48789U 21045Y   26218.13758392  .00000062  00000+0  13039-3 0  9991
2 48789  87.8969 249.2386 0002250  95.5093 264.6294 13.15548968250942
ONEWEB-0213             
1 48790U 21045Z   26218.12648336 -.00000051  00000+0 -16973-3 0  9998
2 48790  87.8968 249.2439 0002313  98.3387 261.8006 13.15549680251009
ONEWEB-0212             
1 48791U 21045AA  26218.10352091 -.00000008  00000+0 -54717-4 0  9998
2 48791  87.8973 249.2422 0002067  93.0988 267.0379 13.15548476250993
ONEWEB-0227             
1 48792U 21045AB  26218.33089178  .00000012  00000+0 -34124-5 0  9992
2 48792  87.8971 249.1967 0002129  94.6779 265.4595 13.15546697250972
ONEWEB-0226             
1 48793U 21045AC  26218.09638982  .00000065  00000+0  13982-3 0  9993
2 48793  87.8972 249.2484 0002199  99.5613 260.5766 13.15548683250914
ONEWEB-0224             
1 48794U 21045AD  26218.13599309 -.00000003  00000+0 -40875-4 0  9994
2 48794  87.8959 249.2717 0002668  78.3307 281.8122 13.15548984250843
ONEWEB-0233             
1 48795U 21045AE  26218.14061083  .00000103  00000+0  23991-3 0  9997
2 48795  87.8959 249.2776 0002357  94.2592 265.8808 13.15548174250863
ONEWEB-0190             
1 48796U 21045AF  26218.12806588 -.00000037  00000+0 -13284-3 0  9995
2 48796  87.8967 249.2454 0002703 100.9672 259.1763 13.15549628250934
ONEWEB-0236             
1 48797U 21045AG  26218.14550218  .00000074  00000+0  16257-3 0  9996
2 48797  87.8959 249.2479 0002002  90.6920 269.4440 13.15549162250823
ONEWEB-0248             
1 48798U 21045AH  26218.08211778  .00000242  00000+0  60892-3 0  9996
2 48798  87.8972 249.2492 0002526  92.7283 267.4137 13.15547284250970
ONEWEB-0225             
1 48799U 21045AJ  26218.10431163 -.00000020  00000+0 -87694-4 0  9998
2 48799  87.8969 249.2509 0002604  99.2526 260.8899 13.15549751250989
ONEWEB-0215             
1 48800U 21045AK  26218.15024942  .00000060  00000+0  12477-3 0  9997
2 48800  87.8972 249.2272 0002725  96.9599 263.1841 13.15547297250864
ONEWEB-0216             
1 48801U 21045AL  26218.15976962  .00000125  00000+0  29841-3 0  9991
2 48801  87.8970 249.2382 0001990  95.3370 264.7987 13.15549040250875
ONEWEB-0239             
1 48802U 21045AM  26218.31664600  .00000141  00000+0  34085-3 0  9997
2 48802  87.8968 249.2104 0002879  92.1361 268.0099 13.15548424250930
ONEWEB-0249             
1 48967U 21060A   26218.28689089  .00000051  00000+0  10022-3 0  9995
2 48967  87.9080 218.8249 0002188  88.0392 272.0989 13.16593332246208
ONEWEB-0250             
1 48968U 21060B   26218.26714143  .00000069  00000+0  12742-3 0  9994
2 48968  87.9087 216.4223 0002564  66.0461 294.0943 13.25836052246857
ONEWEB-0252             
1 48970U 21060D   26218.01377200  .00000041  00000+0  74828-4 0  9993
2 48970  87.9083 218.8715 0001954  98.3828 261.7524 13.16596289246216
ONEWEB-0253             
1 48971U 21060E   26218.07867522  .00000127  00000+0  29906-3 0  9992
2 48971  87.9082 218.8636 0002171  87.6474 272.4906 13.16592952246157
ONEWEB-0254             
1 48972U 21060F   26218.24017864  .00000016  00000+0  72196-5 0  9996
2 48972  87.9085 218.8301 0002421  89.3126 270.8282 13.16594884246178
ONEWEB-0255             
1 48973U 21060G   26218.05018565  .00000044  00000+0  81245-4 0  9990
2 48973  87.9079 218.8739 0002292  89.9475 270.1919 13.16595447246228
ONEWEB-0256             
1 48974U 21060H   26218.07630593  .00000104  00000+0  23763-3 0  9991
2 48974  87.9078 218.8707 0001992  92.6272 267.5087 13.16596436246196
ONEWEB-0257             
1 48975U 21060J   26218.03277325 -.00000035  00000+0 -12628-3 0  9991
2 48975  87.9082 218.8685 0002197  92.0186 268.1197 13.16595040246147
ONEWEB-0258             
1 48976U 21060K   26217.95835297 -.00000026  00000+0 -10127-3 0  9992
2 48976  87.9080 218.8958 0002124  88.6065 271.5309 13.16593812246144
ONEWEB-0259             
1 48977U 21060L   26218.02802086 -.00000024  00000+0 -97483-4 0  9991
2 48977  87.9079 218.8802 0002254  86.7390 273.3999 13.16595313246182
ONEWEB-0260             
1 48978U 21060M   26218.24730049  .00000014  00000+0  25818-5 0  9996
2 48978  87.9077 218.8361 0001897  99.1267 261.0079 13.16594441246199
ONEWEB-0261             
1 48979U 21060N   26218.06523766  .00000081  00000+0  17747-3 0  9997
2 48979  87.9078 218.8738 0002327  94.8016 265.3381 13.16595093246223
ONEWEB-0262             
1 48980U 21060P   26218.27342781  .00000042  00000+0  75637-4 0  9998
2 48980  87.9080 218.8196 0002322  84.8801 275.2595 13.16594995246218
ONEWEB-0263             
1 48981U 21060Q   26218.07710268  .00000063  00000+0  13190-3 0  9994
2 48981  87.9084 218.8705 0002413  92.5425 267.5983 13.16595330246150
ONEWEB-0264             
1 48982U 21060R   26218.26630765 -.00000039  00000+0 -13442-3 0  9994
2 48982  87.9075 218.8335 0002131  94.7014 265.4360 13.16595181246188
ONEWEB-0266             
1 48984U 21060T   26218.05967939  .00000109  00000+0  25205-3 0  9995
2 48984  87.9081 218.8674 0002040  87.5330 272.6034 13.16593689246148
ONEWEB-0267             
1 48985U 21060U   26218.29875869  .00000093  00000+0  20974-3 0  9992
2 48985  87.9084 218.8172 0002243  93.3869 266.7519 13.16595308246188
ONEWEB-0268             
1 48986U 21060V   26218.03909254 -.00000135  00000+0 -38661-3 0  9992
2 48986  87.9080 218.8775 0001982  91.8914 268.2444 13.16594262246415
ONEWEB-0269             
1 48987U 21060W   26218.02010260  .00000020  00000+0  18858-4 0  9990
2 48987  87.9078 218.8804 0001887  89.5616 270.5731 13.16595758246183
ONEWEB-0270             
1 48988U 21060X   26218.03752591 -.00000057  00000+0 -18372-3 0  9994
2 48988  87.9076 218.8801 0002435  88.5908 271.5502 13.16592840246223
ONEWEB-0271             
1 48989U 21060Y   26218.25284489 -.00000096  00000+0 -28589-3 0  9999
2 48989  87.9083 218.8262 0002331  91.9452 268.1946 13.16594794246257
ONEWEB-0272             
1 48990U 21060Z   26218.27499444  .00000011  00000+0 -54851-5 0  9991
2 48990  87.9074 218.8314 0002086  97.2692 262.8676 13.16593135246203
ONEWEB-0273             
1 48991U 21060AA  26218.06917050  .00000144  00000+0  34392-3 0  9999
2 48991  87.9075 218.8732 0002221  89.6125 270.5261 13.16594758246158
ONEWEB-0274             
1 48992U 21060AB  26218.24649292  .00000064  00000+0  13471-3 0  9996
2 48992  87.9074 218.8370 0002013  97.9229 262.2130 13.16592577246219
ONEWEB-0275             
1 48993U 21060AC  26218.23543690  .00000033  00000+0  53709-4 0  9996
2 48993  87.9084 218.8334 0001628 112.7116 247.4188 13.16593916246141
ONEWEB-0276             
1 48994U 21060AD  26218.26867937 -.00000018  00000+0 -81164-4 0  9994
2 48994  87.9082 218.8254 0002017  93.3506 266.7855 13.16595022246168
ONEWEB-0277             
1 48995U 21060AE  26218.05335135  .00000038  00000+0  65433-4 0  9993
2 48995  87.9075 218.8745 0002245  90.6244 269.5144 13.16593007246127
ONEWEB-0278             
1 48996U 21060AF  26218.04385458  .00000019  00000+0  15877-4 0  9992
2 48996  87.9080 218.8695 0002041  83.6475 276.4888 13.16595330246257
ONEWEB-0279             
1 48997U 21060AG  26218.27976322  .00000169  00000+0  40774-3 0  9993
2 48997  87.9083 218.8210 0002265  94.9185 265.2205 13.16594329246217
ONEWEB-0280             
1 48998U 21060AH  26218.06680055  .00000090  00000+0  20126-3 0  9998
2 48998  87.9081 218.8672 0002318  83.0445 277.0949 13.16592526246128
ONEWEB-0281             
1 48999U 21060AJ  26218.07235692  .00000145  00000+0  34659-3 0  9990
2 48999  87.9084 218.8621 0001971  92.4357 267.6999 13.16593371246192
ONEWEB-0282             
1 49000U 21060AK  26218.25442331  .00000010  00000+0 -79846-5 0  9995
2 49000  87.9082 218.8328 0002229  88.5483 271.5903 13.16593236246190
ONEWEB-0283             
1 49001U 21060AL  26218.01535567  .00000032  00000+0  49248-4 0  9999
2 49001  87.9081 218.8796 0002194  93.2290 266.9091 13.16595176246178
ONEWEB-0284             
1 49002U 21060AM  26218.23701348  .00000114  00000+0  26365-3 0  9991
2 49002  87.9083 218.8299 0002218  81.1334 279.0048 13.16595171246184
ONEWEB-0285             
1 49075U 21075A   26218.30056021 -.00000283  00000+0 -82218-3 0  9994
2 49075  87.8996 340.7059 0001660  98.1833 261.9484 13.12442896241783
ONEWEB-0286             
1 49076U 21075B   26218.28263778 -.00000235  00000+0 -68955-3 0  9990
2 49076  87.8985 340.7213 0001645  99.2015 260.9300 13.12442457241139
ONEWEB-0287             
1 49077U 21075C   26218.13265539  .00000025  00000+0  30984-4 0  9999
2 49077  87.9171 355.9346 0001459  90.9986 269.1313 13.17649540240200
ONEWEB-0288             
1 49078U 21075D   26218.25906336  .00000504  00000+0  13648-2 0  9998
2 49078  87.8994 340.7070 0001744  94.1276 266.0052 13.12442673241754
ONEWEB-0289             
1 49079U 21075E   26218.09553437  .00000012  00000+0 -10086-5 0  9992
2 49079  87.9174 355.9611 0002176  89.0516 271.0865 13.17648625240774
ONEWEB-0290             
1 49080U 21075F   26218.29634407 -.00000066  00000+0 -20304-3 0  9995
2 49080  87.9182 355.8954 0002247  87.4018 272.7371 13.17649080240217
ONEWEB-0291             
1 49081U 21075G   26217.90146958  .00000027  00000+0  36396-4 0  9996
2 49081  87.9171 355.9777 0001760  85.8834 274.2498 13.17650939240152
ONEWEB-0293             
1 49082U 21075H   26218.30646857  .00000094  00000+0  20942-3 0  9998
2 49082  87.9179 355.9001 0001911  91.2911 268.8439 13.17648871240231
ONEWEB-0294             
1 49083U 21075J   26218.26583656  .00000311  00000+0  82785-3 0  9996
2 49083  87.8998 340.7101 0002118  91.8822 268.2549 13.12441017241145
ONEWEB-0295             
1 49084U 21075K   26218.30561938  .00000060  00000+0  12093-3 0  9997
2 49084  87.9175 355.9041 0001647  88.3278 271.8042 13.17648454240198
ONEWEB-0296             
1 49085U 21075L   26218.32173640  .00000417  00000+0  11248-2 0  9995
2 49085  87.8991 340.7066 0001710  89.6457 270.4868 13.12444876241152
ONEWEB-0297             
1 49086U 21075M   26218.27598758 -.00000093  00000+0 -29301-3 0  9993
2 49086  87.8985 340.7209 0001777  98.3383 261.7947 13.12443179241755
ONEWEB-0298             
1 49087U 21075N   26218.30997822  .00000063  00000+0  12908-3 0  9993
2 49087  87.9174 355.9013 0001746  97.5794 262.5536 13.17651125240222
ONEWEB-0299             
1 49088U 21075P   26218.31153363  .00000067  00000+0  13877-3 0  9999
2 49088  87.9184 355.8861 0001683  95.0256 265.1067 13.17650069240202
ONEWEB-0300             
1 49089U 21075Q   26218.26837274  .00000233  00000+0  61286-3 0  9996
2 49089  87.8997 340.7075 0001691 110.9831 249.1479 13.12442537241775
ONEWEB-0301             
1 49090U 21075R   26218.25228365  .00001501  00000+0  41354-2 0  9994
2 49090  87.8994 340.7080 0001859 113.8907 246.2417 13.12437380241132
ONEWEB-0302             
1 49091U 21075S   26218.31496773  .00000178  00000+0  45906-3 0  9999
2 49091  87.8989 340.7067 0001983  89.1876 270.9480 13.12446093241124
ONEWEB-0304             
1 49092U 21075T   26218.28622697  .00000098  00000+0  21915-3 0  9997
2 49092  87.9172 355.9087 0001723  92.9760 267.1569 13.17650296240173
ONEWEB-0305             
1 49093U 21075U   26217.89979490  .00000093  00000+0  20571-3 0  9992
2 49093  87.9182 355.9740 0001466  89.4715 270.6584 13.17648592240156
ONEWEB-0308             
1 49094U 21075V   26218.30818037 -.00000052  00000+0 -18043-3 0  9997
2 49094  87.8997 340.7021 0001882  99.1811 260.9531 13.12445021241131
ONEWEB-0309             
1 49095U 21075W   26218.13097081  .00000016  00000+0  92459-5 0  9990
2 49095  87.9170 355.9325 0002141  85.8382 274.2994 13.17648561240156
ONEWEB-0310             
1 49096U 21075X   26218.24719866  .00000415  00000+0  11177-2 0  9993
2 49096  87.8987 340.7310 0001921  98.3391 261.7955 13.12442947241752
ONEWEB-0311             
1 49097U 21075Y   26218.13772338  .00000020  00000+0  19428-4 0  9996
2 49097  87.9172 355.9310 0001403  95.8742 264.2549 13.17649410240200
ONEWEB-0312             
1 49098U 21075Z   26218.30478173  .00000093  00000+0  20721-3 0  9993
2 49098  87.9175 355.9079 0001702  86.3042 273.8284 13.17650219240207
ONEWEB-0313             
1 49099U 21075AA  26218.30970765  .00000038  00000+0  64684-4 0  9994
2 49099  87.9173 355.9116 0001731  95.5446 264.5883 13.17648878240198
ONEWEB-0314             
1 49100U 21075AB  26217.89642286 -.00000222  00000+0 -60565-3 0  9994
2 49100  87.9182 355.9721 0001677  85.3129 274.8194 13.17651842240113
ONEWEB-0315             
1 49101U 21075AC  26218.29632048 -.00000378  00000+0 -10867-2 0  9996
2 49101  87.8997 340.6895 0001480 103.2945 256.8349 13.12443725241744
ONEWEB-0316             
1 49102U 21075AD  26218.31330654  .00000072  00000+0  14867-3 0  9992
2 49102  87.9209 325.4937 0002012  98.5836 261.5524 13.18687869243810
ONEWEB-0317             
1 49103U 21075AE  26218.29969382  .00001729  00000+0  47671-2 0  9994
2 49103  87.8984 340.7124 0002711  91.5303 268.6136 13.12464179241766
ONEWEB-0318             
1 49104U 21075AF  26218.30979743  .00000061  00000+0  12275-3 0  9990
2 49104  87.9211 325.4968 0001759 100.2458 259.8873 13.18684797243776
ONEWEB-0319             
1 49105U 21075AG  26217.91160599  .00000044  00000+0  81007-4 0  9999
2 49105  87.9174 355.9807 0001344 105.6537 254.4743 13.17648895240156
ONEWEB-0323             
1 49106U 21075AH  26218.28107251 -.00000168  00000+0 -50311-3 0  9999
2 49106  87.8998 340.6978 0001292  99.0938 261.0336 13.12442723241120
ONEWEB-0329             
1 49107U 21075AJ  26218.29971694  .00000047  00000+0  88487-4 0  9991
2 49107  87.9176 355.9051 0001744  92.9317 267.2014 13.17649720240183
ONEWEB-0330             
1 49108U 21075AK  26218.30324287  .00000218  00000+0  52785-3 0  9995
2 49108  87.9177 355.9163 0001795  90.7075 269.4262 13.17649260240225
ONEWEB-0292             
1 49186U 21083A   26218.29040016 -.00000251  00000+0 -72233-3 0  9992
2 49186  87.8978 310.2710 0001821 102.0463 258.0870 13.13471725237500
ONEWEB-0303             
1 49187U 21083B   26218.30644801  .00000086  00000+0  18570-3 0  9995
2 49187  87.9210 325.4960 0001739 100.3896 259.7433 13.18685778236585
ONEWEB-0306             
1 49188U 21083C   26218.29632879  .00000069  00000+0  14141-3 0  9997
2 49188  87.9212 325.4874 0002177  96.4297 263.7084 13.18686766236629
ONEWEB-0307             
1 49189U 21083D   26218.28449057 -.00000265  00000+0 -76059-3 0  9997
2 49189  87.8978 310.2699 0001857  98.4679 261.6661 13.13470081237507
ONEWEB-0320             
1 49190U 21083E   26218.31655605  .00000083  00000+0  17848-3 0  9998
2 49190  87.9201 325.4964 0002000  99.3758 260.7600 13.18685847236584
ONEWEB-0321             
1 49191U 21083F   26218.12477166 -.00000072  00000+0 -21007-3 0  9994
2 49191  87.9159 264.4809 0002258  97.5461 262.5929 13.20771297243426
ONEWEB-0322             
1 49192U 21083G   26218.28024490 -.00000295  00000+0 -84300-3 0  9992
2 49192  87.8979 310.2702 0002393 104.5072 255.6322 13.13471308237497
ONEWEB-0324             
1 49193U 21083H   26218.28956110  .00000047  00000+0  86662-4 0  9993
2 49193  87.9214 325.4945 0001926  93.1075 267.0277 13.18687881236603
ONEWEB-0325             
1 49194U 21083J   26218.29294835  .00000076  00000+0  15886-3 0  9995
2 49194  87.9202 325.4973 0001934 104.0978 256.0369 13.18683935236612
ONEWEB-0326             
1 49195U 21083K   26218.30826325  .00000053  00000+0  10132-3 0  9997
2 49195  87.9210 325.4961 0001685 104.9456 255.1863 13.18687547236603
ONEWEB-0327             
1 49196U 21083L   26218.30798751  .00000071  00000+0  14616-3 0  9990
2 49196  87.9204 325.4964 0001692 109.9562 250.1753 13.18687403236627
ONEWEB-0328             
1 49197U 21083M   26218.27009654  .00000072  00000+0  16165-3 0  9996
2 49197  87.8988 310.2503 0001966  95.4528 264.6825 13.13470411237470
ONEWEB-0331             
1 49198U 21083N   26218.30137626  .00000071  00000+0  14783-3 0  9995
2 49198  87.9214 325.4915 0001601 102.3603 257.7709 13.18687333236614
ONEWEB-0333             
1 49199U 21083P   26218.26502037  .00000030  00000+0  47979-4 0  9992
2 49199  87.8979 310.2731 0001910 100.6038 259.5306 13.13470123237487
ONEWEB-0334             
1 49200U 21083Q   26218.13906492  .00000033  00000+0  50151-4 0  9993
2 49200  87.9160 264.4883 0002831  99.8976 260.2477 13.20776610243386
ONEWEB-0335             
1 49201U 21083R   26218.25995471  .00000226  00000+0  58329-3 0  9990
2 49201  87.8981 310.2713 0001804 100.5820 259.5512 13.13469991237495
ONEWEB-0336             
1 49202U 21083S   26218.30735025  .00000107  00000+0  25933-3 0  9997
2 49202  87.8976 310.2566 0001668  98.2729 261.8589 13.13470612237497
ONEWEB-0337             
1 49203U 21083T   26218.31737339  .00000229  00000+0  59220-3 0  9990
2 49203  87.8978 310.2607 0001875  93.4818 266.6526 13.13472145237499
ONEWEB-0338             
1 49204U 21083U   26218.19210365 -.00000041  00000+0 -13389-3 0  9992
2 49204  87.9158 264.4794 0002309  99.4254 260.7140 13.20770768243417
ONEWEB-0339             
1 49205U 21083V   26218.24979394  .00000385  00000+0  10187-2 0  9994
2 49205  87.8979 310.2674 0002285  99.0365 261.1023 13.13470872237465
ONEWEB-0340             
1 49206U 21083W   26218.28789492  .00000066  00000+0  13444-3 0  9993
2 49206  87.9210 325.5002 0001793  98.8578 261.2757 13.18686184236571
ONEWEB-0341             
1 49207U 21083X   26218.29463817  .00000061  00000+0  12103-3 0  9991
2 49207  87.9207 325.4987 0001899  82.9875 277.1473 13.18685867236590
ONEWEB-0342             
1 49208U 21083Y   26218.19883535 -.00000044  00000+0 -14034-3 0  9992
2 49208  87.9158 264.4685 0002117  95.3848 264.7527 13.20770148243382
ONEWEB-0343             
1 49209U 21083Z   26218.30306919  .00000074  00000+0  15621-3 0  9996
2 49209  87.9207 325.4960 0002356  98.1966 261.9433 13.18686108236644
ONEWEB-0344             
1 49210U 21083AA  26218.24470545  .00000395  00000+0  10459-2 0  9997
2 49210  87.8977 310.2808 0001888  87.2093 272.9252 13.13470177237465
ONEWEB-0345             
1 49211U 21083AB  26218.31241817  .00000208  00000+0  53341-3 0  9995
2 49211  87.8985 310.2541 0001983  90.1249 270.0108 13.13471530237486
ONEWEB-0346             
1 49212U 21083AC  26218.29969392  .00000070  00000+0  14578-3 0  9994
2 49212  87.9201 325.4951 0001340 107.5032 252.6247 13.18686509236581
ONEWEB-0348             
1 49213U 21083AD  26218.18871831 -.00000092  00000+0 -25869-3 0  9994
2 49213  87.9162 264.4753 0001622  86.6828 273.4491 13.20773202243415
ONEWEB-0350             
1 49214U 21083AE  26218.25500578  .00000307  00000+0  80489-3 0  9996
2 49214  87.8982 310.2693 0002588 120.9798 239.1586 13.13469488237505
ONEWEB-0351             
1 49215U 21083AF  26218.18187129 -.00000014  00000+0 -66633-4 0  9995
2 49215  87.9161 264.4755 0002584  88.3001 271.8428 13.20771024243375
ONEWEB-0352             
1 49216U 21083AG  26218.30226568 -.00000018  00000+0 -84020-4 0  9995
2 49216  87.8979 310.2636 0002410  96.8386 263.3018 13.13471096237606
ONEWEB-0354             
1 49217U 21083AH  26218.20893953 -.00000065  00000+0 -19149-3 0  9994
2 49217  87.9160 264.4683 0001771  84.8938 275.2398 13.20771607243419
ONEWEB-0355             
1 49218U 21083AJ  26218.25571306  .00000317  00000+0  83195-3 0  9995
2 49218  87.8981 310.2736 0002101  94.9949 265.1420 13.13469018237476
ONEWEB-0357             
1 49219U 21083AK  26218.12979610  .00000027  00000+0  33901-4 0  9991
2 49219  87.9160 264.4782 0002174  90.3265 269.8118 13.20775325243403
ONEWEB-0332             
1 49279U 21090A   26218.22801937  .00000129  00000+0  31219-3 0  9994
2 49279  87.8944 279.7376 0002180 101.7321 258.4053 13.14501099234155
ONEWEB-0347             
1 49280U 21090B   26218.19547274 -.00000070  00000+0 -20526-3 0  9999
2 49280  87.9159 264.4728 0002213 101.2784 258.8598 13.20771581237640
ONEWEB-0349             
1 49281U 21090C   26218.15166814 -.00000993  00000+0 -24750-2 0  9999
2 49281  87.9157 264.4828 0002212  95.3828 264.7558 13.20777116236428
ONEWEB-0353             
1 49282U 21090D   26218.22009027  .00000011  00000+0 -53045-5 0  9992
2 49282  87.8942 279.7357 0002203 102.6434 257.4943 13.14503456234153
ONEWEB-0356             
1 49283U 21090E   26218.15001412  .00000119  00000+0  25975-3 0  9992
2 49283  87.9160 264.4762 0001659 117.4100 242.7202 13.20772706236426
ONEWEB-0358             
1 49284U 21090F   26218.18620828  .00000040  00000+0  65814-4 0  9994
2 49284  87.9161 264.4768 0001923  96.1945 263.9407 13.20771284237151
ONEWEB-0359             
1 49285U 21090G   26218.17695634  .00000079  00000+0  16298-3 0  9994
2 49285  87.9159 264.4706 0001853  90.2808 269.8538 13.20771380237131
ONEWEB-0360             
1 49286U 21090H   26218.16685539  .00000062  00000+0  12015-3 0  9992
2 49286  87.9159 264.4790 0002071  92.2751 267.8620 13.20772484236446
ONEWEB-0361             
1 49287U 21090J   26218.14833604  .00000079  00000+0  16139-3 0  9998
2 49287  87.9159 264.4813 0001955  94.6069 265.5288 13.20771283236891
ONEWEB-0362             
1 49288U 21090K   26218.29212968 -.00000017  00000+0 -75688-4 0  9998
2 49288  87.9171 295.0019 0002195  93.9602 266.1782 13.19724606233524
ONEWEB-0363             
1 49289U 21090L   26218.16346813  .00000084  00000+0  17582-3 0  9992
2 49289  87.9158 264.4785 0001799 101.3415 258.7920 13.20772938236904
ONEWEB-0364             
1 49290U 21090M   26218.20220695 -.00000208  00000+0 -54375-3 0  9999
2 49290  87.9156 264.4778 0002053  95.4475 264.6893 13.20771041238045
ONEWEB-0365             
1 49291U 21090N   26218.22577529  .00000063  00000+0  12559-3 0  9998
2 49291  87.9180 295.0072 0002137  98.4096 261.7279 13.19724338233029
ONEWEB-0366             
1 49292U 21090P   26218.21693057 -.00000092  00000+0 -28238-3 0  9998
2 49292  87.8943 279.7383 0002021  97.5938 262.5422 13.14503344234136
ONEWEB-0367             
1 49293U 21090Q   26218.16263730  .00000081  00000+0  16848-3 0  9994
2 49293  87.9158 264.4800 0002229  94.3634 265.7754 13.20770716236422
ONEWEB-0368             
1 49294U 21090R   26218.13654950  .00000086  00000+0  18011-3 0  9999
2 49294  87.9154 264.4902 0002297 113.8967 246.2407 13.20773166237571
ONEWEB-0369             
1 49295U 21090S   26218.22105162  .00000053  00000+0  99271-4 0  9998
2 49295  87.9175 295.0117 0002119 101.3891 258.7480 13.19728193233016
ONEWEB-0370             
1 49296U 21090T   26218.17188384  .00000061  00000+0  11788-3 0  9995
2 49296  87.9157 264.4774 0002075  86.5471 273.5900 13.20773219236460
ONEWEB-0371             
1 49297U 21090U   26218.22895370  .00000094  00000+0  20292-3 0  9998
2 49297  87.9176 295.0061 0002095  97.9740 262.1631 13.19727802233050
ONEWEB-0372             
1 49298U 21090V   26218.16167276  .00000094  00000+0  20030-3 0  9999
2 49298  87.9157 264.4814 0002098  95.6659 264.4714 13.20772461236438
ONEWEB-0373             
1 49299U 21090W   26218.18705424  .00000672  00000+0  16209-2 0  9999
2 49299  87.9157 264.4755 0001852  95.1230 265.0115 13.20767320237622
ONEWEB-0374             
1 49300U 21090X   26218.20421791 -.00000139  00000+0 -41011-3 0  9997
2 49300  87.8951 279.7331 0001528 106.3514 253.7784 13.14504158234135
ONEWEB-0375             
1 49301U 21090Y   26218.17526933  .00000037  00000+0  59622-4 0  9991
2 49301  87.9159 264.4705 0001516 101.5365 258.5939 13.20771044237125
ONEWEB-0376             
1 49302U 21090Z   26218.22737154  .00000113  00000+0  25035-3 0  9992
2 49302  87.9177 295.0061 0002231  99.7646 260.3738 13.19725529233057
ONEWEB-0377             
1 49303U 21090AA  26218.16194146  .00000116  00000+0  25324-3 0  9998
2 49303  87.9157 264.4750 0001764  99.4132 260.7200 13.20769964237110
ONEWEB-0378             
1 49304U 21090AB  26218.18213141 -.00000023  00000+0 -87785-4 0  9997
2 49304  87.9156 264.4742 0001939  98.3890 261.7463 13.20772759236380
ONEWEB-0379             
1 49305U 21090AC  26218.19947601 -.00000204  00000+0 -58522-3 0  9991
2 49305  87.8947 279.7435 0001930  99.2273 260.9075 13.14503072234136
ONEWEB-0380             
1 49306U 21090AD  26218.22419575  .00000093  00000+0  19936-3 0  9990
2 49306  87.9174 295.0090 0001906  96.9477 263.1873 13.19724162233029
ONEWEB-0381             
1 49307U 21090AE  26218.15845169  .00000071  00000+0  14180-3 0  9997
2 49307  87.9160 264.4809 0001893  96.7830 263.3519 13.20789994236421
ONEWEB-0382             
1 49308U 21090AF  26218.14495700  .00000034  00000+0  51926-4 0  9998
2 49308  87.9160 264.4772 0001845 101.4135 258.7205 13.20772872236416
ONEWEB-0383             
1 49309U 21090AG  26218.19312458 -.00000122  00000+0 -36455-3 0  9991
2 49309  87.8949 279.7372 0001972 101.1547 258.9805 13.14504077234162
ONEWEB-0384             
1 49310U 21090AH  26218.20775246  .00000046  00000+0  80194-4 0  9996
2 49310  87.9160 264.5082 0001834 109.8732 250.2599 13.20816074236435
ONEWEB-0385             
1 49311U 21090AJ  26218.13822837 -.00000388  00000+0 -98524-3 0  9994
2 49311  87.9159 264.4834 0001940  98.1859 261.9494 13.20775253236397
ONEWEB-0386             
1 49312U 21090AK  26218.15506903  .00000117  00000+0  25623-3 0  9998
2 49312  87.9162 264.4732 0001931 100.4019 259.7332 13.20770764236415
ONEWEB-0387             
1 49313U 21090AL  26218.13990865  .00000079  00000+0  16142-3 0  9994
2 49313  87.9154 264.4918 0001711  92.9351 267.1978 13.20772857236417
ONEWEB-0388             
1 49314U 21090AM  26218.21947690  .00000093  00000+0  20115-3 0  9993
2 49314  87.9172 295.0079 0001951 101.4102 258.7250 13.19725789233014
ONEWEB-0389             
1 50469U 21132A   26218.31659285  .00000074  00000+0  15859-3 0  9992
2 50469  87.9176 355.9003 0001484  95.9755 264.1546 13.17649179224684
ONEWEB-0390             
1 50470U 21132B   26218.31828015  .00000068  00000+0  14291-3 0  9995
2 50470  87.9177 355.9012 0001886  90.6979 269.4368 13.17648731224686
ONEWEB-0391             
1 50471U 21132C   26218.31996826  .00000089  00000+0  19517-3 0  9991
2 50471  87.9175 355.9107 0001167  81.6626 278.4638 13.17648611224688
ONEWEB-0392             
1 50472U 21132D   26217.89472566 -.00000012  00000+0 -63007-4 0  9996
2 50472  87.9179 355.9675 0001469  94.9195 265.2104 13.17648350224666
ONEWEB-0393             
1 50473U 21132E   26217.94617321  .00000025  00000+0  31100-4 0  9994
2 50473  87.9168 355.9698 0001513  94.0646 266.0659 13.17650218224662
ONEWEB-0394             
1 50474U 21132F   26218.25247975  .00000072  00000+0  15041-3 0  9991
2 50474  87.9211 325.4935 0001862 103.9351 256.1988 13.18686916228190
ONEWEB-0395             
1 50475U 21132G   26217.98895581 -.00000538  00000+0 -15529-2 0  9992
2 50475  87.8909  11.1520 0001837  89.5407 270.5932 13.11414668222241
ONEWEB-0396             
1 50476U 21132H   26218.32160319  .00000103  00000+0  22944-3 0  9992
2 50476  87.9208 325.4927 0001756 103.7362 256.3966 13.18684684228245
ONEWEB-0397             
1 50477U 21132J   26218.26089672  .00000002  00000+0 -27773-4 0  9993
2 50477  87.9208 325.5047 0001844 107.0304 253.1030 13.18687165228212
ONEWEB-0398             
1 50478U 21132K   26218.18551862  .00000547  00000+0  15067-2 0  9994
2 50478  87.8918  11.1074 0001933  85.8001 274.3348 13.11415531222168
ONEWEB-0399             
1 50479U 21132L   26217.94306458  .00000307  00000+0  82985-3 0  9995
2 50479  87.8908  11.1656 0001362 100.1623 259.9659 13.11417863222121
ONEWEB-0400             
1 50480U 21132M   26218.31486704  .00000047  00000+0  87015-4 0  9993
2 50480  87.9213 325.4840 0001968  95.6845 264.4512 13.18687190228219
ONEWEB-0401             
1 50481U 21132N   26218.28450981  .00000079  00000+0  16867-3 0  9999
2 50481  87.9213 325.4878 0002062 107.5279 252.6078 13.18687595228216
ONEWEB-0402             
1 50482U 21132P   26218.24743015  .00000105  00000+0  23270-3 0  9995
2 50482  87.9213 325.4836 0002116 113.4283 246.7072 13.18686026228230
ONEWEB-0403             
1 50483U 21132Q   26218.27270607  .00000027  00000+0  36615-4 0  9992
2 50483  87.9210 325.5027 0001792 100.2838 259.8496 13.18687053228191
ONEWEB-0404             
1 50484U 21132R   26218.15328506 -.00000514  00000+0 -14874-2 0  9996
2 50484  87.8914  11.1209 0001517  90.2509 269.8793 13.11418266222242
ONEWEB-0405             
1 50485U 21132S   26218.28620654  .00000086  00000+0  18447-3 0  9993
2 50485  87.9217 325.4864 0002126  88.4316 271.7059 13.18686853228597
ONEWEB-0406             
1 50486U 21132T   26218.27775489 -.00000002  00000+0 -36647-4 0  9993
2 50486  87.9207 325.5010 0001400  99.4476 260.6815 13.18686887228228
ONEWEB-0407             
1 50487U 21132U   26218.27103381  .00000106  00000+0  23492-3 0  9996
2 50487  87.9212 325.4968 0002154 100.9515 259.1859 13.18684907228160
ONEWEB-0409             
1 50488U 21132V   26217.92269678 -.00000415  00000+0 -12081-2 0  9996
2 50488  87.8919  11.1568 0001595  88.2162 271.9149 13.11418864222105
ONEWEB-0412             
1 50489U 21132W   26218.25921081  .00000217  00000+0  51851-3 0  9994
2 50489  87.9207 325.5055 0002099 109.1883 250.9476 13.18687655228258
ONEWEB-0413             
1 50490U 21132X   26218.26428860  .00000102  00000+0  22557-3 0  9998
2 50490  87.9214 325.5012 0002201 106.7293 253.4081 13.18686112228194
ONEWEB-0414             
1 50491U 21132Y   26218.24909493  .00000058  00000+0  11433-3 0  9994
2 50491  87.9211 325.4900 0001903 105.8180 254.3162 13.18684269228225
ONEWEB-0417             
1 50492U 21132Z   26218.25754619  .00000084  00000+0  18142-3 0  9997
2 50492  87.9206 325.5038 0001715  98.2037 261.9290 13.18685868228200
ONEWEB-0418             
1 50493U 21132AA  26218.26751291  .00000077  00000+0  16267-3 0  9990
2 50493  87.9207 325.5038 0001698  96.8484 263.2841 13.18686771228269
ONEWEB-0419             
1 50494U 21132AB  26218.28687070  .00000118  00000+0  26573-3 0  9993
2 50494  87.9212 325.5016 0001874  94.9010 265.2336 13.18667298228187
ONEWEB-0420             
1 50495U 21132AC  26218.25080420  .00000081  00000+0  17243-3 0  9990
2 50495  87.9203 325.5072 0002166 100.1281 260.0096 13.18685797228174
ONEWEB-0421             
1 50496U 21132AD  26218.31993238  .00000096  00000+0  21198-3 0  9998
2 50496  87.9203 325.4918 0001853 111.4593 248.6737 13.18687554228229
ONEWEB-0424             
1 50497U 21132AE  26218.28113227  .00000050  00000+0  94269-4 0  9997
2 50497  87.9209 325.5004 0001935  90.0409 270.0945 13.18687394228246
ONEWEB-0426             
1 50498U 21132AF  26218.31572023  .00000097  00000+0  21303-3 0  9994
2 50498  87.9211 325.4847 0001291 112.3146 247.8123 13.18687022228197
ONEWEB-0427             
1 50499U 21132AG  26218.27944654  .00000096  00000+0  20972-3 0  9993
2 50499  87.9214 325.4815 0001743 100.3556 259.7772 13.18687573228216
ONEWEB-0429             
1 50500U 21132AH  26218.26597406  .00000054  00000+0  10441-3 0  9998
2 50500  87.9204 325.5048 0002073 100.6542 259.4824 13.18685501228182
ONEWEB-0430             
1 50501U 21132AJ  26218.25417001  .00000080  00000+0  16969-3 0  9990
2 50501  87.9203 325.5056 0002207  99.0205 261.1177 13.18685697228229
ONEWEB-0432             
1 50502U 21132AK  26218.31303968  .00000070  00000+0  14585-3 0  9995
2 50502  87.9213 325.4820 0002174  89.3566 270.7815 13.18687766228183
ONEWEB-0440             
1 50503U 21132AL  26218.27440748  .00000118  00000+0  26557-3 0  9994
2 50503  87.9212 325.5014 0002087 108.1214 252.0145 13.18685921228171
ONEWEB-0450             
1 50504U 21132AM  26218.26777832 -.00000146  00000+0 -40411-3 0  9999
2 50504  87.9201 325.5028 0002126 100.1645 259.9727 13.18685315228202
ONEWEB-0410             
1 51622U 22012A   26218.10734986 -.00000017  00000+0 -76487-4 0  9995
2 51622  87.9180 355.9361 0000533  94.6716 265.4477 13.17647788220277
ONEWEB-0411             
1 51623U 22012B   26218.02747388 -.00000577  00000+0 -16895-2 0  9993
2 51623  87.8838  26.3367 0002295  86.3463 273.7927 13.10370201215818
ONEWEB-0415             
1 51624U 22012C   26218.02409470 -.00000367  00000+0 -10888-2 0  9994
2 51624  87.8833  26.3342 0001962  84.0107 276.1244 13.10369368215818
ONEWEB-0416             
1 51625U 22012D   26218.18866974 -.00000684  00000+0 -19960-2 0  9990
2 51625  87.8826  26.3167 0001902  80.2728 279.8614 13.10371647215877
ONEWEB-0422             
1 51626U 22012E   26217.88966092  .00000084  00000+0  18268-3 0  9992
2 51626  87.9175 355.9781 0002389 106.0265 254.1129 13.17648897220359
ONEWEB-0423             
1 51627U 22012F   26218.11071830 -.00000083  00000+0 -24596-3 0  9999
2 51627  87.9175 355.9377 0001758  98.3972 261.7359 13.17648549220272
ONEWEB-0425             
1 51628U 22012G   26218.19885436 -.00000393  00000+0 -11609-2 0  9997
2 51628  87.8835  26.2996 0001392  85.6310 274.4977 13.10374287215874
ONEWEB-0428             
1 51629U 22012H   26218.02577633 -.00000514  00000+0 -15081-2 0  9990
2 51629  87.8827  26.3400 0001824  92.2020 267.9316 13.10369490215817
ONEWEB-0431             
1 51630U 22012J   26217.99512222  .00000652  00000+0  18310-2 0  9999
2 51630  87.8833  26.3399 0002389  85.2460 274.8940 13.10373606215869
ONEWEB-0434             
1 51631U 22012K   26217.97331295 -.00000491  00000+0 -14429-2 0  9997
2 51631  87.8837  26.3712 0001212  92.5669 267.5597 13.10376239215849
ONEWEB-0435             
1 51632U 22012L   26217.97998276  .00000177  00000+0  47187-3 0  9993
2 51632  87.8833  26.3523 0002116  94.9841 265.1528 13.10376181215831
ONEWEB-0436             
1 51633U 22012M   26218.10227799 -.00000021  00000+0 -88267-4 0  9990
2 51633  87.9183 355.9245 0002035 102.8775 257.2584 13.17648514220253
ONEWEB-0438             
1 51634U 22012N   26217.96469732 -.00000641  00000+0 -18723-2 0  9995
2 51634  87.8831  26.3595 0001598  88.4598 271.6712 13.10374210215861
ONEWEB-0439             
1 51635U 22012P   26218.19713900  .00001461  00000+0  41458-2 0  9991
2 51635  87.8831  26.3017 0001807  93.2759 266.8575 13.10395859215873
ONEWEB-0442             
1 51636U 22012Q   26218.09468383  .00000015  00000+0  54065-5 0  9998
2 51636  87.9175 355.9546 0001274  93.2374 266.8903 13.17648078220248
ONEWEB-0443             
1 51637U 22012R   26217.88629133 -.00000052  00000+0 -16737-3 0  9992
2 51637  87.9171 355.9972 0001802 107.9812 252.1516 13.17648574220266
ONEWEB-0444             
1 51638U 22012S   26218.18698379 -.00000550  00000+0 -16124-2 0  9997
2 51638  87.8834  26.3018 0001786  97.8513 262.2817 13.10372351215886
ONEWEB-0445             
1 51639U 22012T   26218.20735152 -.00000006  00000+0 -54381-4 0  9997
2 51639  87.8841  26.2890 0001806  86.9727 273.1607 13.10376539215892
ONEWEB-0446             
1 51640U 22012U   26218.18528952 -.00000694  00000+0 -20257-2 0  9990
2 51640  87.8830  26.3191 0001801  80.4738 279.6593 13.10370851215877
ONEWEB-0448             
1 51641U 22012V   26218.19037670 -.00000732  00000+0 -21332-2 0  9992
2 51641  87.8829  26.3129 0001789  91.9798 268.1535 13.10372836215846
ONEWEB-0449             
1 51642U 22012W   26217.96639582 -.00000458  00000+0 -13488-2 0  9995
2 51642  87.8835  26.3460 0001243  80.0293 280.0975 13.10375236215822
ONEWEB-0451             
1 51643U 22012X   26217.87110036  .00000027  00000+0  36560-4 0  9992
2 51643  87.9181 355.9690 0001633  98.0741 262.0576 13.17648608220202
ONEWEB-0452             
1 51644U 22012Y   26217.86939927 -.00000147  00000+0 -41270-3 0  9998
2 51644  87.9170 356.0011 0001726 107.3606 252.7714 13.17647758220213
ONEWEB-0456             
1 51646U 22012AA  26218.20395493 -.00000169  00000+0 -52064-3 0  9990
2 51646  87.8846  26.2896 0001902  94.4125 265.7220 13.10375940215897
ONEWEB-0457             
1 51647U 22012AB  26218.02904159 -.00000614  00000+0 -17959-2 0  9994
2 51647  87.8831  26.3377 0001703  79.5970 280.5349 13.10371218215877
ONEWEB-0458             
1 51648U 22012AC  26217.97404153 -.00000172  00000+0 -52977-3 0  9996
2 51648  87.8837  26.3376 0001663  96.6881 263.4436 13.10376050215820
ONEWEB-0461             
1 51649U 22012AD  26218.11916292  .00000053  00000+0  10388-3 0  9992
2 51649  87.9176 355.9333 0001798  92.9484 267.1854 13.17648368220461
ONEWEB-0463             
1 51650U 22012AE  26218.10059909  .00000001  00000+0 -29786-4 0  9993
2 51650  87.9174 355.9548 0001839  91.3849 268.7493 13.17648497220248
ONEWEB-0464             
1 51651U 22012AF  26218.20056414 -.00000423  00000+0 -12469-2 0  9990
2 51651  87.8832  26.3122 0001866 100.8966 259.2371 13.10376724215879
ONEWEB-0468             
1 51652U 22012AG  26217.97657336 -.00000260  00000+0 -77971-3 0  9993
2 51652  87.8831  26.3499 0001884  98.0678 262.0663 13.10376017215820
ONEWEB-0473             
1 51653U 22012AH  26218.19206799 -.00000613  00000+0 -17936-2 0  9998
2 51653  87.8828  26.3090 0001888  92.1104 268.0239 13.10372969215857
ONEWEB-0474             
1 51654U 22012AJ  26218.18359143 -.00000579  00000+0 -16946-2 0  9991
2 51654  87.8837  26.2998 0001868 101.4247 258.7090 13.10371472215842
ONEWEB-0475             
1 51655U 22012AK  26217.88460002  .00000077  00000+0  16397-3 0  9997
2 51655  87.9175 355.9911 0002139 115.6996 244.4356 13.17649124220231
ONEWEB-0490             
1 54113U 22138A   26218.24948756  .00000016  00000+0  85114-5 0  9994
2 54113  87.9176 295.0024 0002231  99.8933 260.2452 13.19725230183438
ONEWEB-0492             
1 54114U 22138B   26218.27476065 -.00000047  00000+0 -15028-3 0  9998
2 54114  87.9175 294.9956 0002271  95.4859 264.6533 13.19724886183448
ONEWEB-0495             
1 54115U 22138C   26218.25262772  .00000041  00000+0  69760-4 0  9990
2 54115  87.9171 295.0027 0002702 104.5496 255.5937 13.19724039183429
ONEWEB-0497             
1 54116U 22138D   26218.26528439 -.00000020  00000+0 -81920-4 0  9998
2 54116  87.9175 294.9956 0002127  99.1165 261.0208 13.19724144183415
ONEWEB-0499             
1 54117U 22138E   26218.24870327  .00000071  00000+0  14535-3 0  9994
2 54117  87.9171 295.0048 0002247 103.4253 256.7130 13.19725455183428
ONEWEB-0500             
1 54118U 22138F   26218.25105251  .00000044  00000+0  78365-4 0  9995
2 54118  87.9178 295.0016 0002040  95.9706 264.1659 13.19726761183431
ONEWEB-0501             
1 54119U 22138G   26218.20524797 -.00000005  00000+0 -44907-4 0  9995
2 54119  87.9181 295.0107 0002426 102.3819 257.7585 13.19727179183400
ONEWEB-0502             
1 54120U 22138H   26218.26685925  .00000024  00000+0  26972-4 0  9995
2 54120  87.9181 294.9881 0002206 104.7670 255.3707 13.19724623183430
ONEWEB-0503             
1 54121U 22138J   26218.25580780  .00000082  00000+0  17196-3 0  9999
2 54121  87.9182 294.9972 0001855 103.9128 256.2211 13.19725693183428
ONEWEB-0504             
1 54122U 22138K   26218.24314843  .00000056  00000+0  10804-3 0  9994
2 54122  87.9178 295.0032 0002193 104.6829 255.4547 13.19723647183436
ONEWEB-0505             
1 54123U 22138L   26218.24001410  .00000073  00000+0  15116-3 0  9998
2 54123  87.9176 295.0040 0002452 105.6551 254.4853 13.19724806183410
ONEWEB-0506             
1 54124U 22138M   26218.21473825  .00000087  00000+0  18493-3 0  9995
2 54124  87.9183 295.0074 0002351 102.9490 257.1905 13.19727151183409
ONEWEB-0507             
1 54125U 22138N   26218.23526831  .00000074  00000+0  15368-3 0  9998
2 54125  87.9171 295.0109 0002216 100.1471 259.9912 13.19724467183455
ONEWEB-0508             
1 54126U 22138P   26218.23209411  .00000120  00000+0  26755-3 0  9995
2 54126  87.9170 295.0109 0002513  99.8593 260.2823 13.19727622183434
ONEWEB-0509             
1 54127U 22138Q   26218.20683904  .00000063  00000+0  12400-3 0  9994
2 54127  87.9180 295.0106 0002202 100.4563 259.6818 13.19725904183408
ONEWEB-0510             
1 54128U 22138R   26218.13148600  .00000072  00000+0  14635-3 0  9998
2 54128  87.9161 264.4809 0001582  90.4648 269.6667 13.20774809185876
ONEWEB-0511             
1 54129U 22138S   26218.27950174  .00000138  00000+0  31277-3 0  9995
2 54129  87.9177 294.9964 0002020 108.3381 251.7972 13.19725388183443
ONEWEB-0512             
1 54130U 22138T   26218.27159813  .00000017  00000+0  10575-4 0  9993
2 54130  87.9173 295.0004 0002264 106.0357 254.1025 13.19725008183418
ONEWEB-0513             
1 54131U 22138U   26218.25658854  .00000029  00000+0  40122-4 0  9995
2 54131  87.9177 294.9409 0002506 118.1319 242.0067 13.20270552183324
ONEWEB-0514             
1 54132U 22138V   26218.21157807  .00000078  00000+0  16182-3 0  9996
2 54132  87.9177 295.0100 0001918  97.4973 262.6378 13.19725418183424
ONEWEB-0515             
1 54133U 22138W   26218.19377855  .00000012  00000+0 -31620-5 0  9996
2 54133  87.9162 264.4656 0002104  71.5214 288.6148 13.20772460185903
ONEWEB-0516             
1 54134U 22138X   26218.26210498  .00000053  00000+0  10104-3 0  9990
2 54134  87.9173 295.0026 0002199  97.1838 262.9545 13.19724254183435
ONEWEB-0517             
1 54135U 22138Y   26218.24156975 -.00000146  00000+0 -39793-3 0  9998
2 54135  87.9178 295.0025 0001854 105.3540 254.7798 13.19724881183434
ONEWEB-0518             
1 54136U 22138Z   26218.26054846 -.00000008  00000+0 -52168-4 0  9994
2 54136  87.9171 295.0048 0002206  94.8651 265.2734 13.19725613183431
ONEWEB-0519             
1 54137U 22138AA  26218.21000108  .00000088  00000+0  18785-3 0  9994
2 54137  87.9176 295.0096 0001873 101.9715 258.1628 13.19724942183437
ONEWEB-0520             
1 54138U 22138AB  26218.24473077  .00000066  00000+0  13193-3 0  9991
2 54138  87.9180 295.0037 0002321 101.1985 258.9409 13.19724002183429
ONEWEB-0521             
1 54139U 22138AC  26218.27792111 -.00000052  00000+0 -16315-3 0  9994
2 54139  87.9185 294.9861 0001791 102.7003 257.4330 13.19727458183375
ONEWEB-0522             
1 54140U 22138AD  26218.25738879  .00000030  00000+0  43111-4 0  9994
2 54140  87.9181 294.9932 0002164 102.1468 257.9907 13.19724755183413
ONEWEB-0523             
1 54141U 22138AE  26218.18032103  .00000059  00000+0  11431-3 0  9994
2 54141  87.9159 264.4767 0001515  76.9767 283.1536 13.20770968185900
ONEWEB-0524             
1 54142U 22138AF  26218.17022299  .00000099  00000+0  21208-3 0  9996
2 54142  87.9160 264.4754 0002363  74.1315 286.0079 13.20771161185900
ONEWEB-0525             
1 54143U 22138AG  26218.27634299  .00000018  00000+0  11784-4 0  9997
2 54143  87.9181 294.9958 0002456 100.4978 259.6432 13.19725271183433
ONEWEB-0526             
1 54144U 22138AH  26218.23368783  .00000095  00000+0  20505-3 0  9991
2 54144  87.9179 295.0048 0002179  97.5810 262.5570 13.19725942183404
ONEWEB-0529             
1 54145U 22138AJ  26218.23683257 -.00000120  00000+0 -33306-3 0  9992
2 54145  87.9172 295.0096 0002303 100.3017 259.8375 13.19725930183423
ONEWEB-0531             
1 54146U 22138AK  26218.15672666  .00002143  00000+0  52371-2 0  9993
2 54146  87.9159 264.4754 0001838  71.9303 288.2031 13.20788923185906
ONEWEB-0535             
1 54147U 22138AL  26218.27002016  .00000081  00000+0  17089-3 0  9990
2 54147  87.9179 294.9914 0001768  96.1163 264.0171 13.19724235183448
ONEWEB-0536             
1 54148U 22138AM  26218.14328177  .00000061  00000+0  11753-3 0  9996
2 54148  87.9146 264.4944 0001911  66.5404 293.5931 13.20771412185890
ONEWEB-0527             
1 54642U 22166A   26218.28764779  .00000086  00000+0  17685-3 0  9990
2 54642  87.9221 234.0223 0002158  93.0396 267.0985 13.21823949178155
ONEWEB-0528             
1 54643U 22166B   26218.13710254  .00000036  00000+0  56682-4 0  9990
2 54643  87.9222 234.0551 0002325  92.8085 267.3315 13.21827065178141
ONEWEB-0539             
1 54644U 22166C   26218.32636443  .00000029  00000+0  39805-4 0  9999
2 54644  87.9227 233.9926 0001997  97.3832 262.7529 13.21826456178166
ONEWEB-0540             
1 54645U 22166D   26218.10613857  .00000019  00000+0  13937-4 0  9997
2 54645  87.9222 234.0634 0001989  93.6090 266.5272 13.21826525178126
ONEWEB-0542             
1 54646U 22166E   26218.10935781 -.00000037  00000+0 -12102-3 0  9995
2 54646  87.9231 234.0352 0001913 100.0939 260.0411 13.21826724178132
ONEWEB-0545             
1 54647U 22166F   26218.07402476  .00000036  00000+0  54929-4 0  9993
2 54647  87.9223 234.0504 0001527 102.1769 257.9536 13.21824591178096
ONEWEB-0580             
1 54648U 22166G   26218.27589619  .00000047  00000+0  82022-4 0  9998
2 54648  87.9223 234.0095 0001682  95.7151 264.4174 13.21827053178161
ONEWEB-0582             
1 54649U 22166H   26218.09085739  .00000036  00000+0  56079-4 0  9994
2 54649  87.9223 234.0396 0001733 101.6942 258.4387 13.21825001178113
ONEWEB-0583             
1 54650U 22166J   26218.32971795 -.00000014  00000+0 -66217-4 0  9991
2 54650  87.9223 234.0149 0001993  94.3296 265.8065 13.21827085178152
ONEWEB-0584             
1 54651U 22166K   26218.12281761  .00000020  00000+0  15975-4 0  9997
2 54651  87.9219 234.0404 0002009  92.2957 267.8407 13.21826202178110
ONEWEB-0585             
1 54652U 22166L   26218.29776719  .00000068  00000+0  13346-3 0  9999
2 54652  87.9227 233.9951 0002239  90.3018 269.8372 13.21825163178148
ONEWEB-0586             
1 54653U 22166M   26218.08413440 -.00000042  00000+0 -13330-3 0  9993
2 54653  87.9223 234.0619 0002018  96.6274 263.5090 13.21827286178119
ONEWEB-0587             
1 54654U 22166N   26218.09422011 -.00000018  00000+0 -76218-4 0  9997
2 54654  87.9232 234.0385 0002366  87.2781 272.8624 13.21826855178279
ONEWEB-0589             
1 54655U 22166P   26218.08076204  .00000050  00000+0  89793-4 0  9992
2 54655  87.9219 234.0467 0001356 107.6637 252.4645 13.21827044178134
ONEWEB-0590             
1 54656U 22166Q   26218.10584162  .00000000  00000+0 -31755-4 0  9994
2 54656  87.9229 234.0370 0001871  80.0071 280.1274 13.21823929178120
ONEWEB-0591             
1 54657U 22166R   26218.11777209 -.00000017  00000+0 -72117-4 0  9998
2 54657  87.9221 234.0447 0002001  90.8820 269.2544 13.21824687178158
ONEWEB-0592             
1 54658U 22166S   26218.27253171  .00000045  00000+0  76592-4 0  9993
2 54658  87.9229 233.9968 0002071  92.9279 267.2092 13.21825815178050
ONEWEB-0593             
1 54659U 22166T   26218.29438164  .00000088  00000+0  18275-3 0  9993
2 54659  87.9226 234.0011 0002069  96.8361 263.3008 13.21826961178160
ONEWEB-0594             
1 54660U 22166U   26218.31458800  .00000054  00000+0  99626-4 0  9990
2 54660  87.9219 234.0120 0002243  91.2036 268.9355 13.21825657178186
ONEWEB-0595             
1 54661U 22166V   26218.06394105  .00000049  00000+0  86944-4 0  9993
2 54661  87.9228 234.0466 0002243  87.5608 272.5783 13.21826899178122
ONEWEB-0596             
1 54662U 22166W   26218.03871780  .00000040  00000+0  66051-4 0  9998
2 54662  87.9223 234.0603 0002118  90.5191 269.6185 13.21825727178125
ONEWEB-0597             
1 54663U 22166X   26218.32299818  .00000023  00000+0  23062-4 0  9993
2 54663  87.9222 234.0058 0002010  94.5225 265.6139 13.21826645178161
ONEWEB-0600             
1 54664U 22166Y   26218.07739887  .00000024  00000+0  26895-4 0  9999
2 54664  87.9222 234.0462 0002175  97.6734 262.4647 13.21826998178106
ONEWEB-0601             
1 54665U 22166Z   26218.06898860  .00000101  00000+0  21333-3 0  9993
2 54665  87.9219 234.0634 0001878  98.1423 261.9924 13.21826567178298
ONEWEB-0602             
1 54666U 22166AA  26218.11020811  .00000023  00000+0  25247-4 0  9995
2 54666  87.9216 234.0612 0002159  98.2670 261.8709 13.21825672178140
ONEWEB-0603             
1 54667U 22166AB  26218.04039906 -.00000026  00000+0 -93537-4 0  9995
2 54667  87.9228 234.0371 0002042  94.5486 265.5882 13.21825231178066
ONEWEB-0604             
1 54668U 22166AC  26218.10431838  .00000031  00000+0  44699-4 0  9992
2 54668  87.9230 234.0404 0002154  92.0799 268.0582 13.21825348178032
ONEWEB-0605             
1 54669U 22166AD  26218.09759027  .00000032  00000+0  44893-4 0  9991
2 54669  87.9223 234.0509 0001471  88.2646 271.8657 13.21825507178100
ONEWEB-0606             
1 54670U 22166AE  26218.11944073  .00000072  00000+0  14393-3 0  9998
2 54670  87.9222 234.0582 0002249  93.2554 266.8837 13.21826559178168
ONEWEB-0607             
1 54671U 22166AF  26218.31289470 -.00000058  00000+0 -17239-3 0  9992
2 54671  87.9230 233.9945 0002034  96.6127 263.5239 13.21826749178165
ONEWEB-0608             
1 54672U 22166AG  26218.31963290  .00000067  00000+0  13130-3 0  9996
2 54672  87.9232 233.9914 0001600  97.9258 262.2058 13.21825370178176
ONEWEB-0610             
1 54673U 22166AH  26218.07234994  .00000033  00000+0  48034-4 0  9997
2 54673  87.9221 234.0496 0001720 107.3926 252.7396 13.21827189178048
ONEWEB-0611             
1 54674U 22166AJ  26218.29270806  .00000084  00000+0  17097-3 0  9994
2 54674  87.9224 234.0021 0002169  90.1321 270.0062 13.21825571178060
ONEWEB-0612             
1 54675U 22166AK  26218.07906085 -.00000185  00000+0 -48005-3 0  9993
2 54675  87.9232 234.0452 0001961  94.9364 265.1994 13.21825578178028
ONEWEB-0615             
1 54676U 22166AL  26218.05890075  .00000074  00000+0  14736-3 0  9992
2 54676  87.9223 234.0592 0002355  92.2921 267.8483 13.21826715178039
ONEWEB-0655             
1 54677U 22166AM  26218.11104996  .00000032  00000+0  47086-4 0  9999
2 54677  87.9220 234.0494 0002121  98.3786 261.7589 13.21826506178033
ONEWEB-0659             
1 54678U 22166AN  26218.05217533  .00000082  00000+0  16789-3 0  9995
2 54678  87.9221 234.0606 0002067  91.0414 269.0956 13.21826425178115
ONEWEB-0685             
1 54679U 22166AP  26218.11190485  .00000024  00000+0  24820-4 0  9991
2 54679  87.9216 234.0320 0001467  87.2677 272.8625 13.23185800178015
ONEWEB-0712             
1 54680U 22166AQ  26218.29400431  .00000104  00000+0  23798-3 0  9998
2 54680  87.9081 218.8207 0002322 100.4402 259.6991 13.16593854178659
ONEWEB-0714             
1 54681U 22166AR  26218.28430175  .00000073  00000+0  14447-3 0  9992
2 54681  87.9223 234.0041 0002323  97.8397 262.3001 13.21827149178158
ONEWEB-0532             
1 55140U 23004A   26218.30224381  .00000086  00000+0  18710-3 0  9999
2 55140  87.9174 355.8993 0001688  87.9258 272.2067 13.17647729174181
ONEWEB-0533             
1 55141U 23004B   26218.31651412  .00000265  00000+0  70135-3 0  9998
2 55141  87.8989 340.7091 0001782 104.7440 255.3886 13.12444942174631
ONEWEB-0541             
1 55142U 23004C   26217.92778833 -.00000225  00000+0 -67131-3 0  9992
2 55142  87.8917  11.1594 0001847  88.5621 271.5719 13.11419379172461
ONEWEB-0543             
1 55143U 23004D   26218.31822862  .00000063  00000+0  12830-3 0  9993
2 55143  87.9203 325.5037 0002149 103.5357 256.6015 13.18684573176302
ONEWEB-0544             
1 55144U 23004E   26218.31150209  .00000053  00000+0  10092-3 0  9990
2 55144  87.9203 325.5048 0002157  97.8787 262.2590 13.18686078176309
ONEWEB-0560             
1 55145U 23004F   26218.30475230  .00000085  00000+0  18216-3 0  9995
2 55145  87.9204 325.4957 0002234  98.9677 261.1708 13.18687310176315
ONEWEB-0565             
1 55146U 23004G   26218.29801447  .00000091  00000+0  19928-3 0  9995
2 55146  87.9194 325.5202 0002057  88.4531 271.6837 13.18686420176303
ONEWEB-0567             
1 55147U 23004H   26218.29127324  .00000087  00000+0  18695-3 0  9996
2 55147  87.9203 325.5099 0002108  90.2962 269.8411 13.18688743176302
ONEWEB-0569             
1 55148U 23004J   26218.28533342 -.00000290  00000+0 -82973-3 0  9995
2 55148  87.8988 310.2584 0002851  93.6571 266.4884 13.13471365176751
ONEWEB-0570             
1 55149U 23004K   26218.28283142  .00000102  00000+0  22636-3 0  9996
2 55149  87.9200 325.5091 0001540  92.8461 267.2848 13.18685191176292
ONEWEB-0571             
1 55150U 23004L   26218.27608894  .00000125  00000+0  28360-3 0  9997
2 55150  87.9202 325.5099 0002850  78.1149 282.0302 13.18687475176308
ONEWEB-0572             
1 55151U 23004M   26217.87785424 -.00000014  00000+0 -68251-4 0  9991
2 55151  87.9175 355.9848 0001902  92.4273 267.7076 13.17648714174028
ONEWEB-0573             
1 55152U 23004N   26218.26935276  .00000071  00000+0  14765-3 0  9999
2 55152  87.9203 325.5133 0002417  80.8361 279.3045 13.18685209176299
ONEWEB-0588             
1 55153U 23004P   26218.26258334 -.00000217  00000+0 -58192-3 0  9999
2 55153  87.9198 325.5140 0001667  85.9626 274.1697 13.18685230176297
ONEWEB-0598             
1 55154U 23004Q   26217.98204102 -.00000267  00000+0 -79025-3 0  9995
2 55154  87.8911  11.1556 0002426  85.6533 274.4872 13.11413409172426
ONEWEB-0599             
1 55155U 23004R   26217.91497576  .00000022  00000+0  22733-4 0  9990
2 55155  87.9175 355.9762 0002065  99.4414 260.6951 13.17648553174038
ONEWEB-0614             
1 55156U 23004S   26217.97695340 -.00000150  00000+0 -45921-3 0  9993
2 55156  87.8907  11.1640 0001556  93.2680 266.8626 13.11415696172363
ONEWEB-0616             
1 55157U 23004T   26218.10903426 -.00000028  00000+0 -10435-3 0  9993
2 55157  87.9175 355.9422 0002579 111.8017 248.3389 13.17648020174274
ONEWEB-0617             
1 55158U 23004U   26217.96509582  .00000346  00000+0  94047-3 0  9994
2 55158  87.8913  11.1604 0001497  83.5487 276.5811 13.11414073172387
ONEWEB-0618             
1 55159U 23004V   26218.24624136  .00003897  00000+0  21478-3 0  9992
2 55159  86.9116 157.3101 0015133 104.2368 256.0555 15.13597291189833
ONEWEB-0619             
1 55160U 23004W   26218.29296591  .00000021  00000+0  19970-4 0  9990
2 55160  87.9185 355.8903 0001623 108.4784 251.6524 13.17649515174193
ONEWEB-0620             
1 55161U 23004X   26217.96001694  .00000497  00000+0  13663-2 0  9990
2 55161  87.8907  11.1669 0001957  86.9117 273.2235 13.11414859172356
ONEWEB-0621             
1 55162U 23004Y   26217.91084234 -.00000427  00000+0 -12402-2 0  9992
2 55162  87.8916  11.1696 0001547  95.3138 264.8166 13.11415990172322
ONEWEB-0622             
1 55163U 23004Z   26217.99222355 -.00000564  00000+0 -16282-2 0  9991
2 55163  87.8918  11.1573 0001436  72.3325 287.7960 13.11416445172321
ONEWEB-0623             
1 55164U 23004AA  26217.90822020  .00000102  00000+0  22878-3 0  9993
2 55164  87.9171 355.9912 0001029  96.6166 263.5083 13.17649872174137
ONEWEB-0624             
1 55165U 23004AB  26218.26418961  .00000242  00000+0  63216-3 0  9995
2 55165  87.8992 340.6259 0001755  98.7501 261.3826 13.12929133174648
ONEWEB-0625             
1 55166U 23004AC  26217.89809979  .00000055  00000+0  10897-3 0  9996
2 55166  87.9173 355.9902 0001910 100.9569 259.1778 13.17648630174127
ONEWEB-0626             
1 55167U 23004AD  26217.88798219 -.00000035  00000+0 -12355-3 0  9991
2 55167  87.9173 355.9913 0002164  92.2095 267.9285 13.17649183174123
ONEWEB-0627             
1 55168U 23004AE  26218.10397017 -.00000034  00000+0 -11974-3 0  9994
2 55168  87.9174 355.9490 0001364  96.7304 263.3983 13.17649712174154
ONEWEB-0628             
1 55169U 23004AF  26218.26414751  .00000293  00000+0  77974-3 0  9994
2 55169  87.8994 340.7036 0001282 109.1406 250.9862 13.12440460174605
ONEWEB-0629             
1 55170U 23004AG  26218.30729906  .00000090  00000+0  19972-3 0  9991
2 55170  87.9176 355.9042 0001669 103.7088 256.4230 13.17648153174187
ONEWEB-0631             
1 55171U 23004AH  26218.25583977 -.00000184  00000+0 -49888-3 0  9997
2 55171  87.9210 325.4863 0001941  84.6671 275.4683 13.18685890176273
ONEWEB-0709             
1 55172U 23004AJ  26217.94983370 -.00000661  00000+0 -19002-2 0  9998
2 55172  87.8910  11.1716 0002683  83.8218 276.3216 13.11413808172390
ONEWEB-0710             
1 55173U 23004AK  26218.32165355  .00000088  00000+0  19380-3 0  9998
2 55173  87.9176 355.8971 0001709  93.9549 266.1778 13.17650056174187
ONEWEB-0711             
1 55174U 23004AL  26218.14989015 -.00000536  00000+0 -15486-2 0  9998
2 55174  87.8913  11.1203 0001155  81.7699 278.3560 13.11417853172386
ONEWEB-0713             
1 55175U 23004AM  26218.16855570  .00000162  00000+0  42226-3 0  9995
2 55175  87.8914  11.1191 0001465  88.0119 272.1177 13.11419700172373
ONEWEB-0715             
1 55176U 23004AN  26218.16347163 -.00000132  00000+0 -40789-3 0  9991
2 55176  87.8912  11.1202 0002244  78.6224 281.5156 13.11418964172410
ONEWEB-0716             
1 55177U 23004AP  26218.31490408  .00000085  00000+0  18538-3 0  9992
2 55177  87.9176 355.9010 0002005 101.5581 258.5776 13.17650166174183
ONEWEB-0717             
1 55178U 23004AQ  26218.14616099 -.00000030  00000+0 -11100-3 0  9990
2 55178  87.9186 355.9274 0001470  81.5018 278.6280 13.17648510174211
ONEWEB-0719             
1 55179U 23004AR  26218.30815455  .00000060  00000+0  12086-3 0  9991
2 55179  87.9184 355.8751 0001863 102.8721 257.2619 13.17649287174180
ONEWEB-0530             
1 55796U 23029A   26218.16517093  .00000087  00000+0  18133-3 0  9992
2 55796  87.9149 264.5028 0001602  96.1297 264.0019 13.20771287167747
ONEWEB-0534             
1 55797U 23029B   26218.15338671  .00000051  00000+0  94202-4 0  9998
2 55797  87.9152 264.5070 0002146  96.6557 263.4821 13.20770488167743
ONEWEB-0556             
1 55798U 23029C   26218.16011408  .00000089  00000+0  18585-3 0  9996
2 55798  87.9149 264.5033 0002051 119.9988 240.1349 13.20772454167743
ONEWEB-0562             
1 55799U 23029D   26218.14663162 -.00000116  00000+0 -31704-3 0  9996
2 55799  87.9158 264.4885 0001416 114.4007 245.7275 13.20770507167740
ONEWEB-0563             
1 55800U 23029E   26218.14161000  .00000079  00000+0  16255-3 0  9993
2 55800  87.9150 264.5184 0002267  98.0473 262.0918 13.20771147167733
ONEWEB-0564             
1 55801U 23029F   26218.21060696 -.00000193  00000+0 -50779-3 0  9999
2 55801  87.9154 264.4787 0001652 101.1372 258.9947 13.20769591167755
ONEWEB-0638             
1 55802U 23029G   26218.17408862  .00000202  00000+0  50989-3 0  9998
2 55802  87.8936 279.7868 0001870 112.8990 247.2338 13.14501912165969
ONEWEB-0639             
1 55803U 23029H   26218.22263780  .00000058  00000+0  11218-3 0  9994
2 55803  87.9174 295.0137 0003227 103.6048 256.5445 13.19727091165500
ONEWEB-0640             
1 55804U 23029J   26218.18361618  .00000012  00000+0 -34551-5 0  9997
2 55804  87.8935 279.7754 0002225 114.6840 245.4521 13.14503630165988
ONEWEB-0641             
1 55805U 23029K   26218.29369538  .00000013  00000+0  17249-6 0  9995
2 55805  87.9180 294.9928 0002110 101.4164 258.7205 13.19723959165529
ONEWEB-0642             
1 55806U 23029L   26218.21314144 -.00000125  00000+0 -34534-3 0  9990
2 55806  87.9174 295.0167 0002874  94.5612 265.5849 13.19725127165504
ONEWEB-0643             
1 55807U 23029M   26218.22960967  .00000144  00000+0  35511-3 0  9997
2 55807  87.8934 279.7541 0002656  90.4797 269.6637 13.14503233165967
ONEWEB-0644             
1 55808U 23029N   26218.28422221 -.00000009  00000+0 -54055-4 0  9997
2 55808  87.9172 295.0035 0002420  96.4130 263.7278 13.19727357165515
ONEWEB-0645             
1 55809U 23029P   26218.23051745  .00000138  00000+0  31228-3 0  9999
2 55809  87.9176 295.0110 0002469 105.5623 254.5782 13.19727883165507
ONEWEB-0646             
1 55810U 23029Q   26218.24790873  .00000041  00000+0  69516-4 0  9999
2 55810  87.9172 295.0085 0002345  96.6007 263.5392 13.19725087165494
ONEWEB-0648             
1 55811U 23029R   26218.19788754 -.00000198  00000+0 -56763-3 0  9993
2 55811  87.8947 279.7390 0002870 104.9359 255.2089 13.14500589165964
ONEWEB-0649             
1 55812U 23029S   26218.19736271  .00000041  00000+0  69832-4 0  9998
2 55812  87.9175 295.0160 0002315 102.0370 258.1022 13.19724630165522
ONEWEB-0650             
1 55813U 23029T   26218.26844293  .00000031  00000+0  45646-4 0  9997
2 55813  87.9170 295.0045 0002673  96.4230 263.7207 13.19724929165504
ONEWEB-0652             
1 55814U 23029U   26218.17885693  .00000105  00000+0  24828-3 0  9997
2 55814  87.8945 279.7489 0001881  95.4062 264.7282 13.14503801165937
ONEWEB-0653             
1 55815U 23029V   26218.16300676  .00000261  00000+0  67010-3 0  9993
2 55815  87.8949 279.7507 0001975  99.7353 260.4000 13.14502781165967
ONEWEB-0654             
1 55816U 23029W   26218.23436344  .00000264  00000+0  67738-3 0  9994
2 55816  87.8943 279.7326 0001654  99.5395 260.5922 13.14503323165999
ONEWEB-0656             
1 55817U 23029X   26218.12813840  .00000110  00000+0  23753-3 0  9992
2 55817  87.9161 264.4763 0001605  96.3128 263.8188 13.20772006167742
ONEWEB-0657             
1 55818U 23029Y   26218.26368435  .00000015  00000+0  47994-5 0  9992
2 55818  87.9174 295.0041 0001497  80.2105 279.9197 13.19728347165510
ONEWEB-0658             
1 55819U 23029Z   26218.25894420  .00000042  00000+0  72454-4 0  9998
2 55819  87.9182 294.9850 0002461  95.7073 264.4340 13.19727122165523
ONEWEB-0660             
1 55820U 23029AA  26218.21216307 -.00000083  00000+0 -25722-3 0  9990
2 55820  87.8949 279.7342 0002228 104.4740 255.6638 13.14502855165972
ONEWEB-0661             
1 55821U 23029AB  26218.17092974  .00000323  00000+0  83605-3 0  9997
2 55821  87.8938 279.7784 0002070 103.7006 256.4354 13.14504545165953
ONEWEB-0662             
1 55822U 23029AC  26218.20582301 -.00000236  00000+0 -67038-3 0  9997
2 55822  87.8938 279.7775 0002256 104.0709 256.0672 13.14503540166004
ONEWEB-0663             
1 55823U 23029AD  26218.15806986  .00000065  00000+0  12744-3 0  9992
2 55823  87.9162 264.5413 0002481  99.6503 260.4911 13.20872767167741
ONEWEB-0664             
1 55824U 23029AE  26218.19041177 -.00000012  00000+0 -61270-4 0  9993
2 55824  87.9151 264.5108 0001949 109.3448 250.7896 13.20772755167746
ONEWEB-0665             
1 55825U 23029AF  26218.24388590  .00000130  00000+0  31614-3 0  9990
2 55825  87.8935 279.7452 0002267 102.2202 257.9181 13.14502553165980
ONEWEB-0666             
1 55826U 23029AG  26218.18368838  .00000020  00000+0  17367-4 0  9995
2 55826  87.9147 264.5020 0001843  74.9343 285.1994 13.20770551167754
ONEWEB-0667             
1 55827U 23029AH  26218.17863832  .00000008  00000+0 -13430-4 0  9993
2 55827  87.9165 264.4691 0002161 100.7977 259.3400 13.20770995167749
ONEWEB-0669             
1 55828U 23029AJ  26218.17359052  .00000074  00000+0  14965-3 0  9993
2 55828  87.9157 264.4780 0001533 102.2105 257.9200 13.20770793167740
ONEWEB-0670             
1 55829U 23029AK  26218.22167173  .00000051  00000+0  10333-3 0  9991
2 55829  87.8932 279.7662 0002039 109.2936 250.8414 13.14504637166002
ONEWEB-0671             
1 55830U 23029AL  26218.25422526  .00000076  00000+0  15636-3 0  9990
2 55830  87.9171 295.0075 0002189 102.9790 257.1587 13.19725856165501
ONEWEB-0672             
1 55831U 23029AM  26218.16853357  .00000110  00000+0  23896-3 0  9997
2 55831  87.9155 264.4725 0001849  91.4728 268.6617 13.20772107167743
ONEWEB-0673             
1 55832U 23029AN  26218.23130756  .00000063  00000+0  12545-3 0  9993
2 55832  87.9178 295.0068 0002136 103.6731 256.4639 13.19727558165508
ONEWEB-0674             
1 55833U 23029AP  26218.18996683 -.00000062  00000+0 -20300-3 0  9996
2 55833  87.8944 279.7510 0001967 108.2514 251.8830 13.14503622165984
ONEWEB-0675             
1 55834U 23029AQ  26218.24632453  .00000030  00000+0  41415-4 0  9990
2 55834  87.9172 295.0109 0002081  91.0491 269.0880 13.19726467165520
ONEWEB-0720             
1 55835U 23029AR  26218.23841157  .00000112  00000+0  24669-3 0  9995
2 55835  87.9171 295.0119 0002355 100.5022 259.6376 13.19724036165447
ONEWEB-0537             
1 56046U 23043A   26218.27659763  .00000024  00000+0  27923-4 0  9999
2 56046  87.9081 218.8204 0002008  84.1862 275.9497 13.16594788165557
ONEWEB-0538             
1 56047U 23043B   26218.04226737 -.00000015  00000+0 -72891-4 0  9992
2 56047  87.9081 218.8696 0002271  85.0628 275.0762 13.16595756165535
ONEWEB-0546             
1 56048U 23043C   26218.02960436 -.00000026  00000+0 -10204-3 0  9993
2 56048  87.9081 218.8723 0001695  72.3486 287.7830 13.16595276165529
ONEWEB-0547             
1 56049U 23043D   26218.28345974  .00000067  00000+0  13081-3 0  9995
2 56049  87.9226 234.0028 0002278  91.6613 268.4782 13.21825467164843
ONEWEB-0548             
1 56050U 23043E   26218.05413149  .00000103  00000+0  23622-3 0  9995
2 56050  87.9079 218.8625 0001859 101.1238 259.0102 13.16593715165528
ONEWEB-0549             
1 56051U 23043F   26218.27757314  .00000026  00000+0  30366-4 0  9993
2 56051  87.9220 234.0076 0002344  85.4616 274.6786 13.21825570164849
ONEWEB-0550             
1 56052U 23043G   26218.11270711  .00000016  00000+0  78427-5 0  9998
2 56052  87.9223 234.0392 0002082  98.3801 261.7569 13.21824186164828
ONEWEB-0551             
1 56053U 23043H   26218.12491307 -.00000030  00000+0 -11280-3 0  9996
2 56053  87.8960 249.2725 0002394  90.1022 270.0383 13.15548653162960
ONEWEB-0552             
1 56054U 23043J   26218.10766029  .00000051  00000+0  91997-4 0  9996
2 56054  87.9219 234.0443 0002251  95.7995 264.3396 13.21824143164825
ONEWEB-0553             
1 56055U 23043K   26218.03593639 -.00000034  00000+0 -12201-3 0  9997
2 56055  87.9081 218.8710 0001752  83.9172 276.2158 13.16595031165533
ONEWEB-0554             
1 56056U 23043L   26218.02327028  .00000003  00000+0 -24506-4 0  9991
2 56056  87.9081 218.8817 0001833 102.4453 257.6883 13.16595692165510
ONEWEB-0555             
1 56057U 23043M   26218.28925581  .00000075  00000+0  16233-3 0  9993
2 56057  87.9080 218.8183 0001660  77.0068 283.1248 13.16594858165559
ONEWEB-0557             
1 56058U 23043N   26218.30349012  .00000028  00000+0  39457-4 0  9998
2 56058  87.9083 218.8255 0000961 115.0765 245.0465 13.16593150165555
ONEWEB-0558             
1 56059U 23043P   26218.32802158 -.00000029  00000+0 -10098-3 0  9998
2 56059  87.9222 233.9964 0002276  84.9387 275.2007 13.21826848164860
ONEWEB-0559             
1 56060U 23043Q   26218.31627107  .00000058  00000+0  10906-3 0  9996
2 56060  87.9225 233.9952 0002323  91.9786 268.1614 13.21826867164873
ONEWEB-0566             
1 56061U 23043R   26218.08245300  .00000069  00000+0  13444-3 0  9994
2 56061  87.9225 234.0395 0002432  91.1907 268.9506 13.21826776164827
ONEWEB-0568             
1 56062U 23043S   26218.24491118  .00000004  00000+0 -23734-4 0  9997
2 56062  87.9083 218.8259 0001894  83.6498 276.4849 13.16593358165568
ONEWEB-0574             
1 56063U 23043T   26218.30280343  .00000143  00000+0  31449-3 0  9995
2 56063  87.9223 234.0009 0001937  95.2441 264.8914 13.21826829164890
ONEWEB-0575             
1 56064U 23043U   26218.23857873  .00000087  00000+0  19278-3 0  9999
2 56064  87.9083 218.8236 0001699  93.3988 266.7337 13.16593351165556
ONEWEB-0576             
1 56065U 23043V   26218.06759744  .00000164  00000+0  39668-3 0  9990
2 56065  87.9081 218.8669 0001863  91.4304 268.7041 13.16593663165526
ONEWEB-0577             
1 56066U 23043W   26218.07392047  .00000119  00000+0  27671-3 0  9992
2 56066  87.9084 218.8633 0001534 107.5291 252.6007 13.16592861165556
ONEWEB-0578             
1 56067U 23043X   26218.13794614  .00000006  00000+0 -16699-4 0  9991
2 56067  87.9224 234.0293 0001819  84.7886 275.3456 13.21827239164833
ONEWEB-0579             
1 56068U 23043Y   26218.28094062 -.00000005  00000+0 -44030-4 0  9998
2 56068  87.9231 234.0007 0002325  96.5818 263.5581 13.21825000164869
ONEWEB-0581             
1 56069U 23043Z   26218.00425738  .00000088  00000+0  19737-3 0  9991
2 56069  87.9075 218.8854 0001711 101.6090 258.5234 13.16593119165513
ONEWEB-0609             
1 56070U 23043AA  26218.15105922  .00000129  00000+0  30810-3 0  9990
2 56070  87.8959 249.2519 0002074  91.7916 268.3452 13.15548549163009
ONEWEB-0613             
1 56071U 23043AB  26218.14867660 -.00000242  00000+0 -67807-3 0  9998
2 56071  87.8958 249.2644 0002430  96.4896 263.6511 13.15550060163008
ONEWEB-0630             
1 56072U 23043AC  26218.14390799  .00000059  00000+0  12351-3 0  9991
2 56072  87.8966 249.2408 0002258  95.8524 264.2864 13.15546710162997
ONEWEB-0632             
1 56073U 23043AD  26218.13917036  .00000085  00000+0  19226-3 0  9997
2 56073  87.8960 249.2574 0001968  97.2932 262.8422 13.15548109162990
ONEWEB-0633             
1 56074U 23043AE  26218.13282208 -.00000012  00000+0 -65311-4 0  9993
2 56074  87.8968 249.2379 0002476  92.0722 268.0692 13.15549541162973
ONEWEB-0634             
1 56075U 23043AF  26218.11855986  .00000260  00000+0  65663-3 0  9993
2 56075  87.8961 249.2772 0002002  85.2824 274.8535 13.15546141162969
ONEWEB-0635             
1 56076U 23043AG  26218.11381534 -.00000100  00000+0 -30006-3 0  9995
2 56076  87.8972 249.2447 0001894 100.6647 259.4697 13.15548851162995
ONEWEB-0636             
1 56077U 23043AH  26218.10589216 -.00000044  00000+0 -15218-3 0  9997
2 56077  87.8968 249.2510 0001928  98.8479 261.2870 13.15549144162979
ONEWEB-0637             
1 56078U 23043AJ  26218.32772071 -.00000079  00000+0 -24353-3 0  9993
2 56078  87.8964 249.2204 0001733  91.7368 268.3961 13.15549321163022
ONEWEB-0647             
1 56079U 23043AK  26218.17086833  .00000085  00000+0  19104-3 0  9994
2 56079  87.8963 249.2643 0001992  99.6073 260.5282 13.15548638162991
ONEWEB-0651             
1 56080U 23043AL  26218.24216517  .00000162  00000+0  39632-3 0  9992
2 56080  87.8962 249.2430 0001814  96.9970 263.1366 13.15549123164203
ONEWEB-0718             
1 56081U 23043AM  26218.31345163  .00000160  00000+0  39149-3 0  9992
2 56081  87.8970 249.2111 0002163  80.8039 279.3336 13.15547390163024
ONEWEB-0561             
1 56710U 23068A   26218.12139581  .00000071  00000+0  14357-3 0  9997
2 56710  87.9161 264.4905 0002066 105.3189 254.8173 13.20772566156094
ONEWEB-0668             
1 56711U 23068B   26218.05492812  .00000014  00000+0  27611-5 0  9995
2 56711  87.9081 218.8657 0001869  75.4849 284.6490 13.16592948158345
ONEWEB-0676             
1 56712U 23068C   26218.29084305  .00000094  00000+0  21269-3 0  9995
2 56712  87.9081 218.8254 0001838  97.0194 263.1146 13.16593320158297
ONEWEB-0677             
1 56713U 23068D   26218.18536317  .00000026  00000+0  32237-4 0  9992
2 56713  87.9159 264.4687 0001646  97.6199 262.5122 13.20772590156400
ONEWEB-0678             
1 56714U 23068E   26218.12966215  .00000013  00000+0  88320-6 0  9993
2 56714  87.8968 249.2429 0002270  98.6206 261.5181 13.15549197155858
ONEWEB-0679             
1 56715U 23068F   26218.02167936  .00000020  00000+0  18330-4 0  9996
2 56715  87.9082 218.8696 0001561  82.8485 277.2824 13.16595864158282
ONEWEB-0680             
1 56716U 23068G   26218.05551083 -.00000031  00000+0 -10663-3 0  9994
2 56716  87.9232 234.0470 0001714  78.5041 281.6285 13.21826011157680
ONEWEB-0681             
1 56717U 23068H   26218.03629212 -.00011156  00000+0 -27114-1 0  9990
2 56717  87.9198 234.0536 0000784  40.5047 319.6145 13.21732333157675
ONEWEB-0682             
1 56718U 23068J   26218.15342844  .00000149  00000+0  36172-3 0  9991
2 56718  87.8968 249.2380 0001702  81.6830 278.4493 13.15549280156028
ONEWEB-0683             
1 56719U 23068K   26218.32930222  .00000029  00000+0  42912-4 0  9991
2 56719  87.8973 249.2038 0001982  87.0701 273.0656 13.15549722156014
ONEWEB-0684             
1 56720U 23068L   26218.10904976 -.00000028  00000+0 -10854-3 0  9996
2 56720  87.8969 249.2364 0003390  94.6096 265.5421 13.15547391155812
ONEWEB-0686             
1 56721U 23068M   26218.05810532  .00000041  00000+0  73035-4 0  9999
2 56721  87.9071 218.8814 0002264  82.0230 278.1157 13.16594621158278
ONEWEB-0694             
1 56722U 23068N   26218.29243670  .00000102  00000+0  23397-3 0  9992
2 56722  87.9091 218.8091 0001864  77.5428 282.5911 13.16595174158362
ONEWEB-0696             
1 56723U 23068P   26218.14232558  .00000096  00000+0  21963-3 0  9999
2 56723  87.8958 249.2648 0002400 102.3532 257.7867 13.15547106155935
ONEWEB-0703             
1 56724U 23068Q   26218.15184475  .00000097  00000+0  22446-3 0  9993
2 56724  87.8962 249.2442 0002542 112.9007 247.2392 13.15549030155827
ONEWEB-0721             
1 56725U 23068R   26218.07488141  .00000088  00000+0  17634-3 0  9995
2 56725  86.6719  69.5831 0001720  84.5504 275.5825 13.22472375164531
ONEWEB-0015             
1 61594U 24188A   26218.13125200 -.00000180  00000+0 -54341-3 0  9991
2 61594  87.8908  11.1493 0001297 101.6350 258.4924 13.11413572 91003
ONEWEB-0687             
1 61595U 24188B   26217.89304169 -.00000024  00000+0 -94189-4 0  9999
2 61595  87.9168 355.9910 0001443  86.2005 273.9292 13.17648266 92449
ONEWEB-0688             
1 61596U 24188C   26218.30138686 -.00000084  00000+0 -25040-3 0  9991
2 61596  87.9161 355.9095 0001197 113.6353 246.4904 13.17654335 92498
ONEWEB-0689             
1 61597U 24188D   26218.16516144 -.00000071  00000+0 -23742-3 0  9998
2 61597  87.8918  11.1069 0001796  84.5932 275.5401 13.11417080 91003
ONEWEB-0690             
1 61598U 24188E   26217.94645808  .00000365  00000+0  99462-3 0  9990
2 61598  87.8917  11.1607 0002210 108.6305 251.5063 13.11416858 91151
ONEWEB-0691             
1 61599U 24188F   26217.94136975  .00000262  00000+0  70298-3 0  9993
2 61599  87.8928  11.0752 0001405  94.0659 266.0630 13.11418575 91002
ONEWEB-0692             
1 61600U 24188G   26218.19060161  .00000475  00000+0  13051-2 0  9996
2 61600  87.8910  11.1293 0002428  82.0177 278.1226 13.11414572 91025
ONEWEB-0693             
1 61601U 24188H   26218.31322444  .00000088  00000+0  19378-3 0  9995
2 61601  87.9165 355.9252 0002247 116.5546 243.5816 13.17649015 92485
ONEWEB-0695             
1 61602U 24188J   26218.16686449  .00000027  00000+0  39329-4 0  9999
2 61602  87.8908  11.1257 0002030  79.7094 280.4263 13.11417527 91013
ONEWEB-0697             
1 61603U 24188K   26217.97018806  .00000141  00000+0  36148-3 0  9996
2 61603  87.8910  11.1556 0002457  81.9189 278.2218 13.11413982 90972
ONEWEB-0698             
1 61604U 24188L   26217.94815249  .00000500  00000+0  13747-2 0  9998
2 61604  87.8909  11.1735 0002970  98.3713 261.7752 13.11416712 90991
ONEWEB-0699             
1 61605U 24188M   26218.00035492  .00000673  00000+0  18915-2 0  9994
2 61605  87.8833  26.3378 0002437  83.8111 276.3294 13.10371953 89838
ONEWEB-0700             
1 61606U 24188N   26218.00206125  .00000557  00000+0  15604-2 0  9991
2 61606  87.8849  26.2550 0002337  85.7656 274.3739 13.10371646 89821
ONEWEB-0701             
1 61607U 24188P   26218.01901011 -.00000119  00000+0 -37736-3 0  9996
2 61607  87.8832  26.3353 0002598  84.5917 275.5507 13.10369790 89836
ONEWEB-0702             
1 61608U 24188Q   26218.14651527 -.00000568  00000+0 -16378-2 0  9991
2 61608  87.8928  11.0489 0002551  75.7171 284.4240 13.11417291 91036
ONEWEB-0704             
1 61609U 24188R   26218.00713961  .00000437  00000+0  12167-2 0  9993
2 61609  87.8836  26.3283 0002537  71.2536 288.8867 13.10369939 89816
ONEWEB-0705             
1 61610U 24188S   26218.01222521  .00000240  00000+0  65235-3 0  9990
2 61610  87.8834  26.3333 0001901  59.3190 300.8124 13.10370309 81983
ONEWEB-0706             
1 61611U 24188T   26217.99696009  .00000666  00000+0  18729-2 0  9990
2 61611  87.8833  26.3392 0002098  76.2429 283.8932 13.10373061 89904
ONEWEB-0707             
1 61612U 24188U   26218.23282441  .00000657  00000+0  18456-2 0  9997
2 61612  87.8835  26.2883 0002118  77.0733 283.0630 13.10371395 89872
ONEWEB-0708             
1 61613U 24188V   26218.02239703 -.00000301  00000+0 -89731-3 0  9991
2 61613  87.8828  26.3446 0001396  77.5576 282.5708 13.10370092 89826
