ONEWEB-0012             
1 44057U 19010A   26036.62643830  .00000002  00000+0 -27977-4 0  9998
2 44057  87.9003 254.9742 0001506  70.2486 289.8808 13.16594288334258
ONEWEB-0010             
1 44058U 19010B   26036.65177617 -.00001000  00000+0 -26510-2 0  9997
2 44058  87.9006 254.9634 0001284 101.7695 258.3580 13.16587089334302
ONEWEB-0008             
1 44059U 19010C   26036.67710548  .00000065  00000+0  13760-3 0  9998
2 44059  87.9009 254.9562 0001699  85.8539 274.2786 13.16594154334424
ONEWEB-0007             
1 44060U 19010D   26036.75985723  .00000107  00000+0  24958-3 0  9996
2 44060  87.8983 285.4657 0001178  73.6056 286.5204 13.15549053334092
ONEWEB-0006             
1 44061U 19010E   26036.68776029  .00000161  00000+0  39317-3 0  9991
2 44061  87.8994 285.4308 0001356  85.0436 275.0849 13.15548665334136
ONEWEB-0011             
1 44062U 19010F   26036.73212894  .00000036  00000+0  60389-4 0  9998
2 44062  87.8991 285.4304 0001664  87.9920 272.1400 13.15547544334137
ONEWEB-0013             
1 45131U 20008A   26036.66640351 -.00000355  00000+0 -10668-2 0  9999
2 45131  87.8446  79.3923 0001883  67.5670 292.5656 13.09443022288851
ONEWEB-0017             
1 45132U 20008B   26036.97025581  .00000563  00000+0  15769-2 0  9992
2 45132  87.8753  62.4186 0001805 100.2859 259.8472 13.10374633290763
ONEWEB-0020             
1 45133U 20008C   26036.63498732  .00002355  00000+0  67080-2 0  9992
2 45133  87.8785  62.4730 0002182  94.3613 265.7763 13.10379667291115
ONEWEB-0021             
1 45134U 20008D   26036.57350813 -.00000277  00000+0 -83027-3 0  9996
2 45134  87.8754  62.5137 0001739  91.9836 268.1491 13.10376057291419
ONEWEB-0023             
1 45136U 20008F   26036.96610654  .00000432  00000+0  12014-2 0  9991
2 45136  87.8753  62.4152 0001843  87.6489 272.4849 13.10375686290891
ONEWEB-0024             
1 45137U 20008G   26036.63327679 -.00000615  00000+0 -17983-2 0  9993
2 45137  87.8762  62.4628 0001782  96.1459 263.9872 13.10373524291019
ONEWEB-0025             
1 45138U 20008H   26036.49798441 -.00000035  00000+0 -13745-3 0  9996
2 45138  87.8763  62.4877 0001706  83.2563 276.8758 13.10374321291322
ONEWEB-0026             
1 45139U 20008J   26036.92812223  .00000475  00000+0  13033-2 0  9995
2 45139  87.8821  47.1814 0001882  95.0984 265.0359 13.11417453293900
ONEWEB-0028             
1 45140U 20008K   26036.96118355 -.00000258  00000+0 -76418-3 0  9994
2 45140  87.8812  47.1858 0001871  69.9406 290.1923 13.11415561291426
ONEWEB-0032             
1 45141U 20008L   26036.97191934  .00000640  00000+0  17978-2 0  9998
2 45141  87.8755  62.4191 0001871  88.3102 271.8239 13.10374163291114
ONEWEB-0033             
1 45142U 20008M   26036.56521968 -.00000463  00000+0 -13640-2 0  9995
2 45142  87.8751  62.5114 0001822 110.6381 249.4942 13.10374650290977
ONEWEB-0035             
1 45143U 20008N   26036.97773625  .00000640  00000+0  17972-2 0  9997
2 45143  87.8751  62.4276 0001825  96.6964 263.4371 13.10372469290753
ONEWEB-0036             
1 45144U 20008P   26036.96776894  .00000454  00000+0  12645-2 0  9993
2 45144  87.8761  62.3928 0001977  84.9919 275.1434 13.10374708291182
ONEWEB-0038             
1 45145U 20008Q   26036.93844095  .00000549  00000+0  15133-2 0  9990
2 45145  87.8823  47.1788 0000140 125.3021 234.8120 13.11415873293122
ONEWEB-0039             
1 45146U 20008R   26036.56853566 -.00000298  00000+0 -89033-3 0  9997
2 45146  87.8765  62.4900 0001815  76.5231 283.6098 13.10376716290926
ONEWEB-0040             
1 45147U 20008S   26036.56189688 -.00000571  00000+0 -16729-2 0  9990
2 45147  87.8752  62.5113 0001749  93.8896 266.2431 13.10374279290622
ONEWEB-0043             
1 45149U 20008U   26036.56355848 -.00000555  00000+0 -16250-2 0  9996
2 45149  87.8755  62.4926 0001881  75.0178 285.1158 13.10374940290946
ONEWEB-0044             
1 45150U 20008V   26036.97358368  .00000636  00000+0  17849-2 0  9996
2 45150  87.8761  62.4049 0001734  87.8674 272.2652 13.10377102291298
ONEWEB-0045             
1 45151U 20008W   26036.93322311  .00000483  00000+0  13264-2 0  9999
2 45151  87.8826  47.1660 0001765  87.1372 272.9958 13.11418644293209
ONEWEB-0047             
1 45152U 20008X   26036.96694716 -.00000059  00000+0 -20469-3 0  9991
2 45152  87.8749  62.4117 0001785  94.7410 265.3921 13.10377530291010
ONEWEB-0048             
1 45153U 20008Y   26036.96195322  .00000216  00000+0  58314-3 0  9994
2 45153  87.8755  62.4403 0001801  95.3047 264.8286 13.10377332290622
ONEWEB-0049             
1 45154U 20008Z   26036.96514814  .00000387  00000+0  10714-2 0  9996
2 45154  87.8754  62.4278 0002274  87.7435 272.3953 13.10376164290844
ONEWEB-0051             
1 45155U 20008AA  26036.93152163  .00000531  00000+0  14616-2 0  9995
2 45155  87.8818  47.1811 0001890  87.0195 273.1149 13.11417165293889
ONEWEB-0052             
1 45156U 20008AB  26036.50132612  .00000184  00000+0  49132-3 0  9992
2 45156  87.8763  62.4864 0002299  86.4738 273.6653 13.10375364290691
ONEWEB-0053             
1 45157U 20008AC  26036.56023098 -.00000796  00000+0 -23180-2 0  9991
2 45157  87.8751  62.5171 0001988  79.5631 280.5720 13.10375164290678
ONEWEB-0054             
1 45158U 20008AD  26036.59511078  .00000572  00000+0  16014-2 0  9993
2 45158  87.8758  62.4827 0001952  91.9877 268.1474 13.10372301290795
ONEWEB-0056             
1 45159U 20008AE  26036.49966203  .00000057  00000+0  12650-3 0  9998
2 45159  87.8761  62.5020 0002031  94.1321 266.0038 13.10375828290930
ONEWEB-0057             
1 45160U 20008AF  26036.96541596  .00000396  00000+0  10968-2 0  9991
2 45160  87.8759  62.4197 0001944  85.5974 274.5375 13.10376651291162
ONEWEB-0058             
1 45161U 20008AG  26036.57032884 -.00000487  00000+0 -14300-2 0  9991
2 45161  87.8757  62.5083 0001662 100.2721 259.8593 13.10375948291186
ONEWEB-0059             
1 45162U 20008AH  26036.56686868 -.00000560  00000+0 -16406-2 0  9999
2 45162  87.8753  62.5097 0001693  92.1124 268.0197 13.10375268291084
ONEWEB-0062             
1 45163U 20008AJ  26036.97441540  .00000529  00000+0  14777-2 0  9993
2 45163  87.8760  62.4075 0001657 106.8975 253.2335 13.10374249291005
ONEWEB-0065             
1 45164U 20008AK  26036.54682089 -.00000465  00000+0 -13684-2 0  9999
2 45164  87.8747  62.5047 0002148  88.6935 271.4439 13.10370574290643
ONEWEB-0066             
1 45424U 20020A   26036.91625152  .00000041  00000+0  80603-4 0  9996
2 45424  87.8826  47.1842 0001677  86.6591 273.4729 13.11418051285477
ONEWEB-0067             
1 45425U 20020B   26036.95369720  .00000036  00000+0  64923-4 0  9998
2 45425  87.8832  47.0839 0001886  84.1286 276.0057 13.11414801285535
ONEWEB-0080             
1 45426U 20020C   26036.96290012 -.00001204  00000+0 -34344-2 0  9999
2 45426  87.8823  47.1739 0001604 100.6102 259.5207 13.11420667285502
ONEWEB-0090             
1 45427U 20020D   26036.98251030 -.00000365  00000+0 -10649-2 0  9998
2 45427  87.8819  47.1723 0001820  91.4707 268.6629 13.11419190285473
ONEWEB-0061             
1 45428U 20020E   26036.93816442  .00000516  00000+0  14195-2 0  9994
2 45428  87.8823  47.1646 0001794  90.4876 269.6458 13.11414484285426
ONEWEB-0081             
1 45429U 20020F   26036.91964302  .00000046  00000+0  93972-4 0  9992
2 45429  87.8821  47.1839 0001797  82.3575 277.7757 13.11419003285534
ONEWEB-0069             
1 45430U 20020G   26036.98491570 -.00000315  00000+0 -92495-3 0  9992
2 45430  87.8827  47.1660 0001809  87.3244 272.8091 13.11417825285476
ONEWEB-0031             
1 45431U 20020H   26036.95693962 -.00000055  00000+0 -19019-3 0  9991
2 45431  87.8816  47.1917 0001772  95.8180 264.3150 13.11414473285458
ONEWEB-0027             
1 45432U 20020J   26036.93629855  .00000000  00000+0 -32105-4 0  9991
2 45432  87.9105  31.9156 0002066  97.6591 262.4776 13.17650089289076
ONEWEB-0064             
1 45433U 20020K   26036.95524524 -.00000033  00000+0 -12754-3 0  9995
2 45433  87.8814  47.1824 0001852  95.8016 264.3323 13.11413759285483
ONEWEB-0018             
1 45434U 20020L   26036.98744942 -.00000409  00000+0 -11903-2 0  9998
2 45434  87.8827  47.1702 0001682  89.1940 270.9381 13.11419050285438
ONEWEB-0083             
1 45435U 20020M   26036.97813693 -.00000484  00000+0 -14009-2 0  9991
2 45435  87.8824  47.1601 0001799  92.5834 267.5500 13.11418446285470
ONEWEB-0095             
1 45436U 20020N   26036.96894557 -.00000472  00000+0 -13676-2 0  9995
2 45436  87.8819  47.1711 0002611  92.8098 267.3329 13.11415657285474
ONEWEB-0092             
1 45437U 20020P   26036.94084494  .00000430  00000+0  11770-2 0  9990
2 45437  87.8820  47.1768 0002163  85.8259 274.3116 13.11414311285582
ONEWEB-0085             
1 45438U 20020Q   26036.97728116 -.00000457  00000+0 -13255-2 0  9991
2 45438  87.8817  47.1752 0001864  89.6062 270.5280 13.11417535285472
ONEWEB-0096             
1 45439U 20020R   26036.97897524 -.00000439  00000+0 -12759-2 0  9990
2 45439  87.8826  47.1604 0001811  87.7893 272.3442 13.11417490285461
ONEWEB-0037             
1 45440U 20020S   26036.95948568 -.00000222  00000+0 -66201-3 0  9997
2 45440  87.8832  47.1386 0001932  89.8496 270.2854 13.11415976285497
ONEWEB-0042             
1 45441U 20020T   26036.96868330 -.00000922  00000+0 -26383-2 0  9990
2 45441  87.8833  47.1596 0001729  86.1292 274.0033 13.11408048285460
ONEWEB-0098             
1 45442U 20020U   26036.96456103 -.00000390  00000+0 -11372-2 0  9993
2 45442  87.8824  47.1735 0001775  92.5576 267.5755 13.11416986285449
ONEWEB-0055             
1 45443U 20020V   26036.94762200  .00000308  00000+0  83306-3 0  9994
2 45443  87.8823  47.1764 0001798  90.6707 269.4627 13.11414091285412
ONEWEB-0093             
1 45444U 20020W   26036.92317652  .00000367  00000+0  99880-3 0  9999
2 45444  87.8828  47.1700 0001837  76.0842 284.0490 13.11418411285477
ONEWEB-0029             
1 45445U 20020X   26036.93914330  .00000510  00000+0  14039-2 0  9999
2 45445  87.8825  47.1792 0001724  87.5455 272.5870 13.11416867285453
ONEWEB-0068             
1 45446U 20020Y   26036.92289842  .00000284  00000+0  76556-3 0  9993
2 45446  87.8827  47.1723 0001708  85.3062 274.8261 13.11417663285399
ONEWEB-0046             
1 45447U 20020Z   26036.53307317 -.00000004  00000+0 -47948-4 0  9995
2 45447  87.8826  47.2573 0001947  83.8925 276.2425 13.11419227285351
ONEWEB-0063             
1 45448U 20020AA  26036.94338910  .00000463  00000+0  12698-2 0  9993
2 45448  87.8824  47.1732 0002057  87.4516 272.6848 13.11415399285495
ONEWEB-0019             
1 45449U 20020AB  26036.98222890 -.00000363  00000+0 -10611-2 0  9991
2 45449  87.8811  47.1630 0001771  95.2647 264.8683 13.11419663285345
ONEWEB-0094             
1 45450U 20020AC  26036.98522606  .00000045  00000+0  83266-4 0  9994
2 45450  87.9109  31.9025 0001713  86.8275 273.3053 13.17647500289031
ONEWEB-0087             
1 45451U 20020AD  26036.95341511  .00000060  00000+0  13331-3 0  9998
2 45451  87.8834  47.1351 0001611  83.2494 276.8817 13.11414461285380
ONEWEB-0082             
1 45452U 20020AE  26036.95015998  .00000193  00000+0  50975-3 0  9998
2 45452  87.8834  47.1608 0001625  85.3858 274.7455 13.11414341285470
ONEWEB-0050             
1 45453U 20020AF  26036.65458447  .00003647  00000+0  37733-3 0  9990
2 45453  88.9192 251.1430 0005816  87.9812 272.2083 14.89877423320799
ONEWEB-0034             
1 45454U 20020AG  26036.97133628 -.00000473  00000+0 -13717-2 0  9998
2 45454  87.8821  47.1633 0001813  91.9149 268.2187 13.11418153285397
ONEWEB-0060             
1 45455U 20020AH  26036.94253450  .00000444  00000+0  12171-2 0  9991
2 45455  87.8812  47.1827 0001074  59.9932 300.1302 13.11416004285349
ONEWEB-0086             
1 45456U 20020AJ  26036.92133753  .00000224  00000+0  59675-3 0  9990
2 45456  87.8825  47.1717 0001123  98.9558 261.1697 13.11418573285407
ONEWEB-0088             
1 45457U 20020AK  26036.97558365 -.00000481  00000+0 -13929-2 0  9994
2 45457  87.8833  47.1220 0002020  83.6463 276.4895 13.11417300285348
ONEWEB-0102             
1 47258U 20100A   26036.92980963  .00000460  00000+0  12446-2 0  9990
2 47258  87.8952  16.7358 0001574  88.8678 271.2631 13.12442855247515
ONEWEB-0109             
1 47259U 20100B   26036.93827485  .00000331  00000+0  88460-3 0  9998
2 47259  87.8954  16.7063 0001802  89.4462 270.6874 13.12442291247340
ONEWEB-0110             
1 47260U 20100C   26036.96537948 -.00000489  00000+0 -13937-2 0  9997
2 47260  87.8953  16.6854 0001583  83.7818 276.3491 13.12441884247510
ONEWEB-0111             
1 47261U 20100D   26036.91963119  .00000328  00000+0  87679-3 0  9991
2 47261  87.8954  16.7133 0001737  80.9214 279.2111 13.12442620247344
ONEWEB-0114             
1 47262U 20100E   26036.95014320 -.00000079  00000+0 -25362-3 0  9993
2 47262  87.8954  16.7023 0002061  90.3927 269.7438 13.12442960247309
ONEWEB-0117             
1 47263U 20100F   26036.94166549  .00000181  00000+0  46865-3 0  9997
2 47263  87.8955  16.6994 0001745  81.6502 278.4824 13.12442065247310
ONEWEB-0118             
1 47264U 20100G   26036.97553748 -.00000350  00000+0 -10082-2 0  9993
2 47264  87.8953  16.6939 0002144  85.9809 274.1565 13.12445730247518
ONEWEB-0119             
1 47265U 20100H   26036.92472566  .00000386  00000+0  10375-2 0  9999
2 47265  87.8947  16.7330 0001839  85.2635 274.8703 13.12442984247483
ONEWEB-0120             
1 47266U 20100J   26036.94857626 -.00000078  00000+0 -25088-3 0  9994
2 47266  87.8947  16.7291 0001860  87.4006 272.7336 13.12442393247517
ONEWEB-0121             
1 47267U 20100K   26036.93658294  .00000331  00000+0  88397-3 0  9996
2 47267  87.8958  16.7047 0001596  82.0718 278.0592 13.12442591247429
ONEWEB-0122             
1 47268U 20100L   26036.93065249  .00000449  00000+0  12130-2 0  9990
2 47268  87.8955  16.7080 0001723  88.8714 271.2611 13.12442251247336
ONEWEB-0123             
1 47269U 20100M   26036.92641905  .00000426  00000+0  11477-2 0  9997
2 47269  87.8950  16.7314 0001890  83.5908 276.5436 13.12442848247474
ONEWEB-0124             
1 47270U 20100N   26036.91624101  .00000275  00000+0  72827-3 0  9996
2 47270  87.8945  16.7379 0001765  80.4269 279.7059 13.12443073247352
ONEWEB-0125             
1 47271U 20100P   26036.97045553 -.00000378  00000+0 -10871-2 0  9997
2 47271  87.8956  16.6951 0001973  76.8515 283.2834 13.12442285247427
ONEWEB-0126             
1 47272U 20100Q   26036.91469892  .00000216  00000+0  56500-3 0  9997
2 47272  87.8957  16.7291 0001867  87.7826 272.3516 13.12444715247487
ONEWEB-0127             
1 47273U 20100R   26036.95691122 -.00000308  00000+0 -89064-3 0  9990
2 47273  87.8946  16.7272 0001850  87.6799 272.4541 13.12443265247517
ONEWEB-0128             
1 47274U 20100S   26036.97892669 -.00000234  00000+0 -68478-3 0  9996
2 47274  87.8943  16.7378 0001496  86.6021 273.5279 13.12444222247531
ONEWEB-0129             
1 47275U 20100T   26036.95859451 -.00000288  00000+0 -83499-3 0  9996
2 47275  87.8955  16.7020 0002425 110.9779 249.1609 13.12443281247465
ONEWEB-0130             
1 47276U 20100U   26036.98570229  .00000022  00000+0  25996-4 0  9996
2 47276  87.8952  16.6907 0001781  88.4654 271.6679 13.12443278247431
ONEWEB-0131             
1 47277U 20100V   26036.98231895 -.00000134  00000+0 -40872-3 0  9995
2 47277  87.8948  16.7221 0001780  85.5406 274.5926 13.12445574247471
ONEWEB-0132             
1 47278U 20100W   26036.93489372  .00000348  00000+0  93263-3 0  9993
2 47278  87.8952  16.7311 0001712  85.2016 274.9308 13.12441359247369
ONEWEB-0133             
1 47279U 20100X   26036.95168164 -.00000196  00000+0 -58023-3 0  9997
2 47279  87.8957  16.6900 0001647  83.9305 276.2011 13.12442085247522
ONEWEB-0134             
1 47280U 20100Y   26036.92133563  .00000348  00000+0  93059-3 0  9996
2 47280  87.8958  16.6930 0001636  92.0910 268.0406 13.12443160247497
ONEWEB-0135             
1 47281U 20100Z   26036.96876426 -.00000461  00000+0 -13167-2 0  9992
2 47281  87.8954  16.7219 0001493  92.0412 268.0887 13.12443299247523
ONEWEB-0136             
1 47282U 20100AA  26036.91116330  .00000105  00000+0  25670-3 0  9995
2 47282  87.8956  16.7038 0001635  97.1000 263.0314 13.12445089247442
ONEWEB-0137             
1 47283U 20100AB  26036.94505022  .00000005  00000+0 -22739-4 0  9993
2 47283  87.8954  16.7026 0001919  83.1301 277.0046 13.12440878247350
ONEWEB-0138             
1 47284U 20100AC  26036.92302481  .00000368  00000+0  98818-3 0  9997
2 47284  87.8957  16.7163 0001740  91.7497 268.3831 13.12442770247436
ONEWEB-0139             
1 47285U 20100AD  26036.96381638 -.00000411  00000+0 -11791-2 0  9998
2 47285  87.8954  16.6960 0001803  85.7417 274.3918 13.12443059247516
ONEWEB-0140             
1 47286U 20100AE  26036.91794658  .00000270  00000+0  71471-3 0  9997
2 47286  87.8955  16.6933 0001653  81.9203 278.2113 13.12443998247479
ONEWEB-0141             
1 47287U 20100AF  26036.96353750 -.00000423  00000+0 -12121-2 0  9995
2 47287  87.8952  16.6909 0002109  82.2996 277.8372 13.12443070247462
ONEWEB-0142             
1 47288U 20100AG  26036.95196859 -.00000142  00000+0 -42972-3 0  9996
2 47288  87.8954  16.7178 0002171  91.5963 268.5414 13.12440315247452
ONEWEB-0143             
1 47289U 20100AH  26036.96198062 -.00000446  00000+0 -12764-2 0  9998
2 47289  87.8957  16.7117 0001819  84.1306 276.0029 13.12444075247437
ONEWEB-0144             
1 47290U 20100AJ  26036.93319454  .00000406  00000+0  10933-2 0  9997
2 47290  87.8959  16.6867 0001912  95.9167 264.2179 13.12442321247359
ONEWEB-0145             
1 47291U 20100AK  26036.98062658 -.00000133  00000+0 -40459-3 0  9990
2 47291  87.8951  16.7164 0001837  87.3830 272.7508 13.12443647247555
ONEWEB-0146             
1 47292U 20100AL  26036.97723593 -.00000277  00000+0 -80582-3 0  9992
2 47292  87.8950  16.7019 0001669  75.0402 285.0911 13.12444425247466
ONEWEB-0147             
1 47293U 20100AM  26036.94335767  .00000087  00000+0  20600-3 0  9994
2 47293  87.8956  16.6883 0001546  89.9155 270.2151 13.12441417247352
ONEWEB-0115             
1 48042U 21025A   26036.92171787  .00000301  00000+0  78814-3 0  9991
2 48042  87.9038 346.3075 0001732  76.3048 283.8274 13.13468643236367
ONEWEB-0152             
1 48043U 21025B   26036.85909144  .00000121  00000+0  29702-3 0  9992
2 48043  87.9035 346.3235 0001693  76.1762 283.9555 13.13469946236315
ONEWEB-0153             
1 48044U 21025C   26036.91326081  .00000220  00000+0  56636-3 0  9999
2 48044  87.9031 346.3190 0001832  82.2287 277.9050 13.13469433236311
ONEWEB-0154             
1 48045U 21025D   26036.90986545  .00000246  00000+0  63880-3 0  9993
2 48045  87.9029 346.3169 0001723  81.0721 279.0604 13.13471788236273
ONEWEB-0116             
1 48046U 21025E   26036.87262694 -.00000191  00000+0 -55911-3 0  9999
2 48046  87.9039 346.3103 0001706  75.5782 284.5536 13.13469808236410
ONEWEB-0150             
1 48047U 21025F   26036.84893130  .00000311  00000+0  81623-3 0  9993
2 48047  87.9037 346.3117 0001981  78.5376 281.5976 13.13469608236302
ONEWEB-0107             
1 48048U 21025G   26036.85062636  .00000265  00000+0  69108-3 0  9996
2 48048  87.9036 346.3073 0001904  86.8404 273.2944 13.13470888236284
ONEWEB-0101             
1 48049U 21025H   26036.88955705 -.00000251  00000+0 -72107-3 0  9998
2 48049  87.9027 346.3286 0001730  84.7619 275.3708 13.13469998236262
ONEWEB-0113             
1 48050U 21025J   26036.88430042 -.00000314  00000+0 -88870-3 0  9996
2 48050  87.9037 346.2517 0001676  72.8837 287.2476 13.13972669236369
ONEWEB-0112             
1 48051U 21025K   26036.85569608  .00000262  00000+0  68179-3 0  9995
2 48051  87.9037 346.3036 0001729  89.2950 270.8377 13.13470910236353
ONEWEB-0156             
1 48052U 21025L   26036.86415775  .00000009  00000+0 -95073-5 0  9997
2 48052  87.9039 346.3132 0001923  82.9096 277.2252 13.13469361236339
ONEWEB-0161             
1 48053U 21025M   26036.76260127  .00000264  00000+0  68863-3 0  9993
2 48053  87.9030 346.3452 0001948  85.0770 275.0581 13.13470188236257
ONEWEB-0158             
1 48054U 21025N   26036.87431832 -.00000213  00000+0 -61896-3 0  9994
2 48054  87.9038 346.3108 0001485  74.7400 285.3893 13.13470676236392
ONEWEB-0157             
1 48055U 21025P   26036.89970823  .00000008  00000+0 -11770-4 0  9993
2 48055  87.9033 346.3111 0002005  91.3705 268.7654 13.13471977236333
ONEWEB-0162             
1 48056U 21025Q   26036.87587880 -.00000315  00000+0 -89817-3 0  9997
2 48056  87.9040 346.3194 0001939  78.3207 281.8140 13.13469200236309
ONEWEB-0155             
1 48057U 21025R   26036.88277654 -.00000249  00000+0 -71783-3 0  9993
2 48057  87.9027 346.3202 0001755  86.0287 274.1043 13.13470014236442
ONEWEB-0149             
1 48058U 21025S   26036.90479532  .00000057  00000+0  12252-3 0  9997
2 48058  87.9034 346.3104 0002013  78.2943 281.8412 13.13471428236256
ONEWEB-0148             
1 48059U 21025T   26036.86754842 -.00000069  00000+0 -22258-3 0  9995
2 48059  87.9032 346.3338 0002433  77.4790 282.6612 13.13471433236371
ONEWEB-0160             
1 48060U 21025U   26036.88446766 -.00000298  00000+0 -85076-3 0  9993
2 48060  87.9028 346.3281 0001451  54.7443 305.3822 13.13471677236328
ONEWEB-0163             
1 48061U 21025V   26036.86924039 -.00000146  00000+0 -43425-3 0  9990
2 48061  87.9039 346.3212 0001957  88.1290 272.0064 13.13469500236440
ONEWEB-0159             
1 48062U 21025W   26036.86078082  .00000127  00000+0  31274-3 0  9995
2 48062  87.9041 346.3074 0002003  81.4979 278.6377 13.13470657236368
ONEWEB-0164             
1 48063U 21025X   26036.76597437  .00000315  00000+0  82701-3 0  9995
2 48063  87.9037 346.3334 0001717  78.7757 281.3565 13.13469310236338
ONEWEB-0167             
1 48064U 21025Y   26036.87007682 -.00000173  00000+0 -50819-3 0  9995
2 48064  87.9030 346.3350 0001616 103.2492 256.8817 13.13467932236333
ONEWEB-0166             
1 48065U 21025Z   26036.89293546 -.00000166  00000+0 -48839-3 0  9995
2 48065  87.9034 346.2912 0001993  80.2671 279.8683 13.13472139236412
ONEWEB-0151             
1 48066U 21025AA  26036.89463627 -.00000172  00000+0 -50511-3 0  9992
2 48066  87.9033 346.3177 0001672  83.2747 276.8573 13.13470757236359
ONEWEB-0170             
1 48067U 21025AB  26036.90309434  .00000105  00000+0  25130-3 0  9993
2 48067  87.9028 346.3182 0001344  77.8115 282.3165 13.13471517236314
ONEWEB-0168             
1 48068U 21025AC  26036.88785766 -.00000299  00000+0 -85460-3 0  9995
2 48068  87.9037 346.3101 0001904  85.2003 274.9344 13.13471754236327
ONEWEB-0173             
1 48069U 21025AD  26036.87940081 -.00000253  00000+0 -72763-3 0  9990
2 48069  87.9039 346.3190 0001811  93.0004 267.1332 13.13469843236566
ONEWEB-0171             
1 48070U 21025AE  26036.76429187  .00000241  00000+0  62553-3 0  9990
2 48070  87.9023 346.3574 0001701  82.6257 277.5065 13.13469606236362
ONEWEB-0172             
1 48071U 21025AF  26036.89632915 -.00000146  00000+0 -43337-3 0  9995
2 48071  87.9023 346.3184 0001738  85.2537 274.8790 13.13471330237273
ONEWEB-0174             
1 48072U 21025AG  26036.87770477 -.00000157  00000+0 -46365-3 0  9996
2 48072  87.9035 346.3223 0001801  83.1284 277.0050 13.13469454236590
ONEWEB-0175             
1 48073U 21025AH  26036.90818260  .00000210  00000+0  53948-3 0  9997
2 48073  87.9034 346.2901 0001485  85.3776 274.7523 13.13471106236259
ONEWEB-0177             
1 48074U 21025AJ  26036.92003438  .00000384  00000+0  10157-2 0  9999
2 48074  87.9036 346.3081 0001936  84.5215 275.6135 13.13470328236447
ONEWEB-0178             
1 48075U 21025AK  26036.86260846  .00000027  00000+0  39038-4 0  9996
2 48075  87.9020 346.3528 0001582  88.5851 271.5459 13.13458294236480
ONEWEB-0108             
1 48076U 21025AL  26036.89801881 -.00000037  00000+0 -13543-3 0  9995
2 48076  87.9032 346.3011 0001864  73.1288 287.0046 13.13469979236417
ONEWEB-0169             
1 48077U 21025AM  26036.85401021  .00000270  00000+0  70472-3 0  9995
2 48077  87.9030 346.3282 0001888  74.4814 285.6523 13.13471174235065
ONEWEB-0176             
1 48210U 21031A   26036.79969202 -.00000163  00000+0 -47461-3 0  9999
2 48210  87.9024 315.8954 0001649  80.3191 279.8125 13.14502913231058
ONEWEB-0184             
1 48211U 21031B   26036.84885356  .00000184  00000+0  46154-3 0  9992
2 48211  87.9038 315.8725 0001058 105.1976 254.9271 13.14502539231039
ONEWEB-0179             
1 48212U 21031C   26036.74339560  .00000124  00000+0  30131-3 0  9995
2 48212  87.9033 315.8981 0001993  81.4716 278.6639 13.14503149231067
ONEWEB-0180             
1 48213U 21031D   26036.85202767  .00000033  00000+0  55830-4 0  9999
2 48213  87.9034 315.8769 0001805  89.2469 270.8867 13.14503355230960
ONEWEB-0218             
1 48214U 21031E   26036.95034147 -.00000070  00000+0 -22359-3 0  9998
2 48214  87.9034 315.8572 0001372 109.3064 250.8214 13.14503607231131
ONEWEB-0209             
1 48215U 21031F   26036.78700728 -.00000063  00000+0 -20549-3 0  9996
2 48215  87.9022 315.9198 0001930  87.0888 273.0462 13.14503359231114
ONEWEB-0198             
1 48216U 21031G   26036.77128969  .00000118  00000+0  28429-3 0  9991
2 48216  87.9026 315.9210 0001713  92.6746 267.4580 13.14503735231226
ONEWEB-0189             
1 48217U 21031H   26036.78383763 -.00000024  00000+0 -10037-3 0  9992
2 48217  87.9033 315.8939 0001664  89.8627 270.2693 13.14503605230966
ONEWEB-0196             
1 48218U 21031J   26036.76163055  .00000206  00000+0  52009-3 0  9996
2 48218  87.9027 315.9101 0001736  80.9931 279.1395 13.14503652230961
ONEWEB-0183             
1 48219U 21031K   26036.81237762 -.00000068  00000+0 -21866-3 0  9995
2 48219  87.9018 315.9004 0001885  74.8310 285.3028 13.14503387231061
ONEWEB-0185             
1 48220U 21031L   26036.76243197  .00000227  00000+0  57753-3 0  9999
2 48220  87.9030 315.8948 0002101  80.6134 279.5234 13.14503308230981
ONEWEB-0187             
1 48221U 21031M   26036.74247145  .00000071  00000+0  15582-3 0  9996
2 48221  87.9018 315.9337 0001892  84.6499 275.4846 13.14503324230998
ONEWEB-0192             
1 48222U 21031N   26036.78858969 -.00000081  00000+0 -25309-3 0  9994
2 48222  87.9017 315.9145 0001694  82.4751 277.6571 13.14503179230911
ONEWEB-0219             
1 48223U 21031P   26036.84409819  .00000189  00000+0  47653-3 0  9991
2 48223  87.9027 315.8855 0001909  81.3694 278.7652 13.14503184231125
ONEWEB-0202             
1 48224U 21031Q   26036.74894781  .00000203  00000+0  51204-3 0  9991
2 48224  87.9023 315.9136 0001581 103.6041 256.5265 13.14503033231098
ONEWEB-0204             
1 48225U 21031R   26036.78303192 -.00000053  00000+0 -17839-3 0  9998
2 48225  87.9030 315.8997 0002007  73.8337 286.3014 13.14503771230991
ONEWEB-0205             
1 48226U 21031S   26036.75846775  .00000278  00000+0  71600-3 0  9998
2 48226  87.9026 315.8973 0001856  81.5040 278.6300 13.14503759231000
ONEWEB-0206             
1 48227U 21031T   26036.80761838 -.00000127  00000+0 -37735-3 0  9997
2 48227  87.9036 315.8838 0001481  72.4720 287.6571 13.14503993230964
ONEWEB-0182             
1 48228U 21031U   26036.80286367 -.00000313  00000+0 -87969-3 0  9998
2 48228  87.9024 315.9019 0001873  73.4241 286.7094 13.14502902231171
ONEWEB-0186             
1 48229U 21031V   26036.81396201 -.00000099  00000+0 -30051-3 0  9990
2 48229  87.9029 315.8849 0001744  80.5924 279.5403 13.14504690231126
ONEWEB-0181             
1 48230U 21031W   26036.79176619 -.00000105  00000+0 -31773-3 0  9998
2 48230  87.9013 315.9352 0001740  84.1799 275.9529 13.14503690230977
ONEWEB-0188             
1 48231U 21031X   26036.75370217  .00000239  00000+0  61099-3 0  9995
2 48231  87.9017 315.9409 0001771  77.5368 282.5960 13.14503124230871
ONEWEB-0220             
1 48232U 21031Y   26036.79334341 -.00000267  00000+0 -75434-3 0  9999
2 48232  87.9032 315.8877 0001893  81.3664 278.7680 13.14502358231149
ONEWEB-0165             
1 48233U 21031Z   26036.74577894  .00000115  00000+0  27665-3 0  9990
2 48233  87.9017 315.9165 0001630  89.4938 270.6379 13.14503519231096
ONEWEB-0199             
1 48234U 21031AA  26036.80603485 -.00000156  00000+0 -45631-3 0  9994
2 48234  87.9031 315.8851 0001668  73.9132 286.2181 13.14503514231009
ONEWEB-0203             
1 48235U 21031AB  26036.79651097 -.00000025  00000+0 -10149-3 0  9996
2 48235  87.9025 315.8858 0001462  81.5562 278.5733 13.14502345231013
ONEWEB-0197             
1 48236U 21031AC  26036.77101122  .00000185  00000+0  46367-3 0  9990
2 48236  87.9027 315.8909 0001979  72.3071 287.8275 13.14503399230922
ONEWEB-0194             
1 48237U 21031AD  26036.75053157  .00000165  00000+0  41068-3 0  9994
2 48237  87.9029 315.9121 0001513  73.2442 286.8854 13.14504895231091
ONEWEB-0193             
1 48238U 21031AE  26036.76639403  .00000272  00000+0  69915-3 0  9990
2 48238  87.9026 315.9013 0001395  64.8171 295.3103 13.14503715231049
ONEWEB-0191             
1 48239U 21031AF  26036.77749122  .00000092  00000+0  21322-3 0  9992
2 48239  87.9035 315.8933 0001718  74.9547 285.1773 13.14503270230908
ONEWEB-0195             
1 48240U 21031AG  26036.75449182  .00000275  00000+0  70665-3 0  9992
2 48240  87.9028 315.8955 0001716  92.2862 267.8464 13.14503737230886
ONEWEB-0201             
1 48241U 21031AH  26036.74273299  .00000113  00000+0  27106-3 0  9999
2 48241  87.9016 315.9292 0001986  81.9530 278.1826 13.14502600231117
ONEWEB-0207             
1 48242U 21031AJ  26036.79889614 -.00000186  00000+0 -53546-3 0  9998
2 48242  87.9031 315.8869 0001957  78.5473 281.5877 13.14503342231039
ONEWEB-0208             
1 48243U 21031AK  26036.78065820 -.00000019  00000+0 -85671-4 0  9993
2 48243  87.9034 315.9025 0001610  82.2753 277.8559 13.14502349231049
ONEWEB-0200             
1 48244U 21031AL  26036.74418339  .00000105  00000+0  24882-3 0  9997
2 48244  87.9029 315.8998 0001775  81.5348 278.5982 13.14502949230960
ONEWEB-0217             
1 48245U 21031AM  26036.76004580  .00000296  00000+0  76492-3 0  9994
2 48245  87.9034 315.8950 0001670  88.5840 271.5481 13.14503138230916
ONEWEB-0211             
1 48767U 21045A   26036.75070117  .00000115  00000+0  26947-3 0  9996
2 48767  87.8991 285.3509 0001331  98.3777 261.7505 13.16141004227151
ONEWEB-0223             
1 48768U 21045B   26036.76620535  .00000089  00000+0  20173-3 0  9998
2 48768  87.8993 285.4228 0001105  89.8624 270.2633 13.15548468227126
ONEWEB-0230             
1 48769U 21045C   26036.73768133  .00000064  00000+0  13665-3 0  9994
2 48769  87.8981 285.4540 0001631  75.8210 284.3101 13.15547860227380
ONEWEB-0237             
1 48770U 21045D   26036.72658373 -.00000024  00000+0 -98824-4 0  9998
2 48770  87.8984 285.4574 0001255  78.6689 281.4583 13.15549377227102
ONEWEB-0235             
1 48771U 21045E   26036.70123410 -.00000029  00000+0 -10996-3 0  9994
2 48771  87.8994 285.4363 0001079  85.2771 274.8482 13.15549185227099
ONEWEB-0242             
1 48772U 21045F   26036.69489735  .00000037  00000+0  65334-4 0  9992
2 48772  87.8995 285.4329 0001368  75.5508 284.5774 13.15548819227134
ONEWEB-0241             
1 48773U 21045G   26036.75827697  .00000049  00000+0  95228-4 0  9991
2 48773  87.8984 285.4520 0001314  96.6615 263.4665 13.15548001227059
ONEWEB-0243             
1 48774U 21045H   26036.63784814 -.00000086  00000+0 -26179-3 0  9993
2 48774  87.8986 285.4871 0001160  74.0177 286.1081 13.15548658227066
ONEWEB-0222             
1 48775U 21045J   26036.69726531  .00000002  00000+0 -28655-4 0  9991
2 48775  87.8997 285.4321 0001369  81.9799 278.1486 13.15549455227119
ONEWEB-0244             
1 48776U 21045K   26035.96284572 -.00000070  00000+0 -21994-3 0  9999
2 48776  87.8996 285.5687 0001366  78.5565 281.5718 13.15548125227585
ONEWEB-0247             
1 48777U 21045L   26036.64417945 -.00000026  00000+0 -10211-3 0  9999
2 48777  87.8983 285.4809 0000661  67.9190 292.2010 13.15549645227111
ONEWEB-0245             
1 48778U 21045M   26036.63943876 -.00000108  00000+0 -32003-3 0  9990
2 48778  87.8991 285.4497 0001480  87.6560 272.4740 13.15548758227084
ONEWEB-0229             
1 48779U 21045N   26036.63468168 -.00000073  00000+0 -22695-3 0  9994
2 48779  87.8995 285.4486 0001421  75.3868 284.7420 13.15548846227110
ONEWEB-0228             
1 48780U 21045P   26036.74415334 -.00000073  00000+0 -22674-3 0  9992
2 48780  87.9000 285.4140 0001556  70.7840 289.3459 13.15547795227042
ONEWEB-0232             
1 48781U 21045Q   26036.64260568 -.00000072  00000+0 -22453-3 0  9993
2 48781  87.9004 285.4302 0001501  79.5068 280.6232 13.15549352227354
ONEWEB-0231             
1 48782U 21045R   26036.69648978  .00000036  00000+0  62189-4 0  9993
2 48782  87.8989 285.4524 0001321  84.7574 275.3707 13.15549022227051
ONEWEB-0234             
1 48783U 21045S   26036.73437695  .00000071  00000+0  15449-3 0  9996
2 48783  87.8986 285.4218 0002201  96.7604 263.3777 13.15547766227196
ONEWEB-0238             
1 48784U 21045T   26036.73464149  .00000061  00000+0  12815-3 0  9994
2 48784  87.8989 285.4147 0001872  90.8654 269.2691 13.15548355227098
ONEWEB-0240             
1 48785U 21045U   26036.75588497  .00000123  00000+0  29312-3 0  9999
2 48785  87.8996 285.4103 0001316  91.7427 268.3854 13.15550939227126
ONEWEB-0246             
1 48786U 21045V   26036.75035755  .00000202  00000+0  50229-3 0  9993
2 48786  87.8992 285.4210 0001428  76.5757 283.5533 13.15548612226995
ONEWEB-0210             
1 48787U 21045W   26036.72500149 -.00000025  00000+0 -10140-3 0  9998
2 48787  87.8994 285.4231 0000881  49.4515 310.6692 13.15557726227034
ONEWEB-0214             
1 48788U 21045X   26036.73371257  .00000087  00000+0  19685-3 0  9995
2 48788  87.8996 285.4161 0001299  66.0268 294.0998 13.15548621227008
ONEWEB-0221             
1 48789U 21045Y   26036.74084785  .00000164  00000+0  40083-3 0  9996
2 48789  87.8988 285.4261 0001348  84.9920 275.1364 13.15548508227090
ONEWEB-0213             
1 48790U 21045Z   26036.72975038  .00000014  00000+0  25860-5 0  9998
2 48790  87.8990 285.4319 0001217  79.7620 280.3647 13.15549414227159
ONEWEB-0212             
1 48791U 21045AA  26035.94620060 -.00000204  00000+0 -57513-3 0  9995
2 48791  87.8995 285.5826 0001537  80.3956 279.7348 13.15547678227042
ONEWEB-0227             
1 48792U 21045AB  26036.62993160 -.00000049  00000+0 -16517-3 0  9992
2 48792  87.8984 285.4510 0001476  81.8758 278.2540 13.15548576227088
ONEWEB-0226             
1 48793U 21045AC  26036.62358825 -.00000015  00000+0 -73001-4 0  9991
2 48793  87.8984 285.4620 0001182  74.1895 285.9366 13.15549331227050
ONEWEB-0224             
1 48794U 21045AD  26036.73925831  .00000044  00000+0  83881-4 0  9998
2 48794  87.8984 285.4751 0001676 112.3666 247.7642 13.15548521226990
ONEWEB-0233             
1 48795U 21045AE  26036.74388180  .00000136  00000+0  32826-3 0  9994
2 48795  87.8980 285.4841 0001269  89.8375 270.2901 13.15548356227019
ONEWEB-0190             
1 48796U 21045AF  26036.65527958  .00000062  00000+0  13185-3 0  9998
2 48796  87.8979 285.4622 0000785  88.7320 271.3900 13.15550146227072
ONEWEB-0236             
1 48797U 21045AG  26036.67271479  .00000157  00000+0  38396-3 0  9991
2 48797  87.8980 285.4705 0001652  82.6519 277.4799 13.15548290226961
ONEWEB-0248             
1 48798U 21045AH  26036.68538921  .00000167  00000+0  40844-3 0  9993
2 48798  87.8993 285.4378 0001231  99.2493 260.8777 13.15549014227126
ONEWEB-0225             
1 48799U 21045AJ  26036.63151776 -.00000089  00000+0 -27152-3 0  9990
2 48799  87.8986 285.4669 0000879  86.1131 274.0100 13.15549228227127
ONEWEB-0215             
1 48800U 21045AK  26036.75352639  .00000149  00000+0  36231-3 0  9990
2 48800  87.8996 285.4119 0000899  98.7665 261.3568 13.15548536227010
ONEWEB-0216             
1 48801U 21045AL  26036.68697323  .00000182  00000+0  45047-3 0  9997
2 48801  87.8985 285.4486 0001466  74.3232 285.8060 13.15549042227018
ONEWEB-0239             
1 48802U 21045AM  26036.69172376  .00000129  00000+0  30810-3 0  9998
2 48802  87.8984 285.4615 0001020 114.8072 245.3165 13.15549865227054
ONEWEB-0249             
1 48967U 21060A   26036.95740776 -.00000272  00000+0 -74506-3 0  9992
2 48967  87.9007 254.8995 0001444  97.5185 262.6110 13.16591230222349
ONEWEB-0250             
1 48968U 21060B   26036.61588463  .00000019  00000+0  12764-4 0  9995
2 48968  87.9004 253.1540 0002206 112.6665 247.4704 13.25825562222780
ONEWEB-0252             
1 48970U 21060D   26036.68501434  .00000070  00000+0  14914-3 0  9993
2 48970  87.9005 254.9478 0001380  75.5198 284.6086 13.16595833222357
ONEWEB-0253             
1 48971U 21060E   26036.67393916  .00000099  00000+0  22500-3 0  9998
2 48971  87.9006 254.9558 0001342  90.0124 270.1161 13.16594580222281
ONEWEB-0254             
1 48972U 21060F   26036.68343459 -.00000049  00000+0 -16071-3 0  9990
2 48972  87.9015 254.9476 0001293  99.9221 260.2055 13.16594146222282
ONEWEB-0255             
1 48973U 21060G   26036.64544679 -.00004103  00000+0 -10769-1 0  9995
2 48973  87.9002 254.9657 0001331  88.4894 271.6389 13.16612780222351
ONEWEB-0256             
1 48974U 21060H   26036.97554559  .00000107  00000+0  24701-3 0  9991
2 48974  87.8995 254.9058 0001530  84.3990 275.7316 13.16595370222361
ONEWEB-0257             
1 48975U 21060J   26036.62802015  .00000003  00000+0 -26745-4 0  9994
2 48975  87.9009 254.9595 0001324  86.7481 273.3801 13.16594060222275
ONEWEB-0258             
1 48976U 21060K   26036.55361059 -.00000041  00000+0 -14004-3 0  9992
2 48976  87.9003 254.9863 0001554  89.8404 270.2905 13.16593624222278
ONEWEB-0259             
1 48977U 21060L   26036.62327135 -.00000018  00000+0 -80651-4 0  9994
2 48977  87.9009 254.9703 0001420  92.8563 267.2730 13.16594403222313
ONEWEB-0260             
1 48978U 21060M   26036.61455909  .00000039  00000+0  67566-4 0  9996
2 48978  87.8996 254.9798 0001460  69.1010 291.0277 13.16595887222295
ONEWEB-0261             
1 48979U 21060N   26036.96446706  .00000004  00000+0 -23513-4 0  9997
2 48979  87.8994 254.9119 0001132  90.3413 269.7847 13.16594155222393
ONEWEB-0262             
1 48980U 21060P   26036.64068999  .00000016  00000+0  89935-5 0  9991
2 48980  87.9007 254.9555 0001504  98.8209 261.3093 13.16594039222318
ONEWEB-0263             
1 48981U 21060Q   26036.67234756  .00000109  00000+0  25281-3 0  9996
2 48981  87.9007 254.9605 0001160  94.3007 265.8256 13.16594448222280
ONEWEB-0264             
1 48982U 21060R   26036.55756771 -.00000056  00000+0 -17916-3 0  9999
2 48982  87.9006 254.9873 0001294  80.2553 279.8724 13.16593676222271
ONEWEB-0266             
1 48984U 21060T   26036.95892691  .00000109  00000+0  25201-3 0  9990
2 48984  87.9005 254.8959 0001658  93.1656 266.9665 13.16594354222317
ONEWEB-0267             
1 48985U 21060U   26036.97000271  .00000067  00000+0  14115-3 0  9993
2 48985  87.9005 254.8907 0001241  90.7732 269.3541 13.16594307222326
ONEWEB-0268             
1 48986U 21060V   26036.55835624 -.00000045  00000+0 -15173-3 0  9999
2 48986  87.9007 254.9827 0001459  85.9605 274.1693 13.16593648222539
ONEWEB-0269             
1 48987U 21060W   26036.61534852  .00000014  00000+0  29859-5 0  9998
2 48987  87.8996 254.9882 0001638  81.0072 279.1244 13.16594135222316
ONEWEB-0270             
1 48988U 21060X   26036.55677756 -.00000049  00000+0 -16141-3 0  9991
2 48988  87.9006 254.9849 0001257 101.2741 258.8531 13.16594244222345
ONEWEB-0271             
1 48989U 21060Y   26036.62010299  .00000082  00000+0  18010-3 0  9995
2 48989  87.9007 254.9620 0001264  88.3704 271.7571 13.16591595222351
ONEWEB-0272             
1 48990U 21060Z   26036.64227164 -.00000035  00000+0 -12488-3 0  9993
2 48990  87.9008 254.9705 0001300  81.1904 278.9374 13.16593558222308
ONEWEB-0273             
1 48991U 21060AA  26036.96842735  .00000006  00000+0 -17490-4 0  9992
2 48991  87.9005 254.9031 0001398  92.0510 268.0781 13.16594112222320
ONEWEB-0274             
1 48992U 21060AB  26036.61377233  .00000046  00000+0  87336-4 0  9990
2 48992  87.8996 254.9903 0001393  74.1926 285.9358 13.16594507222319
ONEWEB-0275             
1 48993U 21060AC  26036.67868423  .00000033  00000+0  51649-4 0  9997
2 48993  87.9010 254.9539 0001369  85.2548 274.8739 13.16594110222252
ONEWEB-0276             
1 48994U 21060AD  26036.55994573 -.00000064  00000+0 -20197-3 0  9990
2 48994  87.9006 254.9766 0001512  95.3158 264.8145 13.16594033222253
ONEWEB-0277             
1 48995U 21060AE  26036.64860134  .00000117  00000+0  27113-3 0  9998
2 48995  87.8994 254.9781 0001392  90.8806 269.2484 13.16595927222250
ONEWEB-0278             
1 48996U 21060AF  26036.63910494 -.00000029  00000+0 -10964-3 0  9993
2 48996  87.9006 254.9579 0001711  89.8689 270.2638 13.16594280222381
ONEWEB-0279             
1 48997U 21060AG  26036.64701539  .00000044  00000+0  82052-4 0  9996
2 48997  87.9007 254.9548 0001250  88.8930 271.2344 13.16594085222316
ONEWEB-0280             
1 48998U 21060AH  26036.96604078  .00000090  00000+0  20096-3 0  9992
2 48998  87.9006 254.8967 0001601 103.2176 256.9134 13.16595408222298
ONEWEB-0281             
1 48999U 21060AJ  26036.97159304  .00000119  00000+0  27768-3 0  9996
2 48999  87.9006 254.8907 0001467  82.1819 277.9478 13.16594909222369
ONEWEB-0282             
1 49000U 21060AK  26036.62168946 -.00000018  00000+0 -80351-4 0  9992
2 49000  87.9006 254.9710 0001415  92.1007 268.0286 13.16594163222291
ONEWEB-0283             
1 49001U 21060AL  26036.61060241  .00000032  00000+0  49503-4 0  9999
2 49001  87.9011 254.9733 0001312  85.3283 274.7998 13.16594417222307
ONEWEB-0284             
1 49002U 21060AM  26036.60427708  .00000121  00000+0  28239-3 0  9995
2 49002  87.9011 254.9653 0001709  99.2476 260.8848 13.16594517222285
ONEWEB-0285             
1 49075U 21075A   26036.93234739  .00000412  00000+0  11111-2 0  9990
2 49075  87.8957  16.7119 0001768  87.5169 272.6162 13.12443036217995
ONEWEB-0286             
1 49076U 21075B   26036.91441328  .00000234  00000+0  61381-3 0  9990
2 49076  87.8944  16.7452 0001995  80.7034 279.4321 13.12441829217349
ONEWEB-0287             
1 49077U 21075C   26036.94897024 -.00000070  00000+0 -21228-3 0  9998
2 49077  87.9094  31.9404 0002277  82.8262 277.3128 13.17649613216340
ONEWEB-0288             
1 49078U 21075D   26036.96706985 -.00000404  00000+0 -11593-2 0  9990
2 49078  87.8953  16.6994 0001915  86.1602 273.9746 13.12442360217974
ONEWEB-0289             
1 49079U 21075E   26036.98763220  .00000028  00000+0  40187-4 0  9991
2 49079  87.9100  31.9435 0001910 100.9245 259.2102 13.17649383216929
ONEWEB-0290             
1 49080U 21075F   26036.96075030 -.00000038  00000+0 -13101-3 0  9994
2 49080  87.9107  31.9154 0001741 107.1656 252.9667 13.17650478216331
ONEWEB-0291             
1 49081U 21075G   26036.94557477 -.00000020  00000+0 -84858-4 0  9992
2 49081  87.9106  31.9265 0002223  91.5129 268.6257 13.17647413216324
ONEWEB-0293             
1 49082U 21075H   26036.97088422  .00000050  00000+0  95345-4 0  9999
2 49082  87.9098  31.9362 0001904  93.3478 266.7871 13.17647707216355
ONEWEB-0294             
1 49083U 21075J   26036.97383916 -.00000304  00000+0 -88159-3 0  9994
2 49083  87.8952  16.7010 0001856  95.3741 264.7599 13.12443037217368
ONEWEB-0295             
1 49084U 21075K   26036.97005625  .00000041  00000+0  72763-4 0  9994
2 49084  87.9097  31.9406 0002193  88.5308 271.6075 13.17648455216312
ONEWEB-0296             
1 49085U 21075L   26036.95351662 -.00000150  00000+0 -45270-3 0  9993
2 49085  87.8955  16.7078 0002152  87.9331 272.2044 13.12441454217369
ONEWEB-0297             
1 49086U 21075M   26036.98401231 -.00000084  00000+0 -26810-3 0  9990
2 49086  87.8944  16.7297 0001929  84.2216 275.9132 13.12442895217979
ONEWEB-0298             
1 49087U 21075N   26036.97441236  .00000090  00000+0  19733-3 0  9990
2 49087  87.9096  31.9363 0001876  83.0874 277.0471 13.17647984216340
ONEWEB-0299             
1 49088U 21075P   26036.97594756  .00000060  00000+0  12252-3 0  9993
2 49088  87.9109  31.9033 0002000  85.5111 274.6249 13.17648495216323
ONEWEB-0300             
1 49089U 21075Q   26036.97637964 -.00000326  00000+0 -94101-3 0  9993
2 49089  87.8954  16.6967 0001779  73.6693 286.4631 13.12441921217992
ONEWEB-0301             
1 49090U 21075R   26036.96028946 -.00000334  00000+0 -96483-3 0  9992
2 49090  87.8956  16.7006 0001656  73.5575 286.5736 13.12441736217354
ONEWEB-0302             
1 49091U 21075S   26036.94674111 -.00000046  00000+0 -16411-3 0  9995
2 49091  87.8955  16.7116 0001974  94.1439 265.9915 13.12441954217337
ONEWEB-0304             
1 49092U 21075T   26036.95064139 -.00000078  00000+0 -23474-3 0  9992
2 49092  87.9108  31.9391 0002004  87.2992 272.8369 13.17650813216290
ONEWEB-0305             
1 49093U 21075U   26036.94388268  .00000014  00000+0  23571-5 0  9992
2 49093  87.9107  31.9185 0002289  84.7804 275.3589 13.17650910216324
ONEWEB-0308             
1 49094U 21075V   26036.93996684  .00000302  00000+0  80505-3 0  9997
2 49094  87.8952  16.7062 0001781  84.7480 275.3852 13.12442376217349
ONEWEB-0309             
1 49095U 21075W   26036.94726266 -.00000052  00000+0 -16775-3 0  9998
2 49095  87.9105  31.9328 0002039  99.9098 260.2264 13.17647672216299
ONEWEB-0310             
1 49096U 21075X   26036.95521097 -.00000303  00000+0 -87812-3 0  9994
2 49096  87.8944  16.7355 0001845  86.5331 273.6008 13.12441628217975
ONEWEB-0311             
1 49097U 21075Y   26036.95402263  .00000021  00000+0  20408-4 0  9992
2 49097  87.9104  31.9262 0002146  82.6055 277.5321 13.17649298216345
ONEWEB-0312             
1 49098U 21075Z   26036.96919712  .00000086  00000+0  18726-3 0  9996
2 49098  87.9097  31.9441 0002210  91.3780 268.7604 13.17647843216328
ONEWEB-0313             
1 49099U 21075AA  26036.97412298  .00000030  00000+0  44849-4 0  9990
2 49099  87.9095  31.9496 0001970  85.4566 274.6790 13.17647776216311
ONEWEB-0314             
1 49100U 21075AB  26036.40895967  .00000118  00000+0  27173-3 0  9996
2 49100  87.9104  32.0217 0002258  90.3400 269.7990 13.17647946216215
ONEWEB-0315             
1 49101U 21075AC  26036.92811545  .00000468  00000+0  12662-2 0  9998
2 49101  87.8959  16.6948 0002056  75.6407 284.4949 13.12443357217956
ONEWEB-0316             
1 49102U 21075AD  26036.89253768 -.00002207  00000+0 -56301-2 0  9995
2 49102  87.9210   1.5303 0001866  74.5272 285.6066 13.18697283219907
ONEWEB-0317             
1 49103U 21075AE  26036.93149660  .00000398  00000+0  10721-2 0  9999
2 49103  87.8959  16.7157 0001585 110.0461 250.0839 13.12441589217975
ONEWEB-0318             
1 49104U 21075AF  26036.96511424 -.00000016  00000+0 -73203-4 0  9999
2 49104  87.9219   1.5055 0002059  77.3297 282.8065 13.18686889219879
ONEWEB-0319             
1 49105U 21075AG  26036.95571328 -.00000865  00000+0 -22598-2 0  9999
2 49105  87.9098  31.9413 0002166  74.2643 285.8728 13.17655964216325
ONEWEB-0323             
1 49106U 21075AH  26036.91286039  .00000174  00000+0  44920-3 0  9993
2 49106  87.8954  16.7020 0002422  77.2224 282.9176 13.12443593217339
ONEWEB-0329             
1 49107U 21075AJ  26036.96413036  .00000035  00000+0  55690-4 0  9991
2 49107  87.9095  31.9401 0001996  88.7587 271.3773 13.17651308216304
ONEWEB-0330             
1 49108U 21075AK  26036.96497259  .00000026  00000+0  33256-4 0  9995
2 49108  87.9099  31.9474 0001994  93.4893 266.6466 13.17651129216341
ONEWEB-0292             
1 49186U 21083A   26036.91156144  .00000197  00000+0  50503-3 0  9992
2 49186  87.9021 346.3463 0001942  77.0655 283.0691 13.13471089213699
ONEWEB-0303             
1 49187U 21083B   26036.96180931  .00000000  00000+0 -31880-4 0  9991
2 49187  87.9220   1.5084 0001975  79.3591 280.7764 13.18687237212682
ONEWEB-0306             
1 49188U 21083C   26036.95190006  .00000000  00000+0 -32167-4 0  9994
2 49188  87.9219   1.4939 0001693  88.9523 271.1803 13.18688187212725
ONEWEB-0307             
1 49189U 21083D   26036.90564181  .00000166  00000+0  42048-3 0  9999
2 49189  87.9015 346.3368 0001797  80.2344 279.8988 13.13470907213698
ONEWEB-0320             
1 49190U 21083E   26036.95933912  .00000038  00000+0  63981-4 0  9996
2 49190  87.9212   1.5185 0001844  84.5371 275.5971 13.18687488212688
ONEWEB-0321             
1 49191U 21083F   26036.76288503 -.00000285  00000+0 -73287-3 0  9990
2 49191  87.9221 300.6638 0001426  86.1033 274.0263 13.20771039219486
ONEWEB-0322             
1 49192U 21083G   26036.90139931  .00000032  00000+0  53027-4 0  9996
2 49192  87.9016 346.3425 0001318  82.0988 278.0291 13.13471945213680
ONEWEB-0324             
1 49193U 21083H   26036.94531598  .00000000  00000+0 -33140-4 0  9996
2 49193  87.9218   1.5015 0001939  86.5900 273.5454 13.18686852212705
ONEWEB-0325             
1 49194U 21083J   26036.94859611  .00000029  00000+0  40481-4 0  9992
2 49194  87.9214   1.5199 0001762  81.5010 278.6322 13.18687298212712
ONEWEB-0326             
1 49195U 21083K   26036.96360410  .00000009  00000+0 -11054-4 0  9992
2 49195  87.9217   1.5049 0002058  77.9129 282.2234 13.18686907212707
ONEWEB-0327             
1 49196U 21083L   26036.96332776  .00000033  00000+0  50209-4 0  9998
2 49196  87.9210   1.5198 0001948  73.2381 286.8965 13.18687514212720
ONEWEB-0328             
1 49197U 21083M   26036.89124400 -.00000230  00000+0 -66481-3 0  9993
2 49197  87.9035 346.2989 0001893  83.8563 276.2782 13.13471499213663
ONEWEB-0331             
1 49198U 21083N   26036.95686285 -.00000005  00000+0 -44428-4 0  9993
2 49198  87.9221   1.4988 0002183  79.7728 280.3650 13.18686495212714
ONEWEB-0333             
1 49199U 21083P   26036.88616153 -.00000277  00000+0 -79444-3 0  9999
2 49199  87.9016 346.3435 0001791  76.8483 283.2846 13.13472145213670
ONEWEB-0334             
1 49200U 21083Q   26036.78024703  .00000052  00000+0  95817-4 0  9997
2 49200  87.9207 300.6824 0000683  92.0023 268.1189 13.20773528219449
ONEWEB-0335             
1 49201U 21083R   26036.88108603 -.00000281  00000+0 -80477-3 0  9992
2 49201  87.9027 346.3362 0001976  77.3628 282.7722 13.13469900213680
ONEWEB-0336             
1 49202U 21083S   26036.92849891  .00000211  00000+0  54406-3 0  9993
2 49202  87.9023 346.3237 0002201  77.3139 282.8236 13.13470819213689
ONEWEB-0337             
1 49203U 21083T   26036.93850775 -.00000005  00000+0 -48169-4 0  9991
2 49203  87.9019 346.3324 0002007  85.0441 275.0917 13.13468671213681
ONEWEB-0338             
1 49204U 21083U   26036.75500064  .00000072  00000+0  14552-3 0  9995
2 49204  87.9213 300.6913 0001393  82.1583 277.9708 13.20770496219467
ONEWEB-0339             
1 49205U 21083V   26036.87094136 -.00000166  00000+0 -48918-3 0  9996
2 49205  87.9030 346.3309 0001569  86.9107 273.2202 13.13469906213656
ONEWEB-0340             
1 49206U 21083W   26036.94365111 -.00000038  00000+0 -12873-3 0  9998
2 49206  87.9219   1.5065 0001876  80.7083 279.4261 13.18687289212676
ONEWEB-0341             
1 49207U 21083X   26036.95026810 -.00000010  00000+0 -57928-4 0  9991
2 49207  87.9218   1.5155 0002172  92.7228 267.4153 13.18686336212691
ONEWEB-0342             
1 49208U 21083Y   26036.76130709  .00000025  00000+0  29370-4 0  9998
2 49208  87.9220 300.6650 0001529  81.4421 278.6885 13.20773956219436
ONEWEB-0343             
1 49209U 21083Z   26036.95849591  .00000031  00000+0  44906-4 0  9995
2 49209  87.9220   1.5080 0001902  99.5766 260.5581 13.18687878212742
ONEWEB-0344             
1 49210U 21083AA  26036.86585542 -.00000098  00000+0 -30441-3 0  9993
2 49210  87.9019 346.3590 0002074  88.5612 271.5755 13.13470919213652
ONEWEB-0345             
1 49211U 21083AB  26036.93357040  .00000145  00000+0  36318-3 0  9992
2 49211  87.9025 346.3097 0002040  89.8723 270.2640 13.13469645213677
ONEWEB-0346             
1 49212U 21083AC  26036.95520854 -.00000030  00000+0 -10835-3 0  9991
2 49212  87.9207   1.5198 0002417  71.3070 288.8325 13.18685003212689
ONEWEB-0348             
1 49213U 21083AD  26036.75184817  .00000128  00000+0  28298-3 0  9993
2 49213  87.9218 300.6707 0002213  78.3933 281.7449 13.20772619219465
ONEWEB-0350             
1 49214U 21083AE  26036.86669344 -.00000003  00000+0 -42902-4 0  9992
2 49214  87.9031 346.3222 0002086  85.0090 275.1277 13.13472111213696
ONEWEB-0351             
1 49215U 21083AF  26036.74540835  .00000159  00000+0  35939-3 0  9994
2 49215  87.9219 300.6698 0001225 111.9136 248.2128 13.20772131219425
ONEWEB-0352             
1 49216U 21083AG  26036.92341901  .00000347  00000+0  91565-3 0  9994
2 49216  87.9021 346.3286 0001515  91.1076 269.0227 13.13470234213797
ONEWEB-0354             
1 49217U 21083AH  26036.77077882  .00000067  00000+0  13203-3 0  9994
2 49217  87.9221 300.6642 0001907  81.3034 278.8315 13.20774100219462
ONEWEB-0355             
1 49218U 21083AJ  26036.87615174 -.00000165  00000+0 -48603-3 0  9991
2 49218  87.9018 346.3503 0001731  87.4363 272.6965 13.13471164213662
ONEWEB-0357             
1 49219U 21083AK  26036.76761855 -.00000316  00000+0 -80814-3 0  9996
2 49219  87.9215 300.6596 0001542  80.9881 279.1426 13.20771349219464
ONEWEB-0332             
1 49279U 21090A   26036.76321463  .00000280  00000+0  72144-3 0  9992
2 49279  87.9018 315.9141 0001452  76.4921 283.6371 13.14503901210315
ONEWEB-0347             
1 49280U 21090B   26036.75815269  .00000015  00000+0  54333-5 0  9993
2 49280  87.9218 300.6705 0001447  68.2812 291.8475 13.20770371213692
ONEWEB-0349             
1 49281U 21090C   26036.78974255  .00000034  00000+0  52343-4 0  9997
2 49281  87.9218 300.6639 0001625  77.9300 282.2016 13.20774021212483
ONEWEB-0353             
1 49282U 21090D   26036.75529358  .00000292  00000+0  75304-3 0  9992
2 49282  87.9029 315.9071 0001437  72.4921 287.6366 13.14503919210319
ONEWEB-0356             
1 49283U 21090E   26036.78813889  .00000086  00000+0  17889-3 0  9996
2 49283  87.9216 300.6578 0002026  53.1597 306.9722 13.20769866212484
ONEWEB-0358             
1 49284U 21090F   26036.74236857 -.00000157  00000+0 -41712-3 0  9990
2 49284  87.9219 300.6693 0001799  76.7077 283.4257 13.20771937213201
ONEWEB-0359             
1 49285U 21090G   26036.73921286 -.00000002  00000+0 -35959-4 0  9993
2 49285  87.9217 300.6670 0001946  81.0513 279.0841 13.20770509213184
ONEWEB-0360             
1 49286U 21090H   26036.72974691  .00000006  00000+0 -18181-4 0  9992
2 49286  87.9222 300.6760 0001763  80.3522 279.7810 13.20770423212491
ONEWEB-0361             
1 49287U 21090J   26036.78656416 -.00000036  00000+0 -11999-3 0  9994
2 49287  87.9217 300.6620 0001721  72.3263 287.8059 13.20769454212956
ONEWEB-0362             
1 49288U 21090K   26036.86252957  .00000010  00000+0 -67965-5 0  9993
2 49288  87.9241 331.1227 0001689  86.3828 273.7498 13.19727841209590
ONEWEB-0363             
1 49289U 21090L   26036.80234047  .00000018  00000+0  11806-4 0  9997
2 49289  87.9221 300.6598 0001814  67.8301 292.3025 13.20773957212960
ONEWEB-0364             
1 49290U 21090M   26036.76446317  .00000113  00000+0  24492-3 0  9999
2 49290  87.9209 300.6850 0001718  74.6586 285.4737 13.20774472214095
ONEWEB-0365             
1 49291U 21090N   26036.87201141 -.00000014  00000+0 -67227-4 0  9992
2 49291  87.9259 331.0956 0001661  79.8531 280.2789 13.19724226209106
ONEWEB-0366             
1 49292U 21090P   26036.75211971  .00000208  00000+0  52661-3 0  9990
2 49292  87.9019 315.9201 0001724  77.1774 282.9548 13.14503926210296
ONEWEB-0367             
1 49293U 21090Q   26036.80076606  .00000016  00000+0  78976-5 0  9997
2 49293  87.9221 300.6600 0001555  83.9553 276.1757 13.20770146212485
ONEWEB-0368             
1 49294U 21090R   26036.77393740  .00000054  00000+0  99814-4 0  9990
2 49294  87.9211 300.6897 0001391  48.5753 311.5500 13.20770163213637
ONEWEB-0369             
1 49295U 21090S   26036.86727525  .00000095  00000+0  20544-3 0  9991
2 49295  87.9247 331.1182 0001685  74.8381 285.2938 13.19726806209098
ONEWEB-0370             
1 49296U 21090T   26036.73448992  .00000035  00000+0  53761-4 0  9998
2 49296  87.9218 300.6751 0001762  86.3426 273.7909 13.20774280212516
ONEWEB-0371             
1 49297U 21090U   26036.87517176  .00000020  00000+0  16561-4 0  9996
2 49297  87.9249 331.1047 0001672  81.9274 278.2048 13.19727445209137
ONEWEB-0372             
1 49298U 21090V   26036.79904533 -.00000004  00000+0 -41353-4 0  9996
2 49298  87.9217 300.6613 0001516  77.4600 282.6703 13.20774466212490
ONEWEB-0373             
1 49299U 21090W   26036.75026398  .00000068  00000+0  13526-3 0  9995
2 49299  87.9210 300.6801 0001756  76.8521 283.2809 13.20770551213670
ONEWEB-0374             
1 49300U 21090X   26036.73942579  .00000033  00000+0  54093-4 0  9991
2 49300  87.9025 315.9044 0001909  61.2181 298.9140 13.14502775210295
ONEWEB-0375             
1 49301U 21090Y   26036.73764626  .00000109  00000+0  23627-3 0  9999
2 49301  87.9220 300.6664 0002073  68.2934 291.8419 13.20772925213172
ONEWEB-0376             
1 49302U 21090Z   26036.87358800 -.00000115  00000+0 -31912-3 0  9993
2 49302  87.9259 331.0956 0001559  81.8868 278.2442 13.19723924209131
ONEWEB-0377             
1 49303U 21090AA  26036.79934947 -.00000470  00000+0 -11875-2 0  9996
2 49303  87.9216 300.6571 0001868  82.0598 278.0748 13.20776781213173
ONEWEB-0378             
1 49304U 21090AB  26036.74566695  .00000106  00000+0  22936-3 0  9998
2 49304  87.9213 300.6791 0001782  71.8851 288.2477 13.20771055212437
ONEWEB-0379             
1 49305U 21090AC  26036.81078178 -.00000104  00000+0 -31441-3 0  9992
2 49305  87.9027 315.8996 0001682  73.3343 286.7971 13.14502587210309
ONEWEB-0380             
1 49306U 21090AD  26036.79460810 -.00000424  00000+0 -10915-2 0  9995
2 49306  87.9249 331.1297 0001982  77.9526 282.1828 13.19725059209098
ONEWEB-0381             
1 49307U 21090AE  26036.79603574 -.00000081  00000+0 -23134-3 0  9999
2 49307  87.9219 300.6609 0001814  70.9179 289.2151 13.20769544212488
ONEWEB-0382             
1 49308U 21090AF  26036.78340867 -.00000338  00000+0 -86372-3 0  9990
2 49308  87.9227 300.6587 0001413  65.7959 294.3322 13.20767911212478
ONEWEB-0383             
1 49309U 21090AG  26036.80444999 -.00000144  00000+0 -42361-3 0  9990
2 49309  87.9028 315.8859 0001666  68.4633 291.6675 13.14503247210334
ONEWEB-0384             
1 49310U 21090AH  26036.77557619  .00000036  00000+0  55678-4 0  9996
2 49310  87.9231 300.7024 0001745  57.5395 302.5906 13.20804436212489
ONEWEB-0385             
1 49311U 21090AJ  26036.77546452  .00000006  00000+0 -18126-4 0  9995
2 49311  87.9220 300.6653 0001793  75.0566 285.0766 13.20792059212456
ONEWEB-0386             
1 49312U 21090AK  26036.79287561 -.00000090  00000+0 -25281-3 0  9994
2 49312  87.9222 300.6464 0001717  66.5922 293.5392 13.20769818212474
ONEWEB-0387             
1 49313U 21090AL  26036.77709658  .00000044  00000+0  75067-4 0  9994
2 49313  87.9211 300.6907 0001977  76.5457 283.5897 13.20769969212473
ONEWEB-0388             
1 49314U 21090AM  26036.86569260 -.00000098  00000+0 -27643-3 0  9995
2 49314  87.9245 331.1138 0001777  73.6761 286.4567 13.19723088209090
ONEWEB-0389             
1 50469U 21132A   26036.98101432  .00000028  00000+0  39200-4 0  9995
2 50469  87.9100  31.9360 0002128  81.2139 278.9234 13.17650756200806
ONEWEB-0390             
1 50470U 21132B   26036.98271123  .00000039  00000+0  67444-4 0  9995
2 50470  87.9099  31.9363 0002011  94.5848 265.5514 13.17649755200803
ONEWEB-0391             
1 50471U 21132C   26036.98438658  .00000076  00000+0  16343-3 0  9996
2 50471  87.9097  31.9452 0002697  82.3666 277.7772 13.17647906200801
ONEWEB-0392             
1 50472U 21132D   26036.93882644  .00000016  00000+0  71707-5 0  9991
2 50472  87.9105  31.9115 0002190  81.9937 278.1443 13.17650795200835
ONEWEB-0393             
1 50473U 21132E   26036.98791403  .00000060  00000+0  12157-3 0  9990
2 50473  87.9110  31.9249 0002004  84.6654 275.4706 13.17649451200839
ONEWEB-0394             
1 50474U 21132F   26036.90737772  .00000081  00000+0  17182-3 0  9998
2 50474  87.9223   1.5015 0001940  77.9437 282.1912 13.18687368204299
ONEWEB-0395             
1 50475U 21132G   26036.93660227  .00000543  00000+0  14967-2 0  9992
2 50475  87.8815  47.1895 0002067  92.6184 267.5181 13.11415642198511
ONEWEB-0396             
1 50476U 21132H   26036.90078007  .00000031  00000+0  46543-4 0  9998
2 50476  87.9220   1.5147 0001884  79.1018 281.0326 13.18687555204330
ONEWEB-0397             
1 50477U 21132J   26036.91561078  .00000042  00000+0  74711-4 0  9995
2 50477  87.9219   1.5117 0001844  75.3830 284.7506 13.18687904204318
ONEWEB-0398             
1 50478U 21132K   26036.98067228 -.00000465  00000+0 -13493-2 0  9990
2 50478  87.8823  47.1582 0002092  99.6388 260.4977 13.11417493198417
ONEWEB-0399             
1 50479U 21132L   26036.96711366 -.00000420  00000+0 -12215-2 0  9990
2 50479  87.8820  47.1712 0002119  77.9600 282.1766 13.11415660198406
ONEWEB-0400             
1 50480U 21132M   26036.89418391  .00000061  00000+0  12137-3 0  9999
2 50480  87.9220   1.5063 0001895  89.2047 270.9303 13.18687223204309
ONEWEB-0401             
1 50481U 21132N   26036.93871039 -.00000040  00000+0 -13302-3 0  9991
2 50481  87.9218   1.4927 0001709  78.0609 282.0715 13.18684029204312
ONEWEB-0402             
1 50482U 21132P   26036.90242847  .00000035  00000+0  55180-4 0  9991
2 50482  87.9217   1.4925 0001434  68.4219 291.7066 13.18686696204335
ONEWEB-0403             
1 50483U 21132Q   26036.92717019  .00000009  00000+0 -95867-5 0  9991
2 50483  87.9217   1.5098 0001926  81.3836 278.7514 13.18687263204292
ONEWEB-0404             
1 50484U 21132R   26036.94847051  .00000244  00000+0  65299-3 0  9998
2 50484  87.8815  47.1836 0002148  86.0462 274.0911 13.11414407198491
ONEWEB-0405             
1 50485U 21132S   26036.94201116  .00000019  00000+0  14969-4 0  9994
2 50485  87.9220   1.4907 0001744  74.0080 286.1244 13.18687410204695
ONEWEB-0406             
1 50486U 21132T   26036.93212406  .00000060  00000+0  11920-3 0  9997
2 50486  87.9219   1.5182 0002304  76.9459 283.1930 13.18682699204327
ONEWEB-0407             
1 50487U 21132U   26036.92551759  .00000081  00000+0  17236-3 0  9993
2 50487  87.9222   1.5029 0001646  82.9749 277.1570 13.18687551204267
ONEWEB-0409             
1 50488U 21132V   26036.94677738  .00000338  00000+0  91808-3 0  9994
2 50488  87.8835  47.1617 0002212  91.7914 268.3467 13.11415178198387
ONEWEB-0412             
1 50489U 21132W   26036.91397105  .00000067  00000+0  13706-3 0  9999
2 50489  87.9223   1.5189 0001631  73.9511 286.1801 13.18687027204353
ONEWEB-0413             
1 50490U 21132X   26036.91890921  .00000026  00000+0  32050-4 0  9994
2 50490  87.9214   1.5255 0001534  78.2424 281.8880 13.18684374204296
ONEWEB-0414             
1 50491U 21132Y   26036.90408618 -.00000243  00000+0 -65035-3 0  9993
2 50491  87.9219   1.4971 0001834  76.4891 283.6445 13.18688064204328
ONEWEB-0417             
1 50492U 21132Z   26036.91231215  .00000069  00000+0  14231-3 0  9998
2 50492  87.9209   1.5258 0002051  81.0053 279.1312 13.18687825204306
ONEWEB-0418             
1 50493U 21132AA  26036.92208578  .00000004  00000+0 -21807-4 0  9994
2 50493  87.9222   1.5116 0002284  80.5281 279.6109 13.18687214204367
ONEWEB-0419             
1 50494U 21132AB  26036.94036740 -.00000033  00000+0 -11582-3 0  9998
2 50494  87.9224   1.5074 0002091  87.7766 272.3605 13.18686711204289
ONEWEB-0420             
1 50495U 21132AC  26036.90572077  .00000042  00000+0  74921-4 0  9998
2 50495  87.9222   1.5271 0001652  84.0638 276.0682 13.18688003204278
ONEWEB-0421             
1 50496U 21132AD  26036.89912663  .00000066  00000+0  13495-3 0  9990
2 50496  87.9220   1.5202 0001802  73.4361 286.6969 13.18688051204316
ONEWEB-0424             
1 50497U 21132AE  26036.93542063 -.00000041  00000+0 -13557-3 0  9993
2 50497  87.9219   1.5082 0002044  92.1652 267.9714 13.18686449204343
ONEWEB-0426             
1 50498U 21132AF  26036.97170509  .00000042  00000+0  74034-4 0  9997
2 50498  87.9219   1.4934 0002200  66.3125 293.8238 13.18687798204292
ONEWEB-0427             
1 50499U 21132AG  26036.93376320  .00000067  00000+0  13681-3 0  9990
2 50499  87.9217   1.4867 0002139  82.4486 277.6889 13.18684309204316
ONEWEB-0429             
1 50500U 21132AH  26036.92055984  .00000030  00000+0  44603-4 0  9991
2 50500  87.9218   1.5224 0001693  84.3988 275.7337 13.18687655204280
ONEWEB-0430             
1 50501U 21132AJ  26036.90903210  .00000058  00000+0  11516-3 0  9990
2 50501  87.9217   1.5211 0001784  91.1612 268.9725 13.18686831204322
ONEWEB-0432             
1 50502U 21132AK  26036.94124521  .00000113  00000+0  25408-3 0  9992
2 50502  87.9212   1.4837 0002734  90.8888 269.2557 13.18680980204289
ONEWEB-0440             
1 50503U 21132AL  26036.92881625  .00000071  00000+0  14800-3 0  9993
2 50503  87.9221   1.5067 0001518  73.2675 286.8623 13.18687338204276
ONEWEB-0450             
1 50504U 21132AM  26036.92234646  .00000012  00000+0 -14852-5 0  9994
2 50504  87.9215   1.5268 0001553  88.4029 271.7281 13.18688079204303
ONEWEB-0410             
1 51622U 22012A   26036.92365383  .00000021  00000+0  20619-4 0  9993
2 51622  87.9113  31.9220 0003014  69.9935 290.1521 13.17650942196412
ONEWEB-0411             
1 51623U 22012B   26036.98354219  .00000571  00000+0  15985-2 0  9994
2 51623  87.8751  62.4078 0002000 112.5306 247.6033 13.10371737192103
ONEWEB-0415             
1 51624U 22012C   26036.98021886  .00000650  00000+0  18266-2 0  9999
2 51624  87.8749  62.4114 0001981 101.6785 258.4565 13.10372324192102
ONEWEB-0416             
1 51625U 22012D   26036.61004398  .00000216  00000+0  58277-3 0  9994
2 51625  87.8749  62.5062 0002237 101.9951 258.1427 13.10369958192090
ONEWEB-0422             
1 51626U 22012E   26036.93376144 -.00000082  00000+0 -24419-3 0  9995
2 51626  87.9105  31.9242 0001132  87.8382 272.2880 13.17650480196523
ONEWEB-0423             
1 51627U 22012F   26036.92701169  .00000005  00000+0 -20548-4 0  9998
2 51627  87.9106  31.9353 0001771  84.2847 275.8486 13.17648288196416
ONEWEB-0425             
1 51628U 22012G   26036.54363741 -.00000339  00000+0 -10073-2 0  9998
2 51628  87.8755  62.4945 0002058  86.7559 273.3803 13.10369558192086
ONEWEB-0428             
1 51629U 22012H   26036.98187910  .00000560  00000+0  15666-2 0  9996
2 51629  87.8752  62.4223 0001810  92.7779 267.3556 13.10371674192102
ONEWEB-0431             
1 51630U 22012J   26036.57005656 -.00000253  00000+0 -76193-3 0  9993
2 51630  87.8762  62.4879 0001827 114.4102 245.7216 13.10375659192102
ONEWEB-0434             
1 51631U 22012K   26036.54709318 -.00000389  00000+0 -11512-2 0  9990
2 51631  87.8747  62.5239 0002225  78.9226 281.2151 13.10370295192082
ONEWEB-0435             
1 51632U 22012L   26036.63160634 -.00000634  00000+0 -18513-2 0  9994
2 51632  87.8751  62.4967 0001434  95.6323 264.4968 13.10371765192082
ONEWEB-0436             
1 51633U 22012M   26036.91857393  .00000046  00000+0  85485-4 0  9990
2 51633  87.9109  31.9150 0001631  91.5284 268.6034 13.17648658196399
ONEWEB-0438             
1 51634U 22012N   26036.61502152 -.00000040  00000+0 -14993-3 0  9999
2 51634  87.8747  62.5011 0001982  90.7410 269.3945 13.10369101192115
ONEWEB-0439             
1 51635U 22012P   26036.54198021 -.00000210  00000+0 -63879-3 0  9994
2 51635  87.8747  62.5049 0001801  92.8773 267.2561 13.10369540192086
ONEWEB-0442             
1 51636U 22012Q   26036.98694067  .00000010  00000+0 -79684-5 0  9994
2 51636  87.9098  31.9441 0002429  80.6391 279.5015 13.17655977196398
ONEWEB-0443             
1 51637U 22012R   26036.93040638 -.00001868  00000+0 -48470-2 0  9998
2 51637  87.9078  31.9580 0001730  81.9517 278.1811 13.17632973196434
ONEWEB-0444             
1 51638U 22012S   26036.60838865  .00000230  00000+0  62131-3 0  9991
2 51638  87.8748  62.4903 0001807  93.1954 266.9380 13.10369454192101
ONEWEB-0445             
1 51639U 22012T   26036.62994612 -.00000607  00000+0 -17740-2 0  9992
2 51639  87.8764  62.4614 0001983 100.1932 259.9419 13.10371305192113
ONEWEB-0446             
1 51640U 22012U   26036.60672992  .00000358  00000+0  98922-3 0  9999
2 51640  87.8749  62.5067 0001965  98.0594 262.0756 13.10369694192094
ONEWEB-0448             
1 51641U 22012V   26036.61170409  .00000042  00000+0  83520-4 0  9996
2 51641  87.8746  62.5046 0001787  93.9878 266.1454 13.10369065192069
ONEWEB-0449             
1 51642U 22012W   26036.61667982 -.00000128  00000+0 -40248-3 0  9990
2 51642  87.8752  62.4797 0002096  81.8158 278.3207 13.10370218192074
ONEWEB-0451             
1 51643U 22012X   26036.91519503 -.00000234  00000+0 -63682-3 0  9994
2 51643  87.9106  31.9110 0001907  84.3438 275.7911 13.17649496196372
ONEWEB-0452             
1 51644U 22012Y   26036.91352330  .00000061  00000+0  12488-3 0  9992
2 51644  87.9097  31.9611 0001819  78.1216 282.0119 13.17650487196389
ONEWEB-0456             
1 51646U 22012AA  26036.55029324 -.00000960  00000+0 -27877-2 0  9995
2 51646  87.8766  62.4678 0001646  95.8117 264.3198 13.10376442192104
ONEWEB-0457             
1 51647U 22012AB  26036.98520251  .00000581  00000+0  16289-2 0  9990
2 51647  87.8750  62.4188 0002307  94.9965 265.1426 13.10371135192163
ONEWEB-0458             
1 51648U 22012AC  26036.62497280 -.00000408  00000+0 -12052-2 0  9991
2 51648  87.8761  62.4684 0001948  81.7452 278.3896 13.10370435192071
ONEWEB-0461             
1 51649U 22012AD  26036.93544969  .00000011  00000+0 -47302-5 0  9991
2 51649  87.9108  31.9218 0001978  89.8171 270.3187 13.17647738196600
ONEWEB-0463             
1 51650U 22012AE  26036.91689387  .00000028  00000+0  40098-4 0  9996
2 51650  87.9096  31.9612 0001931  90.8752 269.2601 13.17650805196384
ONEWEB-0464             
1 51651U 22012AF  26036.54535118  .00021486  00000+0  61469-1 0  9991
2 51651  87.8741  62.5194 0002190  85.7869 274.3508 13.10263434192083
ONEWEB-0468             
1 51652U 22012AG  26036.62828778 -.00000598  00000+0 -17497-2 0  9994
2 51652  87.8753  62.4929 0001675  91.9733 268.1586 13.10371251192071
ONEWEB-0473             
1 51653U 22012AH  26036.61336219  .00000014  00000+0  34332-5 0  9999
2 51653  87.8746  62.4989 0001769  91.0745 269.0585 13.10368834192070
ONEWEB-0474             
1 51654U 22012AJ  26036.98685746  .00000481  00000+0  13408-2 0  9998
2 51654  87.8760  62.3958 0001541  89.3334 270.7969 13.10370701192110
ONEWEB-0475             
1 51655U 22012AK  26036.92870005  .00000019  00000+0  16261-4 0  9996
2 51655  87.9097  31.9504 0001419  67.3403 292.7878 13.17650241196407
ONEWEB-0490             
1 54113U 22138A   26036.74406811  .00000083  00000+0  17541-3 0  9999
2 54113  87.9261 331.1261 0001551  80.2274 279.9033 13.19728132159499
ONEWEB-0492             
1 54114U 22138B   26036.76933458  .00000076  00000+0  15844-3 0  9990
2 54114  87.9256 331.1306 0001571  85.7426 274.3886 13.19727763159501
ONEWEB-0495             
1 54115U 22138C   26036.74723611  .00000148  00000+0  33729-3 0  9999
2 54115  87.9252 331.1376 0001057  79.7635 280.3617 13.19724363159488
ONEWEB-0497             
1 54116U 22138D   26036.75986205  .00000153  00000+0  34862-3 0  9996
2 54116  87.9253 331.1251 0001646  78.9843 281.1475 13.19727873159477
ONEWEB-0499             
1 54117U 22138E   26036.89491610 -.00000061  00000+0 -18427-3 0  9992
2 54117  87.9251 331.1092 0001615  72.3547 287.7762 13.19726262159500
ONEWEB-0500             
1 54118U 22138F   26036.74564789  .00000120  00000+0  26741-3 0  9997
2 54118  87.9254 331.1276 0001815  81.8948 278.2391 13.19724001159490
ONEWEB-0501             
1 54119U 22138G   26036.85147143 -.00000287  00000+0 -74845-3 0  9995
2 54119  87.9249 331.1081 0001413  76.6325 283.4965 13.19724945159485
ONEWEB-0502             
1 54120U 22138H   26036.76144383  .00000104  00000+0  22716-3 0  9996
2 54120  87.9263 331.1076 0001536  72.8391 287.2910 13.19728008159491
ONEWEB-0503             
1 54121U 22138J   26036.75038558  .00000074  00000+0  15181-3 0  9996
2 54121  87.9262 331.1138 0001868  70.5749 289.5586 13.19728206159483
ONEWEB-0504             
1 54122U 22138K   26036.88939719 -.00000030  00000+0 -10793-3 0  9998
2 54122  87.9251 331.0993 0001546  73.1892 286.9410 13.19726765159510
ONEWEB-0505             
1 54123U 22138L   26036.88622767  .00000042  00000+0  73607-4 0  9996
2 54123  87.9259 331.0934 0001244  71.7041 288.4227 13.19727364159495
ONEWEB-0506             
1 54124U 22138M   26036.86097044 -.00000231  00000+0 -60918-3 0  9991
2 54124  87.9256 331.0958 0001550  77.4159 282.7147 13.19715288159481
ONEWEB-0507             
1 54125U 22138N   26036.88148674 -.00000056  00000+0 -17149-3 0  9993
2 54125  87.9243 331.1178 0001550  79.8416 280.2891 13.19723399159532
ONEWEB-0508             
1 54126U 22138P   26036.80252957  .00000021  00000+0  19069-4 0  9990
2 54126  87.9251 331.1307 0001291  84.0488 276.0792 13.19726077159501
ONEWEB-0509             
1 54127U 22138Q   26036.85305536  .00000020  00000+0  18890-4 0  9998
2 54127  87.9259 331.0971 0001640  78.2951 281.8365 13.19724706159488
ONEWEB-0510             
1 54128U 22138R   26036.76921314  .00000070  00000+0  14034-3 0  9997
2 54128  87.9219 300.6631 0002153  79.1538 280.9837 13.20771969161933
ONEWEB-0511             
1 54129U 22138S   26036.84989183 -.00000182  00000+0 -48766-3 0  9990
2 54129  87.9263 331.1019 0001850  70.4219 289.7113 13.19724796159514
ONEWEB-0512             
1 54130U 22138T   26036.76619950 -.00000060  00000+0 -18168-3 0  9993
2 54130  87.9250 331.1360 0001430  70.7212 289.4076 13.19726211159475
ONEWEB-0513             
1 54131U 22138U   26036.74965224  .00000123  00000+0  27277-3 0  9999
2 54131  87.9266 331.0966 0001308  49.4281 310.6966 13.20260266159376
ONEWEB-0514             
1 54132U 22138V   26036.85779608  .00000018  00000+0  12151-4 0  9990
2 54132  87.9252 331.1062 0001889  78.1719 281.9626 13.19723725159509
ONEWEB-0515             
1 54133U 22138W   26036.75658206  .00000054  00000+0  99935-4 0  9995
2 54133  87.9226 300.6542 0002280  97.1562 262.9831 13.20769992161955
ONEWEB-0516             
1 54134U 22138X   26036.75670715  .00000078  00000+0  16344-3 0  9993
2 54134  87.9246 331.1391 0001678  80.7850 279.3473 13.19727877159491
ONEWEB-0517             
1 54135U 22138Y   26036.81198795  .00000061  00000+0  11981-3 0  9998
2 54135  87.9251 331.1160 0001884  70.0975 290.0360 13.19723882159500
ONEWEB-0518             
1 54136U 22138Z   26036.75512714  .00000058  00000+0  11346-3 0  9994
2 54136  87.9247 331.1409 0001553  79.4151 280.7157 13.19724675159493
ONEWEB-0519             
1 54137U 22138AA  26036.85622393  .00000098  00000+0  21190-3 0  9993
2 54137  87.9254 331.0983 0001826  71.1735 288.9596 13.19727120159516
ONEWEB-0520             
1 54138U 22138AB  26036.89096548 -.00000019  00000+0 -80303-4 0  9992
2 54138  87.9262 331.0975 0001452  79.3282 280.8014 13.19727229159504
ONEWEB-0521             
1 54139U 22138AC  26036.77250066  .00000074  00000+0  15367-3 0  9993
2 54139  87.9255 331.1046 0001914  73.1506 286.9836 13.19727736159435
ONEWEB-0522             
1 54140U 22138AD  26036.75196415  .00000131  00000+0  29546-3 0  9998
2 54140  87.9265 331.1084 0001669  71.6677 288.4637 13.19724749159470
ONEWEB-0523             
1 54141U 22138AE  26036.74395428  .00000055  00000+0  10429-3 0  9998
2 54141  87.9221 300.6715 0002459  81.5017 278.6395 13.20770200161954
ONEWEB-0524             
1 54142U 22138AF  26036.73289980  .00000116  00000+0  25301-3 0  9996
2 54142  87.9213 300.6752 0002154 103.1920 256.9454 13.20774333161959
ONEWEB-0525             
1 54143U 22138AG  26036.84673699  .00000054  00000+0  10343-3 0  9994
2 54143  87.9250 331.1077 0001488  78.8199 281.3101 13.19728082159502
ONEWEB-0526             
1 54144U 22138AH  26036.87990659 -.00000052  00000+0 -16293-3 0  9996
2 54144  87.9259 331.0933 0001625  79.3467 280.7849 13.19727166159480
ONEWEB-0529             
1 54145U 22138AJ  26036.88306897  .00000036  00000+0  57020-4 0  9997
2 54145  87.9248 331.1143 0001467  81.3817 278.7482 13.19727398159509
ONEWEB-0531             
1 54146U 22138AK  26036.71870017 -.00000033  00000+0 -11205-3 0  9993
2 54146  87.9221 300.6732 0002511  88.3714 271.7707 13.20769468161951
ONEWEB-0535             
1 54147U 22138AL  26036.76460026  .00000084  00000+0  17866-3 0  9997
2 54147  87.9263 331.1106 0002100  77.5854 282.5514 13.19723878159508
ONEWEB-0536             
1 54148U 22138AM  26036.78183277 -.00000020  00000+0 -81673-4 0  9990
2 54148  87.9208 300.6990 0002537  93.1942 266.9482 13.20769509161951
ONEWEB-0527             
1 54642U 22166A   26036.68606063  .00000061  00000+0  11526-3 0  9994
2 54642  87.9190 270.2313 0001525  85.4289 274.7019 13.21826777154165
ONEWEB-0528             
1 54643U 22166B   26036.69264583  .00000031  00000+0  43609-4 0  9998
2 54643  87.9191 270.2339 0001488  84.2971 275.8333 13.21824425154178
ONEWEB-0539             
1 54644U 22166C   26036.65480066  .00000106  00000+0  22479-3 0  9995
2 54644  87.9191 270.2067 0001460  74.9969 285.1326 13.21827892154166
ONEWEB-0540             
1 54645U 22166D   26036.66152402  .00000065  00000+0  12554-3 0  9994
2 54645  87.9189 270.2424 0001589  78.1889 281.9423 13.21825274154153
ONEWEB-0542             
1 54646U 22166E   26036.66466855  .00000092  00000+0  19036-3 0  9997
2 54646  87.9193 270.1998 0001566  69.6928 290.4374 13.21828429154164
ONEWEB-0545             
1 54647U 22166F   26036.63010829  .00000017  00000+0  85548-5 0  9991
2 54647  87.9191 270.2278 0001739  65.6669 294.4646 13.21828225154121
ONEWEB-0580             
1 54648U 22166G   26036.67948475 -.00000002  00000+0 -37471-4 0  9990
2 54648  87.9195 270.2182 0001726  71.8115 288.3207 13.21826121154174
ONEWEB-0582             
1 54649U 22166H   26036.64655825  .00000151  00000+0  33391-3 0  9991
2 54649  87.9194 270.2181 0002082  66.1950 293.9402 13.21828987154141
ONEWEB-0583             
1 54650U 22166J   26036.65808543  .00000440  00000+0  10344-2 0  9994
2 54650  87.9187 270.2389 0001498  77.7236 282.4065 13.21827432154153
ONEWEB-0584             
1 54651U 22166K   26036.67783177 -.00000083  00000+0 -23245-3 0  9992
2 54651  87.9194 270.2227 0001787  73.7836 286.3494 13.21827378154143
ONEWEB-0585             
1 54652U 22166L   26036.62682903  .00000002  00000+0 -27676-4 0  9996
2 54652  87.9189 270.2170 0001537  87.0670 273.0640 13.21825233154146
ONEWEB-0586             
1 54653U 22166M   26036.63999005  .00000014  00000+0  17342-5 0  9994
2 54653  87.9194 270.2394 0001515  77.4926 282.6378 13.21825243154149
ONEWEB-0587             
1 54654U 22166N   26036.64987248  .00000705  00000+0  16746-2 0  9993
2 54654  87.9204 270.1984 0001488 100.0436 260.0866 13.21821482154305
ONEWEB-0589             
1 54655U 22166P   26036.33390840 -.00000213  00000+0 -54758-3 0  9998
2 54655  87.9188 270.2908 0002083  63.2862 296.8485 13.21825130154127
ONEWEB-0590             
1 54656U 22166Q   26036.66124130  .00000050  00000+0  89871-4 0  9994
2 54656  87.9193 270.2033 0001969  86.8625 273.2734 13.21824086154151
ONEWEB-0591             
1 54657U 22166R   26036.67290885  .00000076  00000+0  15136-3 0  9997
2 54657  87.9192 270.2240 0001662  82.5483 277.5839 13.21825877154181
ONEWEB-0592             
1 54658U 22166S   26036.67620740  .00000112  00000+0  24043-3 0  9993
2 54658  87.9200 270.1912 0001604  81.8172 278.3144 13.21825373154066
ONEWEB-0593             
1 54659U 22166T   26036.62353158 -.00000043  00000+0 -13512-3 0  9999
2 54659  87.9191 270.2232 0001503  79.8916 280.2387 13.21823876154161
ONEWEB-0594             
1 54660U 22166U   26036.64328944  .00000029  00000+0  38447-4 0  9995
2 54660  87.9190 270.2380 0001505  86.2889 273.8417 13.21825659154184
ONEWEB-0595             
1 54661U 22166V   26036.69593836  .00000086  00000+0  17609-3 0  9994
2 54661  87.9189 270.1986 0001609  91.4249 268.7070 13.21824763154168
ONEWEB-0596             
1 54662U 22166W   26036.66961376  .00000065  00000+0  12628-3 0  9993
2 54662  87.9194 270.2223 0001560  85.0579 275.0733 13.21825513154162
ONEWEB-0597             
1 54663U 22166X   26036.65150137 -.00000037  00000+0 -12115-3 0  9990
2 54663  87.9192 270.2309 0001589  78.2500 281.8812 13.21827499154163
ONEWEB-0600             
1 54664U 22166Y   26036.55770786 -.00000036  00000+0 -11913-3 0  9992
2 54664  87.9190 270.2407 0001463  77.3202 282.8095 13.21827644154123
ONEWEB-0601             
1 54665U 22166Z   26036.62517359 -.00000037  00000+0 -12056-3 0  9996
2 54665  87.9188 270.2449 0001674  73.1478 286.9839 13.21827950154323
ONEWEB-0602             
1 54666U 22166AA  26036.66549608  .00000053  00000+0  96165-4 0  9993
2 54666  87.9193 270.2418 0001292  75.1220 285.0057 13.21824816154172
ONEWEB-0603             
1 54667U 22166AB  26036.67125392 -.00000041  00000+0 -13146-3 0  9991
2 54667  87.9206 270.1840 0001567  76.6273 283.5036 13.21825386154101
ONEWEB-0604             
1 54668U 22166AC  26036.65973654  .00000065  00000+0  12662-3 0  9998
2 54668  87.9195 270.2012 0001501  85.5770 274.5536 13.21824613154062
ONEWEB-0605             
1 54669U 22166AD  26036.65316631  .00000072  00000+0  14315-3 0  9990
2 54669  87.9191 270.2295 0002060  72.7472 287.3888 13.21825650154132
ONEWEB-0606             
1 54670U 22166AE  26036.67454023 -.00000235  00000+0 -60091-3 0  9997
2 54670  87.9194 270.2376 0001564  88.6950 271.4363 13.21825438154194
ONEWEB-0607             
1 54671U 22166AF  26036.64162932 -.00000221  00000+0 -56673-3 0  9996
2 54671  87.9191 270.2077 0001547  76.6029 283.5277 13.21825672154160
ONEWEB-0608             
1 54672U 22166AG  26036.72392326  .00000035  00000+0  54106-4 0  9999
2 54672  87.9200 270.1831 0001886  68.6648 291.4687 13.21825582154188
ONEWEB-0610             
1 54673U 22166AH  26036.62847901 -.00000004  00000+0 -42411-4 0  9997
2 54673  87.9187 270.2297 0001869  66.5766 293.5564 13.21825636154074
ONEWEB-0611             
1 54674U 22166AJ  26036.62188223 -.00002518  00000+0 -61283-2 0  9991
2 54674  87.9183 270.2277 0001480  88.9425 271.1879 13.21836682154061
ONEWEB-0612             
1 54675U 22166AK  26036.55937421 -.00000018  00000+0 -74311-4 0  9997
2 54675  87.9193 270.2209 0001563  76.0622 284.0686 13.21826627154042
ONEWEB-0615             
1 54676U 22166AL  26036.69099400  .00000040  00000+0  65121-4 0  9991
2 54676  87.9192 270.2209 0001592  81.4847 278.6467 13.21828357154074
ONEWEB-0655             
1 54677U 22166AM  26036.66631235 -.00000032  00000+0 -10880-3 0  9991
2 54677  87.9191 270.2278 0001380  72.2067 287.9217 13.21826819154063
ONEWEB-0659             
1 54678U 22166AN  26036.60707550  .00000066  00000+0  12714-3 0  9993
2 54678  87.9193 270.2408 0001349  96.7629 263.3658 13.21824001154148
ONEWEB-0685             
1 54679U 22166AP  26036.38004548 -.00001718  00000+0 -41923-2 0  9996
2 54679  87.9190 270.2818 0001716  77.0573 283.0753 13.21819068154006
ONEWEB-0712             
1 54680U 22166AQ  26036.96525337  .00000019  00000+0  16909-4 0  9995
2 54680  87.9008 254.8926 0001002  81.9528 278.1716 13.16594350154794
ONEWEB-0714             
1 54681U 22166AR  26036.68935532  .00000048  00000+0  83734-4 0  9999
2 54681  87.9189 270.2145 0001517  75.9496 284.1807 13.21825079154168
ONEWEB-0532             
1 55140U 23004A   26036.96750922  .00000036  00000+0  60303-4 0  9995
2 55140  87.9106  31.9306 0002233  86.4215 273.7172 13.17647935150300
ONEWEB-0533             
1 55141U 23004B   26036.94830030 -.00000011  00000+0 -65975-4 0  9998
2 55141  87.8953  16.7154 0001809  78.5827 281.5505 13.12441482150841
ONEWEB-0541             
1 55142U 23004C   26036.95185511  .00000114  00000+0  28521-3 0  9994
2 55142  87.8822  47.1626 0001912  92.7320 267.4026 13.11414420148748
ONEWEB-0543             
1 55143U 23004D   26036.89748400  .00000065  00000+0  13088-3 0  9997
2 55143  87.9201   1.5493 0001526  80.9659 279.1646 13.18686984152399
ONEWEB-0544             
1 55144U 23004E   26036.96674904  .00000011  00000+0 -58347-5 0  9994
2 55144  87.9205   1.5295 0001738  90.0478 270.0853 13.18684260152407
ONEWEB-0560             
1 55145U 23004F   26036.88428117  .00000022  00000+0  22429-4 0  9991
2 55145  87.9209   1.5350 0001691  89.1798 270.9528 13.18687833152403
ONEWEB-0565             
1 55146U 23004G   26036.95356430  .00000035  00000+0  56593-4 0  9991
2 55146  87.9201   1.5616 0002081  96.3570 263.7799 13.18687145152409
ONEWEB-0567             
1 55147U 23004H   26036.94696457  .00000020  00000+0  18824-4 0  9996
2 55147  87.9209   1.5345 0001855  95.7473 264.3871 13.18686654152402
ONEWEB-0569             
1 55148U 23004J   26036.90647963  .00000208  00000+0  53476-3 0  9990
2 55148  87.9038 346.3044 0001484 112.4754 247.6533 13.13471515152947
ONEWEB-0570             
1 55149U 23004K   26036.93705998  .00000001  00000+0 -30708-4 0  9993
2 55149  87.9206   1.5355 0002314  85.5737 274.5660 13.18683761152396
ONEWEB-0571             
1 55150U 23004L   26036.93046561  .00000108  00000+0  24160-3 0  9990
2 55150  87.9204   1.5352 0002294 115.9924 244.1444 13.18687780152406
ONEWEB-0572             
1 55151U 23004M   26036.92194805  .00000080  00000+0  17216-3 0  9998
2 55151  87.9099  31.9459 0001962  93.3310 266.8046 13.17648911150198
ONEWEB-0573             
1 55152U 23004N   26036.92386079  .00000031  00000+0  46638-4 0  9992
2 55152  87.9205   1.5393 0002419  98.3518 261.7888 13.18683838152391
ONEWEB-0588             
1 55153U 23004P   26036.91726211  .00000051  00000+0  95592-4 0  9993
2 55153  87.9211   1.5405 0002244  87.6300 272.5089 13.18687764152394
ONEWEB-0598             
1 55154U 23004Q   26036.92982018  .00000499  00000+0  13721-2 0  9992
2 55154  87.8816  47.1896 0001764 109.9502 250.1816 13.11417637148694
ONEWEB-0599             
1 55155U 23004R   26036.95907172  .00000129  00000+0  29919-3 0  9991
2 55155  87.9097  31.9378 0001678  92.6148 267.5176 13.17648232150205
ONEWEB-0614             
1 55156U 23004S   26036.92473423  .00000348  00000+0  94613-3 0  9992
2 55156  87.8828  47.1973 0002002  91.3202 268.8155 13.11418482148637
ONEWEB-0616             
1 55157U 23004T   26036.92531585  .00000035  00000+0  57934-4 0  9996
2 55157  87.9113  31.9409 0000850  79.1604 280.9624 13.17647227150412
ONEWEB-0617             
1 55158U 23004U   26036.53137337 -.00000092  00000+0 -29552-3 0  9990
2 55158  87.8822  47.2594 0002209  92.6504 267.4877 13.11419612148600
ONEWEB-0618             
1 55159U 23004V   26036.92238932  .00006148  00000+0  35966-3 0  9999
2 55159  86.9043 230.8679 0014994  65.6770 294.6033 15.11576085162421
ONEWEB-0619             
1 55160U 23004W   26036.95738932  .00000044  00000+0  79637-4 0  9992
2 55160  87.9105  31.9084 0001865  73.6925 286.4412 13.17649957150315
ONEWEB-0620             
1 55161U 23004X   26036.98406878 -.00000349  00000+0 -10198-2 0  9992
2 55161  87.8816  47.1868 0002037  97.8467 262.2892 13.11418321148633
ONEWEB-0621             
1 55162U 23004Y   26036.93491275  .00000471  00000+0  12932-2 0  9995
2 55162  87.8823  47.1733 0002029  84.4171 275.7188 13.11416798148608
ONEWEB-0622             
1 55163U 23004Z   26036.93999205  .00000512  00000+0  14081-2 0  9995
2 55163  87.8821  47.1763 0002607  90.4030 269.7396 13.11415576148598
ONEWEB-0623             
1 55164U 23004AA  26036.95231620 -.00000038  00000+0 -13212-3 0  9999
2 55164  87.9094  31.9543 0002487  76.0341 284.1067 13.17650342150306
ONEWEB-0624             
1 55165U 23004AB  26036.96272775 -.00000331  00000+0 -94954-3 0  9995
2 55165  87.8947  16.6567 0002066  82.7819 277.3545 13.12923603150859
ONEWEB-0625             
1 55166U 23004AC  26036.94220845  .00000085  00000+0  18612-3 0  9996
2 55166  87.9096  31.9496 0001665  84.7138 275.4183 13.17650041150290
ONEWEB-0626             
1 55167U 23004AD  26036.93207512  .00000015  00000+0  43698-5 0  9999
2 55167  87.9098  31.9525 0001899 102.6895 257.4449 13.17650195150290
ONEWEB-0627             
1 55168U 23004AE  26036.99619763  .00000021  00000+0  20238-4 0  9992
2 55168  87.9097  31.9396 0002354  81.8879 278.2520 13.17648602150306
ONEWEB-0628             
1 55169U 23004AF  26036.97215562 -.00000368  00000+0 -10583-2 0  9996
2 55169  87.8955  16.6962 0002376  69.6907 290.4477 13.12443877150824
ONEWEB-0629             
1 55170U 23004AG  26036.97173098  .00000024  00000+0  28703-4 0  9997
2 55170  87.9097  31.9422 0001807  76.4780 283.6553 13.17648596150300
ONEWEB-0631             
1 55171U 23004AH  26036.91067809  .00000079  00000+0  16786-3 0  9991
2 55171  87.9219   1.4949 0002188  95.1266 265.0116 13.18687288152373
ONEWEB-0709             
1 55172U 23004AJ  26036.97389240 -.00000469  00000+0 -13606-2 0  9996
2 55172  87.8817  47.1927 0001972 117.4403 242.6926 13.11417028148675
ONEWEB-0710             
1 55173U 23004AK  26036.98607096  .00000033  00000+0  51261-4 0  9996
2 55173  87.9098  31.9338 0002037  86.3501 273.7863 13.17648772150307
ONEWEB-0711             
1 55174U 23004AL  26036.94507995  .00000363  00000+0  98821-3 0  9998
2 55174  87.8825  47.1768 0002552  82.9502 277.1916 13.11415684148634
ONEWEB-0713             
1 55175U 23004AM  26036.96372159 -.00000304  00000+0 -89434-3 0  9990
2 55175  87.8822  47.1735 0002240  86.7839 273.3545 13.11416440148621
ONEWEB-0715             
1 55176U 23004AN  26036.95863718 -.00000131  00000+0 -40627-3 0  9995
2 55176  87.8819  47.1753 0002245 108.1183 252.0190 13.11414748148667
ONEWEB-0716             
1 55177U 23004AP  26036.97932638  .00000077  00000+0  16445-3 0  9994
2 55177  87.9098  31.9351 0001605  87.0983 273.0333 13.17650470150301
ONEWEB-0717             
1 55178U 23004AQ  26036.96245013  .00000056  00000+0  10976-3 0  9998
2 55178  87.9107  31.9150 0002551  84.7799 275.3624 13.17650457150358
ONEWEB-0719             
1 55179U 23004AR  26036.97259524  .00000039  00000+0  66777-4 0  9994
2 55179  87.9109  31.8949 0001728  81.7821 278.3507 13.17649538150300
ONEWEB-0530             
1 55796U 23029A   26036.80391968 -.00000015  00000+0 -68082-4 0  9994
2 55796  87.9212 300.7017 0002055  69.0418 291.0935 13.20773841143802
ONEWEB-0534             
1 55797U 23029B   26036.79129306  .00000098  00000+0  20813-3 0  9996
2 55797  87.9208 300.7032 0001525  77.4868 282.6436 13.20773573143802
ONEWEB-0556             
1 55798U 23029C   26036.79761289 -.00000067  00000+0 -19782-3 0  9990
2 55798  87.9213 300.7041 0001516  42.6413 317.4837 13.20773014143801
ONEWEB-0562             
1 55799U 23029D   26036.78498014  .00000016  00000+0  74364-5 0  9994
2 55799  87.9207 300.6869 0002210  57.4722 302.6624 13.20773923143800
ONEWEB-0563             
1 55800U 23029E   26036.77866516 -.00000343  00000+0 -87588-3 0  9997
2 55800  87.9211 300.7183 0001437  76.2366 283.8928 13.20771677143790
ONEWEB-0564             
1 55801U 23029F   26036.77235413 -.00000103  00000+0 -28515-3 0  9993
2 55801  87.9207 300.6919 0001886  69.5777 290.5558 13.20770709143802
ONEWEB-0638             
1 55802U 23029G   26036.78541920 -.00000100  00000+0 -30350-3 0  9995
2 55802  87.9020 315.9618 0001730  58.7520 301.3780 13.14503028142139
ONEWEB-0639             
1 55803U 23029H   26036.86885006  .00000025  00000+0  29231-4 0  9992
2 55803  87.9247 331.1192 0000910 106.8198 253.3034 13.19723898141583
ONEWEB-0640             
1 55804U 23029J   26036.79493549 -.00000176  00000+0 -50930-3 0  9990
2 55804  87.9021 315.9494 0001354  50.7832 309.3418 13.14503726142157
ONEWEB-0641             
1 55805U 23029K   26036.86411648  .00000056  00000+0  10728-3 0  9995
2 55805  87.9250 331.1049 0001638  83.1486 276.9833 13.19726845141599
ONEWEB-0642             
1 55806U 23029L   26036.85936925 -.00000001  00000+0 -34697-4 0  9999
2 55806  87.9243 331.1225 0001248 105.2009 254.9261 13.19727931141589
ONEWEB-0643             
1 55807U 23029M   26036.76479954  .00000240  00000+0  61266-3 0  9998
2 55807  87.9024 315.9423 0001448 101.9106 258.2187 13.14503044142127
ONEWEB-0644             
1 55808U 23029N   26036.85464585  .00000071  00000+0  14575-3 0  9996
2 55808  87.9241 331.1322 0001506  89.5510 270.5795 13.19725840141588
ONEWEB-0645             
1 55809U 23029P   26036.87674633  .00000005  00000+0 -19669-4 0  9994
2 55809  87.9236 331.1197 0001192  76.5680 283.5586 13.19723626141580
ONEWEB-0646             
1 55810U 23029Q   26036.74248866  .00000108  00000+0  23799-3 0  9998
2 55810  87.9253 331.1436 0001583  85.2313 274.9001 13.19724609141556
ONEWEB-0648             
1 55811U 23029R   26036.80919628 -.00000094  00000+0 -28857-3 0  9993
2 55811  87.9027 315.8969 0000728  85.2020 274.9193 13.14502776142132
ONEWEB-0649             
1 55812U 23029S   26036.76776446  .00000047  00000+0  84043-4 0  9994
2 55812  87.9251 331.1355 0001347  81.7818 278.3467 13.19727366141596
ONEWEB-0650             
1 55813U 23029T   26036.76302637 -.00000107  00000+0 -29861-3 0  9997
2 55813  87.9251 331.1406 0001921  90.4678 269.6675 13.19725566141564
ONEWEB-0652             
1 55814U 23029U   26036.79017918 -.00000095  00000+0 -29010-3 0  9998
2 55814  87.9017 315.9180 0001860  74.8946 285.2389 13.14503135142108
ONEWEB-0653             
1 55815U 23029V   26036.85044063  .00000086  00000+0  19844-3 0  9999
2 55815  87.9021 315.8960 0001727  70.1460 289.9856 13.14502761142149
ONEWEB-0654             
1 55816U 23029W   26036.76956256  .00000205  00000+0  51919-3 0  9998
2 55816  87.9029 315.9111 0002093  67.3635 292.7716 13.14503168142156
ONEWEB-0656             
1 55817U 23029X   26036.76604122 -.00000018  00000+0 -75798-4 0  9997
2 55817  87.9218 300.6563 0002025  71.8015 288.3339 13.20773213143808
ONEWEB-0657             
1 55818U 23029Y   26036.75828660  .00000048  00000+0  87392-4 0  9996
2 55818  87.9244 331.1408 0002426  87.6440 272.4970 13.19726538141570
ONEWEB-0658             
1 55819U 23029Z   26036.75355035  .00000136  00000+0  30700-3 0  9996
2 55819  87.9261 331.1046 0001482  89.5662 270.5640 13.19727370141585
ONEWEB-0660             
1 55820U 23029AA  26036.74735261  .00000196  00000+0  49479-3 0  9999
2 55820  87.9033 315.8999 0001410  71.3315 288.7967 13.14504855142136
ONEWEB-0661             
1 55821U 23029AB  26036.78224403 -.00000025  00000+0 -10311-3 0  9991
2 55821  87.9024 315.9528 0001488  68.2830 291.8458 13.14504453142121
ONEWEB-0662             
1 55822U 23029AC  26036.74100903  .00000065  00000+0  14113-3 0  9992
2 55822  87.9020 315.9681 0001364  73.4195 286.7084 13.14502721142161
ONEWEB-0663             
1 55823U 23029AD  26036.73357046  .00000115  00000+0  25061-3 0  9994
2 55823  87.9232 300.7338 0001196  80.1414 279.9854 13.20859987143795
ONEWEB-0664             
1 55824U 23029AE  26036.75342125  .00000124  00000+0  27217-3 0  9994
2 55824  87.9211 300.7267 0001673  65.1859 294.9448 13.20770529143790
ONEWEB-0665             
1 55825U 23029AF  26036.77906822  .00000042  00000+0  79865-4 0  9993
2 55825  87.9020 315.9325 0001374  73.8013 286.3268 13.14501601142147
ONEWEB-0666             
1 55826U 23029AG  26036.74710489 -.00000141  00000+0 -37943-3 0  9995
2 55826  87.9213 300.7176 0002328  86.1739 273.9661 13.20771235143802
ONEWEB-0667             
1 55827U 23029AH  26036.74070153  .00012165  00000+0  29806-1 0  9997
2 55827  87.9223 300.6567 0001175  98.6159 261.5108 13.20864319143793
ONEWEB-0669             
1 55828U 23029AJ  26036.73606316  .00000094  00000+0  19997-3 0  9993
2 55828  87.9210 300.6863 0002130  66.2645 293.8711 13.20774221143792
ONEWEB-0670             
1 55829U 23029AK  26036.75687679  .00000243  00000+0  62078-3 0  9991
2 55829  87.9019 315.9566 0001596  63.8875 296.2418 13.14508699142160
ONEWEB-0671             
1 55830U 23029AL  26036.74881263  .00000100  00000+0  21852-3 0  9994
2 55830  87.9253 331.1424 0001564  76.3746 283.7561 13.19727301141567
ONEWEB-0672             
1 55831U 23029AM  26036.80707848  .00000059  00000+0  11423-3 0  9994
2 55831  87.9217 300.6555 0001917  78.0715 282.0633 13.20769749143806
ONEWEB-0673             
1 55832U 23029AN  26036.87753078  .00000071  00000+0  14548-3 0  9993
2 55832  87.9251 331.1016 0001635  76.8313 283.3002 13.19727882141580
ONEWEB-0674             
1 55833U 23029AP  26036.80128072 -.00000292  00000+0 -82235-3 0  9992
2 55833  87.9023 315.9248 0001603  61.0101 299.1189 13.14503498142156
ONEWEB-0675             
1 55834U 23029AQ  26036.81672145  .00000108  00000+0  23706-3 0  9991
2 55834  87.9244 331.1329 0001932  86.5081 273.6273 13.19728459141595
ONEWEB-0720             
1 55835U 23029AR  26036.88463847 -.00000165  00000+0 -44367-3 0  9997
2 55835  87.9243 331.1188 0001375  83.3836 276.7453 13.19726075141521
ONEWEB-0537             
1 56046U 23043A   26036.64385897  .00000023  00000+0  25834-4 0  9990
2 56046  87.9006 254.9567 0001727  89.1404 270.9925 13.16594359141651
ONEWEB-0538             
1 56047U 23043B   26036.63752382 -.00000016  00000+0 -74597-4 0  9991
2 56047  87.9006 254.9609 0001543  96.8856 263.2451 13.16593978141667
ONEWEB-0546             
1 56048U 23043C   26036.62485423 -.00000001  00000+0 -36445-4 0  9994
2 56048  87.9011 254.9594 0002177  87.9736 272.1644 13.16593948141658
ONEWEB-0547             
1 56049U 23043D   26036.68854355  .00000039  00000+0  63336-4 0  9993
2 56049  87.9193 270.2041 0001446  88.0220 272.1080 13.21826044140853
ONEWEB-0548             
1 56050U 23043E   26036.64939378  .00000087  00000+0  19489-3 0  9992
2 56050  87.9003 254.9556 0001497  68.6073 291.5218 13.16595247141650
ONEWEB-0549             
1 56051U 23043F   26036.68112211 -.00000071  00000+0 -20388-3 0  9991
2 56051  87.9193 270.2182 0001409  92.7023 267.4273 13.21826079140853
ONEWEB-0550             
1 56052U 23043G   26036.66797192  .00000055  00000+0  10284-3 0  9991
2 56052  87.9192 270.2169 0001549  78.1581 281.9726 13.21825787140859
ONEWEB-0551             
1 56053U 23043H   26036.72816764 -.00000011  00000+0 -63274-4 0  9998
2 56053  87.8979 285.4769 0001395  92.2344 267.8946 13.15550292139112
ONEWEB-0552             
1 56054U 23043J   26036.66302479  .00000076  00000+0  15184-3 0  9990
2 56054  87.9189 270.2260 0001249  81.8632 278.2644 13.21827987140856
ONEWEB-0553             
1 56055U 23043K   26036.55519001 -.00000037  00000+0 -13003-3 0  9997
2 56055  87.9006 254.9772 0001872  81.9758 278.1585 13.16594349141653
ONEWEB-0554             
1 56056U 23043L   26036.61851549  .00000018  00000+0  12999-4 0  9992
2 56056  87.9005 254.9751 0001535  74.5748 285.5552 13.16594100141643
ONEWEB-0555             
1 56057U 23043M   26036.96051632 -.00000150  00000+0 -42650-3 0  9991
2 56057  87.9009 254.8914 0002033  84.5030 275.6332 13.16592853141691
ONEWEB-0557             
1 56058U 23043N   26036.97476251  .00000132  00000+0  31279-3 0  9994
2 56058  87.9010 254.9004 0002341  58.3669 301.7690 13.16594973141697
ONEWEB-0558             
1 56059U 23043P   26036.65644390  .00000093  00000+0  19293-3 0  9999
2 56059  87.9187 270.2196 0001437 103.3586 256.7708 13.21828191140865
ONEWEB-0559             
1 56060U 23043Q   26036.64493268  .00000037  00000+0  57537-4 0  9998
2 56060  87.9189 270.2162 0001277  89.5594 270.5686 13.21825930140876
ONEWEB-0566             
1 56061U 23043R   26036.63834064 -.00000002  00000+0 -36470-4 0  9998
2 56061  87.9189 270.2165 0001322  93.1102 267.0183 13.21823892140853
ONEWEB-0568             
1 56062U 23043S   26036.61219292  .00000052  00000+0  10162-3 0  9999
2 56062  87.9013 254.9622 0001801  85.5463 274.5874 13.16594555141669
ONEWEB-0574             
1 56063U 23043T   26036.63176164  .00000001  00000+0 -28987-4 0  9992
2 56063  87.9199 270.2070 0001552  75.9716 284.1591 13.21827881140894
ONEWEB-0575             
1 56064U 23043U   26036.60585719  .00000082  00000+0  18022-3 0  9996
2 56064  87.9010 254.9619 0001743  72.6989 287.4333 13.16594561141658
ONEWEB-0576             
1 56065U 23043V   26036.96684346  .00000071  00000+0  15285-3 0  9998
2 56065  87.9008 254.8923 0001645  80.6660 279.4657 13.16593744141695
ONEWEB-0577             
1 56066U 23043W   26036.97317693  .00000059  00000+0  11986-3 0  9998
2 56066  87.9009 254.8897 0001759  58.8517 301.2787 13.16593949141720
ONEWEB-0578             
1 56067U 23043X   26036.69429597  .00000022  00000+0  22606-4 0  9997
2 56067  87.9191 270.2042 0001829  83.9277 276.2065 13.21825109140863
ONEWEB-0579             
1 56068U 23043Y   26036.68441553  .00000028  00000+0  36674-4 0  9999
2 56068  87.9196 270.1946 0001238  82.4618 277.6656 13.21827943140878
ONEWEB-0581             
1 56069U 23043Z   26036.67552166  .00000119  00000+0  27643-3 0  9998
2 56069  87.9005 254.9619 0001495  68.8165 291.3125 13.16594290141656
ONEWEB-0609             
1 56070U 23043AA  26036.68063589  .00000116  00000+0  27347-3 0  9995
2 56070  87.8989 285.4740 0001481  81.8062 278.3236 13.15548094139147
ONEWEB-0613             
1 56071U 23043AB  26036.75194315  .00000182  00000+0  44927-3 0  9992
2 56071  87.8984 285.4707 0001239  84.1845 275.9427 13.15548603139154
ONEWEB-0630             
1 56072U 23043AC  26036.74718949  .00000148  00000+0  35846-3 0  9999
2 56072  87.8981 285.4422 0001245  81.7125 278.4146 13.15551369139145
ONEWEB-0632             
1 56073U 23043AD  26036.74243063  .00000135  00000+0  32492-3 0  9990
2 56073  87.8981 285.4603 0001499  71.5882 288.5412 13.15548527139145
ONEWEB-0633             
1 56074U 23043AE  26036.73610165  .00000120  00000+0  28602-3 0  9993
2 56074  87.8990 285.4259 0001271  94.4717 265.6559 13.15548992139124
ONEWEB-0634             
1 56075U 23043AF  26036.64577501 -.00000058  00000+0 -18762-3 0  9998
2 56075  87.8983 285.4954 0001761  88.2142 271.9190 13.15548738139103
ONEWEB-0635             
1 56076U 23043AG  26036.64101442 -.00000025  00000+0 -99748-4 0  9994
2 56076  87.8992 285.4488 0001574  67.3635 292.7662 13.15548568139132
ONEWEB-0636             
1 56077U 23043AH  26036.10069132 -.00000126  00000+0 -36806-3 0  9992
2 56077  87.8986 285.5723 0001595  70.2494 289.8808 13.15548285139043
ONEWEB-0637             
1 56078U 23043AJ  26036.62677447  .00000052  00000+0  10328-3 0  9991
2 56078  87.8986 285.4849 0001811  75.3774 284.7557 13.15548550139130
ONEWEB-0647             
1 56079U 23043AK  26036.69806557  .00000009  00000+0 -10930-4 0  9998
2 56079  87.8985 285.4835 0001395  77.8812 282.2474 13.15548900139132
ONEWEB-0651             
1 56080U 23043AL  26036.76937328  .00000018  00000+0  13841-4 0  9992
2 56080  87.8989 285.4643 0001692  70.7811 289.3503 13.15549066140346
ONEWEB-0718             
1 56081U 23043AM  26036.68855531  .00000121  00000+0  28688-3 0  9998
2 56081  87.8986 285.4601 0001860  95.9066 264.2277 13.15549633139142
ONEWEB-0561             
1 56710U 23068A   26036.75973646  .00000107  00000+0  23164-3 0  9998
2 56710  87.9210 300.6760 0001531  62.9938 297.1351 13.20770142132154
ONEWEB-0668             
1 56711U 23068B   26036.65019034  .00000196  00000+0  47912-3 0  9995
2 56711  87.9017 254.9458 0002199  90.4269 269.7114 13.16595047134472
ONEWEB-0676             
1 56712U 23068C   26036.96208548 -.00000163  00000+0 -45935-3 0  9999
2 56712  87.9004 254.8996 0001549  75.4381 284.6921 13.16593913134439
ONEWEB-0677             
1 56713U 23068D   26036.74868303  .00000161  00000+0  36339-3 0  9991
2 56713  87.9218 300.6671 0001801  75.7934 284.3400 13.20769637132457
ONEWEB-0678             
1 56714U 23068E   26036.73292328  .00000054  00000+0  10971-3 0  9994
2 56714  87.8992 285.4310 0001249  77.3017 282.8253 13.15548840132007
ONEWEB-0679             
1 56715U 23068F   26036.61694648 -.00000003  00000+0 -40798-4 0  9990
2 56715  87.9016 254.9513 0002063  78.5247 281.6116 13.16594591134412
ONEWEB-0680             
1 56716U 23068G   26036.68773380  .00000155  00000+0  34265-3 0  9996
2 56716  87.9198 270.1940 0002159  84.8376 275.3004 13.21824828133721
ONEWEB-0681             
1 56717U 23068H   26036.66714587  .00000120  00000+0  25834-3 0  9993
2 56717  87.9189 270.2094 0001793  48.0502 312.0785 13.21827007133715
ONEWEB-0682             
1 56718U 23068J   26036.75906652  .00000122  00000+0  29004-3 0  9995
2 56718  87.8984 285.4353 0001997  81.5437 278.5920 13.15548054132170
ONEWEB-0683             
1 56719U 23068K   26036.62834769 -.00000072  00000+0 -22548-3 0  9993
2 56719  87.8992 285.4508 0001798  82.5705 277.5629 13.15548650132122
ONEWEB-0684             
1 56720U 23068L   26036.63626520 -.00000110  00000+0 -32637-3 0  9993
2 56720  87.8993 285.4427 0000842 144.9125 215.2060 13.15548744131955
ONEWEB-0686             
1 56721U 23068M   26036.65327316 -.00000331  00000+0 -90038-3 0  9991
2 56721  87.8993 254.9882 0001679  99.3330 260.7991 13.16594220134404
ONEWEB-0694             
1 56722U 23068N   26036.96367250 -.00000050  00000+0 -16468-3 0  9990
2 56722  87.9015 254.8654 0001973  92.7204 267.4153 13.16594281134503
ONEWEB-0696             
1 56723U 23068P   26036.74559072  .00000192  00000+0  47468-3 0  9991
2 56723  87.8983 285.4695 0001062  84.4250 275.7002 13.15549645132089
ONEWEB-0703             
1 56724U 23068Q   26036.67905468  .00000216  00000+0  53970-3 0  9990
2 56724  87.8984 285.4638 0000802  41.0082 319.1109 13.15549467131960
ONEWEB-0721             
1 56725U 23068R   26036.79511074  .00000017  00000+0  52482-5 0  9998
2 56725  86.6812 127.4576 0001729 107.0070 253.1253 13.22459070140575
ONEWEB-0015             
1 61594U 24188A   26036.92642889  .00000382  00000+0  10406-2 0  9998
2 61594  87.8815  47.2141 0002202  75.8440 284.2933 13.11418076 67250
ONEWEB-0687             
1 61595U 24188B   26036.93713426 -.00000017  00000+0 -76662-4 0  9991
2 61595  87.9085  31.9639 0002412  85.3965 274.7442 13.17646741 68612
ONEWEB-0688             
1 61596U 24188C   26036.96583086  .00000065  00000+0  13339-3 0  9994
2 61596  87.9087  31.9580 0002678  62.1002 298.0401 13.17648429 68618
ONEWEB-0689             
1 61597U 24188D   26036.96033021 -.00000200  00000+0 -59896-3 0  9995
2 61597  87.8825  47.1431 0002135  94.0050 266.1322 13.11414639 67252
ONEWEB-0690             
1 61598U 24188E   26036.97050199 -.00000477  00000+0 -13826-2 0  9990
2 61598  87.8831  47.1616 0001141  84.7499 275.3759 13.11416661 67437
ONEWEB-0691             
1 61599U 24188F   26036.96541894 -.00000365  00000+0 -10656-2 0  9991
2 61599  87.8834  47.0612 0002112  80.9998 279.1369 13.11416018 67285
ONEWEB-0692             
1 61600U 24188G   26036.98576290 -.00000264  00000+0 -78026-3 0  9998
2 61600  87.8815  47.1959 0002090 116.7141 243.4202 13.11418094 67270
ONEWEB-0693             
1 61601U 24188H   26036.52203524  .00000035  00000+0  57780-4 0  9995
2 61601  87.9082  32.0710 0001248  84.6722 275.4552 13.17633304 68541
ONEWEB-0695             
1 61602U 24188J   26036.96202459 -.00000270  00000+0 -79679-3 0  9993
2 61602  87.8815  47.1907 0002211 102.4912 257.6464 13.11413320 67261
ONEWEB-0697             
1 61603U 24188K   26036.91795114  .00000048  00000+0  99735-4 0  9991
2 61603  87.8816  47.1891 0001968 114.0497 246.0838 13.11418339 67240
ONEWEB-0698             
1 61604U 24188L   26036.97219806 -.00000503  00000+0 -14560-2 0  9996
2 61604  87.8816  47.1938 0001201 130.8097 229.3135 13.11416631 67275
ONEWEB-0699             
1 61605U 24188M   26036.49881604  .00000021  00000+0  24057-4 0  9992
2 61605  87.8767  62.5037 0001872 116.2644 243.8676 13.10377629 66061
ONEWEB-0700             
1 61606U 24188N   26036.50047560 -.00000349  00000+0 -10350-2 0  9994
2 61606  87.8773  62.3948 0002301 108.9331 251.2046 13.10376456 66057
ONEWEB-0701             
1 61607U 24188P   26036.59343847  .00000634  00000+0  17807-2 0  9990
2 61607  87.8760  62.4848 0001947 119.8913 240.2408 13.10374795 66072
ONEWEB-0702             
1 61608U 24188Q   26036.94169086  .00000479  00000+0  13151-2 0  9996
2 61608  87.8829  47.0833 0002305 117.1379 242.9985 13.11415856 67286
ONEWEB-0704             
1 61609U 24188R   26036.96362162  .00000278  00000+0  75956-3 0  9998
2 61609  87.8775  62.3833 0002397 116.4655 243.6718 13.10373991 66101
ONEWEB-0705             
1 61610U 24188S   26036.58680776  .00000575  00000+0  16098-2 0  9993
2 61610  87.8764  62.4749 0003026  98.4183 261.7287 13.10376222 58229
ONEWEB-0706             
1 61611U 24188T   26036.57184970 -.00000385  00000+0 -11401-2 0  9992
2 61611  87.8755  62.4936 0002323 106.4702 253.6681 13.10375594 66143
ONEWEB-0707             
1 61612U 24188U   26036.50214049  .00000246  00000+0  66888-3 0  9991
2 61612  87.8767  62.4908 0002257 106.1383 253.9993 13.10377471 66071
ONEWEB-0708             
1 61613U 24188V   26036.59677508  .00000737  00000+0  20752-2 0  9998
2 61613  87.8751  62.5024 0002432  89.2155 270.9251 13.10371903 66067
