ONEWEB-0012             
1 44057U 19010A   26205.49167177  .00000115  00000+0  26674-3 0  9992
2 44057  87.9074 221.3743 0001635  98.1745 261.9572 13.16594764356471
ONEWEB-0010             
1 44058U 19010B   26205.44102818  .00000051  00000+0  99036-4 0  9991
2 44058  87.9078 221.3805 0002365  95.9975 264.1426 13.16594202356511
ONEWEB-0008             
1 44059U 19010C   26205.46632583  .00002016  00000+0  52369-2 0  9990
2 44059  87.9090 221.3705 0002505  74.7195 285.4213 13.16613889356636
ONEWEB-0007             
1 44060U 19010D   26205.53108278 -.00000063  00000+0 -20106-3 0  9996
2 44060  87.8972 251.7790 0002088 104.4199 255.7163 13.15548669356285
ONEWEB-0006             
1 44061U 19010E   26205.38290811 -.00000069  00000+0 -21832-3 0  9998
2 44061  87.8985 251.7769 0002214  94.0635 266.0748 13.15547019356312
ONEWEB-0011             
1 44062U 19010F   26205.50334043  .00000107  00000+0  24948-3 0  9991
2 44062  87.8989 251.7637 0002205  94.8609 265.2773 13.15547490356323
ONEWEB-0013             
1 45131U 20008A   26205.45851437  .00000558  00000+0  15836-2 0  9998
2 45131  87.8495  45.2986 0000818  90.9243 269.1978 13.09463351310949
ONEWEB-0017             
1 45132U 20008B   26205.49129191  .00000509  00000+0  14205-2 0  9993
2 45132  87.8823  28.8328 0002021  90.1530 269.9829 13.10377431312839
ONEWEB-0020             
1 45133U 20008C   26205.46073337 -.00000634  00000+0 -18533-2 0  9990
2 45133  87.8826  28.8393 0001776  89.0410 271.0921 13.10372320313228
ONEWEB-0021             
1 45134U 20008D   26205.47600677 -.00000241  00000+0 -72750-3 0  9991
2 45134  87.8821  28.8500 0001770  92.5923 267.5407 13.10375092313538
ONEWEB-0023             
1 45136U 20008F   26205.48705510  .00000332  00000+0  91532-3 0  9994
2 45136  87.8829  28.8321 0001704  83.8528 276.2794 13.10374521312968
ONEWEB-0024             
1 45137U 20008G   26205.45916845 -.00000611  00000+0 -17858-2 0  9997
2 45137  87.8830  28.8320 0001832  91.0885 269.0453 13.10371691313125
ONEWEB-0025             
1 45138U 20008H   26205.45889326 -.00000607  00000+0 -17763-2 0  9991
2 45138  87.8830  28.8220 0002026  77.3602 282.7752 13.10371474313454
ONEWEB-0026             
1 45139U 20008J   26205.46778285  .00000444  00000+0  12164-2 0  9991
2 45139  87.8893  13.6442 0001801  90.5560 269.5774 13.11377924315997
ONEWEB-0028             
1 45140U 20008K   26205.44275886  .00000281  00000+0  75564-3 0  9993
2 45140  87.8888  13.6560 0001230  95.9627 264.1641 13.11562739313502
ONEWEB-0032             
1 45141U 20008L   26205.49313860  .00000592  00000+0  16596-2 0  9998
2 45141  87.8822  28.8347 0001308  84.7469 275.3807 13.10375009313181
ONEWEB-0033             
1 45142U 20008M   26205.46752063 -.00000521  00000+0 -15284-2 0  9995
2 45142  87.8818  28.8458 0002311  92.6073 267.5319 13.10374253313095
ONEWEB-0035             
1 45143U 20008N   26205.48801997 -.00000013  00000+0 -74658-4 0  9997
2 45143  87.8821  28.8350 0001845  91.1221 269.0118 13.10376119312828
ONEWEB-0036             
1 45144U 20008P   26205.46569904 -.00000595  00000+0 -17395-2 0  9993
2 45144  87.8842  28.8583 0001595  87.0875 273.0435 13.10375675313241
ONEWEB-0038             
1 45145U 20008Q   26205.47799859 -.00000048  00000+0 -17162-3 0  9995
2 45145  87.8908  13.6566 0002579 133.2520 226.8824 13.11415435315219
ONEWEB-0039             
1 45146U 20008R   26205.47091819 -.00000405  00000+0 -11975-2 0  9999
2 45146  87.8824  28.8362 0001303  93.9641 266.1635 13.10375028313047
ONEWEB-0040             
1 45147U 20008S   26205.46412110 -.00000609  00000+0 -17817-2 0  9997
2 45147  87.8817  28.8480 0001725  79.7786 280.3536 13.10372725312746
ONEWEB-0043             
1 45149U 20008U   26205.46594983 -.00000561  00000+0 -16427-2 0  9991
2 45149  87.8842  28.8382 0001233  94.4857 265.6412 13.10373674313063
ONEWEB-0044             
1 45150U 20008V   26205.49468490  .00000584  00000+0  16360-2 0  9998
2 45150  87.8827  28.8339 0001639  87.0492 273.0823 13.10376520313368
ONEWEB-0045             
1 45151U 20008W   26205.47277466  .00000232  00000+0  61759-3 0  9991
2 45151  87.8897  13.6378 0001713  95.3055 264.8269 13.11415545315299
ONEWEB-0047             
1 45152U 20008X   26205.48776206  .00000399  00000+0  11073-2 0  9996
2 45152  87.8830  28.8341 0001962  94.0638 266.0714 13.10375276313083
ONEWEB-0048             
1 45153U 20008Y   26205.48280802  .00000179  00000+0  47540-3 0  9994
2 45153  87.8814  28.8531 0001787  94.2824 265.8507 13.10377111312694
ONEWEB-0049             
1 45154U 20008Z   26205.48605597  .00000338  00000+0  93128-3 0  9997
2 45154  87.8823  28.8412 0001659  76.0168 284.1144 13.10375455312915
ONEWEB-0051             
1 45155U 20008AA  26205.47107426  .00000346  00000+0  94102-3 0  9997
2 45155  87.8894  13.6433 0001813  91.7064 268.4272 13.11416631315979
ONEWEB-0052             
1 45156U 20008AB  26205.50670668  .00000575  00000+0  16102-2 0  9992
2 45156  87.8821  28.8256 0001583  79.9561 280.1745 13.10372799312827
ONEWEB-0053             
1 45157U 20008AC  26205.46242646 -.00000594  00000+0 -17378-2 0  9998
2 45157  87.8815  28.8535 0001316  84.5116 275.6161 13.10372466312791
ONEWEB-0054             
1 45158U 20008AD  26205.49807471  .00000692  00000+0  19453-2 0  9998
2 45158  87.8826  28.8323 0001820  88.1805 271.9531 13.10376079312912
ONEWEB-0056             
1 45159U 20008AE  26205.46907410 -.00000515  00000+0 -15111-2 0  9993
2 45159  87.8829  28.8321 0001969  82.9672 277.1679 13.10374212313067
ONEWEB-0057             
1 45160U 20008AF  26205.48634083  .00000318  00000+0  87498-3 0  9997
2 45160  87.8826  28.8398 0001345  79.5447 280.5831 13.10375394313239
ONEWEB-0058             
1 45161U 20008AG  26205.47276110 -.00000374  00000+0 -11090-2 0  9998
2 45161  87.8820  28.8458 0001948  95.7671 264.3678 13.10376918313309
ONEWEB-0059             
1 45162U 20008AH  26205.46936622 -.00000509  00000+0 -14945-2 0  9991
2 45162  87.8821  28.8463 0001544  94.0380 266.0924 13.10376515313203
ONEWEB-0062             
1 45163U 20008AJ  26205.49286099  .00000541  00000+0  15121-2 0  9992
2 45163  87.8828  28.8318 0002117  92.9975 267.1394 13.10374245313070
ONEWEB-0065             
1 45164U 20008AK  26205.52676633 -.00000339  00000+0 -10063-2 0  9991
2 45164  87.8822  28.8322 0001663  81.6080 278.5236 13.10369964312776
ONEWEB-0066             
1 45424U 20020A   26205.45579777  .00000589  00000+0  16256-2 0  9992
2 45424  87.8892  13.6490 0001789  96.1766 263.9566 13.11415359307567
ONEWEB-0067             
1 45425U 20020B   26205.49345884 -.00000505  00000+0 -14594-2 0  9990
2 45425  87.8914  13.5712 0001622  89.0982 271.0332 13.11425283307621
ONEWEB-0080             
1 45426U 20020C   26205.49326383 -.00000494  00000+0 -14298-2 0  9992
2 45426  87.8905  13.6426 0002093  96.4146 263.7221 13.11415541307599
ONEWEB-0090             
1 45427U 20020D   26205.44578668  .00000269  00000+0  72229-3 0  9990
2 45427  87.8915  13.6549 0001789  95.5232 264.6100 13.11418340307556
ONEWEB-0061             
1 45428U 20020E   26205.47771578 -.00000001  00000+0 -38804-4 0  9997
2 45428  87.8898  13.6335 0001800  93.4128 266.7206 13.11415657307519
ONEWEB-0081             
1 45429U 20020F   26205.45921596  .00000605  00000+0  16713-2 0  9994
2 45429  87.8893  13.6463 0001653  94.6567 265.4750 13.11417110307621
ONEWEB-0069             
1 45430U 20020G   26205.46103222  .00000549  00000+0  15123-2 0  9996
2 45430  87.8899  13.6491 0001699  98.5961 261.5360 13.11418635307550
ONEWEB-0031             
1 45431U 20020H   26205.49650835 -.00000478  00000+0 -13858-2 0  9993
2 45431  87.8887  13.6445 0001984  93.4838 266.6517 13.11418526307549
ONEWEB-0027             
1 45432U 20020J   26205.46974839  .00000029  00000+0  41374-4 0  9990
2 45432  87.9157 358.4499 0002247  90.4894 269.6495 13.17648670311265
ONEWEB-0064             
1 45433U 20020K   26205.49480967 -.00000520  00000+0 -15033-2 0  9997
2 45433  87.8894  13.6381 0001988  91.2302 268.9053 13.11416330307578
ONEWEB-0018             
1 45434U 20020L   26205.45059414  .00000477  00000+0  13090-2 0  9993
2 45434  87.8895  13.6467 0001801 104.6254 255.5074 13.11418373307512
ONEWEB-0083             
1 45435U 20020M   26205.44069781  .00000106  00000+0  26253-3 0  9996
2 45435  87.8902  13.6443 0001867  93.6283 266.5059 13.11418809307550
ONEWEB-0095             
1 45436U 20020N   26205.43221801 -.00000229  00000+0 -68239-3 0  9997
2 45436  87.8906  13.6548 0002031  72.6758 287.4592 13.11418017307554
ONEWEB-0092             
1 45437U 20020P   26205.46276263  .00000540  00000+0  14870-2 0  9998
2 45437  87.8895  13.6390 0001874 102.3121 257.8217 13.11416970307670
ONEWEB-0085             
1 45438U 20020Q   26205.44041740  .00000110  00000+0  27363-3 0  9992
2 45438  87.8900  13.6488 0001785  92.0427 268.0905 13.11419618307558
ONEWEB-0096             
1 45439U 20020R   26205.44225546  .00000175  00000+0  45782-3 0  9997
2 45439  87.8899  13.6464 0001850  88.1889 271.9451 13.11418960307548
ONEWEB-0037             
1 45440U 20020S   26205.46770506  .00000389  00000+0  10594-2 0  9991
2 45440  87.8906  13.6148 0001884  87.2288 272.9056 13.11653935307587
ONEWEB-0042             
1 45441U 20020T   26205.50823581 -.00000237  00000+0 -70467-3 0  9999
2 45441  87.8902  13.6300 0001711  92.0031 268.1293 13.11419505307553
ONEWEB-0098             
1 45442U 20020U   26205.50413869 -.00000422  00000+0 -12274-2 0  9991
2 45442  87.8901  13.6395 0001896  93.9313 266.2031 13.11417038307530
ONEWEB-0055             
1 45443U 20020V   26205.48280894 -.00000182  00000+0 -54943-3 0  9992
2 45443  87.8901  13.6426 0001918  93.0625 267.0722 13.11415654307503
ONEWEB-0093             
1 45444U 20020W   26205.47346754  .00000240  00000+0  64654-3 0  9993
2 45444  87.8896  13.6424 0001544  96.8068 263.3235 13.10890880307563
ONEWEB-0029             
1 45445U 20020X   26205.48987620 -.00000444  00000+0 -12895-2 0  9995
2 45445  87.8890  13.6406 0001616  97.4064 262.7247 13.11414575307549
ONEWEB-0068             
1 45446U 20020Y   26205.46246652  .00000594  00000+0  16396-2 0  9991
2 45446  87.8899  13.6437 0001648  96.8021 263.3294 13.11415231307486
ONEWEB-0046             
1 45447U 20020Z   26205.45411806  .00000559  00000+0  15406-2 0  9998
2 45447  87.8891  13.6485 0001572  89.8184 270.3124 13.11418697307490
ONEWEB-0063             
1 45448U 20020AA  26205.48308399 -.00000207  00000+0 -61955-3 0  9997
2 45448  87.8903  13.6449 0001768  80.6730 279.4598 13.11415082307588
ONEWEB-0019             
1 45449U 20020AB  26205.44551495  .00000337  00000+0  91379-3 0  9996
2 45449  87.8898  13.6366 0001982  95.0164 265.1190 13.11418869307428
ONEWEB-0094             
1 45450U 20020AC  26205.48761090  .00000079  00000+0  17031-3 0  9992
2 45450  87.9163 358.4333 0001910 101.5498 258.5848 13.17649600311228
ONEWEB-0087             
1 45451U 20020AD  26205.49297290 -.00000497  00000+0 -14379-2 0  9997
2 45451  87.8909  13.6198 0001628 100.5447 259.5864 13.11416774307473
ONEWEB-0082             
1 45452U 20020AE  26205.48958021 -.00000395  00000+0 -11505-2 0  9998
2 45452  87.8899  13.6342 0001371  99.1883 260.9400 13.11416813307561
ONEWEB-0050             
1 45453U 20020AF  26205.47210054  .00001671  00000+0  16910-3 0  9997
2 45453  88.9283 228.1451 0003837 150.6969 209.4476 14.90493695345937
ONEWEB-0034             
1 45454U 20020AG  26205.45089763  .00000509  00000+0  14000-2 0  9993
2 45454  87.8903  13.6512 0001791  90.1512 269.9821 13.11419455307475
ONEWEB-0060             
1 45455U 20020AH  26205.48210048 -.00000184  00000+0 -55536-3 0  9990
2 45455  87.8895  13.6404 0001636 126.9936 233.1342 13.11415485307438
ONEWEB-0086             
1 45456U 20020AJ  26205.46076943  .00000582  00000+0  16073-2 0  9995
2 45456  87.8901  13.6428 0002139 112.8274 247.3081 13.11417499307491
ONEWEB-0088             
1 45457U 20020AK  26205.43885547  .00000060  00000+0  13366-3 0  9995
2 45457  87.8910  13.6224 0001526  80.8867 279.2433 13.11419272307426
ONEWEB-0102             
1 47258U 20100A   26205.64264249 -.00000356  00000+0 -10246-2 0  9991
2 47258  87.8975 343.2281 0002115 101.8769 258.2596 13.12443869269641
ONEWEB-0109             
1 47259U 20100B   26205.42240104 -.00000220  00000+0 -64604-3 0  9990
2 47259  87.8982 343.2590 0002018  95.7429 264.3929 13.12445048269446
ONEWEB-0110             
1 47260U 20100C   26205.37328844  .00000435  00000+0  11724-2 0  9994
2 47260  87.8988 343.2530 0001916 104.7567 255.3774 13.12444191269602
ONEWEB-0111             
1 47261U 20100D   26205.40376923 -.00000324  00000+0 -93677-3 0  9997
2 47261  87.8978 343.2645 0001778  99.7836 260.3493 13.12443113269446
ONEWEB-0114             
1 47262U 20100E   26205.43427026  .00000115  00000+0  28517-3 0  9999
2 47262  87.8989 343.2577 0002035  94.2349 265.9012 13.12444027269408
ONEWEB-0117             
1 47263U 20100F   26205.42579770 -.00000171  00000+0 -51164-3 0  9991
2 47263  87.8969 343.2471 0001880  97.9252 262.2090 13.12444016269415
ONEWEB-0118             
1 47264U 20100G   26205.61216690  .00000371  00000+0  99601-3 0  9990
2 47264  87.8983 343.2143 0001831  89.5024 270.6314 13.12441477269632
ONEWEB-0119             
1 47265U 20100H   26205.33261898 -.00000368  00000+0 -10590-2 0  9997
2 47265  87.8974 343.2832 0001843  97.4097 262.7241 13.12442576269574
ONEWEB-0120             
1 47266U 20100J   26205.43271889  .00000040  00000+0  74742-4 0  9996
2 47266  87.8973 343.2648 0002032  94.6944 265.4416 13.12443325269612
ONEWEB-0121             
1 47267U 20100K   26205.42071174 -.00000285  00000+0 -82773-3 0  9996
2 47267  87.8982 343.2568 0001671 105.5335 254.5978 13.12443966269521
ONEWEB-0122             
1 47268U 20100L   26205.64349941 -.00000383  00000+0 -10989-2 0  9999
2 47268  87.8979 343.2176 0002073  98.9044 261.2319 13.12442344269468
ONEWEB-0123             
1 47269U 20100M   26205.41054444 -.00000446  00000+0 -12757-2 0  9991
2 47269  87.8970 343.2667 0001759  94.0333 266.0997 13.12442626269573
ONEWEB-0124             
1 47270U 20100N   26205.40038179 -.00000223  00000+0 -65546-3 0  9997
2 47270  87.8968 343.2709 0001775  99.6241 260.5088 13.12442488269459
ONEWEB-0125             
1 47271U 20100P   26205.45459047 -.00011420  00000+0 -31791-1 0  9998
2 47271  87.8985 343.2483 0001210  79.7489 280.3776 13.12503068269529
ONEWEB-0126             
1 47272U 20100Q   26205.39883961 -.00000089  00000+0 -28404-3 0  9996
2 47272  87.8981 343.2731 0001857  88.6396 271.4945 13.12442156269580
ONEWEB-0127             
1 47273U 20100R   26205.36480960  .00000253  00000+0  66828-3 0  9999
2 47273  87.8971 343.2766 0002025  96.7933 263.3426 13.12443945269607
ONEWEB-0128             
1 47274U 20100S   26205.61554456  .00000337  00000+0  90157-3 0  9995
2 47274  87.8968 343.2397 0002052 109.7065 250.4285 13.12442134269659
ONEWEB-0129             
1 47275U 20100T   26205.36651137  .00000396  00000+0  10643-2 0  9998
2 47275  87.8986 343.2674 0002812  83.8090 276.3359 13.12443085269556
ONEWEB-0130             
1 47276U 20100U   26205.39361126 -.00000007  00000+0 -55031-4 0  9991
2 47276  87.8981 343.2574 0001968  99.6585 260.4766 13.12442117269524
ONEWEB-0131             
1 47277U 20100V   26205.61894064  .00000247  00000+0  65126-3 0  9998
2 47277  87.8980 343.2281 0001887  99.6629 260.4712 13.12441713269597
ONEWEB-0132             
1 47278U 20100W   26205.41901628 -.00000331  00000+0 -95462-3 0  9994
2 47278  87.8972 343.2696 0001855  99.7143 260.4196 13.12443415269469
ONEWEB-0133             
1 47279U 20100X   26205.43581252  .00000089  00000+0  21227-3 0  9990
2 47279  87.8985 343.2477 0001889 100.7421 259.3920 13.12445046269622
ONEWEB-0134             
1 47280U 20100Y   26205.63417767 -.00000339  00000+0 -97855-3 0  9993
2 47280  87.8984 343.2036 0002187 102.1528 257.9846 13.12442124269625
ONEWEB-0135             
1 47281U 20100Z   26205.37666576  .00000404  00000+0  10889-2 0  9991
2 47281  87.8970 343.2734 0002118 104.9674 255.1689 13.12443731269611
ONEWEB-0136             
1 47282U 20100AA  26205.39530014 -.00000062  00000+0 -20734-3 0  9994
2 47282  87.8977 343.2537 0002169 100.3216 259.8157 13.12442315269548
ONEWEB-0137             
1 47283U 20100AB  26205.42917535  .00000030  00000+0  46950-4 0  9998
2 47283  87.8992 343.2599 0001835  95.7784 264.3553 13.12445393269450
ONEWEB-0138             
1 47284U 20100AC  26205.40715969 -.00000403  00000+0 -11557-2 0  9993
2 47284  87.8982 343.2674 0002068  97.9095 262.2268 13.12442719269530
ONEWEB-0139             
1 47285U 20100AD  26205.44797524  .00000440  00000+0  11883-2 0  9996
2 47285  87.8983 343.2460 0001901  96.2770 263.8575 13.12442830269613
ONEWEB-0140             
1 47286U 20100AE  26205.40207655 -.00000277  00000+0 -80488-3 0  9992
2 47286  87.8980 343.2459 0001852 103.3360 256.7976 13.12442772269575
ONEWEB-0141             
1 47287U 20100AF  26205.44767931  .00000342  00000+0  91596-3 0  9998
2 47287  87.8982 343.2417 0001740  90.9836 269.1492 13.12443414269561
ONEWEB-0142             
1 47288U 20100AG  26205.43609241  .00000188  00000+0  48790-3 0  9993
2 47288  87.8977 343.2636 0002056  86.3637 273.7727 13.12445229269555
ONEWEB-0143             
1 47289U 20100AH  26205.36989021  .00000461  00000+0  12468-2 0  9999
2 47289  87.8977 343.2765 0001834  96.5930 263.5407 13.12443940269528
ONEWEB-0144             
1 47290U 20100AJ  26205.34108849 -.00000326  00000+0 -94225-3 0  9994
2 47290  87.8990 343.2589 0002204  94.8527 265.2853 13.12443592269442
ONEWEB-0145             
1 47291U 20100AK  26205.61723794  .00000239  00000+0  62908-3 0  9991
2 47291  87.8974 343.2274 0002001  97.2054 262.9302 13.12442647269671
ONEWEB-0146             
1 47292U 20100AL  26205.61385144  .00000368  00000+0  98700-3 0  9997
2 47292  87.8980 343.2220 0001707 110.1987 249.9325 13.12442724269588
ONEWEB-0147             
1 47293U 20100AM  26205.42748580 -.00000076  00000+0 -24593-3 0  9991
2 47293  87.8983 343.2422 0001944 101.4769 258.6578 13.12444703269452
ONEWEB-0115             
1 48042U 21025A   26205.35040954  .00000072  00000+0  16326-3 0  9992
2 48042  87.8985 312.8303 0001915 102.1009 258.0335 13.13472341258475
ONEWEB-0152             
1 48043U 21025B   26205.59244004  .00000103  00000+0  24735-3 0  9999
2 48043  87.8991 312.7811 0001947 103.2039 256.9307 13.13470390258463
ONEWEB-0153             
1 48044U 21025C   26205.57044627 -.00000027  00000+0 -10866-3 0  9994
2 48044  87.8979 312.7850 0002018  98.0318 262.1040 13.13470613258454
ONEWEB-0154             
1 48045U 21025D   26205.33852615 -.00000121  00000+0 -36532-3 0  9996
2 48045  87.8990 312.8315 0002125 105.2246 254.9119 13.13471078258389
ONEWEB-0116             
1 48046U 21025E   26205.30128686  .00000184  00000+0  46996-3 0  9990
2 48046  87.8989 312.8356 0001930 104.9179 255.2164 13.13470149258525
ONEWEB-0150             
1 48047U 21025F   26205.35377054  .00000231  00000+0  59667-3 0  9993
2 48047  87.8994 312.8244 0002198 101.9401 258.1975 13.13471158258422
ONEWEB-0107             
1 48048U 21025G   26205.58398410 -.00000025  00000+0 -10313-3 0  9996
2 48048  87.8991 312.7730 0002085  96.5118 263.6248 13.13470502258435
ONEWEB-0101             
1 48049U 21025H   26205.31820648 -.00000190  00000+0 -55523-3 0  9996
2 48049  87.8981 312.8380 0002117 100.5462 259.5906 13.13470972258370
ONEWEB-0113             
1 48050U 21025J   26205.55910937 -.00000241  00000+0 -69162-3 0  9996
2 48050  87.8983 312.6963 0001849  96.6884 263.4456 13.13891185258516
ONEWEB-0112             
1 48051U 21025K   26205.58907657  .00000305  00000+0  80061-3 0  9995
2 48051  87.8989 312.7701 0002228  99.1439 260.9942 13.13470415258500
ONEWEB-0156             
1 48052U 21025L   26205.36899426  .00000276  00000+0  72009-3 0  9996
2 48052  87.8992 312.8240 0001984  96.9211 263.2144 13.13468595258455
ONEWEB-0161             
1 48053U 21025M   26205.57212569 -.00000390  00000+0 -11019-2 0  9999
2 48053  87.8987 312.7840 0002079  94.2076 265.9291 13.13470903258415
ONEWEB-0158             
1 48054U 21025N   26205.60769247  .00000102  00000+0  24567-3 0  9996
2 48054  87.8990 312.7746 0001930 109.2269 250.9070 13.13471793258542
ONEWEB-0157             
1 48055U 21025P   26205.55688872 -.00000245  00000+0 -70566-3 0  9995
2 48055  87.8984 312.7893 0002259  92.8499 267.2889 13.13471923258472
ONEWEB-0162             
1 48056U 21025Q   26205.38072563  .00000106  00000+0  25479-3 0  9998
2 48056  87.8984 312.8244 0001861  96.2323 263.9018 13.13469458258428
ONEWEB-0155             
1 48057U 21025R   26205.31143360 -.00000065  00000+0 -21296-3 0  9995
2 48057  87.8987 312.8347 0001975  96.1617 263.9737 13.13468270258550
ONEWEB-0149             
1 48058U 21025S   26205.33345345 -.00000284  00000+0 -81348-3 0  9992
2 48058  87.8990 312.8350 0001774  94.1629 265.9703 13.13470355258368
ONEWEB-0148             
1 48059U 21025T   26205.60092621  .00000325  00000+0  85465-3 0  9997
2 48059  87.8981 312.7864 0001715  83.3676 276.7648 13.13469938258526
ONEWEB-0160             
1 48060U 21025U   26205.31313459 -.00000069  00000+0 -22473-3 0  9999
2 48060  87.8981 312.8392 0001706 121.2359 238.8937 13.13469855258433
ONEWEB-0163             
1 48061U 21025V   26205.29790921  .00000318  00000+0  83530-3 0  9996
2 48061  87.8994 312.8402 0002207  94.6950 265.4431 13.13469734258551
ONEWEB-0159             
1 48062U 21025W   26205.36562038  .00000264  00000+0  68784-3 0  9995
2 48062  87.8991 312.8206 0002160  95.9857 264.1518 13.13470148258484
ONEWEB-0164             
1 48063U 21025X   26205.34699490  .00000066  00000+0  14458-3 0  9996
2 48063  87.8988 312.8305 0001953 102.2878 257.8470 13.13470800258464
ONEWEB-0167             
1 48064U 21025Y   26205.29875900  .00000287  00000+0  75084-3 0  9990
2 48064  87.8986 312.8469 0002633 101.3436 258.7989 13.13470006258441
ONEWEB-0166             
1 48065U 21025Z   26205.55013545 -.00000262  00000+0 -75252-3 0  9991
2 48065  87.8991 312.7714 0001944  98.3629 261.7720 13.13469657258552
ONEWEB-0151             
1 48066U 21025AA  26205.55181872 -.00000228  00000+0 -65851-3 0  9997
2 48066  87.8990 312.7858 0002130 102.0717 258.0651 13.13470103258493
ONEWEB-0170             
1 48067U 21025AB  26205.56028705 -.00000319  00000+0 -90744-3 0  9994
2 48067  87.8991 312.7865 0002097 115.4433 244.6914 13.13469748258450
ONEWEB-0168             
1 48068U 21025AC  26205.31652306 -.00000102  00000+0 -31360-3 0  9997
2 48068  87.8994 312.8365 0002038 100.1883 259.9476 13.13469282258438
ONEWEB-0173             
1 48069U 21025AD  26205.38423939  .00000001  00000+0 -30853-4 0  9997
2 48069  87.8985 312.8222 0002303  96.3921 263.7470 13.13469380258688
ONEWEB-0171             
1 48070U 21025AE  26205.34530177 -.00000025  00000+0 -10331-3 0  9993
2 48070  87.8982 312.8367 0002012 101.8056 258.3299 13.13470317258495
ONEWEB-0172             
1 48071U 21025AF  26205.32497321 -.00000330  00000+0 -93805-3 0  9991
2 48071  87.8989 312.8335 0002129 100.1640 259.9730 13.13471145259384
ONEWEB-0174             
1 48072U 21025AG  26205.53490658  .00000074  00000+0  16720-3 0  9995
2 48072  87.8989 312.7908 0001930  95.6702 264.4647 13.13469362258730
ONEWEB-0175             
1 48073U 21025AH  26205.33683518 -.00000210  00000+0 -60915-3 0  9992
2 48073  87.8996 312.8161 0002324 107.0348 253.1036 13.13470683258367
ONEWEB-0177             
1 48074U 21025AJ  26205.34868596 -.00000013  00000+0 -69671-4 0  9995
2 48074  87.8986 312.8304 0002017  93.0697 267.0663 13.13471084258553
ONEWEB-0178             
1 48075U 21025AK  26205.36744642  .00000262  00000+0  68167-3 0  9995
2 48075  87.8979 312.8360 0002220 101.1762 258.9616 13.13470863258605
ONEWEB-0108             
1 48076U 21025AL  26205.55521175 -.00000312  00000+0 -88906-3 0  9992
2 48076  87.8992 312.7821 0001756 100.5391 259.5936 13.13469854258550
ONEWEB-0169             
1 48077U 21025AM  26205.58738234  .00000248  00000+0  64523-3 0  9997
2 48077  87.8987 312.7816 0001947  96.9531 263.1820 13.13470421257212
ONEWEB-0176             
1 48210U 21031A   26205.24835347 -.00000153  00000+0 -44739-3 0  9993
2 48210  87.8959 282.3152 0002171  98.9576 261.1799 13.14503080253180
ONEWEB-0184             
1 48211U 21031B   26205.22139833  .00000078  00000+0  17574-3 0  9990
2 48211  87.8967 282.3235 0002809 107.5903 252.5534 13.14503056253152
ONEWEB-0179             
1 48212U 21031C   26205.22796124  .00000328  00000+0  99593-4 0  9993
2 48212  87.8980 278.0591 0222854 136.1551 225.7576 14.25578875254328
ONEWEB-0180             
1 48213U 21031D   26205.60515765  .00000057  00000+0  11880-3 0  9997
2 48213  87.8973 282.2447 0002429  93.4627 266.6781 13.14502951253130
ONEWEB-0218             
1 48214U 21031E   26205.24675799 -.00000252  00000+0 -71389-3 0  9991
2 48214  87.8970 282.3147 0002932 101.6823 258.4636 13.14503990253249
ONEWEB-0209             
1 48215U 21031F   26205.23566499 -.00000157  00000+0 -45801-3 0  9991
2 48215  87.8962 282.3305 0002186  92.8428 267.2952 13.14503946253240
ONEWEB-0198             
1 48216U 21031G   26205.21994889  .00000096  00000+0  22385-3 0  9990
2 48216  87.8955 282.3303 0002508  94.9107 265.2309 13.14503236253354
ONEWEB-0189             
1 48217U 21031H   26205.46085230 -.00000040  00000+0 -14366-3 0  9990
2 48217  87.8963 282.2722 0002440  96.3528 263.7880 13.14503005253122
ONEWEB-0196             
1 48218U 21031J   26205.28641724  .00000169  00000+0  42190-3 0  9993
2 48218  87.8964 282.3158 0002155  96.5164 263.6211 13.14502694253107
ONEWEB-0183             
1 48219U 21031K   26205.48939429  .00000019  00000+0  16456-4 0  9999
2 48219  87.8957 282.2722 0001900  94.0219 266.1128 13.14503187253223
ONEWEB-0185             
1 48220U 21031L   26205.43943073  .00000193  00000+0  48651-3 0  9990
2 48220  87.8969 282.2787 0002074  87.7146 272.4221 13.14501397253146
ONEWEB-0187             
1 48221U 21031M   26205.49559091  .00000114  00000+0  27238-3 0  9991
2 48221  87.8959 282.2806 0002139  93.9136 266.2238 13.14504219253165
ONEWEB-0192             
1 48222U 21031N   26205.46560255 -.00000167  00000+0 -48490-3 0  9996
2 48222  87.8962 282.2766 0002161  98.7355 261.4019 13.14503328253070
ONEWEB-0219             
1 48223U 21031P   26205.44498073  .00000158  00000+0  39116-3 0  9996
2 48223  87.8969 282.2748 0002121  92.1543 267.9829 13.14501553253271
ONEWEB-0202             
1 48224U 21031Q   26205.50208761  .00000121  00000+0  29150-3 0  9994
2 48224  87.8961 282.2751 0002737 100.5722 259.5716 13.14502996253267
ONEWEB-0204             
1 48225U 21031R   26205.46004678 -.00000027  00000+0 -10815-3 0  9996
2 48225  87.8964 282.2776 0001659  91.9219 268.2101 13.14503537253159
ONEWEB-0205             
1 48226U 21031S   26205.20712282  .00000189  00000+0  47568-3 0  9998
2 48226  87.8957 282.3248 0002145  88.0746 272.0630 13.14502992253132
ONEWEB-0206             
1 48227U 21031T   26205.48463541 -.00000164  00000+0 -47705-3 0  9998
2 48227  87.8962 282.2682 0001960 102.3520 257.7829 13.14502041253128
ONEWEB-0182             
1 48228U 21031U   26205.47985751 -.00000278  00000+0 -78443-3 0  9999
2 48228  87.8955 282.2753 0001890  94.9599 265.1746 13.14503080253332
ONEWEB-0186             
1 48229U 21031V   26205.49097274  .00000053  00000+0  10870-3 0  9995
2 48229  87.8965 282.2675 0002092  95.6329 264.5039 13.14503939253286
ONEWEB-0181             
1 48230U 21031W   26205.24041440 -.00000196  00000+0 -56329-3 0  9993
2 48230  87.8951 282.3402 0002220  96.2276 263.9107 13.14501711253109
ONEWEB-0188             
1 48231U 21031X   26205.50683557  .00000180  00000+0  45007-3 0  9996
2 48231  87.8948 282.2866 0002021  96.3798 263.7562 13.14503093253049
ONEWEB-0220             
1 48232U 21031Y   26205.47039038 -.00000208  00000+0 -59644-3 0  9997
2 48232  87.8967 282.2726 0002047  90.6734 269.4630 13.14505371253300
ONEWEB-0165             
1 48233U 21031Z   26205.49890154  .00000102  00000+0  24119-3 0  9994
2 48233  87.8958 282.2776 0002496  97.4914 262.6499 13.14504530253268
ONEWEB-0199             
1 48234U 21031AA  26205.25469895 -.00000050  00000+0 -16891-3 0  9995
2 48234  87.8967 282.3142 0001960 101.4686 258.6664 13.14503029253131
ONEWEB-0203             
1 48235U 21031AB  26205.24518543 -.00000212  00000+0 -60759-3 0  9992
2 48235  87.8964 282.3184 0002159 102.7195 257.4176 13.14502014253144
ONEWEB-0197             
1 48236U 21031AC  26205.21966529  .00000095  00000+0  22073-3 0  9995
2 48236  87.8962 282.3070 0001867  91.6661 268.4683 13.14502945253054
ONEWEB-0194             
1 48237U 21031AD  26205.50364859  .00000203  00000+0  51372-3 0  9991
2 48237  87.8959 282.2739 0002051 104.9874 255.1483 13.14504711253269
ONEWEB-0193             
1 48238U 21031AE  26205.21505536  .00000119  00000+0  28609-3 0  9992
2 48238  87.8963 282.3217 0001968 111.0422 249.0918 13.14502959253178
ONEWEB-0191             
1 48239U 21031AF  26205.45448327  .00000053  00000+0  10739-3 0  9995
2 48239  87.8968 282.2750 0001927  95.8904 264.2445 13.14501036253061
ONEWEB-0195             
1 48240U 21031AG  26205.27928552  .00000215  00000+0  54517-3 0  9992
2 48240  87.8967 282.3102 0002453  97.0555 263.0854 13.14504978253020
ONEWEB-0201             
1 48241U 21031AH  26205.26751423  .00000096  00000+0  22565-3 0  9998
2 48241  87.8959 282.3262 0001916  90.4369 269.6980 13.14503240253250
ONEWEB-0207             
1 48242U 21031AJ  26205.24755312 -.00000185  00000+0 -53359-3 0  9994
2 48242  87.8965 282.3170 0001945  90.8349 269.3004 13.14501604253166
ONEWEB-0208             
1 48243U 21031AK  26205.22932082 -.00000175  00000+0 -50550-3 0  9993
2 48243  87.8962 282.3258 0002365  97.5285 262.6114 13.14503129253174
ONEWEB-0200             
1 48244U 21031AL  26205.57344554  .00000144  00000+0  35301-3 0  9994
2 48244  87.8971 282.2472 0002108  96.2994 263.8376 13.14503019253148
ONEWEB-0217             
1 48245U 21031AM  26205.20870657  .00000230  00000+0  58644-3 0  9994
2 48245  87.8973 282.3239 0002415  97.7897 262.3507 13.14503238253044
ONEWEB-0211             
1 48767U 21045A   26205.44068226  .00000063  00000+0  13318-3 0  9998
2 48767  87.8982 251.6511 0002762  98.4245 261.7199 13.16197712249341
ONEWEB-0223             
1 48768U 21045B   26205.15713296 -.00000091  00000+0 -27598-3 0  9999
2 48768  87.8981 251.8255 0002394 102.0380 258.1019 13.15548329249266
ONEWEB-0230             
1 48769U 21045C   26205.12861360  .00000160  00000+0  39045-3 0  9998
2 48769  87.8978 251.8417 0001870  94.6894 265.4450 13.15549016249520
ONEWEB-0237             
1 48770U 21045D   26205.57384825  .00000873  00000+0  22849-2 0  9999
2 48770  87.8969 251.7551 0002445  91.0334 269.1076 13.15554458249306
ONEWEB-0235             
1 48771U 21045E   26205.16820348 -.00000006  00000+0 -51264-4 0  9995
2 48771  87.8979 251.8242 0002383 104.7327 255.4068 13.15546383249241
ONEWEB-0242             
1 48772U 21045F   26205.46611429 -.00000077  00000+0 -23908-3 0  9998
2 48772  87.8985 251.7627 0002050 101.5510 258.5851 13.15548840249328
ONEWEB-0241             
1 48773U 21045G   26205.52952526 -.00000140  00000+0 -40610-3 0  9992
2 48773  87.8976 251.7645 0002395 100.4297 259.7104 13.15550390249249
ONEWEB-0243             
1 48774U 21045H   26205.56116491 -.00000129  00000+0 -37703-3 0  9996
2 48774  87.8973 251.7706 0002205 112.2556 247.8808 13.15547384249275
ONEWEB-0222             
1 48775U 21045J   26205.54455265 -.00000173  00000+0 -49382-3 0  9995
2 48775  87.8983 251.7447 0002319  99.1120 261.0273 13.15546952249314
ONEWEB-0244             
1 48776U 21045K   26205.57069821  .00000108  00000+0  25365-3 0  9999
2 48776  87.8984 251.7362 0002109 100.0350 260.1019 13.15548563249886
ONEWEB-0247             
1 48777U 21045L   26205.49145878  .00000045  00000+0  84843-4 0  9995
2 48777  87.8970 251.7789 0002398 116.0451 244.0927 13.15546193249318
ONEWEB-0245             
1 48778U 21045M   26205.56275317  .00000104  00000+0  24118-3 0  9990
2 48778  87.8978 251.7475 0002250  96.1332 264.0055 13.15549528249298
ONEWEB-0229             
1 48779U 21045N   26205.55802069  .00000024  00000+0  29208-4 0  9997
2 48779  87.8977 251.7458 0002036 100.1723 259.9637 13.15548048249320
ONEWEB-0228             
1 48780U 21045P   26205.59142117  .00000058  00000+0  11963-3 0  9999
2 48780  87.8988 251.7339 0002122  98.2155 261.9216 13.15549200249242
ONEWEB-0232             
1 48781U 21045Q   26205.56594998  .00000067  00000+0  14351-3 0  9999
2 48781  87.8984 251.7393 0002145  95.1580 264.9795 13.15547626249562
ONEWEB-0231             
1 48782U 21045R   26205.16347509 -.00000159  00000+0 -45719-3 0  9996
2 48782  87.8979 251.8304 0002278 100.0733 260.0654 13.15547615249203
ONEWEB-0234             
1 48783U 21045S   26205.58165619  .00000157  00000+0  38166-3 0  9997
2 48783  87.8988 251.7300 0002527  78.7933 281.3481 13.15547726249396
ONEWEB-0238             
1 48784U 21045T   26205.12556345  .00000906  00000+0  23735-2 0  9995
2 48784  87.8992 251.8177 0003387 102.3614 257.7895 13.15544971249238
ONEWEB-0240             
1 48785U 21045U   26205.52710650  .00000018  00000+0  14760-4 0  9995
2 48785  87.8984 251.7458 0002425  97.1725 262.9681 13.15548964249313
ONEWEB-0246             
1 48786U 21045V   26205.14128910  .00000026  00000+0  35097-4 0  9991
2 48786  87.8988 251.8273 0002026  99.0338 261.1021 13.15548436249135
ONEWEB-0210             
1 48787U 21045W   26205.57228118  .00000153  00000+0  37295-3 0  9992
2 48787  87.8985 251.7385 0002150 120.3330 239.8014 13.15548199249235
ONEWEB-0214             
1 48788U 21045X   26205.58099375  .00000178  00000+0  43772-3 0  9999
2 48788  87.8984 251.7337 0001749 103.8345 256.2981 13.15547660249202
ONEWEB-0221             
1 48789U 21045Y   26205.35995654  .00000056  00000+0  11480-3 0  9996
2 48789  87.8984 251.7858 0002259 101.6614 258.4770 13.15548713249269
ONEWEB-0213             
1 48790U 21045Z   26205.57703285  .00000088  00000+0  19836-3 0  9997
2 48790  87.8983 251.7457 0002188 102.9731 257.1644 13.15548163249355
ONEWEB-0212             
1 48791U 21045AA  26205.55405461  .00000007  00000+0 -14289-4 0  9991
2 48791  87.8976 251.7440 0002065  94.7936 265.3430 13.15547188249348
ONEWEB-0227             
1 48792U 21045AB  26205.55324703 -.00001163  00000+0 -31230-2 0  9999
2 48792  87.8983 251.7448 0002172  97.8642 262.2735 13.15552443249290
ONEWEB-0226             
1 48793U 21045AC  26205.16664125 -.00000089  00000+0 -27005-3 0  9994
2 48793  87.8980 251.8263 0002093 103.3671 256.7692 13.15548228249219
ONEWEB-0224             
1 48794U 21045AD  26205.35836989  .00000084  00000+0  18943-3 0  9999
2 48794  87.8980 251.8205 0002849  88.7816 271.3640 13.15548854249167
ONEWEB-0233             
1 48795U 21045AE  26205.13479782  .00000101  00000+0  23391-3 0  9993
2 48795  87.8976 251.8719 0002289 100.2304 259.9084 13.15547370249158
ONEWEB-0190             
1 48796U 21045AF  26205.57861525  .00000138  00000+0  33207-3 0  9999
2 48796  87.8979 251.7477 0002493 110.6132 249.5266 13.15548573249280
ONEWEB-0236             
1 48797U 21045AG  26205.59604865  .00000082  00000+0  18494-3 0  9993
2 48797  87.8973 251.7512 0002085  92.4119 267.7250 13.15548982249171
ONEWEB-0248             
1 48798U 21045AH  26205.53265612 -.00000085  00000+0 -25961-3 0  9993
2 48798  87.8986 251.7514 0002519 100.8427 259.2987 13.15549297249326
ONEWEB-0225             
1 48799U 21045AJ  26205.55485451 -.00000066  00000+0 -20840-3 0  9991
2 48799  87.8972 251.7532 0002424 107.9096 252.2299 13.15548301249332
ONEWEB-0215             
1 48800U 21045AK  26205.52473088  .00000006  00000+0 -19289-4 0  9993
2 48800  87.8987 251.7439 0002604 106.7218 253.4198 13.15549591249209
ONEWEB-0216             
1 48801U 21045AL  26205.53425357 -.00000111  00000+0 -32830-3 0  9995
2 48801  87.8984 251.7558 0001999  96.6011 263.5347 13.15548162249215
ONEWEB-0239             
1 48802U 21045AM  26205.15872428 -.00000127  00000+0 -37182-3 0  9991
2 48802  87.8975 251.8341 0002840 103.8460 256.2987 13.15547981249208
ONEWEB-0249             
1 48967U 21060A   26205.44339012  .00000062  00000+0  12980-3 0  9994
2 48967  87.9081 221.3772 0002186  92.5959 267.5422 13.16592985244512
ONEWEB-0250             
1 48968U 21060B   26205.51311278 -.00000006  00000+0 -44125-4 0  9994
2 48968  87.9080 218.9977 0002911  77.1374 283.0087 13.25835620245165
ONEWEB-0252             
1 48970U 21060D   26205.55027692 -.00000855  00000+0 -22699-2 0  9997
2 48970  87.9080 221.3486 0001908  99.3116 260.8231 13.16586703244579
ONEWEB-0253             
1 48971U 21060E   26205.46318032 -.00000006  00000+0 -49824-4 0  9998
2 48971  87.9077 221.3706 0002194  90.9185 269.2197 13.16595568244496
ONEWEB-0254             
1 48972U 21060F   26205.47269441  .00000041  00000+0  74483-4 0  9995
2 48972  87.9079 221.3671 0002377  94.9767 265.1636 13.16594572244490
ONEWEB-0255             
1 48973U 21060G   26205.43469711 -.00000089  00000+0 -26769-3 0  9991
2 48973  87.9079 221.3805 0002210  95.3539 264.7844 13.16593576244565
ONEWEB-0256             
1 48974U 21060H   26205.46082245 -.00000008  00000+0 -53666-4 0  9996
2 48974  87.9072 221.3778 0001939  93.3154 266.8199 13.16595109244533
ONEWEB-0257             
1 48975U 21060J   26205.49327738  .00000131  00000+0  30931-3 0  9993
2 48975  87.9077 221.3605 0002057  96.1316 264.0049 13.16594725244493
ONEWEB-0258             
1 48976U 21060K   26205.49484371  .00000095  00000+0  21391-3 0  9990
2 48976  87.9076 221.3722 0002113  92.3808 267.7564 13.16592822244500
ONEWEB-0259             
1 48977U 21060L   26205.48852704  .00000105  00000+0  24169-3 0  9997
2 48977  87.9075 221.3720 0002240  92.1552 267.9835 13.16594435244531
ONEWEB-0260             
1 48978U 21060M   26205.47980364  .00000090  00000+0  20238-3 0  9997
2 48978  87.9069 221.3737 0001716  97.0257 263.1069 13.16592574244513
ONEWEB-0261             
1 48979U 21060N   26205.44974336 -.00000035  00000+0 -12605-3 0  9997
2 48979  87.9075 221.3806 0002210 100.0552 260.0829 13.16594099244560
ONEWEB-0262             
1 48980U 21060P   26205.50594284  .00000113  00000+0  26305-3 0  9993
2 48980  87.9077 221.3568 0002333  91.3758 268.7641 13.16594564244536
ONEWEB-0263             
1 48981U 21060Q   26205.46160970 -.00000020  00000+0 -84989-4 0  9992
2 48981  87.9078 221.3770 0002304  98.6089 261.5303 13.16594339244499
ONEWEB-0264             
1 48982U 21060R   26205.49881411  .00000100  00000+0  22855-3 0  9996
2 48982  87.9073 221.3713 0002013  97.8075 262.3285 13.16592803244509
ONEWEB-0266             
1 48984U 21060T   26205.44417518 -.00000189  00000+0 -52749-3 0  9990
2 48984  87.9079 221.3736 0002082  89.1171 271.0198 13.16594043244484
ONEWEB-0267             
1 48985U 21060U   26205.45527671  .00000025  00000+0  32431-4 0  9998
2 48985  87.9082 221.3689 0002121  97.7754 262.3618 13.16594872244493
ONEWEB-0268             
1 48986U 21060V   26205.49959524  .00000117  00000+0  27210-3 0  9999
2 48986  87.9074 221.3691 0001911  92.3449 267.7901 13.16593968244765
ONEWEB-0269             
1 48987U 21060W   26205.48060933  .00000096  00000+0  21828-3 0  9991
2 48987  87.9067 221.3726 0001868  88.8076 271.3269 13.16594054244534
ONEWEB-0270             
1 48988U 21060X   26205.49801436  .00000119  00000+0  27718-3 0  9994
2 48988  87.9079 221.3718 0002364  96.1232 264.0168 13.16593232244575
ONEWEB-0271             
1 48989U 21060Y   26205.48536032  .00000127  00000+0  29981-3 0  9994
2 48989  87.9075 221.3632 0002207  97.6143 262.5239 13.16594553244579
ONEWEB-0272             
1 48990U 21060Z   26205.43151137  .00000042  00000+0  76986-4 0  9994
2 48990  87.9070 221.3843 0001856  98.8364 261.2977 13.16596421244512
ONEWEB-0273             
1 48991U 21060AA  26205.45367322 -.00000015  00000+0 -73636-4 0  9993
2 48991  87.9074 221.3807 0002177  93.9690 266.1690 13.16594165244498
ONEWEB-0274             
1 48992U 21060AB  26205.47900303  .00000074  00000+0  16054-3 0  9991
2 48992  87.9067 221.3750 0001784  97.7883 262.3450 13.16595907244539
ONEWEB-0275             
1 48993U 21060AC  26205.46791725 -.00000017  00000+0 -77417-4 0  9997
2 48993  87.9078 221.3699 0001266 103.8969 256.2303 13.16588578244460
ONEWEB-0276             
1 48994U 21060AD  26205.50119426  .00000146  00000+0  34711-3 0  9995
2 48994  87.9075 221.3626 0001906  94.2590 265.8759 13.16594300244485
ONEWEB-0277             
1 48995U 21060AE  26205.43785809 -.00000029  00000+0 -10883-3 0  9998
2 48995  87.9071 221.3817 0002162  94.8762 265.2616 13.16595801244467
ONEWEB-0278             
1 48996U 21060AF  26205.50436110  .00000150  00000+0  35748-3 0  9995
2 48996  87.9073 221.3616 0002098  84.6225 275.5145 13.16594493244609
ONEWEB-0279             
1 48997U 21060AG  26205.51227770  .00000017  00000+0  10966-4 0  9995
2 48997  87.9081 221.3578 0002105  99.4824 260.6545 13.16594491244533
ONEWEB-0280             
1 48998U 21060AH  26205.45130548 -.00000030  00000+0 -11178-3 0  9997
2 48998  87.9077 221.3738 0002407  89.6742 270.4665 13.16595807244468
ONEWEB-0281             
1 48999U 21060AJ  26205.45684794 -.00000020  00000+0 -87205-4 0  9999
2 48999  87.9081 221.3687 0001921  92.4037 267.7314 13.16592561244538
ONEWEB-0282             
1 49000U 21060AK  26205.48693349  .00000133  00000+0  31529-3 0  9992
2 49000  87.9073 221.3698 0002175  92.9533 267.1847 13.16595412244514
ONEWEB-0283             
1 49001U 21060AL  26205.47585727  .00000047  00000+0  88557-4 0  9990
2 49001  87.9072 221.3714 0002056  97.1871 262.9494 13.16594187244523
ONEWEB-0284             
1 49002U 21060AM  26205.46952910  .00000020  00000+0  17587-4 0  9998
2 49002  87.9076 221.3667 0002311  86.8530 273.2866 13.16594567244504
ONEWEB-0285             
1 49075U 21075A   26205.41647362 -.00000366  00000+0 -10515-2 0  9998
2 49075  87.8978 343.2621 0001725  93.4827 266.6498 13.12446425240091
ONEWEB-0286             
1 49076U 21075B   26205.62727085 -.00000158  00000+0 -47322-3 0  9999
2 49076  87.8980 343.2345 0001774  92.9766 267.1565 13.12441168239478
ONEWEB-0287             
1 49077U 21075C   26205.45131455  .00000040  00000+0  71120-4 0  9993
2 49077  87.9153 358.4534 0001649  80.4663 279.6655 13.17649001238534
ONEWEB-0288             
1 49078U 21075D   26205.37498236  .00000505  00000+0  13687-2 0  9996
2 49078  87.8989 343.2651 0001817  89.6614 270.4723 13.12442608240062
ONEWEB-0289             
1 49079U 21075E   26205.49012076  .00000005  00000+0 -19139-4 0  9990
2 49079  87.9163 358.4656 0002146  90.4126 269.7251 13.17648206239113
ONEWEB-0290             
1 49080U 21075F   26205.46312439  .00000018  00000+0  12710-4 0  9996
2 49080  87.9162 358.4427 0002358  93.1163 267.0238 13.17647886238529
ONEWEB-0291             
1 49081U 21075G   26205.44795169  .00000038  00000+0  63962-4 0  9997
2 49081  87.9155 358.4510 0001965  83.8290 276.3065 13.17650409238510
ONEWEB-0293             
1 49082U 21075H   26205.47324766  .00000042  00000+0  73768-4 0  9992
2 49082  87.9157 358.4490 0001996  92.2016 267.9344 13.17647858238547
ONEWEB-0294             
1 49083U 21075J   26205.45799271  .00000297  00000+0  79147-3 0  9996
2 49083  87.8983 343.2512 0002270  96.5555 263.5832 13.12442096239460
ONEWEB-0295             
1 49084U 21075K   26205.47239728  .00000059  00000+0  11817-3 0  9991
2 49084  87.9157 358.4527 0001814  84.5501 275.5838 13.17650552238506
ONEWEB-0296             
1 49085U 21075L   26205.43766170  .00000196  00000+0  51015-3 0  9990
2 49085  87.8977 343.2637 0001885  86.9608 273.1736 13.12444101239465
ONEWEB-0297             
1 49086U 21075M   26205.62062673  .00000127  00000+0  31737-3 0  9992
2 49086  87.8976 343.2339 0001819  94.2113 265.9223 13.12442239240095
ONEWEB-0298             
1 49087U 21075N   26205.47677709  .00000079  00000+0  17065-3 0  9992
2 49087  87.9158 358.4515 0001907  98.2806 261.8541 13.17650425238531
ONEWEB-0299             
1 49088U 21075P   26205.47831876  .00000028  00000+0  39205-4 0  9995
2 49088  87.9161 358.4339 0001755  89.7131 270.4202 13.17647839238510
ONEWEB-0300             
1 49089U 21075Q   26205.38429641  .00000298  00000+0  79404-3 0  9992
2 49089  87.8982 343.2638 0001830 110.1027 250.0299 13.12442206240083
ONEWEB-0301             
1 49090U 21075R   26205.36819821  .00000462  00000+0  12497-2 0  9996
2 49090  87.8980 343.2648 0001636 106.5937 253.5371 13.12443771239442
ONEWEB-0302             
1 49091U 21075S   26205.43090195  .00000039  00000+0  74437-4 0  9994
2 49091  87.8976 343.2644 0002154  91.9152 268.2223 13.12445367239437
ONEWEB-0304             
1 49092U 21075T   26205.45300977 -.00000043  00000+0 -14267-3 0  9990
2 49092  87.9154 358.4575 0001780  88.4150 271.7186 13.17647654238480
ONEWEB-0305             
1 49093U 21075U   26205.44625742  .00000120  00000+0  27637-3 0  9999
2 49093  87.9165 358.4463 0001720  81.5936 278.5390 13.17648573238516
ONEWEB-0308             
1 49094U 21075V   26205.42410167 -.00000191  00000+0 -56686-3 0  9997
2 49094  87.8984 343.2584 0001868  98.1836 261.9505 13.12444196239444
ONEWEB-0309             
1 49095U 21075W   26205.44962254  .00000034  00000+0  53754-4 0  9997
2 49095  87.9159 358.4512 0002239  88.7164 271.4224 13.17648065238484
ONEWEB-0310             
1 49096U 21075X   26205.36311073  .00000359  00000+0  96117-3 0  9995
2 49096  87.8984 343.2889 0001861  96.4490 263.6851 13.12445281240063
ONEWEB-0311             
1 49097U 21075Y   26205.45638080 -.00000236  00000+0 -64180-3 0  9997
2 49097  87.9170 358.4501 0001350  92.5754 267.5532 13.17647605238531
ONEWEB-0312             
1 49098U 21075Z   26205.47157078  .00000010  00000+0 -66338-5 0  9991
2 49098  87.9155 358.4569 0001883  84.8065 275.3281 13.17648792238513
ONEWEB-0313             
1 49099U 21075AA  26205.47648526  .00000051  00000+0  97175-4 0  9991
2 49099  87.9155 358.4612 0001796  91.8170 268.3167 13.17648147238509
ONEWEB-0314             
1 49100U 21075AB  26205.44287021 -.00000010  00000+0 -58274-4 0  9994
2 49100  87.9171 358.4447 0001914  84.0727 276.0622 13.17648197238473
ONEWEB-0315             
1 49101U 21075AC  26205.41224215 -.00000375  00000+0 -10787-2 0  9997
2 49101  87.8980 343.2460 0001480  91.6055 268.5243 13.12442995240059
ONEWEB-0316             
1 49102U 21075AD  26205.64193951 -.00000071  00000+0 -21170-3 0  9997
2 49102  87.9205 328.0097 0001983  99.4593 260.6763 13.18686555242149
ONEWEB-0317             
1 49103U 21075AE  26205.33939425 -.00000392  00000+0 -11258-2 0  9999
2 49103  87.8971 343.2828 0002557 101.1085 259.0331 13.12443390240069
ONEWEB-0318             
1 49104U 21075AF  26205.33492126  .00000033  00000+0  50243-4 0  9991
2 49104  87.9206 328.0730 0001760  96.0441 264.0892 13.18687354242064
ONEWEB-0319             
1 49105U 21075AG  26205.45806777  .00000071  00000+0  14881-3 0  9995
2 49105  87.9157 358.4549 0001360  87.0212 273.1075 13.17648437238514
ONEWEB-0323             
1 49106U 21075AH  26205.39699748 -.00000125  00000+0 -38329-3 0  9992
2 49106  87.8983 343.2543 0001489  85.4053 274.7245 13.12442274239438
ONEWEB-0329             
1 49107U 21075AJ  26205.46649711 -.00000017  00000+0 -76416-4 0  9996
2 49107  87.9157 358.4534 0001821  89.4242 270.7099 13.17647718238498
ONEWEB-0330             
1 49108U 21075AK  26205.47001391 -.00000228  00000+0 -62092-3 0  9992
2 49108  87.9174 358.4664 0001739  84.8580 275.2750 13.17646753238531
ONEWEB-0292             
1 49186U 21083A   26205.56875006 -.00000138  00000+0 -41336-3 0  9997
2 49186  87.8980 312.7999 0001796  99.2864 260.8468 13.13470999235832
ONEWEB-0303             
1 49187U 21083B   26205.33155512  .00000036  00000+0  57336-4 0  9999
2 49187  87.9206 328.0720 0001776  96.8919 263.2416 13.18684720234876
ONEWEB-0306             
1 49188U 21083C   26205.62494940 -.00000019  00000+0 -80649-4 0  9999
2 49188  87.9206 328.0030 0002171  99.5676 260.5701 13.18685574234955
ONEWEB-0307             
1 49189U 21083D   26205.56282741 -.00000296  00000+0 -84579-3 0  9999
2 49189  87.8980 312.7988 0001878  97.1516 262.9827 13.13469208235838
ONEWEB-0320             
1 49190U 21083E   26205.56929264 -.00000037  00000+0 -12639-3 0  9990
2 49190  87.9197 328.0282 0001975 100.1619 259.9736 13.18684729234909
ONEWEB-0321             
1 49191U 21083F   26205.17035586  .00000017  00000+0  96816-5 0  9990
2 49191  87.9178 267.0648 0002186 102.2195 257.9184 13.20771263241719
ONEWEB-0322             
1 49192U 21083G   26205.55859692 -.00000332  00000+0 -94541-3 0  9998
2 49192  87.8980 312.7995 0002213 110.1960 249.9408 13.13470833235828
ONEWEB-0324             
1 49193U 21083H   26205.39056834 -.00000005  00000+0 -45501-4 0  9998
2 49193  87.9206 328.0554 0002091  95.8224 264.3146 13.18686986234909
ONEWEB-0325             
1 49194U 21083J   26205.39392697  .00000003  00000+0 -24012-4 0  9990
2 49194  87.9196 328.0589 0001710  98.2079 261.9247 13.18687543234914
ONEWEB-0326             
1 49195U 21083K   26205.40926412  .00000306  00000+0  74314-3 0  9995
2 49195  87.9201 328.0573 0001935  84.7220 275.4133 13.18688716234908
ONEWEB-0327             
1 49196U 21083L   26205.40898684 -.00000026  00000+0 -98051-4 0  9991
2 49196  87.9197 328.0583 0001520 102.7351 257.3951 13.18686284234927
ONEWEB-0328             
1 49197U 21083M   26205.31990980 -.00000249  00000+0 -71588-3 0  9996
2 49197  87.8992 312.8236 0002024  96.5155 263.6204 13.13470001235776
ONEWEB-0331             
1 49198U 21083N   26205.40237491 -.00000031  00000+0 -11164-3 0  9991
2 49198  87.9208 328.0525 0001658  94.7888 265.3433 13.18685931234916
ONEWEB-0333             
1 49199U 21083P   26205.31483173 -.00000108  00000+0 -33034-3 0  9997
2 49199  87.8981 312.8473 0001923 101.4091 258.7255 13.13469967235782
ONEWEB-0334             
1 49200U 21083Q   26205.18466763  .00000095  00000+0  20202-3 0  9997
2 49200  87.9177 267.0720 0002664 109.6111 250.5310 13.20769982241670
ONEWEB-0335             
1 49201U 21083R   26205.53829201  .00000007  00000+0 -15763-4 0  9998
2 49201  87.8984 312.8006 0001802  97.3652 262.7682 13.13468521235822
ONEWEB-0336             
1 49202U 21083S   26205.58569001  .00000240  00000+0  62270-3 0  9995
2 49202  87.8982 312.7859 0001720  93.1498 266.9828 13.13469947235828
ONEWEB-0337             
1 49203U 21083T   26205.59571933  .00000374  00000+0  98785-3 0  9992
2 49203  87.8982 312.7896 0001975  94.3672 265.7683 13.13469907235821
ONEWEB-0338             
1 49204U 21083U   26205.46496130 -.00000020  00000+0 -80054-4 0  9995
2 49204  87.9174 267.0177 0002217 105.0935 255.0443 13.20770829241731
ONEWEB-0339             
1 49205U 21083V   26205.29960185  .00000288  00000+0  75249-3 0  9996
2 49205  87.8982 312.8421 0002197 103.5583 256.5791 13.13470101235768
ONEWEB-0340             
1 49206U 21083W   26205.61651337  .00000015  00000+0  44361-5 0  9990
2 49206  87.9203 328.0158 0001874  95.9297 264.2049 13.18685085234900
ONEWEB-0341             
1 49207U 21083X   26205.31974649  .00000019  00000+0  16677-4 0  9994
2 49207  87.9192 328.0747 0002368  92.0747 268.0657 13.18684879234883
ONEWEB-0342             
1 49208U 21083Y   26205.47168222 -.00000019  00000+0 -78429-4 0  9999
2 49208  87.9177 267.0069 0002146  98.9598 261.1778 13.20769823241702
ONEWEB-0343             
1 49209U 21083Z   26205.32817719 -.00000022  00000+0 -89021-4 0  9990
2 49209  87.9203 328.0728 0002284 102.4813 257.6575 13.18684717234934
ONEWEB-0344             
1 49210U 21083AA  26205.59922432  .00000332  00000+0  87478-3 0  9995
2 49210  87.8983 312.7950 0002143  89.3845 270.7529 13.13469292235805
ONEWEB-0345             
1 49211U 21083AB  26205.28605607  .00000347  00000+0  91435-3 0  9998
2 49211  87.8990 312.8430 0002145  92.8997 267.2378 13.13470339235770
ONEWEB-0346             
1 49212U 21083AC  26205.62831179 -.00000065  00000+0 -19662-3 0  9993
2 49212  87.9196 328.0119 0001334  89.0735 271.0550 13.18684445234910
ONEWEB-0348             
1 49213U 21083AD  26205.46159152 -.00000036  00000+0 -12129-3 0  9999
2 49213  87.9179 267.0133 0001859  81.7318 278.4026 13.20772754241739
ONEWEB-0350             
1 49214U 21083AE  26205.30480311  .00000129  00000+0  31929-3 0  9997
2 49214  87.8986 312.8435 0002053 130.5545 229.5763 13.13468293235809
ONEWEB-0351             
1 49215U 21083AF  26205.60624184  .00000011  00000+0 -59158-5 0  9996
2 49215  87.9178 266.9834 0002707  96.7959 263.3483 13.20770740241717
ONEWEB-0352             
1 49216U 21083AG  26205.58061060  .00000112  00000+0  27129-3 0  9994
2 49216  87.8978 312.7926 0002383 103.0459 257.0936 13.13470177235937
ONEWEB-0354             
1 49217U 21083AH  26205.17877272  .00000077  00000+0  15785-3 0  9995
2 49217  87.9178 267.0674 0002022  85.6596 274.4768 13.20771503241691
ONEWEB-0355             
1 49218U 21083AJ  26205.53404186  .00000115  00000+0  28019-3 0  9993
2 49218  87.8988 312.8028 0002216  98.0116 262.1264 13.13468008235809
ONEWEB-0357             
1 49219U 21083AK  26205.17541311  .00000036  00000+0  57021-4 0  9994
2 49219  87.9181 267.0624 0002250  93.3371 266.8019 13.20774206241699
ONEWEB-0332             
1 49279U 21090A   26205.21187703  .00000275  00000+0  70666-3 0  9998
2 49279  87.8964 282.3324 0002091 104.8119 255.3242 13.14503294232445
ONEWEB-0347             
1 49280U 21090B   26205.46833127  .00000119  00000+0  25982-3 0  9993
2 49280  87.9175 267.0112 0002536 108.3449 251.7960 13.20770515235962
ONEWEB-0349             
1 49281U 21090C   26205.19728497  .00000078  00000+0  15893-3 0  9991
2 49281  87.9174 267.0659 0002104  97.2220 262.9153 13.20771414234711
ONEWEB-0353             
1 49282U 21090D   26205.28007335  .00000182  00000+0  45571-3 0  9995
2 49282  87.8962 282.3150 0002098 106.6162 253.5198 13.14502969232458
ONEWEB-0356             
1 49283U 21090E   26205.19560662  .00000029  00000+0  39074-4 0  9995
2 49283  87.9174 267.0594 0001286 106.4218 253.7056 13.20771745234718
ONEWEB-0358             
1 49284U 21090F   26205.45906098  .00000039  00000+0  64295-4 0  9996
2 49284  87.9176 267.0149 0001914  95.3927 264.7425 13.20771234235477
ONEWEB-0359             
1 49285U 21090G   26205.60132421  .00000035  00000+0  53851-4 0  9997
2 49285  87.9176 266.9789 0001999  89.9605 270.1757 13.20770237235472
ONEWEB-0360             
1 49286U 21090H   26205.59123462  .00000040  00000+0  67564-4 0  9993
2 49286  87.9174 266.9869 0002151  95.1668 264.9711 13.20771776234782
ONEWEB-0361             
1 49287U 21090J   26205.57269999  .00000042  00000+0  71399-4 0  9991
2 49287  87.9174 266.9892 0001956  94.7141 265.4216 13.20770789235232
ONEWEB-0362             
1 49288U 21090K   26205.55489539 -.00000098  00000+0 -27756-3 0  9994
2 49288  87.9184 297.5377 0002274  98.1942 261.9448 13.19723443231847
ONEWEB-0363             
1 49289U 21090L   26205.58785252  .00000063  00000+0  12412-3 0  9992
2 49289  87.9174 266.9862 0001731  98.0595 262.0735 13.20772471235242
ONEWEB-0364             
1 49290U 21090M   26205.17203610 -.00000033  00000+0 -11224-3 0  9991
2 49290  87.9177 267.0770 0002129  97.4505 262.6870 13.20771526236329
ONEWEB-0365             
1 49291U 21090N   26205.26111021 -.00000011  00000+0 -59843-4 0  9992
2 49291  87.9189 297.5871 0002133 101.5474 258.5899 13.19726934231310
ONEWEB-0366             
1 49292U 21090P   26205.50526288  .00000162  00000+0  40369-3 0  9992
2 49292  87.8965 282.2717 0002055  98.6187 261.5176 13.14502676232461
ONEWEB-0367             
1 49293U 21090Q   26205.58699874 -.00000174  00000+0 -45870-3 0  9990
2 49293  87.9170 266.9874 0002149  97.3792 262.7585 13.20772221234760
ONEWEB-0368             
1 49294U 21090R   26205.18214434  .00000031  00000+0  45194-4 0  9992
2 49294  87.9169 267.0752 0001926 117.4496 242.6834 13.20772053235862
ONEWEB-0369             
1 49295U 21090S   26205.48382102 -.00000013  00000+0 -65939-4 0  9995
2 49295  87.9183 297.5477 0002040 102.7997 257.3363 13.19726952231335
ONEWEB-0370             
1 49296U 21090T   26205.59626981  .00000160  00000+0  36117-3 0  9990
2 49296  87.9175 266.9853 0002192  90.7909 269.3475 13.20772779234804
ONEWEB-0371             
1 49297U 21090U   26205.49172626 -.00000007  00000+0 -50955-4 0  9991
2 49297  87.9191 297.5412 0002101 100.3090 259.8280 13.19725475231379
ONEWEB-0372             
1 49298U 21090V   26205.20725363  .00000038  00000+0  60520-4 0  9994
2 49298  87.9175 267.0648 0002090  97.9242 262.2129 13.20769934234724
ONEWEB-0373             
1 49299U 21090W   26205.61141823  .00000018  00000+0  12948-4 0  9992
2 49299  87.9173 266.9839 0002022  95.0271 265.1093 13.20770054235963
ONEWEB-0374             
1 49300U 21090X   26205.49255774 -.00000027  00000+0 -10697-3 0  9992
2 49300  87.8965 282.2662 0001435  96.4915 263.6378 13.14503517232468
ONEWEB-0375             
1 49301U 21090Y   26205.59963536  .00000012  00000+0 -15212-5 0  9999
2 49301  87.9174 266.9785 0001522  91.2962 268.8345 13.20770485235460
ONEWEB-0376             
1 49302U 21090Z   26205.49014167  .00000062  00000+0  12265-3 0  9993
2 49302  87.9192 297.5412 0002223 104.4612 255.6768 13.19724591231370
ONEWEB-0377             
1 49303U 21090AA  26205.43478658  .00000012  00000+0 -22848-5 0  9993
2 49303  87.9175 267.0132 0001756  96.8639 263.2694 13.20769863235433
ONEWEB-0378             
1 49304U 21090AB  26205.60651591  .00000060  00000+0  11589-3 0  9992
2 49304  87.9169 266.9822 0001907  98.7909 261.3440 13.20772339234721
ONEWEB-0379             
1 49305U 21090AC  26205.25945633 -.00000029  00000+0 -11206-3 0  9990
2 49305  87.8958 282.3222 0001905  99.8620 260.2725 13.14503117232432
ONEWEB-0380             
1 49306U 21090AD  26205.25952993 -.00000032  00000+0 -11330-3 0  9990
2 49306  87.9182 297.5896 0001930  93.7016 266.4337 13.19727562231318
ONEWEB-0381             
1 49307U 21090AE  26205.58279905  .00000098  00000+0  20887-3 0  9999
2 49307  87.9177 266.9891 0001795  96.0370 264.0968 13.20769738234765
ONEWEB-0382             
1 49308U 21090AF  26205.19055565  .00000054  00000+0  99965-4 0  9997
2 49308  87.9177 267.0605 0001765  98.8097 261.3236 13.20772730234702
ONEWEB-0383             
1 49309U 21090AG  26205.48146232 -.00000173  00000+0 -50160-3 0  9999
2 49309  87.8961 282.2703 0001909 102.4632 257.6711 13.14503443232494
ONEWEB-0384             
1 49310U 21090AH  26205.25377363 -.00000011  00000+0 -58559-4 0  9999
2 49310  87.9180 267.0922 0001627 105.1665 254.9649 13.20814636234721
ONEWEB-0385             
1 49311U 21090AJ  26205.41108764  .00000098  00000+0  20882-3 0  9995
2 49311  87.9176 267.0222 0001873  97.4035 262.7312 13.20771770234711
ONEWEB-0386             
1 49312U 21090AK  26205.42791632  .00000119  00000+0  25984-3 0  9991
2 49312  87.9173 267.0108 0001897 100.2327 259.9020 13.20770125234734
ONEWEB-0387             
1 49313U 21090AL  26205.18550041  .00000114  00000+0  24824-3 0  9999
2 49313  87.9170 267.0770 0001902  88.9290 271.2062 13.20771158234702
ONEWEB-0388             
1 49314U 21090AM  26205.48225064 -.00000050  00000+0 -15783-3 0  9992
2 49314  87.9186 297.5439 0001904 101.3517 258.7829 13.19724650231334
ONEWEB-0389             
1 50469U 21132A   26205.48337061  .00000035  00000+0  56140-4 0  9997
2 50469  87.9154 358.4496 0001571  86.5676 273.5635 13.17647479222995
ONEWEB-0390             
1 50470U 21132B   26205.40912189  .00000085  00000+0  18506-3 0  9999
2 50470  87.9153 358.4653 0002022  90.0127 270.1236 13.17647940222986
ONEWEB-0391             
1 50471U 21132C   26205.41080855  .00000064  00000+0  13166-3 0  9991
2 50471  87.9156 358.4751 0001680  67.8249 292.3061 13.17647783222982
ONEWEB-0392             
1 50472U 21132D   26205.44118555  .00000017  00000+0  10711-4 0  9996
2 50472  87.9167 358.4404 0001591  85.2453 274.8861 13.17648463223027
ONEWEB-0393             
1 50473U 21132E   26205.49266986  .00000000  00000+0 -32550-4 0  9992
2 50473  87.9156 358.4436 0001679  92.8406 267.2918 13.17647607223028
ONEWEB-0394             
1 50474U 21132F   26205.58110611 -.00000004  00000+0 -42012-4 0  9995
2 50474  87.9209 328.0093 0001791 100.7938 259.3396 13.18685960226529
ONEWEB-0395             
1 50475U 21132G   26205.47615344  .00000059  00000+0  13109-3 0  9999
2 50475  87.8890  13.6413 0001883  85.0722 275.0621 13.11416211220609
ONEWEB-0396             
1 50476U 21132H   26205.42260778 -.00000011  00000+0 -61611-4 0  9994
2 50476  87.9206 328.0533 0001750  99.6714 260.4616 13.18686933226541
ONEWEB-0397             
1 50477U 21132J   26205.58953010  .00000028  00000+0  39467-4 0  9990
2 50477  87.9206 328.0205 0001655 102.7022 257.4295 13.18687146226546
ONEWEB-0398             
1 50478U 21132K   26205.44395354  .00000277  00000+0  74555-3 0  9999
2 50478  87.8901  13.6412 0002059  86.5431 273.5932 13.11419201220490
ONEWEB-0399             
1 50479U 21132L   26205.50668107 -.00000331  00000+0 -96864-3 0  9996
2 50479  87.8892  13.6401 0001356  85.9162 274.2121 13.11418554220499
ONEWEB-0400             
1 50480U 21132M   26205.33998622  .00000076  00000+0  15906-3 0  9999
2 50480  87.9205 328.0597 0002018  95.7915 264.3447 13.18686291226501
ONEWEB-0401             
1 50481U 21132N   26205.61314280  .00000043  00000+0  76094-4 0  9993
2 50481  87.9209 328.0031 0001859 107.1215 253.0121 13.18687092226540
ONEWEB-0402             
1 50482U 21132P   26205.42429175 -.00000060  00000+0 -18538-3 0  9992
2 50482  87.9206 328.0291 0001834 113.5852 246.5473 13.18684840226542
ONEWEB-0403             
1 50483U 21132Q   26205.60133962  .00000019  00000+0  16024-4 0  9990
2 50483  87.9207 328.0190 0001838  96.8936 263.2405 13.18686620226529
ONEWEB-0404             
1 50484U 21132R   26205.48802539 -.00000342  00000+0 -10018-2 0  9996
2 50484  87.8896  13.6405 0001628  82.0732 278.0581 13.11415930220583
ONEWEB-0405             
1 50485U 21132S   26205.38720417 -.00000026  00000+0 -99281-4 0  9990
2 50485  87.9209 328.0463 0002354  93.8998 266.2404 13.18685191226899
ONEWEB-0406             
1 50486U 21132T   26205.60639022  .00000057  00000+0  11191-3 0  9992
2 50486  87.9205 328.0175 0001599  87.4231 272.7084 13.18686915226559
ONEWEB-0407             
1 50487U 21132U   26205.37201844 -.00000060  00000+0 -18451-3 0  9996
2 50487  87.9202 328.0566 0002016 102.6837 257.4521 13.18684179226464
ONEWEB-0409             
1 50488U 21132V   26205.48633274 -.00000396  00000+0 -11523-2 0  9999
2 50488  87.8901  13.6304 0001723  82.4480 277.6844 13.11415672220470
ONEWEB-0412             
1 50489U 21132W   26205.36021636  .00000027  00000+0  35346-4 0  9990
2 50489  87.9200 328.0668 0001789 108.9300 251.2026 13.18687162226554
ONEWEB-0413             
1 50490U 21132X   26205.36527687  .00000061  00000+0  12198-3 0  9996
2 50490  87.9197 328.0613 0001970 107.5770 252.5578 13.18685257226491
ONEWEB-0414             
1 50491U 21132Y   26205.57772419  .00000101  00000+0  22399-3 0  9994
2 50491  87.9209 328.0053 0001788 102.3464 257.7869 13.18688419226554
ONEWEB-0417             
1 50492U 21132Z   26205.35853350 -.00000032  00000+0 -11347-3 0  9991
2 50492  87.9197 328.0651 0001773  93.1821 266.9514 13.18685152226508
ONEWEB-0418             
1 50493U 21132AA  26205.59614061  .00000005  00000+0 -19268-4 0  9992
2 50493  87.9204 328.0197 0001758  92.0752 268.0581 13.18686325226596
ONEWEB-0419             
1 50494U 21132AB  26205.38767578  .00000031  00000+0  45608-4 0  9997
2 50494  87.9213 328.0629 0001995  91.7063 268.4298 13.18666100226487
ONEWEB-0420             
1 50495U 21132AC  26205.35178687  .00000057  00000+0  11072-3 0  9997
2 50495  87.9200 328.0690 0002070 102.3328 257.8036 13.18685267226476
ONEWEB-0421             
1 50496U 21132AD  26205.34505501  .00000048  00000+0  89646-4 0  9999
2 50496  87.9203 328.0687 0001589 107.7586 252.3719 13.18687067226518
ONEWEB-0424             
1 50497U 21132AE  26205.38213846  .00000015  00000+0  42369-5 0  9998
2 50497  87.9197 328.0605 0002120  90.6491 269.4884 13.18686810226548
ONEWEB-0426             
1 50498U 21132AF  26205.56846394 -.00000367  00000+0 -96472-3 0  9993
2 50498  87.9207 328.0152 0001230  90.3522 269.7752 13.18678157226510
ONEWEB-0427             
1 50499U 21132AG  26205.38045341  .00000070  00000+0  14563-3 0  9997
2 50499  87.9213 328.0427 0001866  96.2922 263.8422 13.18686733226515
ONEWEB-0429             
1 50500U 21132AH  26205.59458899  .00000074  00000+0  15507-3 0  9992
2 50500  87.9201 328.0211 0002018 102.1725 257.9633 13.18685433226518
ONEWEB-0430             
1 50501U 21132AJ  26205.35515324  .00000024  00000+0  28881-4 0  9999
2 50501  87.9196 328.0667 0002187 103.0503 257.0873 13.18684912226527
ONEWEB-0432             
1 50502U 21132AK  26205.64167270 -.00000025  00000+0 -96506-4 0  9997
2 50502  87.9207 327.9973 0002307  94.2478 265.8918 13.18686743226515
ONEWEB-0440             
1 50503U 21132AL  26205.37539539 -.00000023  00000+0 -92145-4 0  9992
2 50503  87.9207 328.0617 0001855 109.2723 250.8610 13.18684623226473
ONEWEB-0450             
1 50504U 21132AM  26205.59641131  .00000037  00000+0  59971-4 0  9992
2 50504  87.9196 328.0190 0002082 103.0327 257.1038 13.18687356226539
ONEWEB-0410             
1 51622U 22012A   26205.50193392  .00000057  00000+0  11319-3 0  9999
2 51622  87.9168 358.4386 0001119  49.6383 310.4846 13.17648235218613
ONEWEB-0411             
1 51623U 22012B   26205.50486940  .00000645  00000+0  18123-2 0  9996
2 51623  87.8827  28.8312 0002363  92.7373 267.4025 13.10374343214178
ONEWEB-0415             
1 51624U 22012C   26205.50148533  .00000691  00000+0  19438-2 0  9991
2 51624  87.8822  28.8293 0002116  85.7475 274.3894 13.10372712214172
ONEWEB-0416             
1 51625U 22012D   26205.51335184  .00000383  00000+0  10616-2 0  9990
2 51625  87.8812  28.8434 0002103  82.0511 278.0855 13.10372284214213
ONEWEB-0422             
1 51626U 22012E   26205.43612489  .00000066  00000+0  13592-3 0  9993
2 51626  87.9165 358.4517 0002077 111.1626 248.9728 13.17648441218713
ONEWEB-0423             
1 51627U 22012F   26205.42937695  .00000046  00000+0  84299-4 0  9993
2 51627  87.9163 358.4568 0001641  91.5993 268.5326 13.17649035218602
ONEWEB-0425             
1 51628U 22012G   26205.44717991 -.00002690  00000+0 -77444-2 0  9992
2 51628  87.8795  28.8421 0001758  83.3072 276.8255 13.10386508214206
ONEWEB-0428             
1 51629U 22012H   26205.50316683  .00000644  00000+0  18083-2 0  9992
2 51629  87.8817  28.8361 0001801  92.0422 268.0912 13.10374861214178
ONEWEB-0431             
1 51630U 22012J   26205.47247255 -.00000438  00000+0 -12911-2 0  9995
2 51630  87.8826  28.8356 0002421  91.9986 268.1418 13.10375327214222
ONEWEB-0434             
1 51631U 22012K   26205.45072001 -.00000482  00000+0 -14181-2 0  9999
2 51631  87.8818  28.8663 0001320  75.5739 284.5535 13.10375554214208
ONEWEB-0435             
1 51632U 22012L   26205.45733841 -.00000598  00000+0 -17504-2 0  9996
2 51632  87.8817  28.8482 0001980  98.0763 262.0589 13.10371068214190
ONEWEB-0436             
1 51633U 22012M   26205.49687749  .00000105  00000+0  23839-3 0  9997
2 51633  87.9164 358.4271 0001993 100.1018 260.0339 13.17648671218590
ONEWEB-0438             
1 51634U 22012N   26205.44207895 -.00000058  00000+0 -20234-3 0  9998
2 51634  87.8812  28.8555 0001703  83.2399 276.8922 13.10369382214226
ONEWEB-0439             
1 51635U 22012P   26205.44548881 -.00000733  00000+0 -21376-2 0  9999
2 51635  87.8805  28.8432 0001739  87.6368 272.4959 13.10363377214204
ONEWEB-0442             
1 51636U 22012Q   26205.48927168 -.00000003  00000+0 -40617-4 0  9994
2 51636  87.9155 358.4579 0001408  79.4483 280.6807 13.17650731218586
ONEWEB-0443             
1 51637U 22012R   26205.43275154  .00000071  00000+0  14891-3 0  9998
2 51637  87.9156 358.4707 0001571 102.4594 257.6714 13.17648066218626
ONEWEB-0444             
1 51638U 22012S   26205.43530078  .00000376  00000+0  10409-2 0  9996
2 51638  87.8818  28.8425 0001712  95.9159 264.2164 13.10370383214217
ONEWEB-0445             
1 51639U 22012T   26205.45563725 -.00000570  00000+0 -16695-2 0  9995
2 51639  87.8823  28.8294 0001889  86.1479 273.9865 13.10370839214222
ONEWEB-0446             
1 51640U 22012U   26205.43360395  .00000484  00000+0  13495-2 0  9990
2 51640  87.8816  28.8600 0002035  82.8608 277.2751 13.10370227214208
ONEWEB-0448             
1 51641U 22012V   26205.43868952  .00000263  00000+0  71702-3 0  9994
2 51641  87.8813  28.8543 0001808  91.0417 269.0917 13.10369841214178
ONEWEB-0449             
1 51642U 22012W   26205.44377493 -.00000021  00000+0 -96606-4 0  9996
2 51642  87.8822  28.8408 0001601  68.6348 291.4950 13.10369665214184
ONEWEB-0451             
1 51643U 22012X   26205.49349435 -.00000012  00000+0 -64127-4 0  9990
2 51643  87.9166 358.4258 0001648  91.7068 268.4252 13.17647069218579
ONEWEB-0452             
1 51644U 22012Y   26205.41588080  .00000044  00000+0  80363-4 0  9997
2 51644  87.9158 358.4752 0001476  97.7811 262.3488 13.17647837218578
ONEWEB-0456             
1 51646U 22012AA  26205.52860274 -.00000391  00000+0 -11571-2 0  9999
2 51646  87.8830  28.8142 0001825  94.0166 266.1170 13.10370142214232
ONEWEB-0457             
1 51647U 22012AB  26205.50643489  .00000580  00000+0  16247-2 0  9998
2 51647  87.8819  28.8332 0001948  77.3868 282.7477 13.10371456214233
ONEWEB-0458             
1 51648U 22012AC  26205.45140671 -.00000434  00000+0 -12782-2 0  9998
2 51648  87.8818  28.8329 0001596  91.4004 268.7306 13.10369967214180
ONEWEB-0461             
1 51649U 22012AD  26205.51375033 -.00000028  00000+0 -10499-3 0  9991
2 51649  87.9166 358.4358 0001873  90.0009 270.1337 13.17648106218806
ONEWEB-0463             
1 51650U 22012AE  26205.49518619 -.00000002  00000+0 -38944-4 0  9997
2 51650  87.9158 358.4582 0001874  91.2356 268.8990 13.17647354218585
ONEWEB-0464             
1 51651U 22012AF  26205.52522588 -.00000256  00000+0 -76888-3 0  9991
2 51651  87.8812  28.8380 0001710 102.0923 258.0397 13.10370689214211
ONEWEB-0468             
1 51652U 22012AG  26205.45394392 -.00000465  00000+0 -13677-2 0  9992
2 51652  87.8814  28.8459 0001763  97.4084 262.7244 13.10370446214184
ONEWEB-0473             
1 51653U 22012AH  26205.44038945  .00000198  00000+0  53169-3 0  9993
2 51653  87.8813  28.8499 0001912  94.6451 265.4895 13.10371560214181
ONEWEB-0474             
1 51654U 22012AJ  26205.50826837  .00000558  00000+0  15611-2 0  9995
2 51654  87.8825  28.8247 0001653  97.0385 263.0931 13.10371073214185
ONEWEB-0475             
1 51655U 22012AK  26205.43106748  .00000123  00000+0  28255-3 0  9997
2 51655  87.9156 358.4646 0001713 116.6677 243.4631 13.17649723218593
ONEWEB-0490             
1 54113U 22138A   26205.28481199  .00000044  00000+0  78745-4 0  9999
2 54113  87.9189 297.5826 0002163 103.8952 256.2421 13.19724800181723
ONEWEB-0492             
1 54114U 22138B   26205.53752933  .00000084  00000+0  17869-3 0  9998
2 54114  87.9180 297.5312 0002311 100.6114 259.5279 13.19724779181761
ONEWEB-0495             
1 54115U 22138C   26205.59123100  .00000024  00000+0  28808-4 0  9993
2 54115  87.9182 297.5232 0002463 113.1177 247.0215 13.19726804181753
ONEWEB-0497             
1 54116U 22138D   26205.30060140  .00000000  00000+0 -32332-4 0  9999
2 54116  87.9188 297.5753 0002079 102.3096 257.8270 13.19723656181708
ONEWEB-0499             
1 54117U 22138E   26205.28402626  .00000054  00000+0  10172-3 0  9991
2 54117  87.9183 297.5853 0002073 107.0055 253.1305 13.19724556181715
ONEWEB-0500             
1 54118U 22138F   26205.28639335  .00000026  00000+0  33412-4 0  9993
2 54118  87.9188 297.5815 0002098  97.7430 262.3941 13.19726242181721
ONEWEB-0501             
1 54119U 22138G   26205.31640641 -.00000043  00000+0 -13920-3 0  9992
2 54119  87.9191 297.5757 0002259 109.3131 250.8246 13.19726387181706
ONEWEB-0502             
1 54120U 22138H   26205.52962884 -.00000009  00000+0 -54168-4 0  9995
2 54120  87.9196 297.5224 0002031 107.3357 252.7998 13.19723736181753
ONEWEB-0503             
1 54121U 22138J   26205.29112135  .00000140  00000+0  31838-3 0  9998
2 54121  87.9191 297.5761 0001748 100.7421 259.3909 13.19726868181718
ONEWEB-0504             
1 54122U 22138K   26205.27848550  .00000047  00000+0  85298-4 0  9990
2 54122  87.9193 297.5835 0002019 106.8901 253.2453 13.19727196181728
ONEWEB-0505             
1 54123U 22138L   26205.27532897  .00000057  00000+0  11012-3 0  9998
2 54123  87.9184 297.5832 0002229 111.0254 249.1118 13.19724491181703
ONEWEB-0506             
1 54124U 22138M   26205.55334026 -.00000023  00000+0 -90432-4 0  9993
2 54124  87.9190 297.5267 0002202 108.8589 251.2782 13.19726279181739
ONEWEB-0507             
1 54125U 22138N   26205.27058544 -.00000121  00000+0 -33346-3 0  9990
2 54125  87.9183 297.5920 0002194 104.9026 255.2350 13.19725494181745
ONEWEB-0508             
1 54126U 22138P   26205.26743511  .00000000  00000+0 -33325-4 0  9998
2 54126  87.9184 297.5919 0002379 107.2409 252.8984 13.19726720181728
ONEWEB-0509             
1 54127U 22138Q   26205.24216513 -.00000017  00000+0 -74470-4 0  9999
2 54127  87.9197 297.5901 0002089 102.2597 257.8770 13.19724651181690
ONEWEB-0510             
1 54128U 22138R   26205.17709407  .00000106  00000+0  22829-3 0  9998
2 54128  87.9178 267.0641 0001856  83.9587 276.1758 13.20765891184166
ONEWEB-0511             
1 54129U 22138S   26205.31482083 -.00000071  00000+0 -21071-3 0  9994
2 54129  87.9190 297.5770 0001817 105.7286 254.4047 13.19723785181732
ONEWEB-0512             
1 54130U 22138T   26205.53436808  .00000010  00000+0 -81436-5 0  9999
2 54130  87.9182 297.5358 0002059 109.9509 250.1845 13.19723886181731
ONEWEB-0513             
1 54131U 22138U   26205.29726180  .00000053  00000+0  98995-4 0  9991
2 54131  87.9188 297.5226 0001993 125.6855 234.4464 13.20269691181617
ONEWEB-0514             
1 54132U 22138V   26205.24690047 -.00000023  00000+0 -90307-4 0  9997
2 54132  87.9189 297.5901 0001946  96.8358 263.2996 13.19725111181717
ONEWEB-0515             
1 54133U 22138W   26205.16362142  .00000051  00000+0  92717-4 0  9997
2 54133  87.9188 267.0641 0002550  79.6111 280.5309 13.20772360184182
ONEWEB-0516             
1 54134U 22138X   26205.29744697  .00000105  00000+0  23003-3 0  9992
2 54134  87.9182 297.5831 0002185 100.4660 259.6719 13.19724452181728
ONEWEB-0517             
1 54135U 22138Y   26205.50435717  .00000099  00000+0  21503-3 0  9992
2 54135  87.9189 297.5370 0001755 102.3903 257.7427 13.19727308181758
ONEWEB-0518             
1 54136U 22138Z   26205.52332263  .00000080  00000+0  16631-3 0  9993
2 54136  87.9181 297.5402 0002266  99.0703 261.0687 13.19724722181758
ONEWEB-0519             
1 54137U 22138AA  26205.24531958 -.00000011  00000+0 -60380-4 0  9992
2 54137  87.9191 297.5898 0001825 100.2541 259.8798 13.19724208181728
ONEWEB-0520             
1 54138U 22138AB  26205.28007444  .00000063  00000+0  12390-3 0  9997
2 54138  87.9188 297.5829 0002203 106.2804 253.8571 13.19725028181711
ONEWEB-0521             
1 54139U 22138AC  26205.31323070 -.00000038  00000+0 -12793-3 0  9999
2 54139  87.9195 297.5661 0001796  98.7217 261.4119 13.19723945181666
ONEWEB-0522             
1 54140U 22138AD  26205.29270589  .00000053  00000+0  98922-4 0  9998
2 54140  87.9192 297.5726 0002057 104.6545 255.4816 13.19724312181700
ONEWEB-0523             
1 54141U 22138AE  26205.60468650  .00000822  00000+0  19904-2 0  9997
2 54141  87.9178 266.9848 0001934  75.3788 284.7560 13.20766047184242
ONEWEB-0524             
1 54142U 22138AF  26205.59458863  .00000034  00000+0  50794-4 0  9990
2 54142  87.9177 266.9833 0002711  83.4630 276.6812 13.20770430184247
ONEWEB-0525             
1 54143U 22138AG  26205.53911294  .00000082  00000+0  17215-3 0  9990
2 54143  87.9189 297.5302 0002371 106.5101 253.6292 13.19724131181759
ONEWEB-0526             
1 54144U 22138AH  26205.49646522  .00000044  00000+0  78144-4 0  9992
2 54144  87.9192 297.5396 0002188 101.2460 258.8919 13.19725610181726
ONEWEB-0529             
1 54145U 22138AJ  26205.27217216  .00000031  00000+0  45653-4 0  9998
2 54145  87.9182 297.5902 0002187 104.9006 255.2369 13.19726767181717
ONEWEB-0531             
1 54146U 22138AK  26205.42960081  .00000097  00000+0  20598-3 0  9993
2 54146  87.9175 267.0136 0002256  74.9558 285.1825 13.20770138184227
ONEWEB-0535             
1 54147U 22138AL  26205.30533597 -.00000014  00000+0 -67668-4 0  9990
2 54147  87.9193 297.5710 0001860  92.0382 268.0963 13.19723250181737
ONEWEB-0536             
1 54148U 22138AM  26205.56764663  .00000010  00000+0 -84590-5 0  9998
2 54148  87.9161 267.0037 0002451  72.9805 287.1597 13.20770570184233
ONEWEB-0527             
1 54642U 22166A   26205.49495920  .00000106  00000+0  22497-3 0  9998
2 54642  87.9226 236.5711 0002133  96.0671 264.0706 13.21827720176462
ONEWEB-0528             
1 54643U 22166B   26205.49581099  .00000109  00000+0  23264-3 0  9998
2 54643  87.9226 236.5734 0002251  98.5477 261.5912 13.21826348176477
ONEWEB-0539             
1 54644U 22166C   26205.53366381 -.00000030  00000+0 -10295-3 0  9994
2 54644  87.9233 236.5401 0001856  98.5138 261.6206 13.21824731176472
ONEWEB-0540             
1 54645U 22166D   26205.46483498 -.00000063  00000+0 -18452-3 0  9995
2 54645  87.9226 236.5813 0001945  94.2504 265.8852 13.21824876176452
ONEWEB-0542             
1 54646U 22166E   26205.46806292 -.00000025  00000+0 -91583-4 0  9992
2 54646  87.9233 236.5524 0001804  98.1962 261.9377 13.21825560176466
ONEWEB-0545             
1 54647U 22166F   26205.50839716 -.00008139  00000+0 -19744-1 0  9995
2 54647  87.9227 236.5533 0001347  84.2351 275.8937 13.21865083176437
ONEWEB-0580             
1 54648U 22166G   26205.55889243  .00000553  00000+0  13068-2 0  9995
2 54648  87.9219 236.5444 0001788  89.6988 270.4351 13.21822626176486
ONEWEB-0582             
1 54649U 22166H   26205.52524198  .00000054  00000+0  98850-4 0  9998
2 54649  87.9230 236.5424 0001565  96.1576 263.9736 13.21824543176458
ONEWEB-0583             
1 54650U 22166J   26205.53703045 -.00000028  00000+0 -98957-4 0  9992
2 54650  87.9228 236.5631 0001910  95.4901 264.6451 13.21826541176468
ONEWEB-0584             
1 54651U 22166K   26205.33012244  .00000016  00000+0  81285-5 0  9997
2 54651  87.9226 236.5891 0001988  93.1741 266.9620 13.21825243176424
ONEWEB-0585             
1 54652U 22166L   26205.50506295  .00000097  00000+0  20289-3 0  9995
2 54652  87.9227 236.5424 0002248  94.3329 265.8062 13.21823903176455
ONEWEB-0586             
1 54653U 22166M   26205.51852390  .00000023  00000+0  24478-4 0  9991
2 54653  87.9226 236.5648 0001899  97.9934 262.1416 13.21824340176454
ONEWEB-0587             
1 54654U 22166N   26205.45292626 -.00000016  00000+0 -69927-4 0  9997
2 54654  87.9238 236.5552 0002426  94.0353 266.1058 13.21826064176600
ONEWEB-0589             
1 54655U 22166P   26205.51516362  .00000081  00000+0  16418-3 0  9997
2 54655  87.9223 236.5501 0001193  89.0979 271.0292 13.21826212176472
ONEWEB-0590             
1 54656U 22166Q   26205.46454278 -.00000105  00000+0 -28660-3 0  9990
2 54656  87.9233 236.5539 0002126  82.5897 277.5479 13.21825837176457
ONEWEB-0591             
1 54657U 22166R   26205.47645931  .00000011  00000+0 -46967-5 0  9997
2 54657  87.9225 236.5631 0001996  92.5862 267.5500 13.21824369176485
ONEWEB-0592             
1 54658U 22166S   26205.55553098 -.00000025  00000+0 -90867-4 0  9992
2 54658  87.9235 236.5289 0002052  95.1379 264.9990 13.21825187176373
ONEWEB-0593             
1 54659U 22166T   26205.50169713  .00000112  00000+0  23904-3 0  9997
2 54659  87.9231 236.5488 0001965  98.0919 262.0438 13.21826384176472
ONEWEB-0594             
1 54660U 22166U   26205.44619256 -.00000042  00000+0 -13333-3 0  9993
2 54660  87.9226 236.5756 0002226  96.7847 263.3540 13.21825093176487
ONEWEB-0595             
1 54661U 22166V   26205.34694950  .00000092  00000+0  19111-3 0  9990
2 54661  87.9237 236.5794 0002310  92.8053 267.3345 13.21825956176443
ONEWEB-0596             
1 54662U 22166W   26205.47310539 -.00000015  00000+0 -68629-4 0  9999
2 54662  87.9227 236.5628 0002167  95.1009 265.0372 13.21823924176466
ONEWEB-0597             
1 54663U 22166X   26205.53029854  .00000024  00000+0  27054-4 0  9999
2 54663  87.9225 236.5542 0001927  94.6983 265.4371 13.21824561176470
ONEWEB-0600             
1 54664U 22166Y   26205.51180097  .00000068  00000+0  13355-3 0  9991
2 54664  87.9227 236.5494 0002060 100.9089 259.2276 13.21825989176443
ONEWEB-0601             
1 54665U 22166Z   26205.50338487  .00000111  00000+0  23779-3 0  9999
2 54665  87.9224 236.5666 0001799  96.1477 263.9862 13.21825350176633
ONEWEB-0602             
1 54666U 22166AA  26205.46889943  .00000093  00000+0  19352-3 0  9994
2 54666  87.9225 236.5795 0002026 101.7574 258.3787 13.21824776176470
ONEWEB-0603             
1 54667U 22166AB  26205.47478326  .00000083  00000+0  17006-3 0  9998
2 54667  87.9236 236.5389 0001987  96.4399 263.6962 13.21825012176403
ONEWEB-0604             
1 54668U 22166AC  26205.46300811 -.00000068  00000+0 -19708-3 0  9997
2 54668  87.9235 236.5573 0002118  96.0944 264.0431 13.21824640176364
ONEWEB-0605             
1 54669U 22166AD  26205.53197663 -.00000006  00000+0 -45638-4 0  9999
2 54669  87.9223 236.5539 0001648  77.4481 282.6837 13.21824262176445
ONEWEB-0606             
1 54670U 22166AE  26205.55384006 -.00000018  00000+0 -74437-4 0  9994
2 54670  87.9228 236.5617 0002217  97.1520 262.9866 13.21825981176504
ONEWEB-0607             
1 54671U 22166AF  26205.44451247  .00000029  00000+0  39728-4 0  9999
2 54671  87.9234 236.5569 0001939  98.0122 262.1232 13.21825937176461
ONEWEB-0608             
1 54672U 22166AG  26205.52692734  .00000035  00000+0  53403-4 0  9990
2 54672  87.9234 236.5384 0001510  88.8895 271.2412 13.21824574176485
ONEWEB-0610             
1 54673U 22166AH  26205.50675187  .00000092  00000+0  19192-3 0  9991
2 54673  87.9226 236.5527 0001455 100.6827 259.4471 13.21826552176382
ONEWEB-0611             
1 54674U 22166AJ  26205.12152207  .00000059  00000+0  11046-3 0  9996
2 54674  87.9224 236.6247 0002328  95.9595 264.1804 13.21823897176325
ONEWEB-0612             
1 54675U 22166AK  26205.51346709  .00000024  00000+0  25805-4 0  9993
2 54675  87.9238 236.5469 0001871  94.8904 265.2444 13.21827268176362
ONEWEB-0615             
1 54676U 22166AL  26205.49328914  .00000068  00000+0  13321-3 0  9996
2 54676  87.9227 236.5620 0002305  98.1198 262.0198 13.21824328176371
ONEWEB-0655             
1 54677U 22166AM  26205.46974152  .00000042  00000+0  69413-4 0  9991
2 54677  87.9229 236.5675 0002005 102.1205 258.0154 13.21824373176362
ONEWEB-0659             
1 54678U 22166AN  26205.48656472  .00000033  00000+0  49042-4 0  9992
2 54678  87.9226 236.5638 0002091  93.1195 267.0178 13.21824484176450
ONEWEB-0685             
1 54679U 22166AP  26205.58336806  .00009128  00000+0  21610-1 0  9992
2 54679  87.9218 236.5385 0001815  80.2127  34.9926 13.23173710  5180
ONEWEB-0712             
1 54680U 22166AQ  26205.45050669 -.00000014  00000+0 -71539-4 0  9995
2 54680  87.9081 221.3726 0002059 105.3747 254.7612 13.16593083176969
ONEWEB-0714             
1 54681U 22166AR  26205.49161404  .00000085  00000+0  17401-3 0  9993
2 54681  87.9227 236.5525 0002153 102.4705 257.6670 13.21826356176463
ONEWEB-0532             
1 55140U 23004A   26205.46903971  .00000028  00000+0  39470-4 0  9994
2 55140  87.9154 358.4479 0001764  83.6276 276.5056 13.17648858172496
ONEWEB-0533             
1 55141U 23004B   26205.43243513  .00000076  00000+0  17520-3 0  9995
2 55141  87.8977 343.2664 0001656  99.2517 260.8799 13.12443841172948
ONEWEB-0541             
1 55142U 23004C   26205.49141878 -.00000472  00000+0 -13674-2 0  9990
2 55142  87.8900  13.6323 0001940  88.7424 271.3926 13.11416131170837
ONEWEB-0543             
1 55143U 23004D   26205.41922599 -.00000036  00000+0 -12522-3 0  9998
2 55143  87.9198 328.0656 0002000 105.4443 254.6910 13.18687137174605
ONEWEB-0544             
1 55144U 23004E   26205.33661047  .00000003  00000+0 -26379-4 0  9997
2 55144  87.9201 328.0818 0002096 100.4617 259.6752 13.18685214174595
ONEWEB-0560             
1 55145U 23004F   26205.32987154 -.00000003  00000+0 -41404-4 0  9994
2 55145  87.9198 328.0726 0002163 103.1044 257.0330 13.18686098174605
ONEWEB-0565             
1 55146U 23004G   26205.39900452 -.00000035  00000+0 -12061-3 0  9999
2 55146  87.9195 328.0854 0002686  99.7108 260.4328 13.18684684174600
ONEWEB-0567             
1 55147U 23004H   26205.39225285 -.00000082  00000+0 -24173-3 0  9993
2 55147  87.9192 328.0717 0002231  95.2519 264.8868 13.18684052174605
ONEWEB-0569             
1 55148U 23004J   26205.33515248 -.00000277  00000+0 -79342-3 0  9993
2 55148  87.8991 312.8315 0002820 104.6534 255.4908 13.13471121175050
ONEWEB-0570             
1 55149U 23004K   26205.38380725  .00001801  00000+0  45348-2 0  9999
2 55149  87.9215 328.0722 0001965  84.7690 275.3666 13.18699203174590
ONEWEB-0571             
1 55150U 23004L   26205.37709047  .00000083  00000+0  17688-3 0  9990
2 55150  87.9195 328.0717 0003123  91.3480 268.8010 13.18686582174600
ONEWEB-0572             
1 55151U 23004M   26205.50025082  .00000068  00000+0  14224-3 0  9992
2 55151  87.9155 358.4434 0001972  92.1693 267.9664 13.17648403172393
ONEWEB-0573             
1 55152U 23004N   26205.59796535  .00000079  00000+0  16727-3 0  9992
2 55152  87.9195 328.0297 0002703  89.7644 270.3798 13.18684815174621
ONEWEB-0588             
1 55153U 23004P   26205.59121743  .00000067  00000+0  13616-3 0  9997
2 55153  87.9198 328.0310 0001934  83.4969 276.6383 13.18687586174624
ONEWEB-0598             
1 55154U 23004Q   26205.46938570  .00000356  00000+0  96728-3 0  9994
2 55154  87.8893  13.6445 0002548  94.1327 266.0092 13.11416169170784
ONEWEB-0599             
1 55155U 23004R   26205.46143460 -.00000006  00000+0 -47589-4 0  9997
2 55155  87.9152 358.4496 0001979 100.3634 259.7721 13.17648142172399
ONEWEB-0614             
1 55156U 23004S   26205.46430010  .00000485  00000+0  13327-2 0  9998
2 55156  87.8890  13.6535 0001650  86.2296 273.9021 13.11416654170725
ONEWEB-0616             
1 55157U 23004T   26205.50361999  .00000073  00000+0  15484-3 0  9993
2 55157  87.9157 358.4452 0002196 120.4984 239.6365 13.17648263172611
ONEWEB-0617             
1 55158U 23004U   26205.45241762  .00000533  00000+0  14676-2 0  9995
2 55158  87.8900  13.6493 0001709  79.0764 281.0556 13.11419100170741
ONEWEB-0618             
1 55159U 23004V   26205.35371899  .00006516  00000+0  36179-3 0  9990
2 55159  86.9112 162.5437 0013878 144.2494 215.9679 15.13475643187887
ONEWEB-0619             
1 55160U 23004W   26205.45974524  .00000098  00000+0  21829-3 0  9992
2 55160  87.9180 358.4402 0001892 102.2815 257.8529 13.17648010172501
ONEWEB-0620             
1 55161U 23004X   26205.44733837  .00000401  00000+0  10961-2 0  9994
2 55161  87.8890  13.6564 0002064  88.2606 271.8758 13.11419225170710
ONEWEB-0621             
1 55162U 23004Y   26205.47447539  .00000182  00000+0  47708-3 0  9995
2 55162  87.8896  13.6433 0001609  87.6952 272.4361 13.11414294170698
ONEWEB-0622             
1 55163U 23004Z   26205.47955800 -.00000099  00000+0 -31638-3 0  9995
2 55163  87.8900  13.6456 0001859  69.3455 290.7872 13.11414311170681
ONEWEB-0623             
1 55164U 23004AA  26205.45468926  .00000031  00000+0  47668-4 0  9997
2 55164  87.9155 358.4649 0001314  73.0606 287.0670 13.17648920172492
ONEWEB-0624             
1 55165U 23004AB  26205.61350248  .00000292  00000+0  76944-3 0  9990
2 55165  87.8982 343.1395 0001703  93.4629 266.6695 13.12928580172984
ONEWEB-0625             
1 55166U 23004AC  26205.44456190  .00000032  00000+0  50406-4 0  9993
2 55166  87.9158 358.4636 0001788  99.2687 260.8647 13.17648574172484
ONEWEB-0626             
1 55167U 23004AD  26205.43444759  .00000092  00000+0  20337-3 0  9996
2 55167  87.9158 358.4650 0002147  94.3673 265.7704 13.17648911172485
ONEWEB-0627             
1 55168U 23004AE  26205.49856732  .00000072  00000+0  15158-3 0  9994
2 55168  87.9156 358.4526 0001476  84.7336 275.3964 13.17649360172494
ONEWEB-0628             
1 55169U 23004AF  26205.45627947  .00000378  00000+0  10159-2 0  9999
2 55169  87.8983 343.2455 0001267  88.6452 271.4822 13.12438954172923
ONEWEB-0629             
1 55170U 23004AG  26205.47408886  .00000031  00000+0  47204-4 0  9991
2 55170  87.9156 358.4534 0001533  98.0442 262.0863 13.17650267172495
ONEWEB-0631             
1 55171U 23004AH  26205.35684429  .00000073  00000+0  15351-3 0  9991
2 55171  87.9207 328.0469 0002316  89.2563 270.8835 13.18687877174574
ONEWEB-0709             
1 55172U 23004AJ  26205.43716877 -.00000042  00000+0 -15300-3 0  9996
2 55172  87.8892  13.6609 0002703  92.1723 267.9715 13.11419252170751
ONEWEB-0710             
1 55173U 23004AK  26205.48844203  .00000025  00000+0  30239-4 0  9995
2 55173  87.9165 358.4483 0001766  72.4209 287.7115 13.17649603172492
ONEWEB-0711             
1 55174U 23004AL  26205.48463687 -.00000223  00000+0 -66570-3 0  9997
2 55174  87.8891  13.6397 0001538  69.1087 291.0206 13.11415961170721
ONEWEB-0713             
1 55175U 23004AM  26205.50329011 -.00000377  00000+0 -11008-2 0  9998
2 55175  87.8881  13.6386 0001626  80.1628 279.9684 13.11418425170713
ONEWEB-0715             
1 55176U 23004AN  26205.49820508 -.00000483  00000+0 -13999-2 0  9993
2 55176  87.8894  13.6396 0002452  85.0330 275.1078 13.11417254170759
ONEWEB-0716             
1 55177U 23004AP  26205.48169213 -.00000063  00000+0 -19539-3 0  9993
2 55177  87.9156 358.4501 0001795  98.3108 261.8227 13.17648343172491
ONEWEB-0717             
1 55178U 23004AQ  26205.38887709  .00000023  00000+0  25354-4 0  9997
2 55178  87.9167 358.4598 0001798  75.8570 284.2761 13.17648011172535
ONEWEB-0719             
1 55179U 23004AR  26205.47493373  .00000044  00000+0  80874-4 0  9999
2 55179  87.9165 358.4228 0001734  99.1878 260.9450 13.17647827172499
ONEWEB-0530             
1 55796U 23029A   26205.58953677  .00000058  00000+0  11033-3 0  9996
2 55796  87.9164 267.0119 0001692  89.4252 270.7075 13.20770412166089
ONEWEB-0534             
1 55797U 23029B   26205.42623374  .00000100  00000+0  21297-3 0  9999
2 55797  87.9169 267.0463 0002180  99.9355 260.2025 13.20769913166061
ONEWEB-0556             
1 55798U 23029C   26205.43297651  .00000029  00000+0  39387-4 0  9996
2 55798  87.9164 267.0428 0001598 119.9993 240.1299 13.20771439166067
ONEWEB-0562             
1 55799U 23029D   26205.57101072  .00000083  00000+0  17177-3 0  9995
2 55799  87.9164 266.9955 0001214  97.9307 262.1964 13.20773196166087
ONEWEB-0563             
1 55800U 23029E   26205.18718801  .00000099  00000+0  21106-3 0  9993
2 55800  87.9171 267.1037 0002358 102.6157 257.5240 13.20770802166029
ONEWEB-0564             
1 55801U 23029F   26205.40771798 -.00000004  00000+0 -41503-4 0  9995
2 55801  87.9167 267.0335 0001684  94.5392 265.5933 13.20772659166060
ONEWEB-0638             
1 55802U 23029G   26205.23406504 -.00000074  00000+0 -23302-3 0  9990
2 55802  87.8951 282.3671 0001674 109.5021 250.6290 13.14504764164263
ONEWEB-0639             
1 55803U 23029H   26205.48540246  .00000058  00000+0  11359-3 0  9999
2 55803  87.9182 297.5495 0002890 112.1054 248.0385 13.19724232163826
ONEWEB-0640             
1 55804U 23029J   26205.24359481 -.00000259  00000+0 -73252-3 0  9998
2 55804  87.8943 282.3550 0001914 118.2899 241.8424 13.14502899164289
ONEWEB-0641             
1 55805U 23029K   26205.55648653 -.00000037  00000+0 -12499-3 0  9995
2 55805  87.9192 297.5271 0002056 103.0866 257.0496 13.19727802163846
ONEWEB-0642             
1 55806U 23029L   26205.55174703 -.00000026  00000+0 -96905-4 0  9999
2 55806  87.9184 297.5377 0002876 106.4973 253.6476 13.19726441163838
ONEWEB-0643             
1 55807U 23029M   26205.44182604  .00000160  00000+0  39771-3 0  9991
2 55807  87.8954 282.3044 0002734  99.6966 260.4472 13.14502647164281
ONEWEB-0644             
1 55808U 23029N   26205.31956336 -.00000037  00000+0 -12412-3 0  9997
2 55808  87.9184 297.5846 0002329 101.7992 258.3402 13.19726050163807
ONEWEB-0645             
1 55809U 23029P   26205.49330737  .00000037  00000+0  59067-4 0  9994
2 55809  87.9184 297.5469 0002250 111.6467 248.4906 13.19726612163824
ONEWEB-0646             
1 55810U 23029Q   26205.28322829  .00000043  00000+0  74194-4 0  9991
2 55810  87.9182 297.5888 0002315 101.9913 258.1480 13.19724221163783
ONEWEB-0648             
1 55811U 23029R   26205.48621332  .00000027  00000+0  39372-4 0  9996
2 55811  87.8959 282.2722 0002673 115.6376 244.5030 13.14504519164293
ONEWEB-0649             
1 55812U 23029S   26205.53594815  .00000021  00000+0  19538-4 0  9994
2 55812  87.9180 297.5365 0002204 106.4481 253.6894 13.19724239163856
ONEWEB-0650             
1 55813U 23029T   26205.30376427  .00000049  00000+0  91074-4 0  9992
2 55813  87.9184 297.5853 0002616 105.3534 254.7888 13.19724364163794
ONEWEB-0652             
1 55814U 23029U   26205.23883622 -.00000174  00000+0 -50272-3 0  9990
2 55814  87.8960 282.3283 0002054  95.1792 264.9572 13.14502793164231
ONEWEB-0653             
1 55815U 23029V   26205.60357001  .00000069  00000+0  15079-3 0  9996
2 55815  87.8963 282.2540 0001965  99.9808 260.1544 13.14502220164311
ONEWEB-0654             
1 55816U 23029W   26205.44657558  .00000085  00000+0  19455-3 0  9999
2 55816  87.8964 282.2815 0001700  93.6279 266.5045 13.14502427164313
ONEWEB-0656             
1 55817U 23029X   26205.40099142  .00000065  00000+0  12877-3 0  9994
2 55817  87.9181 267.0157 0001927  87.2277 272.9077 13.20770622166065
ONEWEB-0657             
1 55818U 23029Y   26205.52648769  .00000039  00000+0  64927-4 0  9998
2 55818  87.9182 297.5392 0001903  76.6775 283.4570 13.19727245163833
ONEWEB-0658             
1 55819U 23029Z   26205.29428811  .00000012  00000+0 -35264-5 0  9992
2 55819  87.9193 297.5643 0002435 102.9534 257.1871 13.19726773163817
ONEWEB-0660             
1 55820U 23029AA  26205.50049391  .00000164  00000+0  40733-3 0  9992
2 55820  87.8967 282.2667 0002066 108.5327 251.6028 13.14502422164302
ONEWEB-0661             
1 55821U 23029AB  26205.23091053 -.00000098  00000+0 -29832-3 0  9990
2 55821  87.8946 282.3583 0001979 108.1973 251.9373 13.14502778164257
ONEWEB-0662             
1 55822U 23029AC  26205.49415655  .00000035  00000+0  58584-4 0  9993
2 55822  87.8948 282.3121 0002054 107.9423 252.1931 13.14503078164336
ONEWEB-0663             
1 55823U 23029AD  26205.58340136  .00000043  00000+0  72495-4 0  9991
2 55823  87.9175 267.0490 0002331 106.4869 253.6521 13.20872126166080
ONEWEB-0664             
1 55824U 23029AE  26205.16025446 -.00000034  00000+0 -11584-3 0  9993
2 55824  87.9168 267.1110 0001716 109.3753 250.7566 13.20772298166023
ONEWEB-0665             
1 55825U 23029AF  26205.60833252 -.00000028  00000+0 -10994-3 0  9992
2 55825  87.8952 282.2649 0002149 107.3448 252.7917 13.14502606164329
ONEWEB-0666             
1 55826U 23029AG  26205.60805023  .00000019  00000+0  14922-4 0  9992
2 55826  87.9163 267.0116 0002264  79.8660 280.2729 13.20769773166092
ONEWEB-0667             
1 55827U 23029AH  26205.60299920  .00000002  00000+0 -27990-4 0  9998
2 55827  87.9179 266.9761 0002084 102.4633 257.6733 13.20769648166080
ONEWEB-0669             
1 55828U 23029AJ  26205.59795381  .00000055  00000+0  10447-3 0  9994
2 55828  87.9172 266.9858 0001522  92.2070 267.9238 13.20770072166085
ONEWEB-0670             
1 55829U 23029AK  26205.51001673  .00000248  00000+0  63401-3 0  9993
2 55829  87.8949 282.3012 0001787 110.0491 250.0831 13.14504434164338
ONEWEB-0671             
1 55830U 23029AL  26205.59281724 -.00000019  00000+0 -79270-4 0  9990
2 55830  87.9183 297.5278 0002034 105.0241 255.1117 13.19724701163839
ONEWEB-0672             
1 55831U 23029AM  26205.59290848  .00000029  00000+0  39666-4 0  9992
2 55831  87.9172 266.9806 0001993  90.7057 269.4305 13.20771146166087
ONEWEB-0673             
1 55832U 23029AN  26205.26664296  .00000022  00000+0  22383-4 0  9990
2 55832  87.9177 297.5846 0002067 104.2835 255.8527 13.19726323163790
ONEWEB-0674             
1 55833U 23029AP  26205.17382277 -.00000197  00000+0 -56679-3 0  9996
2 55833  87.8957 282.3459 0001789 108.5831 251.5494 13.14501774164277
ONEWEB-0675             
1 55834U 23029AQ  26205.58492602  .00000041  00000+0  69415-4 0  9995
2 55834  87.9184 297.5311 0002188  94.0078 266.1305 13.19725909163851
ONEWEB-0720             
1 55835U 23029AR  26205.27374847  .00000091  00000+0  19593-3 0  9998
2 55835  87.9181 297.5924 0002287 105.7552 254.3833 13.19727367163738
ONEWEB-0537             
1 56046U 23043A   26205.50911226  .00000066  00000+0  13904-3 0  9995
2 56046  87.9077 221.3572 0002084  86.4183 273.7186 13.16594527163879
ONEWEB-0538             
1 56047U 23043B   26205.50277531  .00000126  00000+0  29614-3 0  9992
2 56047  87.9078 221.3615 0002293  90.1827 269.9567 13.16594866163885
ONEWEB-0546             
1 56048U 23043C   26205.49011015  .00000148  00000+0  35363-3 0  9996
2 56048  87.9075 221.3641 0002000  72.0926 288.0423 13.16594372163871
ONEWEB-0547             
1 56049U 23043D   26205.49075578  .00000013  00000+0 -92963-6 0  9995
2 56049  87.9231 236.5504 0002257  94.5328 265.6064 13.21824289163153
ONEWEB-0548             
1 56050U 23043E   26205.51463400 -.00000006  00000+0 -48615-4 0  9991
2 56050  87.9077 221.3545 0001625  97.3472 262.7844 13.16595514163872
ONEWEB-0549             
1 56051U 23043F   26205.48486978  .00000006  00000+0 -18008-4 0  9995
2 56051  87.9226 236.5561 0002443  92.2670 267.8744 13.21824519163150
ONEWEB-0550             
1 56052U 23043G   26205.47141012  .00000056  00000+0  10507-3 0  9991
2 56052  87.9230 236.5573 0001923  99.3459 260.7893 13.21827710163157
ONEWEB-0551             
1 56053U 23043H   26205.57545228  .00000191  00000+0  47334-3 0  9998
2 56053  87.8972 251.7759 0002450  97.8353 262.3056 13.15547488161316
ONEWEB-0552             
1 56054U 23043J   26205.46635750 -.00000135  00000+0 -35723-3 0  9996
2 56054  87.9224 236.5623 0002196 101.9843 258.1538 13.21826584163153
ONEWEB-0553             
1 56055U 23043K   26205.49644228  .00000149  00000+0  35579-3 0  9992
2 56055  87.9075 221.3626 0001866  82.3791 277.7552 13.16594810163881
ONEWEB-0554             
1 56056U 23043L   26205.48377789  .00000093  00000+0  20966-3 0  9999
2 56056  87.9071 221.3736 0001581  99.1663 260.9647 13.16594198163864
ONEWEB-0555             
1 56057U 23043M   26205.44577339  .00000019  00000+0  15371-4 0  9992
2 56057  87.9081 221.3705 0001963  75.9070 284.2279 13.16594435163864
ONEWEB-0557             
1 56058U 23043N   26205.46002301 -.00000007  00000+0 -51531-4 0  9994
2 56058  87.9078 221.3773 0000892  71.6757 288.4471 13.16594268163865
ONEWEB-0558             
1 56059U 23043P   26205.45963814 -.00000061  00000+0 -18016-3 0  9999
2 56059  87.9227 236.5596 0002354  91.2136 268.9268 13.21826227163166
ONEWEB-0559             
1 56060U 23043Q   26205.44787528  .00000061  00000+0  11592-3 0  9996
2 56060  87.9230 236.5582 0002299  97.8936 262.2459 13.21824370163172
ONEWEB-0566             
1 56061U 23043R   26205.51684440  .00000098  00000+0  20504-3 0  9997
2 56061  87.9226 236.5418 0002382  98.4208 261.7196 13.21824305163167
ONEWEB-0568             
1 56062U 23043S   26205.47742598  .00000050  00000+0  96992-4 0  9995
2 56062  87.9075 221.3630 0001992  84.3989 275.7369 13.16596221163887
ONEWEB-0574             
1 56063U 23043T   26205.51011610  .00000130  00000+0  28344-3 0  9999
2 56063  87.9227 236.5484 0001874  95.3633 264.7715 13.21826518163209
ONEWEB-0575             
1 56064U 23043U   26205.47109092  .00000014  00000+0  31098-5 0  9990
2 56064  87.9072 221.3602 0001656  87.7525 272.3796 13.16595494163872
ONEWEB-0576             
1 56065U 23043V   26205.45209012 -.00000135  00000+0 -38761-3 0  9990
2 56065  87.9085 221.3736 0001883  90.0663 270.0684 13.16593654163863
ONEWEB-0577             
1 56066U 23043W   26205.45842606 -.00000020  00000+0 -85857-4 0  9995
2 56066  87.9079 221.3695 0001286  94.7722 265.3556 13.16596191163892
ONEWEB-0578             
1 56067U 23043X   26205.49665545  .00000108  00000+0  22952-3 0  9996
2 56067  87.9234 236.5481 0001992  86.2202 273.9160 13.21826833163161
ONEWEB-0579             
1 56068U 23043Y   26205.48823428  .00000059  00000+0  11245-3 0  9990
2 56068  87.9236 236.5477 0002194 101.4652 258.6729 13.21824020163171
ONEWEB-0581             
1 56069U 23043Z   26205.46475903 -.00000008  00000+0 -55024-4 0  9990
2 56069  87.9069 221.3781 0001510  97.3304 262.7998 13.16595892163860
ONEWEB-0609             
1 56070U 23043AA  26205.22130858  .00000025  00000+0  33425-4 0  9991
2 56070  87.8977 251.8315 0002094  95.1934 264.9436 13.15547433161308
ONEWEB-0613             
1 56071U 23043AB  26205.14287235 -.00000002  00000+0 -39137-4 0  9998
2 56071  87.8981 251.8597 0002263 100.3107 259.8279 13.15548140161297
ONEWEB-0630             
1 56072U 23043AC  26205.13810326  .00000027  00000+0  38291-4 0  9996
2 56072  87.8987 251.8344 0002200 101.1471 258.9907 13.15550346161286
ONEWEB-0632             
1 56073U 23043AD  26205.58969147 -.00000216  00000+0 -60800-3 0  9994
2 56073  87.8975 251.7604 0001872  98.4489 261.6854 13.15546816161349
ONEWEB-0633             
1 56074U 23043AE  26205.58337125  .00000121  00000+0  28856-3 0  9998
2 56074  87.8985 251.7401 0002457  99.3310 260.8098 13.15548433161325
ONEWEB-0634             
1 56075U 23043AF  26205.56911387  .00000147  00000+0  35541-3 0  9992
2 56075  87.8972 251.7802 0002137  87.7628 272.3747 13.15548517161316
ONEWEB-0635             
1 56076U 23043AG  26205.56435837  .00000089  00000+0  20196-3 0  9999
2 56076  87.8982 251.7470 0001848 100.5125 259.6214 13.15547814161342
ONEWEB-0636             
1 56077U 23043AH  26205.55643215 -.00000027  00000+0 -10628-3 0  9993
2 56077  87.8977 251.7535 0001839  97.7494 262.3846 13.15548071161321
ONEWEB-0637             
1 56078U 23043AJ  26205.55009291 -.00000038  00000+0 -13523-3 0  9993
2 56078  87.8967 251.7682 0001863  88.9939 271.1405 13.15548274161343
ONEWEB-0647             
1 56079U 23043AK  26205.16504509 -.00000117  00000+0 -34600-3 0  9990
2 56079  87.8974 251.8581 0002007  99.8907 260.2450 13.15549363161280
ONEWEB-0651             
1 56080U 23043AL  26205.54059140 -.00000039  00000+0 -13860-3 0  9998
2 56080  87.8974 251.7765 0001814  94.7852 265.3485 13.15548601162530
ONEWEB-0718             
1 56081U 23043AM  26205.38370492 -.00000025  00000+0 -10077-3 0  9999
2 56081  87.8984 251.7893 0002439  86.9679 273.1731 13.15550755161328
ONEWEB-0561             
1 56710U 23068A   26205.16698431 -.00000025  00000+0 -92253-4 0  9994
2 56710  87.9179 267.0743 0001861 105.6085 254.5254 13.20770939154381
ONEWEB-0668             
1 56711U 23068B   26205.43943207  .00000045  00000+0  83112-4 0  9993
2 56711  87.9077 221.3722 0002101  76.6022 283.5344 13.16596045156681
ONEWEB-0676             
1 56712U 23068C   26205.52334036 -.00000050  00000+0 -16553-3 0  9990
2 56712  87.9080 221.3619 0001750  93.9422 266.1909 13.16592376156616
ONEWEB-0677             
1 56713U 23068D   26205.60974607 -.00000035  00000+0 -11910-3 0  9999
2 56713  87.9183 266.9774 0001715  91.5966 268.5364 13.20771852154742
ONEWEB-0678             
1 56714U 23068E   26205.58020605  .00000157  00000+0  38390-3 0  9991
2 56714  87.8981 251.7449 0002137 103.4219 256.7149 13.15548333154203
ONEWEB-0679             
1 56715U 23068F   26205.48218793  .00000108  00000+0  24830-3 0  9998
2 56715  87.9077 221.3613 0001717  77.6838 282.4485 13.16594596156630
ONEWEB-0680             
1 56716U 23068G   26205.48991314 -.00000027  00000+0 -97594-4 0  9996
2 56716  87.9236 236.5496 0002121  80.2182 279.9191 13.21825546156023
ONEWEB-0681             
1 56717U 23068H   26205.47056237  .00000044  00000+0  74171-4 0  9995
2 56717  87.9234 236.5530 0001215 111.1487 248.9777 13.21824165156017
ONEWEB-0682             
1 56718U 23068J   26205.52791511 -.00000033  00000+0 -12275-3 0  9999
2 56718  87.8982 251.7551 0001991  81.6021 278.5335 13.15548456154369
ONEWEB-0683             
1 56719U 23068K   26205.55167669 -.00000031  00000+0 -11750-3 0  9999
2 56719  87.8982 251.7512 0002141  89.6659 270.4717 13.15548577154336
ONEWEB-0684             
1 56720U 23068L   26205.55959014  .00000021  00000+0  20414-4 0  9999
2 56720  87.8978 251.7387 0003271 109.4141 250.7343 13.15549671154168
ONEWEB-0686             
1 56721U 23068M   26205.44261367  .00000027  00000+0  36987-4 0  9993
2 56721  87.9069 221.3891 0002363  87.5053 272.6349 13.16594469156610
ONEWEB-0694             
1 56722U 23068N   26205.44895041 -.00000017  00000+0 -76907-4 0  9993
2 56722  87.9091 221.3598 0002081  79.1004 281.0361 13.16593798156678
ONEWEB-0696             
1 56723U 23068P   26205.21315374 -.00074700  00000+0 -20175+0 0  9996
2 56723  87.8978 251.8435 0002847 128.0870 232.0517 13.14980257154232
ONEWEB-0703             
1 56724U 23068Q   26205.14603904 -.00000010  00000+0 -59460-4 0  9995
2 56724  87.8978 251.8382 0002092 121.3066 238.8269 13.15548466154117
ONEWEB-0721             
1 56725U 23068R   26205.59114486  .00000085  00000+0  16964-3 0  9998
2 56725  86.6735  73.5730 0001733  81.7512 278.3818 13.22471462162889
ONEWEB-0015             
1 61594U 24188A   26205.46599482  .00000477  00000+0  13113-2 0  9998
2 61594  87.8890  13.6687 0001314  83.7094 276.4184 13.11416343 89341
ONEWEB-0687             
1 61595U 24188B   26205.43950298  .00000068  00000+0  14145-3 0  9995
2 61595  87.9154 358.4651 0001714  78.5409 281.5915 13.17648339 90803
ONEWEB-0688             
1 61596U 24188C   26205.46818259  .00000067  00000+0  13815-3 0  9991
2 61596  87.9152 358.4591 0000708  72.4317 287.6892 13.17647725 90807
ONEWEB-0689             
1 61597U 24188D   26205.49988837 -.00000422  00000+0 -12270-2 0  9995
2 61597  87.8903  13.6254 0001966  84.1076 276.0276 13.11418019 89347
ONEWEB-0690             
1 61598U 24188E   26205.43377760 -.00000173  00000+0 -52419-3 0  9990
2 61598  87.8902  13.6490 0001864 112.2835 247.8491 13.11419011 89519
ONEWEB-0691             
1 61599U 24188F   26205.50498932 -.00000344  00000+0 -10064-2 0  9993
2 61599  87.8911  13.5472 0001531  81.6761 278.4541 13.11418090 89373
ONEWEB-0692             
1 61600U 24188G   26205.44903085  .00000457  00000+0  12540-2 0  9993
2 61600  87.8892  13.6643 0002616  89.0783 271.0645 13.11419560 89351
ONEWEB-0693             
1 61601U 24188H   26205.48000458  .00000066  00000+0  13729-3 0  9997
2 61601  87.9146 358.4756 0001742 119.9966 240.1339 13.17647955 90799
ONEWEB-0695             
1 61602U 24188J   26205.50159202 -.00000482  00000+0 -13970-2 0  9994
2 61602  87.8892  13.6460 0002226  84.0496 276.0885 13.11417833 89355
ONEWEB-0697             
1 61603U 24188K   26205.45752267  .00000639  00000+0  17664-2 0  9995
2 61603  87.8892  13.6453 0002556  91.0955 269.0466 13.11417606 89335
ONEWEB-0698             
1 61604U 24188L   26205.43546543 -.00000440  00000+0 -12761-2 0  9997
2 61604  87.8852  13.6651 0002984 104.7978 255.3481 13.11423848 89356
ONEWEB-0699             
1 61605U 24188M   26205.47770777 -.00000143  00000+0 -44713-3 0  9993
2 61605  87.8826  28.8336 0002492  92.1513 267.9900 13.10376614 88198
ONEWEB-0700             
1 61606U 24188N   26205.47941979  .00000040  00000+0  78913-4 0  9992
2 61606  87.8845  28.7483 0002360  91.3404 268.7993 13.10375415 88184
ONEWEB-0701             
1 61607U 24188P   26205.49639424  .00000667  00000+0  18730-2 0  9998
2 61607  87.8825  28.8302 0002651  93.0514 267.0917 13.10373569 88195
ONEWEB-0702             
1 61608U 24188Q   26205.48125671 -.00000123  00000+0 -38210-3 0  9997
2 61608  87.8906  13.5659 0002842  88.6043 271.5410 13.11414676 89376
ONEWEB-0704             
1 61609U 24188R   26205.48450225  .00000220  00000+0  59450-3 0  9999
2 61609  87.8829  28.8231 0002819  81.4753 278.6693 13.10375443 88174
ONEWEB-0705             
1 61610U 24188S   26205.48960265  .00000450  00000+0  12519-2 0  9990
2 61610  87.8830  28.8282 0002437  66.4258 293.7125 13.10374808 80346
ONEWEB-0706             
1 61611U 24188T   26205.47431094 -.00000299  00000+0 -89409-3 0  9999
2 61611  87.8827  28.8343 0002315  81.3356 278.8033 13.10375826 88263
ONEWEB-0707             
1 61612U 24188U   26205.48110371  .00000080  00000+0  19257-3 0  9993
2 61612  87.8828  28.8287 0002340  81.9719 278.1674 13.10374805 88203
ONEWEB-0708             
1 61613U 24188V   26205.49978060  .00000690  00000+0  19414-2 0  9993
2 61613  87.8819  28.8403 0001768  71.4723 288.6596 13.10372121 88181
