ONEWEB-0012             
1 44057U 19010A   26221.22306872  .00000183  00000+0  44494-3 0  9993
2 44057  87.9086 218.2482 0001825 102.9852 257.1483 13.16595769358547
ONEWEB-0010             
1 44058U 19010B   26221.02040181 -.00000035  00000+0 -12535-3 0  9999
2 44058  87.9086 218.2848 0002445  86.7937 273.3474 13.16595044358564
ONEWEB-0008             
1 44059U 19010C   26220.96973014  .00000083  00000+0  18374-3 0  9990
2 44059  87.9082 218.2899 0001694  83.0918 277.0406 13.16593747358677
ONEWEB-0007             
1 44060U 19010D   26221.12282991 -.00000050  00000+0 -16627-3 0  9993
2 44060  87.8957 248.6692 0002258  99.3174 260.8211 13.15549226358337
ONEWEB-0006             
1 44061U 19010E   26221.12678941  .00000043  00000+0  79959-4 0  9996
2 44061  87.8968 248.6380 0002107  89.3560 270.7812 13.15547730358385
ONEWEB-0011             
1 44062U 19010F   26221.09510066 -.00000013  00000+0 -69432-4 0  9990
2 44062  87.8973 248.6546 0002103  87.8903 272.2468 13.15548543358372
ONEWEB-0013             
1 45131U 20008A   26221.04628968  .00000342  00000+0  95482-3 0  9999
2 45131  87.8487  42.1488 0001376 124.6080 235.5176 13.09456315312982
ONEWEB-0017             
1 45132U 20008B   26220.91551089  .00000609  00000+0  17091-2 0  9999
2 45132  87.8835  25.7593 0002024  89.4703 270.6656 13.10370782314851
ONEWEB-0020             
1 45133U 20008C   26220.96131286 -.00000300  00000+0 -89631-3 0  9998
2 45133  87.8842  25.7509 0001764  91.7947 268.3382 13.10375847315255
ONEWEB-0021             
1 45134U 20008D   26220.97659435  .00000454  00000+0  12638-2 0  9991
2 45134  87.8833  25.7604 0001859  95.1809 264.9530 13.10375591315569
ONEWEB-0023             
1 45136U 20008F   26220.98764079  .00000684  00000+0  19220-2 0  9994
2 45136  87.8837  25.7437 0001615  91.3549 268.7763 13.10372442314996
ONEWEB-0024             
1 45137U 20008G   26220.95974753 -.00000403  00000+0 -11901-2 0  9993
2 45137  87.8848  25.7446 0001845  92.5063 267.6275 13.10375461315157
ONEWEB-0025             
1 45138U 20008H   26221.18854208 -.00000561  00000+0 -16426-2 0  9994
2 45138  87.8848  25.6888 0001699  76.8944 283.2373 13.10375079315515
ONEWEB-0026             
1 45139U 20008J   26221.10866517  .00000362  00000+0  98483-3 0  9994
2 45139  87.8913  10.5333 0001934  91.9676 268.1674 13.11415117318045
ONEWEB-0028             
1 45140U 20008K   26221.15924656  .00000100  00000+0  24592-3 0  9990
2 45140  87.8911  10.5286 0001580 112.1104 248.0192 13.11418431315569
ONEWEB-0032             
1 45141U 20008L   26220.91734940  .00000670  00000+0  18843-2 0  9992
2 45141  87.8834  25.7610 0001449 105.5604 254.5683 13.10372031315200
ONEWEB-0033             
1 45142U 20008M   26221.19717935 -.00000099  00000+0 -31875-3 0  9997
2 45142  87.8834  25.7101 0002255  85.2389 274.8996 13.10375938315151
ONEWEB-0035             
1 45143U 20008N   26220.91225395  .00000692  00000+0  19466-2 0  9999
2 45143  87.8833  25.7611 0001890  92.6872 267.4471 13.10370781314842
ONEWEB-0036             
1 45144U 20008P   26221.19532656 -.00001978  00000+0 -57020-2 0  9990
2 45144  87.8852  25.7263 0001472 106.1020 254.0269 13.10383814315309
ONEWEB-0038             
1 45145U 20008Q   26221.11883120 -.00000006  00000+0 -52043-4 0  9991
2 45145  87.8930  10.5475 0003277 114.2775 245.8696 13.11415475317265
ONEWEB-0039             
1 45146U 20008R   26220.97149966  .00000218  00000+0  58810-3 0  9998
2 45146  87.8841  25.7475 0001561 107.7386 252.3912 13.10376672315079
ONEWEB-0040             
1 45147U 20008S   26220.88835390 -.00000122  00000+0 -38612-3 0  9996
2 45147  87.8834  25.7734 0001519  87.4770 272.6531 13.10375618314760
ONEWEB-0043             
1 45149U 20008U   26220.96654023 -.00000022  00000+0 -99680-4 0  9991
2 45149  87.8844  25.7493 0001502 108.3724 251.7567 13.10375874315097
ONEWEB-0044             
1 45150U 20008V   26220.91889971  .00000676  00000+0  19012-2 0  9992
2 45150  87.8840  25.7611 0001701  95.0124 265.1198 13.10370890315388
ONEWEB-0045             
1 45151U 20008W   26221.11360168  .00000190  00000+0  50163-3 0  9992
2 45151  87.8920  10.5277 0001799  98.6232 261.5100 13.11416111317343
ONEWEB-0047             
1 45152U 20008X   26220.91198322  .00000690  00000+0  19411-2 0  9996
2 45152  87.8842  25.7615 0002033  92.8452 267.2908 13.10372531315100
ONEWEB-0048             
1 45153U 20008Y   26220.98339003  .00000649  00000+0  18221-2 0  9999
2 45153  87.8833  25.7636 0001878  97.2297 262.9044 13.10373777314729
ONEWEB-0049             
1 45154U 20008Z   26220.98663909  .00000733  00000+0  20641-2 0  9998
2 45154  87.8832  25.7521 0001443  85.6672 274.4620 13.10372922314941
ONEWEB-0051             
1 45155U 20008AA  26220.95931994  .00000191  00000+0  50273-3 0  9991
2 45155  87.8915  10.5630 0001820  95.7475 264.3861 13.11413469318008
ONEWEB-0052             
1 45156U 20008AB  26220.93090834 -.00000067  00000+0 -22746-3 0  9997
2 45156  87.8835  25.7527 0001421  91.7085 268.4205 13.10368632314848
ONEWEB-0053             
1 45157U 20008AC  26221.19207997 -.00000323  00000+0 -96133-3 0  9993
2 45157  87.8836  25.7184 0001397 102.8292 257.2991 13.10375987314855
ONEWEB-0054             
1 45158U 20008AD  26221.15136263  .00000457  00000+0  12732-2 0  9995
2 45158  87.8837  25.7139 0001768  90.5941 269.5389 13.10369479314961
ONEWEB-0056             
1 45159U 20008AE  26220.96965788  .00000108  00000+0  27411-3 0  9990
2 45159  87.8846  25.7437 0001783  82.9810 277.1520 13.10377410315091
ONEWEB-0057             
1 45160U 20008AF  26220.98692088  .00000616  00000+0  17270-2 0  9999
2 45160  87.8838  25.7515 0001334 100.9381 259.1896 13.10373015315269
ONEWEB-0058             
1 45161U 20008AG  26220.89696824  .00000318  00000+0  87386-3 0  9997
2 45161  87.8834  25.7713 0002063  93.8947 266.2416 13.10377657315324
ONEWEB-0059             
1 45162U 20008AH  26220.89357201  .00000153  00000+0  40234-3 0  9999
2 45162  87.8838  25.7723 0001710 100.8569 259.2751 13.10378114315229
ONEWEB-0062             
1 45163U 20008AJ  26220.91707759  .00000597  00000+0  16727-2 0  9991
2 45163  87.8840  25.7590 0002127  89.2451 270.8920 13.10371245315098
ONEWEB-0065             
1 45164U 20008AK  26221.18005183 -.00000669  00000+0 -19527-2 0  9997
2 45164  87.8842  25.7141 0001482  89.0573 271.0724 13.10372242314822
ONEWEB-0066             
1 45424U 20020A   26221.17294986  .00000558  00000+0  15395-2 0  9994
2 45424  87.8913  10.5224 0001898  99.0577 261.0765 13.11415935309624
ONEWEB-0067             
1 45425U 20020B   26221.13418679 -.00000536  00000+0 -15488-2 0  9999
2 45425  87.8934  10.4629 0001616  97.0947 263.0364 13.11425948309670
ONEWEB-0080             
1 45426U 20020C   26221.13409514 -.00000557  00000+0 -16064-2 0  9992
2 45426  87.8926  10.5329 0002097  92.5624 267.5744 13.11417210309647
ONEWEB-0090             
1 45427U 20020D   26221.16292476  .00000320  00000+0  86722-3 0  9998
2 45427  87.8925  10.5310 0001874  93.8926 266.2416 13.11417385309610
ONEWEB-0061             
1 45428U 20020E   26220.96596096 -.00000046  00000+0 -16548-3 0  9997
2 45428  87.8920  10.5536 0001830  95.9702 264.1635 13.11413772309541
ONEWEB-0081             
1 45429U 20020F   26221.17635387  .00000567  00000+0  15651-2 0  9998
2 45429  87.8918  10.5205 0001746 100.9640 259.1684 13.11415814309688
ONEWEB-0069             
1 45430U 20020G   26220.94929885  .00000474  00000+0  13018-2 0  9995
2 45430  87.8921  10.5693 0001843 102.7258 257.4076 13.11412960309582
ONEWEB-0031             
1 45431U 20020H   26220.90845360 -.00000572  00000+0 -16501-2 0  9998
2 45431  87.8908  10.5782 0001974  93.0516 267.0838 13.11416415309561
ONEWEB-0027             
1 45432U 20020J   26220.88478880  .00000048  00000+0  89225-4 0  9996
2 45432  87.9178 355.3887 0002029  87.0203 273.1161 13.17649527313296
ONEWEB-0064             
1 45433U 20020K   26220.83045905 -.00000541  00000+0 -15614-2 0  9999
2 45433  87.8917  10.5877 0001887  90.9688 269.1656 13.11417221309586
ONEWEB-0018             
1 45434U 20020L   26221.16773458  .00000401  00000+0  10966-2 0  9996
2 45434  87.8917  10.5205 0002087 103.9932 256.1428 13.11417010309570
ONEWEB-0083             
1 45435U 20020M   26221.15783890 -.00000042  00000+0 -15562-3 0  9998
2 45435  87.8924  10.5189 0001900  94.8680 265.2665 13.11417368309616
ONEWEB-0095             
1 45436U 20020N   26220.92046587 -.00000225  00000+0 -67050-3 0  9990
2 45436  87.8911  10.5741 0001522  73.3564 286.7731 13.11417794309581
ONEWEB-0092             
1 45437U 20020P   26220.95100620  .00000478  00000+0  13120-2 0  9999
2 45437  87.8921  10.5595 0001981 100.5778 259.5573 13.11417941309709
ONEWEB-0085             
1 45438U 20020Q   26220.85237004  .00000079  00000+0  18625-3 0  9999
2 45438  87.8917  10.5833 0001808  94.3306 265.8029 13.11418104309578
ONEWEB-0096             
1 45439U 20020R   26220.93064821  .00000155  00000+0  40199-3 0  9990
2 45439  87.8921  10.5665 0001757  91.5411 268.5918 13.11418093309570
ONEWEB-0037             
1 45440U 20020S   26220.87950156  .00000310  00000+0  83763-3 0  9997
2 45440  87.8927  10.5512 0001752  90.4239 269.7090 13.11414503309600
ONEWEB-0042             
1 45441U 20020T   26220.92018403 -.00000247  00000+0 -73264-3 0  9990
2 45441  87.8920  10.5648 0001751  97.6061 262.5266 13.11417619309578
ONEWEB-0098             
1 45442U 20020U   26220.91609337 -.00000373  00000+0 -10870-2 0  9995
2 45442  87.8921  10.5744 0001880  94.7079 265.4264 13.11417967309551
ONEWEB-0055             
1 45443U 20020V   26220.89476696  .00000903  00000+0  25121-2 0  9995
2 45443  87.8924  10.5794 0002078 107.1079 253.0276 13.11408994309522
ONEWEB-0093             
1 45444U 20020W   26220.88798572 -.00000011  00000+0 -66605-4 0  9991
2 45444  87.8922  10.5789 0001796 105.4755 254.6571 13.11418185309587
ONEWEB-0029             
1 45445U 20020X   26220.90181289 -.00000470  00000+0 -13629-2 0  9991
2 45445  87.8913  10.5747 0001789 103.5666 256.5661 13.11417861309563
ONEWEB-0068             
1 45446U 20020Y   26221.17960904  .00000468  00000+0  12857-2 0  9998
2 45446  87.8922  10.5184 0001808 101.6820 258.4511 13.11415226309548
ONEWEB-0046             
1 45447U 20020Z   26221.17126140  .00000513  00000+0  14126-2 0  9997
2 45447  87.8915  10.5220 0001585 100.6052 259.5255 13.11416368309556
ONEWEB-0063             
1 45448U 20020AA  26221.12391914 -.00000226  00000+0 -67486-3 0  9997
2 45448  87.8922  10.5354 0001514  90.1531 269.9770 13.11415264309630
ONEWEB-0019             
1 45449U 20020AB  26221.16265065  .00000254  00000+0  68069-3 0  9996
2 45449  87.8919  10.5106 0002031  93.3991 266.7370 13.11417580309489
ONEWEB-0094             
1 45450U 20020AC  26220.82670608  .00000027  00000+0  37554-4 0  9997
2 45450  87.9185 355.3879 0002019 101.8938 258.2420 13.17650893313249
ONEWEB-0087             
1 45451U 20020AD  26221.13381402 -.00000527  00000+0 -15219-2 0  9993
2 45451  87.8930  10.5112 0001858 104.6785 255.4549 13.11415535309521
ONEWEB-0082             
1 45452U 20020AE  26221.13041948 -.00000420  00000+0 -12212-2 0  9994
2 45452  87.8922  10.5243 0001667 110.2548 249.8759 13.11415147309615
ONEWEB-0050             
1 45453U 20020AF  26221.04775124  .00000828  00000+0  82524-4 0  9990
2 45453  88.9279 226.0266 0005646 118.1839 241.9961 14.90531395348256
ONEWEB-0034             
1 45454U 20020AG  26220.86282701  .00000490  00000+0  13475-2 0  9996
2 45454  87.8924  10.5868 0001764  95.5255 264.6075 13.11416541309491
ONEWEB-0060             
1 45455U 20020AH  26221.12293330 -.00000083  00000+0 -27139-3 0  9990
2 45455  87.8915  10.5295 0002343 120.4314 239.7045 13.11416334309483
ONEWEB-0086             
1 45456U 20020AJ  26220.94901836  .00000483  00000+0  13277-2 0  9996
2 45456  87.8923  10.5633 0002490 104.3929 255.7476 13.11414946309523
ONEWEB-0088             
1 45457U 20020AK  26220.92710911  .00000045  00000+0  91217-4 0  9993
2 45457  87.8932  10.5440 0001398  95.7413 264.3874 13.11417736309457
ONEWEB-0102             
1 47258U 20100A   26221.04255031 -.00000284  00000+0 -82391-3 0  9993
2 47258  87.8989 340.1711 0002055  99.3755 260.7606 13.12444963271660
ONEWEB-0109             
1 47259U 20100B   26221.05102729 -.00000377  00000+0 -10842-2 0  9994
2 47259  87.8999 340.1577 0001938  95.3429 264.7921 13.12442289271499
ONEWEB-0110             
1 47260U 20100C   26221.15438024 -.00000305  00000+0 -88206-3 0  9998
2 47260  87.8993 340.1220 0002238  99.6431 260.4951 13.12446078271670
ONEWEB-0111             
1 47261U 20100D   26221.03237971  .00000106  00000+0  25821-3 0  9995
2 47261  87.8998 340.1644 0001879 102.6510 257.4828 13.12443466271496
ONEWEB-0114             
1 47262U 20100E   26221.06287499 -.00000215  00000+0 -63248-3 0  9997
2 47262  87.9003 340.1570 0001926  93.4782 266.6567 13.12445056271459
ONEWEB-0117             
1 47263U 20100F   26220.82569725 -.00000447  00000+0 -12787-2 0  9994
2 47263  87.8997 340.1929 0001927  99.4233 260.7114 13.12443738271433
ONEWEB-0118             
1 47264U 20100G   26221.08831308  .00000421  00000+0  11344-2 0  9991
2 47264  87.8998 340.1435 0001644  94.4416 265.6900 13.12443559271664
ONEWEB-0119             
1 47265U 20100H   26221.03747282 -.00000125  00000+0 -38268-3 0  9992
2 47265  87.8987 340.1658 0001865  98.4560 261.6780 13.12442884271638
ONEWEB-0120             
1 47266U 20100J   26221.06133094 -.00000374  00000+0 -10737-2 0  9992
2 47266  87.8989 340.1625 0001951  93.8623 266.2728 13.12444164271669
ONEWEB-0121             
1 47267U 20100K   26220.82061318 -.00000417  00000+0 -11937-2 0  9996
2 47267  87.8999 340.2012 0001875 109.1534 250.9797 13.12443715271543
ONEWEB-0122             
1 47268U 20100L   26220.81470009 -.00000356  00000+0 -10238-2 0  9992
2 47268  87.8999 340.2076 0002053  97.2879 262.8483 13.12442141271458
ONEWEB-0123             
1 47269U 20100M   26221.03915772 -.00000149  00000+0 -44853-3 0  9990
2 47269  87.8988 340.1647 0001782  97.9055 262.2276 13.12443032271624
ONEWEB-0124             
1 47270U 20100N   26220.87652345  .00000121  00000+0  30095-3 0  9998
2 47270  87.8986 340.1991 0001847 102.2281 257.9055 13.12442558271481
ONEWEB-0125             
1 47271U 20100P   26221.08322163  .00000375  00000+0  10058-2 0  9992
2 47271  87.8999 340.1477 0001654 106.0735 254.0576 13.12442837271573
ONEWEB-0126             
1 47272U 20100Q   26221.02745957  .00000247  00000+0  65232-3 0  9990
2 47272  87.8992 340.1709 0001875  95.0038 265.1305 13.12442406271635
ONEWEB-0127             
1 47273U 20100R   26220.76471621  .00000001  00000+0 -31733-4 0  9994
2 47273  87.8987 340.2188 0001969  96.4069 263.7284 13.12443030271628
ONEWEB-0128             
1 47274U 20100S   26220.78674744  .00000414  00000+0  11160-2 0  9995
2 47274  87.8986 340.2286 0002154 105.0932 255.0435 13.12441729271647
ONEWEB-0129             
1 47275U 20100T   26220.84264839 -.00000002  00000+0 -39548-4 0  9990
2 47275  87.8997 340.1966 0002380  72.2496 287.8892 13.12444708271588
ONEWEB-0130             
1 47276U 20100U   26220.79352770 -.00000911  00000+0 -25674-2 0  9999
2 47276  87.8998 340.2029 0001940  98.9140 261.2208 13.12433546271544
ONEWEB-0131             
1 47277U 20100V   26220.79013635  .00000348  00000+0  93296-3 0  9992
2 47277  87.8986 340.2155 0002047 102.3498 257.7860 13.12442781271586
ONEWEB-0132             
1 47278U 20100W   26220.89516855 -.00000425  00000+0 -12175-2 0  9990
2 47278  87.8989 340.1976 0001843 102.2829 257.8506 13.12444520271491
ONEWEB-0133             
1 47279U 20100X   26220.75949434 -.00000199  00000+0 -58767-3 0  9995
2 47279  87.9002 340.2069 0002025 102.1034 258.0321 13.12442581271632
ONEWEB-0134             
1 47280U 20100Y   26220.88161084 -.00000075  00000+0 -24253-3 0  9994
2 47280  87.9001 340.1797 0002118  96.7978 263.3392 13.12442306271629
ONEWEB-0135             
1 47281U 20100Z   26221.08152747  .00000201  00000+0  52354-3 0  9996
2 47281  87.8989 340.1561 0002192  99.4446 260.6930 13.12442007271676
ONEWEB-0136             
1 47282U 20100AA  26220.79520319  .00000274  00000+0  72690-3 0  9993
2 47282  87.8997 340.1985 0002183  96.2870 263.8508 13.12443216271569
ONEWEB-0137             
1 47283U 20100AB  26220.82909044 -.00000376  00000+0 -10814-2 0  9998
2 47283  87.9002 340.2044 0001755  98.8866 261.2461 13.12442705271474
ONEWEB-0138             
1 47284U 20100AC  26220.88330031 -.00000173  00000+0 -51622-3 0  9997
2 47284  87.8998 340.1970 0002071  95.9221 264.2143 13.12442361271568
ONEWEB-0139             
1 47285U 20100AD  26221.07659306  .00000244  00000+0  64404-3 0  9998
2 47285  87.8997 340.1445 0001910  98.2216 261.9129 13.12444447271662
ONEWEB-0140             
1 47286U 20100AE  26220.80198185  .00000099  00000+0  23919-3 0  9996
2 47286  87.8999 340.1911 0001968 103.5578 256.5769 13.12442727271598
ONEWEB-0141             
1 47287U 20100AF  26220.77135460  .00000193  00000+0  50193-3 0  9999
2 47287  87.8999 340.2015 0001622  95.7868 264.3446 13.12442839271577
ONEWEB-0142             
1 47288U 20100AG  26221.06471676 -.00000195  00000+0 -57690-3 0  9998
2 47288  87.8993 340.1618 0001786  85.8453 274.2880 13.12443223271605
ONEWEB-0143             
1 47289U 20100AH  26220.84603284  .00000548  00000+0  14892-2 0  9992
2 47289  87.8991 340.2051 0002007  89.7003 270.4356 13.12440226271557
ONEWEB-0144             
1 47290U 20100AJ  26220.81722730 -.00000384  00000+0 -11031-2 0  9991
2 47290  87.9002 340.1887 0002083  90.2666 269.8701 13.12443234271474
ONEWEB-0145             
1 47291U 20100AK  26220.78844049  .00000420  00000+0  11326-2 0  9992
2 47291  87.8990 340.2164 0001906  96.6434 263.4911 13.12441651271660
ONEWEB-0146             
1 47292U 20100AL  26221.09000172  .00000409  00000+0  11015-2 0  9991
2 47292  87.8999 340.1520 0001928 110.5131 249.6205 13.12442351271614
ONEWEB-0147             
1 47293U 20100AM  26220.82739315 -.00000367  00000+0 -10566-2 0  9995
2 47293  87.9000 340.1868 0002049 100.3877 259.7483 13.12442545271472
ONEWEB-0115             
1 48042U 21025A   26221.19532992 -.00000274  00000+0 -78417-3 0  9995
2 48042  87.8979 309.6804 0002039 102.0442 258.0915 13.13470806260556
ONEWEB-0152             
1 48043U 21025B   26221.20885712 -.00000169  00000+0 -49775-3 0  9997
2 48043  87.8984 309.6777 0002045 101.9068 258.2291 13.13469574260516
ONEWEB-0153             
1 48044U 21025C   26221.18684830 -.00000174  00000+0 -51071-3 0  9991
2 48044  87.8982 309.6807 0001971  97.1848 262.9505 13.13470365260507
ONEWEB-0154             
1 48045U 21025D   26221.18345580 -.00000060  00000+0 -19836-3 0  9995
2 48045  87.8988 309.6824 0002173 101.3674 258.7699 13.13471144260461
ONEWEB-0116             
1 48046U 21025E   26221.22239248  .00000351  00000+0  92621-3 0  9998
2 48046  87.8970 309.6732 0002109 101.1828 258.9538 13.13472115260619
ONEWEB-0150             
1 48047U 21025F   26221.19869692 -.00000244  00000+0 -70402-3 0  9993
2 48047  87.8989 309.6743 0001793  98.9510 261.1822 13.13471370260503
ONEWEB-0107             
1 48048U 21025G   26221.20039896 -.00000268  00000+0 -76931-3 0  9990
2 48048  87.8987 309.6698 0002000  95.0834 265.0524 13.13469488260486
ONEWEB-0101             
1 48049U 21025H   26221.01079919  .00000294  00000+0  77001-3 0  9996
2 48049  87.8973 309.7178 0002147  97.8003 262.3370 13.13468790260435
ONEWEB-0113             
1 48050U 21025J   26221.17052163  .00000164  00000+0  41209-3 0  9994
2 48050  87.8979 309.5909 0001852 100.5282 259.6056 13.13890693260561
ONEWEB-0112             
1 48051U 21025K   26221.20547258 -.00000238  00000+0 -68779-3 0  9998
2 48051  87.8989 309.6670 0002195  94.7117 265.4263 13.13471617260556
ONEWEB-0156             
1 48052U 21025L   26221.21393867 -.00000084  00000+0 -26528-3 0  9990
2 48052  87.8984 309.6751 0001911  96.1652 263.9695 13.13470052260539
ONEWEB-0161             
1 48053U 21025M   26221.18854356 -.00000200  00000+0 -58338-3 0  9996
2 48053  87.8988 309.6806 0001927  93.2655 266.8695 13.13468593260464
ONEWEB-0158             
1 48054U 21025N   26221.07174394  .00000211  00000+0  54247-3 0  9997
2 48054  87.8985 309.7015 0002201 106.1350 254.0022 13.13469252260575
ONEWEB-0157             
1 48055U 21025P   26221.17330407  .00000226  00000+0  58454-3 0  9998
2 48055  87.8981 309.6855 0002073  89.0208 271.1158 13.13468154260526
ONEWEB-0162             
1 48056U 21025Q   26220.76860067  .00000286  00000+0  74794-3 0  9994
2 48056  87.8977 309.7657 0001843  99.2203 260.9134 13.13470611260447
ONEWEB-0155             
1 48057U 21025R   26221.15638884  .00000341  00000+0  90015-3 0  9995
2 48057  87.8985 309.6862 0001949  98.1979 261.9371 13.13469485260631
ONEWEB-0149             
1 48058U 21025S   26221.17838719  .00000064  00000+0  14094-3 0  9992
2 48058  87.8985 309.6860 0001777  99.6161 260.5169 13.13470919260441
ONEWEB-0148             
1 48059U 21025T   26221.21732398  .00000095  00000+0  22562-3 0  9997
2 48059  87.8975 309.6818 0001439  92.8297 267.2997 13.13471715260576
ONEWEB-0160             
1 48060U 21025U   26221.00571906  .00000334  00000+0  88024-3 0  9993
2 48060  87.8976 309.7196 0002281 118.8298 241.3060 13.13471104260492
ONEWEB-0163             
1 48061U 21025V   26221.21902218  .00000044  00000+0  85156-4 0  9993
2 48061  87.8984 309.6762 0002040  90.7641 269.3722 13.13471086260644
ONEWEB-0159             
1 48062U 21025W   26221.21054780 -.00000148  00000+0 -43998-3 0  9990
2 48062  87.8985 309.6717 0002063  92.4869 267.6497 13.13471564260564
ONEWEB-0164             
1 48063U 21025X   26221.19192541 -.00000232  00000+0 -67075-3 0  9992
2 48063  87.8986 309.6816 0002014 102.0356 258.0999 13.13470407260545
ONEWEB-0167             
1 48064U 21025Y   26221.21986155  .00000081  00000+0  18556-3 0  9998
2 48064  87.8975 309.6812 0002582  90.8903 269.2522 13.13472237260530
ONEWEB-0166             
1 48065U 21025Z   26221.16653933  .00000282  00000+0  73848-3 0  9996
2 48065  87.8985 309.6685 0001924  98.5116 261.6232 13.13470614260609
ONEWEB-0151             
1 48066U 21025AA  26220.78733419  .00000148  00000+0  36915-3 0  9997
2 48066  87.8984 309.7580 0002123  98.9112 261.2258 13.13470441260495
ONEWEB-0170             
1 48067U 21025AB  26221.17669698  .00000108  00000+0  26171-3 0  9998
2 48067  87.8985 309.6829 0002431 108.3861 251.7532 13.13470174260505
ONEWEB-0168             
1 48068U 21025AC  26220.78057820  .00000233  00000+0  60304-3 0  9998
2 48068  87.8985 309.7631 0002028  98.4722 261.6638 13.13470217260465
ONEWEB-0173             
1 48069U 21025AD  26220.69593316  .00000298  00000+0  77970-3 0  9992
2 48069  87.8976 309.7783 0002181  90.5683 269.5696 13.13471117260699
ONEWEB-0171             
1 48070U 21025AE  26221.19023411 -.00000174  00000+0 -51086-3 0  9999
2 48070  87.8976 309.6863 0002101 100.4046 259.7320 13.13470611260575
ONEWEB-0172             
1 48071U 21025AF  26221.16992206  .00000266  00000+0  69380-3 0  9990
2 48071  87.8988 309.6855 0002145  96.5208 263.6166 13.13468708261468
ONEWEB-0174             
1 48072U 21025AG  26220.77042438  .00000271  00000+0  70620-3 0  9995
2 48072  87.8983 309.7631 0001847  95.8074 264.3266 13.13470590260738
ONEWEB-0175             
1 48073U 21025AH  26221.18177223 -.00000044  00000+0 -15448-3 0  9990
2 48073  87.8988 309.6674 0002332 100.1148 260.0245 13.13469896260447
ONEWEB-0177             
1 48074U 21025AJ  26221.19361009 -.00000264  00000+0 -75780-3 0  9998
2 48074  87.8982 309.6816 0001897  92.9723 267.1623 13.13471023260636
ONEWEB-0178             
1 48075U 21025AK  26221.21238296 -.00000083  00000+0 -26159-3 0  9998
2 48075  87.8977 309.6851 0002225  95.1721 264.9662 13.13469750260686
ONEWEB-0108             
1 48076U 21025AL  26221.17162027  .00000252  00000+0  65407-3 0  9997
2 48076  87.8986 309.6790 0001808 104.9336 255.1993 13.13468520260601
ONEWEB-0169             
1 48077U 21025AM  26221.20377848 -.00000250  00000+0 -71930-3 0  9999
2 48077  87.8987 309.6778 0001889  97.6809 262.4535 13.13471160259268
ONEWEB-0176             
1 48210U 21031A   26221.15696975  .00000273  00000+0  70307-3 0  9994
2 48210  87.8942 279.1441 0002125  95.9079 264.2293 13.14503705255270
ONEWEB-0184             
1 48211U 21031B   26221.20612782 -.00000040  00000+0 -14155-3 0  9998
2 48211  87.8943 279.1380 0002762  96.6982 263.4462 13.14501523255255
ONEWEB-0179             
1 48212U 21031C   26221.16668980  .00923635  00000+0  14742+0 0  9995
2 48212  87.8974 274.1872 0300038  83.9117 258.6863 14.43709938  5568
ONEWEB-0180             
1 48213U 21031D   26221.20929139  .00000017  00000+0  12357-4 0  9992
2 48213  87.8946 279.1353 0002225  86.3395 273.7989 13.14504294255186
ONEWEB-0218             
1 48214U 21031E   26221.15538328  .00000284  00000+0  73241-3 0  9997
2 48214  87.8951 279.1454 0002802  87.2999 272.8451 13.14501499255331
ONEWEB-0209             
1 48215U 21031F   26221.14426625  .00000209  00000+0  52914-3 0  9994
2 48215  87.8939 279.1598 0001999  89.3648 270.7711 13.14504879255338
ONEWEB-0198             
1 48216U 21031G   26221.20466978 -.00000048  00000+0 -16296-3 0  9993
2 48216  87.8928 279.1422 0002305  86.6183 273.5210 13.14504531255452
ONEWEB-0189             
1 48217U 21031H   26221.21723257  .00000107  00000+0  25399-3 0  9999
2 48217  87.8941 279.1316 0002246  89.1902 270.9485 13.14503754255193
ONEWEB-0196             
1 48218U 21031J   26221.19502360 -.00000198  00000+0 -56920-3 0  9993
2 48218  87.8943 279.1445 0002084  92.3704 267.7664 13.14504104255198
ONEWEB-0183             
1 48219U 21031K   26221.16965473  .00000081  00000+0  18334-3 0  9995
2 48219  87.8942 279.1466 0001824  95.9472 264.1865 13.14503771255286
ONEWEB-0185             
1 48220U 21031L   26221.19581851 -.00000178  00000+0 -51528-3 0  9995
2 48220  87.8943 279.1385 0001754  87.0685 273.0646 13.14502295255218
ONEWEB-0187             
1 48221U 21031M   26221.17584108 -.00000040  00000+0 -14357-3 0  9999
2 48221  87.8941 279.1549 0001985  90.7142 269.4215 13.14504272255223
ONEWEB-0192             
1 48222U 21031N   26221.14587078  .00000242  00000+0  61843-3 0  9990
2 48222  87.8938 279.1507 0002081  94.9694 265.1674 13.14501917255135
ONEWEB-0219             
1 48223U 21031P   26221.20136625 -.00000130  00000+0 -38412-3 0  9990
2 48223  87.8951 279.1354 0001939  89.5164 270.6188 13.14502480255344
ONEWEB-0202             
1 48224U 21031Q   26221.18234149 -.00000163  00000+0 -47354-3 0  9999
2 48224  87.8942 279.1497 0002639  88.1927 271.9505 13.14503657255325
ONEWEB-0204             
1 48225U 21031R   26221.21644762  .00000125  00000+0  30282-3 0  9998
2 48225  87.8941 279.1372 0001664  99.4376 260.6942 13.14503523255228
ONEWEB-0205             
1 48226U 21031S   26221.19184550 -.00000303  00000+0 -85255-3 0  9990
2 48226  87.8947 279.1388 0002036  87.5375 272.5988 13.14503479255236
ONEWEB-0206             
1 48227U 21031T   26221.16490034  .00000186  00000+0  46718-3 0  9993
2 48227  87.8945 279.1433 0002053 101.2619 258.8741 13.14503532255188
ONEWEB-0182             
1 48228U 21031U   26221.16013752  .00000225  00000+0  57227-3 0  9993
2 48228  87.8941 279.1498 0001806  98.2388 261.8947 13.14502080255391
ONEWEB-0186             
1 48229U 21031V   26221.17122538  .00000063  00000+0  13421-3 0  9996
2 48229  87.8952 279.1435 0002000  93.2278 266.9081 13.14504417255341
ONEWEB-0181             
1 48230U 21031W   26221.14904522  .00000276  00000+0  71108-3 0  9998
2 48230  87.8930 279.1680 0002086  91.7204 268.4164 13.14502401255190
ONEWEB-0188             
1 48231U 21031X   26221.18709176 -.00000184  00000+0 -53113-3 0  9997
2 48231  87.8931 279.1593 0001968  94.2551 265.8803 13.14502731255104
ONEWEB-0220             
1 48232U 21031Y   26221.15062409  .00000300  00000+0  77467-3 0  9992
2 48232  87.8947 279.1480 0001840  89.9981 270.1360 13.14504088255366
ONEWEB-0165             
1 48233U 21031Z   26221.17916529 -.00000053  00000+0 -17695-3 0  9990
2 48233  87.8943 279.1518 0002292  87.9006 272.2386 13.14501979255326
ONEWEB-0199             
1 48234U 21031AA  26221.16331682  .00000158  00000+0  39184-3 0  9992
2 48234  87.8947 279.1440 0001981 101.1833 258.9519 13.14503172255221
ONEWEB-0203             
1 48235U 21031AB  26221.15381159  .00000273  00000+0  70264-3 0  9998
2 48235  87.8944 279.1483 0002189  98.2085 261.9293 13.14502873255233
ONEWEB-0197             
1 48236U 21031AC  26221.20439259 -.00000065  00000+0 -20972-3 0  9992
2 48236  87.8936 279.1202 0001764  95.1292 265.0039 13.14503825255150
ONEWEB-0194             
1 48237U 21031AD  26221.18392058 -.00000128  00000+0 -37920-3 0  9996
2 48237  87.8940 279.1482 0002177 101.1117 259.0258 13.14501830255328
ONEWEB-0193             
1 48238U 21031AE  26221.19978351 -.00000110  00000+0 -33085-3 0  9993
2 48238  87.8943 279.1353 0002258 106.3945 253.7433 13.14503823255279
ONEWEB-0191             
1 48239U 21031AF  26221.21087955  .00000090  00000+0  20949-3 0  9998
2 48239  87.8943 279.1353 0001878  96.8009 263.3335 13.14502201255133
ONEWEB-0195             
1 48240U 21031AG  26221.18787558 -.00000209  00000+0 -59750-3 0  9998
2 48240  87.8945 279.1397 0002251  88.3351 271.8036 13.14501133255110
ONEWEB-0201             
1 48241U 21031AH  26221.17614214 -.00000040  00000+0 -14363-3 0  9990
2 48241  87.8942 279.1551 0001745  90.7802 269.3528 13.14504050255349
ONEWEB-0207             
1 48242U 21031AJ  26221.15616698  .00000294  00000+0  75754-3 0  9997
2 48242  87.8945 279.1468 0001669  96.7913 263.3406 13.14501739255254
ONEWEB-0208             
1 48243U 21031AK  26221.21405132  .00000082  00000+0  18655-3 0  9996
2 48243  87.8939 279.1395 0002286  90.0595 270.0797 13.14503579255270
ONEWEB-0200             
1 48244U 21031AL  26221.17757531 -.00000843  00000+0 -23091-2 0  9991
2 48244  87.8945 279.1381 0002267  81.6680 278.4706 13.14502581255198
ONEWEB-0217             
1 48245U 21031AM  26221.19342785 -.00000199  00000+0 -57023-3 0  9992
2 48245  87.8947 279.1386 0002313  89.4599 270.6795 13.14504152255146
ONEWEB-0211             
1 48767U 21045A   26221.10076831 -.00000057  00000+0 -18439-3 0  9994
2 48767  87.8965 248.5242 0002684  85.6226 274.5211 13.16197939251406
ONEWEB-0223             
1 48768U 21045B   26221.12916726  .00000070  00000+0  15231-3 0  9993
2 48768  87.8967 248.6412 0002471  92.8582 267.2831 13.15549220251363
ONEWEB-0230             
1 48769U 21045C   26221.10067093 -.00003255  00000+0 -86877-2 0  9999
2 48769  87.8966 248.6544 0001817  91.1002 269.0337 13.15523389251629
ONEWEB-0237             
1 48770U 21045D   26221.08955299  .00000115  00000+0  27132-3 0  9992
2 48770  87.8960 248.6594 0002137  84.9271 275.2103 13.15547983251349
ONEWEB-0235             
1 48771U 21045E   26221.14026221  .00000141  00000+0  33919-3 0  9993
2 48771  87.8967 248.6404 0002470  96.0785 264.0627 13.15547058251341
ONEWEB-0242             
1 48772U 21045F   26221.13391755  .00000075  00000+0  16624-3 0  9990
2 48772  87.8969 248.6393 0002175  98.0882 262.0495 13.15549595251386
ONEWEB-0241             
1 48773U 21045G   26221.12125028 -.00000006  00000+0 -49649-4 0  9998
2 48773  87.8958 248.6541 0002419  92.1750 267.9657 13.15551147251290
ONEWEB-0243             
1 48774U 21045H   26221.07687575  .00000182  00000+0  45066-3 0  9994
2 48774  87.8961 248.6759 0002390 104.3142 255.8254 13.15547716251314
ONEWEB-0222             
1 48775U 21045J   26221.13629302  .00000136  00000+0  32736-3 0  9995
2 48775  87.8966 248.6357 0002272  91.9688 268.1703 13.15546592251361
ONEWEB-0244             
1 48776U 21045K   26221.16244705 -.00000063  00000+0 -20223-3 0  9998
2 48776  87.8976 248.6279 0002165  95.9365 264.2012 13.15548728251939
ONEWEB-0247             
1 48777U 21045L   26221.08322549  .00000159  00000+0  38830-3 0  9990
2 48777  87.8960 248.6688 0002784 103.9021 256.2419 13.15548161251363
ONEWEB-0245             
1 48778U 21045M   26221.07845449  .00000160  00000+0  38988-3 0  9995
2 48778  87.8970 248.6539 0002181  90.5240 269.6141 13.15547141251339
ONEWEB-0229             
1 48779U 21045N   26221.14977330  .00000095  00000+0  21697-3 0  9995
2 48779  87.8968 248.6372 0002104  97.0951 263.0419 13.15548548251370
ONEWEB-0228             
1 48780U 21045P   26221.10712052 -.00000161  00000+0 -46237-3 0  9994
2 48780  87.8974 248.6410 0002128  93.8172 266.3201 13.15546802251283
ONEWEB-0232             
1 48781U 21045Q   26221.15769970  .00000017  00000+0  10317-4 0  9990
2 48781  87.8973 248.6310 0002070  91.2585 268.8782 13.15549090251618
ONEWEB-0231             
1 48782U 21045R   26221.13551883  .00000107  00000+0  24919-3 0  9993
2 48782  87.8965 248.6456 0002299  93.6047 266.5346 13.15548439251306
ONEWEB-0234             
1 48783U 21045S   26221.09734713 -.00000087  00000+0 -26590-3 0  9990
2 48783  87.8976 248.6370 0002020  69.8525 290.2823 13.15549588251436
ONEWEB-0238             
1 48784U 21045T   26221.09760978 -.00000097  00000+0 -29089-3 0  9990
2 48784  87.8977 248.6333 0001984  81.5145 278.6211 13.15547182251332
ONEWEB-0240             
1 48785U 21045U   26221.11886228 -.00000020  00000+0 -88027-4 0  9995
2 48785  87.8971 248.6381 0002352  89.7308 270.4092 13.15547206251368
ONEWEB-0246             
1 48786U 21045V   26221.11332730 -.00000087  00000+0 -26406-3 0  9995
2 48786  87.8968 248.6425 0002112  96.1660 263.9711 13.15548941251239
ONEWEB-0210             
1 48787U 21045W   26221.16403058  .00000065  00000+0  13888-3 0  9997
2 48787  87.8971 248.6299 0002666 108.9764 251.1655 13.15549202251286
ONEWEB-0214             
1 48788U 21045X   26221.09669221 -.00000025  00000+0 -99895-4 0  9997
2 48788  87.8973 248.6404 0002011 103.0750 257.0605 13.15549187251240
ONEWEB-0221             
1 48789U 21045Y   26221.10381751 -.00000122  00000+0 -35815-3 0  9998
2 48789  87.8971 248.6469 0002259  93.5961 266.5427 13.15549005251337
ONEWEB-0213             
1 48790U 21045Z   26221.09271759 -.00000050  00000+0 -16639-3 0  9997
2 48790  87.8970 248.6520 0002329  97.0394 263.1001 13.15549596251395
ONEWEB-0212             
1 48791U 21045AA  26221.14581720  .00000130  00000+0  31142-3 0  9999
2 48791  87.8969 248.6359 0002054  92.8160 267.3206 13.15548213251391
ONEWEB-0227             
1 48792U 21045AB  26221.06895926  .00000191  00000+0  47342-3 0  9993
2 48792  87.8968 248.6509 0002143  94.0422 266.0954 13.15547360251334
ONEWEB-0226             
1 48793U 21045AC  26221.13868440  .00000076  00000+0  16825-3 0  9997
2 48793  87.8967 248.6417 0002257  99.0835 261.0551 13.15548002251311
ONEWEB-0224             
1 48794U 21045AD  26221.10222535 -.00000107  00000+0 -31949-3 0  9995
2 48794  87.8961 248.6795 0002598  75.2325 284.9093 13.15549563251232
ONEWEB-0233             
1 48795U 21045AE  26221.10684682 -.00000102  00000+0 -30636-3 0  9998
2 48795  87.8960 248.6855 0002348  92.4052 267.7347 13.15548049251251
ONEWEB-0190             
1 48796U 21045AF  26221.17035742 -.00000079  00000+0 -24382-3 0  9997
2 48796  87.8968 248.6385 0002744  98.5029 261.6412 13.15549061251339
ONEWEB-0236             
1 48797U 21045AG  26221.11173429 -.00000122  00000+0 -35702-3 0  9994
2 48797  87.8957 248.6559 0001996  90.2671 269.8688 13.15549196251212
ONEWEB-0248             
1 48798U 21045AH  26221.12441366 -.00000021  00000+0 -89208-4 0  9993
2 48798  87.8967 248.6425 0002524  90.6601 269.4818 13.15546931251373
ONEWEB-0225             
1 48799U 21045AJ  26221.14660618  .00000133  00000+0  31986-3 0  9990
2 48799  87.8965 248.6440 0002606  97.8365 262.3062 13.15548641251380
ONEWEB-0215             
1 48800U 21045AK  26221.11648682 -.00000077  00000+0 -23891-3 0  9992
2 48800  87.8969 248.6355 0002747  95.1650 264.9794 13.15547061251257
ONEWEB-0216             
1 48801U 21045AL  26221.12600348  .00000042  00000+0  77994-4 0  9995
2 48801  87.8965 248.6467 0002007  94.8049 265.3310 13.15549474251265
ONEWEB-0239             
1 48802U 21045AM  26221.13076649  .00000076  00000+0  16798-3 0  9999
2 48802  87.8967 248.6490 0002874  89.5254 270.6206 13.15548853251303
ONEWEB-0249             
1 48967U 21060A   26221.02278402 -.00000046  00000+0 -15391-3 0  9994
2 48967  87.9086 218.2810 0002200  86.9904 273.1479 13.16592955246568
ONEWEB-0250             
1 48968U 21060B   26221.21037804  .00000020  00000+0  16099-4 0  9992
2 48968  87.9090 215.8282 0002439  63.9092 296.2295 13.25836545247241
ONEWEB-0252             
1 48970U 21060D   26220.97765079  .00000085  00000+0  18919-3 0  9992
2 48970  87.9086 218.2828 0001978  98.2731 261.8624 13.16595787246603
ONEWEB-0253             
1 48971U 21060E   26221.04255976  .00000025  00000+0  32529-4 0  9990
2 48971  87.9085 218.2751 0002147  86.0126 274.1251 13.16592841246544
ONEWEB-0254             
1 48972U 21060F   26220.97606644  .00000132  00000+0  31252-3 0  9994
2 48972  87.9089 218.2869 0002407  86.9161 273.2246 13.16595773246536
ONEWEB-0255             
1 48973U 21060G   26221.01406512 -.00000023  00000+0 -94764-4 0  9992
2 48973  87.9086 218.2850 0002292  88.2772 271.8622 13.16595669246614
ONEWEB-0256             
1 48974U 21060H   26221.04018404  .00000006  00000+0 -18675-4 0  9992
2 48974  87.9079 218.2817 0002032  92.5767 267.5596 13.16595796246583
ONEWEB-0257             
1 48975U 21060J   26220.99665345  .00000092  00000+0  20813-3 0  9998
2 48975  87.9090 218.2797 0002191  90.9328 269.2054 13.16595632246537
ONEWEB-0258             
1 48976U 21060K   26220.99823323  .00000042  00000+0  75422-4 0  9993
2 48976  87.9086 218.2920 0002103  87.6407 272.4965 13.16594039246543
ONEWEB-0259             
1 48977U 21060L   26220.99190117  .00000086  00000+0  19198-3 0  9997
2 48977  87.9087 218.2916 0002222  85.1449 274.9936 13.16595437246572
ONEWEB-0260             
1 48978U 21060M   26221.05919020  .00000048  00000+0  92791-4 0  9997
2 48978  87.9079 218.2774 0001915  98.6656 261.4692 13.16593822246568
ONEWEB-0261             
1 48979U 21060N   26221.02911794 -.00000054  00000+0 -17428-3 0  9997
2 48979  87.9082 218.2849 0002357  93.3321 266.8080 13.16594722246614
ONEWEB-0262             
1 48980U 21060P   26221.00931663  .00000038  00000+0  65214-4 0  9991
2 48980  87.9086 218.2759 0002320  83.8833 276.2562 13.16595754246573
ONEWEB-0263             
1 48981U 21060Q   26221.04098281 -.00000007  00000+0 -52563-4 0  9997
2 48981  87.9086 218.2818 0002420  90.5787 269.5621 13.16594767246545
ONEWEB-0264             
1 48982U 21060R   26221.23018521  .00000322  00000+0  80892-3 0  9991
2 48982  87.9081 218.2444 0002189  93.3231 266.8150 13.16597046246576
ONEWEB-0266             
1 48984U 21060T   26221.02356193 -.00000060  00000+0 -19047-3 0  9995
2 48984  87.9087 218.2785 0002046  86.8655 273.2710 13.16593932246531
ONEWEB-0267             
1 48985U 21060U   26221.03464772 -.00000056  00000+0 -17899-3 0  9998
2 48985  87.9084 218.2736 0002247  92.0420 268.0968 13.16594752246546
ONEWEB-0268             
1 48986U 21060V   26221.23096257  .00000193  00000+0  47175-3 0  9990
2 48986  87.9086 218.2431 0002035  92.4953 267.6410 13.16595665246834
ONEWEB-0269             
1 48987U 21060W   26220.98398464  .00000394  00000+0  99593-3 0  9991
2 48987  87.9077 218.2921 0002055  84.5717 275.5648 13.16593600246570
ONEWEB-0270             
1 48988U 21060X   26221.22940098  .00000157  00000+0  37688-3 0  9990
2 48988  87.9080 218.2459 0002448  86.4374 273.7037 13.16593723246643
ONEWEB-0271             
1 48989U 21060Y   26220.98873340  .00000114  00000+0  26449-3 0  9994
2 48989  87.9086 218.2826 0002324  91.5195 268.6202 13.16595479246613
ONEWEB-0272             
1 48990U 21060Z   26221.16288161  .00000046  00000+0  86098-4 0  9999
2 48990  87.9082 218.2576 0002129  96.5849 263.5524 13.16593665246589
ONEWEB-0273             
1 48991U 21060AA  26221.03305146 -.00000005  00000+0 -45589-4 0  9996
2 48991  87.9079 218.2841 0002239  88.3343 271.8044 13.16594401246545
ONEWEB-0274             
1 48992U 21060AB  26220.98238726  .00000150  00000+0  35863-3 0  9991
2 48992  87.9076 218.2934 0002018  97.2369 262.8991 13.16592647246572
ONEWEB-0275             
1 48993U 21060AC  26221.04732610 -.00000002  00000+0 -38943-4 0  9992
2 48993  87.9085 218.2748 0001774 113.2447 246.8871 13.16593422246515
ONEWEB-0276             
1 48994U 21060AD  26221.23255897  .00000164  00000+0  39591-3 0  9997
2 48994  87.9088 218.2367 0002066  92.9547 267.1821 13.16595566246551
ONEWEB-0277             
1 48995U 21060AE  26221.01723435 -.00000028  00000+0 -10638-3 0  9994
2 48995  87.9079 218.2850 0002259  89.3694 270.7695 13.16593750246514
ONEWEB-0278             
1 48996U 21060AF  26221.00773436  .00000013  00000+0  66448-6 0  9995
2 48996  87.9087 218.2804 0002013  83.8141 276.3219 13.16595630246644
ONEWEB-0279             
1 48997U 21060AG  26221.01565205 -.00000042  00000+0 -14297-3 0  9996
2 48997  87.9087 218.2773 0002285  93.9662 266.1731 13.16595334246570
ONEWEB-0280             
1 48998U 21060AH  26221.03068477 -.00000074  00000+0 -22611-3 0  9992
2 48998  87.9086 218.2782 0002300  81.6879 278.4513 13.16592659246517
ONEWEB-0281             
1 48999U 21060AJ  26221.03624053 -.00000004  00000+0 -44571-4 0  9994
2 48999  87.9088 218.2734 0001984  91.9894 268.1465 13.16593119246586
ONEWEB-0282             
1 49000U 21060AK  26220.99031685  .00000106  00000+0  24432-3 0  9999
2 49000  87.9086 218.2892 0002211  88.5299 271.6085 13.16593520246558
ONEWEB-0283             
1 49001U 21060AL  26220.97923686  .00000112  00000+0  25881-3 0  9995
2 49001  87.9084 218.2908 0002207  92.3692 267.7691 13.16594776246564
ONEWEB-0284             
1 49002U 21060AM  26221.04889942  .00000055  00000+0  11099-3 0  9993
2 49002  87.9086 218.2713 0002173  80.3055 279.8321 13.16595026246555
ONEWEB-0285             
1 49075U 21075A   26221.04509986 -.00000357  00000+0 -10275-2 0  9997
2 49075  87.8997 340.1615 0001663  98.5855 261.5462 13.12441655242142
ONEWEB-0286             
1 49076U 21075B   26220.79846932  .00000161  00000+0  41286-3 0  9992
2 49076  87.8988 340.2220 0001642  99.2643 260.8672 13.12442273241462
ONEWEB-0287             
1 49077U 21075C   26220.79043389  .00003433  00000+0  88055-2 0  9997
2 49077  87.9216 355.4053 0001257 119.5746 240.5511 13.17644528240550
ONEWEB-0288             
1 49078U 21075D   26220.77488851  .00000292  00000+0  77513-3 0  9991
2 49078  87.8996 340.2080 0001715  93.9763 266.1562 13.12443799242082
ONEWEB-0289             
1 49079U 21075E   26220.82923761 -.00000026  00000+0 -10024-3 0  9993
2 49079  87.9178 355.4183 0002131  88.0696 272.0680 13.17648568241139
ONEWEB-0290             
1 49080U 21075F   26221.10598284  .00000000  00000+0 -32301-4 0  9999
2 49080  87.9187 355.3379 0002216  86.6158 273.5227 13.17648969240584
ONEWEB-0291             
1 49081U 21075G   26221.09078443 -.00000004  00000+0 -43786-4 0  9992
2 49081  87.9178 355.3446 0001681  86.2569 273.8754 13.17650878240576
ONEWEB-0293             
1 49082U 21075H   26220.88829984 -.00000017  00000+0 -77787-4 0  9995
2 49082  87.9178 355.3877 0001910  92.5294 267.6057 13.17648131240571
ONEWEB-0294             
1 49083U 21075J   26221.08661558  .00000381  00000+0  10231-2 0  9991
2 49083  87.8997 340.1505 0002083  91.1830 268.9537 13.12442147241519
ONEWEB-0295             
1 49084U 21075K   26220.88745096  .00000028  00000+0  39104-4 0  9999
2 49084  87.9178 355.3915 0001617  90.1938 269.9379 13.17647988240536
ONEWEB-0296             
1 49085U 21075L   26220.76131894 -.00000169  00000+0 -50447-3 0  9992
2 49085  87.8993 340.2226 0001674  90.5975 269.5346 13.12444838241475
ONEWEB-0297             
1 49086U 21075M   26220.79181734  .00000376  00000+0  10090-2 0  9991
2 49086  87.8986 340.2219 0001770  98.2337 261.8992 13.12443185242088
ONEWEB-0298             
1 49087U 21075N   26221.11961328 -.00000034  00000+0 -12050-3 0  9996
2 49087  87.9175 355.3438 0001775 100.4967 259.6364 13.17650821240594
ONEWEB-0299             
1 49088U 21075P   26220.81742732  .00000030  00000+0  44566-4 0  9991
2 49088  87.9185 355.3888 0001655  97.2079 262.9241 13.17649415240531
ONEWEB-0300             
1 49089U 21075Q   26220.86043773  .00000437  00000+0  11803-2 0  9993
2 49089  87.8997 340.1934 0001775 111.1984 248.9334 13.12444019242111
ONEWEB-0301             
1 49090U 21075R   26221.07305560  .00000074  00000+0  16966-3 0  9997
2 49090  87.8996 340.1484 0001932 109.9066 250.2271 13.12443001241501
ONEWEB-0302             
1 49091U 21075S   26220.75454836 -.00000336  00000+0 -96876-3 0  9994
2 49091  87.8990 340.2226 0001937  89.3218 270.8133 13.12445426241447
ONEWEB-0304             
1 49092U 21075T   26221.09586318 -.00000008  00000+0 -54464-4 0  9998
2 49092  87.9175 355.3509 0001702  93.7095 266.4232 13.17650185240543
ONEWEB-0305             
1 49093U 21075U   26221.08911471  .00000001  00000+0 -30584-4 0  9999
2 49093  87.9187 355.3412 0001462  92.0619 268.0680 13.17649134240577
ONEWEB-0308             
1 49094U 21075V   26221.05271347 -.00000406  00000+0 -11639-2 0  9996
2 49094  87.8999 340.1576 0001892  99.4618 260.6724 13.12443618241491
ONEWEB-0309             
1 49095U 21075W   26220.78873773 -.00000028  00000+0 -10420-3 0  9995
2 49095  87.9178 355.4048 0002071  84.7105 275.4262 13.17648641240503
ONEWEB-0310             
1 49096U 21075X   26220.83925884 -.00000088  00000+0 -28094-3 0  9995
2 49096  87.8989 340.2167 0001910  98.6236 261.5110 13.12443238242091
ONEWEB-0311             
1 49097U 21075Y   26220.87142597 -.00000049  00000+0 -15899-3 0  9998
2 49097  87.9176 355.3882 0001393  98.7757 261.3532 13.17648820240561
ONEWEB-0312             
1 49098U 21075Z   26220.88661237  .00000629  00000+0  15866-2 0  9992
2 49098  87.9175 355.3957 0001756  87.1292 273.0040 13.17645629240549
ONEWEB-0313             
1 49099U 21075AA  26221.11934758  .00000013  00000+0 -15108-7 0  9993
2 49099  87.9174 355.3537 0001715  96.7731 263.3596 13.17648360240567
ONEWEB-0314             
1 49100U 21075AB  26220.85792838 -.00000021  00000+0 -86100-4 0  9994
2 49100  87.9188 355.3845 0001603  86.8038 273.3277 13.17651350240507
ONEWEB-0315             
1 49101U 21075AC  26221.04085836 -.00000175  00000+0 -52224-3 0  9999
2 49101  87.8997 340.1448 0001517 103.9770 256.1527 13.12443138242107
ONEWEB-0316             
1 49102U 21075AD  26221.19661054  .00000001  00000+0 -30466-4 0  9990
2 49102  87.9207 324.9215 0001996  98.8062 261.3296 13.18687334244198
ONEWEB-0317             
1 49103U 21075AE  26221.04424512  .00000323  00000+0  86128-3 0  9992
2 49103  87.8992 340.1666 0002413  90.1814 269.9591 13.12437071242122
ONEWEB-0318             
1 49104U 21075AF  26221.19310796  .00000030  00000+0  42628-4 0  9990
2 49104  87.9209 324.9244 0001778 102.2572 257.8759 13.18684448244151
ONEWEB-0319             
1 49105U 21075AG  26220.87311773 -.00000048  00000+0 -15741-3 0  9997
2 49105  87.9174 355.3928 0001404 107.5564 252.5721 13.17648731240549
ONEWEB-0323             
1 49106U 21075AH  26220.79690310  .00000230  00000+0  60262-3 0  9995
2 49106  87.8998 340.1989 0001322 102.6987 257.4290 13.12442617241452
ONEWEB-0329             
1 49107U 21075AJ  26220.80561233  .00000022  00000+0  22698-4 0  9990
2 49107  87.9178 355.4076 0001724  93.6590 266.4739 13.17648359240515
ONEWEB-0330             
1 49108U 21075AK  26221.11287944 -.00000001  00000+0 -35870-4 0  9995
2 49108  87.9181 355.3585 0001804  91.8406 268.2932 13.17649945240594
ONEWEB-0292             
1 49186U 21083A   26221.18514758 -.00000070  00000+0 -22588-3 0  9990
2 49186  87.8977 309.6953 0001856 102.7588 257.3748 13.13471010237887
ONEWEB-0303             
1 49187U 21083B   26221.03800177  .00000083  00000+0  17714-3 0  9995
2 49187  87.9207 324.9539 0001774 100.8985 259.2347 13.18686317236949
ONEWEB-0306             
1 49188U 21083C   26220.80025391  .00000014  00000+0  34408-5 0  9992
2 49188  87.9213 324.9907 0002144  95.4611 264.6766 13.18686133236955
ONEWEB-0307             
1 49189U 21083D   26221.17924274  .00000035  00000+0  60376-4 0  9997
2 49189  87.8977 309.6946 0001849  98.9033 261.2306 13.13469374237889
ONEWEB-0320             
1 49190U 21083E   26221.19986454 -.00000064  00000+0 -19551-3 0  9991
2 49190  87.9201 324.9241 0002007  99.4045 260.7314 13.18685570236960
ONEWEB-0321             
1 49191U 21083F   26221.15504396  .00000002  00000+0 -27658-4 0  9998
2 49191  87.9154 263.8763 0002256  96.7234 263.4156 13.20771411243824
ONEWEB-0322             
1 49192U 21083G   26221.17499361  .00000202  00000+0  51833-3 0  9998
2 49192  87.8979 309.6949 0002433 103.0508 257.0893 13.13471371237876
ONEWEB-0324             
1 49193U 21083H   26220.79348687 -.00000267  00000+0 -70910-3 0  9990
2 49193  87.9212 324.9978 0001957  94.4660 265.6695 13.18685505236934
ONEWEB-0325             
1 49194U 21083J   26221.02450995 -.00000119  00000+0 -33546-3 0  9994
2 49194  87.9201 324.9550 0001966 103.0465 257.0887 13.18682609236973
ONEWEB-0326             
1 49195U 21083K   26221.03981431  .00000065  00000+0  13168-3 0  9996
2 49195  87.9208 324.9539 0001723 105.6228 254.5094 13.18687570236967
ONEWEB-0327             
1 49196U 21083L   26221.03954042 -.00000069  00000+0 -20674-3 0  9991
2 49196  87.9203 324.9543 0001766 111.0872 249.0449 13.18686663236988
ONEWEB-0328             
1 49197U 21083M   26221.16484808  .00000276  00000+0  72117-3 0  9991
2 49197  87.8984 309.6753 0001934  95.0463 265.0887 13.13470266237857
ONEWEB-0331             
1 49198U 21083N   26220.80529994 -.00000015  00000+0 -71776-4 0  9992
2 49198  87.9211 324.9950 0001613 102.2326 257.8987 13.18686594236941
ONEWEB-0333             
1 49199U 21083P   26220.77888226  .00000297  00000+0  77875-3 0  9990
2 49199  87.8975 309.7736 0001985 101.6051 258.5301 13.13470734237818
ONEWEB-0334             
1 49200U 21083Q   26221.16932847 -.00000081  00000+0 -23212-3 0  9995
2 49200  87.9152 263.8837 0002830  97.3481 262.7974 13.20774598243788
ONEWEB-0335             
1 49201U 21083R   26221.00235035  .00000295  00000+0  77275-3 0  9997
2 49201  87.8976 309.7262 0001811 100.9589 259.1743 13.13469935237855
ONEWEB-0336             
1 49202U 21083S   26221.20209503 -.00000278  00000+0 -79508-3 0  9995
2 49202  87.8974 309.6808 0001683 100.1665 259.9654 13.13470259237875
ONEWEB-0337             
1 49203U 21083T   26221.21211411 -.00000099  00000+0 -30486-3 0  9991
2 49203  87.8975 309.6849 0001880  94.2201 265.9142 13.13472193237878
ONEWEB-0338             
1 49204U 21083U   26221.14661809  .00000036  00000+0  57101-4 0  9997
2 49204  87.9155 263.8899 0002333  97.9011 262.2387 13.20771924243802
ONEWEB-0339             
1 49205U 21083V   26221.22071759  .00000096  00000+0  22729-3 0  9999
2 49205  87.8973 309.6767 0002283  97.6543 262.4845 13.13470948237857
ONEWEB-0340             
1 49206U 21083W   26221.01945062 -.00000041  00000+0 -13716-3 0  9992
2 49206  87.9209 324.9580 0001802  99.2765 260.8571 13.18685729236930
ONEWEB-0341             
1 49207U 21083X   26220.72268788 -.00000006  00000+0 -48937-4 0  9998
2 49207  87.9205 325.0170 0001850  85.2348 274.8995 13.18685233236912
ONEWEB-0342             
1 49208U 21083Y   26221.15335286  .00000045  00000+0  79933-4 0  9996
2 49208  87.9156 263.8788 0002158  94.3688 265.7691 13.20770694243775
ONEWEB-0343             
1 49209U 21083Z   26221.03462525 -.00000037  00000+0 -12716-3 0  9999
2 49209  87.9203 324.9540 0002346  95.9186 264.2214 13.18685334237000
ONEWEB-0344             
1 49210U 21083AA  26221.21562744 -.00000015  00000+0 -74919-4 0  9995
2 49210  87.8976 309.6900 0001865  87.3325 272.8018 13.13470946237859
ONEWEB-0345             
1 49211U 21083AB  26221.20715999 -.00000144  00000+0 -42845-3 0  9992
2 49211  87.8983 309.6788 0001954  89.9153 270.2200 13.13471613237866
ONEWEB-0346             
1 49212U 21083AC  26221.03125000 -.00000057  00000+0 -17754-3 0  9996
2 49212  87.9204 324.9529 0001358 109.4045 250.7234 13.18685166236946
ONEWEB-0348             
1 49213U 21083AD  26221.14323459 -.00000208  00000+0 -54347-3 0  9994
2 49213  87.9156 263.8855 0001593  87.5538 272.5778 13.20770848243803
ONEWEB-0350             
1 49214U 21083AE  26220.76886797  .00000265  00000+0  69062-3 0  9992
2 49214  87.8979 309.7697 0002701 119.6059 240.5340 13.13470116237830
ONEWEB-0351             
1 49215U 21083AF  26221.13638509  .00000098  00000+0  20804-3 0  9996
2 49215  87.9160 263.8861 0002590  85.4280 274.7149 13.20772642243761
ONEWEB-0352             
1 49216U 21083AG  26221.19700990 -.00000270  00000+0 -77565-3 0  9997
2 49216  87.8980 309.6882 0002375  95.5267 264.6133 13.13470730237984
ONEWEB-0354             
1 49217U 21083AH  26221.16345293  .00000066  00000+0  13161-3 0  9999
2 49217  87.9156 263.8791 0001742  87.0490 273.0843 13.20772288243803
ONEWEB-0355             
1 49218U 21083AJ  26221.15046323  .00000252  00000+0  65435-3 0  9999
2 49218  87.8975 309.6981 0002103  94.1983 265.9386 13.13469617237851
ONEWEB-0357             
1 49219U 21083AK  26221.16006775 -.00000218  00000+0 -56792-3 0  9998
2 49219  87.9154 263.8735 0002141  89.6071 270.5307 13.20771592243802
ONEWEB-0332             
1 49279U 21090A   26221.19661213 -.00000111  00000+0 -33431-3 0  9996
2 49279  87.8940 279.1456 0002234 100.2273 259.9108 13.14501807234541
ONEWEB-0347             
1 49280U 21090B   26221.14998766  .00000061  00000+0  11732-3 0  9991
2 49280  87.9155 263.8831 0002256  99.6230 260.5158 13.20771835238035
ONEWEB-0349             
1 49281U 21090C   26221.10617834  .00000078  00000+0  15896-3 0  9995
2 49281  87.9155 263.8928 0002027  94.2278 265.9087 13.20767933236810
ONEWEB-0353             
1 49282U 21090D   26221.18867998 -.00000176  00000+0 -50802-3 0  9999
2 49282  87.8940 279.1436 0002241 101.3987 258.7394 13.14503511234543
ONEWEB-0356             
1 49283U 21090E   26221.18028580  .00000930  00000+0  22551-2 0  9991
2 49283  87.9150 263.8715 0001784 121.2664 238.8645 13.20767600236821
ONEWEB-0358             
1 49284U 21090F   26221.14072384  .00000111  00000+0  24132-3 0  9998
2 49284  87.9157 263.8872 0001923  96.1100 264.0252 13.20771836237544
ONEWEB-0359             
1 49285U 21090G   26221.13147169  .00000098  00000+0  20845-3 0  9993
2 49285  87.9156 263.8811 0001813  90.9791 269.1550 13.20771887237524
ONEWEB-0360             
1 49286U 21090H   26221.12136755  .00000012  00000+0 -13234-5 0  9995
2 49286  87.9155 263.8895 0002073  92.1781 267.9590 13.20772982236838
ONEWEB-0361             
1 49287U 21090J   26221.17860872  .00000023  00000+0  24299-4 0  9998
2 49287  87.9155 263.8766 0001915  94.6719 265.4633 13.20771015237296
ONEWEB-0362             
1 49288U 21090K   26221.17317009 -.00000009  00000+0 -54283-4 0  9990
2 49288  87.9164 294.4280 0002210  93.2232 266.9153 13.19724620233907
ONEWEB-0363             
1 49289U 21090L   26221.19373566 -.00000013  00000+0 -64641-4 0  9997
2 49289  87.9157 263.8739 0001824 102.6107 257.5230 13.20773263237304
ONEWEB-0364             
1 49290U 21090M   26221.15672120  .00000049  00000+0  87577-4 0  9993
2 49290  87.9154 263.8882 0002082  94.3342 265.8029 13.20771846238435
ONEWEB-0365             
1 49291U 21090N   26221.18263361 -.00000003  00000+0 -39307-4 0  9990
2 49291  87.9173 294.4185 0002138  98.3719 261.7656 13.19724013233413
ONEWEB-0366             
1 49292U 21090P   26221.18552214 -.00000191  00000+0 -54863-3 0  9990
2 49292  87.8941 279.1460 0001995  96.3265 263.8092 13.14503035234520
ONEWEB-0367             
1 49293U 21090Q   26221.19291072 -.00000007  00000+0 -49578-4 0  9998
2 49293  87.9157 263.8754 0002222  94.9960 265.1426 13.20770352236823
ONEWEB-0368             
1 49294U 21090R   26221.16682031  .00000014  00000+0  35131-5 0  9992
2 49294  87.9150 263.8853 0002369 112.3615 247.7770 13.20772296237975
ONEWEB-0369             
1 49295U 21090S   26221.17789816 -.00001658  00000+0 -41754-2 0  9995
2 49295  87.9172 294.4231 0002210 106.0129 254.1247 13.19719716233406
ONEWEB-0370             
1 49296U 21090T   26221.12640139  .00000059  00000+0  11238-3 0  9992
2 49296  87.9156 263.8877 0002054  86.7650 273.3718 13.20770344236858
ONEWEB-0371             
1 49297U 21090U   26221.18580455 -.00000002  00000+0 -37280-4 0  9999
2 49297  87.9173 294.4175 0002075  97.7830 262.3538 13.19727274233446
ONEWEB-0372             
1 49298U 21090V   26221.11618654  .00000042  00000+0  71586-4 0  9995
2 49298  87.9158 263.8920 0002060  95.5380 264.5988 13.20772241236822
ONEWEB-0373             
1 49299U 21090W   26221.14157017  .00000076  00000+0  15493-3 0  9991
2 49299  87.9157 263.8865 0001958  94.2881 265.8476 13.20771172238018
ONEWEB-0374             
1 49300U 21090X   26221.17280979  .00000045  00000+0  86205-4 0  9997
2 49300  87.8945 279.1408 0001582 109.0843 251.0458 13.14504699234524
ONEWEB-0375             
1 49301U 21090Y   26221.12978442  .00000081  00000+0  16845-3 0  9994
2 49301  87.9156 263.8812 0001564 104.5723 255.5584 13.20772268237513
ONEWEB-0376             
1 49302U 21090Z   26221.18422708  .00000020  00000+0  17097-4 0  9994
2 49302  87.9171 294.4176 0002245  99.0127 261.1259 13.19725388233446
ONEWEB-0377             
1 49303U 21090AA  26221.19221580 -.00000091  00000+0 -25649-3 0  9992
2 49303  87.9156 263.8707 0001797 102.2234 257.9100 13.20770246237512
ONEWEB-0378             
1 49304U 21090AB  26221.13664286  .00000069  00000+0  13699-3 0  9996
2 49304  87.9155 263.8844 0001988  98.6199 261.5160 13.20773605236770
ONEWEB-0379             
1 49305U 21090AC  26221.16806987  .00000164  00000+0  40689-3 0  9991
2 49305  87.8945 279.1514 0001953 100.0238 260.1112 13.14503859234523
ONEWEB-0380             
1 49306U 21090AD  26221.18105402  .00000010  00000+0 -78127-5 0  9999
2 49306  87.9169 294.4203 0001874  96.7494 263.3852 13.19724013233410
ONEWEB-0381             
1 49307U 21090AE  26221.11294292 -.00001228  00000+0 -30516-2 0  9999
2 49307  87.9157 263.8910 0001799 101.4658 258.6677 13.20777076236813
ONEWEB-0382             
1 49308U 21090AF  26221.17522522 -.00000009  00000+0 -55100-4 0  9990
2 49308  87.9158 263.8726 0001881 102.6450 257.4894 13.20772880236811
ONEWEB-0383             
1 49309U 21090AG  26221.16171852  .00000209  00000+0  52936-3 0  9999
2 49309  87.8944 279.1452 0002014 103.0258 257.1097 13.14504111234554
ONEWEB-0384             
1 49310U 21090AH  26221.16216691  .00000066  00000+0  13063-3 0  9991
2 49310  87.9157 263.9189 0001932 109.8373 250.2969 13.20817109236826
ONEWEB-0385             
1 49311U 21090AJ  26221.16850054  .00000025  00000+0  28651-4 0  9994
2 49311  87.9153 263.8790 0001895  98.5525 261.5823 13.20771528236795
ONEWEB-0386             
1 49312U 21090AK  26221.10958537  .00000020  00000+0  16756-4 0  9992
2 49312  87.9158 263.8837 0001941 101.6389 258.4962 13.20770788236807
ONEWEB-0387             
1 49313U 21090AL  26221.17017906  .00000048  00000+0  86241-4 0  9992
2 49313  87.9151 263.8872 0001695  93.4448 266.6879 13.20772346236811
ONEWEB-0388             
1 49314U 21090AM  26221.17633264  .00000018  00000+0  12817-4 0  9999
2 49314  87.9166 294.4190 0001980 101.4337 258.7018 13.19725306233406
ONEWEB-0389             
1 50469U 21132A   26221.12623302  .00000020  00000+0  19455-4 0  9994
2 50469  87.9178 355.3430 0001514 100.6051 259.5251 13.17648495225054
ONEWEB-0390             
1 50470U 21132B   26221.12791980 -.00000002  00000+0 -37982-4 0  9991
2 50470  87.9178 355.3438 0001848  90.1108 270.0235 13.17648267225057
ONEWEB-0391             
1 50471U 21132C   26221.12960813  .00000077  00000+0  16438-3 0  9997
2 50471  87.9178 355.3532 0001065  84.9014 275.2239 13.17648305225055
ONEWEB-0392             
1 50472U 21132D   26220.85623729 -.00000040  00000+0 -13635-3 0  9997
2 50472  87.9184 355.3797 0001467  97.5476 262.5822 13.17648927225051
ONEWEB-0393             
1 50473U 21132E   26221.13550125  .00000053  00000+0  10379-3 0  9993
2 50473  87.9177 355.3370 0001699  98.9674 261.1650 13.17647539225088
ONEWEB-0394             
1 50474U 21132F   26221.21166122  .00000011  00000+0 -41066-5 0  9997
2 50474  87.9211 324.9062 0001909 104.5749 255.5595 13.18687470228581
ONEWEB-0395             
1 50475U 21132G   26221.11713321  .00000107  00000+0  26617-3 0  9994
2 50475  87.8913  10.5301 0001806  90.5528 269.5807 13.11413886222653
ONEWEB-0396             
1 50476U 21132H   26220.82553080 -.00000033  00000+0 -11689-3 0  9999
2 50476  87.9207 324.9958 0001790 104.5772 255.5559 13.18684549228579
ONEWEB-0397             
1 50477U 21132J   26221.22008434 -.00000012  00000+0 -63093-4 0  9997
2 50477  87.9209 324.9173 0001860 107.0732 253.0604 13.18684314228601
ONEWEB-0398             
1 50478U 21132K   26221.16108939  .00000208  00000+0  55106-3 0  9992
2 50478  87.8923  10.5160 0001888  85.0006 275.1337 13.11417699222556
ONEWEB-0399             
1 50479U 21132L   26220.84233498 -.00000304  00000+0 -89310-3 0  9999
2 50479  87.8914  10.5892 0001378 103.9481 256.1800 13.11417884222505
ONEWEB-0400             
1 50480U 21132M   26221.04641931  .00000035  00000+0  56157-4 0  9992
2 50480  87.9211 324.9421 0001948  95.8541 264.2813 13.18687075228572
ONEWEB-0401             
1 50481U 21132N   26220.78843277 -.00000010  00000+0 -57578-4 0  9993
2 50481  87.9212 324.9908 0002098 106.5040 253.6323 13.18687695228548
ONEWEB-0402             
1 50482U 21132P   26220.82723249 -.00000026  00000+0 -98112-4 0  9991
2 50482  87.9211 324.9715 0002181 112.6095 247.5268 13.18685588228577
ONEWEB-0403             
1 50483U 21132Q   26221.00425745  .00000013  00000+0 -10714-6 0  9992
2 50483  87.9208 324.9605 0001797 100.6054 259.5281 13.18687792228551
ONEWEB-0404             
1 50484U 21132R   26221.12885713 -.00000414  00000+0 -12041-2 0  9998
2 50484  87.8917  10.5295 0001450  93.1655 266.9639 13.11416501222633
ONEWEB-0405             
1 50485U 21132S   26221.01776046 -.00000024  00000+0 -94199-4 0  9998
2 50485  87.9214 324.9443 0002116  88.2806 271.8568 13.18686554228956
ONEWEB-0406             
1 50486U 21132T   26220.85755994  .00000044  00000+0  78862-4 0  9998
2 50486  87.9207 324.9891 0001414 100.4844 259.6447 13.18684313228563
ONEWEB-0407             
1 50487U 21132U   26221.00258936  .00000011  00000+0 -42840-5 0  9994
2 50487  87.9212 324.9546 0002162 100.2060 259.9316 13.18685870228529
ONEWEB-0409             
1 50488U 21132V   26220.89826934 -.00000431  00000+0 -12524-2 0  9990
2 50488  87.8921  10.5657 0001553  90.1451 269.9855 13.11416432222499
ONEWEB-0412             
1 50489U 21132W   26221.21839854  .00000019  00000+0  14762-4 0  9991
2 50489  87.9206 324.9182 0002112 108.5237 251.6125 13.18684926228643
ONEWEB-0413             
1 50490U 21132X   26220.84409027  .00000053  00000+0  10282-3 0  9996
2 50490  87.9212 324.9888 0002198 105.5556 254.5819 13.18686393228530
ONEWEB-0414             
1 50491U 21132Y   26221.20828207  .00000012  00000+0 -25976-5 0  9997
2 50491  87.9212 324.9026 0001938 106.0294 254.1052 13.18684544228611
ONEWEB-0417             
1 50492U 21132Z   26221.21673008  .00000040  00000+0  68605-4 0  9991
2 50492  87.9207 324.9164 0001732  99.7052 260.4276 13.18686518228599
ONEWEB-0418             
1 50493U 21132AA  26220.77143674  .00000018  00000+0  12625-4 0  9999
2 50493  87.9207 325.0064 0001700  98.2385 261.8940 13.18686896228591
ONEWEB-0419             
1 50494U 21132AB  26220.79083255 -.00000003  00000+0 -40704-4 0  9995
2 50494  87.9212 325.0048 0001824  93.9409 266.1931 13.18666947228511
ONEWEB-0420             
1 50495U 21132AC  26221.20998917  .00000013  00000+0  31249-6 0  9998
2 50495  87.9203 324.9198 0002161  99.8796 260.2580 13.18685660228568
ONEWEB-0421             
1 50496U 21132AD  26221.20323755  .00000001  00000+0 -30323-4 0  9999
2 50496  87.9205 324.9199 0001901 112.2271 247.9063 13.18686894228604
ONEWEB-0424             
1 50497U 21132AE  26220.78505724 -.00000206  00000+0 -55583-3 0  9992
2 50497  87.9207 325.0033 0001926  89.6059 270.5294 13.18685395228573
ONEWEB-0426             
1 50498U 21132AF  26221.04727324 -.00000129  00000+0 -35998-3 0  9997
2 50498  87.9211 324.9427 0001367 115.5010 244.6263 13.18686532228559
ONEWEB-0427             
1 50499U 21132AG  26220.78337136 -.00000225  00000+0 -60343-3 0  9995
2 50499  87.9212 324.9847 0001731 100.7762 259.3565 13.18685830228549
ONEWEB-0429             
1 50500U 21132AH  26220.84577631 -.00000040  00000+0 -13395-3 0  9991
2 50500  87.9205 324.9926 0002081 100.3951 259.7416 13.18685924228528
ONEWEB-0430             
1 50501U 21132AJ  26221.21335484  .00000010  00000+0 -77621-5 0  9992
2 50501  87.9206 324.9183 0002226  98.4386 261.6999 13.18685895228610
ONEWEB-0432             
1 50502U 21132AK  26221.04459039  .00000001  00000+0 -29004-4 0  9998
2 50502  87.9212 324.9398 0002139  89.3536 270.7841 13.18687693228542
ONEWEB-0440             
1 50503U 21132AL  26220.77833380  .00000000  00000+0 -33811-4 0  9993
2 50503  87.9210 325.0043 0002156 108.1287 252.0081 13.18685872228504
ONEWEB-0450             
1 50504U 21132AM  26220.77170603  .00000017  00000+0  10789-4 0  9992
2 50504  87.9202 325.0054 0002119  99.5533 260.5839 13.18684652228537
ONEWEB-0410             
1 51622U 22012A   26221.06886184  .00000078  00000+0  16748-3 0  9990
2 51622  87.9186 355.3484 0000548 113.1456 246.9733 13.17648775220666
ONEWEB-0411             
1 51623U 22012B   26221.15814351  .00000123  00000+0  31635-3 0  9991
2 51623  87.8839  25.7133 0002244  84.9442 275.1941 13.10369418216224
ONEWEB-0415             
1 51624U 22012C   26220.92569131  .00000213  00000+0  57434-3 0  9994
2 51624  87.8836  25.7565 0001911  83.5026 276.6319 13.10369413216190
ONEWEB-0416             
1 51625U 22012D   26221.01390303 -.00000333  00000+0 -98946-3 0  9997
2 51625  87.8829  25.7540 0001815  80.7706 279.3626 13.10370212216249
ONEWEB-0422             
1 51626U 22012E   26221.07898042 -.00000030  00000+0 -11091-3 0  9997
2 51626  87.9182 355.3453 0002467 104.1268 256.0137 13.17649300220772
ONEWEB-0423             
1 51627U 22012F   26220.84441845  .00000004  00000+0 -21802-4 0  9999
2 51627  87.9181 355.3952 0001755  99.8129 260.3201 13.17649871220639
ONEWEB-0425             
1 51628U 22012G   26220.94772186 -.00000592  00000+0 -17312-2 0  9998
2 51628  87.8834  25.7516 0001358  88.3723 271.7560 13.10372242216233
ONEWEB-0428             
1 51629U 22012H   26221.15644666  .00000349  00000+0  96384-3 0  9999
2 51629  87.8828  25.7165 0001807  93.1588 266.9746 13.10369783216226
ONEWEB-0431             
1 51630U 22012J   26220.97305595  .00000295  00000+0  80916-3 0  9999
2 51630  87.8840  25.7467 0002338  83.5415 276.5979 13.10376477216255
ONEWEB-0434             
1 51631U 22012K   26221.18032337 -.00000655  00000+0 -19118-2 0  9992
2 51631  87.8838  25.7322 0001224  98.9117 261.2149 13.10372124216261
ONEWEB-0435             
1 51632U 22012L   26220.95791400 -.00000473  00000+0 -13910-2 0  9992
2 51632  87.8836  25.7590 0002114  94.6695 265.4674 13.10375019216221
ONEWEB-0436             
1 51633U 22012M   26221.06379061 -.00000004  00000+0 -44130-4 0  9991
2 51633  87.9188 355.3371 0002026 102.9395 257.1963 13.17648526220647
ONEWEB-0438             
1 51634U 22012N   26221.01899794 -.00000441  00000+0 -13001-2 0  9993
2 51634  87.8831  25.7510 0001564  90.5381 269.5925 13.10371343216269
ONEWEB-0439             
1 51635U 22012P   26221.02240834  .00005080  00000+0  14511-1 0  9998
2 51635  87.8859  25.7340 0000826  80.0459 280.0761 13.10362368216242
ONEWEB-0442             
1 51636U 22012Q   26220.82838770 -.00000006  00000+0 -49343-4 0  9997
2 51636  87.9178 355.4120 0001261  98.7902 261.3372 13.17648295220608
ONEWEB-0443             
1 51637U 22012R   26221.07561057  .00000077  00000+0  16622-3 0  9996
2 51637  87.9178 355.3643 0001847 108.4745 251.6588 13.17649436220689
ONEWEB-0444             
1 51638U 22012S   26221.16493470 -.00000249  00000+0 -75094-3 0  9991
2 51638  87.8835  25.7085 0001804  96.8426 263.2906 13.10369727216274
ONEWEB-0445             
1 51639U 22012T   26220.95621309 -.00000559  00000+0 -16377-2 0  9994
2 51639  87.8844  25.7414 0001778  87.3535 272.7796 13.10374319216250
ONEWEB-0446             
1 51640U 22012U   26221.01052419 -.00000183  00000+0 -56074-3 0  9996
2 51640  87.8829  25.7559 0001748  82.0139 278.1187 13.10370005216245
ONEWEB-0448             
1 51641U 22012V   26221.01560838 -.00000432  00000+0 -12736-2 0  9999
2 51641  87.8829  25.7501 0001786  93.2118 266.9214 13.10370608216218
ONEWEB-0449             
1 51642U 22012W   26221.17341058 -.00000562  00000+0 -16452-2 0  9991
2 51642  87.8836  25.7072 0001195  85.6302 274.4962 13.10371354216240
ONEWEB-0451             
1 51643U 22012X   26220.83261274  .00000016  00000+0  88846-5 0  9996
2 51643  87.9188 355.3814 0001628  99.4940 260.6376 13.17648501220597
ONEWEB-0452             
1 51644U 22012Y   26221.13465896  .00000003  00000+0 -25550-4 0  9996
2 51644  87.9176 355.3528 0001783 109.5130 250.6194 13.17647279220647
ONEWEB-0456             
1 51646U 22012AA  26220.87646111 -.00000625  00000+0 -18265-2 0  9993
2 51646  87.8847  25.7571 0001909  94.6018 265.5327 13.10373504216242
ONEWEB-0457             
1 51647U 22012AB  26220.93063590  .00000037  00000+0  69407-4 0  9996
2 51647  87.8831  25.7596 0001630  80.8960 279.2352 13.10369999216251
ONEWEB-0458             
1 51648U 22012AC  26221.18104782 -.00000607  00000+0 -17752-2 0  9993
2 51648  87.8838  25.6986 0001681  98.4252 261.7066 13.10373803216242
ONEWEB-0461             
1 51649U 22012AD  26221.08067392  .00000105  00000+0  23610-3 0  9990
2 51649  87.9181 355.3453 0001772  93.5348 266.5986 13.17649644220852
ONEWEB-0463             
1 51650U 22012AE  26221.13804694  .00000004  00000+0 -22871-4 0  9990
2 51650  87.9179 355.3517 0001789  93.7699 266.3638 13.17648377220642
ONEWEB-0464             
1 51651U 22012AF  26221.02578564 -.00000659  00000+0 -19240-2 0  9994
2 51651  87.8832  25.7491 0001875 101.1774 258.9565 13.10373652216242
ONEWEB-0468             
1 51652U 22012AG  26220.95450951 -.00000539  00000+0 -15818-2 0  9999
2 51652  87.8832  25.7565 0001923  98.6646 261.4700 13.10372909216218
ONEWEB-0473             
1 51653U 22012AH  26221.17001502 -.00000486  00000+0 -14283-2 0  9995
2 51653  87.8828  25.7159 0001877  92.5206 267.6136 13.10369691216244
ONEWEB-0474             
1 51654U 22012AJ  26220.93247069 -.00000044  00000+0 -16099-3 0  9997
2 51654  87.8837  25.7525 0001922 102.2762 257.8581 13.10369364216207
ONEWEB-0475             
1 51655U 22012AK  26221.07391787  .00000051  00000+0  99280-4 0  9991
2 51655  87.9180 355.3582 0002190 113.1992 246.9371 13.17650056220657
ONEWEB-0490             
1 54113U 22138A   26221.20634096  .00000057  00000+0  10899-3 0  9994
2 54113  87.9175 294.4137 0002263  99.3709 260.7680 13.19726259183829
ONEWEB-0492             
1 54114U 22138B   26221.15580005  .00000119  00000+0  26569-3 0  9999
2 54114  87.9168 294.4219 0002273  94.8557 265.2835 13.19725361183820
ONEWEB-0495             
1 54115U 22138C   26221.20948559  .00000020  00000+0  18210-4 0  9994
2 54115  87.9169 294.4140 0002719 102.5169 257.6268 13.19724597183810
ONEWEB-0497             
1 54116U 22138D   26221.22214063  .00000078  00000+0  16251-3 0  9998
2 54116  87.9173 294.4065 0002162  98.5833 261.5544 13.19725235183806
ONEWEB-0499             
1 54117U 22138E   26221.20555736  .00000039  00000+0  64012-4 0  9998
2 54117  87.9168 294.4160 0002245 102.4749 257.6635 13.19725874183817
ONEWEB-0500             
1 54118U 22138F   26221.20790296  .00000011  00000+0 -39834-5 0  9997
2 54118  87.9175 294.4128 0002014  95.8673 264.2689 13.19727215183820
ONEWEB-0501             
1 54119U 22138G   26221.16209943  .00000059  00000+0  11593-3 0  9998
2 54119  87.9173 294.4221 0002470 101.9488 258.1921 13.19727351183790
ONEWEB-0502             
1 54120U 22138H   26221.14789887  .00000069  00000+0  14077-3 0  9999
2 54120  87.9176 294.4143 0002232 103.2716 256.8666 13.19725281183817
ONEWEB-0503             
1 54121U 22138J   26221.21266306  .00000076  00000+0  15871-3 0  9995
2 54121  87.9179 294.4085 0001899 105.0840 255.0503 13.19726120183816
ONEWEB-0504             
1 54122U 22138K   26221.20000587  .00000038  00000+0  61712-4 0  9996
2 54122  87.9175 294.4146 0002214 103.2550 256.8830 13.19724354183821
ONEWEB-0505             
1 54123U 22138L   26221.19687007  .00000027  00000+0  35710-4 0  9990
2 54123  87.9174 294.4153 0002467 104.1644 255.9763 13.19725054183804
ONEWEB-0506             
1 54124U 22138M   26221.17159183  .00000025  00000+0  30581-4 0  9997
2 54124  87.9177 294.4190 0002374 102.1516 257.9882 13.19726427183799
ONEWEB-0507             
1 54125U 22138N   26221.19212388 -.00000018  00000+0 -76850-4 0  9990
2 54125  87.9169 294.4223 0002255  99.5905 260.5483 13.19724862183841
ONEWEB-0508             
1 54126U 22138P   26221.18894500 -.00000002  00000+0 -37891-4 0  9997
2 54126  87.9169 294.4225 0002507  98.4338 261.7079 13.19727112183825
ONEWEB-0509             
1 54127U 22138Q   26221.16369443  .00000090  00000+0  19202-3 0  9999
2 54127  87.9176 294.4220 0002228 100.1362 260.0022 13.19725829183796
ONEWEB-0510             
1 54128U 22138R   26221.16175330 -.00000013  00000+0 -64752-4 0  9998
2 54128  87.9153 263.8764 0001572  92.9582 267.1731 13.20773643186278
ONEWEB-0511             
1 54129U 22138S   26221.16054057  .00000079  00000+0  16499-3 0  9995
2 54129  87.9173 294.4232 0002055 106.4804 253.6555 13.19725930183822
ONEWEB-0512             
1 54130U 22138T   26221.15263809  .00000099  00000+0  21457-3 0  9995
2 54130  87.9170 294.4266 0002307 104.8805 255.2583 13.19725137183795
ONEWEB-0513             
1 54131U 22138U   26221.21222264  .00000056  00000+0  10581-3 0  9992
2 54131  87.9175 294.3521 0002621 116.2785 243.8618 13.20271477183716
ONEWEB-0514             
1 54132U 22138V   26221.16843449  .00000044  00000+0  77966-4 0  9999
2 54132  87.9173 294.4212 0001927  97.7911 262.3441 13.19724960183814
ONEWEB-0515             
1 54133U 22138W   26221.14829162 -.00000016  00000+0 -71458-4 0  9995
2 54133  87.9161 263.8758 0001989  69.8339 290.3009 13.20772087186290
ONEWEB-0516             
1 54134U 22138X   26221.21896310  .00000061  00000+0  11952-3 0  9993
2 54134  87.9171 294.4137 0002197  95.7344 264.4039 13.19724563183824
ONEWEB-0517             
1 54135U 22138Y   26221.19842708  .00000065  00000+0  12891-3 0  9990
2 54135  87.9176 294.4138 0001883 105.8861 254.2480 13.19724402183828
ONEWEB-0518             
1 54136U 22138Z   26221.21740208  .00000051  00000+0  95229-4 0  9998
2 54136  87.9169 294.4161 0002222  94.2698 265.8688 13.19726566183825
ONEWEB-0519             
1 54137U 22138AA  26221.16685800  .00000074  00000+0  15266-3 0  9996
2 54137  87.9174 294.4208 0001913 102.2806 257.8541 13.19725039183824
ONEWEB-0520             
1 54138U 22138AB  26221.20158832  .00000019  00000+0  14878-4 0  9990
2 54138  87.9178 294.4149 0002330 100.6253 259.5142 13.19724497183817
ONEWEB-0521             
1 54139U 22138AC  26221.15895352  .00000083  00000+0  17398-3 0  9990
2 54139  87.9182 294.4131 0001807 102.3413 257.7922 13.19728365183756
ONEWEB-0522             
1 54140U 22138AD  26221.21424508  .00000000  00000+0 -33237-4 0  9991
2 54140  87.9178 294.4045 0002185 101.7711 258.3667 13.19725248183807
ONEWEB-0523             
1 54141U 22138AE  26221.13483772  .00000072  00000+0  14502-3 0  9992
2 54141  87.9158 263.8874 0001445  78.8646 281.2650 13.20771386186294
ONEWEB-0524             
1 54142U 22138AF  26221.12473830  .00000098  00000+0  20857-3 0  9994
2 54142  87.9157 263.8858 0002259  72.1156 288.0224 13.20771780186293
ONEWEB-0525             
1 54143U 22138AG  26221.15738147  .00000069  00000+0  13888-3 0  9997
2 54143  87.9175 294.4222 0002463  98.4128 261.7284 13.19725753183812
ONEWEB-0526             
1 54144U 22138AH  26221.19054163 -.00000001  00000+0 -35681-4 0  9995
2 54144  87.9175 294.4164 0002173  96.1110 264.0271 13.19725737183793
ONEWEB-0529             
1 54145U 22138AJ  26221.19368948  .00000037  00000+0  60594-4 0  9993
2 54145  87.9169 294.4206 0002283 100.2384 259.9007 13.19724314183819
ONEWEB-0531             
1 54146U 22138AK  26221.11124716  .00000331  00000+0  78147-3 0  9998
2 54146  87.9158 263.8859 0001598  71.9495 288.1812 13.20769287186290
ONEWEB-0535             
1 54147U 22138AL  26221.15104073  .00000591  00000+0  14426-2 0  9994
2 54147  87.9174 294.4194 0002013  94.1146 266.0217 13.19732096183820
ONEWEB-0536             
1 54148U 22138AM  26221.17355596 -.00000099  00000+0 -27464-3 0  9997
2 54148  87.9144 263.8896 0001738  65.2713 294.8601 13.20769622186296
ONEWEB-0527             
1 54642U 22166A   26221.08841862  .00000014  00000+0  26727-5 0  9991
2 54642  87.9222 233.4644 0002140  92.1614 267.9765 13.21824440178523
ONEWEB-0528             
1 54643U 22166B   26221.08925912 -.00000003  00000+0 -39502-4 0  9995
2 54643  87.9223 233.4673 0002332  91.7331 268.4070 13.21827516178534
ONEWEB-0539             
1 54644U 22166C   26221.12712990  .00000028  00000+0  36482-4 0  9990
2 54644  87.9230 233.4348 0002030  97.0413 263.0951 13.21826840178535
ONEWEB-0540             
1 54645U 22166D   26221.05829821  .00000012  00000+0 -30247-5 0  9993
2 54645  87.9222 233.4754 0001997  93.2778 266.8584 13.21826260178518
ONEWEB-0542             
1 54646U 22166E   26221.06151661  .00000051  00000+0  91705-4 0  9992
2 54646  87.9230 233.4474 0001938  99.1975 260.9379 13.21826801178525
ONEWEB-0545             
1 54647U 22166F   26221.10188289 -.00000038  00000+0 -12432-3 0  9990
2 54647  87.9224 233.4471 0001566 104.8069 255.3239 13.21825243178499
ONEWEB-0580             
1 54648U 22166G   26221.07666228  .00000048  00000+0  84188-4 0  9998
2 54648  87.9224 233.4517 0001723  96.5131 263.6199 13.21827129178530
ONEWEB-0582             
1 54649U 22166H   26221.04301882  .00000035  00000+0  53875-4 0  9993
2 54649  87.9227 233.4518 0001798 102.8141 257.3194 13.21825562178500
ONEWEB-0583             
1 54650U 22166J   26221.13048400 -.00000011  00000+0 -58988-4 0  9995
2 54650  87.9225 233.4571 0002018  94.3675 265.7689 13.21826678178525
ONEWEB-0584             
1 54651U 22166K   26221.07497785  .00000084  00000+0  17267-3 0  9995
2 54651  87.9221 233.4521 0002002  91.8139 268.3224 13.21826363178500
ONEWEB-0585             
1 54652U 22166L   26221.09853463 -.00000079  00000+0 -22293-3 0  9998
2 54652  87.9228 233.4374 0002213  88.8163 271.3225 13.21825712178514
ONEWEB-0586             
1 54653U 22166M   26221.11198858  .00000024  00000+0  26597-4 0  9992
2 54653  87.9225 233.4592 0002064  97.5339 262.6030 13.21826819178516
ONEWEB-0587             
1 54654U 22166N   26221.04637772  .00000055  00000+0  10079-3 0  9999
2 54654  87.9233 233.4505 0002360  84.9890 275.1513 13.21827151178662
ONEWEB-0589             
1 54655U 22166P   26221.10861634 -.00000048  00000+0 -14676-3 0  9994
2 54655  87.9222 233.4438 0001453 110.7856 249.3434 13.21826668178531
ONEWEB-0590             
1 54656U 22166Q   26221.05800574  .00000089  00000+0  18466-3 0  9999
2 54656  87.9230 233.4493 0001832  81.0984 279.0358 13.21824354178518
ONEWEB-0591             
1 54657U 22166R   26221.06993441  .00000076  00000+0  15315-3 0  9993
2 54657  87.9221 233.4568 0002008  91.0381 269.0983 13.21825214178542
ONEWEB-0592             
1 54658U 22166S   26221.07329999  .00000054  00000+0  99846-4 0  9994
2 54658  87.9232 233.4392 0002073  92.4093 267.7279 13.21825709178426
ONEWEB-0593             
1 54659U 22166T   26221.09514593 -.00000068  00000+0 -19706-3 0  9996
2 54659  87.9227 233.4433 0002083  96.4072 263.7299 13.21827145178535
ONEWEB-0594             
1 54660U 22166U   26221.11535584 -.00000050  00000+0 -15166-3 0  9991
2 54660  87.9222 233.4542 0002259  90.7172 269.4221 13.21825388178553
ONEWEB-0595             
1 54661U 22166V   26221.01609867  .00000009  00000+0 -94607-5 0  9999
2 54661  87.9231 233.4589 0002225  86.4725 273.6664 13.21826933178515
ONEWEB-0596             
1 54662U 22166W   26220.99087873  .00000078  00000+0  15641-3 0  9997
2 54662  87.9224 233.4720 0002131  89.8454 270.2924 13.21826161178512
ONEWEB-0597             
1 54663U 22166X   26221.04806748  .00000015  00000+0  36709-5 0  9996
2 54663  87.9224 233.4630 0002015  94.1621 265.9743 13.21826962178529
ONEWEB-0600             
1 54664U 22166Y   26221.10525244 -.00000029  00000+0 -10094-3 0  9997
2 54664  87.9223 233.4431 0002211  97.4082 262.7303 13.21826994178503
ONEWEB-0601             
1 54665U 22166Z   26221.09684442 -.00000075  00000+0 -21298-3 0  9991
2 54665  87.9222 233.4602 0001917  99.3351 260.7999 13.21826081178691
ONEWEB-0602             
1 54666U 22166AA  26221.06236928  .00000090  00000+0  18596-3 0  9993
2 54666  87.9221 233.4728 0002216  97.4725 262.6661 13.21825910178537
ONEWEB-0603             
1 54667U 22166AB  26221.06825816  .00000019  00000+0  13629-4 0  9998
2 54667  87.9233 233.4342 0002091  94.4498 265.6875 13.21825408178462
ONEWEB-0604             
1 54668U 22166AC  26221.05648058  .00000040  00000+0  65133-4 0  9990
2 54668  87.9233 233.4527 0002173  91.3458 268.7925 13.21825701178423
ONEWEB-0605             
1 54669U 22166AD  26221.12545017  .00000957  00000+0  22863-2 0  9998
2 54669  87.9225 233.4478 0001493  90.9892 269.1413 13.21819838178501
ONEWEB-0606             
1 54670U 22166AE  26221.07160003  .00000056  00000+0  10421-3 0  9990
2 54670  87.9222 233.4704 0002247  90.8510 269.2881 13.21826742178553
ONEWEB-0607             
1 54671U 22166AF  26221.11365859 -.00000049  00000+0 -15034-3 0  9991
2 54671  87.9231 233.4367 0002060  96.6403 263.4965 13.21827286178538
ONEWEB-0608             
1 54672U 22166AG  26221.04470459  .00000051  00000+0  93002-4 0  9990
2 54672  87.9235 233.4489 0001643  99.5579 260.5740 13.21825921178533
ONEWEB-0610             
1 54673U 22166AH  26221.10020341  .00000005  00000+0 -19460-4 0  9995
2 54673  87.9223 233.4465 0001793 109.5728 250.5599 13.21827202178444
ONEWEB-0611             
1 54674U 22166AJ  26221.09347683 -.00000003  00000+0 -39332-4 0  9994
2 54674  87.9224 233.4441 0002178  89.5523 270.5861 13.21825341178433
ONEWEB-0612             
1 54675U 22166AK  26221.10692191 -.00000036  00000+0 -11930-3 0  9993
2 54675  87.9233 233.4423 0001979  95.0956 265.0404 13.21823569178425
ONEWEB-0615             
1 54676U 22166AL  26221.08675588  .00000019  00000+0  14785-4 0  9993
2 54676  87.9225 233.4560 0002345  90.7857 269.3545 13.21826818178433
ONEWEB-0655             
1 54677U 22166AM  26221.06320933 -.00000304  00000+0 -76681-3 0  9994
2 54677  87.9222 233.4613 0002405  97.9106 262.2301 13.21828520178426
ONEWEB-0659             
1 54678U 22166AN  26221.08003375  .00000029  00000+0  39144-4 0  9991
2 54678  87.9220 233.4574 0002076  90.5313 269.6059 13.21825677178515
ONEWEB-0685             
1 54679U 22166AP  26221.06103471  .00000057  00000+0  10441-3 0  9997
2 54679  87.9218 233.4430 0001464  89.6449 270.4853 13.23185630178403
ONEWEB-0712             
1 54680U 22166AQ  26221.02989648 -.00000062  00000+0 -19551-3 0  9992
2 54680  87.9085 218.2771 0002362  99.0138 261.1260 13.16593634179010
ONEWEB-0714             
1 54681U 22166AR  26221.08506713 -.00000067  00000+0 -19489-3 0  9992
2 54681  87.9225 233.4462 0002323  96.6454 263.4945 13.21827575178524
ONEWEB-0532             
1 55140U 23004A   26220.80814036  .00000031  00000+0  45866-4 0  9992
2 55140  87.9175 355.4015 0001665  89.1279 271.0043 13.17647162174514
ONEWEB-0533             
1 55141U 23004B   26221.06104557 -.00000343  00000+0 -98886-3 0  9999
2 55141  87.8992 340.1646 0001797 104.9700 255.1628 13.12444211174992
ONEWEB-0541             
1 55142U 23004C   26220.90335771 -.00000509  00000+0 -14733-2 0  9998
2 55142  87.8921  10.5679 0001803  89.5636 270.5698 13.11417063172858
ONEWEB-0543             
1 55143U 23004D   26221.20153910 -.00000004  00000+0 -43961-4 0  9993
2 55143  87.9201 324.9314 0002179 102.9619 257.1757 13.18684415176683
ONEWEB-0544             
1 55144U 23004E   26221.19480999  .00000037  00000+0  60148-4 0  9992
2 55144  87.9204 324.9321 0002133  97.3432 262.7943 13.18685627176680
ONEWEB-0560             
1 55145U 23004F   26220.73279979  .00000008  00000+0 -12423-4 0  9998
2 55145  87.9202 325.0136 0002246  98.7222 261.4165 13.18686482176639
ONEWEB-0565             
1 55146U 23004G   26221.02956933 -.00000017  00000+0 -76808-4 0  9992
2 55146  87.9192 324.9778 0002024  88.4687 271.6677 13.18685861176667
ONEWEB-0567             
1 55147U 23004H   26220.79519429 -.00000026  00000+0 -99187-4 0  9996
2 55147  87.9203 325.0134 0002135  92.7588 267.3789 13.18688179176638
ONEWEB-0569             
1 55148U 23004J   26221.18008211 -.00000038  00000+0 -13789-3 0  9999
2 55148  87.8987 309.6832 0002814  91.1066 269.0386 13.13470729177131
ONEWEB-0570             
1 55149U 23004K   26220.86263683  .00000016  00000+0  82207-5 0  9997
2 55149  87.9201 324.9969 0001511  93.0669 267.0636 13.18684521176638
ONEWEB-0571             
1 55150U 23004L   26221.00764196  .00000033  00000+0  51704-4 0  9997
2 55150  87.9203 324.9678 0002763  76.1951 283.9489 13.18687163176666
ONEWEB-0572             
1 55151U 23004M   26220.83936524  .00000046  00000+0  85267-4 0  9999
2 55151  87.9182 355.3965 0001898  89.6171 270.5178 13.17648618174410
ONEWEB-0573             
1 55152U 23004N   26220.84915586 -.00000011  00000+0 -60755-4 0  9995
2 55152  87.9202 325.0013 0002348  79.1466 280.9930 13.18685475176634
ONEWEB-0588             
1 55153U 23004P   26220.99413905  .00000045  00000+0  81398-4 0  9991
2 55153  87.9200 324.9716 0001655  86.9552 273.1770 13.18685021176658
ONEWEB-0598             
1 55154U 23004Q   26221.11022117  .00000332  00000+0  90043-3 0  9993
2 55154  87.8914  10.5336 0002415  83.3178 276.8225 13.11413685172835
ONEWEB-0599             
1 55155U 23004R   26220.87648775  .00000011  00000+0 -36660-5 0  9992
2 55155  87.9176 355.3882 0002072  99.1609 260.9757 13.17648317174425
ONEWEB-0614             
1 55156U 23004S   26221.10512513  .00000579  00000+0  15977-2 0  9993
2 55156  87.8912  10.5418 0001555  95.5627 264.5678 13.11417486172776
ONEWEB-0616             
1 55157U 23004T   26221.07054500  .00000060  00000+0  12184-3 0  9990
2 55157  87.9181 355.3544 0002638 109.9182 250.2234 13.17649127174660
ONEWEB-0617             
1 55158U 23004U   26220.94067384  .00000522  00000+0  14362-2 0  9992
2 55158  87.8919  10.5690 0001437  87.9198 272.2094 13.11416317172774
ONEWEB-0618             
1 55159U 23004V   26220.95685566  .00003135  00000+0  17232-3 0  9995
2 55159  86.9124 156.2097 0015223  95.9740 264.3236 15.13614575190244
ONEWEB-0619             
1 55160U 23004W   26221.10260579  .00000009  00000+0 -90641-5 0  9993
2 55160  87.9189 355.3331 0001679 109.4028 250.7285 13.17648796174565
ONEWEB-0620             
1 55161U 23004X   26220.85929424  .00000422  00000+0  11551-2 0  9994
2 55161  87.8910  10.5901 0001928  87.2721 272.8628 13.11417102172732
ONEWEB-0621             
1 55162U 23004Y   26220.88642392  .00000075  00000+0  17654-3 0  9999
2 55162  87.8919  10.5785 0001575  97.3149 262.8158 13.11414934172711
ONEWEB-0622             
1 55163U 23004Z   26221.12039584 -.00000078  00000+0 -25494-3 0  9997
2 55163  87.8920  10.5356 0001305  74.7293 285.3979 13.11415327172738
ONEWEB-0623             
1 55164U 23004AA  26220.79379434  .00000006  00000+0 -18829-4 0  9996
2 55164  87.9174 355.4182 0001071 103.5802 256.5449 13.17649494174516
ONEWEB-0624             
1 55165U 23004AB  26221.08392152  .00000360  00000+0  95951-3 0  9994
2 55165  87.8994 340.0664 0001754  97.3184 262.8145 13.12929754175016
ONEWEB-0625             
1 55166U 23004AC  26221.08741944  .00000002  00000+0 -28834-4 0  9993
2 55166  87.9179 355.3571 0001958 100.6245 259.5107 13.17649348174542
ONEWEB-0626             
1 55167U 23004AD  26221.07730022  .00000079  00000+0  17043-3 0  9990
2 55167  87.9179 355.3583 0002117  91.4054 268.7320 13.17649860174547
ONEWEB-0627             
1 55168U 23004AE  26220.83767079  .00000015  00000+0  43898-5 0  9995
2 55168  87.9180 355.4067 0001363 100.8007 259.3278 13.17649798174518
ONEWEB-0628             
1 55169U 23004AF  26220.77998018  .00000416  00000+0  11204-2 0  9996
2 55169  87.8996 340.2047 0001318 111.2190 248.9079 13.12440794174931
ONEWEB-0629             
1 55170U 23004AG  26221.11694088  .00000026  00000+0  34545-4 0  9999
2 55170  87.9176 355.3466 0001733 106.5518 253.5804 13.17647045174557
ONEWEB-0631             
1 55171U 23004AH  26220.75976695  .00000016  00000+0  89309-5 0  9994
2 55171  87.9211 324.9893 0001889  84.5823 275.5525 13.18684501176601
ONEWEB-0709             
1 55172U 23004AJ  26220.92541052 -.00000054  00000+0 -18922-3 0  9994
2 55172  87.8914  10.5797 0002463  80.7605 279.3801 13.11405913172782
ONEWEB-0710             
1 55173U 23004AK  26220.82754666 -.00000031  00000+0 -11280-3 0  9996
2 55173  87.9179 355.3994 0001670  94.9026 265.2297 13.17649567174516
ONEWEB-0711             
1 55174U 23004AL  26221.12546332 -.00000263  00000+0 -77909-3 0  9997
2 55174  87.8915  10.5289 0001083  88.1815 271.9437 13.11416684172772
ONEWEB-0713             
1 55175U 23004AM  26220.83893641 -.00000797  00000+0 -22860-2 0  9990
2 55175  87.8952  10.5875 0001661  96.8469 263.2848 13.11416170172723
ONEWEB-0715             
1 55176U 23004AN  26220.83385076 -.00000509  00000+0 -14726-2 0  9992
2 55176  87.8915  10.5895 0002151  77.5631 282.5737 13.11417991172764
ONEWEB-0716             
1 55177U 23004AP  26220.74486139  .00000005  00000+0 -20827-4 0  9996
2 55177  87.9178 355.4188 0002029 102.6912 257.4447 13.17649267174501
ONEWEB-0717             
1 55178U 23004AQ  26221.10767205  .00000021  00000+0  20968-4 0  9997
2 55178  87.9189 355.3398 0001398  84.4835 275.6456 13.17648521174600
ONEWEB-0719             
1 55179U 23004AR  26220.88998611 -.00000004  00000+0 -44102-4 0  9998
2 55179  87.9186 355.3627 0001892 103.2799 256.8543 13.17647937174520
ONEWEB-0530             
1 55796U 23029A   26221.19544375 -.00000063  00000+0 -18812-3 0  9992
2 55796  87.9143 263.8977 0001592  97.0827 263.0488 13.20770964168148
ONEWEB-0534             
1 55797U 23029B   26221.18366052 -.00000136  00000+0 -36654-3 0  9991
2 55797  87.9147 263.9017 0002136  96.4562 263.6815 13.20769898168147
ONEWEB-0556             
1 55798U 23029C   26221.19038437 -.00000067  00000+0 -19724-3 0  9998
2 55798  87.9146 263.8985 0002177 119.0224 241.1127 13.20771940168140
ONEWEB-0562             
1 55799U 23029D   26221.17690682 -.00000022  00000+0 -86121-4 0  9990
2 55799  87.9156 263.8841 0001508 116.6754 243.4534 13.20769688168144
ONEWEB-0563             
1 55800U 23029E   26221.17188166  .00000012  00000+0 -30501-5 0  9992
2 55800  87.9147 263.9138 0002278  97.4969 262.6423 13.20771441168135
ONEWEB-0564             
1 55801U 23029F   26221.16512544 -.00000502  00000+0 -12671-2 0  9993
2 55801  87.9153 263.8894 0001839  96.3746 263.7596 13.20771961168145
ONEWEB-0638             
1 55802U 23029G   26221.21880477  .00000155  00000+0  38483-3 0  9995
2 55802  87.8928 279.1792 0001954 112.7307 247.4029 13.14501732166368
ONEWEB-0639             
1 55803U 23029H   26221.17949036  .00000009  00000+0 -97953-5 0  9996
2 55803  87.9169 294.4248 0003243 100.3511 259.7988 13.19726635165899
ONEWEB-0640             
1 55804U 23029J   26221.15221078  .00000231  00000+0  58914-3 0  9992
2 55804  87.8929 279.1835 0002321 113.8873 246.2501 13.14503634166374
ONEWEB-0641             
1 55805U 23029K   26221.17473700  .00000040  00000+0  66521-4 0  9998
2 55805  87.9174 294.4191 0002176 101.2548 258.8830 13.19723884165909
ONEWEB-0642             
1 55806U 23029L   26221.17000043  .00000050  00000+0  93602-4 0  9996
2 55806  87.9170 294.4280 0002845  92.4864 267.6594 13.19723915165898
ONEWEB-0643             
1 55807U 23029M   26221.19819931 -.00000197  00000+0 -56683-3 0  9994
2 55807  87.8933 279.1616 0002645  87.6786 272.4646 13.14503357166350
ONEWEB-0644             
1 55808U 23029N   26221.16525740  .00000084  00000+0  17726-3 0  9992
2 55808  87.9168 294.4298 0002380  94.4655 265.6750 13.19727181165891
ONEWEB-0645             
1 55809U 23029P   26221.18736919 -.00000017  00000+0 -75836-4 0  9992
2 55809  87.9170 294.4223 0002473 104.0597 256.0811 13.19727011165893
ONEWEB-0646             
1 55810U 23029Q   26221.20476395  .00000003  00000+0 -23694-4 0  9995
2 55810  87.9170 294.4197 0002321  95.3843 264.7555 13.19725446165883
ONEWEB-0648             
1 55811U 23029R   26221.16648720  .00000138  00000+0  33636-3 0  9998
2 55811  87.8944 279.1472 0002924 102.1228 258.0229 13.14501393166356
ONEWEB-0649             
1 55812U 23029S   26221.15421977  .00000122  00000+0  27180-3 0  9991
2 55812  87.9168 294.4271 0002328 100.1671 259.9724 13.19725024165916
ONEWEB-0650             
1 55813U 23029T   26221.14948192  .00000092  00000+0  19651-3 0  9994
2 55813  87.9169 294.4305 0002670  94.5090 265.6348 13.19725574165889
ONEWEB-0652             
1 55814U 23029U   26221.14743889  .00001199  00000+0  31980-2 0  9998
2 55814  87.8936 279.1570 0001883  95.2665 264.8679 13.14512363166329
ONEWEB-0653             
1 55815U 23029V   26221.20771571  .00000021  00000+0  21885-4 0  9993
2 55815  87.8938 279.1435 0002002  99.0207 261.1150 13.14503171166365
ONEWEB-0654             
1 55816U 23029W   26221.20295370 -.00000056  00000+0 -18563-3 0  9990
2 55816  87.8939 279.1404 0001681 100.1976 259.9343 13.14503302166389
ONEWEB-0656             
1 55817U 23029X   26221.15841132  .00000040  00000+0  65485-4 0  9995
2 55817  87.9158 263.8721 0001603  95.4961 264.6355 13.20771454168144
ONEWEB-0657             
1 55818U 23029Y   26221.22053816 -.00000274  00000+0 -71583-3 0  9994
2 55818  87.9170 294.4153 0001411  82.5933 277.5360 13.19725568165904
ONEWEB-0658             
1 55819U 23029Z   26221.21580176  .00000077  00000+0  15892-3 0  9998
2 55819  87.9179 294.3963 0002435  93.5325 266.6086 13.19724236165912
ONEWEB-0660             
1 55820U 23029AA  26221.18075550 -.00000108  00000+0 -32650-3 0  9999
2 55820  87.8950 279.1424 0002271 103.3103 256.8280 13.14503337166364
ONEWEB-0661             
1 55821U 23029AB  26221.21563970  .00000077  00000+0  17375-3 0  9992
2 55821  87.8931 279.1712 0002160 104.8868 255.2501 13.14504013166355
ONEWEB-0662             
1 55822U 23029AC  26221.17441662 -.00000030  00000+0 -11432-3 0  9990
2 55822  87.8935 279.1850 0002270 103.2214 256.9169 13.14503327166392
ONEWEB-0663             
1 55823U 23029AD  26221.11235723  .00000068  00000+0  13430-3 0  9993
2 55823  87.9159 263.9516 0002492  98.9737 261.1678 13.20873492168135
ONEWEB-0664             
1 55824U 23029AE  26221.14492462  .00000012  00000+0 -29094-5 0  9997
2 55824  87.9145 263.9210 0002010 108.8340 251.3012 13.20772555168130
ONEWEB-0665             
1 55825U 23029AF  26221.21247661  .00000099  00000+0  23352-3 0  9998
2 55825  87.8928 279.1528 0002336 101.2509 258.8883 13.14503456166372
ONEWEB-0666             
1 55826U 23029AG  26221.13820593  .00000041  00000+0  69899-4 0  9995
2 55826  87.9145 263.9121 0001755  75.1221 285.0106 13.20770600168140
ONEWEB-0667             
1 55827U 23029AH  26221.13315617  .00000024  00000+0  26386-4 0  9997
2 55827  87.9161 263.8791 0002149  98.6685 261.4692 13.20770641168135
ONEWEB-0669             
1 55828U 23029AJ  26221.12810660  .00000059  00000+0  11283-3 0  9992
2 55828  87.9156 263.8881 0001581 102.6606 257.4704 13.20771677168137
ONEWEB-0670             
1 55829U 23029AK  26221.19025887 -.00000188  00000+0 -54152-3 0  9996
2 55829  87.8931 279.1739 0002099 108.1739 251.9619 13.14504936166398
ONEWEB-0671             
1 55830U 23029AL  26221.21107972  .00000044  00000+0  78322-4 0  9992
2 55830  87.9166 294.4184 0002206 101.8282 258.3098 13.19726422165895
ONEWEB-0672             
1 55831U 23029AM  26221.12304741  .00000022  00000+0  21456-4 0  9998
2 55831  87.9156 263.8829 0001818  90.7995 269.3346 13.20772185168133
ONEWEB-0673             
1 55832U 23029AN  26221.18815950 -.00000034  00000+0 -11727-3 0  9998
2 55832  87.9173 294.4180 0002126 102.3733 257.7637 13.19726916165899
ONEWEB-0674             
1 55833U 23029AP  26221.15856219  .00000264  00000+0  67637-3 0  9993
2 55833  87.8941 279.1590 0002037 109.1354 250.9997 13.14503613166372
ONEWEB-0675             
1 55834U 23029AQ  26221.20317597  .00000037  00000+0  60378-4 0  9995
2 55834  87.9168 294.4220 0002039  91.1004 269.0362 13.19727028165918
ONEWEB-0720             
1 55835U 23029AR  26221.19526900  .00000060  00000+0  11703-3 0  9997
2 55835  87.9169 294.4231 0002356  99.1447 260.9952 13.19724434165837
ONEWEB-0537             
1 56046U 23043A   26221.01248659 -.00000029  00000+0 -10972-3 0  9995
2 56046  87.9086 218.2766 0001989  84.1621 275.9737 13.16595422165912
ONEWEB-0538             
1 56047U 23043B   26221.00614719 -.00000002  00000+0 -38568-4 0  9992
2 56047  87.9087 218.2811 0002257  82.9790 277.1597 13.16595548165925
ONEWEB-0546             
1 56048U 23043C   26220.99348466  .00000086  00000+0  19066-3 0  9994
2 56048  87.9085 218.2836 0001614  73.5103 286.6205 13.16595490165917
ONEWEB-0547             
1 56049U 23043D   26221.08422911  .00000107  00000+0  22719-3 0  9997
2 56049  87.9226 233.4450 0002265  90.7431 269.3963 13.21824891165212
ONEWEB-0548             
1 56050U 23043E   26221.01801521 -.00000044  00000+0 -14783-3 0  9994
2 56050  87.9085 218.2736 0001905 100.6072 259.5274 13.16593592165915
ONEWEB-0549             
1 56051U 23043F   26220.32155947 -.00020812  00000+0 -50664-1 0  9993
2 56051  87.9220 233.6008 0002606  91.0289 269.1144 13.21661638165110
ONEWEB-0550             
1 56052U 23043G   26220.30801532 -.00012662  00000+0 -30779-1 0  9999
2 56052  87.9223 233.6019 0002909 124.0054 236.1356 13.21725372165114
ONEWEB-0551             
1 56053U 23043H   26221.16720767 -.00000059  00000+0 -19063-3 0  9997
2 56053  87.8961 248.6655 0002352  88.5810 271.5590 13.15548116163361
ONEWEB-0552             
1 56054U 23043J   26221.05982578  .00000036  00000+0  55690-4 0  9996
2 56054  87.9222 233.4559 0002272  94.5730 265.5664 13.21823681165218
ONEWEB-0553             
1 56055U 23043K   26220.99981628  .00000055  00000+0  11043-3 0  9998
2 56055  87.9086 218.2822 0001732  84.5300 275.6029 13.16595585165921
ONEWEB-0554             
1 56056U 23043L   26220.98715044  .00000110  00000+0  25337-3 0  9998
2 56056  87.9085 218.2932 0001895 102.8998 257.2344 13.16595562165909
ONEWEB-0555             
1 56057U 23043M   26221.02514471 -.00000037  00000+0 -13082-3 0  9990
2 56057  87.9085 218.2743 0001622  76.7149 283.4162 13.16594643165914
ONEWEB-0557             
1 56058U 23043N   26221.03938360 -.00000016  00000+0 -74957-4 0  9995
2 56058  87.9086 218.2819 0001065 119.5115 240.6122 13.16592585165914
ONEWEB-0558             
1 56059U 23043P   26221.12878704  .00000047  00000+0  82887-4 0  9994
2 56059  87.9224 233.4386 0002261  83.8280 276.3112 13.21826908165237
ONEWEB-0559             
1 56060U 23043Q   26221.11703669  .00000039  00000+0  63016-4 0  9996
2 56060  87.9226 233.4371 0002325  91.1161 269.0239 13.21826471165241
ONEWEB-0566             
1 56061U 23043R   26221.11030733 -.00000011  00000+0 -58160-4 0  9998
2 56061  87.9229 233.4366 0002420  89.9414 270.1998 13.21826484165228
ONEWEB-0568             
1 56062U 23043S   26221.05680244  .00000045  00000+0  85268-4 0  9994
2 56062  87.9084 218.2674 0001871  83.4275 276.7069 13.16592869165934
ONEWEB-0574             
1 56063U 23043T   26221.10356838 -.00000048  00000+0 -14683-3 0  9997
2 56063  87.9226 233.4430 0001938  95.8372 264.2983 13.21826844165263
ONEWEB-0575             
1 56064U 23043U   26221.05047007  .00000073  00000+0  15830-3 0  9998
2 56064  87.9084 218.2649 0001717  95.7362 264.3964 13.16592731165924
ONEWEB-0576             
1 56065U 23043V   26221.03148087 -.00000022  00000+0 -90187-4 0  9992
2 56065  87.9084 218.2779 0001880  91.5400 268.5947 13.16593485165910
ONEWEB-0577             
1 56066U 23043W   26221.03780537 -.00000063  00000+0 -19871-3 0  9990
2 56066  87.9084 218.2745 0001639 108.5347 251.5962 13.16592871165945
ONEWEB-0578             
1 56067U 23043X   26221.09010259 -.00000015  00000+0 -67098-4 0  9996
2 56067  87.9228 233.4418 0001804  86.7886 273.3455 13.21827580165225
ONEWEB-0579             
1 56068U 23043Y   26221.08171025  .00000051  00000+0  91099-4 0  9991
2 56068  87.9230 233.4429 0002335  95.2383 264.9017 13.21824949165235
ONEWEB-0581             
1 56069U 23043Z   26221.04413942  .00000004  00000+0 -24052-4 0  9999
2 56069  87.9078 218.2816 0001808 103.6002 256.5330 13.16592946165916
ONEWEB-0609             
1 56070U 23043AA  26221.11729307 -.00000062  00000+0 -19781-3 0  9991
2 56070  87.8957 248.6600 0002068  91.3480 268.7887 13.15548783163394
ONEWEB-0613             
1 56071U 23043AB  26221.11491024 -.00000082  00000+0 -25290-3 0  9998
2 56071  87.8957 248.6731 0002327  93.3668 266.7728 13.15548772163398
ONEWEB-0630             
1 56072U 23043AC  26221.11014631 -.00000169  00000+0 -48324-3 0  9993
2 56072  87.8966 248.6487 0002285  94.6219 265.5172 13.15546422163385
ONEWEB-0632             
1 56073U 23043AD  26221.02934941 -.00000088  00000+0 -26870-3 0  9991
2 56073  87.8962 248.6804 0001995  97.8548 262.2809 13.15547908163372
ONEWEB-0633             
1 56074U 23043AE  26221.09905498 -.00000062  00000+0 -19784-3 0  9992
2 56074  87.8969 248.6462 0002455  89.9586 270.1825 13.15549708163361
ONEWEB-0634             
1 56075U 23043AF  26221.16085632  .00000066  00000+0  13992-3 0  9997
2 56075  87.8961 248.6702 0001934  85.1217 275.0134 13.15548467163369
ONEWEB-0635             
1 56076U 23043AG  26221.08005161  .00000136  00000+0  32621-3 0  9996
2 56076  87.8970 248.6532 0001917 100.6683 259.4663 13.15549198163389
ONEWEB-0636             
1 56077U 23043AH  26221.07212921  .00000201  00000+0  50109-3 0  9994
2 56077  87.8969 248.6595 0001931 100.2979 259.8369 13.15549041163369
ONEWEB-0637             
1 56078U 23043AJ  26221.14184133  .00000160  00000+0  39038-3 0  9998
2 56078  87.8960 248.6590 0001726  92.7691 267.3637 13.15549235163394
ONEWEB-0647             
1 56079U 23043AK  26221.06104723  .00000213  00000+0  53261-3 0  9990
2 56079  87.8961 248.6875 0002034  99.8418 260.2942 13.15548868163370
ONEWEB-0651             
1 56080U 23043AL  26221.13234280  .00000160  00000+0  39052-3 0  9995
2 56080  87.8958 248.6663 0001834  97.4201 262.7138 13.15548981164588
ONEWEB-0718             
1 56081U 23043AM  26221.12757538  .00000055  00000+0  11295-3 0  9993
2 56081  87.8965 248.6497 0002091  80.1687 279.9680 13.15546949163397
ONEWEB-0561             
1 56710U 23068A   26221.15166922  .00000001  00000+0 -29723-4 0  9991
2 56710  87.9156 263.8856 0002091 104.0519 256.0847 13.20771546156490
ONEWEB-0668             
1 56711U 23068B   26221.01881206 -.00000064  00000+0 -20201-3 0  9997
2 56711  87.9086 218.2766 0001815  74.7856 285.3476 13.16593017158739
ONEWEB-0676             
1 56712U 23068C   26221.02673546  .00000050  00000+0  98442-4 0  9991
2 56712  87.9087 218.2818 0001894  95.6826 264.4521 13.16593212158652
ONEWEB-0677             
1 56713U 23068D   26221.13987568  .00000046  00000+0  81658-4 0  9992
2 56713  87.9154 263.8794 0001655  97.9037 262.2284 13.20772971156792
ONEWEB-0678             
1 56714U 23068E   26221.09589679 -.00000056  00000+0 -18306-3 0  9991
2 56714  87.8971 248.6513 0002307  96.9785 263.1607 13.15549613156241
ONEWEB-0679             
1 56715U 23068F   26220.98555948  .00000141  00000+0  33574-3 0  9998
2 56715  87.9085 218.2810 0001499  84.7351 275.3950 13.16595336158676
ONEWEB-0680             
1 56716U 23068G   26221.08337291 -.00000034  00000+0 -11289-3 0  9992
2 56716  87.9232 233.4442 0001658  79.6621 280.4700 13.21824142158082
ONEWEB-0681             
1 56717U 23068H   26221.06519139 -.00007003  00000+0 -17126-1 0  9991
2 56717  87.9229 233.4478 0001668 121.0608 239.0690 13.21332568158079
ONEWEB-0682             
1 56718U 23068J   26221.11966118 -.00000050  00000+0 -16635-3 0  9992
2 56718  87.8966 248.6462 0001660  83.0778 277.0541 13.15549546156417
ONEWEB-0683             
1 56719U 23068K   26221.14342310  .00000142  00000+0  34188-3 0  9991
2 56719  87.8971 248.6430 0001939  87.1867 272.9485 13.15549473156388
ONEWEB-0684             
1 56720U 23068L   26221.15134905  .00000012  00000+0 -27282-5 0  9999
2 56720  87.8968 248.6300 0003368  91.4757 268.6759 13.15547050156213
ONEWEB-0686             
1 56721U 23068M   26221.02198433 -.00000040  00000+0 -13947-3 0  9995
2 56721  87.9075 218.2923 0002230  80.4587 279.6796 13.16595063158666
ONEWEB-0694             
1 56722U 23068N   26221.02832530 -.00000066  00000+0 -20650-3 0  9996
2 56722  87.9091 218.2655 0001821  77.8755 282.2580 13.16595416158729
ONEWEB-0696             
1 56723U 23068P   26221.10856345 -.00000119  00000+0 -35047-3 0  9991
2 56723  87.8962 248.6730 0002454 100.4918 259.6488 13.15547175156321
ONEWEB-0703             
1 56724U 23068Q   26221.11807863 -.00000038  00000+0 -13611-3 0  9997
2 56724  87.8962 248.6522 0002621 110.6334 249.5078 13.15548867156212
ONEWEB-0721             
1 56725U 23068R   26221.10124016  .00000075  00000+0  14469-3 0  9990
2 56725  86.6717  68.6154 0001729  86.0546 274.0785 13.22472653164931
ONEWEB-0015             
1 61594U 24188A   26221.10683529  .00000587  00000+0  16213-2 0  9999
2 61594  87.8912  10.5574 0001347 105.5615 254.5662 13.11415323 91398
ONEWEB-0687             
1 61595U 24188B   26221.08236132 -.00000017  00000+0 -75713-4 0  9993
2 61595  87.9174 355.3576 0001390  87.4132 272.7159 13.17648977 92867
ONEWEB-0688             
1 61596U 24188C   26220.88321397  .00000379  00000+0  94202-3 0  9991
2 61596  87.9170 355.3971 0000979 138.9161 221.2044 13.17646946 92832
ONEWEB-0689             
1 61597U 24188D   26220.91184003 -.00000439  00000+0 -12758-2 0  9991
2 61597  87.8920  10.5611 0001729  85.8790 274.2536 13.11416513 91368
ONEWEB-0690             
1 61598U 24188E   26220.92202565 -.00000097  00000+0 -30905-3 0  9992
2 61598  87.8923  10.5693 0002252 107.6679 252.4694 13.11417958 91540
ONEWEB-0691             
1 61599U 24188F   26220.91693369 -.00000369  00000+0 -10779-2 0  9996
2 61599  87.8934  10.4838 0001411  97.0680 263.0608 13.11418864 91396
ONEWEB-0692             
1 61600U 24188G   26221.16617589  .00000425  00000+0  11632-2 0  9997
2 61600  87.8912  10.5377 0002364  79.5634 280.5760 13.11417358 91419
ONEWEB-0693             
1 61601U 24188H   26220.89505558 -.00000064  00000+0 -19841-3 0  9991
2 61601  87.9166 355.4124 0002340 115.4204 244.7170 13.17648220 92823
ONEWEB-0695             
1 61602U 24188J   26221.14243266 -.00000488  00000+0 -14121-2 0  9991
2 61602  87.8913  10.5339 0001943  79.2399 280.8948 13.11416520 91407
ONEWEB-0697             
1 61603U 24188K   26220.86947242  .00000588  00000+0  16234-2 0  9991
2 61603  87.8913  10.5796 0002400  81.8766 278.2634 13.11415341 91358
ONEWEB-0698             
1 61604U 24188L   26221.15261038 -.00000241  00000+0 -71708-3 0  9993
2 61604  87.8914  10.5362 0002987  95.4446 264.7023 13.11417953 91415
ONEWEB-0699             
1 61605U 24188M   26220.97829442  .00000528  00000+0  14768-2 0  9990
2 61605  87.8838  25.7449 0002396  82.6617 277.4782 13.10375487 90222
ONEWEB-0700             
1 61606U 24188N   26220.98000174  .00000580  00000+0  16246-2 0  9996
2 61606  87.8854  25.6624 0002302  84.0316 276.1074 13.10374650 90214
ONEWEB-0701             
1 61607U 24188P   26221.14967948  .00000530  00000+0  14829-2 0  9997
2 61607  87.8838  25.7117 0002541  82.6396 277.5020 13.10370612 90245
ONEWEB-0702             
1 61608U 24188Q   26220.89321794 -.00001745  00000+0 -49602-2 0  9990
2 61608  87.8915  10.5056 0002522  79.5965 280.5447 13.11402416 91395
ONEWEB-0704             
1 61609U 24188R   26220.98508514  .00000699  00000+0  19665-2 0  9999
2 61609  87.8842  25.7352 0002429  69.4778 290.6610 13.10373619 90202
ONEWEB-0705             
1 61610U 24188S   26220.91381625  .00000668  00000+0  18771-2 0  9999
2 61610  87.8840  25.7554 0001760  58.3674 301.7625 13.10372727 82362
ONEWEB-0706             
1 61611U 24188T   26220.97489593  .00000388  00000+0  10761-2 0  9999
2 61611  87.8841  25.7461 0002007  74.8315 285.3034 13.10376172 90291
ONEWEB-0707             
1 61612U 24188U   26220.98169594  .00000651  00000+0  18278-2 0  9991
2 61612  87.8841  25.7407 0002040  76.0885 284.0469 13.10373822 90236
ONEWEB-0708             
1 61613U 24188V   26221.15306758  .00000395  00000+0  10950-2 0  9991
2 61613  87.8832  25.7210 0001348  81.5933 278.5347 13.10369866 90230
