ONEWEB-0012             
1 44057U 19010A   26129.79872047 -.00000019  00000+0 -84535-4 0  9995
2 44057  87.9100 236.4071 0002377 100.0821 260.0578 13.16595276346513
ONEWEB-0010             
1 44058U 19010B   26129.82404964  .00000153  00000+0  36692-3 0  9996
2 44058  87.9100 236.3979 0001673  91.9635 268.1688 13.16595153346569
ONEWEB-0008             
1 44059U 19010C   26129.84938332 -.00000094  00000+0 -27951-3 0  9994
2 44059  87.9099 236.3888 0001925 109.4129 250.7210 13.16593824346683
ONEWEB-0007             
1 44060U 19010D   26129.93009320 -.00000042  00000+0 -14528-3 0  9991
2 44060  87.8972 266.8482 0001963  89.4861 270.6494 13.15549407346349
ONEWEB-0006             
1 44061U 19010E   26129.85799946 -.00000081  00000+0 -24904-3 0  9995
2 44061  87.8983 266.8223 0001770  94.6207 265.5125 13.15550070346389
ONEWEB-0011             
1 44062U 19010F   26129.90237118  .00000167  00000+0  41071-3 0  9997
2 44062  87.8982 266.8231 0001632 100.8474 259.2840 13.15548145346385
ONEWEB-0013             
1 45131U 20008A   26129.81176136  .00000178  00000+0  48030-3 0  9990
2 45131  87.8518  60.5620 0002847  86.9735 273.1718 13.09448589301049
ONEWEB-0017             
1 45132U 20008B   26129.74462610  .00000613  00000+0  17197-2 0  9991
2 45132  87.8857  43.9191 0001759  72.2379 287.8940 13.10373279302918
ONEWEB-0020             
1 45133U 20008C   26129.79107695 -.00000625  00000+0 -18259-2 0  9991
2 45133  87.8866  43.9057 0001889  78.3546 281.7793 13.10373186303318
ONEWEB-0021             
1 45134U 20008D   26129.80603209 -.00000030  00000+0 -12099-3 0  9993
2 45134  87.8855  43.9218 0001961  76.3954 283.7391 13.10375278303622
ONEWEB-0023             
1 45136U 20008F   26129.81683222  .00000517  00000+0  14438-2 0  9995
2 45136  87.8859  43.8994 0001954  82.2714 277.8635 13.10374496303053
ONEWEB-0024             
1 45137U 20008G   26129.78955557 -.00000733  00000+0 -21364-2 0  9993
2 45137  87.8867  43.8957 0001584  75.1070 285.0233 13.10320366303217
ONEWEB-0025             
1 45138U 20008H   26129.86564856 -.00000629  00000+0 -18395-2 0  9995
2 45138  87.8870  43.8689 0001458  90.3445 269.7849 13.10374671303556
ONEWEB-0026             
1 45139U 20008J   26129.70498647  .00000681  00000+0  18858-2 0  9993
2 45139  87.8924  28.7210 0001666  77.7191 282.4124 13.11418703306060
ONEWEB-0028             
1 45140U 20008K   26129.97305652 -.00000600  00000+0 -17438-2 0  9993
2 45140  87.8919  28.6717 0002347  85.0515 275.0881 13.10850790303617
ONEWEB-0032             
1 45141U 20008L   26129.82278495  .00003022  00000+0  86206-2 0  9990
2 45141  87.8856  43.9052 0002295  86.2849 273.8541 13.10362067303271
ONEWEB-0033             
1 45142U 20008M   26129.79772790 -.00000438  00000+0 -12904-2 0  9998
2 45142  87.8859  43.9182 0001552  64.3830 295.7457 13.10375545303185
ONEWEB-0035             
1 45143U 20008N   26129.82313482  .00000570  00000+0  15844-2 0  9993
2 45143  87.8851  43.9084 0001771  75.3153 284.8171 13.10885731302917
ONEWEB-0036             
1 45144U 20008P   26129.77790069 -.00000416  00000+0 -12377-2 0  9997
2 45144  87.8869  43.9137 0001993  84.5518 275.5836 13.09817466303339
ONEWEB-0038             
1 45145U 20008Q   26129.94418945  .00000501  00000+0  13776-2 0  9994
2 45145  87.8936  28.6777 0003051  51.1908 308.9492 13.11417808305313
ONEWEB-0039             
1 45146U 20008R   26129.80105027 -.00000102  00000+0 -32872-3 0  9992
2 45146  87.8857  43.9066 0002259  83.4416 276.6969 13.10373098303137
ONEWEB-0040             
1 45147U 20008S   26129.79440064 -.00000535  00000+0 -15681-2 0  9992
2 45147  87.8855  43.9199 0001864  75.4637 284.6697 13.10375065302839
ONEWEB-0043             
1 45149U 20008U   26129.79606066 -.00000488  00000+0 -14334-2 0  9991
2 45149  87.8860  43.9058 0002396  85.4667 274.6734 13.10374005303156
ONEWEB-0044             
1 45150U 20008V   26129.82430801  .00000602  00000+0  16895-2 0  9999
2 45150  87.8864  43.8982 0002084  79.4414 280.6948 13.10372857303454
ONEWEB-0045             
1 45151U 20008W   26129.71007544  .00000570  00000+0  15723-2 0  9995
2 45151  87.8927  28.7088 0001958  79.2996 280.8353 13.11418714305364
ONEWEB-0047             
1 45152U 20008X   26129.74130390  .00000473  00000+0  13189-2 0  9991
2 45152  87.8863  43.9148 0001860  72.8999 287.2332 13.10374322303163
ONEWEB-0048             
1 45153U 20008Y   26129.81267842  .00000285  00000+0  78060-3 0  9994
2 45153  87.8858  43.9243 0001871  76.5298 283.6038 13.10374917302789
ONEWEB-0049             
1 45154U 20008Z   26129.81586565  .00000406  00000+0  11257-2 0  9990
2 45154  87.8859  43.9123 0001864  91.8313 268.3028 13.10374853303002
ONEWEB-0051             
1 45155U 20008AA  26129.70839693  .00000655  00000+0  18114-2 0  9997
2 45155  87.8919  28.7193 0001843  79.8885 280.2451 13.11414515306046
ONEWEB-0052             
1 45156U 20008AB  26129.98877800  .00000447  00000+0  12441-2 0  9996
2 45156  87.8857  43.8634 0001894  93.3360 266.7984 13.10370595302933
ONEWEB-0053             
1 45157U 20008AC  26129.79274255 -.00000668  00000+0 -19493-2 0  9992
2 45157  87.8856  43.9251 0002243  89.1082 271.0302 13.10373549302881
ONEWEB-0054             
1 45158U 20008AD  26129.75126688  .00000601  00000+0  16839-2 0  9991
2 45158  87.8861  43.9134 0001832  82.2440 277.8896 13.10371531302996
ONEWEB-0056             
1 45159U 20008AE  26129.80342051 -.00000166  00000+0 -50719-3 0  9996
2 45159  87.8864  43.8991 0001619  81.3842 278.7469 13.10844752303154
ONEWEB-0057             
1 45160U 20008AF  26129.81614471  .00000424  00000+0  11772-2 0  9997
2 45160  87.8862  43.9080 0002254  88.4743 271.6643 13.10375784303327
ONEWEB-0058             
1 45161U 20008AG  26129.80284657 -.00000198  00000+0 -60245-3 0  9996
2 45161  87.8861  43.9181 0001910  71.3928 288.7406 13.10375401303392
ONEWEB-0059             
1 45162U 20008AH  26129.79939538 -.00000451  00000+0 -13270-2 0  9997
2 45162  87.8858  43.9181 0002094  75.7429 284.3931 13.10376252303296
ONEWEB-0062             
1 45163U 20008AJ  26129.82256554 -.00025761  00000+0 -73864-1 0  9997
2 45163  87.8854  43.8969 0001764  62.9553 297.1755 13.10535324303164
ONEWEB-0065             
1 45164U 20008AK  26129.77932586 -.00000526  00000+0 -15446-2 0  9993
2 45164  87.8857  43.9151 0001914  90.2517 269.8829 13.10370639302852
ONEWEB-0066             
1 45424U 20020A   26129.76941962  .00000177  00000+0  46379-3 0  9993
2 45424  87.8926  28.7107 0001989  77.1284 283.0066 13.11420423297646
ONEWEB-0067             
1 45425U 20020B   26129.96007339 -.00000205  00000+0 -61463-3 0  9992
2 45425  87.8941  28.5888 0001916  86.6475 273.4872 13.11420565297729
ONEWEB-0080             
1 45426U 20020C   26129.80685981 -.00000202  00000+0 -60706-3 0  9997
2 45426  87.8931  28.6969 0001684  69.5727 290.5581 13.11415721297671
ONEWEB-0090             
1 45427U 20020D   26129.98826192 -.00000382  00000+0 -11138-2 0  9991
2 45427  87.8931  28.6658 0001763  77.9449 282.1877 13.11416761297668
ONEWEB-0061             
1 45428U 20020E   26129.94391949  .00000425  00000+0  11647-2 0  9996
2 45428  87.8927  28.6600 0001834  78.3368 281.7966 13.11417326297612
ONEWEB-0081             
1 45429U 20020F   26129.77281325  .00000305  00000+0  82341-3 0  9991
2 45429  87.8924  28.7057 0002017  80.7903 279.3453 13.11418045297706
ONEWEB-0069             
1 45430U 20020G   26129.76774971  .00000094  00000+0  23107-3 0  9996
2 45430  87.8928  28.7058 0001909  80.1240 280.0104 13.10861026297634
ONEWEB-0031             
1 45431U 20020H   26129.96269089 -.00000517  00000+0 -14937-2 0  9990
2 45431  87.8917  28.6785 0001714  74.6335 285.4982 13.11414472297640
ONEWEB-0027             
1 45432U 20020J   26129.73029503 -.00000030  00000+0 -10972-3 0  9997
2 45432  87.9179  13.4920 0001427  81.2844 278.8449 13.17650131301296
ONEWEB-0064             
1 45433U 20020K   26129.96100102 -.00000231  00000+0 -68873-3 0  9994
2 45433  87.8918  28.6694 0001650  77.2447 282.8866 13.11414333297675
ONEWEB-0018             
1 45434U 20020L   26129.99322018 -.00000069  00000+0 -22986-3 0  9994
2 45434  87.8922  28.6621 0002091  71.1539 288.9815 13.11419956297628
ONEWEB-0083             
1 45435U 20020M   26129.98318096 -.00000437  00000+0 -12696-2 0  9990
2 45435  87.8932  28.6553 0001801  76.7486 283.3843 13.11417991297665
ONEWEB-0095             
1 45436U 20020N   26129.97469510 -.00000506  00000+0 -14637-2 0  9992
2 45436  87.8930  28.6651 0001466 104.9124 255.2166 13.11414681297662
ONEWEB-0092             
1 45437U 20020P   26129.94232597  .00000445  00000+0  12102-2 0  9998
2 45437  87.8927  28.6701 0001811  90.3616 269.7720 13.11952472297776
ONEWEB-0085             
1 45438U 20020Q   26129.98289960 -.00000614  00000+0 -17687-2 0  9992
2 45438  87.8921  28.6653 0001784  79.0196 281.1132 13.11412432297663
ONEWEB-0096             
1 45439U 20020R   26129.98472833 -.00000527  00000+0 -15235-2 0  9996
2 45439  87.8931  28.6573 0001849  80.4743 279.6594 13.11415549297657
ONEWEB-0037             
1 45440U 20020S   26129.72734588 -.00000094  00000+0 -29801-3 0  9992
2 45440  87.8940  28.6849 0001758  81.9844 278.1484 13.11907999297659
ONEWEB-0042             
1 45441U 20020T   26129.97441939 -.00000645  00000+0 -18549-2 0  9993
2 45441  87.8929  28.6559 0001897  80.8585 279.2758 13.11416778297655
ONEWEB-0098             
1 45442U 20020U   26129.97032507 -.00000469  00000+0 -13591-2 0  9997
2 45442  87.8926  28.6667 0001782  77.7020 282.4307 13.11416316297637
ONEWEB-0055             
1 45443U 20020V   26129.94897255 -.00002637  00000+0 -74775-2 0  9994
2 45443  87.8927  28.6697 0001571  80.0754 280.0552 13.11437241297602
ONEWEB-0093             
1 45444U 20020W   26129.77635357  .00000427  00000+0  11700-2 0  9991
2 45444  87.8929  28.6962 0002214  84.2463 275.8917 13.11417868297642
ONEWEB-0029             
1 45445U 20020X   26129.94875053  .00000335  00000+0  91641-3 0  9991
2 45445  87.8914  28.6721 0001995  80.9573 279.1780 13.10884764297647
ONEWEB-0068             
1 45446U 20020Y   26129.77606700  .00000745  00000+0  20666-2 0  9997
2 45446  87.8930  28.6997 0001895  78.9163 281.2178 13.11418241297562
ONEWEB-0046             
1 45447U 20020Z   26129.76771484  .00000150  00000+0  38732-3 0  9993
2 45447  87.8930  28.7086 0001961  85.8235 274.3117 13.11420705297579
ONEWEB-0063             
1 45448U 20020AA  26129.94921384  .00000306  00000+0  82901-3 0  9990
2 45448  87.8930  28.6702 0001674  87.0382 273.0938 13.11388625297685
ONEWEB-0019             
1 45449U 20020AB  26129.98798434 -.00000519  00000+0 -15016-2 0  9993
2 45449  87.8927  28.6512 0001742  75.4193 284.7128 13.11418721297533
ONEWEB-0094             
1 45450U 20020AC  26129.70329304  .00000015  00000+0  65024-5 0  9997
2 45450  87.9178  13.4957 0001949  75.9661 284.1688 13.17648312301249
ONEWEB-0087             
1 45451U 20020AD  26129.95917064 -.00000092  00000+0 -29675-3 0  9998
2 45451  87.8937  28.6394 0002125  77.2040 282.9325 13.11417356297578
ONEWEB-0082             
1 45452U 20020AE  26129.95594289  .00001985  00000+0  55648-2 0  9997
2 45452  87.8929  28.6596 0002000  76.6770 283.4581 13.11406626297667
ONEWEB-0050             
1 45453U 20020AF  26129.80177567  .00001021  00000+0  10309-3 0  9995
2 45453  88.9292 238.4198 0005970 106.2579 253.9307 14.90201706334668
ONEWEB-0034             
1 45454U 20020AG  26129.98240058 -.00000451  00000+0 -13178-2 0  9995
2 45454  87.8931  28.6593 0001821  78.4877 281.6455 13.10934045297588
ONEWEB-0060             
1 45455U 20020AH  26129.94829529  .00000374  00000+0  10191-2 0  9992
2 45455  87.8920  28.6713 0002786  69.9067 290.2361 13.11416882297530
ONEWEB-0086             
1 45456U 20020AJ  26129.77450719  .00000375  00000+0  10217-2 0  9995
2 45456  87.8930  28.6984 0002182  60.7854 299.3492 13.11419885297570
ONEWEB-0088             
1 45457U 20020AK  26129.98135599 -.00000484  00000+0 -14003-2 0  9995
2 45457  87.8942  28.6266 0001984  91.8307 268.3048 13.11417562297533
ONEWEB-0102             
1 47258U 20100A   26129.86289825  .00000295  00000+0  78531-3 0  9999
2 47258  87.8971 358.2970 0001808  75.4175 284.7154 13.12443355259703
ONEWEB-0109             
1 47259U 20100B   26129.87136808 -.00000010  00000+0 -63383-4 0  9990
2 47259  87.8979 358.2752 0001623  81.1366 278.9946 13.12440807259535
ONEWEB-0110             
1 47260U 20100C   26129.89847246 -.00000302  00000+0 -87450-3 0  9993
2 47260  87.8981 358.2542 0001877  75.2889 284.8448 13.12445786259705
ONEWEB-0111             
1 47261U 20100D   26129.92897755  .00000443  00000+0  11950-2 0  9993
2 47261  87.8979 358.2667 0001906  82.3498 277.7847 13.12441598259542
ONEWEB-0114             
1 47262U 20100E   26129.88321846 -.00000267  00000+0 -77844-3 0  9993
2 47262  87.8983 358.2722 0001543  88.1616 271.9690 13.12443955259498
ONEWEB-0117             
1 47263U 20100F   26129.87475533 -.00000121  00000+0 -37301-3 0  9999
2 47263  87.8977 358.2666 0001763  81.5297 278.6031 13.12443107259509
ONEWEB-0118             
1 47264U 20100G   26129.90864426 -.00000028  00000+0 -11206-3 0  9999
2 47264  87.8979 358.2621 0001645  92.7098 267.4219 13.12445450259704
ONEWEB-0119             
1 47265U 20100H   26129.93405496  .00000459  00000+0  12391-2 0  9992
2 47265  87.8969 358.2774 0001743  83.4599 276.6728 13.12444268259685
ONEWEB-0120             
1 47266U 20100J   26129.88166116 -.00000271  00000+0 -78815-3 0  9998
2 47266  87.8971 358.2887 0001661  82.9066 277.2252 13.12443699259705
ONEWEB-0121             
1 47267U 20100K   26129.86968574  .00000056  00000+0  11945-3 0  9995
2 47267  87.8981 358.2735 0002074  82.2981 277.8383 13.12442749259613
ONEWEB-0122             
1 47268U 20100L   26129.63503988  .00000221  00000+0  57964-3 0  9990
2 47268  87.8982 358.3239 0001684  78.4816 281.6502 13.12443592259494
ONEWEB-0123             
1 47269U 20100M   26129.85951628  .00000378  00000+0  10163-2 0  9995
2 47269  87.8969 358.2913 0001771  86.5544 273.5787 13.12441347259663
ONEWEB-0124             
1 47270U 20100N   26129.92558811  .00000369  00000+0  98962-3 0  9996
2 47270  87.8968 358.2816 0001880  83.1807 276.9535 13.12442455259559
ONEWEB-0125             
1 47271U 20100P   26129.90356418 -.00000235  00000+0 -68858-3 0  9999
2 47271  87.8982 358.2648 0002010  89.0473 271.0886 13.12442746259614
ONEWEB-0126             
1 47272U 20100Q   26129.92404045  .00000395  00000+0  10640-2 0  9992
2 47272  87.8973 358.2790 0001641  83.8435 276.2880 13.12443293259688
ONEWEB-0127             
1 47273U 20100R   26129.88999418 -.00000698  00000+0 -19745-2 0  9994
2 47273  87.8968 358.2863 0001623  80.9473 279.1839 13.12443265259702
ONEWEB-0128             
1 47274U 20100S   26129.91203650  .00000058  00000+0  12618-3 0  9996
2 47274  87.8967 358.2959 0001935  73.9696 286.1646 13.12445176259722
ONEWEB-0129             
1 47275U 20100T   26129.89169419 -.00000443  00000+0 -12670-2 0  9995
2 47275  87.8978 358.2692 0000609  77.0082 283.1114 13.12444422259652
ONEWEB-0130             
1 47276U 20100U   26129.91880080 -.00000295  00000+0 -85657-3 0  9994
2 47276  87.8979 358.2592 0001715  79.8137 280.3185 13.12444792259627
ONEWEB-0131             
1 47277U 20100V   26129.68669999  .00000096  00000+0  23169-3 0  9990
2 47277  87.8967 358.3277 0001787  81.3521 278.7810 13.12444427259632
ONEWEB-0132             
1 47278U 20100W   26129.86798458  .00000129  00000+0  32195-3 0  9990
2 47278  87.8971 358.2927 0001809  80.7770 279.3563 13.12441246259552
ONEWEB-0133             
1 47279U 20100X   26129.88478327 -.00000545  00000+0 -15491-2 0  9996
2 47279  87.8983 358.2610 0001878  78.5590 281.5749 13.12442162259713
ONEWEB-0134             
1 47280U 20100Y   26129.93067130  .00000481  00000+0  13005-2 0  9996
2 47280  87.8981 358.2490 0001664  74.7594 285.3719 13.12441935259697
ONEWEB-0135             
1 47281U 20100Z   26129.90186185 -.00000300  00000+0 -86800-3 0  9992
2 47281  87.8970 358.2824 0001712  72.0807 288.0508 13.12444966259715
ONEWEB-0136             
1 47282U 20100AA  26129.92049960  .00000286  00000+0  76094-3 0  9999
2 47282  87.8978 358.2569 0001609  72.5903 287.5402 13.12445170259644
ONEWEB-0137             
1 47283U 20100AB  26129.87814088 -.00000498  00000+0 -14204-2 0  9996
2 47283  87.8984 358.2737 0001796  87.2233 272.9101 13.12442309259549
ONEWEB-0138             
1 47284U 20100AC  26129.93238532  .00000397  00000+0  10681-2 0  9999
2 47284  87.8979 358.2698 0001612  77.6968 282.4341 13.12443529259632
ONEWEB-0139             
1 47285U 20100AD  26129.66822625 -.00000346  00000+0 -99655-3 0  9997
2 47285  87.8978 358.3088 0001733  81.9355 278.1970 13.12443749259676
ONEWEB-0140             
1 47286U 20100AE  26129.92727919  .00000381  00000+0  10246-2 0  9992
2 47286  87.8981 358.2476 0001880  79.0098 281.1242 13.12444758259673
ONEWEB-0141             
1 47287U 20100AF  26129.66793163 -.00000596  00000+0 -16919-2 0  9991
2 47287  87.8977 358.3042 0001752  93.2066 266.9263 13.12443724259621
ONEWEB-0142             
1 47288U 20100AG  26129.65633831 -.00000381  00000+0 -10934-2 0  9999
2 47288  87.8975 358.3304 0001452  91.7709 268.3586 13.12440703259612
ONEWEB-0143             
1 47289U 20100AH  26129.89508422 -.00000420  00000+0 -12024-2 0  9999
2 47289  87.8979 358.2797 0001764  83.7116 276.4214 13.12444685259623
ONEWEB-0144             
1 47290U 20100AJ  26129.86628537  .00000257  00000+0  67968-3 0  9992
2 47290  87.8984 358.2580 0001431  80.2429 279.8861 13.12442922259549
ONEWEB-0145             
1 47291U 20100AK  26129.91372734  .00000088  00000+0  21044-3 0  9991
2 47291  87.8971 358.2804 0001672  82.3285 277.8033 13.12445427259749
ONEWEB-0146             
1 47292U 20100AL  26129.91033527 -.00000030  00000+0 -11791-3 0  9993
2 47292  87.8980 358.2701 0002090  81.2745 278.8620 13.12445856259659
ONEWEB-0147             
1 47293U 20100AM  26129.87645042 -.00000254  00000+0 -74182-3 0  9991
2 47293  87.8981 358.2581 0001814  77.8543 282.2789 13.12442092259549
ONEWEB-0115             
1 48042U 21025A   26129.93456704  .00000221  00000+0  57005-3 0  9990
2 48042  87.8955 327.8436 0001819  87.0407 273.0930 13.13470239248573
ONEWEB-0152             
1 48043U 21025B   26129.94810726 -.00000142  00000+0 -42364-3 0  9996
2 48043  87.8949 327.8383 0001870  85.9022 274.2321 13.13470237248536
ONEWEB-0153             
1 48044U 21025C   26129.92609604  .00000335  00000+0  88296-3 0  9992
2 48044  87.8946 327.8468 0001682  89.4906 270.6416 13.13470937248520
ONEWEB-0154             
1 48045U 21025D   26129.92270789  .00000351  00000+0  92509-3 0  9991
2 48045  87.8946 327.8450 0001757  84.9485 275.1845 13.13470167248483
ONEWEB-0116             
1 48046U 21025E   26129.96164718 -.00000203  00000+0 -59087-3 0  9992
2 48046  87.8956 327.8306 0001891  86.3639 273.7706 13.13470289248633
ONEWEB-0150             
1 48047U 21025F   26129.93795063  .00000128  00000+0  31671-3 0  9996
2 48047  87.8957 327.8334 0001786  94.6159 265.5174 13.13470300248528
ONEWEB-0107             
1 48048U 21025G   26129.93962819  .00000173  00000+0  43989-3 0  9997
2 48048  87.8959 327.8285 0001516  90.9585 269.1718 13.13469798248500
ONEWEB-0101             
1 48049U 21025H   26129.59767838  .00000045  00000+0  88226-4 0  9996
2 48049  87.8946 327.9159 0001644  85.0909 275.0408 13.13472031248433
ONEWEB-0113             
1 48050U 21025J   26129.93912910  .00000077  00000+0  17554-3 0  9999
2 48050  87.8953 327.7618 0001803  90.1339 269.9998 13.13895803248580
ONEWEB-0112             
1 48051U 21025K   26129.94472269 -.00000050  00000+0 -17244-3 0  9998
2 48051  87.8959 327.8253 0001538  82.6682 277.4622 13.13469801248577
ONEWEB-0156             
1 48052U 21025L   26129.95318197 -.00000085  00000+0 -26675-3 0  9995
2 48052  87.8959 327.8337 0001674  91.4320 268.7001 13.13469720248551
ONEWEB-0161             
1 48053U 21025M   26129.92778824  .00000354  00000+0  93394-3 0  9999
2 48053  87.8949 327.8427 0001610  92.0083 268.1231 13.13471255248481
ONEWEB-0158             
1 48054U 21025N   26129.96333041  .00000358  00000+0  94600-3 0  9997
2 48054  87.8957 327.8306 0001959  80.4256 279.7095 13.13468265248614
ONEWEB-0157             
1 48055U 21025P   26129.83636522  .00000339  00000+0  89223-3 0  9998
2 48055  87.8956 327.8614 0001389  91.8846 268.2442 13.13472209248537
ONEWEB-0162             
1 48056U 21025Q   26129.96488720 -.00000239  00000+0 -68974-3 0  9999
2 48056  87.8952 327.8382 0001809  93.4471 266.6865 13.13471507248525
ONEWEB-0155             
1 48057U 21025R   26129.97179551 -.00000142  00000+0 -42344-3 0  9996
2 48057  87.8951 327.8331 0001594  84.9605 275.1706 13.13471520248663
ONEWEB-0149             
1 48058U 21025S   26129.91764062  .00000289  00000+0  75591-3 0  9998
2 48058  87.8958 327.8456 0001828  95.1738 264.9599 13.13470172248466
ONEWEB-0148             
1 48059U 21025T   26129.95655998 -.00000256  00000+0 -73704-3 0  9990
2 48059  87.8950 327.8475 0001800 106.9458 253.1869 13.13471019248595
ONEWEB-0160             
1 48060U 21025U   26129.82114886 -.00000084  00000+0 -26551-3 0  9991
2 48060  87.8950 327.8707 0002467  81.1672 278.9737 13.13470488248528
ONEWEB-0163             
1 48061U 21025V   26129.95824392 -.00000443  00000+0 -12469-2 0  9997
2 48061  87.8950 327.8365 0001483  88.8178 271.3121 13.13469348248663
ONEWEB-0159             
1 48062U 21025W   26129.94978213 -.00000198  00000+0 -57575-3 0  9994
2 48062  87.8960 327.8299 0001491  87.8773 272.2527 13.13472708248585
ONEWEB-0164             
1 48063U 21025X   26129.93117718  .00000314  00000+0  82599-3 0  9991
2 48063  87.8959 327.8400 0001821  86.0580 274.0757 13.13470690248563
ONEWEB-0167             
1 48064U 21025Y   26129.95911104 -.00000268  00000+0 -76996-3 0  9999
2 48064  87.8948 327.8474 0001349  68.4421 291.6852 13.13469877248551
ONEWEB-0166             
1 48065U 21025Z   26129.90577980  .00000131  00000+0  32488-3 0  9990
2 48065  87.8958 327.8260 0001723  94.7665 265.3661 13.13469697248628
ONEWEB-0151             
1 48066U 21025AA  26129.90747000  .00000091  00000+0  21563-3 0  9990
2 48066  87.8947 327.8466 0001688  83.9800 276.1522 13.13471116248564
ONEWEB-0170             
1 48067U 21025AB  26129.91594142  .00000383  00000+0  10134-2 0  9994
2 48067  87.8946 327.8467 0001982  75.6270 284.5079 13.13471786248520
ONEWEB-0168             
1 48068U 21025AC  26129.82452201 -.00000046  00000+0 -16007-3 0  9998
2 48068  87.8956 327.8612 0001576  90.8185 269.3124 13.13471859248520
ONEWEB-0173             
1 48069U 21025AD  26129.96841231 -.00000195  00000+0 -56786-3 0  9992
2 48069  87.8950 327.8365 0001370  85.4775 274.6511 13.13471364248785
ONEWEB-0171             
1 48070U 21025AE  26129.92947279  .00000312  00000+0  81977-3 0  9998
2 48070  87.8948 327.8536 0001744  85.0401 275.0927 13.13471508248596
ONEWEB-0172             
1 48071U 21025AF  26129.90915866  .00000214  00000+0  55152-3 0  9991
2 48071  87.8952 327.8451 0001612  84.5567 275.5746 13.13470401249483
ONEWEB-0174             
1 48072U 21025AG  26129.96671150 -.00000246  00000+0 -70869-3 0  9992
2 48072  87.8946 327.8342 0001733  93.3946 266.7381 13.13471257248812
ONEWEB-0175             
1 48073U 21025AH  26129.92101607  .00000245  00000+0  63646-3 0  9996
2 48073  87.8960 327.8251 0001727  76.7406 283.3916 13.13470220248466
ONEWEB-0177             
1 48074U 21025AJ  26129.93285425  .00000288  00000+0  75270-3 0  9992
2 48074  87.8954 327.8428 0001576  93.0778 267.0532 13.13468195248654
ONEWEB-0178             
1 48075U 21025AK  26129.95163144 -.00000160  00000+0 -47434-3 0  9990
2 48075  87.8940 327.8569 0001584  80.6555 279.4753 13.13470014248701
ONEWEB-0108             
1 48076U 21025AL  26129.91086522  .00000152  00000+0  38017-3 0  9997
2 48076  87.8958 327.8368 0001948  91.8997 268.2355 13.13470876248627
ONEWEB-0169             
1 48077U 21025AM  26129.94303073 -.00000020  00000+0 -90934-4 0  9997
2 48077  87.8949 327.8417 0001721  91.8041 268.3285 13.13471085247289
ONEWEB-0176             
1 48210U 21031A   26129.96784586 -.00000060  00000+0 -19526-3 0  9998
2 48210  87.8928 297.3246 0001684  92.6957 267.4365 13.14504570243292
ONEWEB-0184             
1 48211U 21031B   26129.94089766 -.00000080  00000+0 -25011-3 0  9993
2 48211  87.8944 297.3274 0001501  67.0056 293.1232 13.14503139243262
ONEWEB-0179             
1 48212U 21031C   26130.00004630  .00206626  00000+0  85509-1 0  9998
2 48212  87.8959 296.1640 0183705  22.3780 160.2877 14.16579766  5399
ONEWEB-0180             
1 48213U 21031D   26129.94407681 -.00000167  00000+0 -48444-3 0  9996
2 48213  87.8933 297.3248 0001319  98.9192 261.2088 13.14502957243198
ONEWEB-0218             
1 48214U 21031E   26129.96626712 -.00000005  00000+0 -48098-4 0  9994
2 48214  87.8931 297.3193 0001186  67.6209 292.5047 13.14503764243357
ONEWEB-0209             
1 48215U 21031F   26129.95518382 -.00000149  00000+0 -43758-3 0  9993
2 48215  87.8919 297.3424 0001600  99.8606 260.2705 13.14502828243353
ONEWEB-0198             
1 48216U 21031G   26129.93945149 -.00000097  00000+0 -29575-3 0  9990
2 48216  87.8922 297.3462 0001319  92.7803 267.3477 13.14503055243467
ONEWEB-0189             
1 48217U 21031H   26129.95200285 -.00000180  00000+0 -51881-3 0  9996
2 48217  87.8933 297.3255 0001431  92.4085 267.7209 13.14502833243206
ONEWEB-0196             
1 48218U 21031J   26129.92978897  .00000125  00000+0  30335-3 0  9993
2 48218  87.8932 297.3396 0001610  96.9546 263.1767 13.14504085243202
ONEWEB-0183             
1 48219U 21031K   26129.90442079  .00000182  00000+0  45733-3 0  9991
2 48219  87.8927 297.3436 0001862 100.6238 259.5102 13.14503803243290
ONEWEB-0185             
1 48220U 21031L   26129.93059214  .00000065  00000+0  13989-3 0  9999
2 48220  87.8942 297.3285 0001689 109.2010 250.9302 13.14503576243228
ONEWEB-0187             
1 48221U 21031M   26129.91063883  .00000266  00000+0  68423-3 0  9991
2 48221  87.8916 297.3544 0001580 100.9361 259.1947 13.14503563243238
ONEWEB-0192             
1 48222U 21031N   26129.95676577 -.00000185  00000+0 -53255-3 0  9995
2 48222  87.8921 297.3342 0001677  92.3797 267.7525 13.14502790243154
ONEWEB-0219             
1 48223U 21031P   26129.93614067 -.00000014  00000+0 -72875-4 0  9991
2 48223  87.8929 297.3293 0001617 102.1057 258.0254 13.14501789243352
ONEWEB-0202             
1 48224U 21031Q   26129.91709725  .00000283  00000+0  72907-3 0  9997
2 48224  87.8933 297.3438 0001260  77.4137 282.7134 13.14501123243337
ONEWEB-0204             
1 48225U 21031R   26129.95119776 -.00000195  00000+0 -56008-3 0  9991
2 48225  87.8932 297.3314 0001929 103.1963 256.9382 13.14503884243239
ONEWEB-0205             
1 48226U 21031S   26129.92661920  .00000118  00000+0  28251-3 0  9994
2 48226  87.8938 297.3279 0001666 100.8071 259.3246 13.14503681243240
ONEWEB-0206             
1 48227U 21031T   26129.89966599  .00000160  00000+0  39576-3 0  9990
2 48227  87.8932 297.3359 0001946  92.6181 267.5171 13.14501248243194
ONEWEB-0182             
1 48228U 21031U   26129.97102603  .00000003  00000+0 -27153-4 0  9994
2 48228  87.8929 297.3306 0001922 100.7692 259.3655 13.14504022243419
ONEWEB-0186             
1 48229U 21031V   26129.90600902  .00000207  00000+0  52336-3 0  9998
2 48229  87.8935 297.3320 0001660  96.9993 263.1325 13.14504086243352
ONEWEB-0181             
1 48230U 21031W   26129.95993699 -.00000151  00000+0 -44286-3 0  9998
2 48230  87.8920 297.3563 0001555  94.8524 265.2783 13.14503417243210
ONEWEB-0188             
1 48231U 21031X   26129.92188920  .00000225  00000+0  57177-3 0  9992
2 48231  87.8923 297.3623 0001756  97.4979 262.6350 13.14502361243114
ONEWEB-0220             
1 48232U 21031Y   26129.96149649 -.00000294  00000+0 -82842-3 0  9997
2 48232  87.8935 297.3220 0001629 101.9354 258.1959 13.14503052243380
ONEWEB-0165             
1 48233U 21031Z   26129.91393101  .00000235  00000+0  59856-3 0  9999
2 48233  87.8931 297.3467 0001447  91.9703 268.1592 13.14504125243335
ONEWEB-0199             
1 48234U 21031AA  26129.89807149  .00000095  00000+0  22167-3 0  9998
2 48234  87.8934 297.3335 0001934  93.7584 266.3767 13.14504808243232
ONEWEB-0203             
1 48235U 21031AB  26129.96468016 -.00000101  00000+0 -30826-3 0  9994
2 48235  87.8938 297.3232 0001769  89.6406 270.4926 13.14504151243252
ONEWEB-0197             
1 48236U 21031AC  26129.93916421 -.00000079  00000+0 -24798-3 0  9995
2 48236  87.8927 297.3189 0001982 102.7371 257.3981 13.14503898243169
ONEWEB-0194             
1 48237U 21031AD  26129.91869739  .00000279  00000+0  71882-3 0  9999
2 48237  87.8933 297.3430 0001923  90.3107 269.8243 13.14503394243339
ONEWEB-0193             
1 48238U 21031AE  26129.93455685 -.00000021  00000+0 -90330-4 0  9990
2 48238  87.8933 297.3308 0002123  86.4339 273.7034 13.14502922243282
ONEWEB-0191             
1 48239U 21031AF  26129.94565257 -.00000158  00000+0 -45956-3 0  9993
2 48239  87.8933 297.3253 0001899  99.9330 260.2014 13.14503723243145
ONEWEB-0195             
1 48240U 21031AG  26129.92267262  .00000170  00000+0  42498-3 0  9998
2 48240  87.8943 297.3294 0001369  94.1375 265.9912 13.14503567243124
ONEWEB-0201             
1 48241U 21031AH  26129.91089714  .00000271  00000+0  69668-3 0  9992
2 48241  87.8920 297.3523 0001745 108.5155 251.6165 13.14503822243350
ONEWEB-0207             
1 48242U 21031AJ  26129.96705985 -.00000062  00000+0 -20223-3 0  9997
2 48242  87.8939 297.3229 0001797 105.0022 255.1307 13.14503594243270
ONEWEB-0208             
1 48243U 21031AK  26129.94883744 -.00000175  00000+0 -50778-3 0  9999
2 48243  87.8933 297.3339 0001440  89.2081 270.9214 13.14502977243287
ONEWEB-0200             
1 48244U 21031AL  26129.91235377  .00000254  00000+0  64983-3 0  9999
2 48244  87.8928 297.3283 0001662  97.1080 263.0239 13.14503596243203
ONEWEB-0217             
1 48245U 21031AM  26129.92821372  .00000115  00000+0  27622-3 0  9992
2 48245  87.8939 297.3277 0001402  92.4611 267.6679 13.14503236243152
ONEWEB-0211             
1 48767U 21045A   26129.87687737 -.00000037  00000+0 -13077-3 0  9999
2 48767  87.8973 266.7262 0001307  82.9780 277.1499 13.16194408239406
ONEWEB-0223             
1 48768U 21045B   26129.93643626 -.00000022  00000+0 -91821-4 0  9994
2 48768  87.8979 266.8122 0001662  86.2708 273.8613 13.15549095239372
ONEWEB-0230             
1 48769U 21045C   26129.90792197  .00000168  00000+0  41222-3 0  9998
2 48769  87.8970 266.8355 0001981 101.1087 259.0266 13.15552876239633
ONEWEB-0237             
1 48770U 21045D   26129.89682691  .00000137  00000+0  32906-3 0  9990
2 48770  87.8966 266.8393 0001869  91.0945 269.0400 13.15548973239350
ONEWEB-0235             
1 48771U 21045E   26129.87145046 -.00000150  00000+0 -43120-3 0  9994
2 48771  87.8979 266.8263 0001738  85.1715 274.9613 13.15549966239348
ONEWEB-0242             
1 48772U 21045F   26129.94116502 -.00000098  00000+0 -29336-3 0  9992
2 48772  87.8982 266.8087 0001937  94.0920 266.0432 13.15549798239394
ONEWEB-0241             
1 48773U 21045G   26129.92851838 -.00000039  00000+0 -13782-3 0  9992
2 48773  87.8971 266.8342 0001527  89.1105 271.0201 13.15548509239302
ONEWEB-0243             
1 48774U 21045H   26129.88414450  .00000027  00000+0  38140-4 0  9994
2 48774  87.8969 266.8547 0002165  86.3141 273.8237 13.15549521239321
ONEWEB-0222             
1 48775U 21045J   26129.86750589 -.00000104  00000+0 -31146-3 0  9995
2 48775  87.8978 266.8224 0001749  94.3116 265.8215 13.15549068239369
ONEWEB-0244             
1 48776U 21045K   26129.89364686  .00000104  00000+0  24249-3 0  9992
2 48776  87.8983 266.8098 0001850  94.5032 265.6310 13.15549167239934
ONEWEB-0247             
1 48777U 21045L   26129.89048842  .00000068  00000+0  14757-3 0  9998
2 48777  87.8968 266.8481 0002123  76.1837 283.9530 13.15548876239378
ONEWEB-0245             
1 48778U 21045M   26129.88572944  .00000077  00000+0  16948-3 0  9997
2 48778  87.8977 266.8246 0001614  97.2689 262.8625 13.15548905239342
ONEWEB-0229             
1 48779U 21045N   26129.88096490 -.00000041  00000+0 -14362-3 0  9996
2 48779  87.8976 266.8236 0001942  95.3829 264.7523 13.15549366239373
ONEWEB-0228             
1 48780U 21045P   26129.91439331  .00000122  00000+0  29098-3 0  9997
2 48780  87.8987 266.8072 0001822  95.9709 264.1629 13.15548940239294
ONEWEB-0232             
1 48781U 21045Q   26129.88890415  .00000044  00000+0  81869-4 0  9996
2 48781  87.8985 266.8142 0001772  98.9764 261.1567 13.15548303239616
ONEWEB-0231             
1 48782U 21045R   26129.86670890 -.00000051  00000+0 -16918-3 0  9990
2 48782  87.8971 266.8346 0001718  91.0618 269.0709 13.15550015239304
ONEWEB-0234             
1 48783U 21045S   26129.90458758  .00000125  00000+0  29843-3 0  9994
2 48783  87.8979 266.8073 0001403 126.2283 233.8977 13.15549772239449
ONEWEB-0238             
1 48784U 21045T   26129.90489267  .00000096  00000+0  22083-3 0  9990
2 48784  87.8982 266.7999 0001562 110.9621 249.1677 13.15548913239344
ONEWEB-0240             
1 48785U 21045U   26129.92613783  .00000021  00000+0  22358-4 0  9999
2 48785  87.8987 266.8061 0001559  91.0972 269.0337 13.15548840239371
ONEWEB-0246             
1 48786U 21045V   26129.92059202  .00000053  00000+0  10594-3 0  9993
2 48786  87.8982 266.8128 0001904  95.8849 264.2498 13.15548950239243
ONEWEB-0210             
1 48787U 21045W   26129.89523003 -.00003400  00000+0 -90663-2 0  9990
2 48787  87.8983 266.8148 0002457  78.9248 281.2158 13.15561926239280
ONEWEB-0214             
1 48788U 21045X   26129.90395773  .00000138  00000+0  33167-3 0  9994
2 48788  87.8980 266.8094 0002185  93.0676 267.0705 13.15547864239251
ONEWEB-0221             
1 48789U 21045Y   26129.83501537  .00000182  00000+0  44807-3 0  9996
2 48789  87.8980 266.8325 0001757  92.5088 267.6244 13.15549717239336
ONEWEB-0213             
1 48790U 21045Z   26129.89999131  .00000143  00000+0  34656-3 0  9993
2 48790  87.8978 266.8229 0001863  89.2280 270.9064 13.15548558239400
ONEWEB-0212             
1 48791U 21045AA  26129.87701393 -.00000046  00000+0 -15500-3 0  9994
2 48791  87.8979 266.8218 0001823 100.0430 260.0906 13.15547451239399
ONEWEB-0227             
1 48792U 21045AB  26129.87619893 -.00000108  00000+0 -32064-3 0  9991
2 48792  87.8979 266.8233 0001770  96.5410 263.5922 13.15550314239348
ONEWEB-0226             
1 48793U 21045AC  26129.86987503 -.00000100  00000+0 -30001-3 0  9998
2 48793  87.8974 266.8301 0001956  90.7792 269.3562 13.15546932239317
ONEWEB-0224             
1 48794U 21045AD  26129.90949860  .00000115  00000+0  27068-3 0  9991
2 48794  87.8971 266.8578 0000955 101.3842 258.7396 13.15548661239244
ONEWEB-0233             
1 48795U 21045AE  26129.91410374  .00000136  00000+0  32694-3 0  9990
2 48795  87.8971 266.8651 0001666  90.2112 269.9209 13.15549952239266
ONEWEB-0190             
1 48796U 21045AF  26129.90157524  .00000190  00000+0  47091-3 0  9992
2 48796  87.8970 266.8288 0001885  77.3443 282.7898 13.15548411239332
ONEWEB-0236             
1 48797U 21045AG  26129.91900972  .00000066  00000+0  14215-3 0  9991
2 48797  87.8971 266.8362 0001783 103.2947 256.8382 13.15548506239225
ONEWEB-0248             
1 48798U 21045AH  26129.93166205 -.00000085  00000+0 -26010-3 0  9996
2 48798  87.8981 266.8131 0001535  85.4713 274.6593 13.15551169239386
ONEWEB-0225             
1 48799U 21045AJ  26129.87778535 -.00000068  00000+0 -21549-3 0  9998
2 48799  87.8970 266.8343 0001835  80.5600 279.5738 13.15549708239385
ONEWEB-0215             
1 48800U 21045AK  26129.92376240  .00000030  00000+0  45206-4 0  9998
2 48800  87.8983 266.8048 0001688  75.3130 284.8187 13.15548741239260
ONEWEB-0216             
1 48801U 21045AL  26129.93326632 -.00000026  00000+0 -10443-3 0  9991
2 48801  87.8978 266.8187 0001897  98.6061 261.5285 13.15549596239273
ONEWEB-0239             
1 48802U 21045AM  26129.93800422 -.00000081  00000+0 -24912-3 0  9993
2 48802  87.8970 266.8275 0001427  72.7940 287.3347 13.15549517239315
ONEWEB-0249             
1 48967U 21060A   26129.82641019  .00000065  00000+0  13656-3 0  9998
2 48967  87.9101 236.3949 0001818 100.8119 259.3216 13.16596221234560
ONEWEB-0250             
1 48968U 21060B   26129.81893213 -.00000003  00000+0 -37730-4 0  9997
2 48968  87.9100 234.2773 0001162 123.7618 236.3629 13.25831312235132
ONEWEB-0252             
1 48970U 21060D   26129.78130469 -.00000036  00000+0 -12672-3 0  9996
2 48970  87.9096 236.3954 0002165  98.3040 261.8337 13.16595345234606
ONEWEB-0253             
1 48971U 21060E   26129.84620513 -.00000014  00000+0 -71024-4 0  9991
2 48971  87.9099 236.3883 0001876  99.4539 260.6804 13.16595602234549
ONEWEB-0254             
1 48972U 21060F   26129.85571815 -.00000045  00000+0 -15211-3 0  9992
2 48972  87.9099 236.3828 0001698  94.0994 266.0331 13.16595820234544
ONEWEB-0255             
1 48973U 21060G   26129.81769383 -.00000044  00000+0 -14901-3 0  9992
2 48973  87.9099 236.3983 0001828  97.5429 262.5910 13.16595700234612
ONEWEB-0256             
1 48974U 21060H   26129.84384729 -.00000072  00000+0 -22069-3 0  9998
2 48974  87.9093 236.3993 0002035 102.5286 257.6072 13.16595407234581
ONEWEB-0257             
1 48975U 21060J   26129.80029760  .00000032  00000+0  49900-4 0  9994
2 48975  87.9096 236.3930 0001954  96.7693 263.3661 13.16595883234532
ONEWEB-0258             
1 48976U 21060K   26129.80187266 -.00000007  00000+0 -51700-4 0  9996
2 48976  87.9097 236.4041 0001866 101.4654 258.6686 13.16595714234549
ONEWEB-0259             
1 48977U 21060L   26129.79553006 -.00000047  00000+0 -15655-3 0  9996
2 48977  87.9096 236.4051 0001772 100.4084 259.7246 13.16593038234576
ONEWEB-0260             
1 48978U 21060M   26129.86283304 -.00000107  00000+0 -31430-3 0  9992
2 48978  87.9089 236.3954 0002374 100.3369 259.8030 13.16595661234569
ONEWEB-0261             
1 48979U 21060N   26129.83275086  .00000009  00000+0 -11280-4 0  9990
2 48979  87.9096 236.4002 0001973  91.9883 268.1474 13.16593862234615
ONEWEB-0262             
1 48980U 21060P   26129.81296827  .00000168  00000+0  40475-3 0  9998
2 48980  87.9101 236.3889 0001623 101.1648 258.9666 13.16595371234573
ONEWEB-0263             
1 48981U 21060Q   26129.84461064 -.00000051  00000+0 -16808-3 0  9995
2 48981  87.9100 236.3942 0001826  91.0566 269.0774 13.16596137234545
ONEWEB-0264             
1 48982U 21060R   26129.80582636 -.00000008  00000+0 -55035-4 0  9999
2 48982  87.9097 236.4054 0002110  96.5958 263.5413 13.16596343234546
ONEWEB-0266             
1 48984U 21060T   26129.82721021  .00000023  00000+0  25885-4 0  9991
2 48984  87.9100 236.3914 0001901 104.0408 256.0934 13.16595549234530
ONEWEB-0267             
1 48985U 21060U   26129.83828140 -.00000022  00000+0 -91372-4 0  9998
2 48985  87.9101 236.3854 0001973  95.0377 265.0979 13.16596262234541
ONEWEB-0268             
1 48986U 21060V   26129.80663470  .00000010  00000+0 -87270-5 0  9998
2 48986  87.9098 236.4013 0002099 101.5045 258.6322 13.16593663234801
ONEWEB-0269             
1 48987U 21060W   26129.78763702 -.00000028  00000+0 -10592-3 0  9996
2 48987  87.9085 236.4119 0002123 105.1995 254.9371 13.16595281234572
ONEWEB-0270             
1 48988U 21060X   26129.80505287  .00000032  00000+0  50427-4 0  9997
2 48988  87.9098 236.4033 0001692  92.2098 267.9227 13.16595500234615
ONEWEB-0271             
1 48989U 21060Y   26129.79238773  .00000007  00000+0 -14925-4 0  9995
2 48989  87.9095 236.3966 0001888  93.3769 266.7578 13.16595629234619
ONEWEB-0272             
1 48990U 21060Z   26129.81455005  .00000120  00000+0  28152-3 0  9990
2 48990  87.9100 236.4035 0002204  96.6187 263.5195 13.16593961234560
ONEWEB-0273             
1 48991U 21060AA  26129.83672118 -.00000001  00000+0 -35877-4 0  9992
2 48991  87.9102 236.3979 0001869  97.3579 262.7765 13.16594979234540
ONEWEB-0274             
1 48992U 21060AB  26129.78604535 -.00000073  00000+0 -22453-3 0  9999
2 48992  87.9090 236.4145 0002264  98.6071 261.5317 13.16595197234570
ONEWEB-0275             
1 48993U 21060AC  26129.85094763 -.00000047  00000+0 -15622-3 0  9995
2 48993  87.9101 236.3867 0002022  98.6738 261.4622 13.16596107234510
ONEWEB-0276             
1 48994U 21060AD  26129.80821428 -.00000008  00000+0 -55828-4 0  9997
2 48994  87.9096 236.3955 0002147 100.8147 259.3226 13.16596057234521
ONEWEB-0277             
1 48995U 21060AE  26129.82088611  .00000105  00000+0  24075-3 0  9994
2 48995  87.9094 236.4037 0001851  97.5135 262.6207 13.16595760234517
ONEWEB-0278             
1 48996U 21060AF  26129.81139396  .00000137  00000+0  32443-3 0  9994
2 48996  87.9101 236.3928 0001858 108.6429 251.4904 13.16594296234649
ONEWEB-0279             
1 48997U 21060AG  26129.81928353  .00000095  00000+0  21466-3 0  9990
2 48997  87.9100 236.3900 0001988  94.5583 265.5775 13.16596561234578
ONEWEB-0280             
1 48998U 21060AH  26129.83433799  .00000019  00000+0  15009-4 0  9991
2 48998  87.9101 236.3916 0001575 100.7473 259.3835 13.16594722234516
ONEWEB-0281             
1 48999U 21060AJ  26129.83986681  .00000014  00000+0  23576-5 0  9999
2 48999  87.9101 236.3849 0001929 103.1021 257.0325 13.16592543234586
ONEWEB-0282             
1 49000U 21060AK  26129.79397810 -.00000039  00000+0 -13533-3 0  9997
2 49000  87.9096 236.4036 0001827  97.8412 262.2926 13.16594844234550
ONEWEB-0283             
1 49001U 21060AL  26129.85887604 -.00000050  00000+0 -16523-3 0  9995
2 49001  87.9094 236.3899 0001984  96.2568 263.8789 13.16596046234576
ONEWEB-0284             
1 49002U 21060AM  26129.85253824 -.00000078  00000+0 -23667-3 0  9994
2 49002  87.9100 236.3838 0001638 106.1873 253.9439 13.16596359234551
ONEWEB-0285             
1 49075U 21075A   26129.86544482  .00000260  00000+0  68794-3 0  9995
2 49075  87.8978 358.2802 0001723  81.2436 278.8888 13.12443387230188
ONEWEB-0286             
1 49076U 21075B   26129.92376240  .00000385  00000+0  10356-2 0  9996
2 49076  87.8966 358.2890 0001869  89.2292 270.9051 13.12444189229546
ONEWEB-0287             
1 49077U 21075C   26129.97076088  .00000023  00000+0  25176-4 0  9996
2 49077  87.9167  13.4630 0001851  96.0364 264.0978 13.17649528228595
ONEWEB-0288             
1 49078U 21075D   26129.90016866 -.00000309  00000+0 -89461-3 0  9993
2 49078  87.8976 358.2668 0001649  89.9879 270.1439 13.12443160230166
ONEWEB-0289             
1 49079U 21075E   26129.93350073  .00000019  00000+0  15058-4 0  9996
2 49079  87.9176  13.4852 0001465  75.7034 284.4260 13.17649892229160
ONEWEB-0290             
1 49080U 21075F   26129.90662745 -.00000016  00000+0 -73323-4 0  9995
2 49080  87.9179  13.4614 0001374  69.9933 290.1346 13.17648186228571
ONEWEB-0291             
1 49081U 21075G   26129.96740163 -.00000946  00000+0 -24697-2 0  9993
2 49081  87.9174  13.4577 0001425  91.1113 269.0182 13.17639975228578
ONEWEB-0293             
1 49082U 21075H   26129.91675788  .00000020  00000+0  17114-4 0  9998
2 49082  87.9171  13.4733 0001671  80.6354 279.4966 13.17648998228595
ONEWEB-0294             
1 49083U 21075J   26129.90694510 -.00000129  00000+0 -39449-3 0  9998
2 49083  87.8980 358.2687 0001451  77.9220 282.2071 13.12445849229559
ONEWEB-0295             
1 49084U 21075K   26129.91591020  .00000029  00000+0  41349-4 0  9992
2 49084  87.9171  13.4777 0001679  92.3450 267.7874 13.17647740228558
ONEWEB-0296             
1 49085U 21075L   26129.88661378 -.00000375  00000+0 -10772-2 0  9993
2 49085  87.8983 358.2785 0001552  92.8939 267.2367 13.12443805229559
ONEWEB-0297             
1 49086U 21075M   26129.91708992 -.00011853  00000+0 -32996-1 0  9996
2 49086  87.8969 358.2889 0001398  83.0868 277.0420 13.12505406230164
ONEWEB-0298             
1 49087U 21075N   26129.92027459  .00000035  00000+0  56610-4 0  9990
2 49087  87.9171  13.4745 0001977  83.7144 276.4213 13.17648506228589
ONEWEB-0299             
1 49088U 21075P   26129.92182779  .00000028  00000+0  40095-4 0  9990
2 49088  87.9182  13.4506 0001820  87.0938 273.0402 13.17648962228569
ONEWEB-0300             
1 49089U 21075Q   26129.90949691 -.00000032  00000+0 -12514-3 0  9994
2 49089  87.8979 358.2653 0002168  85.5900 274.5476 13.12443288230181
ONEWEB-0301             
1 49090U 21075R   26129.89340035 -.00000420  00000+0 -12016-2 0  9998
2 49090  87.8978 358.2675 0002146  81.7091 278.4281 13.12442302229542
ONEWEB-0302             
1 49091U 21075S   26129.87984123 -.00000211  00000+0 -62223-3 0  9993
2 49091  87.8983 358.2811 0001447  82.9623 277.1671 13.12443270229520
ONEWEB-0304             
1 49092U 21075T   26129.97245630  .00000057  00000+0  11255-3 0  9993
2 49092  87.9170  13.4668 0001756  87.0813 273.0519 13.17649586228540
ONEWEB-0305             
1 49093U 21075U   26129.96570095  .00000472  00000+0  11813-2 0  9999
2 49093  87.9173  13.4494 0001808  94.7539 265.3800 13.17646986228570
ONEWEB-0308             
1 49094U 21075V   26129.87306335 -.00000024  00000+0 -10291-3 0  9999
2 49094  87.8981 358.2750 0001778  82.7575 277.3756 13.12443177229537
ONEWEB-0309             
1 49095U 21075W   26129.96906835  .00000033  00000+0  51606-4 0  9995
2 49095  87.9170  13.4606 0001361  80.9242 279.2043 13.17649181228546
ONEWEB-0310             
1 49096U 21075X   26129.88829829 -.00000705  00000+0 -19955-2 0  9991
2 49096  87.8971 358.2969 0001768  82.4730 277.6600 13.12442799230160
ONEWEB-0311             
1 49097U 21075Y   26129.89989246 -.00000032  00000+0 -11624-3 0  9992
2 49097  87.9181  13.4728 0001951  95.3117 264.8237 13.17648554228583
ONEWEB-0312             
1 49098U 21075Z   26129.68725427 -.00001331  00000+0 -34625-2 0  9997
2 49098  87.9170  13.5271 0001679  91.4449 268.6875 13.17655982228536
ONEWEB-0313             
1 49099U 21075AA  26129.69220677  .00000030  00000+0  45004-4 0  9994
2 49099  87.9166  13.5329 0001811  85.2428 274.8911 13.17648990228522
ONEWEB-0314             
1 49100U 21075AB  26129.96232764  .00000026  00000+0  34298-4 0  9995
2 49100  87.9175  13.4471 0001638  93.6195 266.5124 13.17647843228534
ONEWEB-0315             
1 49101U 21075AC  26129.86120915  .00000334  00000+0  89414-3 0  9990
2 49101  87.8980 358.2634 0002018  92.7564 267.3796 13.12443266230144
ONEWEB-0316             
1 49102U 21075AD  26129.84116611  .00000080  00000+0  16934-3 0  9992
2 49102  87.9176 343.0891 0001844  88.1163 272.0181 13.18684322232150
ONEWEB-0317             
1 49103U 21075AE  26129.86459542  .00000218  00000+0  57077-3 0  9994
2 49103  87.8982 358.2859 0001436  59.0911 301.0359 13.12443068230165
ONEWEB-0318             
1 49104U 21075AF  26129.83779234  .00000051  00000+0  95491-4 0  9993
2 49104  87.9185 343.0879 0001977  92.4022 267.7336 13.18684492232114
ONEWEB-0319             
1 49105U 21075AG  26129.90157963  .00000047  00000+0  86705-4 0  9994
2 49105  87.9171  13.4790 0002181  93.7047 266.4334 13.17650212228569
ONEWEB-0323             
1 49106U 21075AH  26129.92219263  .00000316  00000+0  84166-3 0  9996
2 49106  87.8978 358.2558 0002044  99.1836 260.9524 13.12445590229534
ONEWEB-0329             
1 49107U 21075AJ  26129.91001395  .00000024  00000+0  27428-4 0  9996
2 49107  87.9171  13.4779 0001740  86.2377 273.8954 13.17649277228548
ONEWEB-0330             
1 49108U 21075AK  26129.93377733 -.00000002  00000+0 -38223-4 0  9994
2 49108  87.9174  13.4925 0001598  85.1925 274.9389 13.17648040228588
ONEWEB-0292             
1 49186U 21083A   26129.92440702  .00000391  00000+0  10350-2 0  9993
2 49186  87.8936 327.8660 0001910  92.6394 267.4954 13.13471196225908
ONEWEB-0303             
1 49187U 21083B   26129.83442151  .00000053  00000+0  10180-3 0  9991
2 49187  87.9182 343.0894 0001901  90.9398 269.1952 13.18684036224929
ONEWEB-0306             
1 49188U 21083C   26129.82430603  .00000017  00000+0  93072-5 0  9993
2 49188  87.9186 343.0770 0001677  80.1351 279.9971 13.18684768224963
ONEWEB-0307             
1 49189U 21083D   26129.91847259  .00000335  00000+0  88332-3 0  9997
2 49189  87.8949 327.8605 0001775  92.7966 267.3366 13.13470939225909
ONEWEB-0320             
1 49190U 21083E   26129.84455320 -.00000004  00000+0 -43095-4 0  9998
2 49190  87.9176 343.0947 0001781  83.9558 276.1778 13.18685864224925
ONEWEB-0321             
1 49191U 21083F   26129.94378013 -.00000408  00000+0 -10362-2 0  9990
2 49191  87.9157 282.0637 0001671  89.7277 270.4048 13.20758131231783
ONEWEB-0322             
1 49192U 21083G   26129.83807510  .00000296  00000+0  77556-3 0  9990
2 49192  87.8941 327.8782 0001865  74.3973 285.7362 13.13471211225886
ONEWEB-0324             
1 49193U 21083H   26129.81756679 -.00000098  00000+0 -28131-3 0  9995
2 49193  87.9188 343.0834 0001644  87.5810 272.5510 13.18685053224941
ONEWEB-0325             
1 49194U 21083J   26129.59330322  .00000046  00000+0  83726-4 0  9997
2 49194  87.9179 343.1403 0001885  85.2455 274.8892 13.18684645224924
ONEWEB-0326             
1 49195U 21083K   26129.83624466  .00000041  00000+0  70794-4 0  9996
2 49195  87.9185 343.0864 0002025  91.7620 268.3744 13.18684297224944
ONEWEB-0327             
1 49196U 21083L   26129.83597222  .00000021  00000+0  20604-4 0  9999
2 49196  87.9178 343.0939 0002174  90.9253 269.2128 13.18685323224967
ONEWEB-0328             
1 49197U 21083M   26129.82791383  .00000087  00000+0  20221-3 0  9999
2 49197  87.8955 327.8493 0001653  90.9466 269.1853 13.13471531225865
ONEWEB-0331             
1 49198U 21083N   26129.82936162  .00000029  00000+0  41348-4 0  9996
2 49198  87.9188 343.0815 0001939  96.4975 263.6377 13.18684696224958
ONEWEB-0333             
1 49199U 21083P   26129.82282631 -.00000080  00000+0 -25324-3 0  9996
2 49199  87.8946 327.8800 0001811  87.8626 272.2711 13.13472026225877
ONEWEB-0334             
1 49200U 21083Q   26129.96126721  .00000064  00000+0  12558-3 0  9996
2 49200  87.9148 282.0729 0001819  67.0351 293.0975 13.20717938231748
ONEWEB-0335             
1 49201U 21083R   26129.97009806 -.00000346  00000+0 -98126-3 0  9992
2 49201  87.8948 327.8472 0001827  93.9872 266.1467 13.13470135225909
ONEWEB-0336             
1 49202U 21083S   26129.94133454  .00000215  00000+0  55446-3 0  9998
2 49202  87.8948 327.8492 0001821 101.3666 258.7668 13.13470226225890
ONEWEB-0337             
1 49203U 21083T   26129.95135504 -.00000167  00000+0 -49127-3 0  9995
2 49203  87.8946 327.8539 0001655  93.6111 266.5208 13.13470167225895
ONEWEB-0338             
1 49204U 21083U   26129.93573336  .00000137  00000+0  30365-3 0  9992
2 49204  87.9145 282.0826 0001767  86.0863 274.0472 13.20826375231767
ONEWEB-0339             
1 49205U 21083V   26129.95994881 -.00000178  00000+0 -52218-3 0  9995
2 49205  87.8947 327.8433 0001649  79.3726 280.7589 13.13470120225874
ONEWEB-0340             
1 49206U 21083W   26129.96762925 -.00000006  00000+0 -47631-4 0  9993
2 49206  87.9187 343.0595 0001814  90.6143 269.5197 13.18682978224931
ONEWEB-0341             
1 49207U 21083X   26129.67086829  .00000032  00000+0  47181-4 0  9991
2 49207  87.9178 343.1244 0001377  94.8066 265.3224 13.18684881224916
ONEWEB-0342             
1 49208U 21083Y   26129.94218347 -.00000034  00000+0 -11657-3 0  9996
2 49208  87.9156 282.0657 0001784  94.8671 265.2666 13.20771229231739
ONEWEB-0343             
1 49209U 21083Z   26129.83104624  .00000062  00000+0  12526-3 0  9992
2 49209  87.9186 343.0900 0001613  73.1950 286.9359 13.18684621224987
ONEWEB-0344             
1 49210U 21083AA  26129.95487479 -.00000112  00000+0 -34103-3 0  9992
2 49210  87.8936 327.8626 0001442  95.5077 264.6217 13.13469294225871
ONEWEB-0345             
1 49211U 21083AB  26129.94639291 -.00000349  00000+0 -99060-3 0  9998
2 49211  87.8955 327.8391 0001463  93.3182 266.8115 13.13469263225886
ONEWEB-0346             
1 49212U 21083AC  26129.82767725  .00000013  00000+0  15479-6 0  9991
2 49212  87.9178 343.0933 0002226 101.3355 258.8028 13.18684459224926
ONEWEB-0348             
1 49213U 21083AD  26129.93250719  .00000188  00000+0  43026-3 0  9993
2 49213  87.9158 282.0712 0001953 113.8271 246.3068 13.20853796231764
ONEWEB-0350             
1 49214U 21083AE  26129.95570848 -.00000267  00000+0 -76618-3 0  9997
2 49214  87.8957 327.8379 0001488  97.6192 262.5107 13.13470288225919
ONEWEB-0351             
1 49215U 21083AF  26129.92591141  .00001695  00000+0  41291-2 0  9996
2 49215  87.9160 282.0708 0001026  70.8092 289.3152 13.20903122231724
ONEWEB-0352             
1 49216U 21083AG  26129.93623842  .00000191  00000+0  48825-3 0  9993
2 49216  87.8950 327.8543 0001552  75.8849 284.2453 13.13468146226002
ONEWEB-0354             
1 49217U 21083AH  26129.95186637 -.00000189  00000+0 -49727-3 0  9993
2 49217  87.9157 282.0648 0001799 110.8054 249.3273 13.20688514231764
ONEWEB-0355             
1 49218U 21083AJ  26129.96516518 -.00000240  00000+0 -69263-3 0  9995
2 49218  87.8935 327.8528 0001538  86.5015 273.6290 13.13470870225881
ONEWEB-0357             
1 49219U 21083AK  26129.94863493 -.00000228  00000+0 -59283-3 0  9998
2 49219  87.9157 282.0598 0001709  94.4530 265.6798 13.20715835231767
ONEWEB-0332             
1 49279U 21090A   26129.93139346  .00000065  00000+0  13980-3 0  9995
2 49279  87.8931 297.3422 0001848  87.2648 272.8694 13.14502196222550
ONEWEB-0347             
1 49280U 21090B   26129.93896098  .00001542  00000+0  37585-2 0  9998
2 49280  87.9158 282.0702 0001923  92.0786 268.0568 13.20793049225991
ONEWEB-0349             
1 49281U 21090C   26129.97066050 -.00000015  00000+0 -68123-4 0  9990
2 49281  87.9157 282.0639 0001833  98.7218 261.4123 13.20744178224782
ONEWEB-0353             
1 49282U 21090D   26129.92346417  .00000208  00000+0  52615-3 0  9994
2 49282  87.8933 297.3384 0001911  88.0144 272.1205 13.14502694222558
ONEWEB-0356             
1 49283U 21090E   26129.96904655 -.00000053  00000+0 -16316-3 0  9991
2 49283  87.9158 282.0579 0002668 101.2565 258.8868 13.20756575224780
ONEWEB-0358             
1 49284U 21090F   26129.92308992  .00000052  00000+0  96578-4 0  9996
2 49284  87.9159 282.0705 0001875 102.5968 257.5376 13.20821545225504
ONEWEB-0359             
1 49285U 21090G   26129.92014967  .00000058  00000+0  10982-3 0  9993
2 49285  87.9157 282.0675 0001755 106.2123 253.9204 13.20744030225480
ONEWEB-0360             
1 49286U 21090H   26129.91047637  .00000382  00000+0  90590-3 0  9996
2 49286  87.9156 282.0758 0001726 102.4739 257.6587 13.20824705224797
ONEWEB-0361             
1 49287U 21090J   26129.96743553 -.00000031  00000+0 -10748-3 0  9992
2 49287  87.9157 282.0626 0001900 101.2658 258.8689 13.20772770225256
ONEWEB-0362             
1 49288U 21090K   26129.96556858  .00000036  00000+0  56985-4 0  9990
2 49288  87.9146 312.6007 0001527  87.0886 273.0422 13.19725703221877
ONEWEB-0363             
1 49289U 21090L   26129.90725474  .00000205  00000+0  47121-3 0  9996
2 49289  87.9157 282.0750 0002137 102.1485 257.9888 13.20853836225251
ONEWEB-0364             
1 49290U 21090M   26129.94540139 -.00000128  00000+0 -34676-3 0  9992
2 49290  87.9152 282.0766 0001839  98.8085 261.3256 13.20743481226398
ONEWEB-0365             
1 49291U 21090N   26129.89923774  .00000035  00000+0  55267-4 0  9992
2 49291  87.9157 312.5991 0001765  87.6295 272.5040 13.19725772221379
ONEWEB-0366             
1 49292U 21090P   26129.92028626  .00000222  00000+0  56527-3 0  9996
2 49292  87.8926 297.3429 0001765  96.7897 263.3434 13.14503731222536
ONEWEB-0367             
1 49293U 21090Q   26129.90590409  .00000090  00000+0  18985-3 0  9997
2 49293  87.9158 282.0757 0001629  94.4274 265.7045 13.20758526224776
ONEWEB-0368             
1 49294U 21090R   26129.95507140 -.00000610  00000+0 -15352-2 0  9997
2 49294  87.9146 282.0811 0002447  88.0774 272.0639 13.20661206225935
ONEWEB-0369             
1 49295U 21090S   26129.97030960  .00000023  00000+0  25822-4 0  9992
2 49295  87.9145 312.5963 0001840  87.9116 272.2228 13.19725092221378
ONEWEB-0370             
1 49296U 21090T   26129.91531204  .00000202  00000+0  46426-3 0  9995
2 49296  87.9157 282.0742 0001586 101.9368 258.1944 13.20783433224816
ONEWEB-0371             
1 49297U 21090U   26129.90239219  .00000065  00000+0  13092-3 0  9996
2 49297  87.9148 312.6001 0001709  88.1596 271.9732 13.19725562221408
ONEWEB-0372             
1 49298U 21090V   26129.90443292 -.00000112  00000+0 -30676-3 0  9997
2 49298  87.9159 282.0775 0001859  96.6224 263.5121 13.20659369224783
ONEWEB-0373             
1 49299U 21090W   26129.93089577  .00000805  00000+0  19443-2 0  9998
2 49299  87.9156 282.0741 0001771 100.4336 259.6998 13.20865505225976
ONEWEB-0374             
1 49300U 21090X   26129.90758600  .00000248  00000+0  63364-3 0  9991
2 49300  87.8929 297.3342 0002345 102.7786 257.3606 13.14504525222539
ONEWEB-0375             
1 49301U 21090Y   26129.91852913 -.00000786  00000+0 -19655-2 0  9997
2 49301  87.9158 282.0673 0002346 107.4238 252.7152 13.20759912225478
ONEWEB-0376             
1 49302U 21090Z   26129.90080446  .00000053  00000+0  10098-3 0  9999
2 49302  87.9155 312.5984 0001775  83.7814 276.3521 13.19726625221405
ONEWEB-0377             
1 49303U 21090AA  26129.90470028 -.00000280  00000+0 -72127-3 0  9994
2 49303  87.9159 282.0718 0001818 103.4216 256.7120 13.20659786225462
ONEWEB-0378             
1 49304U 21090AB  26129.92618690  .00001258  00000+0  30553-2 0  9996
2 49304  87.9154 282.0745 0001969  97.6868 262.4489 13.20903919224733
ONEWEB-0379             
1 49305U 21090AC  26129.90284133  .00000201  00000+0  50679-3 0  9995
2 49305  87.8929 297.3462 0001931  95.5707 264.5643 13.14503303222533
ONEWEB-0380             
1 49306U 21090AD  26129.89765090  .00000012  00000+0 -12133-5 0  9996
2 49306  87.9146 312.6076 0001813  97.2840 262.8499 13.19725211221374
ONEWEB-0381             
1 49307U 21090AE  26129.90135792 -.00000108  00000+0 -29787-3 0  9997
2 49307  87.9157 282.0766 0002092 102.2007 257.9361 13.20687780224775
ONEWEB-0382             
1 49308U 21090AF  26129.96420176  .00000014  00000+0  12505-5 0  9993
2 49308  87.9157 282.0594 0002170  99.9310 260.2068 13.20798084224772
ONEWEB-0383             
1 49309U 21090AG  26129.89650787  .00000092  00000+0  21305-3 0  9991
2 49309  87.8936 297.3363 0001958  93.5247 266.6107 13.14503188222563
ONEWEB-0384             
1 49310U 21090AH  26129.95385891  .00000041  00000+0  69749-4 0  9990
2 49310  87.9159 282.1045 0002371  99.5087 260.6314 13.20810933224786
ONEWEB-0385             
1 49311U 21090AJ  26129.95668565 -.00000435  00000+0 -11050-2 0  9992
2 49311  87.9156 282.0657 0002093  99.3401 260.7969 13.20646492224752
ONEWEB-0386             
1 49312U 21090AK  26129.89814220 -.00000004  00000+0 -43030-4 0  9994
2 49312  87.9165 282.0666 0002077  97.6004 262.5366 13.20716947224760
ONEWEB-0387             
1 49313U 21090AL  26129.95831218  .00000031  00000+0  43393-4 0  9998
2 49313  87.9146 282.0820 0001875 107.8014 252.3324 13.20635946224773
ONEWEB-0388             
1 49314U 21090AM  26129.96873167 -.00000035  00000+0 -12023-3 0  9990
2 49314  87.9146 312.5916 0001929  91.5860 268.5494 13.19724746221372
ONEWEB-0389             
1 50469U 21132A   26129.92689436  .00000024  00000+0  27857-4 0  9998
2 50469  87.9172  13.4739 0001970  92.3662 267.7695 13.17649907213041
ONEWEB-0390             
1 50470U 21132B   26129.92857638  .00000008  00000+0 -12368-4 0  9995
2 50470  87.9173  13.4742 0001589  83.0101 277.1211 13.17649349213048
ONEWEB-0391             
1 50471U 21132C   26129.93026676  .00000015  00000+0  45805-5 0  9997
2 50471  87.9172  13.4834 0001868 108.2366 251.8969 13.17649739213045
ONEWEB-0392             
1 50472U 21132D   26129.96063822  .00000074  00000+0  15799-3 0  9997
2 50472  87.9179  13.4427 0001941  94.1448 265.9906 13.17648020213080
ONEWEB-0393             
1 50473U 21132E   26129.93615737 -.00000005  00000+0 -45099-4 0  9996
2 50473  87.9172  13.4676 0001868  86.8932 273.2413 13.17647785213075
ONEWEB-0394             
1 50474U 21132F   26129.85636944  .00000088  00000+0  19173-3 0  9993
2 50474  87.9187 343.0686 0001985  91.7247 268.4113 13.18686633216543
ONEWEB-0395             
1 50475U 21132G   26129.78975411  .00000490  00000+0  13478-2 0  9999
2 50475  87.8914  28.7055 0001673  85.6738 274.4582 13.11413394210680
ONEWEB-0396             
1 50476U 21132H   26129.84962282 -.00000002  00000+0 -38893-4 0  9990
2 50476  87.9186 343.0822 0001939  89.2252 270.9102 13.18686177216586
ONEWEB-0397             
1 50477U 21132J   26129.86480024  .00000048  00000+0  89819-4 0  9994
2 50477  87.9185 343.0794 0002052  87.4765 272.6602 13.18686713216568
ONEWEB-0398             
1 50478U 21132K   26129.98643348 -.00000357  00000+0 -10424-2 0  9997
2 50478  87.8929  28.6529 0001530  80.6041 279.5260 13.11418355210601
ONEWEB-0399             
1 50479U 21132L   26129.97285819 -.00000527  00000+0 -15216-2 0  9995
2 50479  87.8930  28.6661 0002176  90.5568 269.5809 13.11418434210596
ONEWEB-0400             
1 50480U 21132M   26129.84286789  .00000033  00000+0  50016-4 0  9999
2 50480  87.9191 343.0735 0001597  86.1278 274.0036 13.18687094216551
ONEWEB-0401             
1 50481U 21132N   26129.88840477  .00000001  00000+0 -30359-4 0  9998
2 50481  87.9189 343.0614 0001983  80.5510 279.5846 13.18686682216563
ONEWEB-0402             
1 50482U 21132P   26129.85129611  .00000035  00000+0  56146-4 0  9994
2 50482  87.9184 343.0587 0002262  79.5359 280.6028 13.18685434216589
ONEWEB-0403             
1 50483U 21132Q   26129.95246780 -.00000079  00000+0 -23385-3 0  9991
2 50483  87.9185 343.0624 0001833  90.0565 270.0777 13.18685358216559
ONEWEB-0404             
1 50484U 21132R   26129.95422311 -.00000150  00000+0 -45942-3 0  9991
2 50484  87.8918  28.6709 0001853  90.2507 269.8833 13.11415005210683
ONEWEB-0405             
1 50485U 21132S   26129.89005758  .00000049  00000+0  90701-4 0  9996
2 50485  87.9191 343.0586 0001330  84.8293 275.2990 13.18684324216945
ONEWEB-0406             
1 50486U 21132T   26129.95753868  .00000269  00000+0  64842-3 0  9996
2 50486  87.9175 343.0646 0001991  99.3198 260.8159 13.18686070216580
ONEWEB-0407             
1 50487U 21132U   26129.95079818  .00000050  00000+0  94240-4 0  9997
2 50487  87.9186 343.0558 0001852  79.4343 280.6998 13.18693200216520
ONEWEB-0409             
1 50488U 21132V   26129.95253266  .00000133  00000+0  33892-3 0  9996
2 50488  87.8926  28.6574 0001734  89.0143 271.1184 13.11414405210572
ONEWEB-0412             
1 50489U 21132W   26129.86310768 -.00000997  00000+0 -25629-2 0  9996
2 50489  87.9180 343.0828 0002228  80.1324 280.0060 13.18691290216602
ONEWEB-0413             
1 50490U 21132X   26129.86816395  .00000015  00000+0  51321-5 0  9995
2 50490  87.9175 343.0834 0002001  78.8282 281.3075 13.18685537216541
ONEWEB-0414             
1 50491U 21132Y   26129.85297949  .00000045  00000+0  80773-4 0  9998
2 50491  87.9187 343.0643 0001994  86.2144 273.9216 13.18686206216574
ONEWEB-0417             
1 50492U 21132Z   26129.86142578 -.00000011  00000+0 -59414-4 0  9990
2 50492  87.9176 343.0855 0001809  92.8264 267.3075 13.18686749216559
ONEWEB-0418             
1 50493U 21132AA  26129.87140995  .00000166  00000+0  38890-3 0  9996
2 50493  87.9190 343.0796 0001846  97.2987 262.8355 13.18685721216619
ONEWEB-0419             
1 50494U 21132AB  26129.96524220  .00000019  00000+0  16124-4 0  9998
2 50494  87.9188 343.0606 0001617  91.6945 268.4373 13.18663733216548
ONEWEB-0420             
1 50495U 21132AC  26129.85466321 -.00000014  00000+0 -68721-4 0  9991
2 50495  87.9179 343.0889 0001757  78.4844 281.6486 13.18686645216525
ONEWEB-0421             
1 50496U 21132AD  26129.84790811  .00000067  00000+0  13670-3 0  9993
2 50496  87.9181 343.0859 0002210  86.9705 273.1680 13.18684793216569
ONEWEB-0424             
1 50497U 21132AE  26129.96091184 -.00000051  00000+0 -16271-3 0  9999
2 50497  87.9187 343.0606 0001440  90.3535 269.7762 13.18685638216606
ONEWEB-0426             
1 50498U 21132AF  26129.84404969  .00000062  00000+0  12555-3 0  9997
2 50498  87.9187 343.0751 0002372  98.8323 261.3078 13.18772768216532
ONEWEB-0427             
1 50499U 21132AG  26129.95920878 -.00000032  00000+0 -11293-3 0  9999
2 50499  87.9187 343.0401 0001854  93.3591 266.7753 13.18685021216574
ONEWEB-0429             
1 50500U 21132AH  26129.86985968  .00000027  00000+0  34616-4 0  9990
2 50500  87.9180 343.0855 0001799  80.8417 279.2919 13.18687033216533
ONEWEB-0430             
1 50501U 21132AJ  26129.85803738  .00000016  00000+0  67059-5 0  9990
2 50501  87.9180 343.0860 0001603  81.4560 278.6753 13.18684788216577
ONEWEB-0432             
1 50502U 21132AK  26129.96715810 -.00000042  00000+0 -13861-3 0  9997
2 50502  87.9185 343.0355 0001240  93.9358 266.1916 13.18712033216547
ONEWEB-0440             
1 50503U 21132AL  26129.87829239  .00000108  00000+0  23993-3 0  9997
2 50503  87.9186 343.0751 0002106  79.9204 280.2165 13.18687131216526
ONEWEB-0450             
1 50504U 21132AM  26129.94755989 -.00000115  00000+0 -32328-3 0  9998
2 50504  87.9176 343.0704 0001737  79.1376 280.9951 13.18685195216567
ONEWEB-0410             
1 51622U 22012A   26129.64171257  .00000026  00000+0  33666-4 0  9991
2 51622  87.9181  13.5155 0002523 113.1625 246.9773 13.17649348208625
ONEWEB-0411             
1 51623U 22012B   26129.98697456  .00000535  00000+0  14954-2 0  9995
2 51623  87.8862  43.8663 0001426  65.5159 294.6117 13.10370153204282
ONEWEB-0415             
1 51624U 22012C   26129.75458548  .00000526  00000+0  14692-2 0  9997
2 51624  87.8854  43.9136 0001613  76.3023 283.8284 13.10371030204255
ONEWEB-0416             
1 51625U 22012D   26129.76619562  .00000104  00000+0  26178-3 0  9999
2 51625  87.8849  43.9304 0001443  83.8845 276.2447 13.10369587204298
ONEWEB-0422             
1 51626U 22012E   26129.95557203 -.00000036  00000+0 -12660-3 0  9991
2 51626  87.9177  13.4553 0002131  65.3278 294.8075 13.17647175208771
ONEWEB-0423             
1 51627U 22012F   26129.94881544 -.00000009  00000+0 -55180-4 0  9994
2 51627  87.9171  13.4642 0001907  84.2253 275.9096 13.17646632208666
ONEWEB-0425             
1 51628U 22012G   26129.77615818 -.00000403  00000+0 -11903-2 0  9996
2 51628  87.8855  43.9109 0002020  88.1585 271.9774 13.10370105204295
ONEWEB-0428             
1 51629U 22012H   26129.98531679  .00000556  00000+0  15562-2 0  9994
2 51629  87.8852  43.8771 0001923  77.8815 282.2528 13.10370549204282
ONEWEB-0431             
1 51630U 22012J   26129.95528302 -.00000186  00000+0 -57047-3 0  9998
2 51630  87.8863  43.8744 0001527  60.4096 299.7183 13.10375666204336
ONEWEB-0434             
1 51631U 22012K   26129.77960195 -.00000533  00000+0 -15644-2 0  9991
2 51631  87.8858  43.9337 0002238  93.2827 266.8557 13.10370616204291
ONEWEB-0435             
1 51632U 22012L   26129.78775908 -.00000673  00000+0 -19635-2 0  9998
2 51632  87.8857  43.9201 0001940  71.8607 288.2732 13.10372089204286
ONEWEB-0436             
1 51633U 22012M   26129.94038274 -.00000009  00000+0 -57069-4 0  9993
2 51633  87.9179  13.4457 0001842  74.4894 285.6441 13.17648180208645
ONEWEB-0438             
1 51634U 22012N   26129.77117244 -.00000186  00000+0 -56948-3 0  9990
2 51634  87.8852  43.9260 0001919  83.5828 276.5518 13.10369361204314
ONEWEB-0439             
1 51635U 22012P   26129.77448756 -.00000338  00000+0 -10055-2 0  9993
2 51635  87.8850  43.9137 0001991  79.1898 280.9454 13.10369913204292
ONEWEB-0442             
1 51636U 22012Q   26129.93279400  .00000014  00000+0  23657-5 0  9994
2 51636  87.9171  13.4823 0001972  98.9446 261.1909 13.17650319208639
ONEWEB-0443             
1 51637U 22012R   26129.95220150 -.00000036  00000+0 -12556-3 0  9995
2 51637  87.9168  13.4802 0002157  81.2585 278.8790 13.17649479208681
ONEWEB-0444             
1 51638U 22012S   26129.99361620  .00000292  00000+0  79982-3 0  9996
2 51638  87.8850  43.8687 0002026  79.5360 280.5995 13.10371343204333
ONEWEB-0445             
1 51639U 22012T   26129.78609497 -.00000732  00000+0 -21344-2 0  9990
2 51639  87.8863  43.8937 0001609  77.8142 282.3166 13.10371263204310
ONEWEB-0446             
1 51640U 22012U   26129.99195340  .00000292  00000+0  80164-3 0  9997
2 51640  87.8850  43.8853 0001716  79.9910 280.1411 13.10369940204329
ONEWEB-0448             
1 51641U 22012V   26129.76784534  .00000101  00000+0  25340-3 0  9996
2 51641  87.8850  43.9272 0001974  78.5649 281.5700 13.10368580204264
ONEWEB-0449             
1 51642U 22012W   26129.77283078 -.00000260  00000+0 -78207-3 0  9993
2 51642  87.8857  43.9103 0002145  89.3643 270.7730 13.10369539204279
ONEWEB-0451             
1 51643U 22012X   26129.93700791  .00000022  00000+0  24299-4 0  9995
2 51643  87.9180  13.4428 0001948  87.7049 272.4306 13.17648062208623
ONEWEB-0452             
1 51644U 22012Y   26129.93532213  .00000094  00000+0  21010-3 0  9994
2 51644  87.9172  13.4836 0002130  84.2978 275.8397 13.17647770208638
ONEWEB-0456             
1 51646U 22012AA  26129.78276127  .00001456  00000+0  41325-2 0  9991
2 51646  87.8839  43.8871 0001714  69.8172 290.3139 13.10386855204311
ONEWEB-0457             
1 51647U 22012AB  26129.98850277  .00000486  00000+0  13572-2 0  9993
2 51647  87.8851  43.8736 0001598  89.1876 270.9434 13.10373079204341
ONEWEB-0458             
1 51648U 22012AC  26129.78112407 -.00000619  00000+0 -18086-2 0  9993
2 51648  87.8862  43.8995 0001997  80.9528 279.1825 13.10370882204273
ONEWEB-0461             
1 51649U 22012AD  26129.95726716  .00000022  00000+0  23445-4 0  9990
2 51649  87.9181  13.4533 0001686  83.5529 276.5794 13.17649016208854
ONEWEB-0463             
1 51650U 22012AE  26129.93870309 -.00000043  00000+0 -14333-3 0  9998
2 51650  87.9171  13.4833 0001688  84.1347 275.9977 13.17647702208637
ONEWEB-0464             
1 51651U 22012AF  26129.77780641 -.00000446  00000+0 -13137-2 0  9997
2 51651  87.8852  43.9251 0002091  74.2125 285.9233 13.10370318204291
ONEWEB-0468             
1 51652U 22012AG  26129.78445810 -.00000653  00000+0 -19075-2 0  9992
2 51652  87.8854  43.9175 0002115  71.6400 288.4957 13.10372966204273
ONEWEB-0473             
1 51653U 22012AH  26129.76951266 -.00000067  00000+0 -22924-3 0  9995
2 51653  87.8850  43.9226 0002004  78.4568 281.6785 13.10369817204279
ONEWEB-0474             
1 51654U 22012AJ  26129.99029760  .00000449  00000+0  12495-2 0  9999
2 51654  87.8862  43.8590 0002155  74.6580 285.4786 13.10370860204290
ONEWEB-0475             
1 51655U 22012AK  26129.95050990 -.00000024  00000+0 -94224-4 0  9998
2 51655  87.9170  13.4735 0002440  75.7977 284.3425 13.17647758208659
ONEWEB-0490             
1 54113U 22138A   26129.92292636  .00000109  00000+0  23868-3 0  9998
2 54113  87.9154 312.5949 0001800  84.2487 275.8851 13.19725287171780
ONEWEB-0492             
1 54114U 22138B   26129.94819490  .00000011  00000+0 -37348-5 0  9997
2 54114  87.9144 312.5945 0001616  85.0977 275.0340 13.19725577171792
ONEWEB-0495             
1 54115U 22138C   26129.92608617  .00000115  00000+0  25389-3 0  9997
2 54115  87.9149 312.6013 0001953  69.9026 290.2317 13.19725038171778
ONEWEB-0497             
1 54116U 22138D   26129.93872022  .00000061  00000+0  12057-3 0  9990
2 54116  87.9150 312.5893 0001775  87.6070 272.5266 13.19724966171768
ONEWEB-0499             
1 54117U 22138E   26129.92213316  .00000126  00000+0  28193-3 0  9995
2 54117  87.9146 312.6035 0001945  83.5443 276.5911 13.19724280171772
ONEWEB-0500             
1 54118U 22138F   26129.92450970  .00000137  00000+0  30925-3 0  9993
2 54118  87.9155 312.5935 0001730  91.2979 268.8352 13.19725507171780
ONEWEB-0501             
1 54119U 22138G   26129.95452344  .00000213  00000+0  50027-3 0  9994
2 54119  87.9154 312.5879 0001890  80.2278 279.9068 13.19723976171767
ONEWEB-0502             
1 54120U 22138H   26129.94029268  .00000073  00000+0  14997-3 0  9990
2 54120  87.9154 312.5793 0001977  84.0538 276.0820 13.19725401171782
ONEWEB-0503             
1 54121U 22138J   26129.92924442  .00000080  00000+0  16844-3 0  9998
2 54121  87.9157 312.5865 0002042  93.4973 266.6394 13.19725205171779
ONEWEB-0504             
1 54122U 22138K   26129.91659670  .00000070  00000+0  14203-3 0  9992
2 54122  87.9155 312.5948 0001981  85.0815 275.0544 13.19724304171784
ONEWEB-0505             
1 54123U 22138L   26129.91343707  .00000067  00000+0  13550-3 0  9994
2 54123  87.9157 312.5964 0002036  77.9196 282.2164 13.19723863171764
ONEWEB-0506             
1 54124U 22138M   26129.96399256  .00000005  00000+0 -19372-4 0  9992
2 54124  87.9156 312.5832 0001917  82.5764 277.5586 13.19724985171769
ONEWEB-0507             
1 54125U 22138N   26129.90870435  .00000075  00000+0  15616-3 0  9992
2 54125  87.9146 312.6096 0001814  83.1604 276.9735 13.19724525171802
ONEWEB-0508             
1 54126U 22138P   26129.90555022  .00000034  00000+0  52698-4 0  9992
2 54126  87.9147 312.6101 0001728  75.4048 284.7277 13.19726054171785
ONEWEB-0509             
1 54127U 22138Q   26129.95610152  .00000002  00000+0 -27149-4 0  9993
2 54127  87.9158 312.5856 0001804  86.6487 273.4852 13.19725252171761
ONEWEB-0510             
1 54128U 22138R   26129.95022590 -.00000373  00000+0 -94996-3 0  9992
2 54128  87.9159 282.0629 0002020 110.7680 249.3670 13.20701142174236
ONEWEB-0511             
1 54129U 22138S   26129.95292148  .00000012  00000+0 -27753-5 0  9999
2 54129  87.9155 312.5901 0002085  89.5488 270.5884 13.19723933171796
ONEWEB-0512             
1 54130U 22138T   26129.94503737 -.00000005  00000+0 -44920-4 0  9996
2 54130  87.9145 312.5995 0002017  82.0076 278.1285 13.19726057171762
ONEWEB-0513             
1 54131U 22138U   26129.96633897 -.00002595  00000+0 -64640-2 0  9995
2 54131  87.9154 312.5442 0001956  60.9450 299.1879 13.20279440171675
ONEWEB-0514             
1 54132U 22138V   26129.96083116  .00000061  00000+0  11882-3 0  9994
2 54132  87.9155 312.5864 0001821  94.8374 265.2967 13.19725548171784
ONEWEB-0515             
1 54133U 22138W   26129.93734467  .00000128  00000+0  28331-3 0  9995
2 54133  87.9165 282.0580 0001332 122.3482 237.7780 13.20812143174258
ONEWEB-0516             
1 54134U 22138X   26129.93556351 -.00000020  00000+0 -82091-4 0  9997
2 54134  87.9146 312.6017 0001687  85.9428 274.1898 13.19726211171788
ONEWEB-0517             
1 54135U 22138Y   26129.91502419  .00000059  00000+0  11584-3 0  9990
2 54135  87.9151 312.5957 0002091  94.0169 266.1203 13.19725127171786
ONEWEB-0518             
1 54136U 22138Z   26129.93397247  .00000006  00000+0 -16791-4 0  9993
2 54136  87.9145 312.6036 0001724  84.7848 275.3481 13.19724419171784
ONEWEB-0519             
1 54137U 22138AA  26129.95924621  .00000006  00000+0 -17460-4 0  9992
2 54137  87.9159 312.5855 0002016  92.4865 267.6499 13.19725640171799
ONEWEB-0520             
1 54138U 22138AB  26129.91819013  .00000069  00000+0  13962-3 0  9997
2 54138  87.9153 312.5950 0001837  81.1668 278.9673 13.19725109171773
ONEWEB-0521             
1 54139U 22138AC  26129.95135058  .00000048  00000+0  88770-4 0  9999
2 54139  87.9156 312.5766 0001987  95.6781 264.4579 13.19724711171722
ONEWEB-0522             
1 54140U 22138AD  26129.93082357  .00000082  00000+0  17240-3 0  9993
2 54140  87.9157 312.5826 0001880  85.5969 274.5379 13.19725328171769
ONEWEB-0523             
1 54141U 22138AE  26129.92442151  .00000763  00000+0  18414-2 0  9994
2 54141  87.9160 282.0725 0001906 122.4223 237.7095 13.20920020174257
ONEWEB-0524             
1 54142U 22138AF  26129.91368107  .00000079  00000+0  16136-3 0  9992
2 54142  87.9157 282.0716 0001052 114.0152 246.1091 13.20797691174250
ONEWEB-0525             
1 54143U 22138AG  26129.94978389  .00000033  00000+0  49303-4 0  9998
2 54143  87.9153 312.5879 0001827  81.8749 278.2591 13.19724416171788
ONEWEB-0526             
1 54144U 22138AH  26129.90711289  .00000071  00000+0  14406-3 0  9996
2 54144  87.9155 312.5964 0001732  87.5507 272.5824 13.19723809171754
ONEWEB-0529             
1 54145U 22138AJ  26129.91028705  .00000074  00000+0  15229-3 0  9999
2 54145  87.9147 312.6077 0001788  82.2521 277.8815 13.19725572171770
ONEWEB-0531             
1 54146U 22138AK  26129.89972306 -.00000279  00000+0 -71767-3 0  9990
2 54146  87.9157 282.0728 0001668 125.7317 234.3972 13.20700971174254
ONEWEB-0535             
1 54147U 22138AL  26129.94346124  .00000022  00000+0  21793-4 0  9999
2 54147  87.9155 312.5824 0001866 101.4606 258.6736 13.19725038171793
ONEWEB-0536             
1 54148U 22138AM  26129.96257245  .00000072  00000+0  14583-3 0  9990
2 54148  87.9144 282.0871 0001496 130.5554 229.5710 13.20811180174258
ONEWEB-0527             
1 54642U 22166A   26129.86836265  .00000001  00000+0 -28531-4 0  9996
2 54642  87.9235 251.6215 0001845 100.4745 259.6597 13.21826930166470
ONEWEB-0528             
1 54643U 22166B   26129.87425028 -.00000001  00000+0 -34627-4 0  9993
2 54643  87.9237 251.6246 0001813  92.9979 267.1363 13.21825380166480
ONEWEB-0539             
1 54644U 22166C   26129.83724322  .00000032  00000+0  46873-4 0  9997
2 54644  87.9245 251.6014 0002168  99.5055 260.6324 13.21824603166476
ONEWEB-0540             
1 54645U 22166D   26129.84410671  .00000100  00000+0  20958-3 0  9999
2 54645  87.9237 251.6328 0002044 101.1192 259.0172 13.21824514166464
ONEWEB-0542             
1 54646U 22166E   26129.84733195 -.00000230  00000+0 -58779-3 0  9997
2 54646  87.9246 251.5973 0002234 100.6802 259.4584 13.21825413166474
ONEWEB-0545             
1 54647U 22166F   26129.88772168 -.00000033  00000+0 -11060-3 0  9998
2 54647  87.9238 251.6041 0002463 103.5007 256.6402 13.21824934166448
ONEWEB-0580             
1 54648U 22166G   26129.86248049 -.00000065  00000+0 -18920-3 0  9990
2 54648  87.9236 251.6092 0002319 107.2587 252.8801 13.21825073166487
ONEWEB-0582             
1 54649U 22166H   26129.82882541  .00000084  00000+0  17138-3 0  9997
2 54649  87.9238 251.6085 0002385 104.7631 255.3768 13.21823628166458
ONEWEB-0583             
1 54650U 22166J   26129.84060067  .00000026  00000+0  31948-4 0  9994
2 54650  87.9236 251.6294 0002057 101.6543 258.4822 13.21824148166468
ONEWEB-0584             
1 54651U 22166K   26129.86080223 -.00000039  00000+0 -12587-3 0  9996
2 54651  87.9234 251.6116 0002043 104.4186 255.7175 13.21828652166453
ONEWEB-0585             
1 54652U 22166L   26129.88433247 -.00000018  00000+0 -75482-4 0  9998
2 54652  87.9240 251.5925 0001797  98.1071 262.0267 13.21823774166469
ONEWEB-0586             
1 54653U 22166M   26129.89781050  .00000008  00000+0 -12577-4 0  9992
2 54653  87.9237 251.6156 0002134 100.4606 259.6769 13.21826853166460
ONEWEB-0587             
1 54654U 22166N   26129.83220782 -.00000387  00000+0 -96938-3 0  9990
2 54654  87.9250 251.5986 0002301  95.7510 264.3886 13.21828672166613
ONEWEB-0589             
1 54655U 22166P   26129.89444730  .00000085  00000+0  17335-3 0  9995
2 54655  87.9233 251.6035 0002756 109.1545 250.9887 13.21826329166487
ONEWEB-0590             
1 54656U 22166Q   26129.84382929  .00000081  00000+0  16569-3 0  9996
2 54656  87.9245 251.5999 0001832 114.6244 245.5081 13.21824201166461
ONEWEB-0591             
1 54657U 22166R   26129.85573871 -.00000041  00000+0 -13054-3 0  9990
2 54657  87.9240 251.6153 0001907 103.1874 256.9473 13.21823434166496
ONEWEB-0592             
1 54658U 22166S   26129.85910246 -.00000032  00000+0 -10849-3 0  9991
2 54658  87.9247 251.5893 0001948 101.4565 258.6788 13.21823775166370
ONEWEB-0593             
1 54659U 22166T   26129.88098515 -.00000067  00000+0 -19441-3 0  9996
2 54659  87.9239 251.5995 0002091  98.6952 261.4419 13.21825654166485
ONEWEB-0594             
1 54660U 22166U   26129.90117390  .00000070  00000+0  13739-3 0  9990
2 54660  87.9235 251.6124 0001862  98.8824 261.2521 13.21826641166505
ONEWEB-0595             
1 54661U 22166V   26129.87761347 -.00000029  00000+0 -10119-3 0  9999
2 54661  87.9245 251.5946 0001711 100.7722 259.3605 13.21824625166478
ONEWEB-0596             
1 54662U 22166W   26129.85237673 -.00000010  00000+0 -56349-4 0  9994
2 54662  87.9238 251.6135 0001852 101.9838 258.1503 13.21824242166478
ONEWEB-0597             
1 54663U 22166X   26129.83386844  .00000040  00000+0  65621-4 0  9992
2 54663  87.9236 251.6210 0002067 100.4997 259.6370 13.21824019166470
ONEWEB-0600             
1 54664U 22166Y   26129.89108283  .00000065  00000+0  12591-3 0  9992
2 54664  87.9236 251.6007 0002073  94.8990 265.2381 13.21825964166454
ONEWEB-0601             
1 54665U 22166Z   26129.88267060 -.00000040  00000+0 -12734-3 0  9995
2 54665  87.9235 251.6191 0002207 103.4541 256.6839 13.21826655166647
ONEWEB-0602             
1 54666U 22166AA  26129.84817001  .00000074  00000+0  14885-3 0  9992
2 54666  87.9236 251.6321 0002094  93.7510 266.3864 13.21827928166487
ONEWEB-0603             
1 54667U 22166AB  26129.85405686 -.00000019  00000+0 -77688-4 0  9998
2 54667  87.9248 251.5843 0002050  99.6757 260.4609 13.21824230166417
ONEWEB-0604             
1 54668U 22166AC  26129.84228789  .00000072  00000+0  14219-3 0  9992
2 54668  87.9249 251.6014 0001850  99.2990 260.8353 13.21824644166376
ONEWEB-0605             
1 54669U 22166AD  26129.83555334  .00000063  00000+0  12076-3 0  9990
2 54669  87.9236 251.6197 0002332 114.6659 245.4718 13.21828294166442
ONEWEB-0606             
1 54670U 22166AE  26129.85742229 -.00000035  00000+0 -11585-3 0  9990
2 54670  87.9236 251.6281 0001777  99.2312 260.9023 13.21824123166509
ONEWEB-0607             
1 54671U 22166AF  26129.89949366 -.00000008  00000+0 -51547-4 0  9999
2 54671  87.9244 251.5878 0002084  98.0646 262.0725 13.21826749166484
ONEWEB-0608             
1 54672U 22166AG  26129.83050263 -.00001250  00000+0 -30592-2 0  9998
2 54672  87.9248 251.5977 0002592 107.2169 252.9249 13.21828081166486
ONEWEB-0610             
1 54673U 22166AH  26129.88603607  .00000006  00000+0 -16667-4 0  9996
2 54673  87.9237 251.6044 0002576 102.3805 257.7617 13.21825805166399
ONEWEB-0611             
1 54674U 22166AJ  26129.87929691 -.00000010  00000+0 -55881-4 0  9997
2 54674  87.9235 251.6019 0001792 100.1389 259.9948 13.21825670166382
ONEWEB-0612             
1 54675U 22166AK  26129.89276207 -.00000045  00000+0 -13991-3 0  9991
2 54675  87.9248 251.5904 0002125 102.6404 257.4968 13.21826569166377
ONEWEB-0615             
1 54676U 22166AL  26129.87256097  .00000006  00000+0 -18010-4 0  9999
2 54676  87.9238 251.6124 0001784  93.4022 266.7317 13.21824062166383
ONEWEB-0655             
1 54677U 22166AM  26129.84901516  .00000078  00000+0  15613-3 0  9993
2 54677  87.9237 251.6189 0002124  94.8335 265.3042 13.21824305166374
ONEWEB-0659             
1 54678U 22166AN  26129.86584628  .00000046  00000+0  78764-4 0  9999
2 54678  87.9237 251.6158 0001852 101.3499 258.7843 13.21825972166469
ONEWEB-0685             
1 54679U 22166AP  26129.86596716 -.00000005  00000+0 -42861-4 0  9997
2 54679  87.9235 251.6088 0002156  97.4630 262.6749 13.21817866166350
ONEWEB-0712             
1 54680U 22166AQ  26129.83354515  .00000009  00000+0 -11043-4 0  9996
2 54680  87.9102 236.3892 0002214  90.1982 269.9402 13.16595130167014
ONEWEB-0714             
1 54681U 22166AR  26129.87089547 -.00000045  00000+0 -13981-3 0  9994
2 54681  87.9235 251.6044 0002079  95.1556 264.9815 13.21826345166475
ONEWEB-0532             
1 55140U 23004A   26129.91338994  .00000019  00000+0  16937-4 0  9999
2 55140  87.9172  13.4731 0001749  93.2174 266.9158 13.17650025162542
ONEWEB-0533             
1 55141U 23004B   26129.88140157 -.00000297  00000+0 -86013-3 0  9999
2 55141  87.8982 358.2853 0001963  84.8026 275.3326 13.12443056163031
ONEWEB-0541             
1 55142U 23004C   26129.95761662 -.00000041  00000+0 -15020-3 0  9995
2 55142  87.8927  28.6582 0001665  80.5362 279.5954 13.11413816160932
ONEWEB-0543             
1 55143U 23004D   26129.84623975  .00000056  00000+0  10954-3 0  9993
2 55143  87.9176 343.1016 0001917  78.5839 281.5509 13.18687117164648
ONEWEB-0544             
1 55144U 23004E   26129.83947981  .00000041  00000+0  70315-4 0  9991
2 55144  87.9177 343.1027 0001690  80.1290 280.0033 13.18684704164645
ONEWEB-0560             
1 55145U 23004F   26129.83273432  .00000050  00000+0  93030-4 0  9994
2 55145  87.9177 343.0933 0001725  76.7627 283.3698 13.18684619164654
ONEWEB-0565             
1 55146U 23004G   26129.59835730  .00000006  00000+0 -17581-4 0  9992
2 55146  87.9167 343.1714 0001385  86.5397 273.5894 13.18684785164616
ONEWEB-0567             
1 55147U 23004H   26129.81924266  .00000041  00000+0  70952-4 0  9990
2 55147  87.9178 343.1084 0001442  81.1828 278.9467 13.18684336164643
ONEWEB-0569             
1 55148U 23004J   26129.91932500  .00000414  00000+0  11000-2 0  9993
2 55148  87.8957 327.8417 0001344  58.0470 302.0789 13.13471594165152
ONEWEB-0570             
1 55149U 23004K   26129.96259729 -.00000056  00000+0 -17529-3 0  9991
2 55149  87.9175 343.0780 0001664  99.4835 260.6485 13.18686228164651
ONEWEB-0571             
1 55150U 23004L   26129.95585120  .00000021  00000+0  21029-4 0  9990
2 55150  87.9177 343.0781 0000678  55.4239 304.6957 13.18685412164668
ONEWEB-0572             
1 55151U 23004M   26129.94376651 -.00000037  00000+0 -12970-3 0  9990
2 55151  87.9170  13.4682 0001594  81.4110 278.7202 13.17649100162446
ONEWEB-0573             
1 55152U 23004N   26129.94909278 -.00000015  00000+0 -70215-4 0  9991
2 55152  87.9174 343.0808 0000928  79.3979 280.7258 13.18684562164653
ONEWEB-0588             
1 55153U 23004P   26129.86647321  .00000093  00000+0  20385-3 0  9997
2 55153  87.9174 343.0981 0001570 101.9390 258.1918 13.18685585164646
ONEWEB-0598             
1 55154U 23004Q   26129.78300452  .00000528  00000+0  14546-2 0  9994
2 55154  87.8920  28.7075 0001335  58.0879 302.0379 13.11416357160861
ONEWEB-0599             
1 55155U 23004R   26129.90495429  .00000025  00000+0  30984-4 0  9996
2 55155  87.9171  13.4747 0001864  74.3182 285.8155 13.17650182162441
ONEWEB-0614             
1 55156U 23004S   26129.77789780  .00000472  00000+0  12965-2 0  9991
2 55156  87.8920  28.7169 0001846  85.6336 274.5003 13.11419424160807
ONEWEB-0616             
1 55157U 23004T   26129.64339537 -.00000109  00000+0 -31301-3 0  9994
2 55157  87.9169  13.5293 0002448  63.0035 297.1346 13.17648416162623
ONEWEB-0617             
1 55158U 23004U   26129.76601622 -.00000205  00000+0 -61537-3 0  9996
2 55158  87.8928  28.7083 0001803  93.9613 266.1721 13.11418839160820
ONEWEB-0618             
1 55159U 23004V   26129.89608436  .00003692  00000+0  20775-3 0  9991
2 55159  86.9135 193.1699 0015157  80.1805 280.1145 15.12838619176478
ONEWEB-0619             
1 55160U 23004W   26129.90326352 -.00000026  00000+0 -10004-3 0  9993
2 55160  87.9181  13.4554 0002212  86.6953 273.4432 13.17648592162559
ONEWEB-0620             
1 55161U 23004X   26129.98982202 -.00000447  00000+0 -12976-2 0  9990
2 55161  87.8922  28.6745 0001545  79.2130 280.9172 13.11418727160826
ONEWEB-0621             
1 55162U 23004Y   26129.71176632  .00000503  00000+0  13839-2 0  9994
2 55162  87.8926  28.7153 0001928  86.8283 273.3066 13.11418499160760
ONEWEB-0622             
1 55163U 23004Z   26129.94574481  .00000427  00000+0  11699-2 0  9991
2 55163  87.8930  28.6708 0001577 104.2860 255.8444 13.11417522160780
ONEWEB-0623             
1 55164U 23004AA  26129.97413558  .00000056  00000+0  10989-3 0  9992
2 55164  87.9167  13.4763 0002152 102.1783 257.9590 13.17649394162550
ONEWEB-0624             
1 55165U 23004AB  26129.63311990  .00000274  00000+0  72003-3 0  9990
2 55165  87.8974 358.2572 0001857  88.5086 271.6256 13.12926771163014
ONEWEB-0625             
1 55166U 23004AC  26129.96401486  .00000030  00000+0  43643-4 0  9996
2 55166  87.9166  13.4729 0002315  81.5784 278.5610 13.17648018162548
ONEWEB-0626             
1 55167U 23004AD  26129.95388191 -.00000004  00000+0 -44659-4 0  9994
2 55167  87.9166  13.4746 0001437  75.0080 285.1210 13.17649124162548
ONEWEB-0627             
1 55168U 23004AE  26129.94207711  .00000039  00000+0  66786-4 0  9993
2 55168  87.9170  13.4773 0002019  96.7850 263.3512 13.17649788162545
ONEWEB-0628             
1 55169U 23004AF  26129.90524909 -.00000416  00000+0 -11907-2 0  9995
2 55169  87.8976 358.2635 0002225  99.5944 260.5436 13.12443787163013
ONEWEB-0629             
1 55170U 23004AG  26129.91761139 -.00000002  00000+0 -37727-4 0  9997
2 55170  87.9170  13.4786 0002122  84.6177 275.5197 13.17648598162547
ONEWEB-0631             
1 55171U 23004AH  26129.85974023  .00000020  00000+0  17241-4 0  9996
2 55171  87.9185 343.0617 0001342  94.6040 265.5246 13.18685595164626
ONEWEB-0709             
1 55172U 23004AJ  26129.75076467 -.00000538  00000+0 -15550-2 0  9996
2 55172  87.8920  28.7243 0001203  53.8271 306.2968 13.11418053160833
ONEWEB-0710             
1 55173U 23004AK  26129.93195441  .00000001  00000+0 -30788-4 0  9997
2 55173  87.9170  13.4708 0001804  87.3408 272.7930 13.17648498162540
ONEWEB-0711             
1 55174U 23004AL  26129.64565304  .00000086  00000+0  20614-3 0  9993
2 55174  87.8917  28.7318 0001915 102.8743 257.2599 13.11412769160780
ONEWEB-0713             
1 55175U 23004AM  26129.96947186 -.00000723  00000+0 -20761-2 0  9993
2 55175  87.8926  28.6682 0001829  92.5699 267.5638 13.11416005160812
ONEWEB-0715             
1 55176U 23004AN  26129.96438709 -.00000565  00000+0 -16307-2 0  9995
2 55176  87.8930  28.6697 0001106  74.4458 285.6792 13.11415510160850
ONEWEB-0716             
1 55177U 23004AP  26129.92520384  .00000009  00000+0 -97117-5 0  9996
2 55177  87.9171  13.4741 0001970  75.7514 284.3836 13.17648708162543
ONEWEB-0717             
1 55178U 23004AQ  26129.90832913  .00000051  00000+0  97818-4 0  9992
2 55178  87.9181  13.4620 0001799 103.5393 256.5939 13.17650202162597
ONEWEB-0719             
1 55179U 23004AR  26129.69064543 -.00000091  00000+0 -26671-3 0  9999
2 55179  87.9180  13.4859 0001989  79.9733 280.1623 13.17648585162512
ONEWEB-0530             
1 55796U 23029A   26129.90886843  .00000886  00000+0  21436-2 0  9993
2 55796  87.9146 282.1083 0002099 107.9319 252.2044 13.20837032156092
ONEWEB-0534             
1 55797U 23029B   26129.89649769 -.00000021  00000+0 -83371-4 0  9997
2 55797  87.9149 282.1104 0001877  93.6190 266.5158 13.20729837156098
ONEWEB-0556             
1 55798U 23029C   26129.90295460 -.00000439  00000+0 -11124-2 0  9993
2 55798  87.9146 282.1097 0002713  90.7812 269.3632 13.20674316156095
ONEWEB-0562             
1 55799U 23029D   26129.96582104  .00000049  00000+0  88941-4 0  9992
2 55799  87.9146 282.0779 0002641 106.2289 253.9135 13.20782496156101
ONEWEB-0563             
1 55800U 23029E   26129.95991217 -.00000148  00000+0 -39765-3 0  9994
2 55800  87.9145 282.1095 0001920  91.4004 268.7350 13.20618756156092
ONEWEB-0564             
1 55801U 23029F   26129.95343234  .00002578  00000+0  63132-2 0  9996
2 55801  87.9149 282.0828 0002330 105.7702 254.3688 13.20701893156102
ONEWEB-0638             
1 55802U 23029G   26129.95358407 -.00000215  00000+0 -61319-3 0  9999
2 55802  87.8921 297.3838 0002376  93.4974 266.6428 13.14503536154376
ONEWEB-0639             
1 55803U 23029H   26129.97189594  .00000043  00000+0  75930-4 0  9993
2 55803  87.9148 312.5975 0001737  57.4240 302.7061 13.19725216153861
ONEWEB-0640             
1 55804U 23029J   26129.96310131 -.00000129  00000+0 -38125-3 0  9997
2 55804  87.8919 297.3727 0002416  84.6873 275.4532 13.14504054154399
ONEWEB-0641             
1 55805U 23029K   26129.96715212  .00000049  00000+0  89475-4 0  9991
2 55805  87.9147 312.5854 0001695  84.9931 275.1396 13.19725427153872
ONEWEB-0642             
1 55806U 23029L   26129.96240552  .00000019  00000+0  15464-4 0  9996
2 55806  87.9145 312.6002 0001479  62.9303 297.1981 13.19724655153861
ONEWEB-0643             
1 55807U 23029M   26129.93297973  .00000032  00000+0  51487-4 0  9993
2 55807  87.8924 297.3658 0001245  78.4964 281.6306 13.14502608154360
ONEWEB-0644             
1 55808U 23029N   26129.95766760  .00000053  00000+0  10041-3 0  9994
2 55808  87.9143 312.6032 0001576  80.3477 279.7834 13.19725576153864
ONEWEB-0645             
1 55809U 23029P   26129.90397150  .00000054  00000+0  10266-3 0  9993
2 55809  87.9145 312.6110 0001978  76.6678 283.4675 13.19726015153854
ONEWEB-0646             
1 55810U 23029Q   26129.92134532  .00000125  00000+0  27876-3 0  9994
2 55810  87.9148 312.6071 0001627  82.5823 277.5495 13.19724855153847
ONEWEB-0648             
1 55811U 23029R   26129.90127014  .00000153  00000+0  37769-3 0  9993
2 55811  87.8928 297.3419 0001962  65.9794 294.1541 13.14502919154367
ONEWEB-0649             
1 55812U 23029S   26129.94661846  .00000058  00000+0  11279-3 0  9996
2 55812  87.9146 312.5997 0001847  81.9065 278.2277 13.19725239153885
ONEWEB-0650             
1 55813U 23029T   26129.94188008  .00000039  00000+0  64522-4 0  9990
2 55813  87.9146 312.6034 0001591  76.0464 284.0846 13.19725070153850
ONEWEB-0652             
1 55814U 23029U   26129.95835399 -.00000160  00000+0 -46705-3 0  9993
2 55814  87.8922 297.3404 0001816  99.4100 260.7235 13.14502726154342
ONEWEB-0653             
1 55815U 23029V   26129.94249406 -.00000085  00000+0 -26503-3 0  9991
2 55815  87.8930 297.3393 0001955  95.4209 264.7144 13.14502792154378
ONEWEB-0654             
1 55816U 23029W   26129.93771478 -.00000606  00000+0 -16702-2 0  9998
2 55816  87.8930 297.3370 0001966 103.1699 256.9650 13.14505702154397
ONEWEB-0656             
1 55817U 23029X   26129.94702951  .00000017  00000+0  95945-5 0  9993
2 55817  87.9162 282.0568 0002153 107.9366 252.2002 13.20732044156107
ONEWEB-0657             
1 55818U 23029Y   26129.93714340  .00000038  00000+0  61963-4 0  9993
2 55818  87.9144 312.6030 0001498 112.9972 247.1319 13.19725113153863
ONEWEB-0658             
1 55819U 23029Z   26129.93240621  .00000065  00000+0  12972-3 0  9995
2 55819  87.9151 312.5761 0001585  78.1956 281.9355 13.19724704153876
ONEWEB-0660             
1 55820U 23029AA  26129.91551604  .00000292  00000+0  75375-3 0  9999
2 55820  87.8931 297.3323 0001963  85.9933 274.1422 13.14504569154373
ONEWEB-0661             
1 55821U 23029AB  26129.95041396 -.00000173  00000+0 -50007-3 0  9991
2 55821  87.8920 297.3751 0002041  88.1767 271.9597 13.14503549154369
ONEWEB-0662             
1 55822U 23029AC  26129.90918532  .00000233  00000+0  59408-3 0  9991
2 55822  87.8917 297.3904 0001962  85.6616 274.4738 13.14503576154402
ONEWEB-0663             
1 55823U 23029AD  26129.90795806  .00000095  00000+0  20179-3 0  9998
2 55823  87.9160 282.1371 0001853  82.9664 277.1681 13.20866263156092
ONEWEB-0664             
1 55824U 23029AE  26129.93412198  .00000199  00000+0  45592-3 0  9993
2 55824  87.9146 282.1173 0002324  94.6682 265.4717 13.20839655156096
ONEWEB-0665             
1 55825U 23029AF  26129.94724896 -.00000173  00000+0 -50161-3 0  9998
2 55825  87.8922 297.3564 0001882  83.9604 276.1740 13.14502954154380
ONEWEB-0666             
1 55826U 23029AG  26129.92766783  .00000647  00000+0  15574-2 0  9990
2 55826  87.9149 282.1082 0001619 119.9265 240.2030 13.20893940156102
ONEWEB-0667             
1 55827U 23029AH  26129.92177226  .00000103  00000+0  22167-3 0  9993
2 55827  87.9162 282.0612 0001921  92.9239 267.2114 13.20731152156099
ONEWEB-0669             
1 55828U 23029AJ  26129.91689896  .00002312  00000+0  56505-2 0  9990
2 55828  87.9146 282.0754 0002279 103.4754 256.6633 13.20790460156091
ONEWEB-0670             
1 55829U 23029AK  26129.92504756  .00000179  00000+0  44723-3 0  9992
2 55829  87.8921 297.3788 0002162  90.6332 269.5046 13.14503141154403
ONEWEB-0671             
1 55830U 23029AL  26129.92765948  .00000069  00000+0  14020-3 0  9991
2 55830  87.9146 312.6059 0001910  85.5724 274.5627 13.19725487153858
ONEWEB-0672             
1 55831U 23029AM  26129.91210151  .00000556  00000+0  13354-2 0  9991
2 55831  87.9156 282.0699 0001859 106.5029 253.6309 13.20810196156092
ONEWEB-0673             
1 55832U 23029AN  26129.90474521  .00000047  00000+0  85910-4 0  9998
2 55832  87.9155 312.5990 0001947  87.7330 272.4026 13.19723484153855
ONEWEB-0674             
1 55833U 23029AP  26129.96944629  .00000028  00000+0  41184-4 0  9990
2 55833  87.8916 297.3470 0002232  91.5009 268.6377 13.14501854154393
ONEWEB-0675             
1 55834U 23029AQ  26129.91976565  .00000137  00000+0  30958-3 0  9997
2 55834  87.9148 312.6089 0001539  95.7788 264.3520 13.19725238153872
ONEWEB-0720             
1 55835U 23029AR  26129.91186179  .00000095  00000+0  20500-3 0  9997
2 55835  87.9145 312.6111 0001757  80.1901 279.9430 13.19725266153797
ONEWEB-0537             
1 56046U 23043A   26129.81613441  .00000063  00000+0  13014-3 0  9991
2 56046  87.9097 236.3904 0001896 108.4896 251.6441 13.16595600153918
ONEWEB-0538             
1 56047U 23043B   26129.80980525  .00000088  00000+0  19614-3 0  9990
2 56047  87.9098 236.3936 0001663 102.9615 257.1702 13.16595325153921
ONEWEB-0546             
1 56048U 23043C   26129.79713818 -.00000085  00000+0 -25544-3 0  9996
2 56048  87.9098 236.3955 0002062 120.9736 239.1598 13.16594927153910
ONEWEB-0547             
1 56049U 23043D   26129.87003895 -.00000054  00000+0 -16181-3 0  9996
2 56049  87.9247 251.5989 0001786  97.8502 262.2835 13.21827201153166
ONEWEB-0548             
1 56050U 23043E   26129.82167412  .00000083  00000+0  18257-3 0  9995
2 56050  87.9096 236.3882 0002407 100.8995 259.2407 13.16593165153912
ONEWEB-0549             
1 56051U 23043F   26129.86416311  .00000907  00000+0  21634-2 0  9992
2 56051  87.9237 251.6086 0001640  98.1659 261.9661 13.21820603153165
ONEWEB-0550             
1 56052U 23043G   26129.85067174  .00001509  00000+0  36208-2 0  9993
2 56052  87.9227 251.6057 0002038  90.7248 269.4120 13.21845255153160
ONEWEB-0551             
1 56053U 23043H   26129.89840562  .00000128  00000+0  30565-3 0  9995
2 56053  87.8970 266.8595 0001547  94.4172 265.7135 13.15548858151368
ONEWEB-0552             
1 56054U 23043J   26129.84565208 -.00000028  00000+0 -99466-4 0  9999
2 56054  87.9235 251.6153 0001948  94.4696 265.6660 13.21824605153168
ONEWEB-0553             
1 56055U 23043K   26129.80346774  .00000024  00000+0  30419-4 0  9998
2 56055  87.9097 236.3956 0002119 112.5275 247.6081 13.16595371153922
ONEWEB-0554             
1 56056U 23043L   26129.79080726 -.00000015  00000+0 -73508-4 0  9997
2 56056  87.9095 236.4074 0002280 102.5081 257.6305 13.16595391153906
ONEWEB-0555             
1 56057U 23043M   26129.82880549  .00000031  00000+0  46666-4 0  9994
2 56057  87.9102 236.3868 0002115 118.8214 241.3129 13.16593500153916
ONEWEB-0557             
1 56058U 23043N   26129.84305365 -.00000037  00000+0 -12952-3 0  9993
2 56058  87.9101 236.3945 0003161 112.7637 247.3828 13.16595236153916
ONEWEB-0558             
1 56059U 23043P   26129.83892206  .00000055  00000+0  10123-3 0  9994
2 56059  87.9239 251.6107 0001565  91.1202 269.0111 13.21824596153177
ONEWEB-0559             
1 56060U 23043Q   26129.82714553  .00000048  00000+0  85344-4 0  9993
2 56060  87.9239 251.6068 0001787  94.8366 265.2972 13.21825497153187
ONEWEB-0566             
1 56061U 23043R   26129.89611679  .00000052  00000+0  95063-4 0  9990
2 56061  87.9238 251.5917 0001703  92.7563 267.3766 13.21824903153177
ONEWEB-0568             
1 56062U 23043S   26129.78445937 -.00000042  00000+0 -14283-3 0  9996
2 56062  87.9095 236.3963 0001986 110.1255 250.0089 13.16596150153921
ONEWEB-0574             
1 56063U 23043T   26129.88939146  .00000037  00000+0  57551-4 0  9996
2 56063  87.9249 251.5926 0002135 102.2908 257.8465 13.21825131153210
ONEWEB-0575             
1 56064U 23043U   26129.85413428 -.00000014  00000+0 -70839-4 0  9995
2 56064  87.9097 236.3791 0002372 107.2574 252.8817 13.16595729153925
ONEWEB-0576             
1 56065U 23043V   26129.83514078  .00000038  00000+0  65359-4 0  9992
2 56065  87.9102 236.3895 0002191 105.3215 254.8159 13.16594729153917
ONEWEB-0577             
1 56066U 23043W   26129.84146718  .00000027  00000+0  36498-4 0  9996
2 56066  87.9101 236.3861 0002774 105.1313 255.0125 13.16594812153946
ONEWEB-0578             
1 56067U 23043X   26129.87593096 -.00000062  00000+0 -18164-3 0  9995
2 56067  87.9241 251.5961 0001956 110.3357 249.7987 13.21824474153176
ONEWEB-0579             
1 56068U 23043Y   26129.79181882  .00000017  00000+0  10427-4 0  9996
2 56068  87.9245 251.6080 0001943  91.8480 268.2876 13.21824161153176
ONEWEB-0581             
1 56069U 23043Z   26129.84780411 -.00000020  00000+0 -86837-4 0  9990
2 56069  87.9100 236.3959 0002565 102.1952 257.9467 13.16594981153914
ONEWEB-0609             
1 56070U 23043AA  26129.92453711  .00000033  00000+0  54869-4 0  9993
2 56070  87.8970 266.8405 0001744  99.6692 260.4635 13.15550839151404
ONEWEB-0613             
1 56071U 23043AB  26129.92215966  .00001151  00000+0  30221-2 0  9998
2 56071  87.8970 266.8532 0001678  90.0133 270.1190 13.15560657151400
ONEWEB-0630             
1 56072U 23043AC  26129.91742322  .00000093  00000+0  21209-3 0  9990
2 56072  87.8970 266.8244 0001799  91.4456 268.6881 13.15548697151395
ONEWEB-0632             
1 56073U 23043AD  26129.91267246 -.00000053  00000+0 -17366-3 0  9995
2 56073  87.8974 266.8436 0002275  94.6166 265.5224 13.15544958151399
ONEWEB-0633             
1 56074U 23043AE  26129.90631941  .00000179  00000+0  44164-3 0  9995
2 56074  87.8979 266.8171 0001553  89.9384 270.1925 13.15548897151372
ONEWEB-0634             
1 56075U 23043AF  26129.89206307  .00000073  00000+0  15978-3 0  9992
2 56075  87.8970 266.8635 0001667 108.6716 251.4596 13.15549342151364
ONEWEB-0635             
1 56076U 23043AG  26129.88732048  .00000027  00000+0  36857-4 0  9997
2 56076  87.8978 266.8236 0002140  99.4172 260.7200 13.15548405151397
ONEWEB-0636             
1 56077U 23043AH  26129.87939200  .00000002  00000+0 -29357-4 0  9997
2 56077  87.8969 266.8343 0002071  99.9669 260.1695 13.15548720151376
ONEWEB-0637             
1 56078U 23043AJ  26129.87305134 -.00000123  00000+0 -36019-3 0  9998
2 56078  87.8969 266.8526 0002009 107.8384 252.2965 13.15549002151392
ONEWEB-0647             
1 56079U 23043AK  26129.86827825 -.00000112  00000+0 -33286-3 0  9995
2 56079  87.8970 266.8661 0001951  95.3669 264.7684 13.15549782151387
ONEWEB-0651             
1 56080U 23043AL  26129.93960220 -.00000010  00000+0 -59873-4 0  9990
2 56080  87.8969 266.8460 0002084 103.2638 256.8725 13.15549220152596
ONEWEB-0718             
1 56081U 23043AM  26129.85880290 -.00000052  00000+0 -17195-3 0  9996
2 56081  87.8969 266.8424 0001443 109.5874 250.5412 13.15548133151399
ONEWEB-0561             
1 56710U 23068A   26129.94055476  .00000036  00000+0  56778-4 0  9993
2 56710  87.9157 282.0723 0002222  93.0774 267.0613 13.20783972144455
ONEWEB-0668             
1 56711U 23068B   26129.82245963  .00000078  00000+0  17065-3 0  9994
2 56711  87.9103 236.3884 0001874 118.0294 242.1027 13.16596002146731
ONEWEB-0676             
1 56712U 23068C   26129.83038776  .00000010  00000+0 -83521-5 0  9997
2 56712  87.9103 236.3935 0002304 102.9994 257.1395 13.16594830146659
ONEWEB-0677             
1 56713U 23068D   26129.92927541  .00001361  00000+0  33108-2 0  9997
2 56713  87.9156 282.0662 0001981 106.3259 253.8092 13.20877389144759
ONEWEB-0678             
1 56714U 23068E   26129.90315234  .00000163  00000+0  39799-3 0  9998
2 56714  87.8978 266.8222 0001885  90.6334 269.5013 13.15549177144252
ONEWEB-0679             
1 56715U 23068F   26129.86521248 -.00000048  00000+0 -15854-3 0  9998
2 56715  87.9103 236.3774 0002292 115.0817 245.0552 13.16595627146687
ONEWEB-0680             
1 56716U 23068G   26129.86918668 -.00000782  00000+0 -19253-2 0  9996
2 56716  87.9249 251.5943 0001980 118.9318 241.2015 13.21827388146036
ONEWEB-0681             
1 56717U 23068H   26129.84984789  .00000026  00000+0  31356-4 0  9991
2 56717  87.9239 251.6012 0002914  99.2133 260.9330 13.21824171146022
ONEWEB-0682             
1 56718U 23068J   26129.92690315 -.00000014  00000+0 -69977-4 0  9999
2 56718  87.8978 266.8190 0001863 116.1115 244.0207 13.15549964144423
ONEWEB-0683             
1 56719U 23068K   26129.87461864 -.00000055  00000+0 -17991-3 0  9992
2 56719  87.8980 266.8276 0001752 107.1532 252.9791 13.15546737144388
ONEWEB-0684             
1 56720U 23068L   26129.88254624 -.00000013  00000+0 -68185-4 0  9995
2 56720  87.8976 266.8173 0001538  53.6635 306.4637 13.15549790144210
ONEWEB-0686             
1 56721U 23068M   26129.74964895  .00000106  00000+0  24348-3 0  9992
2 56721  87.9090 236.4284 0001629 105.5652 254.5659 13.16596348146651
ONEWEB-0694             
1 56722U 23068N   26129.83195018  .00000029  00000+0  42894-4 0  9997
2 56722  87.9113 236.3688 0001878 116.6649 243.4675 13.16596523146728
ONEWEB-0696             
1 56723U 23068P   26129.91582579  .00000103  00000+0  23874-3 0  9998
2 56723  87.8973 266.8515 0001841  86.1691 273.9650 13.15549706144333
ONEWEB-0703             
1 56724U 23068Q   26129.92532862  .00000023  00000+0  26639-4 0  9994
2 56724  87.8972 266.8310 0002426  80.2455 279.8950 13.15549966144223
ONEWEB-0721             
1 56725U 23068R   26129.93197911  .00000034  00000+0  47996-4 0  9999
2 56725  86.6738  97.7259 0002006  83.3101 276.8261 13.22466904152881
ONEWEB-0015             
1 61594U 24188A   26129.70329633  .00000672  00000+0  18596-2 0  9996
2 61594  87.8918  28.7470 0002172  92.7829 267.3548 13.11418062 79418
ONEWEB-0687             
1 61595U 24188B   26129.95895936  .00000033  00000+0  51401-4 0  9993
2 61595  87.9165  13.4780 0001721  98.8353 261.2973 13.17649072 80866
ONEWEB-0688             
1 61596U 24188C   26129.91171141  .00000059  00000+0  11767-3 0  9993
2 61596  87.9162  13.4871 0002810 101.6577 258.4870 13.17650011 80854
ONEWEB-0689             
1 61597U 24188D   26129.96608601 -.00000537  00000+0 -15501-2 0  9997
2 61597  87.8941  28.6466 0001567  86.5287 273.6020 13.11415556 79440
ONEWEB-0690             
1 61598U 24188E   26129.74739008 -.00000594  00000+0 -17110-2 0  9991
2 61598  87.8931  28.7045 0002298  67.1043 293.0327 13.11417046 79599
ONEWEB-0691             
1 61599U 24188F   26129.74229193 -.00000608  00000+0 -17518-2 0  9999
2 61599  87.8940  28.6104 0001992  90.5182 269.6174 13.11417150 79448
ONEWEB-0692             
1 61600U 24188G   26129.76263321 -.00000046  00000+0 -16647-3 0  9994
2 61600  87.8922  28.7273 0001166  61.4107 298.7138 13.11420505 79436
ONEWEB-0693             
1 61601U 24188H   26129.92352591  .00000006  00000+0 -17513-4 0  9990
2 61601  87.9164  13.5061 0002527  70.9648 289.1757 13.17649408 80849
ONEWEB-0695             
1 61602U 24188J   26129.96778169 -.00000401  00000+0 -11685-2 0  9990
2 61602  87.8919  28.6783 0001263  80.2286 279.8985 13.11417265 79455
ONEWEB-0697             
1 61603U 24188K   26129.69482124  .00000465  00000+0  12761-2 0  9998
2 61603  87.8919  28.7226 0001232  58.1193 302.0054 13.11418992 79405
ONEWEB-0698             
1 61604U 24188L   26129.97795064 -.00000795  00000+0 -22789-2 0  9999
2 61604  87.8924  28.6808 0002006  44.3003 315.8285 13.11416901 79466
ONEWEB-0699             
1 61605U 24188M   26129.80769255  .00000006  00000+0 -19357-4 0  9998
2 61605  87.8860  43.9038 0001463  59.6052 300.5220 13.10374981 78289
ONEWEB-0700             
1 61606U 24188N   26129.80935147  .00000136  00000+0  35463-3 0  9992
2 61606  87.8877  43.8058 0001192  71.5685 288.5572 13.10375244 78270
ONEWEB-0701             
1 61607U 24188P   26129.82596195  .00000676  00000+0  19013-2 0  9992
2 61607  87.8854  43.8984 0001356  54.2839 305.8414 13.10371887 78283
ONEWEB-0702             
1 61608U 24188Q   26129.94745248  .00000401  00000+0  10950-2 0  9998
2 61608  87.8937  28.5861 0000896  58.3483 301.7732 13.11414149 79478
ONEWEB-0704             
1 61609U 24188R   26129.73795331  .00001108  00000+0  31371-2 0  9999
2 61609  87.8903  43.9012 0001083  94.8147 265.3104 13.10386671 78252
ONEWEB-0705             
1 61610U 24188S   26129.81932926  .00000696  00000+0  19567-2 0  9997
2 61610  87.8867  43.8924 0001237 115.3805 244.7451 13.10374880 70432
ONEWEB-0706             
1 61611U 24188T   26129.80436685 -.00000142  00000+0 -44206-3 0  9995
2 61611  87.8861  43.9030 0001245  79.2852 280.8415 13.10375148 78353
ONEWEB-0707             
1 61612U 24188U   26129.81101803  .00000223  00000+0  60183-3 0  9998
2 61612  87.8866  43.8934 0001283  77.4520 282.6750 13.10375088 78293
ONEWEB-0708             
1 61613U 24188V   26129.82928612  .00000604  00000+0  16946-2 0  9995
2 61613  87.8853  43.9118 0001810  96.5817 263.5516 13.10371949 78270
