ONEWEB-0012             
1 44057U 19010A   26066.79723389  .00000058  00000+0  11785-3 0  9996
2 44057  87.9002 248.9526 0001179  98.2929 261.8336 13.16593273338228
ONEWEB-0010             
1 44058U 19010B   26066.97456106 -.00000310  00000+0 -84513-3 0  9999
2 44058  87.8994 248.9114 0001930 105.1704 254.9641 13.16591868338292
ONEWEB-0008             
1 44059U 19010C   26066.54391351 -.00000014  00000+0 -69557-4 0  9996
2 44059  87.9002 248.9957 0001613  87.5197 272.6119 13.16592889338354
ONEWEB-0007             
1 44060U 19010D   26066.87855139 -.00000848  00000+0 -22868-2 0  9990
2 44060  87.8938 279.4526 0001463 101.3141 258.8154 13.15551752338056
ONEWEB-0006             
1 44061U 19010E   26066.65434806  .00000121  00000+0  28783-3 0  9996
2 44061  87.8952 279.4514 0001714  95.0386 265.0940 13.15547105338071
ONEWEB-0011             
1 44062U 19010F   26066.62265065 -.00000090  00000+0 -27435-3 0  9993
2 44062  87.8951 279.4654 0001776  89.0509 271.0824 13.15551437338064
ONEWEB-0013             
1 45131U 20008A   26066.54328416  .00000749  00000+0  21388-2 0  9990
2 45131  87.8437  73.3442 0000845  83.4226 276.6997 13.09448400292763
ONEWEB-0017             
1 45132U 20008B   26066.67331886 -.00000206  00000+0 -62641-3 0  9998
2 45132  87.8764  56.4831 0002019  90.8098 269.3260 13.10370269294656
ONEWEB-0020             
1 45133U 20008C   26066.94889228  .00000563  00000+0  15752-2 0  9991
2 45133  87.8778  56.4185 0001817  85.9915 274.1420 13.10374259295085
ONEWEB-0021             
1 45134U 20008D   26066.42931769  .00000455  00000+0  12668-2 0  9996
2 45134  87.8765  56.5466 0001755  89.1132 271.0197 13.10370120295320
ONEWEB-0023             
1 45136U 20008F   26066.51645191 -.00000055  00000+0 -19285-3 0  9990
2 45136  87.8760  56.5091 0001649  86.0511 274.0805 13.10370769294765
ONEWEB-0024             
1 45137U 20008G   26066.71815020  .00000549  00000+0  15350-2 0  9997
2 45137  87.8780  56.4535 0001831  87.2850 272.8487 13.10373223294953
ONEWEB-0025             
1 45138U 20008H   26066.49759048  .00000681  00000+0  19005-2 0  9998
2 45138  87.8773  56.4899 0001480  88.9781 271.1516 13.10875075295251
ONEWEB-0026             
1 45139U 20008J   26066.68386995  .00000744  00000+0  20645-2 0  9999
2 45139  87.8862  41.2460 0002032  84.3826 275.7534 13.11417830297806
ONEWEB-0028             
1 45140U 20008K   26066.48801562 -.00000443  00000+0 -12871-2 0  9991
2 45140  87.8850  41.2940 0001211  77.6446 282.4817 13.11414717295290
ONEWEB-0032             
1 45141U 20008L   26066.52225157 -.00000312  00000+0 -93055-3 0  9996
2 45141  87.8767  56.5143 0001409  81.3994 278.7293 13.10369229294988
ONEWEB-0033             
1 45142U 20008M   26066.49737583  .00000695  00000+0  19557-2 0  9990
2 45142  87.8763  56.5288 0002338  92.1611 267.9784 13.10373518294894
ONEWEB-0035             
1 45143U 20008N   26066.68077931 -.00000483  00000+0 -14197-2 0  9998
2 45143  87.8762  56.4912 0001922  88.4822 271.6525 13.10370844294644
ONEWEB-0036             
1 45144U 20008P   26066.90908375 -.00000552  00000+0 -16313-2 0  9998
2 45144  87.8776  56.4166 0001616  83.7944 276.3367 13.09813544295109
ONEWEB-0038             
1 45145U 20008Q   26066.61787924  .00000338  00000+0  91802-3 0  9999
2 45145  87.8867  41.2597 0002135 134.0146 226.1158 13.11416327297016
ONEWEB-0039             
1 45146U 20008R   26066.65340992  .00000645  00000+0  18127-2 0  9993
2 45146  87.8779  56.4806 0001296  85.6564 274.4711 13.10372491294865
ONEWEB-0040             
1 45147U 20008S   26066.49406192  .00000679  00000+0  19095-2 0  9993
2 45147  87.8768  56.5290 0001797  90.2087 269.9247 13.10373873294543
ONEWEB-0043             
1 45149U 20008U   26066.72478715  .00000677  00000+0  19041-2 0  9990
2 45149  87.8775  56.4659 0001256  81.3658 278.7612 13.10373815294894
ONEWEB-0044             
1 45150U 20008V   26066.67663226 -.00000324  00000+0 -96525-3 0  9993
2 45150  87.8774  56.4714 0001641  88.8504 271.2812 13.10370554295187
ONEWEB-0045             
1 45151U 20008W   26066.46006498  .00000484  00000+0  13301-2 0  9998
2 45151  87.8868  41.2782 0001720  85.1355 274.9970 13.11415354297075
ONEWEB-0047             
1 45152U 20008X   26066.51728528 -.00000052  00000+0 -18655-3 0  9991
2 45152  87.8765  56.5061 0001892  92.4164 267.7180 13.10373030294882
ONEWEB-0048             
1 45153U 20008Y   26066.51230601  .00000144  00000+0  37543-3 0  9999
2 45153  87.8764  56.5344 0001858  89.0414 271.0926 13.10368465294497
ONEWEB-0049             
1 45154U 20008Z   26066.51548415  .00000040  00000+0  77197-4 0  9990
2 45154  87.8760  56.5216 0001796  72.1127 288.0196 13.10369018294714
ONEWEB-0051             
1 45155U 20008AA  26066.45837206  .00000533  00000+0  14688-2 0  9994
2 45155  87.8862  41.2916 0001819  84.5587 275.5748 13.11415672297759
ONEWEB-0052             
1 45156U 20008AB  26066.66835879 -.00000013  00000+0 -73438-4 0  9997
2 45156  87.8770  56.4631 0001725  70.4380 289.6933 13.09870144294644
ONEWEB-0053             
1 45157U 20008AC  26066.95054797  .00000595  00000+0  16690-2 0  9990
2 45157  87.8769  56.4439 0001387  76.0818 284.0464 13.10374238294655
ONEWEB-0054             
1 45158U 20008AD  26066.52723906 -.00000583  00000+0 -17063-2 0  9993
2 45158  87.8770  56.5032 0001845  84.7016 275.4322 13.10371602294719
ONEWEB-0056             
1 45159U 20008AE  26066.50816425  .00000384  00000+0  10642-2 0  9994
2 45159  87.8771  56.5066 0001917  81.0497 279.0847 13.10369981294866
ONEWEB-0057             
1 45160U 20008AF  26066.66850086  .00000843  00000+0  23775-2 0  9995
2 45160  87.8765  56.4846 0001617  82.9961 277.1350 13.10368577295059
ONEWEB-0058             
1 45161U 20008AG  26066.50250087  .00000577  00000+0  16176-2 0  9995
2 45161  87.8768  56.5265 0001994  93.9444 266.1911 13.10371399295108
ONEWEB-0059             
1 45162U 20008AH  26066.49903764  .00000678  00000+0  19049-2 0  9995
2 45162  87.8766  56.5276 0001814  90.0901 270.0435 13.10372369295008
ONEWEB-0062             
1 45163U 20008AJ  26066.90653754 -.00000416  00000+0 -12281-2 0  9996
2 45163  87.8775  56.4286 0002154  95.8516 264.2857 13.10370847294924
ONEWEB-0065             
1 45164U 20008AK  26066.47897133  .00000113  00000+0  28713-3 0  9990
2 45164  87.8773  56.5227 0001716  73.7463 286.3853 13.10376783294564
ONEWEB-0066             
1 45424U 20020A   26066.44311229  .00000439  00000+0  12025-2 0  9996
2 45424  87.8867  41.2959 0001693  87.6011 272.5311 13.11417817289348
ONEWEB-0067             
1 45425U 20020B   26066.86203079 -.00000248  00000+0 -73568-3 0  9996
2 45425  87.8872  41.1216 0001646  80.6262 279.5052 13.11414357289456
ONEWEB-0080             
1 45426U 20020C   26066.87119629 -.00000451  00000+0 -13091-2 0  9995
2 45426  87.8863  41.2083 0002120  90.3431 269.7940 13.11414433289423
ONEWEB-0090             
1 45427U 20020D   26066.66196098 -.00000091  00000+0 -29299-3 0  9996
2 45427  87.8862  41.2511 0001863  84.7284 275.4057 13.11417628289360
ONEWEB-0061             
1 45428U 20020E   26066.61760931  .00000350  00000+0  95215-3 0  9992
2 45428  87.8863  41.2458 0001813  84.7023 275.4312 13.11416426289312
ONEWEB-0081             
1 45429U 20020F   26066.67538885  .00000412  00000+0  11257-2 0  9992
2 45429  87.8866  41.2497 0001627  84.1063 276.0251 13.11416786289431
ONEWEB-0069             
1 45430U 20020G   26066.43547671  .00000118  00000+0  29792-3 0  9998
2 45430  87.8863  41.2920 0001733  82.3203 277.8122 13.11419494289339
ONEWEB-0031             
1 45431U 20020H   26066.48379632 -.00000429  00000+0 -12459-2 0  9992
2 45431  87.8851  41.3005 0001990  86.7241 273.4115 13.11414767289328
ONEWEB-0027             
1 45432U 20020J   26066.85516321 -.00000001  00000+0 -35143-4 0  9995
2 45432  87.9158  25.9638 0002200  79.0240 281.1139 13.17646800293013
ONEWEB-0064             
1 45433U 20020K   26066.48210356 -.00000388  00000+0 -11309-2 0  9998
2 45433  87.8853  41.2912 0001991  84.2316 275.9039 13.11414135289359
ONEWEB-0018             
1 45434U 20020L   26066.66691226  .00000099  00000+0  24251-3 0  9996
2 45434  87.8866  41.2512 0001762  88.7908 271.3422 13.11418631289320
ONEWEB-0083             
1 45435U 20020M   26066.88647471 -.00000325  00000+0 -95415-3 0  9998
2 45435  87.8870  41.1955 0001870  84.9315 275.2026 13.11417102289398
ONEWEB-0095             
1 45436U 20020N   26066.87727721 -.00000521  00000+0 -15067-2 0  9997
2 45436  87.8865  41.2057 0002241  65.3433 294.7928 13.11417267289393
ONEWEB-0092             
1 45437U 20020P   26066.46770064  .00000277  00000+0  74689-3 0  9993
2 45437  87.8861  41.2873 0001789  71.4264 288.7058 13.11415463289452
ONEWEB-0085             
1 45438U 20020Q   26066.65673363 -.00000276  00000+0 -81511-3 0  9992
2 45438  87.8860  41.2540 0001801  82.8067 277.3265 13.11418076289362
ONEWEB-0096             
1 45439U 20020R   26066.88732206 -.00000325  00000+0 -95221-3 0  9998
2 45439  87.8867  41.1962 0001745  82.6102 277.5224 13.11417061289384
ONEWEB-0037             
1 45440U 20020S   26066.63893285 -.00000406  00000+0 -11806-2 0  9994
2 45440  87.8871  41.2215 0001853  80.2247 279.9090 13.11415339289380
ONEWEB-0042             
1 45441U 20020T   26066.64811234 -.00000493  00000+0 -14278-2 0  9992
2 45441  87.8865  41.2413 0001736  82.3030 277.8295 13.11416426289356
ONEWEB-0098             
1 45442U 20020U   26066.87290628 -.00000518  00000+0 -14977-2 0  9990
2 45442  87.8862  41.2081 0001894  84.8608 275.2736 13.11415506289369
ONEWEB-0055             
1 45443U 20020V   26066.47447874 -.00000061  00000+0 -20734-3 0  9996
2 45443  87.8862  41.2873 0001853  84.8933 275.2406 13.11414824289282
ONEWEB-0093             
1 45444U 20020W   26066.67892708  .00000523  00000+0  14397-2 0  9997
2 45444  87.8867  41.2365 0001404  80.5037 279.6250 13.11416281289378
ONEWEB-0029             
1 45445U 20020X   26066.61859763  .00000406  00000+0  11107-2 0  9992
2 45445  87.8860  41.2599 0001671  85.6243 274.5076 13.11415221289342
ONEWEB-0068             
1 45446U 20020Y   26066.67864872  .00000474  00000+0  13017-2 0  9993
2 45446  87.8866  41.2391 0001638  85.4276 274.7040 13.11416667289298
ONEWEB-0046             
1 45447U 20020Z   26066.44141298  .00000312  00000+0  84549-3 0  9999
2 45447  87.8868  41.2928 0001687  77.3593 282.7724 13.11417780289276
ONEWEB-0063             
1 45448U 20020AA  26066.62282919  .00000202  00000+0  53362-3 0  9993
2 45448  87.8866  41.2544 0001791  75.2220 284.9106 13.11414987289385
ONEWEB-0019             
1 45449U 20020AB  26066.89057214 -.00000185  00000+0 -55880-3 0  9990
2 45449  87.8859  41.1951 0001973  85.8676 274.2678 13.11417045289264
ONEWEB-0094             
1 45450U 20020AC  26066.82813889  .00000056  00000+0  11011-3 0  9996
2 45450  87.9158  25.9665 0001793  87.6126 272.5211 13.17647378292966
ONEWEB-0087             
1 45451U 20020AD  26066.48026457 -.00000256  00000+0 -75695-3 0  9998
2 45451  87.8871  41.2489 0001535  87.9730 272.1574 13.11414432289254
ONEWEB-0082             
1 45452U 20020AE  26066.47701113 -.00000187  00000+0 -56290-3 0  9990
2 45452  87.8869  41.2740 0001634  89.8535 270.2780 13.11414712289345
ONEWEB-0050             
1 45453U 20020AF  26066.94487813  .00002506  00000+0  25793-3 0  9990
2 45453  88.9200 246.9938 0003267  24.9105 335.2281 14.89995988325307
ONEWEB-0034             
1 45454U 20020AG  26066.65080012 -.00000445  00000+0 -12920-2 0  9998
2 45454  87.8870  41.2445 0001857  84.3391 275.7949 13.11416540289289
ONEWEB-0060             
1 45455U 20020AH  26066.62197469  .00000244  00000+0  65318-3 0  9996
2 45455  87.8854  41.2607 0001236 118.0316 242.0937 13.11415899289230
ONEWEB-0086             
1 45456U 20020AJ  26066.67708827  .00000492  00000+0  13537-2 0  9998
2 45456  87.8868  41.2374 0001942 106.7711 253.3630 13.11416788289305
ONEWEB-0088             
1 45457U 20020AK  26066.88392936 -.00000386  00000+0 -11238-2 0  9992
2 45457  87.8877  41.1603 0001620  76.2571 283.8737 13.11416892289265
ONEWEB-0102             
1 47258U 20100A   26066.81477790  .00000164  00000+0  41918-3 0  9998
2 47258  87.8996  10.8013 0001830  86.7748 273.3590 13.12443262251432
ONEWEB-0109             
1 47259U 20100B   26066.74701344  .00000461  00000+0  12469-2 0  9994
2 47259  87.9008  10.7886 0001942  81.2826 278.8522 13.12442570251252
ONEWEB-0110             
1 47260U 20100C   26066.77410604 -.00000058  00000+0 -19771-3 0  9993
2 47260  87.9003  10.7682 0001730  88.5419 271.5908 13.12443305251420
ONEWEB-0111             
1 47261U 20100D   26066.80460867 -.00000202  00000+0 -59619-3 0  9990
2 47261  87.9004  10.7806 0001675  80.8478 279.2840 13.12443234251261
ONEWEB-0114             
1 47262U 20100E   26066.75887149  .00000405  00000+0  10916-2 0  9990
2 47262  87.9006  10.7851 0002054  75.1929 284.9428 13.12441761251217
ONEWEB-0117             
1 47263U 20100F   26066.82663417  .00000462  00000+0  12496-2 0  9997
2 47263  87.9004  10.7662 0001830  81.6019 278.5317 13.12442855251232
ONEWEB-0118             
1 47264U 20100G   26066.78427315 -.00000291  00000+0 -84536-3 0  9995
2 47264  87.9004  10.7768 0001962  70.4995 289.6345 13.12442120251425
ONEWEB-0119             
1 47265U 20100H   26066.80969494 -.00000016  00000+0 -79142-4 0  9991
2 47265  87.8994  10.7976 0001814  78.9054 281.2278 13.12443084251400
ONEWEB-0120             
1 47266U 20100J   26066.52860014  .00000432  00000+0  11648-2 0  9994
2 47266  87.8995  10.8541 0001941  79.4849 280.6498 13.12441889251396
ONEWEB-0121             
1 47267U 20100K   26066.82155257  .00000360  00000+0  96436-3 0  9993
2 47267  87.9007  10.7717 0001687  85.3754 274.7567 13.12442916251342
ONEWEB-0122             
1 47268U 20100L   26066.81562008  .00000172  00000+0  44250-3 0  9997
2 47268  87.9007  10.7756 0001917  82.8219 277.3128 13.12445955251258
ONEWEB-0123             
1 47269U 20100M   26066.81138683  .00000073  00000+0  16688-3 0  9990
2 47269  87.8994  10.7961 0001798  75.7379 284.3950 13.12442933251395
ONEWEB-0124             
1 47270U 20100N   26066.80121562 -.00000274  00000+0 -79767-3 0  9991
2 47270  87.8991  10.8027 0001655  79.8907 280.2409 13.12442831251270
ONEWEB-0125             
1 47271U 20100P   26066.77919147 -.00000254  00000+0 -74065-3 0  9996
2 47271  87.9005  10.7780 0001538  72.4703 287.6594 13.12443553251331
ONEWEB-0126             
1 47272U 20100Q   26066.79965895 -.00000347  00000+0 -99973-3 0  9998
2 47272  87.8997  10.7969 0001911  78.5311 281.6032 13.12442683251409
ONEWEB-0127             
1 47273U 20100R   26066.76564690  .00000279  00000+0  73907-3 0  9995
2 47273  87.8993  10.8074 0001989  79.1417 280.9936 13.12440821251422
ONEWEB-0128             
1 47274U 20100S   26066.78766570 -.00000350  00000+0 -10074-2 0  9996
2 47274  87.8993  10.8170 0001756  91.2419 268.8911 13.12442685251449
ONEWEB-0129             
1 47275U 20100T   26066.76734504  .00000194  00000+0  50346-3 0  9998
2 47275  87.9003  10.7842 0002994  77.4493 282.6970 13.12441758251372
ONEWEB-0130             
1 47276U 20100U   26066.79444065 -.00000332  00000+0 -95859-3 0  9996
2 47276  87.9006  10.7729 0001900  81.9318 278.2026 13.12442721251343
ONEWEB-0131             
1 47277U 20100V   26066.79104751 -.00000362  00000+0 -10406-2 0  9999
2 47277  87.8993  10.8032 0001847  81.0353 279.0985 13.12442297251381
ONEWEB-0132             
1 47278U 20100W   26066.81985859  .00000266  00000+0  70426-3 0  9999
2 47278  87.8995  10.7963 0001722  82.8686 277.2638 13.12442253251282
ONEWEB-0133             
1 47279U 20100X   26066.76042609  .00000406  00000+0  10945-2 0  9996
2 47279  87.9009  10.7730 0001770  84.7177 275.4153 13.12441571251432
ONEWEB-0134             
1 47280U 20100Y   26066.80630452 -.00000086  00000+0 -27369-3 0  9997
2 47280  87.9007  10.7605 0001978  86.5499 273.5856 13.12443114251412
ONEWEB-0135             
1 47281U 20100Z   26066.77748988 -.00000106  00000+0 -33138-3 0  9992
2 47281  87.8994  10.8022 0001962  89.3996 270.7357 13.12441408251438
ONEWEB-0136             
1 47282U 20100AA  26066.79615131 -.00000818  00000+0 -23093-2 0  9996
2 47282  87.9004  10.7714 0002064  88.6043 271.5323 13.12434231251368
ONEWEB-0137             
1 47283U 20100AB  26066.75377050 -.00000581  00000+0 -16516-2 0  9997
2 47283  87.9002  10.7859 0001840  64.0880 296.0438 13.12446201251263
ONEWEB-0138             
1 47284U 20100AC  26066.80799756 -.00000052  00000+0 -18102-3 0  9992
2 47284  87.9006  10.7837 0001948  84.4763 275.6587 13.12443365251355
ONEWEB-0139             
1 47285U 20100AD  26066.77256593  .00000060  00000+0  13156-3 0  9997
2 47285  87.9004  10.7787 0001868  80.0704 280.0636 13.12443191251426
ONEWEB-0140             
1 47286U 20100AE  26066.80291102 -.00000239  00000+0 -69926-3 0  9993
2 47286  87.9005  10.7609 0001694  84.1661 275.9661 13.12442754251396
ONEWEB-0141             
1 47287U 20100AF  26066.84851923 -.00000057  00000+0 -19460-3 0  9997
2 47287  87.9000  10.7582 0001844  69.1608 290.9718 13.12440524251385
ONEWEB-0142             
1 47288U 20100AG  26066.83694727  .00000307  00000+0  81766-3 0  9998
2 47288  87.9005  10.7850 0002126  71.0516 289.0843 13.12442656251378
ONEWEB-0143             
1 47289U 20100AH  26066.77072331  .00000081  00000+0  19104-3 0  9999
2 47289  87.9003  10.7946 0001798  78.5232 281.6098 13.12441723251345
ONEWEB-0144             
1 47290U 20100AJ  26066.81814742  .00000329  00000+0  88013-3 0  9996
2 47290  87.9010  10.7546 0002159  80.7153 279.4220 13.12440998251277
ONEWEB-0145             
1 47291U 20100AK  26066.78935738 -.00000391  00000+0 -11231-2 0  9990
2 47291  87.9001  10.7990 0001881  81.7297 278.4045 13.12441468251460
ONEWEB-0146             
1 47292U 20100AL  26066.78595108 -.00000409  00000+0 -11725-2 0  9992
2 47292  87.9002  10.7845 0001475  83.0095 277.1201 13.12441389251373
ONEWEB-0147             
1 47293U 20100AM  26066.75209579  .00000572  00000+0  15547-2 0  9999
2 47293  87.9010  10.7713 0001945  88.9358 271.1993 13.12443727251263
ONEWEB-0115             
1 48042U 21025A   26067.01186693 -.00000340  00000+0 -96500-3 0  9994
2 48042  87.9049 340.3431 0001643  79.2517 280.8797 13.13469124240315
ONEWEB-0152             
1 48043U 21025B   26066.79687650 -.00000161  00000+0 -47670-3 0  9993
2 48043  87.9040 340.3874 0001588  81.0214 279.1095 13.13469584240245
ONEWEB-0153             
1 48044U 21025C   26066.77487323 -.00000181  00000+0 -53096-3 0  9998
2 48044  87.9039 340.3976 0001811  78.3960 281.7372 13.13468930240233
ONEWEB-0154             
1 48045U 21025D   26066.77148210 -.00000082  00000+0 -25892-3 0  9991
2 48045  87.9038 340.3957 0001721  83.1509 276.9816 13.13470364240193
ONEWEB-0116             
1 48046U 21025E   26067.03895519  .00000217  00000+0  55874-3 0  9994
2 48046  87.9047 340.3306 0001605  79.3956 280.7354 13.13470163240373
ONEWEB-0150             
1 48047U 21025F   26067.01525260 -.00000355  00000+0 -10067-2 0  9995
2 48047  87.9050 340.3327 0001750  72.1170 288.0150 13.13468907240267
ONEWEB-0107             
1 48048U 21025G   26066.78841174 -.00000244  00000+0 -70335-3 0  9996
2 48048  87.9047 340.3730 0001998  75.8359 284.2992 13.13469210240210
ONEWEB-0101             
1 48049U 21025H   26066.75118039  .00000290  00000+0  75899-3 0  9990
2 48049  87.9039 340.4067 0001844  81.3369 278.7969 13.13468945240181
ONEWEB-0113             
1 48050U 21025J   26066.81069363  .00000153  00000+0  38224-3 0  9993
2 48050  87.9043 340.3142 0001314  83.4475 276.6804 13.13949804240299
ONEWEB-0112             
1 48051U 21025K   26066.79349182 -.00000089  00000+0 -27865-3 0  9990
2 48051  87.9048 340.3695 0001996  82.3030 277.8325 13.13470831240288
ONEWEB-0156             
1 48052U 21025L   26066.80195795  .00000050  00000+0  10104-3 0  9996
2 48052  87.9048 340.3790 0001843  75.0724 285.0609 13.13469793240264
ONEWEB-0161             
1 48053U 21025M   26066.77656553 -.00000177  00000+0 -52073-3 0  9990
2 48053  87.9039 340.3936 0001904  75.4325 284.7015 13.13469475240192
ONEWEB-0158             
1 48054U 21025N   26066.81211920  .00000298  00000+0  78177-3 0  9996
2 48054  87.9047 340.3766 0001540  87.0931 273.0374 13.13470117240320
ONEWEB-0157             
1 48055U 21025P   26066.98986542  .00000182  00000+0  46338-3 0  9990
2 48055  87.9046 340.3463 0002100  75.1816 284.9546 13.13469124240280
ONEWEB-0162             
1 48056U 21025Q   26066.73748997  .00000302  00000+0  79081-3 0  9999
2 48056  87.9047 340.4004 0001655  72.9430 287.1880 13.13471220240225
ONEWEB-0155             
1 48057U 21025R   26066.74440657  .00000408  00000+0  10815-2 0  9999
2 48057  87.9038 340.3986 0001929  80.3371 279.7976 13.13469610240363
ONEWEB-0149             
1 48058U 21025S   26066.99494016  .00000076  00000+0  17219-3 0  9992
2 48058  87.9044 340.3456 0001698  70.2032 289.9280 13.13469268240201
ONEWEB-0148             
1 48059U 21025T   26067.03387469  .00000039  00000+0  71142-4 0  9997
2 48059  87.9037 340.3524 0001871  59.7460 300.3854 13.13471430240333
ONEWEB-0160             
1 48060U 21025U   26066.74609374  .00000504  00000+0  13443-2 0  9993
2 48060  87.9035 340.4062 0001127  90.8870 269.2388 13.13470293240247
ONEWEB-0163             
1 48061U 21025V   26067.03557246  .00000184  00000+0  46774-3 0  9995
2 48061  87.9040 340.3407 0002024  76.4053 283.7301 13.13470484240402
ONEWEB-0159             
1 48062U 21025W   26066.79856846 -.00000041  00000+0 -14825-3 0  9992
2 48062  87.9044 340.3741 0001936  72.8346 287.2995 13.13469590240295
ONEWEB-0164             
1 48063U 21025X   26066.77994660 -.00000271  00000+0 -77619-3 0  9993
2 48063  87.9049 340.3843 0001644  80.8068 279.3248 13.13469385240273
ONEWEB-0167             
1 48064U 21025Y   26066.80790154  .00000109  00000+0  26343-3 0  9996
2 48064  87.9038 340.3982 0002266  90.1286 270.0103 13.13470768240267
ONEWEB-0166             
1 48065U 21025Z   26066.75455931  .00000275  00000+0  71941-3 0  9990
2 48065  87.9046 340.3716 0001784  73.4459 286.6866 13.13469225240335
ONEWEB-0151             
1 48066U 21025AA  26066.98479201  .00000108  00000+0  26028-3 0  9993
2 48066  87.9038 340.3520 0001759  81.5761 278.5567 13.13467935240309
ONEWEB-0170             
1 48067U 21025AB  26066.99324721  .00000047  00000+0  92857-4 0  9997
2 48067  87.9040 340.3517 0001558  94.0408 266.0899 13.13469068240267
ONEWEB-0168             
1 48068U 21025AC  26066.82565958  .00000387  00000+0  10249-2 0  9999
2 48068  87.9050 340.3760 0001892  75.9863 284.1476 13.13469450240259
ONEWEB-0173             
1 48069U 21025AD  26067.04573321  .00000360  00000+0  95196-3 0  9994
2 48069  87.9043 340.3394 0002139  79.6808 280.4562 13.13469834240521
ONEWEB-0171             
1 48070U 21025AE  26066.77824264 -.00000275  00000+0 -78834-3 0  9997
2 48070  87.9038 340.4045 0001732  81.8848 278.2478 13.13468578240309
ONEWEB-0172             
1 48071U 21025AF  26066.75794727  .00000256  00000+0  66646-3 0  9991
2 48071  87.9036 340.3964 0001867  81.7568 278.3773 13.13469242241190
ONEWEB-0174             
1 48072U 21025AG  26066.73932665  .00000270  00000+0  70500-3 0  9995
2 48072  87.9037 340.4009 0001770  73.4497 286.6827 13.13469616240517
ONEWEB-0175             
1 48073U 21025AH  26066.76979533 -.00000103  00000+0 -31716-3 0  9997
2 48073  87.9045 340.3708 0001816  89.0386 271.0952 13.13469002240171
ONEWEB-0177             
1 48074U 21025AJ  26066.78163757 -.00000223  00000+0 -64557-3 0  9995
2 48074  87.9048 340.3892 0001943  74.6252 285.5092 13.13469628240362
ONEWEB-0178             
1 48075U 21025AK  26066.80040462 -.00000002  00000+0 -40190-4 0  9999
2 48075  87.9028 340.4133 0001948  83.8652 276.2699 13.13470451240413
ONEWEB-0108             
1 48076U 21025AL  26066.75963499  .00000151  00000+0  37744-3 0  9991
2 48076  87.9048 340.3817 0001500  72.2340 287.8953 13.13469013240338
ONEWEB-0169             
1 48077U 21025AM  26066.79179305 -.00000252  00000+0 -72454-3 0  9992
2 48077  87.9038 340.3911 0001533  75.1962 284.9337 13.13469445238993
ONEWEB-0176             
1 48210U 21031A   26066.71398186 -.00000108  00000+0 -32506-3 0  9994
2 48210  87.8992 309.9467 0001690  83.7781 276.3541 13.14501794234987
ONEWEB-0184             
1 48211U 21031B   26066.68702006 -.00000103  00000+0 -31209-3 0  9995
2 48211  87.9002 309.9427 0002165 101.5505 258.5868 13.14502202234954
ONEWEB-0179             
1 48212U 21031C   26066.73380652  .00000163  00000+0  40577-3 0  9993
2 48212  87.8992 309.9360 0001731  73.8681 286.2639 13.14502252235008
ONEWEB-0180             
1 48213U 21031D   26066.91854622 -.00000202  00000+0 -57871-3 0  9998
2 48213  87.8996 309.9000 0001926  80.1179 280.0169 13.14501896234915
ONEWEB-0218             
1 48214U 21031E   26066.94075256 -.00000222  00000+0 -63269-3 0  9990
2 48214  87.8993 309.8948 0002280  95.6348 264.5042 13.14502019235079
ONEWEB-0209             
1 48215U 21031F   26066.70128993 -.00000227  00000+0 -64603-3 0  9990
2 48215  87.8985 309.9694 0001797  78.2985 281.8347 13.14501965235042
ONEWEB-0198             
1 48216U 21031G   26066.91392720 -.00000046  00000+0 -15792-3 0  9999
2 48216  87.8988 309.9264 0002087  82.3997 277.7370 13.14501733235189
ONEWEB-0189             
1 48217U 21031H   26066.92647513 -.00000227  00000+0 -64638-3 0  9998
2 48217  87.8991 309.9006 0001995  83.3656 276.7701 13.14501288234921
ONEWEB-0196             
1 48218U 21031J   26066.75203892  .00000095  00000+0  22270-3 0  9995
2 48218  87.8994 309.9461 0001762  80.3377 279.7951 13.14502152234908
ONEWEB-0183             
1 48219U 21031K   26066.72666585  .00000063  00000+0  13676-3 0  9990
2 48219  87.8991 309.9510 0001540  73.4767 286.6532 13.14501682234999
ONEWEB-0185             
1 48220U 21031L   26066.90505998  .00000116  00000+0  27770-3 0  9991
2 48220  87.8991 309.9015 0001817  68.5908 291.5416 13.14501409234948
ONEWEB-0187             
1 48221U 21031M   26066.96122577  .00000150  00000+0  37131-3 0  9996
2 48221  87.8981 309.9224 0001826  75.3636 284.7696 13.14501555234962
ONEWEB-0192             
1 48222U 21031N   26066.93122972 -.00000328  00000+0 -92015-3 0  9994
2 48222  87.8979 309.9173 0001706  82.9568 277.1756 13.14501611234874
ONEWEB-0219             
1 48223U 21031P   26066.91061604 -.00000019  00000+0 -86347-4 0  9996
2 48223  87.8989 309.9065 0001807  73.7953 286.3375 13.14502483235074
ONEWEB-0202             
1 48224U 21031Q   26066.73935290  .00000199  00000+0  50277-3 0  9997
2 48224  87.8986 309.9499 0002210  94.4441 265.6941 13.14504812235037
ONEWEB-0204             
1 48225U 21031R   26066.69732405 -.00000231  00000+0 -65623-3 0  9996
2 48225  87.8992 309.9517 0001543  68.7903 291.3392 13.14503669234923
ONEWEB-0205             
1 48226U 21031S   26066.74886815  .00000190  00000+0  47833-3 0  9993
2 48226  87.8991 309.9339 0001745  76.2711 283.8613 13.14502621234941
ONEWEB-0206             
1 48227U 21031T   26066.72191060  .00000019  00000+0  15522-4 0  9994
2 48227  87.8999 309.9384 0001476  88.8986 271.2313 13.14502743234891
ONEWEB-0182             
1 48228U 21031U   26066.94550384 -.00000007  00000+0 -53849-4 0  9990
2 48228  87.8991 309.9072 0001517  71.7432 288.3863 13.14501688235135
ONEWEB-0186             
1 48229U 21031V   26066.95661006  .00000041  00000+0  75510-4 0  9991
2 48229  87.8994 309.8923 0001695  78.2146 281.9174 13.14501881235087
ONEWEB-0181             
1 48230U 21031W   26066.70604894 -.00000155  00000+0 -45328-3 0  9999
2 48230  87.8981 309.9835 0001858  81.9326 278.2015 13.14501786234907
ONEWEB-0188             
1 48231U 21031X   26066.89634773  .00000153  00000+0  37711-3 0  9992
2 48231  87.8980 309.9441 0001589  80.2475 279.8835 13.14501778234838
ONEWEB-0220             
1 48232U 21031Y   26066.93598835 -.00000216  00000+0 -61578-3 0  9996
2 48232  87.8993 309.8953 0001791  74.4593 285.6735 13.14501751235107
ONEWEB-0165             
1 48233U 21031Z   26066.66006377  .00000236  00000+0  60308-3 0  9992
2 48233  87.8987 309.9673 0001947  84.8124 275.3228 13.14502027235020
ONEWEB-0199             
1 48234U 21031AA  26066.94867348 -.00000057  00000+0 -18736-3 0  9998
2 48234  87.8991 309.8915 0001505  82.6758 277.4542 13.14501932234961
ONEWEB-0203             
1 48235U 21031AB  26066.71080411 -.00000166  00000+0 -48217-3 0  9990
2 48235  87.9000 309.9386 0001601  86.8088 273.3225 13.14498932234942
ONEWEB-0197             
1 48236U 21031AC  26066.91365109 -.00000048  00000+0 -16300-3 0  9990
2 48236  87.8990 309.8970 0001461  69.1864 290.9422 13.14501769234888
ONEWEB-0194             
1 48237U 21031AD  26066.74094329  .00000188  00000+0  47178-3 0  9995
2 48237  87.8993 309.9491 0001476  88.3672 271.7627 13.14501587235037
ONEWEB-0193             
1 48238U 21031AE  26066.90903048  .00000051  00000+0  10273-3 0  9996
2 48238  87.8991 309.9073 0001335  94.2130 265.9152 13.14502326235008
ONEWEB-0191             
1 48239U 21031AF  26066.69177569 -.00000160  00000+0 -46595-3 0  9993
2 48239  87.8993 309.9455 0001556  79.7221 280.4084 13.14502369234832
ONEWEB-0195             
1 48240U 21031AG  26066.66878769  .00000160  00000+0  39761-3 0  9997
2 48240  87.8989 309.9479 0002029  84.9684 275.1677 13.14502116234819
ONEWEB-0201             
1 48241U 21031AH  26066.73312511  .00002569  00000+0  68916-2 0  9992
2 48241  87.8993 309.9649 0001876  68.5923 291.5407 13.14523814235055
ONEWEB-0207             
1 48242U 21031AJ  26066.71319496 -.00000111  00000+0 -33521-3 0  9998
2 48242  87.8991 309.9386 0001656  70.8661 289.2648 13.14503382234961
ONEWEB-0208             
1 48243U 21031AK  26066.69494534 -.00000174  00000+0 -50486-3 0  9991
2 48243  87.8993 309.9552 0001896  83.1353 276.9992 13.14502679234974
ONEWEB-0200             
1 48244U 21031AL  26066.96295071  .00000098  00000+0  22860-3 0  9995
2 48244  87.8984 309.8910 0001690  79.2483 280.8837 13.14502086234934
ONEWEB-0217             
1 48245U 21031AM  26066.67433824  .00000164  00000+0  40820-3 0  9994
2 48245  87.8994 309.9478 0001981  82.4878 277.6477 13.14502595234842
ONEWEB-0211             
1 48767U 21045A   26066.93184293  .00000002  00000+0 -29465-4 0  9995
2 48767  87.8941 279.3209 0002029  96.3259 263.8102 13.16143147231122
ONEWEB-0223             
1 48768U 21045B   26066.88490707  .00000142  00000+0  34427-3 0  9997
2 48768  87.8949 279.4119 0001871 102.3471 257.7869 13.15547260231080
ONEWEB-0230             
1 48769U 21045C   26067.00849916 -.00000062  00000+0 -19794-3 0  9996
2 48769  87.8939 279.4098 0001485  86.7767 273.3533 13.15547808231361
ONEWEB-0237             
1 48770U 21045D   26066.99740342 -.00000106  00000+0 -31538-3 0  9997
2 48770  87.8939 279.4135 0001619  98.9327 261.1987 13.15547453231084
ONEWEB-0235             
1 48771U 21045E   26066.97205250  .00000119  00000+0  28270-3 0  9991
2 48771  87.8950 279.3948 0001801 106.4211 253.7118 13.15548130231074
ONEWEB-0242             
1 48772U 21045F   26066.88965697  .00000122  00000+0  29072-3 0  9995
2 48772  87.8948 279.4068 0001512  93.8598 266.2705 13.15547114231108
ONEWEB-0241             
1 48773U 21045G   26066.87698488  .00000088  00000+0  20021-3 0  9992
2 48773  87.8941 279.4393 0001887  96.2571 263.8774 13.15547381231011
ONEWEB-0243             
1 48774U 21045H   26066.98473278 -.00000054  00000+0 -17643-3 0  9994
2 48774  87.8938 279.4287 0001398 109.3967 250.7315 13.15550390231056
ONEWEB-0222             
1 48775U 21045J   26066.66387130  .00000029  00000+0  43476-4 0  9995
2 48775  87.8949 279.4528 0001661  93.6351 266.4969 13.15548233231054
ONEWEB-0244             
1 48776U 21045K   26066.99423550 -.00000089  00000+0 -27089-3 0  9998
2 48776  87.8950 279.3768 0001618  94.5695 265.5621 13.15547220231662
ONEWEB-0247             
1 48777U 21045L   26066.99107249 -.00000080  00000+0 -24607-3 0  9997
2 48777  87.8939 279.4225 0001726 118.3065 241.8239 13.15547641231103
ONEWEB-0245             
1 48778U 21045M   26066.60602417 -.00000074  00000+0 -23032-3 0  9997
2 48778  87.8948 279.4686 0001787  90.8160 269.3175 13.15547532231026
ONEWEB-0229             
1 48779U 21045N   26066.82944404 -.00000009  00000+0 -58113-4 0  9994
2 48779  87.8948 279.4228 0001492  93.4247 266.7054 13.15547416231081
ONEWEB-0228             
1 48780U 21045P   26066.86286127  .00000054  00000+0  11044-3 0  9990
2 48780  87.8946 279.4033 0001632  92.7923 267.3394 13.15547008231007
ONEWEB-0232             
1 48781U 21045Q   26066.98947426 -.00000079  00000+0 -24463-3 0  9998
2 48781  87.8958 279.3769 0001582  89.6051 270.5261 13.15546604231344
ONEWEB-0231             
1 48782U 21045R   26066.66307245  .00000158  00000+0  38621-3 0  9990
2 48782  87.8939 279.4696 0001732  96.1548 263.9780 13.15548475230995
ONEWEB-0234             
1 48783U 21045S   26067.00518101 -.00000066  00000+0 -20910-3 0  9997
2 48783  87.8939 279.3788 0002254  74.5684 285.5695 13.15550189231179
ONEWEB-0238             
1 48784U 21045T   26067.00546826 -.00000036  00000+0 -13001-3 0  9993
2 48784  87.8941 279.3719 0001963  79.7626 280.3725 13.15547052231077
ONEWEB-0240             
1 48785U 21045U   26067.02673123  .00000078  00000+0  17375-3 0  9999
2 48785  87.8956 279.3695 0001891  96.1311 264.0035 13.15546940231103
ONEWEB-0246             
1 48786U 21045V   26067.02117329  .00000099  00000+0  22936-3 0  9993
2 48786  87.8951 279.3806 0001499  93.0499 267.0803 13.15547989230974
ONEWEB-0210             
1 48787U 21045W   26066.99581855 -.00000127  00000+0 -37035-3 0  9998
2 48787  87.8952 279.3819 0001420 124.3256 235.8009 13.15547603231013
ONEWEB-0214             
1 48788U 21045X   26066.85242521 -.00000098  00000+0 -29570-3 0  9990
2 48788  87.8950 279.4068 0001276 100.8860 259.2414 13.15547492230967
ONEWEB-0221             
1 48789U 21045Y   26067.01166573 -.00000032  00000+0 -11990-3 0  9997
2 48789  87.8951 279.3853 0001741  96.2000 263.9329 13.15547352231076
ONEWEB-0213             
1 48790U 21045Z   26067.00057231 -.00000100  00000+0 -30015-3 0  9993
2 48790  87.8950 279.3907 0001617 101.5518 258.5794 13.15548491231131
ONEWEB-0212             
1 48791U 21045AA  26066.82548369  .00000002  00000+0 -29976-4 0  9995
2 48791  87.8949 279.4205 0001639  87.5342 272.5976 13.15547270231103
ONEWEB-0227             
1 48792U 21045AB  26066.97680889  .00000078  00000+0  17305-3 0  9990
2 48792  87.8941 279.3931 0001672  91.5108 268.6214 13.15547791231078
ONEWEB-0226             
1 48793U 21045AC  26066.66623795  .00000049  00000+0  96492-4 0  9993
2 48793  87.8940 279.4637 0001514 102.9780 257.1520 13.15547883231008
ONEWEB-0224             
1 48794U 21045AD  26066.85798821  .00002278  00000+0  60174-2 0  9990
2 48794  87.8942 279.4616 0002405  89.5532 270.5874 13.15536947230956
ONEWEB-0233             
1 48795U 21045AE  26067.01469735  .00000071  00000+0  15347-3 0  9991
2 48795  87.8936 279.4394 0001807  97.0577 263.0759 13.15548110230999
ONEWEB-0190             
1 48796U 21045AF  26067.00215651 -.00000099  00000+0 -29696-3 0  9991
2 48796  87.8938 279.4027 0001846 114.4019 245.7304 13.15549225231063
ONEWEB-0236             
1 48797U 21045AG  26067.01958817  .00000119  00000+0  28104-3 0  9995
2 48797  87.8937 279.4105 0001640  84.9437 275.1881 13.15547952230956
ONEWEB-0248             
1 48798U 21045AH  26066.65198645  .00000084  00000+0  18903-3 0  9997
2 48798  87.8950 279.4572 0001961 100.5493 259.5858 13.15549761231066
ONEWEB-0225             
1 48799U 21045AJ  26066.97838991  .00000008  00000+0 -13263-4 0  9990
2 48799  87.8940 279.4084 0001827 108.7639 251.3690 13.15547907231117
ONEWEB-0215             
1 48800U 21045AK  26067.02435005  .00000153  00000+0  37306-3 0  9992
2 48800  87.8951 279.3715 0002027 111.0927 249.0421 13.15547986230990
ONEWEB-0216             
1 48801U 21045AL  26066.57751379  .00000196  00000+0  48611-3 0  9995
2 48801  87.8942 279.4806 0001486  85.9886 274.1414 13.15552411230949
ONEWEB-0239             
1 48802U 21045AM  26066.65831958  .00000140  00000+0  33672-3 0  9997
2 48802  87.8938 279.4787 0002226 105.5512 254.5864 13.15547581230999
ONEWEB-0249             
1 48967U 21060A   26066.97694262 -.00000031  00000+0 -11564-3 0  9993
2 48967  87.9006 248.9097 0001762  96.6344 263.4988 13.16594254226294
ONEWEB-0250             
1 48968U 21060B   26066.72768298  .00000162  00000+0  33931-3 0  9993
2 48968  87.9001 247.0453 0002614  85.7108 274.4327 13.25827332226778
ONEWEB-0252             
1 48970U 21060D   26066.93181461  .00000023  00000+0  27654-4 0  9992
2 48970  87.8999 248.9112 0001396  99.6493 260.4796 13.16593659226334
ONEWEB-0253             
1 48971U 21060E   26066.54076217 -.00000075  00000+0 -22913-3 0  9993
2 48971  87.9003 248.9950 0001672  96.6056 263.5265 13.16594662226218
ONEWEB-0254             
1 48972U 21060F   26066.47425011 -.00000022  00000+0 -92014-4 0  9998
2 48972  87.9005 249.0029 0001885 101.5001 258.6342 13.16592937226205
ONEWEB-0255             
1 48973U 21060G   26066.96823435  .00000028  00000+0  38365-4 0  9998
2 48973  87.9004 248.9139 0001791 100.4202 259.7131 13.16594124226345
ONEWEB-0256             
1 48974U 21060H   26066.53837627 -.00000004  00000+0 -45065-4 0  9991
2 48974  87.9006 249.0067 0001523  94.5267 265.6038 13.16593076226254
ONEWEB-0257             
1 48975U 21060J   26066.95081317  .00000129  00000+0  30339-3 0  9998
2 48975  87.9003 248.9087 0001609  98.9340 261.1973 13.16593409226267
ONEWEB-0258             
1 48976U 21060K   26066.95241679 -.00001881  00000+0 -49566-2 0  9997
2 48976  87.9003 248.9196 0001493  90.1364 269.9938 13.16579432226278
ONEWEB-0259             
1 48977U 21060L   26066.79406756 -.00000045  00000+0 -15207-3 0  9996
2 48977  87.9004 248.9496 0001699  98.3237 261.8087 13.16593070226281
ONEWEB-0260             
1 48978U 21060M   26066.78535560  .00000046  00000+0  86920-4 0  9992
2 48978  87.9002 248.9575 0001189  98.4859 261.6407 13.16593942226263
ONEWEB-0261             
1 48979U 21060N   26066.52724716 -.00000017  00000+0 -76833-4 0  9990
2 48979  87.8994 249.0092 0001719 108.0987 252.0331 13.16590690226287
ONEWEB-0262             
1 48980U 21060P   26066.50749955  .00000051  00000+0  99895-4 0  9991
2 48980  87.9005 248.9950 0001913  96.4108 263.7240 13.16593511226244
ONEWEB-0263             
1 48981U 21060Q   26066.91914311 -.00000030  00000+0 -11231-3 0  9993
2 48981  87.9005 248.9243 0001842 106.3153 253.8181 13.16593117226260
ONEWEB-0264             
1 48982U 21060R   26066.95634387  .00000121  00000+0  28393-3 0  9996
2 48982  87.9001 248.9208 0001493 103.7116 256.4181 13.16592840226272
ONEWEB-0266             
1 48984U 21060T   26066.97773499  .00000008  00000+0 -13862-4 0  9999
2 48984  87.9005 248.9060 0001663  92.6862 267.4459 13.16596636226263
ONEWEB-0267             
1 48985U 21060U   26066.76083420 -.00003288  00000+0 -86385-2 0  9997
2 48985  87.8999 248.9459 0001793  97.8716 262.2619 13.16577269226246
ONEWEB-0268             
1 48986U 21060V   26066.50116645  .00000058  00000+0  11916-3 0  9995
2 48986  87.9003 249.0073 0001549  96.5671 263.5636 13.16593547226478
ONEWEB-0269             
1 48987U 21060W   26066.93814633  .00000080  00000+0  17618-3 0  9995
2 48987  87.8991 248.9337 0001442  90.3912 269.7384 13.16593425226302
ONEWEB-0270             
1 48988U 21060X   26066.95556567  .00000110  00000+0  25422-3 0  9993
2 48988  87.9004 248.9184 0001931 103.7593 256.3753 13.16593832226344
ONEWEB-0271             
1 48989U 21060Y   26066.94289115  .00000139  00000+0  32926-3 0  9993
2 48989  87.9005 248.9114 0001686 103.9424 256.1895 13.16596460226346
ONEWEB-0272             
1 48990U 21060Z   26066.96504753  .00000053  00000+0  10402-3 0  9995
2 48990  87.9002 248.9187 0001485 103.5431 256.5866 13.16596129226294
ONEWEB-0273             
1 48991U 21060AA  26066.98722851 -.00000007  00000+0 -51347-4 0  9994
2 48991  87.9003 248.9126 0001740 100.2082 259.9246 13.16593653226275
ONEWEB-0274             
1 48992U 21060AB  26066.55657945  .00000031  00000+0  46159-4 0  9999
2 48992  87.8991 249.0118 0001285 100.6606 259.4669 13.16593352226252
ONEWEB-0275             
1 48993U 21060AC  26066.54549451 -.00000043  00000+0 -14694-3 0  9994
2 48993  87.9001 248.9928 0001563  98.9741 261.1567 13.16593312226186
ONEWEB-0276             
1 48994U 21060AD  26066.73074176  .00000042  00000+0  75115-4 0  9996
2 48994  87.9005 248.9563 0001786  95.6388 264.4947 13.16593389226221
ONEWEB-0277             
1 48995U 21060AE  26066.97138241  .00001031  00000+0  26631-2 0  9993
2 48995  87.8992 248.9238 0001558 100.6821 259.4486 13.16590611226240
ONEWEB-0278             
1 48996U 21060AF  26066.50591078 -.00000055  00000+0 -17841-3 0  9995
2 48996  87.9006 248.9979 0001690  87.6888 272.4436 13.16593752226311
ONEWEB-0279             
1 48997U 21060AG  26066.51382887 -.00000043  00000+0 -14615-3 0  9996
2 48997  87.9006 248.9954 0001614 105.8261 254.3048 13.16593221226240
ONEWEB-0280             
1 48998U 21060AH  26066.52887795  .00000006  00000+0 -18966-4 0  9998
2 48998  87.9005 248.9976 0002001  95.2256 264.9103 13.16594368226186
ONEWEB-0281             
1 48999U 21060AJ  26066.83840051 -.00000050  00000+0 -16419-3 0  9997
2 48999  87.8999 248.9300 0001503  95.0650 265.0653 13.16593495226295
ONEWEB-0282             
1 49000U 21060AK  26066.79248473  .00000103  00000+0  23710-3 0  9995
2 49000  87.9002 248.9497 0001733  98.7457 261.3871 13.16593536226266
ONEWEB-0283             
1 49001U 21060AL  26066.55340868  .00000067  00000+0  14078-3 0  9997
2 49001  87.9000 248.9971 0001590 102.4598 257.6710 13.16593380226247
ONEWEB-0284             
1 49002U 21060AM  26066.77507516  .00000049  00000+0  95306-4 0  9991
2 49002  87.9003 248.9443 0001912  90.8130 269.3220 13.16593178226257
ONEWEB-0285             
1 49075U 21075A   26066.81731227  .00000314  00000+0  83684-3 0  9990
2 49075  87.9005  10.7793 0001844  81.4145 278.7193 13.12443080221911
ONEWEB-0286             
1 49076U 21075B   26066.79938970 -.00000322  00000+0 -93000-3 0  9996
2 49076  87.8989  10.8101 0001727  73.4298 286.7020 13.12443730221264
ONEWEB-0287             
1 49077U 21075C   26066.79186835 -.00000117  00000+0 -33374-3 0  9992
2 49077  87.9147  26.0011 0001864  66.7900 293.3428 13.17648853220272
ONEWEB-0288             
1 49078U 21075D   26066.77581133 -.00000037  00000+0 -13813-3 0  9998
2 49078  87.9002  10.7823 0001888  76.5510 283.5829 13.12440954221887
ONEWEB-0289             
1 49079U 21075E   26066.83053340  .00000002  00000+0 -29099-4 0  9995
2 49079  87.9153  26.0057 0002262  83.7946 276.3443 13.17647676220857
ONEWEB-0290             
1 49080U 21075F   26066.80369758  .00000161  00000+0  38184-3 0  9996
2 49080  87.9156  25.9790 0002350  89.7728 270.3673 13.17649268220269
ONEWEB-0291             
1 49081U 21075G   26066.63662867 -.00000010  00000+0 -57779-4 0  9992
2 49081  87.9155  26.0206 0002126  72.5973 287.5391 13.17649420220230
ONEWEB-0293             
1 49082U 21075H   26066.88975490 -.00000163  00000+0 -45189-3 0  9999
2 49082  87.9148  25.9814 0001988  80.5651 279.5706 13.17648439220299
ONEWEB-0294             
1 49083U 21075J   26066.78258486 -.00000283  00000+0 -82080-3 0  9992
2 49083  87.9003  10.7832 0002155  81.6161 278.5212 13.12441312221273
ONEWEB-0295             
1 49084U 21075K   26066.81297740 -.00000021  00000+0 -86884-4 0  9990
2 49084  87.9146  26.0016 0001977  71.6852 288.4495 13.17649747220249
ONEWEB-0296             
1 49085U 21075L   26066.76225962  .00000334  00000+0  89308-3 0  9990
2 49085  87.9006  10.7908 0002029  71.2302 288.9047 13.12441923221273
ONEWEB-0297             
1 49086U 21075M   26066.79275083 -.00000359  00000+0 -10346-2 0  9997
2 49086  87.8994  10.8097 0001815  75.9793 284.1537 13.12442165221884
ONEWEB-0298             
1 49087U 21075N   26066.58950895  .00000041  00000+0  71239-4 0  9992
2 49087  87.9145  26.0428 0001642  80.0126 280.1190 13.17651262220241
ONEWEB-0299             
1 49088U 21075P   26066.81886418  .00000059  00000+0  11952-3 0  9992
2 49088  87.9163  25.9674 0001839  76.2812 283.8525 13.17650524220253
ONEWEB-0300             
1 49089U 21075Q   26066.78512478 -.00000332  00000+0 -95911-3 0  9994
2 49089  87.9002  10.7791 0001437  79.5658 280.5633 13.12443037221907
ONEWEB-0301             
1 49090U 21075R   26066.84525686  .00000105  00000+0  25647-3 0  9993
2 49090  87.9002  10.7674 0001440  81.5899 278.5392 13.12442777221272
ONEWEB-0302             
1 49091U 21075S   26066.75548415  .00000507  00000+0  13753-2 0  9999
2 49091  87.9008  10.7941 0002138  77.2856 282.8511 13.12442766221242
ONEWEB-0304             
1 49092U 21075T   26066.79357243  .00000012  00000+0 -97815-6 0  9998
2 49092  87.9155  26.0030 0001865  76.6753 283.4586 13.17649557220228
ONEWEB-0305             
1 49093U 21075U   26066.78682293  .00000008  00000+0 -12503-4 0  9998
2 49093  87.9155  25.9827 0001881  68.2594 291.8737 13.17648309220257
ONEWEB-0308             
1 49094U 21075V   26066.82494101  .00000471  00000+0  12725-2 0  9990
2 49094  87.9011  10.7731 0001792  81.3329 278.8003 13.12442945221264
ONEWEB-0309             
1 49095U 21075W   26066.86611004  .00000537  00000+0  13491-2 0  9992
2 49095  87.9162  25.9813 0002235  80.0383 280.1001 13.17658454220239
ONEWEB-0310             
1 49096U 21075X   26066.76394396  .00000310  00000+0  82740-3 0  9997
2 49096  87.8997  10.8161 0001808  80.4066 279.7267 13.12443776221885
ONEWEB-0311             
1 49097U 21075Y   26066.79695451  .00000116  00000+0  26551-3 0  9999
2 49097  87.9161  25.9900 0001720  66.0107 294.1205 13.17651639220276
ONEWEB-0312             
1 49098U 21075Z   26066.88806272 -.00000078  00000+0 -23366-3 0  9995
2 49098  87.9148  25.9900 0002056  72.6654 287.4702 13.17649189220268
ONEWEB-0313             
1 49099U 21075AA  26066.89299737 -.00000106  00000+0 -30637-3 0  9990
2 49099  87.9151  25.9953 0001853  77.3085 282.8254 13.17648251220254
ONEWEB-0314             
1 49100U 21075AB  26066.78343826  .00000059  00000+0  11936-3 0  9996
2 49100  87.9157  25.9798 0002066  71.0097 289.1258 13.17649697220216
ONEWEB-0315             
1 49101U 21075AC  26066.81307939  .00000166  00000+0  42493-3 0  9997
2 49101  87.9008  10.7625 0001598  68.1695 291.9604 13.12443103221871
ONEWEB-0316             
1 49102U 21075AD  26066.78786486  .00000077  00000+0  16354-3 0  9990
2 49102  87.9241 355.6009 0001772  76.1185 284.0144 13.18684877223847
ONEWEB-0317             
1 49103U 21075AE  26066.81647421  .00000243  00000+0  64057-3 0  9998
2 49103  87.9006  10.7840 0002373  93.0466 267.0934 13.12443648221891
ONEWEB-0318             
1 49104U 21075AF  26066.78457692  .00000030  00000+0  43419-4 0  9998
2 49104  87.9252 355.5940 0001673  70.8231 289.3082 13.18685449223808
ONEWEB-0319             
1 49105U 21075AG  26066.87456668  .00000031  00000+0  47737-4 0  9999
2 49105  87.9150  25.9868 0001528  64.5244 295.6046 13.17649334220265
ONEWEB-0323             
1 49106U 21075AH  26066.79782678 -.00000262  00000+0 -76251-3 0  9994
2 49106  87.9008  10.7692 0001819  58.2636 301.8670 13.12443048221255
ONEWEB-0329             
1 49107U 21075AJ  26066.88299776  .00000006  00000+0 -17943-4 0  9996
2 49107  87.9147  25.9852 0001911  76.8848 283.2497 13.17648720220247
ONEWEB-0330             
1 49108U 21075AK  26066.88420307 -.00029621  00000+0 -76863-1 0  9991
2 49108  87.9145  25.9944 0001890  74.9858 285.1482 13.17391898220284
ONEWEB-0292             
1 49186U 21083A   26066.77317554 -.00000247  00000+0 -71047-3 0  9997
2 49186  87.9029 340.4221 0001562  71.8934 288.2366 13.13471910217619
ONEWEB-0303             
1 49187U 21083B   26066.78128371  .00000004  00000+0 -21490-4 0  9994
2 49187  87.9253 355.5972 0001708  72.3781 287.7538 13.18686485216611
ONEWEB-0306             
1 49188U 21083C   26066.77138589 -.00000009  00000+0 -55764-4 0  9993
2 49188  87.9254 355.5825 0001923  83.2286 276.9065 13.18686250216659
ONEWEB-0307             
1 49189U 21083D   26066.76725624 -.00000017  00000+0 -81121-4 0  9990
2 49189  87.9025 340.4127 0001747  78.3370 281.7955 13.13468973217611
ONEWEB-0320             
1 49190U 21083E   26066.78487652  .00000099  00000+0  21938-3 0  9997
2 49190  87.9245 355.6056 0001804  77.0068 283.1265 13.18132188216610
ONEWEB-0321             
1 49191U 21083F   26066.68681542 -.00000048  00000+0 -15116-3 0  9998
2 49191  87.9179 294.7018 0001782  90.0510 270.0827 13.20772725223437
ONEWEB-0322             
1 49192U 21083G   26066.76302202  .00000076  00000+0  17221-3 0  9999
2 49192  87.9028 340.4182 0001777  96.4479 263.6853 13.13469112217604
ONEWEB-0324             
1 49193U 21083H   26066.76479026  .00000087  00000+0  18814-3 0  9990
2 49193  87.9253 355.5897 0001943  76.6476 283.4873 13.18686198216631
ONEWEB-0325             
1 49194U 21083J   26066.76809530  .00000003  00000+0 -24172-4 0  9992
2 49194  87.9243 355.6063 0001690  80.0934 280.0389 13.18685580216644
ONEWEB-0326             
1 49195U 21083K   26066.78306526  .00000010  00000+0 -76245-5 0  9999
2 49195  87.9253 355.5926 0001577  70.2993 289.8309 13.18687215216638
ONEWEB-0327             
1 49196U 21083L   26066.78277515 -.00000026  00000+0 -97805-4 0  9997
2 49196  87.9242 355.6053 0001430  70.0842 290.0444 13.18683566216659
ONEWEB-0328             
1 49197U 21083M   26066.98140105  .00000302  00000+0  79140-3 0  9990
2 49197  87.9046 340.3343 0001865  76.0864 284.0473 13.13469273217611
ONEWEB-0331             
1 49198U 21083N   26066.77634075  .00000055  00000+0  10658-3 0  9996
2 49198  87.9255 355.5870 0001753  67.1094 293.0223 13.18686171216647
ONEWEB-0333             
1 49199U 21083P   26066.82396615  .00000377  00000+0  99817-3 0  9999
2 49199  87.9029 340.4043 0001669  77.3726 282.7590 13.13469710217605
ONEWEB-0334             
1 49200U 21083Q   26066.70418950  .00000084  00000+0  17515-3 0  9996
2 49200  87.9162 294.7174 0002027 115.3666 244.7677 13.20772683223398
ONEWEB-0335             
1 49201U 21083R   26066.74270865  .00000307  00000+0  80511-3 0  9996
2 49201  87.9035 340.4139 0001651  71.6990 288.4319 13.13468784217605
ONEWEB-0336             
1 49202U 21083S   26066.79010184 -.00000214  00000+0 -62142-3 0  9997
2 49202  87.9032 340.4009 0001792  64.0924 296.0390 13.13469531217603
ONEWEB-0337             
1 49203U 21083T   26066.80013358 -.00000048  00000+0 -16561-3 0  9995
2 49203  87.9030 340.4082 0001816  74.5282 285.6048 13.13469493217604
ONEWEB-0338             
1 49204U 21083U   26066.90620361  .00000090  00000+0  18999-3 0  9997
2 49204  87.9166 294.6810 0001734  95.1910 264.9422 13.20769587223440
ONEWEB-0339             
1 49205U 21083V   26067.03726524  .00000183  00000+0  46711-3 0  9997
2 49205  87.9039 340.3493 0001855  85.3505 274.7836 13.13470536217616
ONEWEB-0340             
1 49206U 21083W   26066.76314002  .00000072  00000+0  14897-3 0  9998
2 49206  87.9254 355.5950 0001719  76.5394 283.5930 13.18686087216605
ONEWEB-0341             
1 49207U 21083X   26066.76974107  .00000069  00000+0  14163-3 0  9999
2 49207  87.9246 355.6041 0002277  73.8465 286.2917 13.18686242216628
ONEWEB-0342             
1 49208U 21083Y   26066.68523970 -.00000008  00000+0 -52574-4 0  9993
2 49208  87.9178 294.7030 0001629  89.4727 270.6593 13.20772730223387
ONEWEB-0343             
1 49209U 21083Z   26066.77798196 -.00000004  00000+0 -42779-4 0  9990
2 49209  87.9253 355.5964 0002287  81.9375 278.2017 13.18686221216676
ONEWEB-0344             
1 49210U 21083AA  26067.03218343  .00000135  00000+0  33590-3 0  9996
2 49210  87.9027 340.3738 0002084  72.8108 287.3249 13.13470562217613
ONEWEB-0345             
1 49211U 21083AB  26066.79517931 -.00000190  00000+0 -55454-3 0  9990
2 49211  87.9037 340.3877 0002033  75.4762 284.6593 13.13469062217590
ONEWEB-0346             
1 49212U 21083AC  26066.77465952 -.00000240  00000+0 -64259-3 0  9993
2 49212  87.9244 355.6050 0001583  55.6130 304.5152 13.18686611216612
ONEWEB-0348             
1 49213U 21083AD  26066.67577979  .00000015  00000+0  41914-5 0  9999
2 49213  87.9173 294.7082 0001660  67.5146 292.6164 13.20771669223414
ONEWEB-0350             
1 49214U 21083AE  26066.80449758  .00000123  00000+0  30155-3 0  9991
2 49214  87.9038 340.3855 0002012  71.0141 289.1206 13.13470349217625
ONEWEB-0351             
1 49215U 21083AF  26066.66933429 -.00000004  00000+0 -42854-4 0  9999
2 49215  87.9174 294.7076 0002322 100.5627 259.5768 13.20772794223375
ONEWEB-0352             
1 49216U 21083AG  26066.78503093 -.00000271  00000+0 -77626-3 0  9993
2 49216  87.9034 340.4058 0002000  88.5837 271.5521 13.13470365217714
ONEWEB-0354             
1 49217U 21083AH  26066.92197865 -.00000033  00000+0 -11343-3 0  9996
2 49217  87.9176 294.6569 0001711  74.5181 285.6141 13.20773001223446
ONEWEB-0355             
1 49218U 21083AJ  26066.73776530  .00000219  00000+0  56434-3 0  9992
2 49218  87.9026 340.4257 0001939  79.1212 281.0135 13.13468873217584
ONEWEB-0357             
1 49219U 21083AK  26066.69155393 -.00000064  00000+0 -19019-3 0  9994
2 49219  87.9176 294.6972 0001739  90.4318 269.7015 13.20773404223412
ONEWEB-0332             
1 49279U 21090A   26066.75362497  .00000105  00000+0  24923-3 0  9994
2 49279  87.8988 309.9479 0001561  88.2509 271.8799 13.14502285214255
ONEWEB-0347             
1 49280U 21090B   26066.68208810 -.00000003  00000+0 -38268-4 0  9993
2 49280  87.9174 294.7082 0001408  92.3036 267.8258 13.20769616217648
ONEWEB-0349             
1 49281U 21090C   26066.63790066  .00000063  00000+0  12384-3 0  9992
2 49281  87.9173 294.7169 0001616  89.1500 270.9818 13.20772881216425
ONEWEB-0353             
1 49282U 21090D   26066.66957875  .00000232  00000+0  59244-3 0  9993
2 49282  87.8993 309.9592 0001495  88.8663 271.2638 13.14502605214245
ONEWEB-0356             
1 49283U 21090E   26067.01509579  .00000107  00000+0  23222-3 0  9996
2 49283  87.9171 294.6349 0000805  68.8795 291.2425 13.20770360216478
ONEWEB-0358             
1 49284U 21090F   26066.66631213  .00000022  00000+0  22505-4 0  9998
2 49284  87.9175 294.7070 0001509  80.2055 279.9249 13.20771625217152
ONEWEB-0359             
1 49285U 21090G   26066.89042769  .00000069  00000+0  13849-3 0  9997
2 49285  87.9178 294.6599 0001766  75.6261 284.5069 13.20770250217169
ONEWEB-0360             
1 49286U 21090H   26066.88094504  .00000039  00000+0  63264-4 0  9995
2 49286  87.9175 294.6680 0001718  80.6323 279.5005 13.20769115216475
ONEWEB-0361             
1 49287U 21090J   26066.63473546  .00000052  00000+0  95827-4 0  9991
2 49287  87.9176 294.7146 0001376  79.7151 280.4137 13.20772878216896
ONEWEB-0362             
1 49288U 21090K   26066.73435664  .00000031  00000+0  44575-4 0  9993
2 49288  87.9232 325.1920 0001924  82.3435 277.7916 13.19726448213535
ONEWEB-0363             
1 49289U 21090L   26066.65053002  .00000144  00000+0  32249-3 0  9996
2 49289  87.9176 294.7123 0001382  73.7135 286.4151 13.20774968216902
ONEWEB-0364             
1 49290U 21090M   26066.91567586  .00000038  00000+0  62071-4 0  9993
2 49290  87.9163 294.6746 0001531  83.3457 276.7851 13.20771784218072
ONEWEB-0365             
1 49291U 21090N   26066.97128274  .00000003  00000+0 -24703-4 0  9990
2 49291  87.9243 325.1244 0001704  82.0512 278.0815 13.19723458213078
ONEWEB-0366             
1 49292U 21090P   26066.97088139  .00000185  00000+0  46523-3 0  9999
2 49292  87.8981 309.9091 0001613  78.8787 281.2524 13.14501855214268
ONEWEB-0367             
1 49293U 21090Q   26066.87620886  .00000056  00000+0  10551-3 0  9999
2 49293  87.9174 294.6674 0001800  87.2990 272.8350 13.20773505216455
ONEWEB-0368             
1 49294U 21090R   26066.92513473 -.00000099  00000+0 -27432-3 0  9994
2 49294  87.9166 294.6791 0000957 106.0401 254.0838 13.20772551217618
ONEWEB-0369             
1 49295U 21090S   26066.73909632  .00000045  00000+0  81267-4 0  9996
2 49295  87.9233 325.1885 0001614  81.4358 278.6957 13.19725993213038
ONEWEB-0370             
1 49296U 21090T   26066.88569245 -.00000020  00000+0 -80937-4 0  9993
2 49296  87.9174 294.6664 0001861  81.9496 278.1848 13.20771329216493
ONEWEB-0371             
1 49297U 21090U   26066.97444529  .00000057  00000+0  10934-3 0  9998
2 49297  87.9233 325.1309 0001787  81.3645 278.7690 13.19725576213100
ONEWEB-0372             
1 49298U 21090V   26066.87451012  .00000101  00000+0  21619-3 0  9995
2 49298  87.9175 294.6693 0001629  87.9447 272.1873 13.20772191216469
ONEWEB-0373             
1 49299U 21090W   26066.90146763 -.00000014  00000+0 -66565-4 0  9999
2 49299  87.9165 294.6695 0001608  80.4227 279.7088 13.20770061217659
ONEWEB-0374             
1 49300U 21090X   26066.95819224  .00000171  00000+0  42804-3 0  9997
2 49300  87.8987 309.8955 0001085  70.6034 289.5213 13.14501519214263
ONEWEB-0375             
1 49301U 21090Y   26066.88885240  .00000042  00000+0  72207-4 0  9999
2 49301  87.9177 294.6592 0001363  64.8927 295.2347 13.20772155217155
ONEWEB-0376             
1 49302U 21090Z   26066.74540552 -.00000051  00000+0 -15940-3 0  9991
2 49302  87.9245 325.1690 0001657  88.3965 271.7357 13.19727020213076
ONEWEB-0377             
1 49303U 21090AA  26066.64750448  .00000026  00000+0  32449-4 0  9992
2 49303  87.9172 294.7092 0001689  79.3743 280.7580 13.20769452217116
ONEWEB-0378             
1 49304U 21090AB  26066.89686264 -.00000158  00000+0 -41973-3 0  9993
2 49304  87.9165 294.6705 0001493  81.5675 278.5627 13.20770632216412
ONEWEB-0379             
1 49305U 21090AC  26066.72508091  .00000114  00000+0  27331-3 0  9999
2 49305  87.8991 309.9515 0001461  81.1531 278.9764 13.14502743214233
ONEWEB-0380             
1 49306U 21090AD  26066.74224751  .00000079  00000+0  16526-3 0  9994
2 49306  87.9232 325.1854 0001717  72.0235 288.1085 13.19726817213045
ONEWEB-0381             
1 49307U 21090AE  26067.02298923  .00000039  00000+0  63664-4 0  9991
2 49307  87.9174 294.6385 0001413  80.2676 279.8617 13.20769941216478
ONEWEB-0382             
1 49308U 21090AF  26066.70733276  .00000126  00000+0  27688-3 0  9993
2 49308  87.9174 294.6975 0001331  78.6218 281.5065 13.20773497216429
ONEWEB-0383             
1 49309U 21090AG  26066.94708623  .00000008  00000+0 -13718-4 0  9998
2 49309  87.8991 309.8935 0001444  81.2135 278.9158 13.14502034214290
ONEWEB-0384             
1 49310U 21090AH  26066.92599793  .00000054  00000+0  99658-4 0  9991
2 49310  87.9180 294.6967 0001063  78.9162 281.2091 13.20807350216469
ONEWEB-0385             
1 49311U 21090AJ  26066.92673350 -.00000025  00000+0 -92789-4 0  9992
2 49311  87.9176 294.6583 0001404  79.8594 280.2697 13.20771107216435
ONEWEB-0386             
1 49312U 21090AK  26066.86832754  .00000005  00000+0 -19330-4 0  9999
2 49312  87.9177 294.6547 0001335  82.9442 277.1843 13.20770091216447
ONEWEB-0387             
1 49313U 21090AL  26066.70102227  .00000016  00000+0  76786-5 0  9998
2 49313  87.9162 294.7257 0001609  73.0917 287.0392 13.20773451216423
ONEWEB-0388             
1 49314U 21090AM  26066.73750598  .00000021  00000+0  20088-4 0  9991
2 49314  87.9233 325.1829 0001535  77.0182 283.1122 13.19727258213037
ONEWEB-0389             
1 50469U 21132A   26066.82394335  .00000027  00000+0  35447-4 0  9995
2 50469  87.9147  25.9973 0001686  68.9742 291.1570 13.17648726204730
ONEWEB-0390             
1 50470U 21132B   26066.82560830  .00000079  00000+0  17120-3 0  9996
2 50470  87.9150  25.9973 0002097  78.8599 281.2768 13.17647640204736
ONEWEB-0391             
1 50471U 21132C   26066.59951095  .00000047  00000+0  87936-4 0  9996
2 50471  87.9147  26.0516 0002052  57.0897 303.0431 13.17648986204700
ONEWEB-0392             
1 50472U 21132D   26066.78175542  .00000034  00000+0  54661-4 0  9998
2 50472  87.9158  25.9752 0001774  67.8456 292.2863 13.17648720204763
ONEWEB-0393             
1 50473U 21132E   26066.83081625  .00000020  00000+0  19597-4 0  9997
2 50473  87.9157  25.9890 0001768  75.4441 284.6886 13.17650303204768
ONEWEB-0394             
1 50474U 21132F   26066.80273033  .00000002  00000+0 -28748-4 0  9990
2 50474  87.9250 355.5750 0001658  73.3510 286.7804 13.18686239208239
ONEWEB-0395             
1 50475U 21132G   26066.61605489 -.00000415  00000+0 -12080-2 0  9993
2 50475  87.8862  41.2681 0001963  76.7090 283.4256 13.11408251202406
ONEWEB-0396             
1 50476U 21132H   26067.02376211  .00000078  00000+0  16555-3 0  9993
2 50476  87.9255 355.5429 0001736  76.6833 283.4493 13.18685796208303
ONEWEB-0397             
1 50477U 21132J   26067.03860720  .00000136  00000+0  31176-3 0  9999
2 50477  87.9250 355.5403 0001591  76.9464 283.1845 13.18686460208287
ONEWEB-0398             
1 50478U 21132K   26066.43123749 -.00000061  00000+0 -20892-3 0  9998
2 50478  87.8865  41.2846 0002216  80.1938 279.9440 13.11418308202271
ONEWEB-0399             
1 50479U 21132L   26066.64655654 -.00000503  00000+0 -14559-2 0  9990
2 50479  87.8862  41.2513 0001475  69.7541 290.3745 13.11416622202293
ONEWEB-0400             
1 50480U 21132M   26066.78953468  .00000096  00000+0  21193-3 0  9999
2 50480  87.9252 355.5793 0001999  76.4340 283.7015 13.18687033208243
ONEWEB-0401             
1 50481U 21132N   26066.75817882  .00000047  00000+0  86420-4 0  9997
2 50481  87.9254 355.5809 0001594  81.5564 278.5749 13.18687373208243
ONEWEB-0402             
1 50482U 21132P   26067.02537728 -.00007088  00000+0 -18015-1 0  9993
2 50482  87.9244 355.5199 0002107  81.8145 278.3226 13.18721019208305
ONEWEB-0403             
1 50483U 21132Q   26066.74664768  .00000072  00000+0  15084-3 0  9996
2 50483  87.9254 355.5982 0001752  74.3244 285.8082 13.18686046208223
ONEWEB-0404             
1 50484U 21132R   26066.47531213 -.00000142  00000+0 -43565-3 0  9990
2 50484  87.8857  41.2926 0001772  71.7785 288.3536 13.11415785202366
ONEWEB-0405             
1 50485U 21132S   26066.76147416  .00001363  00000+0  34237-2 0  9990
2 50485  87.9255 355.5793 0002312  77.4052 282.7338 13.18677391208627
ONEWEB-0406             
1 50486U 21132T   26066.75158408  .00000036  00000+0  57726-4 0  9999
2 50486  87.9244 355.6069 0001733  62.0262 298.1045 13.18687368208252
ONEWEB-0407             
1 50487U 21132U   26066.74499251  .00000030  00000+0  43217-4 0  9997
2 50487  87.9252 355.5916 0001786  84.0189 276.1147 13.18686912208198
ONEWEB-0409             
1 50488U 21132V   26066.62620936  .00000088  00000+0  21137-3 0  9990
2 50488  87.8863  41.2436 0001856  73.6530 286.4802 13.11417789202276
ONEWEB-0412             
1 50489U 21132W   26067.03695065  .00000073  00000+0  15344-3 0  9999
2 50489  87.9253 355.5472 0001505  83.7471 276.3833 13.18686646208320
ONEWEB-0413             
1 50490U 21132X   26066.81427643  .00000067  00000+0  13701-3 0  9999
2 50490  87.9241 355.5959 0001649  87.5335 272.5986 13.18686608208234
ONEWEB-0414             
1 50491U 21132Y   26066.79941002 -.00000030  00000+0 -10783-3 0  9996
2 50491  87.9249 355.5710 0001639  78.4639 281.6677 13.18688650208263
ONEWEB-0417             
1 50492U 21132Z   26067.03528718 -.00000012  00000+0 -62263-4 0  9991
2 50492  87.9243 355.5520 0001821  71.3780 288.7550 13.18683697208274
ONEWEB-0418             
1 50493U 21132AA  26067.04505831  .00000001  00000+0 -31120-4 0  9999
2 50493  87.9255 355.5398 0001840  65.8285 294.3040 13.18684766208332
ONEWEB-0419             
1 50494U 21132AB  26066.75984542  .00000017  00000+0  11337-4 0  9991
2 50494  87.9252 355.5960 0002012  73.3662 286.7691 13.18685853208212
ONEWEB-0420             
1 50495U 21132AC  26067.02867897  .00002504  00000+0  63153-2 0  9990
2 50495  87.9221 355.5529 0001870  87.1046 273.0300 13.18708038208240
ONEWEB-0421             
1 50496U 21132AD  26066.79447634  .00000131  00000+0  29964-3 0  9994
2 50496  87.9251 355.5932 0001497  77.9613 282.1686 13.18686372208259
ONEWEB-0424             
1 50497U 21132AE  26066.75489473  .00000017  00000+0  10659-4 0  9993
2 50497  87.9252 355.5964 0002118  76.4375 283.6993 13.18686431208271
ONEWEB-0426             
1 50498U 21132AF  26066.79115873  .00000895  00000+0  22361-2 0  9993
2 50498  87.9253 355.5815 0001388  62.2667 297.8605 13.18693852208220
ONEWEB-0427             
1 50499U 21132AG  26067.05673035 -.00001231  00000+0 -31544-2 0  9993
2 50499  87.9252 355.5156 0001912  70.8451 289.2888 13.18692234208284
ONEWEB-0429             
1 50500U 21132AH  26067.04355215  .00000023  00000+0  24979-4 0  9994
2 50500  87.9249 355.5505 0001884  83.4500 276.6847 13.18686397208259
ONEWEB-0430             
1 50501U 21132AJ  26066.80437487  .00000058  00000+0  11320-3 0  9993
2 50501  87.9248 355.5953 0002117  81.0799 279.0573 13.18686745208261
ONEWEB-0432             
1 50502U 21132AK  26066.76164263  .00000038  00000+0  63652-4 0  9992
2 50502  87.9250 355.5720 0002325  64.5187 295.6185 13.18644211208215
ONEWEB-0440             
1 50503U 21132AL  26066.82416952  .00000098  00000+0  21504-3 0  9990
2 50503  87.9255 355.5806 0001504  88.7126 271.4178 13.18686284208215
ONEWEB-0450             
1 50504U 21132AM  26067.04534231  .00000060  00000+0  11930-3 0  9998
2 50504  87.9243 355.5522 0001941  86.3926 273.7428 13.18686042208276
ONEWEB-0410             
1 51622U 22012A   26066.38689003  .00000096  00000+0  21487-3 0  9999
2 51622  87.9157  26.0625 0001863  36.8237 323.3022 13.17649220200296
ONEWEB-0411             
1 51623U 22012B   26066.68658764 -.00000627  00000+0 -18313-2 0  9998
2 51623  87.8770  56.4725 0002422  90.2571 269.8834 13.10372392195993
ONEWEB-0415             
1 51624U 22012C   26066.53055718 -.00000608  00000+0 -17768-2 0  9995
2 51624  87.8768  56.5063 0002130  87.1441 272.9930 13.10372277195976
ONEWEB-0416             
1 51625U 22012D   26066.69489223 -.00000444  00000+0 -13072-2 0  9997
2 51625  87.8772  56.4943 0002231  79.5324 280.6054 13.10375250196030
ONEWEB-0422             
1 51626U 22012E   26066.85262867 -.00000028  00000+0 -10648-3 0  9994
2 51626  87.9162  25.9728 0001787 102.5951 257.5381 13.17648353200468
ONEWEB-0423             
1 51627U 22012F   26066.61805324 -.00000563  00000+0 -14843-2 0  9994
2 51627  87.9159  26.0288 0001392  89.1212 271.0079 13.17650681200327
ONEWEB-0425             
1 51628U 22012G   26066.39943076 -.00000025  00000+0 -10671-3 0  9996
2 51628  87.8780  56.5307 0001645  77.8537 282.2775 13.10376551195999
ONEWEB-0428             
1 51629U 22012H   26066.53221292 -.00000680  00000+0 -19845-2 0  9990
2 51629  87.8767  56.5173 0001795  88.3805 271.7528 13.10372826195975
ONEWEB-0431             
1 51630U 22012J   26066.96038431  .00000651  00000+0  18275-2 0  9992
2 51630  87.8775  56.4170 0002412  93.1886 266.9518 13.10372103196088
ONEWEB-0434             
1 51631U 22012K   26066.47924874  .00000173  00000+0  46037-3 0  9991
2 51631  87.8770  56.5415 0001423  67.0676 293.0602 13.10376836196009
ONEWEB-0435             
1 51632U 22012L   26066.48742256  .00000474  00000+0  13213-2 0  9998
2 51632  87.8770  56.5302 0001773  97.7983 262.3345 13.10374900195994
ONEWEB-0436             
1 51633U 22012M   26066.38180818  .00000041  00000+0  73056-4 0  9991
2 51633  87.9159  26.0536 0001917  87.7565 272.3786 13.17650317200277
ONEWEB-0438             
1 51634U 22012N   26066.47080056 -.00000247  00000+0 -74429-3 0  9999
2 51634  87.8771  56.5347 0001722  80.2646 279.8676 13.10376433196021
ONEWEB-0439             
1 51635U 22012P   26066.47413268 -.00000089  00000+0 -29124-3 0  9991
2 51635  87.8769  56.5232 0001714  86.8252 273.3072 13.10376477196003
ONEWEB-0442             
1 51636U 22012Q   26066.82985125 -.00000004  00000+0 -43643-4 0  9997
2 51636  87.9146  26.0043 0001790  60.8398 299.2913 13.17648278200323
ONEWEB-0443             
1 51637U 22012R   26066.62143195  .00000087  00000+0  19083-3 0  9998
2 51637  87.9148  26.0482 0001464  84.7704 275.3595 13.17650511200343
ONEWEB-0444             
1 51638U 22012S   26066.46415619 -.00000501  00000+0 -14720-2 0  9999
2 51638  87.8772  56.5239 0001780  87.4317 272.7014 13.10375267196015
ONEWEB-0445             
1 51639U 22012T   26066.48576476  .00000508  00000+0  14200-2 0  9999
2 51639  87.8780  56.4985 0002047  84.5264 275.6097 13.10374932196020
ONEWEB-0446             
1 51640U 22012U   26066.46249362 -.00000637  00000+0 -18602-2 0  9995
2 51640  87.8768  56.5404 0001962  83.7789 276.3562 13.10374091196002
ONEWEB-0448             
1 51641U 22012V   26066.69654941 -.00000400  00000+0 -11821-2 0  9998
2 51641  87.8771  56.4921 0001794  88.2419 271.8914 13.10376122196001
ONEWEB-0449             
1 51642U 22012W   26066.70153267 -.00000216  00000+0 -65522-3 0  9999
2 51642  87.8780  56.4693 0001514  73.6714 286.4580 13.10376727196017
ONEWEB-0451             
1 51643U 22012X   26066.83406622  .00000053  00000+0  10274-3 0  9991
2 51643  87.9155  25.9592 0001718  79.3078 280.8247 13.17649330200313
ONEWEB-0452             
1 51644U 22012Y   26066.37676708 -.00000004  00000+0 -43714-4 0  9999
2 51644  87.9148  26.0969 0001550  80.0789 280.0517 13.17649396200266
ONEWEB-0456             
1 51646U 22012AA  26066.71150422  .00000305  00000+0  83620-3 0  9990
2 51646  87.8791  56.4455 0001836  91.2581 268.8757 13.10375716196055
ONEWEB-0457             
1 51647U 22012AB  26066.53553198 -.00000884  00000+0 -25680-2 0  9993
2 51647  87.8769  56.5135 0002058  75.0484 285.0871 13.10374536196031
ONEWEB-0458             
1 51648U 22012AC  26066.70984725  .00000191  00000+0  51197-3 0  9999
2 51648  87.8780  56.4590 0001673  84.9400 275.1918 13.10376346196019
ONEWEB-0461             
1 51649U 22012AD  26066.47462403 -.00000038  00000+0 -13185-3 0  9995
2 51649  87.9168  26.0458 0002018  77.7101 282.4256 13.17648789200493
ONEWEB-0463             
1 51650U 22012AE  26066.83575790 -.00000033  00000+0 -11713-3 0  9991
2 51650  87.9149  26.0068 0001989  79.1109 281.0246 13.17648742200326
ONEWEB-0464             
1 51651U 22012AF  26066.47744568 -.00000034  00000+0 -13275-3 0  9999
2 51651  87.8760  56.5323 0001621  88.5891 271.5422 13.10376585196007
ONEWEB-0468             
1 51652U 22012AG  26066.48409062  .00000404  00000+0  11197-2 0  9997
2 51652  87.8770  56.5272 0001675  95.8443 264.2876 13.10375082195984
ONEWEB-0473             
1 51653U 22012AH  26066.69820720 -.00000474  00000+0 -13927-2 0  9991
2 51653  87.8773  56.4863 0001699  87.3755 272.7567 13.10375394196013
ONEWEB-0474             
1 51654U 22012AJ  26066.68990932 -.00000672  00000+0 -19602-2 0  9990
2 51654  87.8778  56.4630 0001711  94.7023 265.4300 13.10373792196009
ONEWEB-0475             
1 51655U 22012AK  26066.61975984 -.00000042  00000+0 -14115-3 0  9990
2 51655  87.9149  26.0413 0001312  97.3384 262.7896 13.17648758200315
ONEWEB-0490             
1 54113U 22138A   26066.99497759 -.00000035  00000+0 -11996-3 0  9997
2 54113  87.9239 325.1240 0001676  86.0137 274.1187 13.19725719163483
ONEWEB-0492             
1 54114U 22138B   26066.71698117  .00000028  00000+0  37410-4 0  9999
2 54114  87.9232 325.1876 0001895  85.4498 274.6851 13.19727265163456
ONEWEB-0495             
1 54115U 22138C   26066.77067665  .00000026  00000+0  32768-4 0  9993
2 54115  87.9231 325.1783 0001752 103.3271 256.8057 13.19727448163446
ONEWEB-0497             
1 54116U 22138D   26067.01076898  .00000098  00000+0  21328-3 0  9998
2 54116  87.9234 325.1211 0001697  81.7768 278.3557 13.19726442163463
ONEWEB-0499             
1 54117U 22138E   26066.99418738  .00000115  00000+0  25387-3 0  9997
2 54117  87.9232 325.1344 0001503  82.6058 277.5245 13.19725237163474
ONEWEB-0500             
1 54118U 22138F   26066.99655011  .00000032  00000+0  48832-4 0  9994
2 54118  87.9233 325.1234 0001752  78.4670 281.6659 13.19726775163487
ONEWEB-0501             
1 54119U 22138G   26066.95075703  .00000061  00000+0  11894-3 0  9994
2 54119  87.9231 325.1336 0001649  92.4442 267.6879 13.19726041163458
ONEWEB-0502             
1 54120U 22138H   26066.70908356 -.00000026  00000+0 -96456-4 0  9999
2 54120  87.9243 325.1661 0001464  87.8778 272.2523 13.19725669163441
ONEWEB-0503             
1 54121U 22138J   26067.00129358  .00000028  00000+0  37259-4 0  9997
2 54121  87.9240 325.1119 0001411  74.5452 285.5836 13.19726086163472
ONEWEB-0504             
1 54122U 22138K   26066.98866298  .00000104  00000+0  22780-3 0  9992
2 54122  87.9235 325.1252 0001531  86.5774 273.5533 13.19725974163485
ONEWEB-0505             
1 54123U 22138L   26066.75805205  .00000018  00000+0  13185-4 0  9993
2 54123  87.9243 325.1669 0001548  98.1463 261.9846 13.19725731163433
ONEWEB-0506             
1 54124U 22138M   26066.73277858  .00000065  00000+0  12933-3 0  9990
2 54124  87.9244 325.1689 0001574  89.4085 270.7228 13.19727241163428
ONEWEB-0507             
1 54125U 22138N   26066.75330514 -.00000024  00000+0 -92183-4 0  9995
2 54125  87.9233 325.1872 0001650  87.3273 272.8049 13.19726148163476
ONEWEB-0508             
1 54126U 22138P   26066.97759786  .00000084  00000+0  17719-3 0  9991
2 54126  87.9233 325.1416 0001846  94.8131 265.3213 13.19724479163480
ONEWEB-0509             
1 54127U 22138Q   26066.72487837  .00000063  00000+0  12436-3 0  9998
2 54127  87.9243 325.1714 0001687  84.2834 275.8491 13.19724640163427
ONEWEB-0510             
1 54128U 22138R   26066.92040668 -.00000032  00000+0 -11146-3 0  9993
2 54128  87.9173 294.6554 0001668  68.6190 291.5122 13.20769625165918
ONEWEB-0511             
1 54129U 22138S   26066.94916676  .00000005  00000+0 -18889-4 0  9998
2 54129  87.9242 325.1310 0001413  77.1203 283.0087 13.19726468163486
ONEWEB-0512             
1 54130U 22138T   26066.94126430 -.00000108  00000+0 -30233-3 0  9992
2 54130  87.9232 325.1465 0001489  91.4494 268.6809 13.19723919163458
ONEWEB-0513             
1 54131U 22138U   26066.98828674  .00000041  00000+0  70031-4 0  9991
2 54131  87.9245 325.0923 0001123 112.1061 248.0192 13.20261511163361
ONEWEB-0514             
1 54132U 22138V   26066.72961091  .00000045  00000+0  80258-4 0  9991
2 54132  87.9235 325.1776 0001641  75.6655 284.4660 13.19726892163444
ONEWEB-0515             
1 54133U 22138W   26066.90777951  .00000065  00000+0  12769-3 0  9995
2 54133  87.9176 294.6468 0002399  72.0359 288.1036 13.20773171165938
ONEWEB-0516             
1 54134U 22138X   26066.70434650 -.00000014  00000+0 -68266-4 0  9990
2 54134  87.9228 325.1950 0001755  85.4515 274.6818 13.19725628163444
ONEWEB-0517             
1 54135U 22138Y   26066.75962367  .00000042  00000+0  73340-4 0  9995
2 54135  87.9237 325.1722 0001390  74.9526 285.1760 13.19726975163452
ONEWEB-0518             
1 54136U 22138Z   26066.77857571 -.00000016  00000+0 -72483-4 0  9998
2 54136  87.9230 325.1810 0001654  84.9496 275.1826 13.19723446163456
ONEWEB-0519             
1 54137U 22138AA  26066.72804051  .00000037  00000+0  60974-4 0  9992
2 54137  87.9241 325.1711 0001477  76.9024 283.2274 13.19726630163455
ONEWEB-0520             
1 54138U 22138AB  26066.76278969 -.00000019  00000+0 -79603-4 0  9991
2 54138  87.9241 325.1701 0001634  90.1398 269.9922 13.19725500163447
ONEWEB-0521             
1 54139U 22138AC  26066.94758724 -.00000030  00000+0 -10662-3 0  9996
2 54139  87.9242 325.1177 0001516  73.0921 287.0378 13.19726293163410
ONEWEB-0522             
1 54140U 22138AD  26066.77541569 -.00000001  00000+0 -34999-4 0  9994
2 54140  87.9239 325.1531 0001619  84.1421 275.9896 13.19727488163434
ONEWEB-0523             
1 54141U 22138AE  26066.66788480  .00000087  00000+0  18083-3 0  9995
2 54141  87.9175 294.7093 0001949  60.9612 299.1717 13.20773309165907
ONEWEB-0524             
1 54142U 22138AF  26066.65683825  .00000019  00000+0  15747-4 0  9992
2 54142  87.9168 294.7109 0002465  78.8999 281.2412 13.20769403165902
ONEWEB-0525             
1 54143U 22138AG  26066.94600900  .00000053  00000+0  10100-3 0  9993
2 54143  87.9233 325.1339 0001687  89.1849 270.9477 13.19726155163475
ONEWEB-0526             
1 54144U 22138AH  26066.75172751 -.00000005  00000+0 -45533-4 0  9999
2 54144  87.9244 325.1671 0001718  82.8657 277.2671 13.19723795163427
ONEWEB-0529             
1 54145U 22138AJ  26066.75489051 -.00000013  00000+0 -65349-4 0  9990
2 54145  87.9234 325.1845 0001712  88.7811 271.3518 13.19725885163440
ONEWEB-0531             
1 54146U 22138AK  26066.64263137 -.00000008  00000+0 -51017-4 0  9995
2 54146  87.9174 294.7114 0002276  65.0719 295.0651 13.20772939165903
ONEWEB-0535             
1 54147U 22138AL  26066.71224090 -.00000031  00000+0 -10876-3 0  9992
2 54147  87.9240 325.1695 0001670  68.2552 291.8759 13.19726631163455
ONEWEB-0536             
1 54148U 22138AM  26066.63000601 -.00000051  00000+0 -15711-3 0  9999
2 54148  87.9163 294.7486 0002386  65.7769 294.3613 13.20772669165897
ONEWEB-0527             
1 54642U 22166A   26066.58616486 -.00000047  00000+0 -14573-3 0  9997
2 54642  87.9165 264.2579 0001647  91.9780 268.1543 13.21825350158111
ONEWEB-0528             
1 54643U 22166B   26066.97121695  .00000057  00000+0  10616-3 0  9997
2 54643  87.9163 264.1847 0001646  93.5919 266.5403 13.21826830158175
ONEWEB-0539             
1 54644U 22166C   26066.78198501  .00000024  00000+0  26798-4 0  9990
2 54644  87.9168 264.1884 0001440  95.2271 264.9027 13.21826302158149
ONEWEB-0540             
1 54645U 22166D   26066.94008777  .00000017  00000+0  90884-5 0  9994
2 54645  87.9164 264.1933 0001490  89.5310 270.5995 13.21823827158153
ONEWEB-0542             
1 54646U 22166E   26066.79184466  .00000035  00000+0  54433-4 0  9997
2 54646  87.9173 264.1826 0001277  90.1498 269.9783 13.21823477158140
ONEWEB-0545             
1 54647U 22166F   26066.60590487 -.00000064  00000+0 -18690-3 0  9990
2 54647  87.9166 264.2397 0001075  84.2256 275.9000 13.21826039158088
ONEWEB-0580             
1 54648U 22166G   26066.80667161  .00000039  00000+0  61880-4 0  9997
2 54648  87.9163 264.1994 0001315  82.9345 277.1938 13.21825494158155
ONEWEB-0582             
1 54649U 22166H   26067.00084632 -.00000040  00000+0 -12763-3 0  9996
2 54649  87.9163 264.1536 0001177  86.0032 274.1236 13.21825800158151
ONEWEB-0583             
1 54650U 22166J   26067.01235619  .00000053  00000+0  96235-4 0  9991
2 54650  87.9162 264.1745 0001504  94.6213 265.5093 13.21826516158165
ONEWEB-0584             
1 54651U 22166K   26066.57793526  .00000000  00000+0 -30673-4 0  9995
2 54651  87.9162 264.2488 0001342  81.9914 278.1372 13.21826214158095
ONEWEB-0585             
1 54652U 22166L   26066.60260473 -.00000012  00000+0 -59672-4 0  9994
2 54652  87.9163 264.2284 0001754  91.2859 268.8476 13.21823664158109
ONEWEB-0586             
1 54653U 22166M   26066.99426697  .00000003  00000+0 -24295-4 0  9991
2 54653  87.9163 264.1757 0001422  93.0851 267.0445 13.21825112158150
ONEWEB-0587             
1 54654U 22166N   26067.00411747 -.00000043  00000+0 -13576-3 0  9999
2 54654  87.9173 264.1372 0002006  95.0828 265.0535 13.21828250158312
ONEWEB-0589             
1 54655U 22166P   26066.99095140  .00000011  00000+0 -50609-5 0  9996
2 54655  87.9161 264.1654 0000923  64.6395 295.4834 13.21826644158178
ONEWEB-0590             
1 54656U 22166Q   26066.56132924  .00000040  00000+0  65617-4 0  9997
2 54656  87.9170 264.2310 0001801  77.2479 282.8856 13.21827343158102
ONEWEB-0591             
1 54657U 22166R   26066.57298799  .00000004  00000+0 -21472-4 0  9994
2 54657  87.9166 264.2502 0001610  88.3193 271.8125 13.21824097158138
ONEWEB-0592             
1 54658U 22166S   26066.57627660  .00000035  00000+0  53701-4 0  9991
2 54658  87.9172 264.2202 0001576  89.0347 271.0967 13.21827767158013
ONEWEB-0593             
1 54659U 22166T   26066.97780212  .00000001  00000+0 -28072-4 0  9996
2 54659  87.9166 264.1591 0001454  94.5393 265.5907 13.21826902158173
ONEWEB-0594             
1 54660U 22166U   26066.99753319 -.00000301  00000+0 -76039-3 0  9997
2 54660  87.9163 264.1732 0001696  93.7894 266.3434 13.21825066158190
ONEWEB-0595             
1 54661U 22166V   26066.97449891  .00000094  00000+0  19716-3 0  9999
2 54661  87.9172 264.1502 0001804  90.2486 269.8855 13.21827616158161
ONEWEB-0596             
1 54662U 22166W   26066.56968990  .00000010  00000+0 -77218-5 0  9993
2 54662  87.9166 264.2490 0001673  90.2072 269.9254 13.21823589158111
ONEWEB-0597             
1 54663U 22166X   26067.00577960 -.00000050  00000+0 -15322-3 0  9998
2 54663  87.9164 264.1666 0001465  89.6983 270.4319 13.21826400158176
ONEWEB-0600             
1 54664U 22166Y   26066.98766765 -.00000007  00000+0 -48086-4 0  9994
2 54664  87.9163 264.1613 0001508  99.3288 260.8017 13.21823872158147
ONEWEB-0601             
1 54665U 22166Z   26066.97945285  .00000029  00000+0  37520-4 0  9993
2 54665  87.9163 264.1803 0001311  86.0765 274.0519 13.21825943158330
ONEWEB-0602             
1 54666U 22166AA  26066.94406224  .00000013  00000+0 -85195-6 0  9993
2 54666  87.9166 264.1929 0001476 102.8246 257.3053 13.21823890158174
ONEWEB-0603             
1 54667U 22166AB  26066.57133406 -.00000204  00000+0 -52649-3 0  9990
2 54667  87.9173 264.2133 0001444  90.0947 270.0352 13.21824583158053
ONEWEB-0604             
1 54668U 22166AC  26066.78690495 -.00000179  00000+0 -46442-3 0  9995
2 54668  87.9176 264.1846 0001683  92.6861 267.4465 13.21825344158045
ONEWEB-0605             
1 54669U 22166AD  26066.55323494 -.00000007  00000+0 -49523-4 0  9997
2 54669  87.9165 264.2550 0001359  69.3464 290.7816 13.21823842158081
ONEWEB-0606             
1 54670U 22166AE  26066.57463902  .00000056  00000+0  10489-3 0  9990
2 54670  87.9167 264.2638 0001781  90.2584 269.8754 13.21826831158143
ONEWEB-0607             
1 54671U 22166AF  26066.99591385 -.00000019  00000+0 -77085-4 0  9991
2 54671  87.9169 264.1438 0001436  90.8725 269.2574 13.21825803158178
ONEWEB-0608             
1 54672U 22166AG  26067.00247373  .00000008  00000+0 -12354-4 0  9995
2 54672  87.9174 264.1362 0001155  77.1322 282.9941 13.21827648158180
ONEWEB-0610             
1 54673U 22166AH  26066.98272210  .00000019  00000+0  15611-4 0  9990
2 54673  87.9163 264.1649 0000933  81.8750 278.2490 13.21826543158086
ONEWEB-0611             
1 54674U 22166AJ  26066.97615714  .00000032  00000+0  46659-4 0  9991
2 54674  87.9166 264.1628 0001731  94.0477 266.0854 13.21828109158074
ONEWEB-0612             
1 54675U 22166AK  26066.98932961  .00000055  00000+0  10115-3 0  9991
2 54675  87.9174 264.1442 0001430  87.9061 272.2237 13.21826743158069
ONEWEB-0615             
1 54676U 22166AL  26066.96957983  .00000075  00000+0  15071-3 0  9999
2 54676  87.9163 264.1720 0001559  91.5811 268.5502 13.21826088158079
ONEWEB-0655             
1 54677U 22166AM  26066.56641173  .00000379  00000+0  88715-3 0  9999
2 54677  87.9163 264.2546 0001409 100.3494 259.7799 13.21828212158012
ONEWEB-0659             
1 54678U 22166AN  26066.96136519  .00006787  00000+0  16397-1 0  9991
2 54678  87.9164 264.1764 0001443  75.2193 284.9100 13.21796225158158
ONEWEB-0685             
1 54679U 22166AP  26066.96173383  .00000061  00000+0  11599-3 0  9992
2 54679  87.9161 264.1716 0001405  92.6235 267.5060 13.21812328158044
ONEWEB-0712             
1 54680U 22166AQ  26066.75606968 -.00000091  00000+0 -27244-3 0  9990
2 54680  87.9007 248.9484 0001521 115.2210 244.9079 13.16593676158710
ONEWEB-0714             
1 54681U 22166AR  26066.96792287  .00000046  00000+0  79946-4 0  9999
2 54681  87.9166 264.1652 0001418  94.7393 265.3903 13.21824468158166
ONEWEB-0532             
1 55140U 23004A   26066.88637196  .00000013  00000+0 -95067-6 0  9999
2 55140  87.9160  25.9785 0001929  70.4105 289.7234 13.17649470154245
ONEWEB-0533             
1 55141U 23004B   26066.75703951  .00000422  00000+0  11370-2 0  9993
2 55141  87.9007  10.7980 0001610  77.5007 282.6302 13.12441768154750
ONEWEB-0541             
1 55142U 23004C   26066.63129519 -.00000152  00000+0 -46473-3 0  9998
2 55142  87.8863  41.2430 0001942  81.3817 278.7531 13.11415419152637
ONEWEB-0543             
1 55143U 23004D   26066.79282905  .00000013  00000+0  85358-6 0  9997
2 55143  87.9230 355.6167 0001722  87.0059 273.1271 13.18687261156337
ONEWEB-0544             
1 55144U 23004E   26066.78622944  .00000138  00000+0  31679-3 0  9990
2 55144  87.9240 355.6148 0002034  83.3738 276.7626 13.18687080156330
ONEWEB-0560             
1 55145U 23004F   26066.77963268  .00000041  00000+0  72469-4 0  9993
2 55145  87.9243 355.6058 0001946  83.8152 276.3201 13.18687029156349
ONEWEB-0565             
1 55146U 23004G   26066.77301711 -.00000844  00000+0 -21732-2 0  9991
2 55146  87.9226 355.6451 0002344  76.4992 283.6401 13.18689645156339
ONEWEB-0567             
1 55147U 23004H   26066.76643788  .00000122  00000+0  27712-3 0  9996
2 55147  87.9244 355.6199 0002199  81.2204 278.9177 13.18686038156337
ONEWEB-0569             
1 55148U 23004J   26066.99664145 -.00000025  00000+0 -10396-3 0  9996
2 55148  87.9051 340.3405 0002423  95.1383 265.0022 13.13469453156899
ONEWEB-0570             
1 55149U 23004K   26066.75653433  .00000032  00000+0  47267-4 0  9993
2 55149  87.9241 355.6205 0002013  66.0598 294.0745 13.18686601156321
ONEWEB-0571             
1 55150U 23004L   26067.05343647  .00000100  00000+0  21972-3 0  9992
2 55150  87.9245 355.5607 0003033  82.5806 277.5671 13.18683787156371
ONEWEB-0572             
1 55151U 23004M   26066.38518358  .00000075  00000+0  16129-3 0  9990
2 55151  87.9149  26.0819 0002063  79.4683 280.6681 13.17647696154079
ONEWEB-0573             
1 55152U 23004N   26067.04685512  .00000027  00000+0  36640-4 0  9990
2 55152  87.9237 355.5641 0002575  71.1760 288.9651 13.18686304156366
ONEWEB-0588             
1 55153U 23004P   26067.04025591  .00002451  00000+0  61841-2 0  9998
2 55153  87.9240 355.5658 0002206  69.0261 291.1106 13.18678104156362
ONEWEB-0598             
1 55154U 23004Q   26066.68556449  .00000494  00000+0  13572-2 0  9992
2 55154  87.8858  41.2533 0002393  91.0712 269.0690 13.11415485152598
ONEWEB-0599             
1 55155U 23004R   26066.87793106  .00000025  00000+0  32408-4 0  9998
2 55155  87.9144  25.9833 0001866  87.7156 272.4189 13.17647727154144
ONEWEB-0614             
1 55156U 23004S   26066.68047440  .00000542  00000+0  14940-2 0  9994
2 55156  87.8856  41.2624 0001789  72.2411 287.8912 13.11416712152537
ONEWEB-0616             
1 55157U 23004T   26066.38857044  .00000048  00000+0  90611-4 0  9993
2 55157  87.9155  26.0808 0001675 112.2916 247.8393 13.17649556154299
ONEWEB-0617             
1 55158U 23004U   26066.43971426  .00000131  00000+0  33385-3 0  9998
2 55158  87.8869  41.2939 0002024  74.5156 285.6195 13.11418122152521
ONEWEB-0618             
1 55159U 23004V   26066.44505974  .00009712  00000+0  56430-3 0  9991
2 55159  86.9061 218.8865 0011174 318.6678  41.3714 15.11929152166883
ONEWEB-0619             
1 55160U 23004W   26066.80032012  .00000034  00000+0  54117-4 0  9990
2 55160  87.9156  25.9726 0001392  77.9054 282.2234 13.17648724154245
ONEWEB-0620             
1 55161U 23004X   26066.66351924 -.00000008  00000+0 -59591-4 0  9995
2 55161  87.8857  41.2653 0002098  81.6399 278.4966 13.11417729152522
ONEWEB-0621             
1 55162U 23004Y   26066.61435814  .00000401  00000+0  10951-2 0  9992
2 55162  87.8869  41.2549 0001705  76.6035 283.5283 13.11416078152496
ONEWEB-0622             
1 55163U 23004Z   26066.46683791  .00000275  00000+0  73893-3 0  9999
2 55163  87.8861  41.2863 0002139  62.9702 297.1644 13.11416323152461
ONEWEB-0623             
1 55164U 23004AA  26066.79525679  .00000056  00000+0  11078-3 0  9990
2 55164  87.9148  26.0149 0001658  57.8785 302.2508 13.17649081154237
ONEWEB-0624             
1 55165U 23004AB  26066.76055418  .00000347  00000+0  92149-3 0  9998
2 55165  87.8998  10.7348 0001735  73.7348 286.3972 13.12922799154769
ONEWEB-0625             
1 55166U 23004AC  26066.78513211  .00000029  00000+0  41387-4 0  9997
2 55166  87.9147  26.0110 0001732  85.5732 274.5598 13.17649147154221
ONEWEB-0626             
1 55167U 23004AD  26066.85092228  .00001098  00000+0  27940-2 0  9990
2 55167  87.9163  25.9964 0002479  86.5579 273.5836 13.17662022154236
ONEWEB-0627             
1 55168U 23004AE  26066.38351364  .00000093  00000+0  20650-3 0  9994
2 55168  87.9143  26.0912 0001708  64.3227 295.8081 13.17650634154176
ONEWEB-0628             
1 55169U 23004AF  26066.78088529 -.00000291  00000+0 -84310-3 0  9994
2 55169  87.8999  10.7791 0001480  56.3212 303.8057 13.12441243154736
ONEWEB-0629             
1 55170U 23004AG  26066.81464039  .00000026  00000+0  33125-4 0  9997
2 55170  87.9144  26.0025 0001487  80.0602 280.0698 13.17647597154232
ONEWEB-0631             
1 55171U 23004AH  26066.80601714  .00000050  00000+0  93962-4 0  9992
2 55171  87.9251 355.5685 0002266  75.0383 285.1000 13.18683420156310
ONEWEB-0709             
1 55172U 23004AJ  26066.88223629 -.00000438  00000+0 -12709-2 0  9996
2 55172  87.8856  41.2254 0002672  90.7310 269.4125 13.11416295152593
ONEWEB-0710             
1 55173U 23004AK  26066.82898870  .00000029  00000+0  41187-4 0  9995
2 55173  87.9149  25.9949 0001873  75.0785 285.0554 13.17648066154236
ONEWEB-0711             
1 55174U 23004AL  26066.47193079  .00000029  00000+0  46264-4 0  9997
2 55174  87.8865  41.2885 0001850  59.6114 300.5196 13.11414783152504
ONEWEB-0713             
1 55175U 23004AM  26066.87205725 -.00000538  00000+0 -15541-2 0  9993
2 55175  87.8866  41.2083 0001830  70.4697 289.6629 13.11415748152545
ONEWEB-0715             
1 55176U 23004AN  26066.63808217 -.00000368  00000+0 -10754-2 0  9995
2 55176  87.8860  41.2552 0002538  81.1420 278.9995 13.11415544152552
ONEWEB-0716             
1 55177U 23004AP  26066.82225992  .00000026  00000+0  33884-4 0  9990
2 55177  87.9146  25.9962 0001740  87.4634 272.6697 13.17648600154239
ONEWEB-0717             
1 55178U 23004AQ  26066.88131089  .00000009  00000+0 -91108-5 0  9996
2 55178  87.9157  25.9641 0002012  60.9007 299.2326 13.17648434154294
ONEWEB-0719             
1 55179U 23004AR  26066.81548806  .00000014  00000+0  36446-5 0  9998
2 55179  87.9157  25.9583 0001652  83.2012 276.9308 13.17651357154237
ONEWEB-0530             
1 55796U 23029A   26066.65210321  .00000082  00000+0  16958-3 0  9999
2 55796  87.9166 294.7521 0001419  65.9138 294.2144 13.20772691147745
ONEWEB-0534             
1 55797U 23029B   26066.71523656  .00000011  00000+0 -37996-5 0  9995
2 55797  87.9164 294.7383 0001541  88.5040 271.6270 13.20772537147758
ONEWEB-0556             
1 55798U 23029C   26066.87306753 -.00000003  00000+0 -39377-4 0  9996
2 55798  87.9164 294.7091 0000793 111.8802 248.2416 13.20771472147770
ONEWEB-0562             
1 55799U 23029D   26066.63316528 -.00000017  00000+0 -74410-4 0  9994
2 55799  87.9164 294.7369 0000995  51.9099 308.2123 13.20772164147743
ONEWEB-0563             
1 55800U 23029E   26067.00563327  .00000015  00000+0  56012-5 0  9995
2 55800  87.9163 294.6929 0001557  98.5181 261.6129 13.20772606147783
ONEWEB-0564             
1 55801U 23029F   26066.69629590 -.00000063  00000+0 -18805-3 0  9996
2 55801  87.9163 294.7269 0001355  70.2329 289.8950 13.20772486147756
ONEWEB-0638             
1 55802U 23029G   26066.92806301 -.00000161  00000+0 -46770-3 0  9991
2 55802  87.8981 309.9652 0001052  80.4410 279.6838 13.14503274146095
ONEWEB-0639             
1 55803U 23029H   26066.74068069  .00000538  00000+0  13115-2 0  9995
2 55803  87.9229 325.1895 0002323 105.3023 254.8367 13.19723126145524
ONEWEB-0640             
1 55804U 23029J   26066.70921771 -.00000164  00000+0 -47679-3 0  9990
2 55804  87.8980 309.9989 0001082 105.8819 254.2430 13.14501474146083
ONEWEB-0641             
1 55805U 23029K   26066.96338583 -.00000296  00000+0 -77207-3 0  9998
2 55805  87.9242 325.1316 0001926  82.8448 277.2904 13.19727848145562
ONEWEB-0642             
1 55806U 23029L   26066.73117835  .00002560  00000+0  63593-2 0  9995
2 55806  87.9229 325.1928 0002060  81.6962 278.4404 13.19745244145529
ONEWEB-0643             
1 55807U 23029M   26066.90744890 -.00000005  00000+0 -47821-4 0  9994
2 55807  87.8984 309.9472 0002187  91.1729 268.9651 13.14502208146084
ONEWEB-0644             
1 55808U 23029N   26066.95391518  .00000028  00000+0  37181-4 0  9996
2 55808  87.9223 325.1553 0001987  88.3979 271.7381 13.19726282145552
ONEWEB-0645             
1 55809U 23029P   26066.97602284  .00000049  00000+0  90261-4 0  9995
2 55809  87.9230 325.1429 0001649  97.5522 262.5798 13.19724218145551
ONEWEB-0646             
1 55810U 23029Q   26066.76593296  .00000305  00000+0  72884-3 0  9991
2 55810  87.9227 325.1849 0001932  86.3172 273.8182 13.19726543145518
ONEWEB-0648             
1 55811U 23029R   26066.95184832  .00000151  00000+0  37167-3 0  9999
2 55811  87.8986 309.9030 0001917 111.1734 248.9601 13.14502416146095
ONEWEB-0649             
1 55812U 23029S   26066.79120934  .00000096  00000+0  20753-3 0  9996
2 55812  87.9231 325.1769 0001681  91.6680 268.4645 13.19725790145551
ONEWEB-0650             
1 55813U 23029T   26066.93810257  .00000051  00000+0  95705-4 0  9998
2 55813  87.9229 325.1505 0001959  92.7164 267.4193 13.19728064145547
ONEWEB-0652             
1 55814U 23029U   26066.70446439 -.00000241  00000+0 -68407-3 0  9992
2 55814  87.8982 309.9675 0001598  75.7305 284.4002 13.14501762146030
ONEWEB-0653             
1 55815U 23029V   26066.68860538 -.00000121  00000+0 -35990-3 0  9998
2 55815  87.8990 309.9613 0001410  78.1916 281.9372 13.14501935146067
ONEWEB-0654             
1 55816U 23029W   26066.68384734 -.00000046  00000+0 -15767-3 0  9994
2 55816  87.8983 309.9617 0001515  68.1000 292.0290 13.14502517146084
ONEWEB-0656             
1 55817U 23029X   26066.68998384 -.00000068  00000+0 -19814-3 0  9998
2 55817  87.9176 294.6944 0001443  68.7087 291.4200 13.20772446147750
ONEWEB-0657             
1 55818U 23029Y   26066.78174781  .00000041  00000+0  69748-4 0  9998
2 55818  87.9233 325.1803 0002205  64.5273 295.6088 13.19725650145534
ONEWEB-0658             
1 55819U 23029Z   26066.77700732 -.00000006  00000+0 -47015-4 0  9995
2 55819  87.9243 325.1476 0001979  89.3926 270.7434 13.19725727145544
ONEWEB-0660             
1 55820U 23029AA  26066.96612427  .00000085  00000+0  19414-3 0  9997
2 55820  87.8991 309.8925 0001391  93.5764 266.5525 13.14503200146100
ONEWEB-0661             
1 55821U 23029AB  26066.92488596 -.00000298  00000+0 -83910-3 0  9992
2 55821  87.8984 309.9565 0001344  90.2354 269.8930 13.14502195146086
ONEWEB-0662             
1 55822U 23029AC  26066.73142545  .00000290  00000+0  74830-3 0  9994
2 55822  87.8980 310.0025 0001499  92.1286 268.0016 13.14502687146108
ONEWEB-0663             
1 55823U 23029AD  26066.65548219  .00000048  00000+0  86330-4 0  9994
2 55823  87.9180 294.7739 0001654 100.7661 259.3659 13.20862288147748
ONEWEB-0664             
1 55824U 23029AE  26066.67734731  .00000021  00000+0  18880-4 0  9999
2 55824  87.9166 294.7618 0001106  90.1721 269.9539 13.20774986147741
ONEWEB-0665             
1 55825U 23029AF  26066.92171953 -.00000198  00000+0 -56972-3 0  9999
2 55825  87.8985 309.9376 0001545  92.7952 267.3354 13.14501669146106
ONEWEB-0666             
1 55826U 23029AG  26066.89831666  .00000133  00000+0  29415-3 0  9999
2 55826  87.9165 294.7077 0002035  66.5108 293.6239 13.20772443147780
ONEWEB-0667             
1 55827U 23029AH  26066.66473813  .00000017  00000+0  90276-5 0  9997
2 55827  87.9180 294.6949 0001461  91.0245 269.1056 13.20771625147744
ONEWEB-0669             
1 55828U 23029AJ  26066.88727274  .00000075  00000+0  15154-3 0  9999
2 55828  87.9163 294.6755 0001251  63.8631 296.2631 13.20771417147776
ONEWEB-0670             
1 55829U 23029AK  26066.97563506  .00000294  00000+0  75759-3 0  9996
2 55829  87.8982 309.9458 0001250  87.7860 272.3413 13.14502996146132
ONEWEB-0671             
1 55830U 23029AL  26066.99971541 -.00000058  00000+0 -17689-3 0  9990
2 55830  87.9230 325.1382 0001563  85.8045 274.3266 13.19725999145556
ONEWEB-0672             
1 55831U 23029AM  26066.88251917  .00001590  00000+0  38770-2 0  9990
2 55831  87.9150 294.6601 0001333  74.8148 285.3133 13.20784123147776
ONEWEB-0673             
1 55832U 23029AN  26066.97680049  .00000127  00000+0  28573-3 0  9999
2 55832  87.9237 325.1279 0001602  82.3197 277.8117 13.19727468145550
ONEWEB-0674             
1 55833U 23029AP  26066.71556068 -.00000097  00000+0 -29580-3 0  9992
2 55833  87.8980 309.9748 0001146  85.3443 274.7817 13.14501782146082
ONEWEB-0675             
1 55834U 23029AQ  26066.99181912 -.00000025  00000+0 -95379-4 0  9996
2 55834  87.9223 325.1415 0001962  75.8858 284.2493 13.19726017145579
ONEWEB-0720             
1 55835U 23029AR  26066.98392970  .00000042  00000+0  73562-4 0  9991
2 55835  87.9232 325.1430 0001776  91.2155 268.9182 13.19725462145490
ONEWEB-0537             
1 56046U 23043A   26066.96663316  .00000052  00000+0  10155-3 0  9994
2 56046  87.9003 248.9054 0001656  88.2274 271.9046 13.16593071145646
ONEWEB-0538             
1 56047U 23043B   26066.73232304 -.00000003  00000+0 -42304-4 0  9999
2 56047  87.9003 248.9548 0001851  94.0394 266.0949 13.16593594145625
ONEWEB-0546             
1 56048U 23043C   26066.94764802  .00000100  00000+0  22917-3 0  9999
2 56048  87.9007 248.9089 0001758  69.9285 290.2035 13.16593525145647
ONEWEB-0547             
1 56049U 23043D   26066.96710842  .00000105  00000+0  22198-3 0  9993
2 56049  87.9166 264.1560 0001713  93.3277 266.8053 13.21824414144852
ONEWEB-0548             
1 56050U 23043E   26066.59220286 -.00000029  00000+0 -10920-3 0  9999
2 56050  87.9003 248.9797 0001103 100.1016 260.0239 13.16592685145597
ONEWEB-0549             
1 56051U 23043F   26066.58123417 -.00000012  00000+0 -61519-4 0  9990
2 56051  87.9162 264.2449 0001833  95.0142 265.1201 13.21826006144802
ONEWEB-0550             
1 56052U 23043G   26067.02222944  .00000133  00000+0  28982-3 0  9994
2 56052  87.9164 264.1523 0001520  90.5039 269.6269 13.21824687144867
ONEWEB-0551             
1 56053U 23043H   26066.99898938 -.00000063  00000+0 -20137-3 0  9990
2 56053  87.8938 279.4336 0001903  93.3304 266.8044 13.15548573143092
ONEWEB-0552             
1 56054U 23043J   26066.94161196  .00000005  00000+0 -20542-4 0  9991
2 56054  87.9163 264.1767 0001638 100.7919 259.3399 13.21825471144850
ONEWEB-0553             
1 56055U 23043K   26066.72598711  .00000022  00000+0  22800-4 0  9992
2 56055  87.9006 248.9562 0001480  81.6428 278.4870 13.16593305145621
ONEWEB-0554             
1 56056U 23043L   26066.56132493  .00000138  00000+0  32724-3 0  9999
2 56056  87.9002 248.9991 0001282  94.7780 265.3497 13.16592926145583
ONEWEB-0555             
1 56057U 23043M   26066.97931256  .00000027  00000+0  36388-4 0  9997
2 56057  87.9004 248.9013 0001608  73.8344 286.2964 13.16593916145645
ONEWEB-0557             
1 56058U 23043N   26066.91756046 -.00000061  00000+0 -19437-3 0  9999
2 56058  87.9004 248.9250 0000694  44.3369 315.7817 13.16593388145630
ONEWEB-0558             
1 56059U 23043P   26067.01072013  .00000025  00000+0  28684-4 0  9990
2 56059  87.9164 264.1554 0002148  98.4876 261.6501 13.21826138144876
ONEWEB-0559             
1 56060U 23043Q   26066.99918588 -.00000001  00000+0 -35081-4 0  9999
2 56060  87.9164 264.1514 0001773 100.6497 259.4836 13.21823671144888
ONEWEB-0566             
1 56061U 23043R   26066.61413700 -.00000026  00000+0 -93293-4 0  9991
2 56061  87.9164 264.2276 0001869  99.3468 260.7877 13.21825823144817
ONEWEB-0568             
1 56062U 23043S   26066.93498545  .00000050  00000+0  98418-4 0  9996
2 56062  87.9007 248.9113 0001559  84.8153 275.3156 13.16596830145651
ONEWEB-0574             
1 56063U 23043T   26066.98604007  .00000038  00000+0  60873-4 0  9994
2 56063  87.9175 264.1460 0001419  90.3608 269.7689 13.21825260144908
ONEWEB-0575             
1 56064U 23043U   26066.77664943  .00000018  00000+0  14111-4 0  9999
2 56064  87.9001 248.9404 0001185  85.2137 274.9130 13.16593603145621
ONEWEB-0576             
1 56065U 23043V   26066.52966239 -.00000050  00000+0 -16463-3 0  9995
2 56065  87.9007 248.9937 0001392  91.4692 268.6599 13.16593367145585
ONEWEB-0577             
1 56066U 23043W   26066.53599438 -.00000073  00000+0 -22479-3 0  9999
2 56066  87.9006 248.9915 0000808  89.3149 270.8075 13.16593388145616
ONEWEB-0578             
1 56067U 23043X   26066.97285473  .00000110  00000+0  23419-3 0  9994
2 56067  87.9167 264.1557 0001662  81.9922 278.1401 13.21827228144862
ONEWEB-0579             
1 56068U 23043Y   26066.81160399  .00000060  00000+0  11395-3 0  9991
2 56068  87.9175 264.1779 0001660 101.7212 258.4108 13.21825776144859
ONEWEB-0581             
1 56069U 23043Z   26066.54233154 -.00000046  00000+0 -15353-3 0  9996
2 56069  87.9003 249.0013 0001014  95.6633 264.4614 13.16593803145581
ONEWEB-0609             
1 56070U 23043AA  26066.87539667  .00000084  00000+0  18893-3 0  9994
2 56070  87.8936 279.4462 0001690  88.7944 271.3380 13.15547945143119
ONEWEB-0613             
1 56071U 23043AB  26066.87064464  .00000134  00000+0  32285-3 0  9990
2 56071  87.8940 279.4579 0001730  96.8374 263.2954 13.15547618143110
ONEWEB-0630             
1 56072U 23043AC  26066.63771874  .00000002  00000+0 -29729-4 0  9990
2 56072  87.8938 279.4739 0001635  98.1425 261.9891 13.15547846143075
ONEWEB-0632             
1 56073U 23043AD  26066.63296455  .00000007  00000+0 -15526-4 0  9993
2 56073  87.8939 279.4922 0001374  90.6796 269.4491 13.15547259143076
ONEWEB-0633             
1 56074U 23043AE  26067.00691200 -.00000066  00000+0 -21030-3 0  9995
2 56074  87.8950 279.3853 0001964  97.5052 262.6301 13.15547348143106
ONEWEB-0634             
1 56075U 23043AF  26066.99265080 -.00000096  00000+0 -28825-3 0  9998
2 56075  87.8938 279.4368 0001889  82.2653 277.8692 13.15547266143097
ONEWEB-0635             
1 56076U 23043AG  26066.98789389 -.00000068  00000+0 -21356-3 0  9992
2 56076  87.8947 279.3914 0001292  89.8967 270.2311 13.15547632143129
ONEWEB-0636             
1 56077U 23043AH  26066.82785814 -.00000038  00000+0 -13563-3 0  9993
2 56077  87.8943 279.4378 0001335  87.4653 272.6630 13.15547762143084
ONEWEB-0637             
1 56078U 23043AJ  26066.97364138  .00000071  00000+0  15322-3 0  9992
2 56078  87.8939 279.4269 0001447  78.2975 281.8318 13.15548622143124
ONEWEB-0647             
1 56079U 23043AK  26066.81677032  .00000017  00000+0  10070-4 0  9992
2 56079  87.8939 279.4701 0001441  95.4781 264.6514 13.15547067143091
ONEWEB-0651             
1 56080U 23043AL  26066.88807433  .00000163  00000+0  39908-3 0  9993
2 56080  87.8939 279.4509 0001365  80.8947 279.2337 13.15547568144302
ONEWEB-0718             
1 56081U 23043AM  26066.65515022  .00000142  00000+0  34434-3 0  9995
2 56081  87.8939 279.4780 0002038  80.9301 279.2060 13.15548008143084
ONEWEB-0561             
1 56710U 23068A   26066.91093836  .00000023  00000+0  24877-4 0  9993
2 56710  87.9170 294.6655 0001176  91.9768 268.1501 13.20772465136139
ONEWEB-0668             
1 56711U 23068B   26066.59299537  .00000029  00000+0  41923-4 0  9991
2 56711  87.9015 248.9733 0001823  78.6615 281.4721 13.16594339138411
ONEWEB-0676             
1 56712U 23068C   26066.90490072 -.00000026  00000+0 -10097-3 0  9990
2 56712  87.9005 248.9239 0001271  95.7284 264.3992 13.16594302138376
ONEWEB-0677             
1 56713U 23068D   26066.67262036  .00000024  00000+0  27308-4 0  9992
2 56713  87.9171 294.7054 0001523  77.8358 282.2945 13.20772541136405
ONEWEB-0678             
1 56714U 23068E   26067.00374170 -.00000078  00000+0 -24248-3 0  9994
2 56714  87.8946 279.3904 0001609  99.7783 260.3529 13.15547541135989
ONEWEB-0679             
1 56715U 23068F   26066.93973184  .00000072  00000+0  15416-3 0  9995
2 56715  87.9011 248.9025 0001376  73.0719 287.0563 13.16593670138404
ONEWEB-0680             
1 56716U 23068G   26066.58781749  .00000002  00000+0 -27808-4 0  9994
2 56716  87.9175 264.2230 0001740  73.8226 286.3100 13.21826264137672
ONEWEB-0681             
1 56717U 23068H   26066.79432526  .00000026  00000+0  30664-4 0  9993
2 56717  87.9163 264.1906 0000599 100.5389 259.5812 13.21825019137699
ONEWEB-0682             
1 56718U 23068J   26066.64960470  .00000101  00000+0  23378-3 0  9999
2 56718  87.8941 279.4681 0001738  70.7374 289.3944 13.15547915136101
ONEWEB-0683             
1 56719U 23068K   26066.97522244  .00000109  00000+0  25477-3 0  9999
2 56719  87.8950 279.3953 0001682  79.4802 280.6518 13.15548335136112
ONEWEB-0684             
1 56720U 23068L   26066.83103205 -.00000112  00000+0 -33214-3 0  9992
2 56720  87.8948 279.4170 0002602 114.9159 245.2242 13.15547055135923
ONEWEB-0686             
1 56721U 23068M   26066.82414898  .00000033  00000+0  51524-4 0  9990
2 56721  87.8994 248.9645 0001975  92.3488 267.7869 13.16594387138376
ONEWEB-0694             
1 56722U 23068N   26066.75449149  .00000014  00000+0  38785-5 0  9994
2 56722  87.9015 248.9232 0001809  80.4634 279.6702 13.16593344138427
ONEWEB-0696             
1 56723U 23068P   26067.01641596  .00000078  00000+0  17234-3 0  9999
2 56723  87.8938 279.4254 0001691 105.2622 254.8696 13.15549587136060
ONEWEB-0703             
1 56724U 23068Q   26067.02592343  .00000152  00000+0  37004-3 0  9996
2 56724  87.8939 279.4045 0001428 127.3174 232.8086 13.15547962135956
ONEWEB-0721             
1 56725U 23068R   26066.90766391 -.00000021  00000+0 -85843-4 0  9991
2 56725  86.6760 117.8560 0001921 100.8188 259.3162 13.22461538144559
ONEWEB-0015             
1 61594U 24188A   26066.68217469  .00000556  00000+0  15316-2 0  9994
2 61594  87.8857  41.2773 0001439  67.1523 292.9757 13.11417858 71159
ONEWEB-0687             
1 61595U 24188B   26066.78005529  .00000028  00000+0  40028-4 0  9992
2 61595  87.9136  26.0219 0001944  64.5008 295.6324 13.17649850 72546
ONEWEB-0688             
1 61596U 24188C   26066.88467970  .00000021  00000+0  22040-4 0  9993
2 61596  87.9135  26.0008 0001184  36.7499 323.3714 13.17649399 72554
ONEWEB-0689             
1 61597U 24188D   26066.63977594 -.00000443  00000+0 -12862-2 0  9994
2 61597  87.8873  41.2256 0002100  76.5348 283.6014 13.11415252 71149
ONEWEB-0690             
1 61598U 24188E   26066.87884168 -.00000507  00000+0 -14651-2 0  9994
2 61598  87.8866  41.1986 0001677 106.1329 253.9984 13.11416854 71356
ONEWEB-0691             
1 61599U 24188F   26066.41597360 -.00000534  00000+0 -15432-2 0  9998
2 61599  87.8876  41.1906 0001631  70.0668 290.0635 13.11416027 71149
ONEWEB-0692             
1 61600U 24188G   26066.43632901  .00000145  00000+0  37390-3 0  9998
2 61600  87.8853  41.3191 0002706  88.2588 271.8850 13.11418006 71135
ONEWEB-0693             
1 61601U 24188H   26066.82054803  .00000033  00000+0  52713-4 0  9994
2 61601  87.9135  26.0346 0001329 105.0751 255.0528 13.17651321 72538
ONEWEB-0695             
1 61602U 24188J   26066.64147692 -.00000438  00000+0 -12715-2 0  9991
2 61602  87.8855  41.2692 0002363  79.2725 280.8669 13.11417408 71151
ONEWEB-0697             
1 61603U 24188K   26066.44481238  .00000427  00000+0  11678-2 0  9990
2 61603  87.8857  41.2981 0002594  89.7777 270.3648 13.11417263 71110
ONEWEB-0698             
1 61604U 24188L   26066.88053913 -.00000500  00000+0 -14461-2 0  9991
2 61604  87.8856  41.2265 0002580 108.5386 251.6023 13.11416523 71191
ONEWEB-0699             
1 61605U 24188M   26066.50733646  .00000409  00000+0  11344-2 0  9992
2 61605  87.8775  56.5092 0002437  94.0510 266.0896 13.10370653 69993
ONEWEB-0700             
1 61606U 24188N   26066.50899305  .00000286  00000+0  78303-3 0  9990
2 61606  87.8786  56.4034 0002536  84.3391 275.8026 13.10369936 69984
ONEWEB-0701             
1 61607U 24188P   26066.67829308 -.00000462  00000+0 -13587-2 0  9995
2 61607  87.8774  56.4750 0002636  93.8556 266.2873 13.10370526 70013
ONEWEB-0702             
1 61608U 24188Q   26066.46853501  .00000148  00000+0  38159-3 0  9997
2 61608  87.8871  41.1961 0002856  85.1765 274.9689 13.11416245 71154
ONEWEB-0704             
1 61609U 24188R   26066.51397433  .00000021  00000+0  25038-4 0  9994
2 61609  87.8785  56.4838 0002820  85.5775 274.5675 13.10370687 69973
ONEWEB-0705             
1 61610U 24188S   26066.67166204 -.00000058  00000+0 -20145-3 0  9998
2 61610  87.8776  56.4655 0002572  63.9642 296.1750 13.10370475 62162
ONEWEB-0706             
1 61611U 24188T   26066.50401865  .00000537  00000+0  15009-2 0  9998
2 61611  87.8769  56.5114 0002444  82.1043 278.0362 13.10370825 70067
ONEWEB-0707             
1 61612U 24188U   26066.96879982  .00000362  00000+0  10018-2 0  9999
2 61612  87.8779  56.4058 0002469  82.9144 277.2264 13.10370327 70061
ONEWEB-0708             
1 61613U 24188V   26066.52889342 -.00000529  00000+0 -15531-2 0  9995
2 61613  87.8769  56.5215 0001890  68.3967 291.7361 13.10371312 69988
