ONEWEB-0012             
1 44057U 19010A   26228.21478181 -.00000034  00000+0 -12363-3 0  9999
2 44057  87.9086 216.8589 0001977 103.3364 256.7987 13.16596138359467
ONEWEB-0010             
1 44058U 19010B   26228.01211197 -.00000009  00000+0 -57679-4 0  9992
2 44058  87.9092 216.8963 0002370  83.2563 276.8837 13.16589022359489
ONEWEB-0008             
1 44059U 19010C   26228.03744891  .00000107  00000+0  24600-3 0  9991
2 44059  87.9092 216.8864 0001666  85.6044 274.5277 13.16594619359602
ONEWEB-0007             
1 44060U 19010D   26228.04404183  .00000157  00000+0  38403-3 0  9992
2 44060  87.8955 247.2881 0002319  95.9787 264.1608 13.15549907359244
ONEWEB-0006             
1 44061U 19010E   26228.04800838  .00000191  00000+0  47206-3 0  9999
2 44061  87.8966 247.2576 0002056  90.0638 270.0728 13.15548571359297
ONEWEB-0011             
1 44062U 19010F   26228.01631951 -.00000081  00000+0 -25036-3 0  9992
2 44062  87.8966 247.2745 0002032  86.4544 273.6819 13.15548306359280
ONEWEB-0013             
1 45131U 20008A   26227.99966446  .00000493  00000+0  13931-2 0  9990
2 45131  87.8507  40.7440 0001703 123.7250 236.4039 13.09464032313894
ONEWEB-0017             
1 45132U 20008B   26228.16947832  .00000619  00000+0  17369-2 0  9998
2 45132  87.8853  24.3144 0001871  88.0672 272.0670 13.10369797315809
ONEWEB-0020             
1 45133U 20008C   26227.98620404 -.00000169  00000+0 -51918-3 0  9992
2 45133  87.8848  24.3522 0001770  96.5832 263.5497 13.10370122316171
ONEWEB-0021             
1 45134U 20008D   26228.00146477 -.00000594  00000+0 -17377-2 0  9992
2 45134  87.8840  24.3618 0001837  96.5818 263.5518 13.10372462316485
ONEWEB-0023             
1 45136U 20008F   26227.93615466 -.00000449  00000+0 -13229-2 0  9995
2 45136  87.8851  24.3604 0001575  95.2112 264.9195 13.10375039315901
ONEWEB-0024             
1 45137U 20008G   26227.98464850 -.00000056  00000+0 -19588-3 0  9999
2 45137  87.8851  24.3467 0001835  94.1426 265.9911 13.10369162316070
ONEWEB-0025             
1 45138U 20008H   26227.98436743 -.00000021  00000+0 -95974-4 0  9996
2 45138  87.8854  24.3363 0001505  83.0927 277.0371 13.10369738316406
ONEWEB-0026             
1 45139U 20008J   26227.89906998 -.00000200  00000+0 -59969-3 0  9993
2 45139  87.8928   9.1836 0001873  92.8476 267.2866 13.11418745318934
ONEWEB-0028             
1 45140U 20008K   26227.94965370 -.00000357  00000+0 -10443-2 0  9996
2 45140  87.8922   9.1790 0001760 114.8900 245.2411 13.11414694316457
ONEWEB-0032             
1 45141U 20008L   26228.17129979 -.00000250  00000+0 -75119-3 0  9994
2 45141  87.8853  24.3169 0001552 108.7102 251.4193 13.10375669316155
ONEWEB-0033             
1 45142U 20008M   26228.14570263 -.00000443  00000+0 -13064-2 0  9992
2 45142  87.8839  24.3269 0002134  83.3666 276.7705 13.10370983316064
ONEWEB-0035             
1 45143U 20008N   26227.93713060 -.00000398  00000+0 -11768-2 0  9991
2 45143  87.8849  24.3626 0001824  93.4184 266.7152 13.10374368315767
ONEWEB-0036             
1 45144U 20008P   26227.99114615 -.00000398  00000+0 -11759-2 0  9999
2 45144  87.8860  24.3737 0001662 100.1852 259.9463 13.10369586316195
ONEWEB-0038             
1 45145U 20008Q   26227.90924355  .00000240  00000+0  64036-3 0  9992
2 45145  87.8941   9.1989 0003452 106.5503 253.6005 13.11419787318159
ONEWEB-0039             
1 45146U 20008R   26228.14909731 -.00000390  00000+0 -11536-2 0  9995
2 45146  87.8846  24.3190 0001689 109.5933 250.5377 13.10371009316011
ONEWEB-0040             
1 45147U 20008S   26227.98959944 -.00000281  00000+0 -84156-3 0  9996
2 45147  87.8838  24.3593 0001479  93.5923 266.5373 13.10370105315690
ONEWEB-0043             
1 45149U 20008U   26227.99143125 -.00000414  00000+0 -12228-2 0  9993
2 45149  87.8849  24.3507 0001706 113.2103 246.9204 13.10368936316013
ONEWEB-0044             
1 45150U 20008V   26227.94378382 -.00000030  00000+0 -12321-3 0  9994
2 45150  87.8852  24.3623 0001685  96.7081 263.4238 13.10375150316303
ONEWEB-0045             
1 45151U 20008W   26227.90400856 -.00000186  00000+0 -55929-3 0  9996
2 45151  87.8936   9.1784 0001865 100.9033 259.2305 13.11418249318231
ONEWEB-0047             
1 45152U 20008X   26228.16592286 -.00000561  00000+0 -16426-2 0  9990
2 45152  87.8857  24.3179 0001959  91.9696 268.1656 13.10374863316057
ONEWEB-0048             
1 45153U 20008Y   26227.93189931 -.00000645  00000+0 -18841-2 0  9990
2 45153  87.8846  24.3802 0001863  97.4018 262.7321 13.10374826315633
ONEWEB-0049             
1 45154U 20008Z   26227.93515017 -.00000554  00000+0 -16224-2 0  9991
2 45154  87.8847  24.3683 0001356  92.6439 267.4843 13.10374689315855
ONEWEB-0051             
1 45155U 20008AA  26227.90232819 -.00000025  00000+0 -10513-3 0  9994
2 45155  87.8929   9.1830 0001815  96.6711 263.4623 13.11417585318915
ONEWEB-0052             
1 45156U 20008AB  26227.95581477  .00000495  00000+0  13814-2 0  9992
2 45156  87.8853  24.3539 0001430  97.4874 262.6416 13.10373696315763
ONEWEB-0053             
1 45157U 20008AC  26227.98789686 -.00000250  00000+0 -75217-3 0  9995
2 45157  87.8841  24.3647 0001500 106.9167 253.2125 13.10370320315742
ONEWEB-0054             
1 45158U 20008AD  26227.94717767  .00000115  00000+0  29431-3 0  9998
2 45158  87.8854  24.3607 0001741  92.3726 267.7601 13.10375374315854
ONEWEB-0056             
1 45159U 20008AE  26227.99453993 -.00000521  00000+0 -15281-2 0  9992
2 45159  87.8852  24.3459 0001641  86.3347 273.7968 13.10370144316011
ONEWEB-0057             
1 45160U 20008AF  26228.16450322 -.00000556  00000+0 -16301-2 0  9999
2 45160  87.8854  24.3228 0001404 108.4408 251.6872 13.10375223316203
ONEWEB-0058             
1 45161U 20008AG  26227.99820416 -.00000650  00000+0 -18989-2 0  9994
2 45161  87.8841  24.3575 0002043  93.2389 266.8972 13.10370327316258
ONEWEB-0059             
1 45162U 20008AH  26228.14752603 -.00000401  00000+0 -11838-2 0  9995
2 45162  87.8844  24.3283 0001535 107.9139 252.2155 13.10362716316175
ONEWEB-0062             
1 45163U 20008AJ  26228.17102330 -.00000254  00000+0 -76529-3 0  9990
2 45163  87.8857  24.3150 0002040  87.4496 272.6864 13.10376636316048
ONEWEB-0065             
1 45164U 20008AK  26227.97589237  .00000391  00000+0  10843-2 0  9999
2 45164  87.8849  24.3612 0001469  96.8092 263.3203 13.10369550315717
ONEWEB-0066             
1 45424U 20020A   26227.88705527 -.00000506  00000+0 -14649-2 0  9992
2 45424  87.8925   9.1879 0001915  98.7083 261.4262 13.11416412310501
ONEWEB-0067             
1 45425U 20020B   26228.15345377  .00000534  00000+0  14694-2 0  9996
2 45425  87.8948   9.0693 0001683 100.3899 259.7418 13.11426053310591
ONEWEB-0080             
1 45426U 20020C   26227.92451699  .00000592  00000+0  16350-2 0  9991
2 45426  87.8938   9.1839 0002026  89.8524 270.2836 13.11416965310539
ONEWEB-0090             
1 45427U 20020D   26227.95333096 -.00000483  00000+0 -13973-2 0  9994
2 45427  87.8936   9.1818 0001870  95.5721 264.5620 13.11414863310503
ONEWEB-0061             
1 45428U 20020E   26227.90897500  .00000262  00000+0  70208-3 0  9993
2 45428  87.8931   9.1741 0001863  96.4946 263.6394 13.11418186310459
ONEWEB-0081             
1 45429U 20020F   26228.11936558 -.00001300  00000+0 -37034-2 0  9990
2 45429  87.8934   9.1406 0001693 102.9507 257.1810 13.11409597310590
ONEWEB-0069             
1 45430U 20020G   26228.12119697 -.00000486  00000+0 -14058-2 0  9995
2 45430  87.8935   9.1444 0001900 102.4408 257.6932 13.11414841310522
ONEWEB-0031             
1 45431U 20020H   26227.92777536  .00000494  00000+0  13568-2 0  9997
2 45431  87.8921   9.1828 0001955  92.4887 267.6465 13.11414848310487
ONEWEB-0027             
1 45432U 20020J   26228.09872123 -.00000289  00000+0 -77635-3 0  9995
2 45432  87.9190 353.9573 0001338  60.3805 299.7460 13.17651223314248
ONEWEB-0064             
1 45433U 20020K   26227.92607119  .00000516  00000+0  14204-2 0  9991
2 45433  87.8928   9.1777 0001878  92.9149 267.2194 13.11416588310511
ONEWEB-0018             
1 45434U 20020L   26227.95813441 -.00000529  00000+0 -15276-2 0  9998
2 45434  87.8930   9.1714 0002129 102.6999 257.4367 13.11416396310462
ONEWEB-0083             
1 45435U 20020M   26228.10084398 -.00000198  00000+0 -59434-3 0  9995
2 45435  87.8934   9.1400 0001851  95.8520 264.2819 13.11414008310526
ONEWEB-0095             
1 45436U 20020N   26228.09236904  .00000057  00000+0  12534-3 0  9998
2 45436  87.8923   9.1488 0001305  79.0041 281.1234 13.11414020310520
ONEWEB-0092             
1 45437U 20020P   26227.89398910 -.00000383  00000+0 -11155-2 0  9993
2 45437  87.8935   9.1802 0002000  99.9564 260.1789 13.11420347310619
ONEWEB-0085             
1 45438U 20020Q   26228.10055766 -.00000246  00000+0 -72990-3 0  9991
2 45438  87.8928   9.1429 0001792  94.5276 265.6057 13.11415018310522
ONEWEB-0096             
1 45439U 20020R   26227.94994197 -.00000353  00000+0 -10329-2 0  9999
2 45439  87.8933   9.1717 0001717  92.9587 267.1738 13.11415376310499
ONEWEB-0037             
1 45440U 20020S   26227.89879888 -.00000146  00000+0 -44793-3 0  9997
2 45440  87.8943   9.1569 0001669  92.4575 267.6744 13.11418467310525
ONEWEB-0042             
1 45441U 20020T   26228.09208834  .00000164  00000+0  42805-3 0  9998
2 45441  87.8932   9.1399 0001773  98.9574 261.1754 13.11414030310512
ONEWEB-0098             
1 45442U 20020U   26228.08800058  .00000290  00000+0  78220-3 0  9994
2 45442  87.8932   9.1493 0001870  93.4297 266.7044 13.11414792310493
ONEWEB-0055             
1 45443U 20020V   26228.14295948  .00000293  00000+0  79028-3 0  9998
2 45443  87.8935   9.1380 0001746  96.3581 263.7745 13.11420331310471
ONEWEB-0093             
1 45444U 20020W   26227.90727075  .00000258  00000+0  69254-3 0  9994
2 45444  87.8937   9.1841 0001880 105.3914 254.7422 13.11422972310505
ONEWEB-0029             
1 45445U 20020X   26227.92112209  .00000543  00000+0  14962-2 0  9996
2 45445  87.8926   9.1797 0001894 104.5138 255.6200 13.11418471310488
ONEWEB-0068             
1 45446U 20020Y   26227.89371250 -.00000360  00000+0 -10515-2 0  9995
2 45446  87.8935   9.1846 0001858 102.8204 257.3132 13.11418085310427
ONEWEB-0046             
1 45447U 20020Z   26227.88536591 -.00000520  00000+0 -15044-2 0  9996
2 45447  87.8926   9.1877 0001626 104.1411 255.9898 13.11416422310437
ONEWEB-0063             
1 45448U 20020AA  26228.14322884  .00000448  00000+0  12287-2 0  9998
2 45448  87.8938   9.1409 0001516  95.4961 264.6339 13.11418710310554
ONEWEB-0019             
1 45449U 20020AB  26228.10564705 -.00000337  00000+0 -98723-3 0  9994
2 45449  87.8929   9.1312 0001968  93.1849 266.9504 13.11415573310394
ONEWEB-0094             
1 45450U 20020AC  26228.11656800  .00000038  00000+0  65407-4 0  9995
2 45450  87.9196 353.9420 0002065 100.6243 259.5121 13.17651117314203
ONEWEB-0087             
1 45451U 20020AD  26227.92424564  .00000473  00000+0  12976-2 0  9998
2 45451  87.8942   9.1626 0001980 104.8508 255.2839 13.11415420310412
ONEWEB-0082             
1 45452U 20020AE  26228.14974056  .00000551  00000+0  15175-2 0  9991
2 45452  87.8935   9.1298 0001838 111.6372 248.4952 13.11416395310532
ONEWEB-0050             
1 45453U 20020AF  26228.02984083  .00000858  00000+0  85600-4 0  9992
2 45453  88.9283 225.0774 0006112 104.0235 256.1674 14.90541041349290
ONEWEB-0034             
1 45454U 20020AG  26227.95841731 -.00000517  00000+0 -14952-2 0  9990
2 45454  87.8936   9.1772 0001764  97.4248 262.7080 13.11415351310423
ONEWEB-0060             
1 45455U 20020AH  26228.14224163  .00000331  00000+0  89759-3 0  9997
2 45455  87.8930   9.1346 0002575 114.8146 245.3250 13.11418546310400
ONEWEB-0086             
1 45456U 20020AJ  26228.12090530 -.00000480  00000+0 -13915-2 0  9992
2 45456  87.8937   9.1386 0002561 100.0193 260.1224 13.11417184310465
ONEWEB-0088             
1 45457U 20020AK  26228.09900434 -.00000144  00000+0 -44157-3 0  9992
2 45457  87.8944   9.1199 0001422 102.8646 257.2640 13.11414613310399
ONEWEB-0102             
1 47258U 20100A   26227.82765414 -.00000048  00000+0 -16827-3 0  9995
2 47258  87.8996 338.8252 0002082  99.0499 261.0865 13.12443796272557
ONEWEB-0109             
1 47259U 20100B   26228.06484273 -.00011734  00000+0 -32664-1 0  9993
2 47259  87.9005 338.7671 0001760  79.6670 280.4656 13.12504406272415
ONEWEB-0110             
1 47260U 20100C   26227.86324943 -.00000151  00000+0 -45436-3 0  9993
2 47260  87.9004 338.7911 0002183 102.7607 257.3765 13.12441577272559
ONEWEB-0111             
1 47261U 20100D   26227.81748604 -.00000052  00000+0 -17850-3 0  9992
2 47261  87.9005 338.8185 0001957 102.9038 257.2309 13.12442379272388
ONEWEB-0114             
1 47262U 20100E   26227.84798956  .00000320  00000+0  85351-3 0  9998
2 47262  87.9011 338.8112 0001922  95.6809 264.4539 13.12440579272343
ONEWEB-0117             
1 47263U 20100F   26228.06825113  .00002291  00000+0  63321-2 0  9991
2 47263  87.9005 338.7567 0001903 101.5298 258.6044 13.12431784272386
ONEWEB-0118             
1 47264U 20100G   26227.87341002 -.00000442  00000+0 -12637-2 0  9992
2 47264  87.9003 338.7979 0001582  96.9373 263.1935 13.12442960272553
ONEWEB-0119             
1 47265U 20100H   26227.82257950  .00000136  00000+0  34373-3 0  9996
2 47265  87.8994 338.8195 0001895  99.6342 260.5001 13.12444931272528
ONEWEB-0120             
1 47266U 20100J   26227.84644291  .00000327  00000+0  87383-3 0  9998
2 47266  87.8996 338.8164 0001913  95.6298 264.5049 13.12442827272555
ONEWEB-0121             
1 47267U 20100K   26228.06314920  .00000396  00000+0  10653-2 0  9998
2 47267  87.9002 338.7651 0001996 109.1142 251.0203 13.12443922272498
ONEWEB-0122             
1 47268U 20100L   26227.82852462  .00000290  00000+0  77023-3 0  9998
2 47268  87.9003 338.8164 0002045  96.7156 263.4206 13.12444267272372
ONEWEB-0123             
1 47269U 20100M   26228.05297683 -.00000024  00000+0 -10246-3 0  9994
2 47269  87.8993 338.7730 0001795  99.9347 260.1984 13.12443860272540
ONEWEB-0124             
1 47270U 20100N   26227.81409883 -.00000307  00000+0 -88836-3 0  9990
2 47270  87.8991 338.8225 0001922 103.0673 257.0670 13.12443590272391
ONEWEB-0125             
1 47271U 20100P   26227.79208869 -.00000352  00000+0 -10137-2 0  9997
2 47271  87.9005 338.8173 0001724 108.9019 251.2296 13.12441796272452
ONEWEB-0126             
1 47272U 20100Q   26228.04126948 -.00000264  00000+0 -77013-3 0  9993
2 47272  87.8997 338.7794 0001856  95.8961 264.2379 13.12444469272553
ONEWEB-0127             
1 47273U 20100R   26227.85477899  .00000047  00000+0  94010-4 0  9990
2 47273  87.8993 338.8124 0001936  96.8707 263.2641 13.12440882272552
ONEWEB-0128             
1 47274U 20100S   26227.80056135 -.00000429  00000+0 -12292-2 0  9998
2 47274  87.8993 338.8366 0002201 102.6728 257.4646 13.12442663272566
ONEWEB-0129             
1 47275U 20100T   26228.23764963  .00000153  00000+0  39009-3 0  9990
2 47275  87.9004 338.7298 0002042  69.3831 290.7516 13.12442925272557
ONEWEB-0130             
1 47276U 20100U   26228.03606593 -.00000380  00000+0 -10928-2 0  9995
2 47276  87.9003 338.7661 0001914  99.3038 260.8307 13.12448918272497
ONEWEB-0131             
1 47277U 20100V   26228.03265376 -.00000410  00000+0 -11751-2 0  9995
2 47277  87.8992 338.7787 0002076 101.5016 258.6346 13.12443857272535
ONEWEB-0132             
1 47278U 20100W   26228.06145997  .00000361  00000+0  96813-3 0  9991
2 47278  87.8995 338.7762 0001907 102.8275 257.3066 13.12445811272431
ONEWEB-0133             
1 47279U 20100X   26227.84956054  .00000280  00000+0  74429-3 0  9990
2 47279  87.9008 338.8010 0002068 103.0963 257.0397 13.12441311272560
ONEWEB-0134             
1 47280U 20100Y   26228.04790051 -.00000035  00000+0 -13231-3 0  9992
2 47280  87.9009 338.7587 0002111  95.3389 264.7980 13.12444908272563
ONEWEB-0135             
1 47281U 20100Z   26228.01910520 -.00000184  00000+0 -54650-3 0  9990
2 47281  87.8996 338.7794 0002158  97.0510 263.0864 13.12441509272583
ONEWEB-0136             
1 47282U 20100AA  26228.03772692 -.00000360  00000+0 -10364-2 0  9998
2 47282  87.9002 338.7620 0002139  94.1865 265.9508 13.12441826272512
ONEWEB-0137             
1 47283U 20100AB  26227.76668394  .00000409  00000+0  11009-2 0  9990
2 47283  87.9007 338.8291 0001786 101.9893 258.1436 13.12441901272381
ONEWEB-0138             
1 47284U 20100AC  26227.82087814  .00000079  00000+0  18535-3 0  9995
2 47284  87.9003 338.8213 0002031  94.5042 265.6319 13.12445074272477
ONEWEB-0139             
1 47285U 20100AD  26227.86169748 -.00000040  00000+0 -14530-3 0  9998
2 47285  87.9004 338.7986 0001902  99.8294 260.3049 13.12442685272554
ONEWEB-0140             
1 47286U 20100AE  26227.81579538 -.00000244  00000+0 -71304-3 0  9994
2 47286  87.9005 338.8000 0002030 103.4030 256.7325 13.12444112272516
ONEWEB-0141             
1 47287U 20100AF  26228.01388537 -.00000085  00000+0 -27232-3 0  9999
2 47287  87.9004 338.7653 0001614 100.1513 259.9797 13.12441037272528
ONEWEB-0142             
1 47288U 20100AG  26227.84983354  .00000258  00000+0  68064-3 0  9996
2 47288  87.8998 338.8155 0001687  89.7466 270.3855 13.12441419272499
ONEWEB-0143             
1 47289U 20100AH  26227.85985706 -.00000103  00000+0 -32203-3 0  9998
2 47289  87.8998 338.8136 0001803  98.8847 261.2486 13.12440168272470
ONEWEB-0144             
1 47290U 20100AJ  26228.05976144  .00000349  00000+0  93499-3 0  9993
2 47290  87.9008 338.7528 0001991  88.6437 271.4919 13.12444641272428
ONEWEB-0145             
1 47291U 20100AK  26227.80225394 -.00000393  00000+0 -11269-2 0  9995
2 47291  87.8996 338.8248 0001891  97.1231 263.0113 13.12442511272584
ONEWEB-0146             
1 47292U 20100AL  26227.79886602 -.00000423  00000+0 -12111-2 0  9990
2 47292  87.9003 338.8214 0002024 109.8897 250.2450 13.12442520272498
ONEWEB-0147             
1 47293U 20100AM  26227.84122743  .00000410  00000+0  11033-2 0  9992
2 47293  87.9006 338.7960 0002062  99.6045 260.5317 13.12441482272393
ONEWEB-0115             
1 48042U 21025A   26228.20366984  .00000311  00000+0  81704-3 0  9993
2 48042  87.8974 308.2871 0002059 100.6872 259.4489 13.13471530261471
ONEWEB-0152             
1 48043U 21025B   26227.76014034  .00000793  00000+0  21376-2 0  9992
2 48043  87.8982 308.3754 0001988 102.6109 257.5242 13.13466188261375
ONEWEB-0153             
1 48044U 21025C   26228.19518478  .00000099  00000+0  23525-3 0  9990
2 48044  87.8975 308.2873 0001965  97.0880 263.0473 13.13471715261423
ONEWEB-0154             
1 48045U 21025D   26228.19179098 -.00000198  00000+0 -57640-3 0  9999
2 48045  87.8976 308.2892 0002159  98.8784 261.2590 13.13470396261383
ONEWEB-0116             
1 48046U 21025E   26228.23072949  .00000163  00000+0  41175-3 0  9998
2 48046  87.8979 308.2784 0002094 102.8746 257.2617 13.13468472261533
ONEWEB-0150             
1 48047U 21025F   26228.20703598  .00000294  00000+0  77125-3 0  9996
2 48047  87.8980 308.2817 0001791  99.3294 260.8038 13.13471430261427
ONEWEB-0107             
1 48048U 21025G   26228.20874837  .00000334  00000+0  87940-3 0  9993
2 48048  87.8980 308.2767 0001938  94.7727 265.3624 13.13469581261408
ONEWEB-0101             
1 48049U 21025H   26228.17149370 -.00000261  00000+0 -74918-3 0  9999
2 48049  87.8971 308.2934 0002110  95.8672 264.2697 13.13468989261374
ONEWEB-0113             
1 48050U 21025J   26228.17661360 -.00000244  00000+0 -69764-3 0  9993
2 48050  87.8972 308.1967 0001861 100.4879 259.6461 13.13891051261485
ONEWEB-0112             
1 48051U 21025K   26228.21381281  .00000422  00000+0  11199-2 0  9994
2 48051  87.8983 308.2742 0002090  92.4401 267.6967 13.13471086261477
ONEWEB-0156             
1 48052U 21025L   26228.22229258  .00001367  00000+0  37070-2 0  9996
2 48052  87.8982 308.2822 0001793  96.2377 263.8956 13.13464736261457
ONEWEB-0161             
1 48053U 21025M   26228.19688866  .00000113  00000+0  27384-3 0  9993
2 48053  87.8978 308.2877 0001883  93.0146 267.1199 13.13469870261384
ONEWEB-0158             
1 48054U 21025N   26228.15626409  .00000082  00000+0  19070-3 0  9993
2 48054  87.8982 308.2931 0002258 102.3433 257.7948 13.13468836261503
ONEWEB-0157             
1 48055U 21025P   26228.18164792 -.00000228  00000+0 -66004-3 0  9992
2 48055  87.8972 308.2921 0001933  86.6506 273.4844 13.13468702261441
ONEWEB-0162             
1 48056U 21025Q   26227.77693497 -.00000110  00000+0 -33727-3 0  9992
2 48056  87.8973 308.3722 0001873 100.6449 259.4891 13.13469248261362
ONEWEB-0155             
1 48057U 21025R   26228.16472515 -.00000114  00000+0 -34662-3 0  9996
2 48057  87.8981 308.2929 0001914  97.5110 262.6237 13.13469523261552
ONEWEB-0149             
1 48058U 21025S   26228.18671856 -.00000143  00000+0 -42763-3 0  9991
2 48058  87.8976 308.2925 0001788 100.5770 259.5560 13.13471870261360
ONEWEB-0148             
1 48059U 21025T   26228.14948199  .00000291  00000+0  76302-3 0  9993
2 48059  87.8970 308.3032 0001396  99.6056 260.5231 13.13470935261486
ONEWEB-0160             
1 48060U 21025U   26228.16640316 -.00000175  00000+0 -51386-3 0  9995
2 48060  87.8970 308.2954 0002431 114.0365 246.1019 13.13470872261435
ONEWEB-0163             
1 48061U 21025V   26227.77029214  .00000168  00000+0  42376-3 0  9999
2 48061  87.8981 308.3740 0001926  90.7811 269.3539 13.13470451261501
ONEWEB-0159             
1 48062U 21025W   26227.76182106  .00000256  00000+0  66480-3 0  9999
2 48062  87.8985 308.3696 0001998  91.3560 268.7798 13.13470339261429
ONEWEB-0164             
1 48063U 21025X   26228.20026236  .00000219  00000+0  56503-3 0  9995
2 48063  87.8977 308.2886 0002057 100.3386 259.7976 13.13472097261460
ONEWEB-0167             
1 48064U 21025Y   26228.15201912  .00000210  00000+0  53957-3 0  9997
2 48064  87.8973 308.3026 0002445  87.0520 273.0889 13.13468779261448
ONEWEB-0166             
1 48065U 21025Z   26227.71780134 -.00000321  00000+0 -91294-3 0  9998
2 48065  87.8980 308.3660 0001937  98.8081 261.3267 13.13471434261462
ONEWEB-0151             
1 48066U 21025AA  26227.71948913 -.00000263  00000+0 -75453-3 0  9994
2 48066  87.8980 308.3801 0002074  97.1098 263.0268 13.13469358261409
ONEWEB-0170             
1 48067U 21025AB  26228.18503041 -.00000140  00000+0 -41741-3 0  9993
2 48067  87.8980 308.2895 0002526 103.8093 256.3318 13.13471512261422
ONEWEB-0168             
1 48068U 21025AC  26227.78890749 -.00000285  00000+0 -81439-3 0  9991
2 48068  87.8978 308.3695 0002044  97.4563 262.6799 13.13470897261387
ONEWEB-0173             
1 48069U 21025AD  26227.70426235 -.00000181  00000+0 -53022-3 0  9991
2 48069  87.8977 308.3849 0002074  88.8387 271.2980 13.13470697261611
ONEWEB-0171             
1 48070U 21025AE  26228.19857229  .00000137  00000+0  33970-3 0  9997
2 48070  87.8968 308.2932 0002073  97.4849 262.6515 13.13471298261495
ONEWEB-0172             
1 48071U 21025AF  26228.17826382 -.00000249  00000+0 -71624-3 0  9996
2 48071  87.8979 308.2923 0002120  94.2797 265.8574 13.13469092262386
ONEWEB-0174             
1 48072U 21025AG  26228.23582115  .00000026  00000+0  35622-4 0  9997
2 48072  87.8981 308.2788 0001841  98.6121 261.5216 13.13470460261710
ONEWEB-0175             
1 48073U 21025AH  26228.19010655 -.00000088  00000+0 -27651-3 0  9990
2 48073  87.8979 308.2743 0002347  97.0744 263.0652 13.13471741261360
ONEWEB-0177             
1 48074U 21025AJ  26228.20194657  .00000143  00000+0  35761-3 0  9999
2 48074  87.8976 308.2882 0001852  93.7132 266.4209 13.13471414261559
ONEWEB-0178             
1 48075U 21025AK  26228.22073037  .00000360  00000+0  95022-3 0  9997
2 48075  87.8971 308.2918 0002169  93.5839 266.5538 13.13469207261608
ONEWEB-0108             
1 48076U 21025AL  26228.17996000 -.00000227  00000+0 -65646-3 0  9999
2 48076  87.8979 308.2858 0001890 105.1133 255.0206 13.13469558261522
ONEWEB-0169             
1 48077U 21025AM  26227.75505385  .00000346  00000+0  91321-3 0  9994
2 48077  87.8979 308.3758 0001858  98.0969 262.0371 13.13470811260124
ONEWEB-0176             
1 48210U 21031A   26228.08368056 -.00000093  00000+0 -28654-3 0  9999
2 48210  87.8932 277.7622 0002099  92.6050 267.5320 13.14504209256185
ONEWEB-0184             
1 48211U 21031B   26227.67614892  .00000169  00000+0  42050-3 0  9994
2 48211  87.8939 277.8476 0002720  92.0207 268.1235 13.14501180256109
ONEWEB-0179             
1 48212U 21031C   26228.25002315 -.00017471  00000+0 -16522-2 0  9991
2 48212  87.8952 272.4103 0348723  59.8750 163.7775 14.57469739  5532
ONEWEB-0180             
1 48213U 21031D   26228.05988580  .00000245  00000+0  62626-3 0  9993
2 48213  87.8941 277.7694 0002089  84.4511 275.6857 13.14504924256085
ONEWEB-0218             
1 48214U 21031E   26228.08210590 -.00000077  00000+0 -24165-3 0  9997
2 48214  87.8941 277.7639 0002696  81.7129 278.4306 13.14501718256240
ONEWEB-0209             
1 48215U 21031F   26228.14709928  .00000074  00000+0  16463-3 0  9990
2 48215  87.8931 277.7628 0001952  89.5014 270.6339 13.14501291256258
ONEWEB-0198             
1 48216U 21031G   26228.05526575  .00000252  00000+0  64619-3 0  9990
2 48216  87.8921 277.7750 0002149  83.7811 276.3564 13.14504253256359
ONEWEB-0189             
1 48217U 21031H   26228.06782692  .00000178  00000+0  44465-3 0  9990
2 48217  87.8939 277.7653 0002129  87.0564 273.0809 13.14504314256096
ONEWEB-0196             
1 48218U 21031J   26228.12173979  .00000245  00000+0  62550-3 0  9990
2 48218  87.8930 277.7627 0001984  91.0943 269.0414 13.14503995256106
ONEWEB-0183             
1 48219U 21031K   26227.63966190 -.00000203  00000+0 -58229-3 0  9995
2 48219  87.8931 277.8557 0001829  97.4820 262.6517 13.14503634256139
ONEWEB-0185             
1 48220U 21031L   26228.12254271  .00000242  00000+0  61818-3 0  9991
2 48220  87.8935 277.7573 0001623  89.4622 270.6693 13.14502329256128
ONEWEB-0187             
1 48221U 21031M   26228.10255911 -.00000078  00000+0 -24503-3 0  9991
2 48221  87.8929 277.7730 0001938  90.4807 269.6544 13.14501314256130
ONEWEB-0192             
1 48222U 21031N   26228.07259088  .00000050  00000+0  99876-4 0  9991
2 48222  87.8930 277.7685 0002067  92.7438 267.3929 13.14502436256049
ONEWEB-0219             
1 48223U 21031P   26227.67138092  .00000198  00000+0  49929-3 0  9994
2 48223  87.8941 277.8457 0001839  89.3913 270.7428 13.14502679256193
ONEWEB-0202             
1 48224U 21031Q   26228.10905581  .00000036  00000+0  61690-4 0  9990
2 48224  87.8928 277.7679 0002506  83.2245 276.9170 13.14504368256231
ONEWEB-0204             
1 48225U 21031R   26228.14316045  .00000174  00000+0  43577-3 0  9992
2 48225  87.8934 277.7557 0001684 102.0423 258.0896 13.14503956256135
ONEWEB-0205             
1 48226U 21031S   26228.11856014  .00000224  00000+0  56908-3 0  9993
2 48226  87.8936 277.7575 0001926  88.2609 271.8741 13.14504505256142
ONEWEB-0206             
1 48227U 21031T   26228.09161406 -.00000183  00000+0 -52694-3 0  9999
2 48227  87.8932 277.7615 0002078  99.6977 260.4388 13.14503729256099
ONEWEB-0182             
1 48228U 21031U   26228.08685659 -.00000152  00000+0 -44405-3 0  9997
2 48228  87.8932 277.7680 0001818  98.2477 261.8859 13.14502409256309
ONEWEB-0186             
1 48229U 21031V   26228.09794038 -.00000311  00000+0 -87240-3 0  9992
2 48229  87.8938 277.7624 0001956  92.5215 267.6138 13.14502322256256
ONEWEB-0181             
1 48230U 21031W   26228.07574340 -.00000027  00000+0 -10751-3 0  9991
2 48230  87.8922 277.7853 0002000  86.5366 273.5992 13.14501826256102
ONEWEB-0188             
1 48231U 21031X   26228.11380769  .00000093  00000+0  21531-3 0  9996
2 48231  87.8917 277.7773 0001956  94.2108 265.9245 13.14504151256017
ONEWEB-0220             
1 48232U 21031Y   26228.07733586 -.00000077  00000+0 -24322-3 0  9996
2 48232  87.8937 277.7665 0001745  90.4011 269.7318 13.14503828256278
ONEWEB-0165             
1 48233U 21031Z   26228.10589045 -.00000026  00000+0 -10360-3 0  9991
2 48233  87.8932 277.7702 0002198  85.7246 274.4135 13.14502145256233
ONEWEB-0199             
1 48234U 21031AA  26227.63332301 -.00000225  00000+0 -64219-3 0  9993
2 48234  87.8938 277.8533 0002044 100.2241 259.9119 13.14503752256078
ONEWEB-0203             
1 48235U 21031AB  26228.08052683 -.00000071  00000+0 -22714-3 0  9999
2 48235  87.8936 277.7665 0002205  95.4521 264.6860 13.14503285256142
ONEWEB-0197             
1 48236U 21031AC  26227.67440248  .00000185  00000+0  46454-3 0  9993
2 48236  87.8929 277.8295 0001754  96.6833 263.4496 13.14503691256000
ONEWEB-0194             
1 48237U 21031AD  26228.11064557  .00000065  00000+0  14191-3 0  9999
2 48237  87.8928 277.7665 0002211  99.2249 260.9131 13.14502515256236
ONEWEB-0193             
1 48238U 21031AE  26228.12650132  .00000291  00000+0  75163-3 0  9998
2 48238  87.8935 277.7538 0002349 104.1849 255.9542 13.14504028256183
ONEWEB-0191             
1 48239U 21031AF  26228.13760333  .00000219  00000+0  55616-3 0  9996
2 48239  87.8939 277.7541 0001840  97.3480 262.7859 13.14502252256040
ONEWEB-0195             
1 48240U 21031AG  26228.11460417  .00000148  00000+0  36432-3 0  9992
2 48240  87.8934 277.7584 0002134  86.1716 273.9658 13.14501454256021
ONEWEB-0201             
1 48241U 21031AH  26228.10285428 -.00000067  00000+0 -21534-3 0  9998
2 48241  87.8926 277.7735 0001688  92.4652 267.6671 13.14504220256257
ONEWEB-0207             
1 48242U 21031AJ  26228.08289005 -.00000106  00000+0 -32079-3 0  9991
2 48242  87.8936 277.7651 0001693  98.8148 261.3173 13.14501733256166
ONEWEB-0208             
1 48243U 21031AK  26228.06464670  .00000199  00000+0  50233-3 0  9995
2 48243  87.8933 277.7728 0002189  86.8329 273.3051 13.14504042256173
ONEWEB-0200             
1 48244U 21031AL  26228.10429113 -.00000073  00000+0 -23132-3 0  9995
2 48244  87.8940 277.7575 0001777  88.0249 272.1084 13.14501746256103
ONEWEB-0217             
1 48245U 21031AM  26228.12014235 -.00000352  00000+0 -98492-3 0  9994
2 48245  87.8935 277.7572 0002300  86.2604 273.8789 13.14507070256053
ONEWEB-0211             
1 48767U 21045A   26228.01857214 -.00000035  00000+0 -12527-3 0  9991
2 48767  87.8960 247.1424 0002572  80.2969 279.8452 13.16197808252310
ONEWEB-0223             
1 48768U 21045B   26228.05037883  .00000163  00000+0  39859-3 0  9995
2 48768  87.8966 247.2607 0002433  88.5108 271.6301 13.15549908252272
ONEWEB-0230             
1 48769U 21045C   26228.02185596  .00000011  00000+0 -52125-5 0  9994
2 48769  87.8962 247.2752 0001955  96.1030 264.0323 13.15549754252535
ONEWEB-0237             
1 48770U 21045D   26228.08683318 -.00000121  00000+0 -35663-3 0  9996
2 48770  87.8954 247.2631 0002039  82.7086 277.4276 13.15547334252267
ONEWEB-0235             
1 48771U 21045E   26228.06148278  .00000073  00000+0  16011-3 0  9996
2 48771  87.8966 247.2599 0002460  91.1469 268.9943 13.15547690252251
ONEWEB-0242             
1 48772U 21045F   26228.05512771  .00000123  00000+0  29395-3 0  9994
2 48772  87.8968 247.2588 0002197  95.4461 264.6920 13.15549900252296
ONEWEB-0241             
1 48773U 21045G   26228.04245402  .00000155  00000+0  37836-3 0  9992
2 48773  87.8956 247.2728 0002374  87.8127 272.3275 13.15551294252200
ONEWEB-0243             
1 48774U 21045H   26228.07415271 -.00000072  00000+0 -22485-3 0  9993
2 48774  87.8956 247.2791 0002480  99.3679 260.7732 13.15547850252234
ONEWEB-0222             
1 48775U 21045J   26228.05751690  .00000096  00000+0  22125-3 0  9995
2 48775  87.8966 247.2549 0002264  89.5905 270.5485 13.15547363252277
ONEWEB-0244             
1 48776U 21045K   26228.08365759 -.00000121  00000+0 -35641-3 0  9994
2 48776  87.8970 247.2480 0002214  93.0407 267.0977 13.15549825252844
ONEWEB-0247             
1 48777U 21045L   26228.08050317 -.00000053  00000+0 -17450-3 0  9998
2 48777  87.8956 247.2724 0002868  97.1361 263.0095 13.15547925252283
ONEWEB-0245             
1 48778U 21045M   26228.07573522 -.00000055  00000+0 -18097-3 0  9996
2 48778  87.8966 247.2579 0002153  88.0912 272.0465 13.15547222252259
ONEWEB-0229             
1 48779U 21045N   26228.07098470 -.00000088  00000+0 -26697-3 0  9992
2 48779  87.8967 247.2565 0002152  94.6535 265.4841 13.15549740252283
ONEWEB-0228             
1 48780U 21045P   26228.02834441  .00000068  00000+0  14654-3 0  9991
2 48780  87.8969 247.2608 0002147  92.3547 267.7829 13.15547582252190
ONEWEB-0232             
1 48781U 21045Q   26228.07890907 -.00000092  00000+0 -27963-3 0  9992
2 48781  87.8969 247.2506 0002056  89.7026 270.4340 13.15549700252529
ONEWEB-0231             
1 48782U 21045R   26228.05673404  .00000113  00000+0  26550-3 0  9995
2 48782  87.8964 247.2647 0002278  89.2407 270.8984 13.15548968252214
ONEWEB-0234             
1 48783U 21045S   26228.01855870 -.00000050  00000+0 -16629-3 0  9999
2 48783  87.8967 247.2567 0001775  68.5875 291.5445 13.15549560252344
ONEWEB-0238             
1 48784U 21045T   26228.01883448 -.00000051  00000+0 -17072-3 0  9996
2 48784  87.8967 247.2531 0001845  81.1232 279.0107 13.15547104252249
ONEWEB-0240             
1 48785U 21045U   26228.04008566  .00000126  00000+0  30041-3 0  9992
2 48785  87.8967 247.2578 0002297  86.5019 273.6374 13.15547581252273
ONEWEB-0246             
1 48786U 21045V   26228.03454229  .00000109  00000+0  25586-3 0  9992
2 48786  87.8965 247.2620 0002123  94.6600 265.4772 13.15549409252142
ONEWEB-0210             
1 48787U 21045W   26228.08524285 -.00000178  00000+0 -50683-3 0  9992
2 48787  87.8967 247.2494 0002823 103.3966 256.7479 13.15549490252196
ONEWEB-0214             
1 48788U 21045X   26228.01790441  .00000011  00000+0 -40382-5 0  9997
2 48788  87.8966 247.2600 0002100 101.3957 258.7409 13.15549975252150
ONEWEB-0221             
1 48789U 21045Y   26228.02502992  .00000043  00000+0  79127-4 0  9993
2 48789  87.8964 247.2666 0002253  91.1265 269.0123 13.15549442252245
ONEWEB-0213             
1 48790U 21045Z   26228.01392725 -.00000085  00000+0 -25941-3 0  9997
2 48790  87.8965 247.2717 0002353  93.7033 266.4366 13.15550027252305
ONEWEB-0212             
1 48791U 21045AA  26228.06703351 -.00000011  00000+0 -62037-4 0  9991
2 48791  87.8966 247.2554 0002048  91.4862 268.6502 13.15548802252306
ONEWEB-0227             
1 48792U 21045AB  26228.06623778  .00000018  00000+0  13434-4 0  9998
2 48792  87.8964 247.2550 0002131  90.1799 269.9575 13.15547879252250
ONEWEB-0226             
1 48793U 21045AC  26228.05987869 -.00000901  00000+0 -24263-2 0  9995
2 48793  87.8966 247.2612 0002416  95.4047 264.7359 13.15557201252222
ONEWEB-0224             
1 48794U 21045AD  26228.02343522  .00000012  00000+0 -20335-5 0  9996
2 48794  87.8956 247.2986 0002388  70.4370 289.7018 13.15550025252143
ONEWEB-0233             
1 48795U 21045AE  26228.02806523  .00000058  00000+0  11919-3 0  9997
2 48795  87.8953 247.3044 0002306  89.5348 270.6046 13.15548312252161
ONEWEB-0190             
1 48796U 21045AF  26228.01551144 -.00000273  00000+0 -75956-3 0  9995
2 48796  87.8961 247.2729 0002752  93.1430 267.0015 13.15548088252232
ONEWEB-0236             
1 48797U 21045AG  26228.03294469  .00000131  00000+0  31276-3 0  9990
2 48797  87.8953 247.2747 0001951  90.1013 270.0341 13.15550451252129
ONEWEB-0248             
1 48798U 21045AH  26228.04563551  .00000221  00000+0  55319-3 0  9997
2 48798  87.8968 247.2617 0002467  87.2165 272.9248 13.15548101252283
ONEWEB-0225             
1 48799U 21045AJ  26228.06781664 -.00000021  00000+0 -89996-4 0  9996
2 48799  87.8965 247.2631 0002630  92.7565 267.3866 13.15549705252290
ONEWEB-0215             
1 48800U 21045AK  26228.03770928  .00000196  00000+0  48715-3 0  9991
2 48800  87.8967 247.2549 0002747  90.3647 269.7798 13.15548297252168
ONEWEB-0216             
1 48801U 21045AL  26228.04721750  .00000187  00000+0  46374-3 0  9991
2 48801  87.8964 247.2661 0002009  94.0719 266.0641 13.15549532252174
ONEWEB-0239             
1 48802U 21045AM  26228.05198124  .00000172  00000+0  42390-3 0  9994
2 48802  87.8966 247.2680 0002782  84.1565 275.9883 13.15549058252210
ONEWEB-0249             
1 48967U 21060A   26228.01450282 -.00000024  00000+0 -95530-4 0  9998
2 48967  87.9092 216.8925 0002173  85.9659 274.1720 13.16595091247487
ONEWEB-0250             
1 48968U 21060B   26228.22886414  .00000020  00000+0  15900-4 0  9999
2 48968  87.9097 214.4115 0002144  58.9862 301.1484 13.25836719248172
ONEWEB-0252             
1 48970U 21060D   26228.19735167  .00000113  00000+0  26276-3 0  9996
2 48970  87.9095 216.8490 0002113  96.4788 263.6583 13.16596607247557
ONEWEB-0253             
1 48971U 21060E   26228.03428491  .00000098  00000+0  22331-3 0  9999
2 48971  87.9091 216.8867 0002140  83.7171 276.4203 13.16593966247463
ONEWEB-0254             
1 48972U 21060F   26228.19576972  .00000013  00000+0 -32880-6 0  9996
2 48972  87.9094 216.8531 0002362  83.2263 276.9137 13.16595745247488
ONEWEB-0255             
1 48973U 21060G   26228.00577860 -.00000057  00000+0 -18380-3 0  9999
2 48973  87.9092 216.8961 0002301  85.1988 274.9405 13.16595722247539
ONEWEB-0256             
1 48974U 21060H   26228.03189444 -.00000021  00000+0 -87448-4 0  9993
2 48974  87.9089 216.8930 0002065  91.2926 268.8442 13.16596362247500
ONEWEB-0257             
1 48975U 21060J   26227.98836806  .00000005  00000+0 -21587-4 0  9991
2 48975  87.9095 216.8909 0002234  88.4920 271.6467 13.16595985247457
ONEWEB-0258             
1 48976U 21060K   26227.98995363 -.00000013  00000+0 -67734-4 0  9990
2 48976  87.9090 216.9032 0002116  85.9464 274.1908 13.16594734247465
ONEWEB-0259             
1 48977U 21060L   26227.98361506 -.00000020  00000+0 -87133-4 0  9990
2 48977  87.9096 216.9029 0002198  82.6055 277.5326 13.16595845247496
ONEWEB-0260             
1 48978U 21060M   26228.05091115  .00000041  00000+0  72851-4 0  9998
2 48978  87.9089 216.8884 0002040  97.4038 262.7325 13.16594091247484
ONEWEB-0261             
1 48979U 21060N   26228.02083369  .00000059  00000+0  12012-3 0  9999
2 48979  87.9089 216.8960 0002415  89.4057 270.7351 13.16595490247536
ONEWEB-0262             
1 48980U 21060P   26228.00103110 -.00000060  00000+0 -18936-3 0  9991
2 48980  87.9094 216.8874 0002242  80.3156 279.8228 13.16595507247493
ONEWEB-0263             
1 48981U 21060Q   26228.03269735  .00000080  00000+0  17577-3 0  9991
2 48981  87.9093 216.8934 0002456  86.4063 273.7349 13.16595826247469
ONEWEB-0264             
1 48982U 21060R   26227.99390859 -.00000024  00000+0 -95733-4 0  9999
2 48982  87.9088 216.9006 0002223  91.3245 268.8140 13.16596283247466
ONEWEB-0266             
1 48984U 21060T   26228.01528348 -.00000007  00000+0 -52085-4 0  9995
2 48984  87.9092 216.8899 0002026  85.9743 274.1619 13.16594115247457
ONEWEB-0267             
1 48985U 21060U   26228.02636155  .00000069  00000+0  14601-3 0  9990
2 48985  87.9092 216.8850 0002289  89.1413 270.9981 13.16595769247469
ONEWEB-0268             
1 48986U 21060V   26228.22267868 -.00000032  00000+0 -11677-3 0  9996
2 48986  87.9094 216.8545 0002032  90.4244 269.7120 13.16595437247751
ONEWEB-0269             
1 48987U 21060W   26227.97569644  .00000055  00000+0  10944-3 0  9994
2 48987  87.9090 216.9028 0001912  89.6338 270.5012 13.16596069247498
ONEWEB-0270             
1 48988U 21060X   26228.22112296 -.00000031  00000+0 -11550-3 0  9991
2 48988  87.9086 216.8571 0002403  82.6889 277.4515 13.16595245247563
ONEWEB-0271             
1 48989U 21060Y   26228.20843720  .00000096  00000+0  21669-3 0  9994
2 48989  87.9095 216.8486 0002367  87.8372 272.3030 13.16596085247561
ONEWEB-0272             
1 48990U 21060Z   26228.23061807 -.00000015  00000+0 -72305-4 0  9994
2 48990  87.9088 216.8534 0002121  95.6417 264.4956 13.16595903247516
ONEWEB-0273             
1 48991U 21060AA  26228.02476853  .00000062  00000+0  12786-3 0  9999
2 48991  87.9086 216.8952 0002234  86.0013 274.1374 13.16595327247466
ONEWEB-0274             
1 48992U 21060AB  26228.20210470  .00000063  00000+0  13241-3 0  9999
2 48992  87.9086 216.8589 0002114  95.4502 264.6870 13.16593719247522
ONEWEB-0275             
1 48993U 21060AC  26228.03904730  .00000083  00000+0  18428-3 0  9994
2 48993  87.9095 216.8863 0002053 111.8235 248.3114 13.16594513247439
ONEWEB-0276             
1 48994U 21060AD  26228.22427355 -.00000021  00000+0 -88472-4 0  9990
2 48994  87.9095 216.8481 0002108  91.4395 268.6978 13.16595637247472
ONEWEB-0277             
1 48995U 21060AE  26228.23694839 -.00000043  00000+0 -14692-3 0  9991
2 48995  87.9085 216.8512 0002254  86.3766 273.7622 13.16593975247469
ONEWEB-0278             
1 48996U 21060AF  26228.22743912 -.00000065  00000+0 -20265-3 0  9995
2 48996  87.9093 216.8467 0001961  82.5614 277.5739 13.16595520247595
ONEWEB-0279             
1 48997U 21060AG  26228.00736699 -.00000083  00000+0 -25188-3 0  9995
2 48997  87.9094 216.8888 0002324  90.1598 269.9799 13.16595100247498
ONEWEB-0280             
1 48998U 21060AH  26228.02241044  .00000076  00000+0  16588-3 0  9997
2 48998  87.9091 216.8898 0002231  79.0450 281.0932 13.16593297247430
ONEWEB-0281             
1 48999U 21060AJ  26228.02796193  .00000121  00000+0  28381-3 0  9993
2 48999  87.9095 216.8849 0002025  91.3464 268.7899 13.16594903247501
ONEWEB-0282             
1 49000U 21060AK  26228.21003213  .00000067  00000+0  14258-3 0  9999
2 49000  87.9093 216.8551 0002213  85.9999 274.1385 13.16593904247505
ONEWEB-0283             
1 49001U 21060AL  26228.04694986  .00000084  00000+0  18539-3 0  9999
2 49001  87.9093 216.8871 0002241  89.3170 270.8218 13.16595332247494
ONEWEB-0284             
1 49002U 21060AM  26228.04061275  .00000087  00000+0  19343-3 0  9996
2 49002  87.9095 216.8827 0002077  78.8713 281.2651 13.16595914247472
ONEWEB-0285             
1 49075U 21075A   26228.05893116  .00000238  00000+0  62577-3 0  9995
2 49075  87.9003 338.7706 0001701 102.4610 257.6709 13.12442789243063
ONEWEB-0286             
1 49076U 21075B   26228.04099348 -.00000219  00000+0 -64290-3 0  9995
2 49076  87.8994 338.7851 0001709 103.9659 256.1659 13.12443931242416
ONEWEB-0287             
1 49077U 21075C   26227.85248850  .00000011  00000+0 -51375-5 0  9999
2 49077  87.9185 354.0054 0001493 102.6276 257.5022 13.17654055241488
ONEWEB-0288             
1 49078U 21075D   26227.86493625 -.00000310  00000+0 -89661-3 0  9993
2 49078  87.9004 338.8016 0001689  97.8260 262.3061 13.12442329243014
ONEWEB-0289             
1 49079U 21075E   26227.89130338  .00000034  00000+0  53208-4 0  9996
2 49079  87.9184 354.0166 0002019  88.3873 271.7489 13.17648985242066
ONEWEB-0290             
1 49080U 21075F   26228.09211104  .00000029  00000+0  40797-4 0  9995
2 49080  87.9198 353.9522 0002069  85.0943 275.0425 13.17648778241509
ONEWEB-0291             
1 49081U 21075G   26228.07691275 -.00000106  00000+0 -30640-3 0  9998
2 49081  87.9186 353.9581 0001602  89.9378 270.1937 13.17647144241497
ONEWEB-0293             
1 49082U 21075H   26228.10223747 -.00000016  00000+0 -73856-4 0  9995
2 49082  87.9186 353.9560 0001871  94.0983 266.0362 13.17648783241522
ONEWEB-0294             
1 49083U 21075J   26227.87171764 -.00000362  00000+0 -10407-2 0  9995
2 49083  87.9004 338.8048 0001994  90.0268 270.1089 13.12441881242408
ONEWEB-0295             
1 49084U 21075K   26228.10139113  .00000039  00000+0  67326-4 0  9998
2 49084  87.9188 353.9600 0001549  95.3746 264.7562 13.17648098241485
ONEWEB-0296             
1 49085U 21075L   26227.85137823  .00000212  00000+0  55316-3 0  9994
2 49085  87.9000 338.8162 0001619  95.5128 264.6185 13.12440681242404
ONEWEB-0297             
1 49086U 21075M   26227.80562749 -.00000361  00000+0 -10390-2 0  9998
2 49086  87.8993 338.8303 0001787 100.2155 259.9175 13.12441617243005
ONEWEB-0298             
1 49087U 21075N   26228.10574157  .00000063  00000+0  12840-3 0  9999
2 49087  87.9187 353.9575 0001817 102.4827 257.6508 13.17647810241512
ONEWEB-0299             
1 49088U 21075P   26227.87949051 -.00000033  00000+0 -11916-3 0  9994
2 49088  87.9197 353.9881 0001678 100.2942 259.8379 13.17648980241466
ONEWEB-0300             
1 49089U 21075Q   26228.02671892 -.00000481  00000+0 -13715-2 0  9993
2 49089  87.9005 338.7723 0001897 111.9301 248.2029 13.12442854243050
ONEWEB-0301             
1 49090U 21075R   26227.85816778 -.00000026  00000+0 -10623-3 0  9990
2 49090  87.9003 338.8029 0002028 109.3919 250.7429 13.12440790242398
ONEWEB-0302             
1 49091U 21075S   26228.07331198  .00000489  00000+0  13249-2 0  9991
2 49091  87.8997 338.7709 0001834  90.0820 270.0518 13.12444922242402
ONEWEB-0304             
1 49092U 21075T   26227.85418058 -.00000005  00000+0 -45184-4 0  9999
2 49092  87.9186 354.0099 0001680  98.3953 261.7369 13.17647506241435
ONEWEB-0305             
1 49093U 21075U   26227.84743432 -.00000030  00000+0 -11067-3 0  9996
2 49093  87.9196 354.0007 0001430  99.2451 260.8843 13.17649103241467
ONEWEB-0308             
1 49094U 21075V   26227.83782763  .00000319  00000+0  85103-3 0  9996
2 49094  87.9007 338.8122 0001914 100.2099 259.9245 13.12443542242386
ONEWEB-0309             
1 49095U 21075W   26228.07861076 -.00000059  00000+0 -18497-3 0  9994
2 49095  87.9187 353.9582 0001903  83.8437 276.2911 13.17648986241468
ONEWEB-0310             
1 49096U 21075X   26228.23429366 -.00000808  00000+0 -22828-2 0  9999
2 49096  87.8993 338.7499 0001723  98.6185 261.5138 13.12429029243061
ONEWEB-0311             
1 49097U 21075Y   26228.08536058 -.00000022  00000+0 -88639-4 0  9992
2 49097  87.9184 353.9567 0001465 106.3677 253.7616 13.17649540241515
ONEWEB-0312             
1 49098U 21075Z   26228.10054363 -.00000002  00000+0 -38647-4 0  9992
2 49098  87.9187 353.9638 0001598  94.2451 265.8863 13.17649266241490
ONEWEB-0313             
1 49099U 21075AA  26227.87767031  .00000013  00000+0  13373-5 0  9999
2 49099  87.9186 354.0126 0001730  99.6525 260.4802 13.17648242241456
ONEWEB-0314             
1 49100U 21075AB  26227.84405591  .00000041  00000+0  72560-4 0  9992
2 49100  87.9196 353.9987 0001536  91.4049 268.7258 13.17647984241423
ONEWEB-0315             
1 49101U 21075AC  26228.05467935  .00000196  00000+0  51048-3 0  9995
2 49101  87.9003 338.7542 0001646 109.7046 250.4261 13.12444711243029
ONEWEB-0316             
1 49102U 21075AD  26227.79786940 -.00000022  00000+0 -87768-4 0  9995
2 49102  87.9208 323.6110 0002007  98.7554 261.3805 13.18683928245066
ONEWEB-0317             
1 49103U 21075AE  26228.05808046  .00000331  00000+0  88492-3 0  9993
2 49103  87.8997 338.7755 0002315  87.7264 272.4130 13.12442415243049
ONEWEB-0318             
1 49104U 21075AF  26228.02200196  .00000031  00000+0  46350-4 0  9998
2 49104  87.9208 323.5690 0001818 103.1722 256.9613 13.18684421245052
ONEWEB-0319             
1 49105U 21075AG  26227.85924579  .00000019  00000+0  16250-4 0  9999
2 49105  87.9186 354.0063 0001560 113.0076 247.1220 13.17649346241460
ONEWEB-0323             
1 49106U 21075AH  26228.03942428 -.00000446  00000+0 -12747-2 0  9995
2 49106  87.9005 338.7626 0001415 111.2677 248.8603 13.12443296242400
ONEWEB-0329             
1 49107U 21075AJ  26228.09548711 -.00000039  00000+0 -13266-3 0  9995
2 49107  87.9186 353.9610 0001711  97.1545 262.9781 13.17648315241472
ONEWEB-0330             
1 49108U 21075AK  26227.87119377  .00000004  00000+0 -22711-4 0  9990
2 49108  87.9191 354.0179 0001743  93.6443 266.4887 13.17649808241489
ONEWEB-0292             
1 49186U 21083A   26227.73641833 -.00000034  00000+0 -12874-3 0  9999
2 49186  87.8968 308.3924 0001873 103.0814 257.0525 13.13471378238749
ONEWEB-0303             
1 49187U 21083B   26227.79100884  .00000038  00000+0  64758-4 0  9993
2 49187  87.9208 323.6132 0001806 103.2086 256.9248 13.18686409237835
ONEWEB-0306             
1 49188U 21083C   26227.78089065  .00000150  00000+0  34692-3 0  9998
2 49188  87.9213 323.6053 0002098  94.3321 265.8051 13.18686708237877
ONEWEB-0307             
1 49189U 21083D   26228.18757973 -.00000128  00000+0 -38436-3 0  9991
2 49189  87.8969 308.3006 0001871  99.5309 260.6032 13.13470766238800
ONEWEB-0320             
1 49190U 21083E   26227.80112370  .00000022  00000+0  23546-4 0  9995
2 49190  87.9204 323.6130 0001984  97.4308 262.7049 13.18685421237838
ONEWEB-0321             
1 49191U 21083F   26228.04891132  .00000070  00000+0  14021-3 0  9993
2 49191  87.9146 262.5001 0002241  93.5757 266.5633 13.20771548244731
ONEWEB-0322             
1 49192U 21083G   26227.65008430 -.00000326  00000+0 -92701-3 0  9998
2 49192  87.8969 308.4071 0002444  99.0783 261.0623 13.13469270238725
ONEWEB-0324             
1 49193U 21083H   26228.22939417  .00000075  00000+0  15801-3 0  9996
2 49193  87.9213 323.5218 0001906  94.6309 265.5041 13.18684384237910
ONEWEB-0325             
1 49194U 21083J   26228.23278286  .00000080  00000+0  16933-3 0  9991
2 49194  87.9202 323.5237 0002012 102.9119 257.2238 13.18686251237923
ONEWEB-0326             
1 49195U 21083K   26228.02045492 -.00000049  00000+0 -15749-3 0  9991
2 49195  87.9207 323.5682 0001841 107.3138 252.8196 13.18684452237882
ONEWEB-0327             
1 49196U 21083L   26228.02018154 -.00000047  00000+0 -15191-3 0  9996
2 49196  87.9201 323.5680 0001925 111.8566 248.2771 13.18684554237907
ONEWEB-0328             
1 49197U 21083M   26228.17317534 -.00000282  00000+0 -80826-3 0  9995
2 49197  87.8980 308.2818 0001901  95.0599 265.0747 13.13470887238770
ONEWEB-0331             
1 49198U 21083N   26227.78594073  .00000027  00000+0  36968-4 0  9991
2 49198  87.9211 323.6093 0001705 107.0041 253.1278 13.18684373237861
ONEWEB-0333             
1 49199U 21083P   26227.78721080 -.00000333  00000+0 -94796-3 0  9996
2 49199  87.8973 308.3800 0002031 101.2038 258.9320 13.13470213238736
ONEWEB-0334             
1 49200U 21083Q   26228.06320609  .00000053  00000+0  98481-4 0  9996
2 49200  87.9149 262.5076 0002815  91.5989 268.5467 13.20769867244692
ONEWEB-0335             
1 49201U 21083R   26228.16303873 -.00000091  00000+0 -28302-3 0  9990
2 49201  87.8974 308.3021 0001841 102.7390 257.3945 13.13470015238793
ONEWEB-0336             
1 49202U 21083S   26228.21043981  .00000386  00000+0  10225-2 0  9997
2 49202  87.8969 308.2873 0001683 102.7968 257.3349 13.13470308238790
ONEWEB-0337             
1 49203U 21083T   26228.22044763  .00000379  00000+0  10019-2 0  9991
2 49203  87.8972 308.2914 0001848  95.8829 264.2511 13.13472093238793
ONEWEB-0338             
1 49204U 21083U   26228.04047223  .00000100  00000+0  21406-3 0  9991
2 49204  87.9148 262.5139 0002351  94.4660 265.6742 13.20770328244719
ONEWEB-0339             
1 49205U 21083V   26228.15287528  .00000186  00000+0  47357-3 0  9995
2 49205  87.8972 308.2982 0002257  95.2958 264.8429 13.13470950238763
ONEWEB-0340             
1 49206U 21083W   26228.22771878  .00000050  00000+0  93238-4 0  9990
2 49206  87.9208 323.5270 0001818 101.0701 259.0635 13.18686141237884
ONEWEB-0341             
1 49207U 21083X   26228.23446370  .00000071  00000+0  14687-3 0  9991
2 49207  87.9200 323.5261 0001712  86.5390 273.5938 13.18685909237902
ONEWEB-0342             
1 49208U 21083Y   26228.04722436  .00000099  00000+0  21072-3 0  9997
2 49208  87.9146 262.5028 0002117  92.8736 267.2640 13.20771075244685
ONEWEB-0343             
1 49209U 21083Z   26227.71176013 -.00000013  00000+0 -65125-4 0  9991
2 49209  87.9204 323.6283 0002300  93.9891 266.1504 13.18685459237889
ONEWEB-0344             
1 49210U 21083AA  26228.14778911  .00000301  00000+0  79040-3 0  9994
2 49210  87.8971 308.3114 0001728  87.7164 272.4163 13.13470457238765
ONEWEB-0345             
1 49211U 21083AB  26227.75843398  .00000277  00000+0  72296-3 0  9991
2 49211  87.8979 308.3765 0001860  90.6625 269.4717 13.13470790238725
ONEWEB-0346             
1 49212U 21083AC  26227.78425963  .00000103  00000+0  22765-3 0  9993
2 49212  87.9206 323.6120 0001509 116.1207 244.0081 13.18685596237836
ONEWEB-0348             
1 49213U 21083AD  26228.11286745  .00000039  00000+0  64344-4 0  9993
2 49213  87.9148 262.4947 0001526  92.5190 267.6118 13.20770054244721
ONEWEB-0350             
1 49214U 21083AE  26228.15807843 -.00000121  00000+0 -36521-3 0  9995
2 49214  87.8976 308.3002 0002874 111.6759 248.4676 13.13469053238807
ONEWEB-0351             
1 49215U 21083AF  26228.10600736  .00000063  00000+0  12371-3 0  9993
2 49215  87.9150 262.4953 0002412  80.5996 279.5410 13.20772555244689
ONEWEB-0352             
1 49216U 21083AG  26228.20535054  .00000277  00000+0  72353-3 0  9998
2 49216  87.8972 308.2948 0002331  91.8878 268.2518 13.13471268238909
ONEWEB-0354             
1 49217U 21083AH  26228.05731750  .00000111  00000+0  24017-3 0  9994
2 49217  87.9148 262.5032 0001655  89.2430 270.8893 13.20772443244713
ONEWEB-0355             
1 49218U 21083AJ  26228.15880008  .00000032  00000+0  52468-4 0  9991
2 49218  87.8973 308.3043 0002037  92.0045 268.1317 13.13469804238775
ONEWEB-0357             
1 49219U 21083AK  26228.05398069 -.00002892  00000+0 -71495-2 0  9999
2 49219  87.9190 262.4991 0001681  79.2612 280.8710 13.20738589244717
ONEWEB-0332             
1 49279U 21090A   26228.12333919  .00000235  00000+0  60037-3 0  9992
2 49279  87.8929 277.7637 0002228  98.3471 261.7911 13.14502139235456
ONEWEB-0347             
1 49280U 21090B   26228.04385286  .00000085  00000+0  17678-3 0  9995
2 49280  87.9147 262.5072 0002289  97.1997 262.9397 13.20772303238940
ONEWEB-0349             
1 49281U 21090C   26228.07582187  .00000039  00000+0  63731-4 0  9999
2 49281  87.9147 262.5018 0002002  94.3712 265.7650 13.20768330237732
ONEWEB-0353             
1 49282U 21090D   26228.11539542  .00000169  00000+0  42108-3 0  9990
2 49282  87.8931 277.7620 0002272  98.7431 261.3956 13.14504532235458
ONEWEB-0356             
1 49283U 21090E   26228.07415291  .00000028  00000+0  37554-4 0  9994
2 49283  87.9149 262.4955 0001991 118.1018 242.0317 13.20770547237736
ONEWEB-0358             
1 49284U 21090F   26228.03459091  .00000049  00000+0  87677-4 0  9991
2 49284  87.9149 262.5116 0001925  95.9463 264.1890 13.20772239238451
ONEWEB-0359             
1 49285U 21090G   26228.10107475  .00000040  00000+0  65385-4 0  9999
2 49285  87.9148 262.4900 0001864  88.4483 271.6863 13.20770105238444
ONEWEB-0360             
1 49286U 21090H   26228.01523602  .00000031  00000+0  44714-4 0  9997
2 49286  87.9150 262.5133 0002004  91.9148 268.2214 13.20770808237745
ONEWEB-0361             
1 49287U 21090J   26228.07247892  .00000036  00000+0  57561-4 0  9997
2 49287  87.9148 262.5005 0001915  94.9727 265.1625 13.20771360238205
ONEWEB-0362             
1 49288U 21090K   26227.61760120  .00000025  00000+0  29433-4 0  9996
2 49288  87.9158 293.1442 0002119  91.2116 268.9259 13.19724764234755
ONEWEB-0363             
1 49289U 21090L   26228.08760591  .00000048  00000+0  85477-4 0  9996
2 49289  87.9149 262.4977 0001947 104.1879 255.9471 13.20770314238217
ONEWEB-0364             
1 49290U 21090M   26228.05058738  .00000122  00000+0  26899-3 0  9993
2 49290  87.9148 262.5123 0002055  93.1278 267.0090 13.20772044239341
ONEWEB-0365             
1 49291U 21090N   26228.15779897 -.00000613  00000+0 -15645-2 0  9994
2 49291  87.9165 293.0292 0002088  96.5001 263.6369 13.19717061234335
ONEWEB-0366             
1 49292U 21090P   26228.11224016  .00000124  00000+0  29942-3 0  9990
2 49292  87.8928 277.7643 0001975  95.8958 264.2397 13.14503272235430
ONEWEB-0367             
1 49293U 21090Q   26228.08678122  .00000027  00000+0  33338-4 0  9995
2 49293  87.9150 262.4999 0002174  91.5531 268.5851 13.20771540237735
ONEWEB-0368             
1 49294U 21090R   26228.06068862  .00000035  00000+0  55200-4 0  9999
2 49294  87.9145 262.5090 0002515 107.9967 252.1441 13.20770489238889
ONEWEB-0369             
1 49295U 21090S   26227.69814225  .00000050  00000+0  91966-4 0  9996
2 49295  87.9160 293.1246 0002114 109.0230 251.1132 13.19723973234269
ONEWEB-0370             
1 49296U 21090T   26228.02027846  .00000011  00000+0 -58881-5 0  9998
2 49296  87.9147 262.5119 0001943  86.3480 273.7875 13.20769729237760
ONEWEB-0371             
1 49297U 21090U   26228.16093899  .00000020  00000+0  17022-4 0  9995
2 49297  87.9165 293.0283 0002095 104.8532 255.2833 13.19723753234362
ONEWEB-0372             
1 49298U 21090V   26228.08580816  .00000035  00000+0  53753-4 0  9994
2 49298  87.9148 262.5008 0002075  95.4945 264.6425 13.20772757237747
ONEWEB-0373             
1 49299U 21090W   26228.11119615  .00000079  00000+0  16280-3 0  9995
2 49299  87.9148 262.4952 0001947  93.7162 266.4194 13.20771654238934
ONEWEB-0374             
1 49300U 21090X   26228.09952019 -.00000120  00000+0 -35693-3 0  9996
2 49300  87.8933 277.7595 0001712 111.7879 248.3433 13.14504882235433
ONEWEB-0375             
1 49301U 21090Y   26228.02365491 -.00000057  00000+0 -17294-3 0  9998
2 49301  87.9146 262.5052 0001634 107.3223 252.8089 13.20771228238424
ONEWEB-0376             
1 49302U 21090Z   26228.15937366  .00000047  00000+0  84631-4 0  9996
2 49302  87.9164 293.0283 0002241  97.3797 262.7591 13.19725245234362
ONEWEB-0377             
1 49303U 21090AA  26228.08608662  .00000058  00000+0  11058-3 0  9997
2 49303  87.9147 262.4945 0001902 103.2081 256.9265 13.20772096238427
ONEWEB-0378             
1 49304U 21090AB  26228.03051193  .00000114  00000+0  24802-3 0  9998
2 49304  87.9150 262.5086 0002022  98.2270 261.9092 13.20770553237683
ONEWEB-0379             
1 49305U 21090AC  26228.09478245 -.00000169  00000+0 -49114-3 0  9991
2 49305  87.8931 277.7695 0001997  99.6409 260.4947 13.14503972235439
ONEWEB-0380             
1 49306U 21090AD  26228.15620618  .00000066  00000+0  13355-3 0  9994
2 49306  87.9163 293.0303 0001864  97.8525 262.2820 13.19724294234332
ONEWEB-0381             
1 49307U 21090AE  26228.08256904  .00000013  00000+0  26264-6 0  9998
2 49307  87.9149 262.5002 0001850  99.9526 260.1816 13.20770763237736
ONEWEB-0382             
1 49308U 21090AF  26228.06909544  .00000030  00000+0  41925-4 0  9990
2 49308  87.9151 262.4967 0001963 102.3315 257.8039 13.20769861237725
ONEWEB-0383             
1 49309U 21090AG  26228.08842752 -.00000185  00000+0 -53324-3 0  9998
2 49309  87.8935 277.7637 0002053 100.3853 259.7508 13.14504339235465
ONEWEB-0384             
1 49310U 21090AH  26228.05579845  .00000064  00000+0  12467-3 0  9994
2 49310  87.9148 262.5428 0002030 108.7117 251.4237 13.20817243237732
ONEWEB-0385             
1 49311U 21090AJ  26228.06236750 -.00000002  00000+0 -35700-4 0  9991
2 49311  87.9147 262.5029 0001985 100.8881 259.2476 13.20772209237708
ONEWEB-0386             
1 49312U 21090AK  26228.07921384  .00000036  00000+0  55878-4 0  9990
2 49312  87.9152 262.4926 0002030 103.2954 256.8406 13.20771093237728
ONEWEB-0387             
1 49313U 21090AL  26228.06404958  .00000078  00000+0  15894-3 0  9992
2 49313  87.9146 262.5109 0001679  96.0443 264.0881 13.20769786237720
ONEWEB-0388             
1 49314U 21090AM  26228.15147749  .00000081  00000+0  16932-3 0  9993
2 49314  87.9158 293.0294 0002021 101.5814 258.5546 13.19725643234325
ONEWEB-0389             
1 50469U 21132A   26228.11236480 -.00000065  00000+0 -20109-3 0  9995
2 50469  87.9189 353.9569 0001559 105.6133 254.5170 13.17647966225976
ONEWEB-0390             
1 50470U 21132B   26227.88624088 -.00000065  00000+0 -20002-3 0  9997
2 50470  87.9190 354.0027 0001794  93.1294 267.0043 13.17648890225943
ONEWEB-0391             
1 50471U 21132C   26228.11573931  .00000042  00000+0  74126-4 0  9995
2 50471  87.9188 353.9668 0001031 101.9645 258.1602 13.17649004225975
ONEWEB-0392             
1 50472U 21132D   26227.91830269 -.00000013  00000+0 -67508-4 0  9999
2 50472  87.9195 353.9788 0001502 104.5291 255.6007 13.17649052225981
ONEWEB-0393             
1 50473U 21132E   26228.04570181  .00000024  00000+0  28464-4 0  9997
2 50473  87.9187 353.9660 0001722 101.6634 258.4691 13.17648086225992
ONEWEB-0394             
1 50474U 21132F   26227.81292084  .00000006  00000+0 -16763-4 0  9995
2 50474  87.9211 323.5959 0001971 105.6732 254.4618 13.18684644229455
ONEWEB-0395             
1 50475U 21132G   26227.90755436  .00000219  00000+0  58090-3 0  9994
2 50475  87.8929   9.1805 0001750  91.4091 268.7237 13.11417297223543
ONEWEB-0396             
1 50476U 21132H   26227.80617793  .00000026  00000+0  33864-4 0  9996
2 50476  87.9209 323.6098 0001829 104.4261 255.7074 13.18684578229495
ONEWEB-0397             
1 50477U 21132J   26227.82134933  .00000020  00000+0  18446-4 0  9992
2 50477  87.9211 323.6068 0001979 107.4448 252.6901 13.18684664229471
ONEWEB-0398             
1 50478U 21132K   26227.95149573 -.00000516  00000+0 -14929-2 0  9995
2 50478  87.8934   9.1672 0001763  86.9623 273.1707 13.11414498223449
ONEWEB-0399             
1 50479U 21132L   26228.09053819  .00000224  00000+0  59603-3 0  9992
2 50479  87.8925   9.1487 0001512 110.7402 249.3888 13.11414448223458
ONEWEB-0400             
1 50480U 21132M   26227.79943156 -.00000043  00000+0 -14226-3 0  9995
2 50480  87.9212 323.6016 0001941  97.0066 263.1287 13.18684834229460
ONEWEB-0401             
1 50481U 21132N   26228.22433514  .00000113  00000+0  25373-3 0  9998
2 50481  87.9213 323.5151 0002168 105.1753 254.9619 13.18684364229529
ONEWEB-0402             
1 50482U 21132P   26227.80787413 -.00000094  00000+0 -27102-3 0  9994
2 50482  87.9212 323.5859 0002332 110.6618 249.4764 13.18685642229494
ONEWEB-0403             
1 50483U 21132Q   26228.21253074  .00000100  00000+0  21999-3 0  9996
2 50483  87.9209 323.5299 0001860 102.6579 257.4761 13.18684840229508
ONEWEB-0404             
1 50484U 21132R   26227.91927897  .00000481  00000+0  13219-2 0  9991
2 50484  87.8931   9.1798 0001490  99.9151 260.2145 13.11418053223522
ONEWEB-0405             
1 50485U 21132S   26228.22603046  .00000062  00000+0  12362-3 0  9998
2 50485  87.9215 323.5135 0001987  87.0675 273.0685 13.18685023229906
ONEWEB-0406             
1 50486U 21132T   26228.21759134  .00000102  00000+0  22648-3 0  9991
2 50486  87.9208 323.5282 0001501 109.1673 250.9622 13.18684535229539
ONEWEB-0407             
1 50487U 21132U   26227.83147824  .00000045  00000+0  82564-4 0  9996
2 50487  87.9213 323.5994 0002183  98.6915 261.4465 13.18685613229422
ONEWEB-0409             
1 50488U 21132V   26227.91757791  .00000518  00000+0  14256-2 0  9992
2 50488  87.8936   9.1710 0001530  94.5777 265.5526 13.11418835223412
ONEWEB-0412             
1 50489U 21132W   26228.19904564  .00000087  00000+0  18913-3 0  9992
2 50489  87.9207 323.5324 0002207 107.0758 253.0616 13.18685397229560
ONEWEB-0413             
1 50490U 21132X   26228.20411189  .00000074  00000+0  15457-3 0  9998
2 50490  87.9212 323.5280 0002249 102.3093 257.8291 13.18686518229506
ONEWEB-0414             
1 50491U 21132Y   26227.73366983  .00000014  00000+0  29924-5 0  9997
2 50491  87.9213 323.6074 0001999 106.8380 253.2972 13.18685268229472
ONEWEB-0417             
1 50492U 21132Z   26227.81798833  .00000064  00000+0  13045-3 0  9990
2 50492  87.9207 323.6055 0001724 101.0701 259.0625 13.18686189229466
ONEWEB-0418             
1 50493U 21132AA  26228.20733130 -.00000041  00000+0 -13792-3 0  9990
2 50493  87.9208 323.5307 0001698 101.0406 259.0917 13.18686260229575
ONEWEB-0419             
1 50494U 21132AB  26228.22683635  .00000101  00000+0  22411-3 0  9990
2 50494  87.9213 323.5292 0001775  95.5092 264.6242 13.18667526229497
ONEWEB-0420             
1 50495U 21132AC  26227.81124911 -.00000027  00000+0 -10220-3 0  9996
2 50495  87.9203 323.6091 0002150  98.3944 261.7432 13.18685468229438
ONEWEB-0421             
1 50496U 21132AD  26228.03212378 -.00000007  00000+0 -50166-4 0  9999
2 50496  87.9206 323.5637 0002081 111.2607 248.8747 13.18684790229501
ONEWEB-0424             
1 50497U 21132AE  26228.22096215  .00000090  00000+0  19500-3 0  9997
2 50497  87.9209 323.5271 0001823  90.4430 269.6911 13.18684885229558
ONEWEB-0426             
1 50498U 21132AF  26227.80027794 -.00000051  00000+0 -16295-3 0  9994
2 50498  87.9211 323.6025 0001563 119.8053 240.3235 13.18686520229449
ONEWEB-0427             
1 50499U 21132AG  26228.21927668  .00000116  00000+0  26192-3 0  9997
2 50499  87.9211 323.5091 0001791 103.7282 256.4050 13.18685066229527
ONEWEB-0429             
1 50500U 21132AH  26228.20579862  .00000095  00000+0  20698-3 0  9999
2 50500  87.9204 323.5311 0002106 100.1035 260.0335 13.18686398229497
ONEWEB-0430             
1 50501U 21132AJ  26227.81461457 -.00000043  00000+0 -14230-3 0  9996
2 50501  87.9206 323.6075 0002201  97.2431 262.8951 13.18685351229481
ONEWEB-0432             
1 50502U 21132AK  26227.72172446 -.00000002  00000+0 -39056-4 0  9993
2 50502  87.9212 323.6146 0002037  87.7528 272.3837 13.18684651229421
ONEWEB-0440             
1 50503U 21132AL  26228.21423182  .00000106  00000+0  23735-3 0  9994
2 50503  87.9208 323.5284 0002246 105.8414 254.2966 13.18686667229484
ONEWEB-0450             
1 50504U 21132AM  26228.20761337  .00000092  00000+0  19989-3 0  9991
2 50504  87.9203 323.5294 0002134  98.2706 261.8668 13.18685175229516
ONEWEB-0410             
1 51622U 22012A   26228.05499440  .00000076  00000+0  16143-3 0  9998
2 51622  87.9195 353.9625 0000907 140.6155 219.5043 13.17649109221581
ONEWEB-0411             
1 51623U 22012B   26227.95396949  .00000374  00000+0  10350-2 0  9991
2 51623  87.8856  24.3605 0002184  82.2626 277.8749 13.10375301217112
ONEWEB-0415             
1 51624U 22012C   26228.17965363  .00000256  00000+0  69842-3 0  9999
2 51624  87.8855  24.3121 0001800  83.7292 276.4041 13.10376221217149
ONEWEB-0416             
1 51625U 22012D   26227.96245796  .00000630  00000+0  17694-2 0  9990
2 51625  87.8844  24.3700 0001702  81.8485 278.2836 13.10372566217156
ONEWEB-0422             
1 51626U 22012E   26228.06510690 -.00000030  00000+0 -10957-3 0  9993
2 51626  87.9190 353.9590 0002508 100.4150 259.7265 13.17649545221697
ONEWEB-0423             
1 51627U 22012F   26227.90648549 -.00000051  00000+0 -16537-3 0  9994
2 51627  87.9190 353.9937 0001811 101.7272 258.4063 13.17647964221569
ONEWEB-0425             
1 51628U 22012G   26228.20170953  .00000573  00000+0  16065-2 0  9990
2 51628  87.8845  24.3077 0001370  97.5211 262.6072 13.10370669217183
ONEWEB-0428             
1 51629U 22012H   26228.18134418  .00000329  00000+0  90695-3 0  9995
2 51629  87.8847  24.3172 0001777  93.2746 266.8584 13.10375225217142
ONEWEB-0431             
1 51630U 22012J   26227.92157387 -.00000603  00000+0 -17642-2 0  9995
2 51630  87.8848  24.3633 0002146  81.5462 278.5908 13.10371183217164
ONEWEB-0434             
1 51631U 22012K   26227.89980705  .00000305  00000+0  83762-3 0  9994
2 51631  87.8846  24.3943 0001357 110.5153 249.6120 13.10369345217140
ONEWEB-0435             
1 51632U 22012L   26227.98281706  .00000049  00000+0  10473-3 0  9994
2 51632  87.8840  24.3602 0002121  93.7181 266.4189 13.10369309217142
ONEWEB-0436             
1 51633U 22012M   26227.89805078 -.00000128  00000+0 -36334-3 0  9993
2 51633  87.9199 353.9808 0002103 103.2604 256.8762 13.17648804221543
ONEWEB-0438             
1 51634U 22012N   26227.96755481  .00000593  00000+0  16628-2 0  9991
2 51634  87.8844  24.3672 0001589  95.2821 264.8488 13.10371516217170
ONEWEB-0439             
1 51635U 22012P   26227.97095052  .00000484  00000+0  13500-2 0  9999
2 51635  87.8848  24.3546 0001701  98.7147 261.4173 13.10373817217158
ONEWEB-0442             
1 51636U 22012Q   26227.89045642  .00000014  00000+0  28683-5 0  9991
2 51636  87.9188 354.0107 0001320 108.4262 251.7013 13.17648319221538
ONEWEB-0443             
1 51637U 22012R   26227.90986780 -.00000055  00000+0 -17447-3 0  9992
2 51637  87.9188 354.0082 0001986 109.0065 251.1281 13.17648902221581
ONEWEB-0444             
1 51638U 22012S   26227.96076992  .00000574  00000+0  16085-2 0  9994
2 51638  87.8850  24.3555 0001867  98.6178 261.5161 13.10373310217167
ONEWEB-0445             
1 51639U 22012T   26227.90475963  .00000148  00000+0  38906-3 0  9994
2 51639  87.8849  24.3584 0001709  89.9785 270.1538 13.10369309217167
ONEWEB-0446             
1 51640U 22012U   26228.18814434  .00000602  00000+0  16879-2 0  9996
2 51640  87.8845  24.3265 0001599  82.9553 277.1756 13.10374280217189
ONEWEB-0448             
1 51641U 22012V   26228.19323572  .00000599  00000+0  16808-2 0  9993
2 51641  87.8842  24.3203 0001788  95.7523 264.3809 13.10372695217150
ONEWEB-0449             
1 51642U 22012W   26228.19832402  .00000665  00000+0  18676-2 0  9990
2 51642  87.8848  24.3085 0001172  99.5956 260.5304 13.10371891217160
ONEWEB-0451             
1 51643U 22012X   26228.04655185  .00000052  00000+0  99537-4 0  9993
2 51643  87.9198 353.9506 0001698 104.5471 255.5849 13.17649244221543
ONEWEB-0452             
1 51644U 22012Y   26227.89299793  .00000013  00000+0  11392-5 0  9996
2 51644  87.9185 354.0117 0001797 112.0131 248.1192 13.17650453221539
ONEWEB-0456             
1 51646U 22012AA  26227.97772887  .00000251  00000+0  68361-3 0  9997
2 51646  87.8856  24.3444 0001929  95.6291 264.5056 13.10369100217170
ONEWEB-0457             
1 51647U 22012AB  26228.18460744  .00000390  00000+0  10800-2 0  9996
2 51647  87.8851  24.3152 0001518  83.8946 276.2354 13.10375141217209
ONEWEB-0458             
1 51648U 22012AC  26227.97688191  .00000277  00000+0  75585-3 0  9997
2 51648  87.8847  24.3457 0001750 101.6014 258.5310 13.10370295217138
ONEWEB-0461             
1 51649U 22012AD  26228.06680443  .00000009  00000+0 -97897-5 0  9997
2 51649  87.9191 353.9592 0001745  95.9857 264.1474 13.17649070221773
ONEWEB-0463             
1 51650U 22012AE  26228.04824049 -.00000031  00000+0 -11365-3 0  9999
2 51650  87.9189 353.9808 0001756  94.4938 265.6394 13.17648968221556
ONEWEB-0464             
1 51651U 22012AF  26227.97434074  .00000449  00000+0  12514-2 0  9993
2 51651  87.8842  24.3652 0001995 103.7511 256.3838 13.10370365217151
ONEWEB-0468             
1 51652U 22012AG  26227.97942000  .00000223  00000+0  60162-3 0  9990
2 51652  87.8841  24.3572 0001952  97.1568 262.9781 13.10368737217131
ONEWEB-0473             
1 51653U 22012AH  26228.19492791  .00000651  00000+0  18297-2 0  9999
2 51653  87.8841  24.3164 0001883  93.6745 266.4597 13.10372463217168
ONEWEB-0474             
1 51654U 22012AJ  26228.18644706  .00000451  00000+0  12548-2 0  9995
2 51654  87.8853  24.3079 0002031 102.5453 257.5901 13.10374522217156
ONEWEB-0475             
1 51655U 22012AK  26227.90817421  .00000009  00000+0 -10045-4 0  9993
2 51655  87.9190 354.0018 0002381 111.0787 249.0600 13.17648519221559
ONEWEB-0490             
1 54113U 22138A   26227.72658531 -.00000049  00000+0 -15388-3 0  9998
2 54113  87.9165 293.1150 0002277  97.6814 262.4577 13.19725713184685
ONEWEB-0492             
1 54114U 22138B   26228.13094725  .00000110  00000+0  24351-3 0  9991
2 54114  87.9160 293.0324 0002219  92.6088 267.5298 13.19725503184747
ONEWEB-0495             
1 54115U 22138C   26228.10882130  .00000058  00000+0  11211-3 0  9996
2 54115  87.9159 293.0396 0002708  97.2580 262.8861 13.19724704184720
ONEWEB-0497             
1 54116U 22138D   26228.12147132  .00000101  00000+0  22089-3 0  9999
2 54116  87.9164 293.0328 0002162  97.6487 262.4892 13.19725998184711
ONEWEB-0499             
1 54117U 22138E   26227.72580108  .00000010  00000+0 -68059-5 0  9998
2 54117  87.9160 293.1172 0002284 100.0191 260.1200 13.19725790184675
ONEWEB-0500             
1 54118U 22138F   26227.72814942  .00000010  00000+0 -76634-5 0  9993
2 54118  87.9165 293.1141 0002025  95.2294 264.9070 13.19723514184689
ONEWEB-0501             
1 54119U 22138G   26228.13724873  .00000091  00000+0  19560-3 0  9994
2 54119  87.9163 293.0329 0002489  97.8614 262.2801 13.19724016184718
ONEWEB-0502             
1 54120U 22138H   26228.12304573  .00000097  00000+0  21048-3 0  9996
2 54120  87.9166 293.0256 0002284 100.4109 259.7281 13.19725844184730
ONEWEB-0503             
1 54121U 22138J   26228.11199204  .00000082  00000+0  17149-3 0  9990
2 54121  87.9168 293.0346 0001949 105.0216 255.1132 13.19726218184720
ONEWEB-0504             
1 54122U 22138K   26227.72025873 -.00000104  00000+0 -29202-3 0  9997
2 54122  87.9167 293.1161 0002271 101.8599 258.2789 13.19724111184680
ONEWEB-0505             
1 54123U 22138L   26227.64130201 -.00000059  00000+0 -17996-3 0  9997
2 54123  87.9166 293.1318 0002513 100.6076 259.5340 13.19724699184655
ONEWEB-0506             
1 54124U 22138M   26228.14673610  .00000078  00000+0  16209-3 0  9995
2 54124  87.9164 293.0303 0002373  99.1968 260.9433 13.19724340184712
ONEWEB-0507             
1 54125U 22138N   26228.16727168  .00000032  00000+0  48536-4 0  9995
2 54125  87.9160 293.0327 0002263  97.4644 262.6746 13.19725317184761
ONEWEB-0508             
1 54126U 22138P   26228.16411999  .00000055  00000+0  10482-3 0  9991
2 54126  87.9161 293.0329 0002375  95.9895 264.1508 13.19726398184741
ONEWEB-0509             
1 54127U 22138Q   26228.13882344  .00000048  00000+0  87543-4 0  9990
2 54127  87.9169 293.0330 0002194  94.6386 265.4997 13.19723815184716
ONEWEB-0510             
1 54128U 22138R   26228.05562583  .00000086  00000+0  17840-3 0  9996
2 54128  87.9146 262.5004 0001603  96.6759 263.4557 13.20770152187183
ONEWEB-0511             
1 54129U 22138S   26228.13568378  .00000100  00000+0  21796-3 0  9996
2 54129  87.9163 293.0338 0002128 104.8230 255.3139 13.19726164184748
ONEWEB-0512             
1 54130U 22138T   26227.74872056  .00005625  00000+0  14014-1 0  9995
2 54130  87.9158 293.1122 0002695  96.8049 263.3391 13.19698935184667
ONEWEB-0513             
1 54131U 22138U   26228.10870291  .00000061  00000+0  11854-3 0  9996
2 54131  87.9163 292.9770 0002765 109.7538 250.3894 13.20271776184627
ONEWEB-0514             
1 54132U 22138V   26228.14357961  .00000098  00000+0  21239-3 0  9993
2 54132  87.9165 293.0322 0001917  98.3637 261.7713 13.19725550184736
ONEWEB-0515             
1 54133U 22138W   26228.04215991  .00000103  00000+0  22109-3 0  9993
2 54133  87.9151 262.5004 0001733  69.1789 290.9529 13.20770073187206
ONEWEB-0516             
1 54134U 22138X   26228.11829683  .00000116  00000+0  25776-3 0  9998
2 54134  87.9161 293.0395 0002167  94.3188 265.8192 13.19725177184730
ONEWEB-0517             
1 54135U 22138Y   26228.17358109  .00000035  00000+0  56126-4 0  9999
2 54135  87.9166 293.0245 0001944 103.8876 256.2473 13.19724408184745
ONEWEB-0518             
1 54136U 22138Z   26228.11672764  .00000099  00000+0  21576-3 0  9990
2 54136  87.9156 293.0416 0002125  91.8419 268.2957 13.19726610184732
ONEWEB-0519             
1 54137U 22138AA  26227.68710563  .00001107  00000+0  27320-2 0  9995
2 54137  87.9163 293.1225 0001910 114.2505 245.8828 13.19719972184682
ONEWEB-0520             
1 54138U 22138AB  26228.17674132  .00000037  00000+0  59780-4 0  9990
2 54138  87.9167 293.0257 0002325  96.3877 263.7520 13.19724634184739
ONEWEB-0521             
1 54139U 22138AC  26228.13409946  .00000102  00000+0  22224-3 0  9991
2 54139  87.9172 293.0244 0001904 103.1812 256.9533 13.19724616184671
ONEWEB-0522             
1 54140U 22138AD  26228.18939306  .00000091  00000+0  19536-3 0  9995
2 54140  87.9168 293.0157 0002215  99.9678 260.1704 13.19725369184728
ONEWEB-0523             
1 54141U 22138AE  26228.02870802  .00000045  00000+0  79865-4 0  9995
2 54141  87.9150 262.5115 0001283  85.7273 274.4007 13.20771536187202
ONEWEB-0524             
1 54142U 22138AF  26228.01860819  .00000035  00000+0  53356-4 0  9998
2 54142  87.9149 262.5100 0001987  69.0175 291.1170 13.20771118187205
ONEWEB-0525             
1 54143U 22138AG  26228.13252436  .00000094  00000+0  20202-3 0  9990
2 54143  87.9167 293.0330 0002427  94.6760 265.4650 13.19726100184735
ONEWEB-0526             
1 54144U 22138AH  26228.16568395  .00000040  00000+0  67554-4 0  9991
2 54144  87.9166 293.0267 0002183  94.9585 265.1796 13.19726469184715
ONEWEB-0529             
1 54145U 22138AJ  26228.16884203  .00000037  00000+0  60118-4 0  9996
2 54145  87.9161 293.0312 0002268  96.6221 263.5170 13.19724313184738
ONEWEB-0531             
1 54146U 22138AK  26228.08088153  .00000012  00000+0 -19488-5 0  9997
2 54146  87.9149 262.4949 0001337  75.9080 284.2202 13.20770193187211
ONEWEB-0535             
1 54147U 22138AL  26228.12619105  .00000097  00000+0  20977-3 0  9995
2 54147  87.9168 293.0291 0001742  98.4030 261.7300 13.19724457184742
ONEWEB-0536             
1 54148U 22138AM  26228.06742478  .00000032  00000+0  45645-4 0  9998
2 54148  87.9137 262.5126 0001445  66.6764 293.4521 13.20771313187204
ONEWEB-0527             
1 54642U 22166A   26228.05249606  .00000034  00000+0  50917-4 0  9992
2 54642  87.9224 232.0771 0002153  90.1704 269.9677 13.21824854179448
ONEWEB-0528             
1 54643U 22166B   26228.05332413 -.00000132  00000+0 -35056-3 0  9999
2 54643  87.9225 232.0800 0002343  87.9425 272.1977 13.21825813179454
ONEWEB-0539             
1 54644U 22166C   26228.01550007  .00000035  00000+0  53675-4 0  9995
2 54644  87.9232 232.0631 0002098  96.1536 263.9837 13.21825684179445
ONEWEB-0540             
1 54645U 22166D   26228.02236194  .00000086  00000+0  17717-3 0  9997
2 54645  87.9225 232.0877 0002030  91.9977 268.1389 13.21827325179430
ONEWEB-0542             
1 54646U 22166E   26228.02558476  .00000055  00000+0  10258-3 0  9997
2 54646  87.9233 232.0606 0002032  97.3735 262.7630 13.21825217179442
ONEWEB-0545             
1 54647U 22166F   26228.06595723  .00000011  00000+0 -56110-5 0  9990
2 54647  87.9225 232.0599 0001729 107.0098 253.1226 13.21825109179410
ONEWEB-0580             
1 54648U 22166G   26228.04073098 -.00000044  00000+0 -13923-3 0  9995
2 54648  87.9225 232.0644 0001782  97.7151 262.4185 13.21825547179453
ONEWEB-0582             
1 54649U 22166H   26228.08278684  .00000008  00000+0 -12858-4 0  9994
2 54649  87.9228 232.0494 0001978 104.5862 255.5491 13.21825714179430
ONEWEB-0583             
1 54650U 22166J   26228.01885745  .00000091  00000+0  18878-3 0  9999
2 54650  87.9225 232.0847 0002051  91.9097 268.2272 13.21825324179438
ONEWEB-0584             
1 54651U 22166K   26228.03904535  .00000019  00000+0  14610-4 0  9992
2 54651  87.9223 232.0648 0002029  90.9225 269.2141 13.21826998179426
ONEWEB-0585             
1 54652U 22166L   26228.06260426  .00000047  00000+0  81771-4 0  9993
2 54652  87.9230 232.0505 0002206  86.4907 273.6479 13.21826308179430
ONEWEB-0586             
1 54653U 22166M   26228.07605639  .00000001  00000+0 -28150-4 0  9997
2 54653  87.9226 232.0719 0002092  95.5614 264.5758 13.21825173179430
ONEWEB-0587             
1 54654U 22166N   26228.08614438  .00000023  00000+0  23136-4 0  9998
2 54654  87.9235 232.0488 0002263  83.1019 277.0373 13.21824427179596
ONEWEB-0589             
1 54655U 22166P   26228.07268429  .00000019  00000+0  14874-4 0  9997
2 54655  87.9222 232.0562 0001711 114.8085 245.3227 13.21825275179451
ONEWEB-0590             
1 54656U 22166Q   26228.02208123  .00000056  00000+0  10378-3 0  9993
2 54656  87.9234 232.0624 0001728  80.0619 280.0709 13.21825419179438
ONEWEB-0591             
1 54657U 22166R   26228.03400647  .00000100  00000+0  21060-3 0  9990
2 54657  87.9223 232.0692 0002024  90.0119 270.1247 13.21825980179461
ONEWEB-0592             
1 54658U 22166S   26228.03736821  .00000060  00000+0  11376-3 0  9991
2 54658  87.9231 232.0523 0002098  90.2783 269.8591 13.21826236179343
ONEWEB-0593             
1 54659U 22166T   26228.05921693  .00000054  00000+0  98249-4 0  9995
2 54659  87.9228 232.0562 0002133  94.6982 265.4395 13.21824653179459
ONEWEB-0594             
1 54660U 22166U   26228.07942374  .00000033  00000+0  47709-4 0  9990
2 54660  87.9224 232.0668 0002255  88.0079 272.1313 13.21826254179479
ONEWEB-0595             
1 54661U 22166V   26228.05586365  .00000076  00000+0  15154-3 0  9998
2 54661  87.9233 232.0571 0002166  84.0634 276.0747 13.21824948179446
ONEWEB-0596             
1 54662U 22166W   26228.03064308  .00000055  00000+0  10083-3 0  9998
2 54662  87.9228 232.0701 0002125  87.7306 272.4071 13.21827391179442
ONEWEB-0597             
1 54663U 22166X   26228.01213708 -.00000002  00000+0 -35431-4 0  9996
2 54663  87.9225 232.0756 0002060  91.6650 268.4719 13.21825298179442
ONEWEB-0600             
1 54664U 22166Y   26228.06932034  .00000026  00000+0  32296-4 0  9992
2 54664  87.9225 232.0558 0002256  94.5420 265.5971 13.21825243179423
ONEWEB-0601             
1 54665U 22166Z   26228.06091029  .00000006  00000+0 -16795-4 0  9998
2 54665  87.9224 232.0730 0002008  97.9028 262.2334 13.21826726179616
ONEWEB-0602             
1 54666U 22166AA  26228.02643765  .00000034  00000+0  50862-4 0  9998
2 54666  87.9224 232.0855 0002292  94.4810 265.6586 13.21826468179452
ONEWEB-0603             
1 54667U 22166AB  26228.03232407  .00000138  00000+0  30186-3 0  9998
2 54667  87.9233 232.0471 0002115  92.5802 267.5574 13.21827097179380
ONEWEB-0604             
1 54668U 22166AC  26228.02055149  .00000043  00000+0  71449-4 0  9997
2 54668  87.9234 232.0657 0002177  89.6665 270.4719 13.21825946179341
ONEWEB-0605             
1 54669U 22166AD  26228.01381720  .00000026  00000+0  32386-4 0  9992
2 54669  87.9226 232.0753 0001515  97.3820 262.7486 13.21827251179418
ONEWEB-0606             
1 54670U 22166AE  26228.03567204  .00000052  00000+0  94439-4 0  9995
2 54670  87.9225 232.0833 0002245  88.3156 271.8235 13.21824856179478
ONEWEB-0607             
1 54671U 22166AF  26228.07772920  .00000025  00000+0  29923-4 0  9999
2 54671  87.9232 232.0501 0002104  94.9006 265.2368 13.21824395179450
ONEWEB-0608             
1 54672U 22166AG  26228.08447209 -.00000043  00000+0 -13480-3 0  9992
2 54672  87.9236 232.0474 0001738 101.2768 258.8561 13.21825588179462
ONEWEB-0610             
1 54673U 22166AH  26228.06427380  .00000054  00000+0  99207-4 0  9991
2 54673  87.9224 232.0594 0002019 108.0356 252.0998 13.21825339179367
ONEWEB-0611             
1 54674U 22166AJ  26228.05754865  .00000034  00000+0  49876-4 0  9997
2 54674  87.9227 232.0568 0002152  87.2698 272.8682 13.21825953179358
ONEWEB-0612             
1 54675U 22166AK  26228.07099988 -.00000003  00000+0 -37631-4 0  9992
2 54675  87.9236 232.0558 0002032  94.0368 266.0998 13.21825012179345
ONEWEB-0615             
1 54676U 22166AL  26228.05082118 -.00000032  00000+0 -10890-3 0  9997
2 54676  87.9225 232.0691 0002330  87.4722 272.6679 13.21827114179358
ONEWEB-0655             
1 54677U 22166AM  26228.02727806  .00000064  00000+0  12289-3 0  9992
2 54677  87.9225 232.0737 0002231  94.9250 265.2139 13.21825628179345
ONEWEB-0659             
1 54678U 22166AN  26228.04410389  .00000103  00000+0  21757-3 0  9994
2 54678  87.9222 232.0699 0002066  88.6409 271.4961 13.21826027179438
ONEWEB-0685             
1 54679U 22166AP  26228.01795302  .00000019  00000+0  15092-4 0  9995
2 54679  87.9220 232.0535 0001502  95.8341 264.2965 13.23185917179325
ONEWEB-0712             
1 54680U 22166AQ  26228.02161883  .00000052  00000+0  10216-3 0  9998
2 54680  87.9091 216.8887 0002472  94.8140 265.3273 13.16594282179938
ONEWEB-0714             
1 54681U 22166AR  26228.04913581  .00000030  00000+0  41954-4 0  9991
2 54681  87.9230 232.0591 0002378  92.9352 267.2054 13.21825231179446
ONEWEB-0532             
1 55140U 23004A   26228.09801973 -.00000015  00000+0 -71086-4 0  9994
2 55140  87.9187 353.9547 0001576  92.3136 267.8176 13.17647615175478
ONEWEB-0533             
1 55141U 23004B   26227.84615792  .00000388  00000+0  10430-2 0  9994
2 55141  87.8998 338.8190 0001879 106.7381 253.3954 13.12442818175884
ONEWEB-0541             
1 55142U 23004C   26227.92266934  .00000569  00000+0  15703-2 0  9993
2 55142  87.8933   9.1734 0001762  91.1291 269.0039 13.11417644173776
ONEWEB-0543             
1 55143U 23004D   26227.80280373 -.00000010  00000+0 -58271-4 0  9996
2 55143  87.9202 323.6202 0002240 102.1196 258.0187 13.18684464177555
ONEWEB-0544             
1 55144U 23004E   26227.79606830  .00000009  00000+0 -10358-4 0  9996
2 55144  87.9203 323.6213 0002121  95.3966 264.7408 13.18685697177554
ONEWEB-0560             
1 55145U 23004F   26227.78931744 -.00000012  00000+0 -63317-4 0  9999
2 55145  87.9202 323.6125 0002232  96.8836 263.2550 13.18684551177562
ONEWEB-0565             
1 55146U 23004G   26228.23783617  .00000090  00000+0  19632-3 0  9999
2 55146  87.9193 323.5458 0001897  88.0286 272.1063 13.18686318177615
ONEWEB-0567             
1 55147U 23004H   26228.23109168  .00000079  00000+0  16874-3 0  9995
2 55147  87.9202 323.5365 0001994  90.4147 269.7214 13.18684966177612
ONEWEB-0569             
1 55148U 23004J   26228.18841149 -.00000116  00000+0 -35352-3 0  9998
2 55148  87.8980 308.2899 0002717  85.1626 274.9813 13.13472368178052
ONEWEB-0570             
1 55149U 23004K   26228.22266325  .00000087  00000+0  18786-3 0  9998
2 55149  87.9202 323.5354 0001482  99.9589 260.1711 13.18685517177607
ONEWEB-0571             
1 55150U 23004L   26228.21590938  .00000080  00000+0  17141-3 0  9996
2 55150  87.9200 323.5363 0002463  70.0379 290.1018 13.18684914177618
ONEWEB-0572             
1 55151U 23004M   26227.90143053 -.00000030  00000+0 -11064-3 0  9999
2 55151  87.9189 353.9958 0001818  94.3449 265.7891 13.17648975175343
ONEWEB-0573             
1 55152U 23004N   26228.20917992  .00000081  00000+0  17359-3 0  9992
2 55152  87.9201 323.5398 0002078  75.6583 284.4780 13.18685898177602
ONEWEB-0588             
1 55153U 23004P   26228.20241529  .00000080  00000+0  17146-3 0  9992
2 55153  87.9201 323.5400 0001545  93.1983 266.9326 13.18685392177604
ONEWEB-0598             
1 55154U 23004Q   26227.90063396 -.00000072  00000+0 -23917-3 0  9999
2 55154  87.8929   9.1842 0002249  80.3774 279.7608 13.11417391173725
ONEWEB-0599             
1 55155U 23004R   26227.86261735  .00000058  00000+0  11662-3 0  9998
2 55155  87.9188 354.0020 0002090  98.0408 262.0961 13.17648770175348
ONEWEB-0614             
1 55156U 23004S   26227.89555330 -.00002743  00000+0 -77794-2 0  9991
2 55156  87.8927   9.1916 0001855  94.1259 266.0081 13.11398026173660
ONEWEB-0616             
1 55157U 23004T   26228.05667455  .00000028  00000+0  39643-4 0  9998
2 55157  87.9192 353.9683 0002763 104.3449 255.7989 13.17649588175584
ONEWEB-0617             
1 55158U 23004U   26227.95996559 -.00000477  00000+0 -13818-2 0  9991
2 55158  87.8933   9.1744 0001385  95.0783 265.0503 13.11416486173690
ONEWEB-0618             
1 55159U 23004V   26227.83243391  .00002857  00000+0  15668-3 0  9996
2 55159  86.9125 153.4187 0015193  74.3621 285.9295 15.13649780191284
ONEWEB-0619             
1 55160U 23004W   26227.86092696 -.00000023  00000+0 -91224-4 0  9999
2 55160  87.9197 353.9929 0001829 112.3100 247.8226 13.17648513175450
ONEWEB-0620             
1 55161U 23004X   26228.10747771 -.00000423  00000+0 -12291-2 0  9998
2 55161  87.8926   9.1497 0001805  87.8294 272.3041 13.11415228173684
ONEWEB-0621             
1 55162U 23004Y   26227.90572579  .00000116  00000+0  29085-3 0  9995
2 55162  87.8935   9.1837 0001594 101.3346 258.7961 13.11419494173631
ONEWEB-0622             
1 55163U 23004Z   26227.91081332  .00000292  00000+0  78942-3 0  9990
2 55163  87.8934   9.1864 0001145  84.7912 275.3347 13.11418348173625
ONEWEB-0623             
1 55164U 23004AA  26228.08366367 -.00000031  00000+0 -11250-3 0  9996
2 55164  87.9185 353.9714 0001257 116.5092 243.6168 13.17649730175477
ONEWEB-0624             
1 55165U 23004AB  26227.79030171 -.00000279  00000+0 -80395-3 0  9995
2 55165  87.8999 338.7350 0001723  99.5925 260.5398 13.12929039175897
ONEWEB-0625             
1 55166U 23004AC  26227.84573921 -.00000003  00000+0 -41911-4 0  9994
2 55166  87.9189 354.0158 0002009 100.8093 259.3264 13.17649036175436
ONEWEB-0626             
1 55167U 23004AD  26228.06342637  .00000007  00000+0 -14169-4 0  9996
2 55167  87.9189 353.9722 0002057  90.5879 269.5489 13.17649766175467
ONEWEB-0627             
1 55168U 23004AE  26228.05160891 -.00000015  00000+0 -70619-4 0  9998
2 55168  87.9191 353.9752 0001464 108.6566 251.4724 13.17648476175468
ONEWEB-0628             
1 55169U 23004AF  26227.87003898 -.00000341  00000+0 -98355-3 0  9999
2 55169  87.9004 338.7984 0001495 118.3303 241.7977 13.12440353175866
ONEWEB-0629             
1 55170U 23004AG  26228.10307965  .00000050  00000+0  94524-4 0  9990
2 55170  87.9187 353.9603 0001861 107.9840 252.1495 13.17654102175476
ONEWEB-0631             
1 55171U 23004AH  26228.19567306  .00000060  00000+0  12040-3 0  9990
2 55171  87.9212 323.5130 0001736  85.5610 274.5721 13.18685268177583
ONEWEB-0709             
1 55172U 23004AJ  26227.94471222 -.00000140  00000+0 -43127-3 0  9995
2 55172  87.8926   9.1845 0002305  76.5740 283.5645 13.11416001173707
ONEWEB-0710             
1 55173U 23004AK  26228.04148480  .00000048  00000+0  91536-4 0  9998
2 55173  87.9188 353.9681 0001682  98.8859 261.2463 13.17648069175465
ONEWEB-0711             
1 55174U 23004AL  26228.14477038  .00000426  00000+0  11655-2 0  9996
2 55174  87.8930   9.1340 0001086 102.1301 257.9949 13.11419243173699
ONEWEB-0713             
1 55175U 23004AM  26227.93453646  .00000262  00000+0  70418-3 0  9993
2 55175  87.8929   9.1782 0001413  98.7248 261.4040 13.11416026173656
ONEWEB-0715             
1 55176U 23004AN  26227.92945947  .00000442  00000+0  12101-2 0  9997
2 55176  87.8927   9.1793 0001917  75.7016 284.4325 13.11416003173694
ONEWEB-0716             
1 55177U 23004AP  26228.11067178  .00000082  00000+0  17678-3 0  9996
2 55177  87.9188 353.9571 0002074 100.9129 259.2236 13.17648386175476
ONEWEB-0717             
1 55178U 23004AQ  26228.09380119 -.00000041  00000+0 -13884-3 0  9999
2 55178  87.9195 353.9541 0001309  93.2974 266.8308 13.17648787175529
ONEWEB-0719             
1 55179U 23004AR  26227.87611536 -.00000025  00000+0 -97714-4 0  9992
2 55179  87.9198 353.9771 0001958 103.7434 256.3915 13.17648548175440
ONEWEB-0530             
1 55796U 23029A   26228.08931256  .00000023  00000+0  25205-4 0  9994
2 55796  87.9138 262.5212 0001630 100.9632 259.1685 13.20771541169059
ONEWEB-0534             
1 55797U 23029B   26228.07753110 -.00000001  00000+0 -33788-4 0  9998
2 55797  87.9138 262.5252 0002136  94.9209 265.2168 13.20771052169059
ONEWEB-0556             
1 55798U 23029C   26228.08425507 -.00000062  00000+0 -18392-3 0  9996
2 55798  87.9140 262.5216 0002399 115.2614 244.8768 13.20770063169051
ONEWEB-0562             
1 55799U 23029D   26228.07078279 -.00000014  00000+0 -66635-4 0  9997
2 55799  87.9150 262.5082 0001741 118.2345 241.8964 13.20770007169051
ONEWEB-0563             
1 55800U 23029E   26228.06574729  .00000070  00000+0  13977-3 0  9990
2 55800  87.9138 262.5373 0002266  94.6306 265.5086 13.20771940169044
ONEWEB-0564             
1 55801U 23029F   26228.05900117  .00000052  00000+0  95508-4 0  9995
2 55801  87.9147 262.5133 0001805 103.1204 257.0131 13.20770070169051
ONEWEB-0638             
1 55802U 23029G   26228.06941308  .00000094  00000+0  22035-3 0  9994
2 55802  87.8925 277.8121 0002091 110.8117 249.3237 13.14501308167268
ONEWEB-0639             
1 55803U 23029H   26228.15463791  .00000036  00000+0  56397-4 0  9995
2 55803  87.9158 293.0356 0003198  92.7600 267.3899 13.19724398166817
ONEWEB-0640             
1 55804U 23029J   26228.07893810 -.00000080  00000+0 -24916-3 0  9998
2 55804  87.8922 277.8010 0002362 111.0746 249.0637 13.14502616167282
ONEWEB-0641             
1 55805U 23029K   26228.14988929  .00000036  00000+0  56691-4 0  9998
2 55805  87.9163 293.0299 0002180  99.0384 261.0996 13.19724364166823
ONEWEB-0642             
1 55806U 23029L   26228.14515244  .00000078  00000+0  16130-3 0  9994
2 55806  87.9160 293.0386 0002768  86.6103 273.5347 13.19724303166811
ONEWEB-0643             
1 55807U 23029M   26228.12491688  .00000198  00000+0  50062-3 0  9993
2 55807  87.8919 277.7792 0002545  83.4514 276.6905 13.14504137167267
ONEWEB-0644             
1 55808U 23029N   26228.14040205  .00000103  00000+0  22544-3 0  9991
2 55808  87.9158 293.0401 0002323  91.5326 268.6073 13.19723469166810
ONEWEB-0645             
1 55809U 23029P   26228.16251664  .00000023  00000+0  25463-4 0  9992
2 55809  87.9162 293.0327 0002500 100.1549 259.9866 13.19723814166811
ONEWEB-0646             
1 55810U 23029Q   26227.87664405 -.00000059  00000+0 -18033-3 0  9997
2 55810  87.9161 293.0907 0002278  92.5675 267.5719 13.19725285166762
ONEWEB-0648             
1 55811U 23029R   26228.09321220 -.00000176  00000+0 -51046-3 0  9999
2 55811  87.8932 277.7653 0002953  95.1748 264.9718 13.14501402167269
ONEWEB-0649             
1 55812U 23029S   26228.12936756  .00000113  00000+0  24892-3 0  9998
2 55812  87.9160 293.0378 0002339  97.3105 262.8294 13.19725523166833
ONEWEB-0650             
1 55813U 23029T   26227.66972756  .00000003  00000+0 -25976-4 0  9991
2 55813  87.9160 293.1318 0002614  89.9829 270.1603 13.19725257166745
ONEWEB-0652             
1 55814U 23029U   26228.15027906  .00000041  00000+0  76123-4 0  9996
2 55814  87.8934 277.7596 0001836  96.6395 263.4944 13.14501002167242
ONEWEB-0653             
1 55815U 23029V   26228.05831671  .00000213  00000+0  54014-3 0  9993
2 55815  87.8931 277.7769 0002022  99.7707 260.3651 13.14503185167268
ONEWEB-0654             
1 55816U 23029W   26228.12967196  .00000280  00000+0  72174-3 0  9995
2 55816  87.8932 277.7586 0001723 103.1015 257.0307 13.14503812167297
ONEWEB-0656             
1 55817U 23029X   26228.05227689  .00000069  00000+0  13669-3 0  9993
2 55817  87.9148 262.4964 0001646  99.9026 260.2293 13.20772231169053
ONEWEB-0657             
1 55818U 23029Y   26228.11987362  .00000100  00000+0  21803-3 0  9997
2 55818  87.9160 293.0409 0001309  90.3651 269.7632 13.19724594166816
ONEWEB-0658             
1 55819U 23029Z   26228.11513808  .00000075  00000+0  15556-3 0  9997
2 55819  87.9170 293.0226 0002361  90.4710 269.6694 13.19724614166822
ONEWEB-0660             
1 55820U 23029AA  26228.10747306  .00000002  00000+0 -29773-4 0  9998
2 55820  87.8935 277.7609 0002330 100.0657 260.0736 13.14503835167277
ONEWEB-0661             
1 55821U 23029AB  26228.06623419  .00000164  00000+0  40755-3 0  9992
2 55821  87.8924 277.8041 0002204 102.0556 258.0821 13.14504152167250
ONEWEB-0662             
1 55822U 23029AC  26227.64442488 -.00000112  00000+0 -33535-3 0  9994
2 55822  87.8920 277.8940 0002311 100.2927 259.8464 13.14504106167246
ONEWEB-0663             
1 55823U 23029AD  26228.08144756  .00000067  00000+0  13362-3 0  9994
2 55823  87.9152 262.5606 0002491  95.0830 265.0588 13.20873607169057
ONEWEB-0664             
1 55824U 23029AE  26228.11455028  .00000094  00000+0  19961-3 0  9997
2 55824  87.9139 262.5292 0002179 106.4628 253.6744 13.20770410169054
ONEWEB-0665             
1 55825U 23029AF  26228.13919281  .00000165  00000+0  40928-3 0  9992
2 55825  87.8923 277.7702 0002333  97.1382 263.0013 13.14503285167288
ONEWEB-0666             
1 55826U 23029AG  26228.03207697  .00000049  00000+0  88319-4 0  9991
2 55826  87.9137 262.5352 0001535  76.3728 283.7576 13.20771119169056
ONEWEB-0667             
1 55827U 23029AH  26228.10278459  .00000042  00000+0  70283-4 0  9998
2 55827  87.9152 262.4882 0002167  95.7336 264.4044 13.20771220169052
ONEWEB-0669             
1 55828U 23029AJ  26228.02197786 -.00000043  00000+0 -13878-3 0  9992
2 55828  87.9146 262.5125 0001682 107.1590 252.9727 13.20771276169048
ONEWEB-0670             
1 55829U 23029AK  26228.11696984  .00000181  00000+0  45296-3 0  9997
2 55829  87.8916 277.7914 0002200 106.3270 253.8102 13.14505136167307
ONEWEB-0671             
1 55830U 23029AL  26228.11040683  .00000099  00000+0  21508-3 0  9996
2 55830  87.9158 293.0438 0002209  99.0476 261.0907 13.19726668166803
ONEWEB-0672             
1 55831U 23029AM  26228.01691778 -.00000012  00000+0 -60379-4 0  9990
2 55831  87.9148 262.5071 0001772  92.7620 267.3716 13.20770371169040
ONEWEB-0673             
1 55832U 23029AN  26228.16330414  .00000014  00000+0  30704-5 0  9994
2 55832  87.9165 293.0286 0002148 101.0444 259.0930 13.19724099166815
ONEWEB-0674             
1 55833U 23029AP  26228.08527385 -.00000117  00000+0 -34970-3 0  9994
2 55833  87.8929 277.7772 0002160 106.7271 253.4096 13.14503874167280
ONEWEB-0675             
1 55834U 23029AQ  26227.72342263 -.00000018  00000+0 -76616-4 0  9999
2 55834  87.9161 293.1231 0001977  90.0383 270.0977 13.19724038166774
ONEWEB-0720             
1 55835U 23029AR  26227.71552253 -.00000047  00000+0 -15076-3 0  9995
2 55835  87.9162 293.1243 0002336  95.8086 264.3314 13.19723870166697
ONEWEB-0537             
1 56046U 23043A   26228.00420140 -.00000052  00000+0 -16887-3 0  9995
2 56046  87.9092 216.8881 0001930  83.3307 276.8043 13.16595444166835
ONEWEB-0538             
1 56047U 23043B   26228.22585015  .00000000  00000+0 -33447-4 0  9997
2 56047  87.9095 216.8472 0002196  80.4383 279.6996 13.16595934166878
ONEWEB-0546             
1 56048U 23043C   26228.21318962  .00000018  00000+0  14454-4 0  9997
2 56048  87.9095 216.8499 0001462  77.3407 282.7887 13.16595880166868
ONEWEB-0547             
1 56049U 23043D   26228.04830132  .00000097  00000+0  20329-3 0  9991
2 56049  87.9229 232.0579 0002266  87.7640 272.3753 13.21825977166130
ONEWEB-0548             
1 56050U 23043E   26228.00973786 -.00000031  00000+0 -11340-3 0  9995
2 56050  87.9091 216.8851 0002047  99.4865 260.6498 13.16594154166835
ONEWEB-0549             
1 56051U 23043F   26228.04241446  .00000038  00000+0  60702-4 0  9993
2 56051  87.9224 232.0623 0002267  81.2588 278.8803 13.21825799166138
ONEWEB-0550             
1 56052U 23043G   26228.02894962  .00000058  00000+0  10920-3 0  9997
2 56052  87.9225 232.0637 0002168  94.7531 265.3850 13.21824894166130
ONEWEB-0551             
1 56053U 23043H   26228.08842213 -.00000095  00000+0 -28519-3 0  9992
2 56053  87.8955 247.2843 0002286  85.0494 275.0897 13.15548704164277
ONEWEB-0552             
1 56054U 23043J   26228.02390227  .00000053  00000+0  96136-4 0  9993
2 56054  87.9224 232.0685 0002319  91.6824 268.4575 13.21824849166131
ONEWEB-0553             
1 56055U 23043K   26227.99153002 -.00000039  00000+0 -13660-3 0  9993
2 56055  87.9095 216.8934 0001720  86.6745 273.4583 13.16596078166843
ONEWEB-0554             
1 56056U 23043L   26228.05486146 -.00000049  00000+0 -16263-3 0  9993
2 56056  87.9093 216.8892 0002044 101.1562 258.9799 13.16595470166836
ONEWEB-0555             
1 56057U 23043M   26228.01685897 -.00000054  00000+0 -17552-3 0  9992
2 56057  87.9092 216.8860 0001555  83.3988 276.7320 13.16595447166832
ONEWEB-0557             
1 56058U 23043N   26228.03110932  .00000083  00000+0  18278-3 0  9994
2 56058  87.9092 216.8931 0001478 125.7853 234.3415 13.16593683166833
ONEWEB-0558             
1 56059U 23043P   26228.01716250  .00000007  00000+0 -14840-4 0  9997
2 56059  87.9226 232.0663 0002149  80.3685 279.7692 13.21824370166140
ONEWEB-0559             
1 56060U 23043Q   26228.08110603 -.00000114  00000+0 -30726-3 0  9996
2 56060  87.9227 232.0500 0002279  87.5626 272.5769 13.21824916166165
ONEWEB-0566             
1 56061U 23043R   26228.07437473 -.00000045  00000+0 -14023-3 0  9998
2 56061  87.9229 232.0497 0002385  86.2631 273.8776 13.21825241166145
ONEWEB-0568             
1 56062U 23043S   26227.97253014  .00000060  00000+0  12415-3 0  9992
2 56062  87.9092 216.8940 0001839  84.0564 276.0776 13.16593943166848
ONEWEB-0574             
1 56063U 23043T   26228.06763860  .00000036  00000+0  56416-4 0  9992
2 56063  87.9227 232.0559 0002005  95.5555 264.5807 13.21824861166184
ONEWEB-0575             
1 56064U 23043U   26228.04219647  .00000071  00000+0  15127-3 0  9992
2 56064  87.9093 216.8764 0001783  95.3578 264.7757 13.16593184166843
ONEWEB-0576             
1 56065U 23043V   26228.02320459  .00000000  00000+0 -33281-4 0  9990
2 56065  87.9091 216.8894 0001941  91.4044 268.7309 13.16593894166831
ONEWEB-0577             
1 56066U 23043W   26228.02953220  .00000103  00000+0  23477-3 0  9997
2 56066  87.9092 216.8860 0001872 108.8897 251.2436 13.16593515166869
ONEWEB-0578             
1 56067U 23043X   26228.05417329  .00000086  00000+0  17636-3 0  9996
2 56067  87.9229 232.0548 0001808  88.1666 271.9675 13.21824971166142
ONEWEB-0579             
1 56068U 23043Y   26228.04578397  .00000013  00000+0  87985-6 0  9996
2 56068  87.9233 232.0566 0002364  92.1635 267.9770 13.21825491166157
ONEWEB-0581             
1 56069U 23043Z   26228.03586609  .00000051  00000+0  10050-3 0  9999
2 56069  87.9086 216.8924 0001991 103.7594 256.3758 13.16593499166837
ONEWEB-0609             
1 56070U 23043AA  26228.03850758  .00000148  00000+0  35895-3 0  9991
2 56070  87.8953 247.2788 0002027  90.2551 269.8811 13.15549397164307
ONEWEB-0613             
1 56071U 23043AB  26228.03612464  .00000187  00000+0  46299-3 0  9995
2 56071  87.8953 247.2919 0002327  90.3196 269.8201 13.15549883164306
ONEWEB-0630             
1 56072U 23043AC  26228.03137020  .00000111  00000+0  26006-3 0  9997
2 56072  87.8960 247.2682 0002280  91.9562 268.1830 13.15547443164292
ONEWEB-0632             
1 56073U 23043AD  26228.02662637  .00000057  00000+0  11619-3 0  9997
2 56073  87.8955 247.2843 0002038  96.9467 263.1895 13.15548352164292
ONEWEB-0633             
1 56074U 23043AE  26228.02026491 -.00000014  00000+0 -72498-4 0  9998
2 56074  87.8963 247.2656 0002420  86.1531 273.9876 13.15550097164277
ONEWEB-0634             
1 56075U 23043AF  26228.08207236 -.00000105  00000+0 -31350-3 0  9995
2 56075  87.8956 247.2890 0001836  84.2381 275.8958 13.15548380164276
ONEWEB-0635             
1 56076U 23043AG  26228.07732160 -.00000082  00000+0 -25181-3 0  9993
2 56076  87.8966 247.2573 0001996  99.9450 260.1905 13.15549124164303
ONEWEB-0636             
1 56077U 23043AH  26228.06940021 -.00000065  00000+0 -20665-3 0  9993
2 56077  87.8965 247.2636 0001974  97.7210 262.4144 13.15549115164286
ONEWEB-0637             
1 56078U 23043AJ  26228.06305174  .00000039  00000+0  68676-4 0  9992
2 56078  87.8959 247.2779 0001767  94.7567 265.3765 13.15549995164300
ONEWEB-0647             
1 56079U 23043AK  26228.05831964  .00000097  00000+0  22465-3 0  9992
2 56079  87.8958 247.2913 0002098  97.0408 263.0961 13.15549305164294
ONEWEB-0651             
1 56080U 23043AL  26228.20567005  .00000286  00000+0  72597-3 0  9994
2 56080  87.8957 247.2547 0001885  97.9572 262.1772 13.15549566165517
ONEWEB-0718             
1 56081U 23043AM  26228.04879779  .00000169  00000+0  41380-3 0  9997
2 56081  87.8963 247.2691 0001935  78.1130 282.0217 13.15547801164303
ONEWEB-0561             
1 56710U 23068A   26228.04553461  .00000102  00000+0  22000-3 0  9995
2 56710  87.9146 262.5098 0002179 102.8059 257.3318 13.20772317157401
ONEWEB-0668             
1 56711U 23068B   26228.01053672 -.00000031  00000+0 -11513-3 0  9992
2 56711  87.9093 216.8882 0001692  76.7186 283.4133 13.16593398159654
ONEWEB-0676             
1 56712U 23068C   26227.94246284  .00000003  00000+0 -25813-4 0  9994
2 56712  87.9093 216.9084 0001994  96.2104 263.9254 13.16593712159569
ONEWEB-0677             
1 56713U 23068D   26228.03374464  .00000059  00000+0  11324-3 0  9999
2 56713  87.9146 262.5030 0001733 100.9229 259.2099 13.20770612157709
ONEWEB-0678             
1 56714U 23068E   26228.01711001 -.00000091  00000+0 -27479-3 0  9996
2 56714  87.8964 247.2706 0002328  94.0533 266.0864 13.15549456157158
ONEWEB-0679             
1 56715U 23068F   26228.20526331  .00000025  00000+0  32088-4 0  9996
2 56715  87.9097 216.8473 0001549  90.7628 269.3680 13.16595516159627
ONEWEB-0680             
1 56716U 23068G   26228.04745049  .00000049  00000+0  87131-4 0  9993
2 56716  87.9234 232.0575 0001570  82.6736 277.4576 13.21824565159009
ONEWEB-0681             
1 56717U 23068H   26228.03204826  .00000067  00000+0  13189-3 0  9997
2 56717  87.9231 232.0615 0002122 115.6947 244.4406 13.21299100158991
ONEWEB-0682             
1 56718U 23068J   26228.04087358  .00000195  00000+0  48508-3 0  9993
2 56718  87.8963 247.2655 0001563  87.4323 272.6986 13.15549972157327
ONEWEB-0683             
1 56719U 23068K   26228.06463213  .00000087  00000+0  19584-3 0  9996
2 56719  87.8968 247.2624 0001863  86.7572 273.3771 13.15550444157292
ONEWEB-0684             
1 56720U 23068L   26228.07256976  .00000031  00000+0  48026-4 0  9998
2 56720  87.8964 247.2490 0003341  82.7759 277.3751 13.15548331157123
ONEWEB-0686             
1 56721U 23068M   26228.01369817 -.00000015  00000+0 -73147-4 0  9998
2 56721  87.9083 216.9029 0002144  78.2092 281.9279 13.16595643159585
ONEWEB-0694             
1 56722U 23068N   26228.02002370 -.00001214  00000+0 -32081-2 0  9990
2 56722  87.9100 216.8776 0001785  78.6828 281.4504 13.16600341159640
ONEWEB-0696             
1 56723U 23068P   26228.02978701  .00000075  00000+0  16400-3 0  9991
2 56723  87.8954 247.2918 0002514  96.3596 263.7820 13.15547623157232
ONEWEB-0703             
1 56724U 23068Q   26228.03929339  .00000157  00000+0  38420-3 0  9993
2 56724  87.8960 247.2710 0002773 104.6054 255.5384 13.15549402157128
ONEWEB-0721             
1 56725U 23068R   26228.06186551  .00000035  00000+0  48903-4 0  9991
2 56725  86.6714  66.3897 0001723  87.1731 272.9599 13.22472904165850
ONEWEB-0015             
1 61594U 24188A   26227.89724382 -.00000238  00000+0 -70873-3 0  9992
2 61594  87.8921   9.2079 0001480 113.9307 246.1976 13.11417650 92281
ONEWEB-0687             
1 61595U 24188B   26227.91661713  .00000028  00000+0  38192-4 0  9998
2 61595  87.9183 354.0012 0001345  97.2654 262.8630 13.17649227 93769
ONEWEB-0688             
1 61596U 24188C   26228.09717980 -.00002095  00000+0 -54312-2 0  9995
2 61596  87.9217 353.9674 0001544 115.7107 244.4184 13.17627515 93788
ONEWEB-0689             
1 61597U 24188D   26228.16005160  .00000481  00000+0  13215-2 0  9996
2 61597  87.8933   9.1209 0001642  88.9043 271.2273 13.11414750 92310
ONEWEB-0690             
1 61598U 24188E   26228.09393072  .00000024  00000+0  32614-4 0  9990
2 61598  87.8933   9.1446 0002394 104.4147 255.7246 13.11414040 92485
ONEWEB-0691             
1 61599U 24188F   26228.08883455  .00000290  00000+0  78291-3 0  9994
2 61599  87.8945   9.0600 0001490 104.9581 255.1712 13.11415954 92334
ONEWEB-0692             
1 61600U 24188G   26227.95657875 -.00000466  00000+0 -13508-2 0  9993
2 61600  87.8923   9.1880 0002144  76.0758 284.0609 13.11415744 92306
ONEWEB-0693             
1 61601U 24188H   26228.10899208  .00000101  00000+0  22755-3 0  9999
2 61601  87.9178 353.9802 0002502 111.4413 248.6985 13.17649055 93779
ONEWEB-0695             
1 61602U 24188J   26227.93286044  .00000338  00000+0  91697-3 0  9991
2 61602  87.8923   9.1843 0001762  79.8535 280.2792 13.11414163 92299
ONEWEB-0697             
1 61603U 24188K   26227.88876367 -.00000468  00000+0 -13567-2 0  9994
2 61603  87.8928   9.1844 0002200  78.0775 282.0600 13.11417124 92277
ONEWEB-0698             
1 61604U 24188L   26228.09562080  .00000042  00000+0  82772-4 0  9995
2 61604  87.8924   9.1565 0002924  89.2517 270.8946 13.11414305 92327
ONEWEB-0699             
1 61605U 24188M   26227.92683243 -.00000658  00000+0 -19227-2 0  9990
2 61605  87.8848  24.3616 0002232  79.4901 280.6478 13.10375347 91137
ONEWEB-0700             
1 61606U 24188N   26228.15757905 -.00000596  00000+0 -17434-2 0  9993
2 61606  87.8865  24.2342 0002105  81.0297 279.1068 13.10374422 91151
ONEWEB-0701             
1 61607U 24188P   26228.17455874  .00000017  00000+0  11084-4 0  9999
2 61607  87.8857  24.3133 0002388  77.2912 282.8482 13.10376704 91163
ONEWEB-0702             
1 61608U 24188Q   26228.14141142  .00000283  00000+0  76329-3 0  9994
2 61608  87.8943   9.0641 0002211  69.6660 290.4705 13.11418513 92344
ONEWEB-0704             
1 61609U 24188R   26228.16266689 -.00000680  00000+0 -19848-2 0  9996
2 61609  87.8857  24.3066 0002109  64.2579 295.8766 13.10374275 91144
ONEWEB-0705             
1 61610U 24188S   26228.16775625 -.00000522  00000+0 -15319-2 0  9997
2 61610  87.8857  24.3116 0001384  58.6011 301.5251 13.10375178 83311
ONEWEB-0706             
1 61611U 24188T   26228.15248273 -.00000611  00000+0 -17862-2 0  9995
2 61611  87.8849  24.3170 0001774  74.4212 285.7111 13.10371336 91235
ONEWEB-0707             
1 61612U 24188U   26227.93020697 -.00000633  00000+0 -18504-2 0  9997
2 61612  87.8855  24.3575 0001811  74.9228 285.2099 13.10374014 91142
ONEWEB-0708             
1 61613U 24188V   26228.17795458  .00000202  00000+0  54134-3 0  9999
2 61613  87.8847  24.3222 0001227  88.7874 271.3393 13.10376130 91159
