ONEWEB-0012             
1 44057U 19010A   26248.88594241  .00000067  00000+0  14060-3 0  9990
2 44057  87.9120 212.7557 0002384  93.0355 267.1048 13.16593047362187
ONEWEB-0010             
1 44058U 19010B   26248.45528713  .00000041  00000+0  74390-4 0  9990
2 44058  87.9130 212.8396 0002086  72.3876 287.7482 13.16593086362170
ONEWEB-0008             
1 44059U 19010C   26248.40463105  .00000036  00000+0  59506-4 0  9995
2 44059  87.9129 212.8445 0001782  90.9216 269.2119 13.16595061362289
ONEWEB-0007             
1 44060U 19010D   26248.50345826  .00000164  00000+0  40056-3 0  9998
2 44060  87.8961 243.2049 0002289  85.0859 275.0533 13.15547443361939
ONEWEB-0006             
1 44061U 19010E   26248.50742309  .00000121  00000+0  28742-3 0  9997
2 44061  87.8972 243.1767 0001898  84.6671 275.4676 13.15549589361980
ONEWEB-0011             
1 44062U 19010F   26248.55179359 -.00000057  00000+0 -18670-3 0  9991
2 44062  87.8974 243.1785 0001816  83.2718 276.8619 13.15549299361980
ONEWEB-0013             
1 45131U 20008A   26248.85976996  .00000725  00000+0  20678-2 0  9993
2 45131  87.8537  36.5346 0002457 113.5025 246.6360 13.09463251316625
ONEWEB-0017             
1 45132U 20008B   26248.63326288 -.00000673  00000+0 -19633-2 0  9996
2 45132  87.8886  20.2459 0001580  95.1246 265.0061 13.10375080318487
ONEWEB-0020             
1 45133U 20008C   26248.60273771  .00000234  00000+0  63275-3 0  9995
2 45133  87.8886  20.2535 0001747 100.1183 260.0142 13.10368615318879
ONEWEB-0021             
1 45134U 20008D   26248.77071707 -.00000443  00000+0 -13044-2 0  9991
2 45134  87.8875  20.2305 0001844  97.7039 262.4298 13.10370231319205
ONEWEB-0023             
1 45136U 20008F   26248.62903134 -.00000598  00000+0 -17505-2 0  9992
2 45136  87.8886  20.2459 0001645 104.3407 255.7903 13.10374288318610
ONEWEB-0024             
1 45137U 20008G   26248.75390609  .00000353  00000+0  97609-3 0  9995
2 45137  87.8893  20.2185 0001760  97.1944 262.9383 13.10370025318794
ONEWEB-0025             
1 45138U 20008H   26248.44818766  .00000287  00000+0  78690-3 0  9996
2 45138  87.8888  20.2685 0001297 103.5904 256.5368 13.10369533319084
ONEWEB-0026             
1 45139U 20008J   26248.57548954 -.00000305  00000+0 -89718-3 0  9996
2 45139  87.8955   5.0795 0001701  95.8937 264.2385 13.11414838321642
ONEWEB-0028             
1 45140U 20008K   26248.32089761  .00000642  00000+0  17746-2 0  9990
2 45140  87.8950   5.1342 0002207 110.6710 249.4655 13.11417869319127
ONEWEB-0032             
1 45141U 20008L   26248.78781508 -.00000542  00000+0 -15895-2 0  9993
2 45141  87.8888  20.2175 0001987 111.5523 248.5816 13.10375232318850
ONEWEB-0033             
1 45142U 20008M   26248.45680217 -.00000064  00000+0 -22064-3 0  9999
2 45142  87.8874  20.2866 0001637  81.8404 278.2909 13.10368899318722
ONEWEB-0035             
1 45143U 20008N   26248.40094178 -.00000572  00000+0 -16749-2 0  9996
2 45143  87.8883  20.2927 0001754  95.5767 264.5560 13.10374893318446
ONEWEB-0036             
1 45144U 20008P   26248.37860996  .00000044  00000+0  88874-4 0  9994
2 45144  87.8895  20.3222 0001761 104.2311 255.9012 13.10370371318869
ONEWEB-0038             
1 45145U 20008Q   26248.35677934 -.00000459  00000+0 -13317-2 0  9991
2 45145  87.8968   5.1427 0003262  81.5672 278.5825 13.11416891320836
ONEWEB-0039             
1 45146U 20008R   26248.76563010 -.00000184  00000+0 -56333-3 0  9997
2 45146  87.8881  20.2193 0002149 107.7223 252.4139 13.10370104318713
ONEWEB-0040             
1 45147U 20008S   26248.83520162  .00000189  00000+0  50637-3 0  9991
2 45147  87.8874  20.2128 0001607 107.1866 252.9438 13.10370596318429
ONEWEB-0043             
1 45149U 20008U   26248.60796617  .00000086  00000+0  21145-3 0  9996
2 45149  87.8887  20.2523 0002116 109.7472 250.3883 13.10370722318710
ONEWEB-0044             
1 45150U 20008V   26248.40759473 -.00000452  00000+0 -13301-2 0  9998
2 45150  87.8880  20.2932 0001765 102.1197 258.0128 13.10374284318982
ONEWEB-0045             
1 45151U 20008W   26248.58044344 -.00000511  00000+0 -14784-2 0  9994
2 45151  87.8963   5.0757 0001918 101.2224 258.9120 13.11414924320949
ONEWEB-0047             
1 45152U 20008X   26248.78244497 -.00000649  00000+0 -18949-2 0  9997
2 45152  87.8891  20.2198 0001790  91.4032 268.7301 13.10373786318758
ONEWEB-0048             
1 45153U 20008Y   26248.62477615 -.00000561  00000+0 -16423-2 0  9999
2 45153  87.8876  20.2642 0001862  97.4317 262.7022 13.10371638318341
ONEWEB-0049             
1 45154U 20008Z   26248.62803311 -.00000651  00000+0 -19015-2 0  9996
2 45154  87.8881  20.2529 0001507 111.9383 248.1904 13.10373575318566
ONEWEB-0051             
1 45155U 20008AA  26248.57875447 -.00000405  00000+0 -11780-2 0  9998
2 45155  87.8961   5.0796 0001772 100.1276 260.0052 13.11416127321628
ONEWEB-0052             
1 45156U 20008AB  26248.80141205  .00000121  00000+0  30936-3 0  9991
2 45156  87.8893  20.2095 0001685 110.2385 249.8924 13.10377366318494
ONEWEB-0053             
1 45157U 20008AC  26248.75714687  .00000282  00000+0  77277-3 0  9993
2 45157  87.8875  20.2342 0001970 111.7225 248.4113 13.10369262318464
ONEWEB-0054             
1 45158U 20008AD  26248.41099771 -.00000169  00000+0 -52161-3 0  9998
2 45158  87.8882  20.2921 0001623  98.7798 261.3514 13.10374959318536
ONEWEB-0056             
1 45159U 20008AE  26248.38200090 -.00000156  00000+0 -48203-3 0  9991
2 45159  87.8887  20.2931 0001442  98.5868 261.5423 13.10370142318685
ONEWEB-0057             
1 45160U 20008AF  26248.62832072 -.00000646  00000+0 -18859-2 0  9998
2 45160  87.8889  20.2541 0001881 114.8442 245.2881 13.10373146318889
ONEWEB-0058             
1 45161U 20008AG  26248.38567623 -.00000298  00000+0 -89106-3 0  9996
2 45161  87.8873  20.3018 0001859  91.2241 268.9099 13.10369605318926
ONEWEB-0059             
1 45162U 20008AH  26248.84043085 -.00000063  00000+0 -21614-3 0  9999
2 45162  87.8878  20.2134 0001957 109.4495 250.6844 13.10371055318885
ONEWEB-0062             
1 45163U 20008AJ  26248.78753238 -.00000539  00000+0 -15798-2 0  9994
2 45163  87.8889  20.2166 0001683  86.9536 273.1784 13.10373741318746
ONEWEB-0065             
1 45164U 20008AK  26248.82149677  .00000661  00000+0  18580-2 0  9992
2 45164  87.8888  20.2172 0001611 108.8514 251.2788 13.10372774318447
ONEWEB-0066             
1 45424U 20020A   26248.41090032  .00000009  00000+0 -96971-5 0  9990
2 45424  87.8954   5.1135 0001919  99.1173 261.0172 13.11414562313191
ONEWEB-0067             
1 45425U 20020B   26248.37193717 -.00000086  00000+0 -27929-3 0  9991
2 45425  87.8979   5.0602 0001812 104.1770 255.9560 13.11429150313247
ONEWEB-0080             
1 45426U 20020C   26248.75351062 -.00000160  00000+0 -48660-3 0  9991
2 45426  87.8971   5.0519 0001724  89.0055 271.1271 13.11416905313261
ONEWEB-0090             
1 45427U 20020D   26248.55347649  .00000506  00000+0  13917-2 0  9994
2 45427  87.8968   5.0951 0001750  97.8307 262.3020 13.11415762313202
ONEWEB-0061             
1 45428U 20020E   26248.58538861 -.00000526  00000+0 -15187-2 0  9991
2 45428  87.8962   5.0708 0001787  98.6581 261.4749 13.11417472313163
ONEWEB-0081             
1 45429U 20020F   26248.33798973 -.00000305  00000+0 -89783-3 0  9996
2 45429  87.8985   5.1271 0001572 110.1112 250.0185 13.11409786313243
ONEWEB-0069             
1 45430U 20020G   26248.41612921 -.00000160  00000+0 -48711-3 0  9990
2 45430  87.8962   5.1173 0001982 100.6491 259.4861 13.11416362313185
ONEWEB-0031             
1 45431U 20020H   26248.75678826 -.00000037  00000+0 -13909-3 0  9998
2 45431  87.8953   5.0474 0001707  93.8909 266.2414 13.11419310313211
ONEWEB-0027             
1 45432U 20020J   26248.75333676 -.00000054  00000+0 -17268-3 0  9991
2 45432  87.9215 349.8632 0001440  92.7249 267.4048 13.17653407316962
ONEWEB-0064             
1 45433U 20020K   26248.75508442 -.00000094  00000+0 -30036-3 0  9999
2 45433  87.8960   5.0440 0001639  95.5807 264.5508 13.11418493313243
ONEWEB-0018             
1 45434U 20020L   26248.40569582  .00000364  00000+0  99247-3 0  9991
2 45434  87.8957   5.1129 0002194  97.2905 262.8472 13.11418367313140
ONEWEB-0083             
1 45435U 20020M   26248.77727177  .00000572  00000+0  15788-2 0  9996
2 45435  87.8966   5.0373 0001796  98.0208 262.1124 13.11417784313232
ONEWEB-0095             
1 45436U 20020N   26248.38731414  .00000504  00000+0  13867-2 0  9994
2 45436  87.8953   5.1195 0001150 112.8670 247.2580 13.11418347313184
ONEWEB-0092             
1 45437U 20020P   26248.57040179 -.00000123  00000+0 -38365-3 0  9997
2 45437  87.8964   5.0775 0002042  96.9035 263.2325 13.11413991313329
ONEWEB-0085             
1 45438U 20020Q   26248.77698328  .00000609  00000+0  16820-2 0  9993
2 45438  87.8958   5.0394 0001778 100.9309 259.2020 13.11418359313235
ONEWEB-0096             
1 45439U 20020R   26248.77896291  .00000525  00000+0  14468-2 0  9996
2 45439  87.8963   5.0382 0001646 101.9865 258.1447 13.11417727313229
ONEWEB-0037             
1 45440U 20020S   26248.80411439 -.00000287  00000+0 -84526-3 0  9999
2 45440  87.8972   5.0105 0001630 102.2562 257.8749 13.11415567313260
ONEWEB-0042             
1 45441U 20020T   26248.76852855  .00000416  00000+0  11377-2 0  9991
2 45441  87.8959   5.0372 0001841 102.3456 257.7878 13.11417899313227
ONEWEB-0098             
1 45442U 20020U   26248.76441762  .00000291  00000+0  78447-3 0  9996
2 45442  87.8960   5.0459 0001742  97.0818 263.0508 13.11419633313204
ONEWEB-0055             
1 45443U 20020V   26248.74307523 -.00000503  00000+0 -14538-2 0  9999
2 45443  87.8966   5.0507 0001727 101.7802 258.3520 13.11417180313176
ONEWEB-0093             
1 45444U 20020W   26248.35480489 -.00000516  00000+0 -14908-2 0  9995
2 45444  87.8963   5.1271 0002063 102.4990 257.6369 13.11416273313189
ONEWEB-0029             
1 45445U 20020X   26248.75013690 -.00000320  00000+0 -93919-3 0  9999
2 45445  87.8959   5.0453 0002003 101.7095 258.4258 13.11417731313218
ONEWEB-0068             
1 45446U 20020Y   26248.34124630 -.00000195  00000+0 -58570-3 0  9996
2 45446  87.8964   5.1272 0001970 101.2829 258.8520 13.11415667313107
ONEWEB-0046             
1 45447U 20020Z   26248.40920541  .00000210  00000+0  55795-3 0  9991
2 45447  87.8954   5.1137 0001894 108.9921 251.1412 13.11414127313127
ONEWEB-0063             
1 45448U 20020AA  26248.36186577 -.00000469  00000+0 -13586-2 0  9999
2 45448  87.8965   5.1294 0001620 108.2599 251.8706 13.11417293313204
ONEWEB-0019             
1 45449U 20020AB  26248.32429730  .00000487  00000+0  13374-2 0  9990
2 45449  87.8959   5.1185 0001754  92.4803 267.6526 13.11416588313040
ONEWEB-0094             
1 45450U 20020AC  26248.31559072 -.00000020  00000+0 -84876-4 0  9996
2 45450  87.9213 349.9389 0002038  96.0372 264.0992 13.17649202316866
ONEWEB-0087             
1 45451U 20020AD  26248.75326056 -.00000181  00000+0 -54573-3 0  9997
2 45451  87.8963   5.0303 0002054 100.5499 259.5861 13.11418594313147
ONEWEB-0082             
1 45452U 20020AE  26248.74985592 -.00000316  00000+0 -92659-3 0  9990
2 45452  87.8964   5.0421 0002161 107.2394 252.8971 13.11419264313230
ONEWEB-0050             
1 45453U 20020AF  26248.64000827  .00001133  00000+0  11356-3 0  9990
2 45453  88.9312 222.2792 0005855  62.4788 297.7035 14.90592161352368
ONEWEB-0034             
1 45454U 20020AG  26248.40595843  .00000308  00000+0  83291-3 0  9992
2 45454  87.8965   5.1202 0001785 101.7161 258.4168 13.11415863313100
ONEWEB-0060             
1 45455U 20020AH  26248.74236216 -.00000487  00000+0 -14101-2 0  9999
2 45455  87.8959   5.0461 0002758  97.5221 262.6221 13.11417612313101
ONEWEB-0086             
1 45456U 20020AJ  26248.41585314  .00000096  00000+0  23544-3 0  9996
2 45456  87.8964   5.1119 0002591  87.9491 272.1933 13.11414315313121
ONEWEB-0088             
1 45457U 20020AK  26248.77544026  .00000561  00000+0  15477-2 0  9993
2 45457  87.8971   5.0192 0001763 112.9055 247.2259 13.11417373313104
ONEWEB-0102             
1 47258U 20100A   26248.94535896 -.00001223  00000+0 -34351-2 0  9997
2 47258  87.8993 334.6365 0001741  95.5650 264.5677 13.12447632275324
ONEWEB-0109             
1 47259U 20100B   26248.49640538 -.00000338  00000+0 -97572-3 0  9999
2 47259  87.9002 334.7169 0001787  96.9074 263.2258 13.12443475275091
ONEWEB-0110             
1 47260U 20100C   26248.29481086  .00000143  00000+0  36264-3 0  9993
2 47260  87.9001 334.7410 0002100  94.5037 265.6332 13.12444928275233
ONEWEB-0111             
1 47261U 20100D   26248.93520429  .00000255  00000+0  67322-3 0  9993
2 47261  87.9002 334.6321 0002012 101.1892 258.9463 13.12441417275152
ONEWEB-0114             
1 47262U 20100E   26248.27954265 -.00001059  00000+0 -29797-2 0  9998
2 47262  87.9004 334.7609 0001440  99.2200 260.9092 13.12444107275025
ONEWEB-0117             
1 47263U 20100F   26248.65227706 -.00000440  00000+0 -12591-2 0  9991
2 47263  87.9002 334.6760 0001926 100.7589 259.3756 13.12443049275087
ONEWEB-0118             
1 47264U 20100G   26248.53367855  .00000354  00000+0  94972-3 0  9995
2 47264  87.9001 334.7023 0001626 107.5162 252.6145 13.12444691275261
ONEWEB-0119             
1 47265U 20100H   26248.25414927  .00000044  00000+0  86112-4 0  9992
2 47265  87.8990 334.7669 0001851 100.3265 259.8072 13.12440716275205
ONEWEB-0120             
1 47266U 20100J   26248.20176084 -.00000313  00000+0 -90451-3 0  9998
2 47266  87.8990 334.7793 0001708  95.7984 264.3339 13.12442976275229
ONEWEB-0121             
1 47267U 20100K   26248.64718824 -.00000351  00000+0 -10105-2 0  9990
2 47267  87.9002 334.6847 0002214 102.7921 257.3455 13.12441194275195
ONEWEB-0122             
1 47268U 20100L   26248.64125432 -.00000211  00000+0 -62273-3 0  9997
2 47268  87.9001 334.6908 0001854  94.5321 265.6020 13.12440469275109
ONEWEB-0123             
1 47269U 20100M   26248.71326001 -.00000031  00000+0 -12097-3 0  9990
2 47269  87.8993 334.6754 0001808 103.0428 257.0903 13.12441714275256
ONEWEB-0124             
1 47270U 20100N   26248.93181130  .00000306  00000+0  81616-3 0  9994
2 47270  87.8991 334.6340 0002105  96.3058 263.8311 13.12440992275166
ONEWEB-0125             
1 47271U 20100P   26248.52860755  .00000334  00000+0  89273-3 0  9995
2 47271  87.9002 334.7067 0002016 108.3793 251.7555 13.12444497275170
ONEWEB-0126             
1 47272U 20100Q   26248.70154131  .00000343  00000+0  91794-3 0  9991
2 47272  87.8996 334.6826 0001769  98.9795 261.1534 13.12441359275260
ONEWEB-0127             
1 47273U 20100R   26248.28633934 -.00000059  00000+0 -20062-3 0  9994
2 47273  87.8991 334.7601 0001785  96.8233 263.3099 13.12444618275238
ONEWEB-0128             
1 47274U 20100S   26248.68955848  .00000431  00000+0  11620-2 0  9991
2 47274  87.8988 334.6939 0002152  94.4175 265.7199 13.12443350275303
ONEWEB-0129             
1 47275U 20100T   26248.66921154 -.00000158  00000+0 -47423-3 0  9992
2 47275  87.8999 334.6797 0001030  71.3304 288.7936 13.12442896275230
ONEWEB-0130             
1 47276U 20100U   26248.62008088  .00000400  00000+0  10770-2 0  9993
2 47276  87.9002 334.6856 0001899  98.0201 262.1143 13.12441264275197
ONEWEB-0131             
1 47277U 20100V   26248.61669769  .00000403  00000+0  10856-2 0  9990
2 47277  87.8990 334.6956 0001992  97.9540 262.1815 13.12441826275237
ONEWEB-0132             
1 47278U 20100W   26248.49303878  .00001768  00000+0  48776-2 0  9990
2 47278  87.8991 334.7241 0001915 102.0129 258.1215 13.12433862275110
ONEWEB-0133             
1 47279U 20100X   26248.96725152 -.00000337  00000+0 -97175-3 0  9997
2 47279  87.9006 334.6152 0001993  97.0787 263.0569 13.12443938275334
ONEWEB-0134             
1 47280U 20100Y   26248.93689813  .00000173  00000+0  44633-3 0  9996
2 47280  87.9006 334.6179 0001849  89.0897 271.0444 13.12442024275301
ONEWEB-0135             
1 47281U 20100Z   26248.29819628  .00000293  00000+0  77934-3 0  9998
2 47281  87.8994 334.7578 0001965  91.0359 269.0995 13.12444591275248
ONEWEB-0136             
1 47282U 20100AA  26248.62178664  .00000335  00000+0  89525-3 0  9990
2 47282  87.9000 334.6815 0001888  90.9038 269.2307 13.12441019275215
ONEWEB-0137             
1 47283U 20100AB  26248.96060230 -.00000421  00000+0 -12048-2 0  9990
2 47283  87.9008 334.6281 0001830 104.6545 255.4787 13.12443638275166
ONEWEB-0138             
1 47284U 20100AC  26248.93858868  .00000069  00000+0  15651-3 0  9990
2 47284  87.8994 334.6347 0001802  92.9306 267.2029 13.12441341275244
ONEWEB-0139             
1 47285U 20100AD  26248.29325762  .00000099  00000+0  24116-3 0  9991
2 47285  87.8999 334.7484 0001829  98.9986 261.1350 13.12444924275231
ONEWEB-0140             
1 47286U 20100AE  26248.47608587  .00000174  00000+0  44778-3 0  9991
2 47286  87.9003 334.7045 0002067  99.4940 260.6422 13.12441159275223
ONEWEB-0141             
1 47287U 20100AF  26248.67415823  .00000019  00000+0  17503-4 0  9998
2 47287  87.9001 334.6696 0001726 108.2738 251.8579 13.12444761275236
ONEWEB-0142             
1 47288U 20100AG  26248.28138573 -.00000266  00000+0 -77551-3 0  9994
2 47288  87.8994 334.7640 0001461 100.7621 259.3673 13.12444444275170
ONEWEB-0143             
1 47289U 20100AH  26248.67261902 -.00000040  00000+0 -14669-3 0  9992
2 47289  87.8995 334.6865 0001742 101.8971 258.2353 13.12443762275201
ONEWEB-0144             
1 47290U 20100AJ  26248.94874548 -.00003184  00000+0 -88884-2 0  9991
2 47290  87.9001 334.6122 0001563  92.5064 267.6243 13.12455180275162
ONEWEB-0145             
1 47291U 20100AK  26248.69124999  .00000451  00000+0  12173-2 0  9992
2 47291  87.8995 334.6826 0001789  99.0208 261.1123 13.12443533275320
ONEWEB-0146             
1 47292U 20100AL  26248.68785943  .00000386  00000+0  10389-2 0  9998
2 47292  87.9001 334.6805 0002198 102.5022 257.6352 13.12444108275239
ONEWEB-0147             
1 47293U 20100AM  26248.50149250 -.00000378  00000+0 -10856-2 0  9997
2 47293  87.9005 334.7006 0001968  95.7652 264.3701 13.12443310275107
ONEWEB-0115             
1 48042U 21025A   26248.39070996  .00000134  00000+0  33222-3 0  9995
2 48042  87.8940 304.2703 0002000  97.0051 263.1306 13.13471351264124
ONEWEB-0152             
1 48043U 21025B   26248.86131958 -.00000035  00000+0 -13171-3 0  9997
2 48043  87.8948 304.1780 0002013 100.1427 259.9929 13.13468196264143
ONEWEB-0153             
1 48044U 21025C   26248.91550543  .00000276  00000+0  72064-3 0  9990
2 48044  87.8941 304.1657 0001901  93.7032 266.4315 13.13469411264147
ONEWEB-0154             
1 48045U 21025D   26248.15034820  .00000321  00000+0  84310-3 0  9990
2 48045  87.8949 304.3190 0001961  97.5405 262.5947 13.13469825264004
ONEWEB-0116             
1 48046U 21025E   26248.87486880 -.00000195  00000+0 -56786-3 0  9994
2 48046  87.8950 304.1715 0002048  96.7081 263.4281 13.13469914264242
ONEWEB-0150             
1 48047U 21025F   26248.62265159  .00000113  00000+0  27351-3 0  9996
2 48047  87.8953 304.2210 0001837 101.8872 258.2463 13.13469207264102
ONEWEB-0107             
1 48048U 21025G   26248.62434656  .00000210  00000+0  53942-3 0  9990
2 48048  87.8917 304.2156 0001586  92.6882 267.4429 13.13468465264087
ONEWEB-0101             
1 48049U 21025H   26248.89181076 -.00000086  00000+0 -27155-3 0  9995
2 48049  87.8938 304.1701 0001900  92.2667 267.8679 13.13470125264091
ONEWEB-0113             
1 48050U 21025J   26248.89028770 -.00000085  00000+0 -26705-3 0  9997
2 48050  87.8937 304.0719 0001924 102.0011 258.1334 13.13891564264207
ONEWEB-0112             
1 48051U 21025K   26248.62941074 -.00000047  00000+0 -16239-3 0  9999
2 48051  87.8947 304.2133 0001825  89.5012 270.6326 13.13468738264158
ONEWEB-0156             
1 48052U 21025L   26248.56168358 -.00000258  00000+0 -74088-3 0  9999
2 48052  87.8947 304.2360 0001791  97.4035 262.7298 13.13468268264121
ONEWEB-0161             
1 48053U 21025M   26248.61248765  .00000332  00000+0  87344-3 0  9997
2 48053  87.8948 304.2268 0001718  97.5660 262.5664 13.13470139264062
ONEWEB-0158             
1 48054U 21025N   26248.64804236 -.00000308  00000+0 -87925-3 0  9992
2 48054  87.8949 304.2172 0002228  93.5313 266.6071 13.13470196264190
ONEWEB-0157             
1 48055U 21025P   26248.14019549  .00000348  00000+0  91868-3 0  9996
2 48055  87.8944 304.3211 0001540  90.0158 270.1148 13.13470747264069
ONEWEB-0162             
1 48056U 21025Q   26248.87811422 -.00000274  00000+0 -78573-3 0  9995
2 48056  87.8939 304.1729 0001859 100.9568 259.1771 13.13471154264135
ONEWEB-0155             
1 48057U 21025R   26248.88502968 -.00000247  00000+0 -71092-3 0  9998
2 48057  87.8943 304.1718 0001820  97.3188 262.8148 13.13470504264276
ONEWEB-0149             
1 48058U 21025S   26248.90703104  .00000226  00000+0  58306-3 0  9995
2 48058  87.8941 304.1704 0001893 101.7236 258.4106 13.13468537264081
ONEWEB-0148             
1 48059U 21025T   26248.64125487 -.00000311  00000+0 -88605-3 0  9991
2 48059  87.8940 304.2248 0001672 113.1742 246.9564 13.13469163264175
ONEWEB-0160             
1 48060U 21025U   26248.88671462 -.00000180  00000+0 -52755-3 0  9999
2 48060  87.8935 304.1722 0002664  98.8702 261.2729 13.13469433264155
ONEWEB-0163             
1 48061U 21025V   26248.87146932 -.00000181  00000+0 -53074-3 0  9994
2 48061  87.8949 304.1760 0001668  92.6300 267.5020 13.13468739264276
ONEWEB-0159             
1 48062U 21025W   26248.63448736 -.00000165  00000+0 -48587-3 0  9991
2 48062  87.8949 304.2182 0001734  92.2192 267.9135 13.13468495264163
ONEWEB-0164             
1 48063U 21025X   26248.53969418  .00000231  00000+0  59656-3 0  9997
2 48063  87.8945 304.2426 0001995  95.5220 264.6137 13.13468840264135
ONEWEB-0167             
1 48064U 21025Y   26248.64379913 -.00000376  00000+0 -10636-2 0  9991
2 48064  87.8940 304.2245 0001872  77.6319 282.5019 13.13469495264139
ONEWEB-0166             
1 48065U 21025Z   26248.89517864  .00000096  00000+0  22751-3 0  9997
2 48065  87.8945 304.1539 0001875  97.9072 262.2270 13.13469688264244
ONEWEB-0151             
1 48066U 21025AA  26248.59216731  .00000138  00000+0  34240-3 0  9997
2 48066  87.8941 304.2278 0001908  93.3906 266.7441 13.13470266264147
ONEWEB-0170             
1 48067U 21025AB  26248.60061277  .00000274  00000+0  71498-3 0  9990
2 48067  87.8947 304.2285 0002442  90.5771 269.5637 13.13471821264107
ONEWEB-0168             
1 48068U 21025AC  26248.20450477 -.00000047  00000+0 -16496-3 0  9998
2 48068  87.8943 304.3084 0001924  94.2892 265.8457 13.13469788264064
ONEWEB-0173             
1 48069U 21025AD  26248.57692510 -.00000263  00000+0 -75614-3 0  9992
2 48069  87.8944 304.2328 0001667  87.2119 272.9201 13.13469810264358
ONEWEB-0171             
1 48070U 21025AE  26248.61417878  .00000281  00000+0  73334-3 0  9996
2 48070  87.8938 304.2297 0001977  94.2600 265.8755 13.13469279264179
ONEWEB-0172             
1 48071U 21025AF  26248.59387351  .00000166  00000+0  42083-3 0  9995
2 48071  87.8938 304.2312 0001880  92.1533 267.9812 13.13470544265066
ONEWEB-0174             
1 48072U 21025AG  26248.57522182 -.00000464  00000+0 -13059-2 0  9990
2 48072  87.8946 304.2328 0001785  99.3586 260.7745 13.13469826264385
ONEWEB-0175             
1 48073U 21025AH  26248.60570684  .00000300  00000+0  78550-3 0  9990
2 48073  87.8949 304.2137 0002066  88.2481 271.8885 13.13468897264049
ONEWEB-0177             
1 48074U 21025AJ  26248.84609298  .00000308  00000+0  80778-3 0  9994
2 48074  87.8940 304.1809 0001686  97.3217 262.8104 13.13469285264261
ONEWEB-0178             
1 48075U 21025AK  26248.86485814 -.00000160  00000+0 -47188-3 0  9999
2 48075  87.8936 304.1834 0001865  88.3911 271.7432 13.13469568264318
ONEWEB-0108             
1 48076U 21025AL  26248.13850114  .00000233  00000+0  60243-3 0  9995
2 48076  87.8949 304.3159 0001992 103.4701 256.6651 13.13470539264148
ONEWEB-0169             
1 48077U 21025AM  26248.55154593  .00003812  00000+0  10401-1 0  9995
2 48077  87.8944 304.2402 0001917 102.9987 257.1357 13.13449669262856
ONEWEB-0176             
1 48210U 21031A   26248.86270707 -.00000595  00000+0 -16395-2 0  9997
2 48210  87.8905 273.6130 0001920  88.0575 272.0775 13.14503821258914
ONEWEB-0184             
1 48211U 21031B   26248.60902195  .00000178  00000+0  44627-3 0  9998
2 48211  87.8906 273.6695 0002267  75.5830 284.5551 13.14503814258857
ONEWEB-0179             
1 48212U 21031C   26248.59399565 -.00004276  00000+0 -39857-3 0  9992
2 48212  87.8939 267.2356 0349845 350.1766   9.2717 14.57887393260598
ONEWEB-0180             
1 48213U 21031D   26248.84076184  .00000337  00000+0  87559-3 0  9994
2 48213  87.8909 273.6221 0001614  82.0197 278.1116 13.14503006258816
ONEWEB-0218             
1 48214U 21031E   26248.86101938 -.00000116  00000+0 -34704-3 0  9994
2 48214  87.8911 273.6162 0001843  68.7520 291.3806 13.14502309258974
ONEWEB-0209             
1 48215U 21031F   26248.77475404 -.00000017  00000+0 -81434-4 0  9990
2 48215  87.8905 273.6440 0001657  89.4248 270.7071 13.14503275258964
ONEWEB-0198             
1 48216U 21031G   26248.83581080  .00000225  00000+0  57200-3 0  9998
2 48216  87.8892 273.6240 0001653  80.3794 279.7522 13.14503836259087
ONEWEB-0189             
1 48217U 21031H   26248.84748908  .00000134  00000+0  32824-3 0  9998
2 48217  87.8911 273.6174 0001711  84.1863 275.9462 13.14503213258821
ONEWEB-0196             
1 48218U 21031J   26248.82722527  .00000246  00000+0  62820-3 0  9999
2 48218  87.8902 273.6296 0001711  89.6278 270.5047 13.14501916258825
ONEWEB-0183             
1 48219U 21031K   26248.57177242 -.00000115  00000+0 -34470-3 0  9997
2 48219  87.8897 273.6774 0001859  98.7049 261.4292 13.14503654258888
ONEWEB-0185             
1 48220U 21031L   26248.52211192  .00000278  00000+0  71515-3 0  9996
2 48220  87.8905 273.6854 0001557  98.9487 261.1820 13.14502919258801
ONEWEB-0187             
1 48221U 21031M   26248.80678382  .00000979  00000+0  26068-2 0  9996
2 48221  87.8899 273.6388 0001835  91.7321 268.4019 13.14498245258854
ONEWEB-0192             
1 48222U 21031N   26248.77645072 -.00000064  00000+0 -20691-3 0  9997
2 48222  87.8901 273.6342 0001866  88.9829 271.1514 13.14502908258767
ONEWEB-0219             
1 48223U 21031P   26248.83228319  .00000291  00000+0  75022-3 0  9994
2 48223  87.8910 273.6224 0001669  95.1961 264.9359 13.14501742258970
ONEWEB-0202             
1 48224U 21031Q   26248.81369447  .00000037  00000+0  66156-4 0  9998
2 48224  87.8902 273.6345 0001916  72.3528 287.7811 13.14501942258953
ONEWEB-0204             
1 48225U 21031R   26248.99888359  .00000121  00000+0  29247-3 0  9999
2 48225  87.8904 273.5914 0001991 102.4550 257.6803 13.14502359258871
ONEWEB-0205             
1 48226U 21031S   26248.59549074  .00000229  00000+0  58433-3 0  9992
2 48226  87.8907 273.6705 0001702  88.1279 272.0046 13.14500860258833
ONEWEB-0206             
1 48227U 21031T   26248.87117465 -.00000192  00000+0 -55239-3 0  9991
2 48227  87.8902 273.6133 0002085  93.4611 266.6757 13.14504391258828
ONEWEB-0182             
1 48228U 21031U   26248.56163729 -.00000195  00000+0 -56093-3 0  9994
2 48228  87.8902 273.6796 0001942  97.9557 262.1793 13.14504335258990
ONEWEB-0186             
1 48229U 21031V   26248.57346723 -.00000133  00000+0 -39297-3 0  9992
2 48229  87.8910 273.6753 0001871  89.7765 270.3579 13.14503991258949
ONEWEB-0181             
1 48230U 21031W   26248.55150624 -.00000097  00000+0 -29716-3 0  9999
2 48230  87.8893 273.6954 0001592  90.3319 269.7994 13.14502110258795
ONEWEB-0188             
1 48231U 21031X   26248.59039737  .00000210  00000+0  53193-3 0  9996
2 48231  87.8896 273.6876 0001870  93.3323 266.8021 13.14499643258705
ONEWEB-0220             
1 48232U 21031Y   26248.85678480 -.00000077  00000+0 -24203-3 0  9993
2 48232  87.8909 273.6186 0001690  96.3961 263.7361 13.14507071259008
ONEWEB-0165             
1 48233U 21031Z   26248.88640752 -.00000022  00000+0 -94616-4 0  9994
2 48233  87.8903 273.6215 0001773  83.1676 276.9656 13.14501147258960
ONEWEB-0199             
1 48234U 21031AA  26248.86947996 -.00000443  00000+0 -12287-2 0  9992
2 48234  87.8903 273.6143 0002108  93.5429 266.5942 13.14503507258869
ONEWEB-0203             
1 48235U 21031AB  26248.85933069 -.00000160  00000+0 -46483-3 0  9990
2 48235  87.8908 273.6180 0002132  86.8523 273.2850 13.14501997258878
ONEWEB-0197             
1 48236U 21031AC  26248.83553981 -.00007986  00000+0 -21579-1 0  9990
2 48236  87.8898 273.6045 0001539  81.7076 278.4228 13.14548220258780
ONEWEB-0194             
1 48237U 21031AD  26248.58703483  .00000146  00000+0  36009-3 0  9992
2 48237  87.8900 273.6783 0002119  90.9493 269.1880 13.14502387258925
ONEWEB-0193             
1 48238U 21031AE  26248.60224334  .00000291  00000+0  75173-3 0  9995
2 48238  87.8914 273.6671 0002319  93.0345 267.1050 13.14498833258870
ONEWEB-0191             
1 48239U 21031AF  26248.84245182  .00000253  00000+0  64888-3 0  9995
2 48239  87.8906 273.6216 0001872  93.0781 267.0563 13.14503468258761
ONEWEB-0195             
1 48240U 21031AG  26248.81961348  .00000152  00000+0  37539-3 0  9994
2 48240  87.8906 273.6257 0001687  82.1952 277.9369 13.14500866258742
ONEWEB-0201             
1 48241U 21031AH  26248.57868832  .00000032  00000+0  51835-4 0  9995
2 48241  87.8903 273.6850 0001679 100.6780 259.4539 13.14502230258948
ONEWEB-0207             
1 48242U 21031AJ  26248.86186430 -.00000096  00000+0 -29227-3 0  9996
2 48242  87.8909 273.6167 0001864 103.0223 257.1116 13.14501400258899
ONEWEB-0208             
1 48243U 21031AK  26248.61577003  .00000068  00000+0  14952-3 0  9996
2 48243  87.8905 273.6692 0001729  84.9518 275.1809 13.14504286258875
ONEWEB-0200             
1 48244U 21031AL  26248.88473255 -.00000004  00000+0 -46239-4 0  9996
2 48244  87.8910 273.6105 0001639  94.3170 265.8147 13.14503019258830
ONEWEB-0217             
1 48245U 21031AM  26248.82553035  .00000566  00000+0  14932-2 0  9990
2 48245  87.8904 273.6254 0001726  83.0107 277.1219 13.14501120258771
ONEWEB-0211             
1 48767U 21045A   26249.00004253 -.00000004  00000+0 -44157-4 0  9991
2 48767  87.8966 242.9512 0002014  66.5723 293.5619 13.16197947255071
ONEWEB-0223             
1 48768U 21045B   26248.73796811  .00000146  00000+0  35301-3 0  9994
2 48768  87.8969 243.1338 0002154  77.0681 283.0690 13.15547267254995
ONEWEB-0230             
1 48769U 21045C   26248.70944919 -.00000138  00000+0 -40116-3 0  9999
2 48769  87.8969 243.1481 0002088  91.4404 268.6966 13.15547078255259
ONEWEB-0237             
1 48770U 21045D   26248.47020292 -.00000058  00000+0 -18722-3 0  9993
2 48770  87.8962 243.1951 0001743  81.5362 278.5966 13.15548780254942
ONEWEB-0235             
1 48771U 21045E   26248.52090754  .00000171  00000+0  42042-3 0  9996
2 48771  87.8970 243.1785 0002275  78.3124 281.8262 13.15549138254942
ONEWEB-0242             
1 48772U 21045F   26248.74272930  .00000093  00000+0  21170-3 0  9991
2 48772  87.8971 243.1323 0002219  86.5334 273.6050 13.15547763255019
ONEWEB-0241             
1 48773U 21045G   26248.50187859  .00000120  00000+0  28557-3 0  9998
2 48773  87.8968 243.1899 0002110  77.7482 282.3884 13.15547702254890
ONEWEB-0243             
1 48774U 21045H   26248.68568967  .00000019  00000+0  16448-4 0  9995
2 48774  87.8964 243.1660 0002527  84.1059 276.0359 13.15548836254949
ONEWEB-0222             
1 48775U 21045J   26248.74511988  .00000189  00000+0  46846-3 0  9996
2 48775  87.8969 243.1281 0002043  80.5631 279.5731 13.15548353254994
ONEWEB-0244             
1 48776U 21045K   26248.46700990 -.00000070  00000+0 -21931-3 0  9998
2 48776  87.8978 243.1827 0002115  84.7644 275.3728 13.15546878255521
ONEWEB-0247             
1 48777U 21045L   26248.69202165 -.00000007  00000+0 -52821-4 0  9998
2 48777  87.8962 243.1584 0002773  76.4750 283.6690 13.15550699254997
ONEWEB-0245             
1 48778U 21045M   26248.53517222  .00000683  00000+0  17791-2 0  9998
2 48778  87.8972 243.1768 0001946  82.3190 277.8162 13.15546967254945
ONEWEB-0229             
1 48779U 21045N   26248.53038629  .00000054  00000+0  11028-3 0  9998
2 48779  87.8971 243.1750 0002146  87.2684 272.8692 13.15550493254976
ONEWEB-0228             
1 48780U 21045P   26248.94410331 -.00000113  00000+0 -33300-3 0  9994
2 48780  87.8975 243.0894 0002057  85.1541 274.9824 13.15549549254947
ONEWEB-0232             
1 48781U 21045Q   26248.69042628  .00000040  00000+0  71128-4 0  9995
2 48781  87.8975 243.1395 0001937  85.3710 274.7642 13.15550262255234
ONEWEB-0231             
1 48782U 21045R   26248.74431456  .00000042  00000+0  76360-4 0  9998
2 48782  87.8967 243.1375 0002114  80.8115 279.3254 13.15549525254937
ONEWEB-0234             
1 48783U 21045S   26248.93430497 -.00000133  00000+0 -38753-3 0  9990
2 48783  87.8979 243.0857 0001197  81.5843 278.5423 13.15549588255097
ONEWEB-0238             
1 48784U 21045T   26248.93459398 -.00000138  00000+0 -39979-3 0  9998
2 48784  87.8976 243.0817 0001603  85.3502 274.7811 13.15549489254994
ONEWEB-0240             
1 48785U 21045U   26248.95585205  .00000051  00000+0  10201-3 0  9997
2 48785  87.8974 243.0861 0001995  77.8955 282.2399 13.15548780255027
ONEWEB-0246             
1 48786U 21045V   26248.49394301 -.00000022  00000+0 -91842-4 0  9993
2 48786  87.8970 243.1808 0002113  87.6895 272.4477 13.15550934254831
ONEWEB-0210             
1 48787U 21045W   26249.00099754 -.00000050  00000+0 -16646-3 0  9995
2 48787  87.8973 243.0774 0002827  82.8418 277.3033 13.15546657254947
ONEWEB-0214             
1 48788U 21045X   26248.47730797 -.00000237  00000+0 -66384-3 0  9996
2 48788  87.8973 243.1788 0002326  91.7256 268.4140 13.15548340254847
ONEWEB-0221             
1 48789U 21045Y   26248.94079031 -.00000079  00000+0 -24383-3 0  9993
2 48789  87.8973 243.0943 0002099  82.0391 278.0977 13.15547553254996
ONEWEB-0213             
1 48790U 21045Z   26248.47336036 -.00000070  00000+0 -22045-3 0  9998
2 48790  87.8972 243.1905 0002255  82.6143 277.5244 13.15548152254998
ONEWEB-0212             
1 48791U 21045AA  26248.45037834  .00000213  00000+0  53208-3 0  9993
2 48791  87.8970 243.1892 0002121  87.6186 272.5187 13.15547567254985
ONEWEB-0227             
1 48792U 21045AB  26248.98200112  .00000102  00000+0  23687-3 0  9998
2 48792  87.8971 243.0825 0002046  84.0448 276.0916 13.15549635255001
ONEWEB-0226             
1 48793U 21045AC  26248.97565986  .00000171  00000+0  41918-3 0  9994
2 48793  87.8972 243.0888 0002246  84.6755 275.4632 13.15547517254971
ONEWEB-0224             
1 48794U 21045AD  26248.48286479 -.00000067  00000+0 -21197-3 0  9991
2 48794  87.8962 243.2156 0001583  61.7802 298.3488 13.15547997254833
ONEWEB-0233             
1 48795U 21045AE  26248.94381742 -.00000116  00000+0 -34110-3 0  9996
2 48795  87.8962 243.1302 0002105  79.1282 281.0085 13.15549428254914
ONEWEB-0190             
1 48796U 21045AF  26248.93128864 -.00000071  00000+0 -22214-3 0  9992
2 48796  87.8973 243.1005 0002533  75.2641 284.8770 13.15548278254989
ONEWEB-0236             
1 48797U 21045AG  26248.94871022 -.00000040  00000+0 -13941-3 0  9998
2 48797  87.8963 243.1003 0001914  87.8340 272.3010 13.15547712254873
ONEWEB-0248             
1 48798U 21045AH  26248.58111782  .00000117  00000+0  27687-3 0  9994
2 48798  87.8971 243.1656 0002125  74.2097 285.9268 13.15548879254983
ONEWEB-0225             
1 48799U 21045AJ  26248.67932842  .00000092  00000+0  21082-3 0  9998
2 48799  87.8969 243.1516 0002425  76.2110 283.9290 13.15550809255000
ONEWEB-0215             
1 48800U 21045AK  26248.49713371  .00000049  00000+0  95412-4 0  9996
2 48800  87.8972 243.1743 0002422  73.0093 287.1303 13.15548739254853
ONEWEB-0216             
1 48801U 21045AL  26248.50661834  .00000150  00000+0  36424-3 0  9995
2 48801  87.8969 243.1845 0002052  89.3771 270.7594 13.15550082254860
ONEWEB-0239             
1 48802U 21045AM  26248.51138480  .00000156  00000+0  37967-3 0  9992
2 48802  87.8969 243.1869 0002269  66.6269 293.5100 13.15550583254904
ONEWEB-0249             
1 48967U 21060A   26248.38166705  .00000018  00000+0  14014-4 0  9993
2 48967  87.9131 212.8510 0002048  77.5126 282.6234 13.16596522250167
ONEWEB-0250             
1 48968U 21060B   26248.45417368  .00000061  00000+0  10820-3 0  9994
2 48968  87.9135 210.3331 0001291  59.6877 300.4387 13.25837394250858
ONEWEB-0252             
1 48970U 21060D   26248.41255234  .00000046  00000+0  85552-4 0  9993
2 48970  87.9128 212.8376 0002311  87.4780 272.6615 13.16593452250213
ONEWEB-0253             
1 48971U 21060E   26248.62946099 -.00000119  00000+0 -34537-3 0  9992
2 48971  87.9128 212.7996 0002006  78.5746 281.5610 13.16592464250176
ONEWEB-0254             
1 48972U 21060F   26248.41096833  .00000277  00000+0  69092-3 0  9999
2 48972  87.9130 212.8416 0002192  71.5016 288.6353 13.16591484250147
ONEWEB-0255             
1 48973U 21060G   26248.44896502  .00000098  00000+0  22260-3 0  9991
2 48973  87.9129 212.8396 0002131  76.3456 283.7912 13.16594090250229
ONEWEB-0256             
1 48974U 21060H   26248.85507742 -.00000029  00000+0 -10895-3 0  9999
2 48974  87.9126 212.7598 0002144  84.3913 275.7462 13.16593461250245
ONEWEB-0257             
1 48975U 21060J   26248.43155605  .00000107  00000+0  24747-3 0  9997
2 48975  87.9138 212.8341 0002293  80.7454 279.3936 13.16593254250146
ONEWEB-0258             
1 48976U 21060K   26248.43314323  .00000071  00000+0  15284-3 0  9998
2 48976  87.9121 212.8449 0002040  81.6573 278.4789 13.16596336250151
ONEWEB-0259             
1 48977U 21060L   26248.65478439  .00000044  00000+0  82544-4 0  9996
2 48977  87.9129 212.8012 0002035  76.3098 283.8259 13.16592821250217
ONEWEB-0260             
1 48978U 21060M   26248.41808971  .00000100  00000+0  22826-3 0  9998
2 48978  87.9122 212.8459 0002321  88.6192 271.5205 13.16595218250167
ONEWEB-0261             
1 48979U 21060N   26248.61598777 -.00000274  00000+0 -74964-3 0  9995
2 48979  87.9123 212.8085 0002358  76.5136 283.6258 13.16595521250246
ONEWEB-0262             
1 48980U 21060P   26248.44421228  .00000096  00000+0  21688-3 0  9999
2 48980  87.9128 212.8308 0001974  73.1079 287.0268 13.16594206250184
ONEWEB-0263             
1 48981U 21060Q   26248.39987901  .00000055  00000+0  10910-3 0  9990
2 48981  87.9120 212.8516 0002272  74.1967 285.9415 13.16593472250148
ONEWEB-0264             
1 48982U 21060R   26248.43708465  .00000139  00000+0  33128-3 0  9991
2 48982  87.9123 212.8431 0002226  81.7128 278.4255 13.16592875250156
ONEWEB-0266             
1 48984U 21060T   26248.83846544  .00002148  00000+0  55839-2 0  9992
2 48984  87.9142 212.7577 0001937  83.1927 276.9424 13.16587336250191
ONEWEB-0267             
1 48985U 21060U   26248.84952958 -.00000031  00000+0 -11579-3 0  9996
2 48985  87.9132 212.7528 0002213  78.7121 281.4258 13.16592970250209
ONEWEB-0268             
1 48986U 21060V   26248.43788193  .00000136  00000+0  32155-3 0  9997
2 48986  87.9131 212.8431 0002086  85.8998 274.2372 13.16593809250414
ONEWEB-0269             
1 48987U 21060W   26248.87487690 -.00000014  00000+0 -69990-4 0  9999
2 48987  87.9125 212.7545 0001925  89.8065 270.3287 13.16594344250241
ONEWEB-0270             
1 48988U 21060X   26248.66429041  .00000099  00000+0  22446-3 0  9998
2 48988  87.9121 212.7983 0002103  73.3114 286.8248 13.16595422250254
ONEWEB-0271             
1 48989U 21060Y   26248.65162701  .00000058  00000+0  11809-3 0  9991
2 48989  87.9126 212.7920 0002222  76.5545 283.5833 13.16593096250255
ONEWEB-0272             
1 48990U 21060Z   26248.44578117  .00000079  00000+0  17382-3 0  9997
2 48990  87.9125 212.8409 0002308  87.1367 273.0028 13.16596749250173
ONEWEB-0273             
1 48991U 21060AA  26248.46796718 -.00000022  00000+0 -91160-4 0  9996
2 48991  87.9126 212.8374 0002110  77.2676 282.8691 13.16594034250157
ONEWEB-0274             
1 48992U 21060AB  26248.41730696  .00000138  00000+0  32607-3 0  9991
2 48992  87.9120 212.8459 0002288  86.4136 273.7256 13.16594071250185
ONEWEB-0275             
1 48993U 21060AC  26248.40623135  .00000083  00000+0  18248-3 0  9994
2 48993  87.9125 212.8450 0002656  97.0231 263.1202 13.16594658250113
ONEWEB-0276             
1 48994U 21060AD  26248.66744827  .00000151  00000+0  36181-3 0  9997
2 48994  87.9132 212.7917 0002188  84.0452 276.0928 13.16593767250163
ONEWEB-0277             
1 48995U 21060AE  26248.45213982  .00000047  00000+0  89586-4 0  9990
2 48995  87.9126 212.8385 0002153  77.0145 283.1226 13.16595156250120
ONEWEB-0278             
1 48996U 21060AF  26248.44262317  .00000074  00000+0  16085-3 0  9999
2 48996  87.9131 212.8355 0001846  81.0168 279.1172 13.16593171250256
ONEWEB-0279             
1 48997U 21060AG  26248.60253342  .00000007  00000+0 -14483-4 0  9994
2 48997  87.9134 212.8024 0002308  78.6616 281.4774 13.16593154250207
ONEWEB-0280             
1 48998U 21060AH  26248.38960371  .00000011  00000+0 -54275-5 0  9996
2 48998  87.9130 212.8482 0001910  72.4496 287.6844 13.16594236250116
ONEWEB-0281             
1 48999U 21060AJ  26248.92710243 -.00000052  00000+0 -16914-3 0  9990
2 48999  87.9134 212.7383 0002126  84.9350 275.2023 13.16596037250255
ONEWEB-0282             
1 49000U 21060AK  26248.42522870  .00000137  00000+0  32604-3 0  9992
2 49000  87.9127 212.8438 0002080  77.9217 282.2147 13.16594691250165
ONEWEB-0283             
1 49001U 21060AL  26248.41412731  .00000121  00000+0  28251-3 0  9992
2 49001  87.9125 212.8451 0002207  79.8841 280.2539 13.16593159250176
ONEWEB-0284             
1 49002U 21060AM  26248.63578802 -.00000062  00000+0 -19622-3 0  9997
2 49002  87.9128 212.7961 0001818  75.7318 284.4015 13.16592095250180
ONEWEB-0285             
1 49075U 21075A   26248.26176941 -.00000368  00000+0 -10571-2 0  9992
2 49075  87.8991 334.7641 0001829 108.7747 251.3580 13.12444913245716
ONEWEB-0286             
1 49076U 21075B   26248.32007446  .00000352  00000+0  94420-3 0  9990
2 49076  87.8992 334.7631 0001890 106.5093 253.6244 13.12442834245076
ONEWEB-0287             
1 49077U 21075C   26248.73493848  .00000011  00000+0 -49678-5 0  9991
2 49077  87.9199 349.8651 0001763 113.0037 247.1280 13.17648227244230
ONEWEB-0288             
1 49078U 21075D   26248.29648605  .00000227  00000+0  59541-3 0  9992
2 49078  87.9000 334.7512 0001682 104.5093 255.6223 13.12445701245697
ONEWEB-0289             
1 49079U 21075E   26248.31812978  .00000024  00000+0  29539-4 0  9992
2 49079  87.9194 349.9656 0001614  89.9239 270.2077 13.17650322244750
ONEWEB-0290             
1 49080U 21075F   26248.74674525  .00000026  00000+0  34387-4 0  9994
2 49080  87.9208 349.8590 0001547  86.1217 274.0091 13.17650016244224
ONEWEB-0291             
1 49081U 21075G   26248.57969170  .00000025  00000+0  32064-4 0  9998
2 49081  87.9204 349.8935 0001505 104.8464 255.2834 13.17648579244193
ONEWEB-0293             
1 49082U 21075H   26248.52906354 -.00000047  00000+0 -15489-3 0  9996
2 49082  87.9203 349.9062 0001666  97.2436 262.8885 13.17650406244212
ONEWEB-0294             
1 49083U 21075J   26248.60822564 -.00007491  00000+0 -20864-1 0  9997
2 49083  87.9000 334.6942 0001418  85.3909 274.7382 13.12482144245126
ONEWEB-0295             
1 49084U 21075K   26248.68011986  .00017541  00000+0  45114-1 0  9994
2 49084  87.9216 349.8810 0002614  99.2342 260.9086 13.17564093244195
ONEWEB-0296             
1 49085U 21075L   26248.66413433 -.00000297  00000+0 -86010-3 0  9990
2 49085  87.8995 334.6891 0001605 105.3189 254.8117 13.12443040245132
ONEWEB-0297             
1 49086U 21075M   26248.69463575  .00000428  00000+0  11532-2 0  9996
2 49086  87.8990 334.6869 0001835 103.2926 256.8407 13.12442270245749
ONEWEB-0298             
1 49087U 21075N   26248.68445648 -.00000011  00000+0 -60719-4 0  9990
2 49087  87.9203 349.8773 0001923 103.1035 257.0312 13.17649270244222
ONEWEB-0299             
1 49088U 21075P   26248.76193148 -.00000006  00000+0 -49432-4 0  9998
2 49088  87.9213 349.8494 0001815 106.1356 253.9976 13.17649866244214
ONEWEB-0300             
1 49089U 21075Q   26248.53454129  .00000319  00000+0  85269-3 0  9995
2 49089  87.9001 334.7070 0002172 106.1789 253.9578 13.12442660245745
ONEWEB-0301             
1 49090U 21075R   26248.28973286 -.00000035  00000+0 -13370-3 0  9990
2 49090  87.9001 334.7520 0002129 102.3585 257.7782 13.12444089245073
ONEWEB-0302             
1 49091U 21075S   26248.96229833 -.00000418  00000+0 -11972-2 0  9998
2 49091  87.8994 334.6283 0001581  95.5888 264.5421 13.12442047245145
ONEWEB-0304             
1 49092U 21075T   26248.35695257  .00000014  00000+0  20230-5 0  9999
2 49092  87.9202 349.9449 0001713 104.7660 255.3662 13.17649001244137
ONEWEB-0305             
1 49093U 21075U   26248.72987501  .00000024  00000+0  28970-4 0  9996
2 49093  87.9206 349.8620 0001672 113.1723 246.9584 13.17650049244212
ONEWEB-0308             
1 49094U 21075V   26248.26938808 -.00000387  00000+0 -11123-2 0  9996
2 49094  87.9002 334.7620 0001899  99.7654 260.3690 13.12442104245061
ONEWEB-0309             
1 49095U 21075W   26248.73323439  .00000052  00000+0  10107-3 0  9996
2 49095  87.9198 349.8633 0001428  88.7058 271.4237 13.17650463244189
ONEWEB-0310             
1 49096U 21075X   26248.66583327 -.00000259  00000+0 -75480-3 0  9999
2 49096  87.8992 334.6976 0001869  99.5697 260.5643 13.12444564245742
ONEWEB-0311             
1 49097U 21075Y   26248.36031250  .00000042  00000+0  76176-4 0  9992
2 49097  87.9203 349.9370 0001836 115.5982 244.5339 13.17649029244185
ONEWEB-0312             
1 49098U 21075Z   26248.75515941  .00000060  00000+0  12253-3 0  9995
2 49098  87.9196 349.8691 0001491 104.9582 255.1715 13.17652160244217
ONEWEB-0313             
1 49099U 21075AA  26248.30450304  .00000004  00000+0 -22430-4 0  9996
2 49099  87.9202 349.9620 0001809 104.4755 255.6577 13.17649868244143
ONEWEB-0314             
1 49100U 21075AB  26248.72650587  .00000053  00000+0  10436-3 0  9995
2 49100  87.9211 349.8606 0001473 107.4254 252.7038 13.17650010244177
ONEWEB-0315             
1 49101U 21075AC  26248.94367218 -.00000141  00000+0 -42676-3 0  9997
2 49101  87.9002 334.6132 0002012 111.1870 248.9474 13.12440534245768
ONEWEB-0316             
1 49102U 21075AD  26248.20865113  .00000054  00000+0  10396-3 0  9999
2 49102  87.9186 319.5582 0001810  97.2341 262.8997 13.18684993247756
ONEWEB-0317             
1 49103U 21075AE  26248.94707284 -.00000139  00000+0 -42043-3 0  9995
2 49103  87.8994 334.6329 0001764  81.2002 278.9326 13.12441755245781
ONEWEB-0318             
1 49104U 21075AF  26248.20516619  .00000007  00000+0 -15320-4 0  9997
2 49104  87.9187 319.5615 0001950 103.6518 256.4831 13.18686061247719
ONEWEB-0319             
1 49105U 21075AG  26248.74168478  .00000126  00000+0  29106-3 0  9990
2 49105  87.9198 349.8664 0001974 114.5843 245.5495 13.17651407244212
ONEWEB-0323             
1 49106U 21075AH  26248.47100584  .00000351  00000+0  94006-3 0  9996
2 49106  87.9002 334.7124 0001910 117.5889 242.5434 13.12442004245086
ONEWEB-0329             
1 49107U 21075AJ  26248.75012514  .00000017  00000+0  10145-4 0  9995
2 49107  87.9203 349.8659 0001673 104.0475 256.0843 13.17650403244192
ONEWEB-0330             
1 49108U 21075AK  26248.37393938  .00000040  00000+0  69244-4 0  9996
2 49108  87.9205 349.9526 0001666 102.7396 257.3922 13.17651250244180
ONEWEB-0292             
1 49186U 21083A   26248.91381396  .00000352  00000+0  92858-3 0  9998
2 49186  87.8938 304.1782 0001961 101.5882 258.5467 13.13468852241522
ONEWEB-0303             
1 49187U 21083B   26248.20177264 -.00000017  00000+0 -76915-4 0  9995
2 49187  87.9191 319.5605 0001891 101.0317 259.1027 13.18687903240522
ONEWEB-0306             
1 49188U 21083C   26248.64691493 -.00000042  00000+0 -13885-3 0  9993
2 49188  87.9189 319.4629 0001819  92.2573 267.8767 13.18687744240621
ONEWEB-0307             
1 49189U 21083D   26248.60316844  .00000362  00000+0  95567-3 0  9994
2 49189  87.8937 304.2378 0001891 100.4332 259.7010 13.13471372241489
ONEWEB-0320             
1 49190U 21083E   26248.89479145 -.00000017  00000+0 -75810-4 0  9990
2 49190  87.9182 319.4233 0001949  97.9829 262.1524 13.18686256240613
ONEWEB-0321             
1 49191U 21083F   26248.57899331  .00000088  00000+0  18550-3 0  9992
2 49191  87.9133 258.4001 0002092  85.7866 274.3507 13.20772606247443
ONEWEB-0322             
1 49192U 21083G   26248.14187799  .00000299  00000+0  78347-3 0  9998
2 49192  87.8937 304.3295 0002221  87.3062 272.8321 13.13469691241418
ONEWEB-0324             
1 49193U 21083H   26248.94369862 -.00000036  00000+0 -12512-3 0  9993
2 49193  87.9191 319.4100 0001762  97.5633 262.5700 13.18685087240645
ONEWEB-0325             
1 49194U 21083J   26248.64355424  .00000030  00000+0  44012-4 0  9993
2 49194  87.9187 319.4702 0002060 100.7886 259.3478 13.18687125240616
ONEWEB-0326             
1 49195U 21083K   26248.58299717 -.00000013  00000+0 -65884-4 0  9992
2 49195  87.9185 319.4853 0002042 106.4969 253.6387 13.18686066240593
ONEWEB-0327             
1 49196U 21083L   26248.58272742 -.00000030  00000+0 -10865-3 0  9999
2 49196  87.9181 319.4842 0002247 106.8085 253.3294 13.18685523240612
ONEWEB-0328             
1 49197U 21083M   26248.89348780 -.00000056  00000+0 -18899-3 0  9993
2 49197  87.8944 304.1608 0001777  96.7976 263.3356 13.13468952241490
ONEWEB-0331             
1 49198U 21083N   26248.65199371 -.00000035  00000+0 -12098-3 0  9990
2 49198  87.9189 319.4667 0001938 108.3920 251.7423 13.18685845240611
ONEWEB-0333             
1 49199U 21083P   26248.58371369 -.00000128  00000+0 -38568-3 0  9995
2 49199  87.8938 304.2414 0001980  98.9786 261.1567 13.13467924241465
ONEWEB-0334             
1 49200U 21083Q   26248.51755932 -.00000014  00000+0 -67224-4 0  9999
2 49200  87.9135 258.4228 0002411  74.5340 285.6060 13.20771895247397
ONEWEB-0335             
1 49201U 21083R   26248.88333213 -.00000223  00000+0 -64530-3 0  9992
2 49201  87.8936 304.1788 0001922 102.2940 257.8405 13.13471572241510
ONEWEB-0336             
1 49202U 21083S   26248.16895666 -.00000019  00000+0 -87759-4 0  9991
2 49202  87.8938 304.3153 0001840 106.1440 253.9892 13.13470580241412
ONEWEB-0337             
1 49203U 21083T   26248.86457694 -.00000113  00000+0 -34324-3 0  9998
2 49203  87.8937 304.1828 0001741  97.8898 262.2429 13.13468599241508
ONEWEB-0338             
1 49204U 21083U   26248.57055891  .00000282  00000+0  66163-3 0  9991
2 49204  87.9135 258.4131 0002171  84.7022 275.4359 13.20768622247423
ONEWEB-0339             
1 49205U 21083V   26248.64463675 -.00000297  00000+0 -84941-3 0  9995
2 49205  87.8937 304.2200 0002055  93.3526 266.7838 13.13472620241450
ONEWEB-0340             
1 49206U 21083W   26248.94199537 -.00000023  00000+0 -90627-4 0  9998
2 49206  87.9184 319.4137 0001897 103.2594 256.8750 13.18686788240619
ONEWEB-0341             
1 49207U 21083X   26248.64523836  .00000002  00000+0 -27878-4 0  9993
2 49207  87.9181 319.4723 0001428  99.9893 260.1400 13.18687119240597
ONEWEB-0342             
1 49208U 21083Y   26248.57729906  .00002114  00000+0  51651-2 0  9991
2 49208  87.9138 258.4017 0001887  91.4037 268.7312 13.20788033247395
ONEWEB-0343             
1 49209U 21083Z   26248.50191989  .00000016  00000+0  70661-5 0  9993
2 49209  87.9183 319.4997 0001946  86.6086 273.5269 13.18686915240624
ONEWEB-0344             
1 49210U 21083AA  26248.86808438 -.00000179  00000+0 -52542-3 0  9996
2 49210  87.8932 304.1877 0001506  97.3097 262.8204 13.13468285241486
ONEWEB-0345             
1 49211U 21083AB  26248.63110193 -.00000085  00000+0 -26751-3 0  9995
2 49211  87.8941 304.2244 0001562  93.2957 266.8351 13.13468800241466
ONEWEB-0346             
1 49212U 21083AC  26248.65029312 -.00000026  00000+0 -99549-4 0  9991
2 49212  87.9186 319.4693 0002056 116.6888 243.4455 13.18687118240585
ONEWEB-0348             
1 49213U 21083AD  26248.56721704  .00000027  00000+0  33869-4 0  9998
2 49213  87.9132 258.4099 0001682 103.5699 256.5622 13.20770949247427
ONEWEB-0350             
1 49214U 21083AE  26248.87839899 -.00000297  00000+0 -84752-3 0  9995
2 49214  87.8936 304.1777 0002975  91.8858 268.2612 13.13469335241523
ONEWEB-0351             
1 49215U 21083AF  26248.78758892  .00000084  00000+0  17454-3 0  9996
2 49215  87.9134 258.3653 0001836  71.6130 288.5203 13.20773770247416
ONEWEB-0352             
1 49216U 21083AG  26248.39240558  .00000116  00000+0  28295-3 0  9990
2 49216  87.8940 304.2777 0001906  84.6726 275.4621 13.13467729241556
ONEWEB-0354             
1 49217U 21083AH  26248.58741059  .00000074  00000+0  15004-3 0  9991
2 49217  87.9134 258.4030 0001572  98.8528 261.2784 13.20770379247422
ONEWEB-0355             
1 49218U 21083AJ  26248.87908942 -.00000343  00000+0 -97354-3 0  9999
2 49218  87.8937 304.1814 0001784  91.4931 268.6403 13.13471351241494
ONEWEB-0357             
1 49219U 21083AK  26248.50828176  .00000077  00000+0  15818-3 0  9997
2 49219  87.9134 258.4125 0001769  85.1780 274.9556 13.20774024247414
ONEWEB-0332             
1 49279U 21090A   26248.82807144  .00000342  00000+0  88887-3 0  9999
2 49279  87.8903 273.6293 0001992  94.4922 265.6435 13.14502202238173
ONEWEB-0347             
1 49280U 21090B   26248.57392170  .00000044  00000+0  76520-4 0  9992
2 49280  87.9135 258.4072 0002246  87.9913 272.1478 13.20773828241657
ONEWEB-0349             
1 49281U 21090C   26248.75747336  .00000088  00000+0  18399-3 0  9998
2 49281  87.9134 258.3714 0001950  91.5128 268.6229 13.20768783240465
ONEWEB-0353             
1 49282U 21090D   26248.82046505  .00000162  00000+0  40312-3 0  9990
2 49282  87.8903 273.6289 0002127  90.1646 269.9728 13.14501141238172
ONEWEB-0356             
1 49283U 21090E   26248.75576703  .00000092  00000+0  19404-3 0  9991
2 49283  87.9136 258.3654 0002548 105.5573 254.5842 13.20771618240462
ONEWEB-0358             
1 49284U 21090F   26248.56466639 -.00000029  00000+0 -10296-3 0  9999
2 49284  87.9134 258.4116 0001964  94.7169 265.4188 13.20773357241160
ONEWEB-0359             
1 49285U 21090G   26248.78267857 -.00000013  00000+0 -64705-4 0  9993
2 49285  87.9132 258.3596 0001876  96.7092 263.4254 13.20773793241176
ONEWEB-0360             
1 49286U 21090H   26248.54533427  .00000042  00000+0  71681-4 0  9998
2 49286  87.9131 258.4133 0001863  88.6759 271.4587 13.20771499240459
ONEWEB-0361             
1 49287U 21090J   26248.52680984  .00000068  00000+0  13485-3 0  9993
2 49287  87.9131 258.4156 0001908  93.7848 266.3504 13.20772207240901
ONEWEB-0362             
1 49288U 21090K   26248.84630578  .00000010  00000+0 -66285-5 0  9999
2 49288  87.9126 288.9114 0001825  88.4640 271.6702 13.19725251237558
ONEWEB-0363             
1 49289U 21090L   26248.99650512  .00000021  00000+0  20814-4 0  9994
2 49289  87.9130 258.3219 0002153  97.9348 262.2030 13.20770434240971
ONEWEB-0364             
1 49290U 21090M   26248.95944774  .00000056  00000+0  10640-3 0  9991
2 49290  87.9134 258.3366 0001959  89.0008 271.1350 13.20773040242105
ONEWEB-0365             
1 49291U 21090N   26248.62832815  .00000024  00000+0  28822-4 0  9995
2 49291  87.9128 288.9486 0001932  93.8785 266.2568 13.19726592237037
ONEWEB-0366             
1 49292U 21090P   26248.58872397  .00000483  00000+0  12694-2 0  9997
2 49292  87.8900 273.6759 0001893  92.9931 267.1416 13.14500587238120
ONEWEB-0367             
1 49293U 21090Q   26248.99565653  .00000080  00000+0  16436-3 0  9999
2 49293  87.9134 258.3242 0001976  86.1744 273.9615 13.20771825240498
ONEWEB-0368             
1 49294U 21090R   26248.59079243  .00000070  00000+0  13992-3 0  9994
2 49294  87.9134 258.4090 0002703  91.4587 268.6856 13.20771308241590
ONEWEB-0369             
1 49295U 21090S   26248.62360081  .00000037  00000+0  60374-4 0  9992
2 49295  87.9126 288.9524 0002357 100.0355 260.1044 13.19724419237025
ONEWEB-0370             
1 49296U 21090T   26248.55038473 -.00000054  00000+0 -16486-3 0  9997
2 49296  87.9133 258.4114 0001698  89.0812 271.0516 13.20770995240472
ONEWEB-0371             
1 49297U 21090U   26248.63149610  .00000015  00000+0  57862-5 0  9993
2 49297  87.9128 288.9472 0002176  97.6901 262.4479 13.19724427237068
ONEWEB-0372             
1 49298U 21090V   26248.76739126  .00000090  00000+0  18871-3 0  9993
2 49298  87.9133 258.3707 0001997  90.5640 269.5722 13.20773627240475
ONEWEB-0373             
1 49299U 21090W   26248.56552229  .00000119  00000+0  26077-3 0  9998
2 49299  87.9133 258.4097 0001794 103.2855 256.8479 13.20775025241635
ONEWEB-0374             
1 49300U 21090X   26248.80352403 -.00000078  00000+0 -24453-3 0  9992
2 49300  87.8908 273.6271 0002165 108.7857 251.3508 13.14505563238152
ONEWEB-0375             
1 49301U 21090Y   26248.55374028 -.00000033  00000+0 -11241-3 0  9994
2 49301  87.9132 258.4049 0002089 106.5732 253.5631 13.20772393241137
ONEWEB-0376             
1 49302U 21090Z   26248.62990082 -.00000012  00000+0 -63489-4 0  9996
2 49302  87.9126 288.9473 0002076  89.7376 270.3994 13.19726430237067
ONEWEB-0377             
1 49303U 21090AA  26248.99496904  .00000062  00000+0  12005-3 0  9991
2 49303  87.9132 258.3182 0002136 100.1838 259.9537 13.20771262241180
ONEWEB-0378             
1 49304U 21090AB  26248.78789284  .00000035  00000+0  54297-4 0  9995
2 49304  87.9132 258.3632 0002097  92.9586 267.1787 13.20770759240429
ONEWEB-0379             
1 49305U 21090AC  26248.87455299 -.00000320  00000+0 -89813-3 0  9992
2 49305  87.8904 273.6204 0002082  93.7575 266.3793 13.14500926238168
ONEWEB-0380             
1 49306U 21090AD  26248.85420278 -.00000044  00000+0 -14303-3 0  9995
2 49306  87.9123 288.9037 0001863  98.9670 261.1674 13.19724782237067
ONEWEB-0381             
1 49307U 21090AE  26248.99145408  .00000024  00000+0  26314-4 0  9992
2 49307  87.9132 258.3243 0002020  97.8579 262.2784 13.20771415240492
ONEWEB-0382             
1 49308U 21090AF  26248.97798961  .00000106  00000+0  22815-3 0  9991
2 49308  87.9136 258.3212 0002153  97.4738 262.6640 13.20772060240484
ONEWEB-0383             
1 49309U 21090AG  26248.86778096 -.00000264  00000+0 -74765-3 0  9995
2 49309  87.8903 273.6157 0002073  96.1484 263.9882 13.14502404238192
ONEWEB-0384             
1 49310U 21090AH  26248.73668391  .00000103  00000+0  22004-3 0  9998
2 49310  87.9132 258.4124 0002382 100.3014 259.8388 13.20818001240462
ONEWEB-0385             
1 49311U 21090AJ  26248.74395978  .00000085  00000+0  17726-3 0  9992
2 49311  87.9132 258.3723 0002059  95.2290 264.9078 13.20773024240431
ONEWEB-0386             
1 49312U 21090AK  26248.98809170  .00000093  00000+0  19573-3 0  9994
2 49312  87.9137 258.3177 0002186  95.0010 265.1373 13.20771999240484
ONEWEB-0387             
1 49313U 21090AL  26248.74566300  .00000107  00000+0  23204-3 0  9996
2 49313  87.9137 258.3807 0001831 100.1697 259.9643 13.20771539240458
ONEWEB-0388             
1 49314U 21090AM  26248.84945231  .00000010  00000+0 -84055-5 0  9999
2 49314  87.9124 288.9024 0002044  97.5146 262.6219 13.19726140237058
ONEWEB-0389             
1 50469U 21132A   26248.31139363 -.00000002  00000+0 -37503-4 0  9999
2 50469  87.9204 349.9520 0002083 106.0641 254.0720 13.17648578228630
ONEWEB-0390             
1 50470U 21132B   26248.31306668  .00000039  00000+0  68094-4 0  9992
2 50470  87.9202 349.9526 0001615  99.0677 261.0638 13.17650037228635
ONEWEB-0391             
1 50471U 21132C   26248.31476347  .00000013  00000+0  31139-6 0  9999
2 50471  87.9201 349.9619 0001628 127.3770 232.7510 13.17649946228632
ONEWEB-0392             
1 50472U 21132D   26248.72480836  .00000032  00000+0  48175-4 0  9990
2 50472  87.9211 349.8555 0001813 113.3633 246.7690 13.17650148228721
ONEWEB-0393             
1 50473U 21132E   26248.32067298  .00000024  00000+0  28195-4 0  9991
2 50473  87.9201 349.9458 0001847 105.8728 254.2607 13.17648991228660
ONEWEB-0394             
1 50474U 21132F   26248.90660242  .00000089  00000+0  19284-3 0  9993
2 50474  87.9186 319.4081 0002052 102.0851 258.0511 13.18686363232232
ONEWEB-0395             
1 50475U 21132G   26248.35508646 -.00000491  00000+0 -14200-2 0  9993
2 50475  87.8954   5.1217 0001607  98.4847 261.6463 13.11417053226222
ONEWEB-0396             
1 50476U 21132H   26248.59635675  .00000036  00000+0  58002-4 0  9996
2 50476  87.9187 319.4817 0002069 104.9063 255.2299 13.18685455232239
ONEWEB-0397             
1 50477U 21132J   26248.61152901  .00000044  00000+0  77598-4 0  9996
2 50477  87.9186 319.4790 0002156 103.0453 257.0920 13.18685403232211
ONEWEB-0398             
1 50478U 21132K   26248.78052411  .00000517  00000+0  14236-2 0  9993
2 50478  87.8965   5.0342 0001459  96.3334 263.7960 13.11417029226170
ONEWEB-0399             
1 50479U 21132L   26248.76696649  .00000409  00000+0  11167-2 0  9999
2 50479  87.8957   5.0442 0001973 114.2887 245.8447 13.11418720226166
ONEWEB-0400             
1 50480U 21132M   26248.89311214  .00000059  00000+0  11652-3 0  9998
2 50480  87.9194 319.4139 0001829  97.7551 262.3789 13.18685985232245
ONEWEB-0401             
1 50481U 21132N   26248.25573238  .00000014  00000+0  22297-5 0  9995
2 50481  87.9192 319.5384 0002152  97.0487 263.0890 13.18684244232167
ONEWEB-0402             
1 50482U 21132P   26248.59803477  .00000003  00000+0 -24112-4 0  9990
2 50482  87.9190 319.4585 0002440  98.2868 261.8541 13.18686941232237
ONEWEB-0403             
1 50483U 21132Q   26248.62333886  .00004119  00000+0  10414-1 0  9995
2 50483  87.9189 319.4772 0002089 103.9701 256.1664 13.18664939232194
ONEWEB-0404             
1 50484U 21132R   26248.74829538 -.00000356  00000+0 -10411-2 0  9992
2 50484  87.8958   5.0463 0001678 110.9304 249.2003 13.11417922226254
ONEWEB-0405             
1 50485U 21132S   26248.94032510  .00000000  00000+0 -32593-4 0  9993
2 50485  87.9193 319.4017 0001564  91.4407 268.6904 13.18685548232637
ONEWEB-0406             
1 50486U 21132T   26248.93189976 -.00000126  00000+0 -35143-3 0  9995
2 50486  87.9185 319.4150 0001920 114.9024 245.2308 13.18684392232263
ONEWEB-0407             
1 50487U 21132U   26248.24225653  .00000076  00000+0  15888-3 0  9999
2 50487  87.9189 319.5473 0002019  93.5344 266.6019 13.18686493232118
ONEWEB-0409             
1 50488U 21132V   26248.74659806 -.00000430  00000+0 -12499-2 0  9996
2 50488  87.8964   5.0384 0001593 107.7641 252.3661 13.11417560226142
ONEWEB-0412             
1 50489U 21132W   26248.45808810  .00000030  00000+0  44039-4 0  9997
2 50489  87.9184 319.5092 0002270  98.4792 261.6598 13.18685781232231
ONEWEB-0413             
1 50490U 21132X   26248.61488235  .00000041  00000+0  71034-4 0  9999
2 50490  87.9189 319.4763 0002227  94.7254 265.4133 13.18686859232195
ONEWEB-0414             
1 50491U 21132Y   26248.59972158 -.00000016  00000+0 -73745-4 0  9994
2 50491  87.9188 319.4652 0002101 102.6377 257.4990 13.18686460232222
ONEWEB-0417             
1 50492U 21132Z   26248.22876387 -.00000007  00000+0 -49384-4 0  9994
2 50492  87.9186 319.5529 0001868 105.7963 254.3375 13.18686837232152
ONEWEB-0418             
1 50493U 21132AA  26248.61813375  .00000041  00000+0  70641-4 0  9992
2 50493  87.9185 319.4776 0001786 110.0827 250.0498 13.18686557232262
ONEWEB-0419             
1 50494U 21132AB  26248.94198568 -.00035552  00000+0 -91053-1 0  9993
2 50494  87.9161 319.4167 0001561 109.5830 250.5470 13.18319623232227
ONEWEB-0420             
1 50495U 21132AC  26248.60141271 -.00000010  00000+0 -57265-4 0  9997
2 50495  87.9184 319.4799 0002049  93.4505 266.6861 13.18686128232179
ONEWEB-0421             
1 50496U 21132AD  26248.89817502 -.00000015  00000+0 -69868-4 0  9993
2 50496  87.9187 319.4202 0002327 103.8192 256.3200 13.18685805232252
ONEWEB-0424             
1 50497U 21132AE  26248.93526316 -.00000012  00000+0 -63364-4 0  9991
2 50497  87.9183 319.4143 0001605  97.9522 262.1793 13.18685326232284
ONEWEB-0426             
1 50498U 21132AF  26248.59019759  .00021265  00000+0  53631-1 0  9996
2 50498  87.9193 319.4751 0002589 128.3869 231.7496 13.18874057232188
ONEWEB-0427             
1 50499U 21132AG  26248.93357898  .00000015  00000+0  64765-5 0  9998
2 50499  87.9190 319.3967 0001926 105.3503 254.7842 13.18685237232256
ONEWEB-0429             
1 50500U 21132AH  26248.61657280  .00000001  00000+0 -31244-4 0  9995
2 50500  87.9182 319.4779 0001989  95.3854 264.7505 13.18687008232185
ONEWEB-0430             
1 50501U 21132AJ  26248.45302218  .00000028  00000+0  37368-4 0  9997
2 50501  87.9186 319.5091 0001988  91.4396 268.6964 13.18686631232201
ONEWEB-0432             
1 50502U 21132AK  26248.89128498 -.00000075  00000+0 -22192-3 0  9994
2 50502  87.9187 319.4126 0001617  90.4001 269.7316 13.18685451232215
ONEWEB-0440             
1 50503U 21132AL  26248.92850784  .00000017  00000+0  10935-4 0  9996
2 50503  87.9187 319.4154 0002267  96.6356 263.5034 13.18687042232217
ONEWEB-0450             
1 50504U 21132AM  26248.61841101  .00000028  00000+0  37221-4 0  9995
2 50504  87.9183 319.4749 0001987  93.4318 266.7042 13.18685446232204
ONEWEB-0410             
1 51622U 22012A   26248.70962193 -.00000035  00000+0 -12426-3 0  9999
2 51622  87.9204 349.8684 0002198 138.1200 222.0100 13.17650999224303
ONEWEB-0411             
1 51623U 22012B   26248.64684313 -.00000048  00000+0 -17494-3 0  9992
2 51623  87.8889  20.2476 0001593  80.2183 279.9124 13.10379383219822
ONEWEB-0415             
1 51624U 22012C   26248.41437382 -.00000128  00000+0 -40410-3 0  9993
2 51624  87.8890  20.2891 0001318  95.1647 264.9631 13.10379172219790
ONEWEB-0416             
1 51625U 22012D   26248.80806554  .00000437  00000+0  12147-2 0  9994
2 51625  87.8882  20.2238 0001350  95.0165 265.1117 13.10374419219888
ONEWEB-0422             
1 51626U 22012E   26248.71973159  .00000174  00000+0  41555-3 0  9995
2 51626  87.9204 349.8642 0002445  91.3033 268.8379 13.17650315224410
ONEWEB-0423             
1 51627U 22012F   26248.71298682  .00000973  00000+0  24723-2 0  9991
2 51627  87.9203 349.8688 0001847 103.2956 256.8382 13.17659668224301
ONEWEB-0425             
1 51628U 22012G   26248.81823930  .00000686  00000+0  19292-2 0  9999
2 51628  87.8884  20.2083 0001650 112.7994 247.3307 13.10373169219885
ONEWEB-0428             
1 51629U 22012H   26248.79787764 -.00000092  00000+0 -29979-3 0  9998
2 51629  87.8883  20.2166 0001724  97.5651 262.5672 13.10375116219843
ONEWEB-0431             
1 51630U 22012J   26248.61446338 -.00000302  00000+0 -90281-3 0  9998
2 51630  87.8883  20.2489 0001549  78.3525 281.7776 13.10370399219874
ONEWEB-0434             
1 51631U 22012K   26248.66905901  .00000761  00000+0  21423-2 0  9998
2 51631  87.8885  20.2644 0001820 120.7978 239.3329 13.10371526219861
ONEWEB-0435             
1 51632U 22012L   26248.59935334  .00000408  00000+0  11324-2 0  9991
2 51632  87.8877  20.2595 0001905  90.1002 270.0343 13.10370712219842
ONEWEB-0436             
1 51633U 22012M   26248.32488405  .00000083  00000+0  18092-3 0  9994
2 51633  87.9215 349.9330 0002076  97.4319 262.7048 13.17649880224230
ONEWEB-0438             
1 51634U 22012N   26248.81314873  .00000699  00000+0  19659-2 0  9998
2 51634  87.8876  20.2206 0001700 104.0679 256.0638 13.10373913219904
ONEWEB-0439             
1 51635U 22012P   26248.81655277  .00006493  00000+0  18559-1 0  9990
2 51635  87.8886  20.2096 0002040  98.7854 261.3504 13.10344628219884
ONEWEB-0442             
1 51636U 22012Q   26248.31728830  .00000035  00000+0  57631-4 0  9995
2 51636  87.9202 349.9607 0001843 118.6085 241.5233 13.17649620224225
ONEWEB-0443             
1 51637U 22012R   26248.33669169  .00000019  00000+0  16968-4 0  9997
2 51637  87.9199 349.9581 0002192 103.9325 256.2050 13.17649868224273
ONEWEB-0444             
1 51638U 22012S   26248.34821156  .00000528  00000+0  14749-2 0  9993
2 51638  87.8887  20.3018 0001867  98.3064 261.8275 13.10376376219838
ONEWEB-0445             
1 51639U 22012T   26248.36857549  .00000512  00000+0  14304-2 0  9991
2 51639  87.8887  20.2899 0001565  98.2641 261.8664 13.10371054219841
ONEWEB-0446             
1 51640U 22012U   26248.42286970  .00000395  00000+0  10963-2 0  9990
2 51640  87.8880  20.3015 0001368  98.6698 261.4584 13.10376598219838
ONEWEB-0448             
1 51641U 22012V   26248.80976053  .00000478  00000+0  13335-2 0  9999
2 51641  87.8880  20.2197 0001718  98.5042 261.6280 13.10374782219850
ONEWEB-0449             
1 51642U 22012W   26248.35668171  .00000419  00000+0  11652-2 0  9994
2 51642  87.8896  20.2983 0001568 117.8644 242.2642 13.10382018219800
ONEWEB-0451             
1 51643U 22012X   26248.70117552 -.00000021  00000+0 -86261-4 0  9997
2 51643  87.9213 349.8576 0001884 107.1269 253.0069 13.17648437224265
ONEWEB-0452             
1 51644U 22012Y   26248.31981021 -.00000066  00000+0 -20430-3 0  9999
2 51644  87.9195 349.9610 0002138 109.4823 250.6540 13.17647454224220
ONEWEB-0456             
1 51646U 22012AA  26248.67061973  .00000591  00000+0  16569-2 0  9993
2 51646  87.8889  20.2311 0001819  94.8654 265.2681 13.10372414219880
ONEWEB-0457             
1 51647U 22012AB  26248.64841106  .00000184  00000+0  49212-3 0  9995
2 51647  87.8887  20.2461 0001345 103.5750 256.5527 13.10376692219888
ONEWEB-0458             
1 51648U 22012AC  26246.91354491  .00000360  00000+0  99465-3 0  9991
2 51648  87.8880  20.5801 0001899 102.8184 257.3156 13.10369303219619
ONEWEB-0461             
1 51649U 22012AD  26248.34175880  .00000025  00000+0  30594-4 0  9991
2 51649  87.9204 349.9399 0001723 101.5790 258.5535 13.17649338224443
ONEWEB-0463             
1 51650U 22012AE  26248.55100266 -.00000049  00000+0 -15988-3 0  9999
2 51650  87.9200 349.9153 0001671 101.4422 258.6897 13.17649830224250
ONEWEB-0464             
1 51651U 22012AF  26248.43815392  .00000661  00000+0  18577-2 0  9994
2 51651  87.8878  20.2953 0002020  97.5793 262.5564 13.10372547219837
ONEWEB-0468             
1 51652U 22012AG  26248.59595934  .00000281  00000+0  76972-3 0  9991
2 51652  87.8879  20.2572 0001910  96.5587 263.5758 13.10372784219832
ONEWEB-0473             
1 51653U 22012AH  26248.65873301  .00000635  00000+0  17826-2 0  9991
2 51653  87.8877  20.2459 0001735  95.5084 264.6242 13.10375554219840
ONEWEB-0474             
1 51654U 22012AJ  26248.80296081  .00000182  00000+0  48586-3 0  9998
2 51654  87.8892  20.2099 0002014  97.0126 263.1230 13.10376874219851
ONEWEB-0475             
1 51655U 22012AK  26248.71468548  .00000017  00000+0  10043-4 0  9993
2 51655  87.9204 349.8773 0002476  97.3476 262.7937 13.17648079224291
ONEWEB-0490             
1 54113U 22138A   26248.87945719 -.00000066  00000+0 -19839-3 0  9998
2 54113  87.9128 288.8980 0002070  89.6007 270.5363 13.19726177187470
ONEWEB-0492             
1 54114U 22138B   26248.60147972  .00000090  00000+0  19245-3 0  9991
2 54114  87.9133 288.9524 0001908  87.3883 272.7469 13.19726170187449
ONEWEB-0495             
1 54115U 22138C   26248.80681801 -.00000040  00000+0 -13226-3 0  9998
2 54115  87.9123 288.9124 0002413  81.3638 278.7768 13.19725365187453
ONEWEB-0497             
1 54116U 22138D   26248.59200351 -.00000010  00000+0 -56464-4 0  9991
2 54116  87.9135 288.9523 0002026  92.4211 267.7153 13.19726389187419
ONEWEB-0499             
1 54117U 22138E   26248.87866976  .00000004  00000+0 -23102-4 0  9999
2 54117  87.9121 288.8993 0002154  90.6331 269.5048 13.19726724187461
ONEWEB-0500             
1 54118U 22138F   26248.80523873 -.00000001  00000+0 -34118-4 0  9996
2 54118  87.9127 288.9123 0001879  93.4545 266.6803 13.19725077187462
ONEWEB-0501             
1 54119U 22138G   26248.60780361  .00000098  00000+0  21131-3 0  9996
2 54119  87.9127 288.9524 0002274  86.0226 274.1167 13.19724419187413
ONEWEB-0502             
1 54120U 22138H   26248.59357490 -.00000258  00000+0 -67622-3 0  9994
2 54120  87.9128 288.9457 0002209  96.2426 263.8958 13.19727978187432
ONEWEB-0503             
1 54121U 22138J   26248.35506829  .00000065  00000+0  13102-3 0  9999
2 54121  87.9133 288.9998 0002133 100.6547 259.4826 13.19726799187399
ONEWEB-0504             
1 54122U 22138K   26248.56989179  .00000044  00000+0  77100-4 0  9992
2 54122  87.9128 288.9601 0002211  91.8012 268.3374 13.19724552187437
ONEWEB-0505             
1 54123U 22138L   26248.87000555 -.00000018  00000+0 -77558-4 0  9999
2 54123  87.9124 288.8997 0002322  86.7403 273.3995 13.19725379187456
ONEWEB-0506             
1 54124U 22138M   26248.61728197  .00000015  00000+0  48895-5 0  9999
2 54124  87.9131 288.9501 0002241  89.1309 271.0081 13.19724663187411
ONEWEB-0507             
1 54125U 22138N   26248.86525528  .00000030  00000+0  43373-4 0  9992
2 54125  87.9119 288.9056 0002049  89.7280 270.4088 13.19725861187492
ONEWEB-0508             
1 54126U 22138P   26248.86208199  .00000037  00000+0  60564-4 0  9993
2 54126  87.9123 288.9055 0002121  87.0722 273.0653 13.19727369187470
ONEWEB-0509             
1 54127U 22138Q   26248.60935524  .00000062  00000+0  12346-3 0  9997
2 54127  87.9133 288.9527 0001972  90.0619 270.0740 13.19724186187410
ONEWEB-0510             
1 54128U 22138R   26248.73722891  .00000125  00000+0  27454-3 0  9999
2 54128  87.9133 258.3698 0001739 102.0137 258.1192 13.20773116189915
ONEWEB-0511             
1 54129U 22138S   26248.83365312  .00000048  00000+0  86751-4 0  9992
2 54129  87.9129 288.9072 0002237  97.1169 263.0218 13.19726994187472
ONEWEB-0512             
1 54130U 22138T   26248.59830958 -.00000024  00000+0 -93452-4 0  9992
2 54130  87.9131 288.9555 0002257  89.8396 270.2995 13.19727869187413
ONEWEB-0513             
1 54131U 22138U   26248.64666838 -.00000008  00000+0 -51718-4 0  9994
2 54131  87.9129 288.8785 0002897  91.6772 268.4693 13.20260182187331
ONEWEB-0514             
1 54132U 22138V   26248.61410647  .00000050  00000+0  92962-4 0  9998
2 54132  87.9130 288.9512 0001908  97.2625 262.8724 13.19726761187436
ONEWEB-0515             
1 54133U 22138W   26248.57226606  .00000062  00000+0  12153-3 0  9990
2 54133  87.9140 258.4011 0001103  87.1710 272.9550 13.20770994189917
ONEWEB-0516             
1 54134U 22138X   26248.58883867  .00000053  00000+0  10125-3 0  9997
2 54134  87.9119 288.9588 0001910  86.0091 274.1260 13.19725217187430
ONEWEB-0517             
1 54135U 22138Y   26248.87158026  .00000071  00000+0  14404-3 0  9996
2 54135  87.9123 288.8988 0002048 103.3147 256.8215 13.19725632187479
ONEWEB-0518             
1 54136U 22138Z   26248.81469443  .00000001  00000+0 -29035-4 0  9990
2 54136  87.9123 288.9143 0001849  88.2067 271.9278 13.19727041187466
ONEWEB-0519             
1 54137U 22138AA  26248.83998728 -.00000002  00000+0 -38583-4 0  9996
2 54137  87.9127 288.9055 0002071  99.3660 260.7707 13.19725803187471
ONEWEB-0520             
1 54138U 22138AB  26248.64728823 -.00000002  00000+0 -37311-4 0  9991
2 54138  87.9124 288.9457 0002094  86.3594 273.7778 13.19725473187433
ONEWEB-0521             
1 54139U 22138AC  26248.60464316  .00000051  00000+0  94454-4 0  9995
2 54139  87.9137 288.9448 0002013 100.9935 259.1424 13.19725590187370
ONEWEB-0522             
1 54140U 22138AD  26248.35665933 -.00000055  00000+0 -16941-3 0  9997
2 54140  87.9135 288.9961 0002122  92.7185 267.4191 13.19725869187389
ONEWEB-0523             
1 54141U 22138AE  26248.55879760 -.00000018  00000+0 -75646-4 0  9992
2 54141  87.9134 258.4115 0001469 111.2764 248.8526 13.20772208189912
ONEWEB-0524             
1 54142U 22138AF  26248.77596444 -.00000029  00000+0 -10433-3 0  9996
2 54142  87.9133 258.3644 0001199  75.9961 284.1305 13.20771870189948
ONEWEB-0525             
1 54143U 22138AG  26248.83049157  .00000065  00000+0  13046-3 0  9999
2 54143  87.9129 288.9072 0002124  84.1009 276.0365 13.19727194187461
ONEWEB-0526             
1 54144U 22138AH  26248.63620278 -.00000037  00000+0 -12490-3 0  9990
2 54144  87.9129 288.9465 0001951  90.5479 269.5877 13.19726504187411
ONEWEB-0529             
1 54145U 22138AJ  26248.86683765 -.00000003  00000+0 -39836-4 0  9993
2 54145  87.9122 288.9042 0002075  89.1645 270.9726 13.19725439187463
ONEWEB-0531             
1 54146U 22138AK  26248.76250644  .00000083  00000+0  17220-3 0  9997
2 54146  87.9134 258.3647 0001560 103.6579 256.4728 13.20771573189943
ONEWEB-0535             
1 54147U 22138AL  26248.59674551 -.00000005  00000+0 -44864-4 0  9997
2 54147  87.9134 288.9485 0001846 103.1304 257.0035 13.19724637187449
ONEWEB-0536             
1 54148U 22138AM  26248.97629538  .00000115  00000+0  25005-3 0  9990
2 54148  87.9133 258.3362 0001022 101.7581 258.3667 13.20772267189969
ONEWEB-0527             
1 54642U 22166A   26248.49053692  .00000039  00000+0  62906-4 0  9996
2 54642  87.9250 228.0078 0002111  83.6187 276.5187 13.21826034182141
ONEWEB-0528             
1 54643U 22166B   26248.49137155 -.00000006  00000+0 -45145-4 0  9996
2 54643  87.9250 228.0111 0002184  79.1135 281.0244 13.21825275182155
ONEWEB-0539             
1 54644U 22166C   26248.90770973  .00000067  00000+0  12974-3 0  9992
2 54644  87.9260 227.9053 0002228  88.5839 271.5550 13.21826424182201
ONEWEB-0540             
1 54645U 22166D   26248.46037106  .00000039  00000+0  63275-4 0  9998
2 54645  87.9248 228.0190 0002085  87.6000 272.5372 13.21827885182130
ONEWEB-0542             
1 54646U 22166E   26248.91780293 -.00000003  00000+0 -39094-4 0  9996
2 54646  87.9258 227.9032 0002258  91.0381 269.1011 13.21825781182201
ONEWEB-0545             
1 54647U 22166F   26248.88247213  .00000046  00000+0  79873-4 0  9997
2 54647  87.9251 227.9156 0002290 100.7755 259.3636 13.21826529182161
ONEWEB-0580             
1 54648U 22166G   26248.47875152 -.00000034  00000+0 -11349-3 0  9994
2 54648  87.9250 227.9953 0002083  95.7068 264.4303 13.21824723182157
ONEWEB-0582             
1 54649U 22166H   26248.89929390  .00000072  00000+0  14256-3 0  9995
2 54649  87.9256 227.9061 0002326  95.3215 264.8185 13.21826915182184
ONEWEB-0583             
1 54650U 22166J   26248.45687950  .00000034  00000+0  49875-4 0  9996
2 54650  87.9250 228.0158 0002144  87.7491 272.3889 13.21824343182131
ONEWEB-0584             
1 54651U 22166K   26248.47705869  .00000049  00000+0  85956-4 0  9995
2 54651  87.9250 227.9952 0002066  86.5716 273.5654 13.21827200182129
ONEWEB-0585             
1 54652U 22166L   26248.65201752  .00000041  00000+0  68236-4 0  9992
2 54652  87.9255 227.9523 0002054  79.8884 280.2482 13.21827167182156
ONEWEB-0586             
1 54653U 22166M   26248.89255726  .00000072  00000+0  14399-3 0  9993
2 54653  87.9253 227.9273 0002236  91.2832 268.8558 13.21824285182187
ONEWEB-0587             
1 54654U 22166N   26248.44848783  .00000031  00000+0  43163-4 0  9993
2 54654  87.9261 227.9973 0001981  75.8144 284.3209 13.21825962182284
ONEWEB-0589             
1 54655U 22166P   26248.51072375  .00000120  00000+0  25937-3 0  9995
2 54655  87.9250 227.9864 0002377 105.0837 255.0560 13.21826736182158
ONEWEB-0590             
1 54656U 22166Q   26248.91426983  .00002073  00000+0  49846-2 0  9991
2 54656  87.9261 227.9049 0001626  90.8061 269.3259 13.21844541182193
ONEWEB-0591             
1 54657U 22166R   26248.92621317 -.00000029  00000+0 -10123-3 0  9999
2 54657  87.9249 227.9098 0002002  86.2121 273.9242 13.21826323182224
ONEWEB-0592             
1 54658U 22166S   26248.92956067 -.00000013  00000+0 -62883-4 0  9997
2 54658  87.9261 227.8948 0002093  84.5400 275.5972 13.21827465182106
ONEWEB-0593             
1 54659U 22166T   26248.49726318  .00000043  00000+0  71482-4 0  9990
2 54659  87.9252 227.9878 0002206  86.8060 273.3326 13.21825568182159
ONEWEB-0594             
1 54660U 22166U   26248.66883484 -.00000001  00000+0 -34661-4 0  9993
2 54660  87.9250 227.9674 0002117  79.7622 280.3751 13.21826985182197
ONEWEB-0595             
1 54661U 22166V   26248.49390058  .00000071  00000+0  13959-3 0  9996
2 54661  87.9258 227.9894 0001935  79.7609 280.3743 13.21826195182141
ONEWEB-0596             
1 54662U 22166W   26248.46866022 -.00000029  00000+0 -10198-3 0  9990
2 54662  87.9251 228.0010 0002042  82.7634 277.3732 13.21827786182140
ONEWEB-0597             
1 54663U 22166X   26248.90434943  .00000081  00000+0  16527-3 0  9991
2 54663  87.9252 227.9161 0002120  87.0974 273.0403 13.21826318182204
ONEWEB-0600             
1 54664U 22166Y   26248.88584060  .00000070  00000+0  13839-3 0  9996
2 54664  87.9254 227.9117 0002284  83.9002 276.2393 13.21825992182172
ONEWEB-0601             
1 54665U 22166Z   26248.49894445  .00000045  00000+0  78066-4 0  9991
2 54665  87.9248 228.0036 0002215  91.1562 268.9826 13.21825310182313
ONEWEB-0602             
1 54666U 22166AA  26248.46445424 -.00000001  00000+0 -34251-4 0  9990
2 54666  87.9248 228.0160 0002341  84.4715 275.6686 13.21827501182152
ONEWEB-0603             
1 54667U 22166AB  26248.39463486  .00000030  00000+0  41954-4 0  9999
2 54667  87.9258 227.9952 0002139  85.7335 274.4044 13.21828055182079
ONEWEB-0604             
1 54668U 22166AC  26248.68566783 -.00000008  00000+0 -51962-4 0  9993
2 54668  87.9250 227.9527 0002106  82.8358 277.3016 13.21826213182072
ONEWEB-0605             
1 54669U 22166AD  26248.67891241 -.00000025  00000+0 -90895-4 0  9990
2 54669  87.9251 227.9614 0001919 102.2564 257.8785 13.21827954182145
ONEWEB-0606             
1 54670U 22166AE  26248.92787332 -.00000881  00000+0 -21659-2 0  9995
2 54670  87.9252 227.9238 0002144  79.9602 280.1774 13.21829467182232
ONEWEB-0607             
1 54671U 22166AF  26248.36435918  .00000133  00000+0  29083-3 0  9992
2 54671  87.9255 228.0124 0002101  86.1617 273.9757 13.21825450182139
ONEWEB-0608             
1 54672U 22166AG  26248.67388891  .00000022  00000+0  22636-4 0  9999
2 54672  87.9260 227.9500 0002185  98.6963 261.4419 13.21827316182181
ONEWEB-0610             
1 54673U 22166AH  26248.50231244  .00000101  00000+0  21413-3 0  9990
2 54673  87.9248 227.9900 0002487  96.8330 263.3087 13.21826510182069
ONEWEB-0611             
1 54674U 22166AJ  26248.49557564  .00000024  00000+0  26311-4 0  9992
2 54674  87.9253 227.9885 0002035  81.4799 278.6565 13.21826936182057
ONEWEB-0612             
1 54675U 22166AK  26248.88752044  .00000069  00000+0  13456-3 0  9990
2 54675  87.9255 227.9124 0002163  88.6489 271.4893 13.21826102182097
ONEWEB-0615             
1 54676U 22166AL  26248.86730803 -.00000008  00000+0 -50095-4 0  9994
2 54676  87.9251 227.9250 0002198  77.3086 282.8294 13.21828269182109
ONEWEB-0655             
1 54677U 22166AM  26248.69239933  .00000002  00000+0 -26134-4 0  9994
2 54677  87.9250 227.9599 0002311  85.5309 274.6089 13.21826769182071
ONEWEB-0659             
1 54678U 22166AN  26248.48212372  .00000038  00000+0  60326-4 0  9999
2 54678  87.9249 228.0006 0002029  85.7124 274.4242 13.21827549182131
ONEWEB-0685             
1 54679U 22166AP  26248.66184464  .00000083  00000+0  16625-3 0  9992
2 54679  87.9246 227.9328 0001884 101.7201 258.4145 13.23186962182051
ONEWEB-0712             
1 54680U 22166AQ  26248.38880112  .00000020  00000+0  20013-4 0  9994
2 54680  87.9131 212.8470 0002574  79.9089 280.2332 13.16595348182611
ONEWEB-0714             
1 54681U 22166AR  26248.48717372  .00000026  00000+0  31615-4 0  9999
2 54681  87.9255 227.9909 0002344  79.9926 280.1472 13.21825856182146
ONEWEB-0532             
1 55140U 23004A   26248.60078564 -.00000007  00000+0 -51167-4 0  9994
2 55140  87.9203 349.8898 0001566 106.6671 253.4632 13.17651163178173
ONEWEB-0533             
1 55141U 23004B   26248.65890029 -.00000418  00000+0 -11976-2 0  9996
2 55141  87.8995 334.6916 0001972 107.0822 253.0522 13.12446694178617
ONEWEB-0541             
1 55142U 23004C   26248.75171392 -.00001650  00000+0 -46925-2 0  9994
2 55142  87.8977   5.0436 0001966 104.6528 255.4818 13.11402618176500
ONEWEB-0543             
1 55143U 23004D   26248.44122976  .00000076  00000+0  16002-3 0  9998
2 55143  87.9179 319.5213 0002138  93.6175 266.5202 13.18685790180279
ONEWEB-0544             
1 55144U 23004E   26248.43447348  .00000091  00000+0  19697-3 0  9991
2 55144  87.9181 319.5222 0001922  92.4051 267.7301 13.18687363180274
ONEWEB-0560             
1 55145U 23004F   26248.95887291 -.00000024  00000+0 -93875-4 0  9993
2 55145  87.9178 319.4079 0001959  90.5498 269.5858 13.18685840180358
ONEWEB-0565             
1 55146U 23004G   26248.95210889 -.00000007  00000+0 -49340-4 0  9996
2 55146  87.9167 319.4298 0001556  94.6818 265.4491 13.18687323180349
ONEWEB-0567             
1 55147U 23004H   26248.49012500  .00000014  00000+0  22477-5 0  9995
2 55147  87.9179 319.5127 0001680  92.1316 268.0008 13.18686677180286
ONEWEB-0569             
1 55148U 23004J   26248.90873262  .00000302  00000+0  79315-3 0  9993
2 55148  87.8943 304.1685 0001938  70.7274 289.4064 13.13469973180771
ONEWEB-0570             
1 55149U 23004K   26248.63344679  .00000003  00000+0 -24781-4 0  9996
2 55149  87.9180 319.4813 0001695 112.6950 247.4361 13.18686301180297
ONEWEB-0571             
1 55150U 23004L   26248.62669931  .00000016  00000+0  68453-5 0  9996
2 55150  87.9179 319.4825 0001302  58.9210 301.2050 13.18686055180308
ONEWEB-0572             
1 55151U 23004M   26248.55606127  .00000002  00000+0 -27830-4 0  9996
2 55151  87.9203 349.9007 0001698  99.7442 260.3881 13.17649824178064
ONEWEB-0573             
1 55152U 23004N   26248.61995879  .00000031  00000+0  45182-4 0  9990
2 55152  87.9179 319.4860 0001278  78.2943 281.8333 13.18686874180293
ONEWEB-0588             
1 55153U 23004P   26248.61321025  .00000014  00000+0  33721-5 0  9995
2 55153  87.9176 319.4858 0001529 107.4404 252.6895 13.18685517180296
ONEWEB-0598             
1 55154U 23004Q   26248.34817307 -.00000393  00000+0 -11448-2 0  9990
2 55154  87.8957   5.1256 0001555  76.8283 283.3018 13.11415622176404
ONEWEB-0599             
1 55155U 23004R   26248.74506011  .00000043  00000+0  76887-4 0  9992
2 55155  87.9203 349.8620 0001910  93.9430 266.1920 13.17650837178095
ONEWEB-0614             
1 55156U 23004S   26248.57195779 -.00000226  00000+0 -67418-3 0  9993
2 55156  87.8955   5.0873 0001703 114.5396 245.5909 13.11414135176371
ONEWEB-0616             
1 55157U 23004T   26248.71130730  .00000042  00000+0  74146-4 0  9997
2 55157  87.9205 349.8731 0002634  87.0916 273.0517 13.17649887178305
ONEWEB-0617             
1 55158U 23004U   26248.33121885  .00000257  00000+0  68811-3 0  9996
2 55158  87.8960   5.1317 0001564 112.8847 247.2446 13.11415312176362
ONEWEB-0618             
1 55159U 23004V   26248.98647037  .00003393  00000+0  18576-3 0  9997
2 55159  86.9110 144.8272 0012333   6.6736 353.4666 15.13831299194481
ONEWEB-0619             
1 55160U 23004W   26248.74337198  .00000064  00000+0  13059-3 0  9990
2 55160  87.9209 349.8547 0002132 107.5186 252.6179 13.17650113178208
ONEWEB-0620             
1 55161U 23004X   26248.32613295  .00000425  00000+0  11623-2 0  9995
2 55161  87.8954   5.1356 0001529  93.0321 267.0982 13.11415574176332
ONEWEB-0621             
1 55162U 23004Y   26248.35324163 -.00000589  00000+0 -16990-2 0  9997
2 55162  87.8962   5.1262 0001785 107.5830 252.5493 13.11416077176311
ONEWEB-0622             
1 55163U 23004Z   26248.73981840 -.00000529  00000+0 -15272-2 0  9997
2 55163  87.8955   5.0521 0001263 128.1680 231.9562 13.11416753176357
ONEWEB-0623             
1 55164U 23004AA  26248.35860272 -.00000007  00000+0 -50954-4 0  9990
2 55164  87.9203 349.9516 0001962 124.8360 235.2957 13.17651194178143
ONEWEB-0624             
1 55165U 23004AB  26248.51912682 -.00000048  00000+0 -16773-3 0  9997
2 55165  87.8993 334.6211 0001751 104.7449 255.3875 13.12931634178612
ONEWEB-0625             
1 55166U 23004AC  26248.72817609  .00000029  00000+0  41304-4 0  9990
2 55166  87.9203 349.8762 0001982  98.8015 261.3342 13.17650356178187
ONEWEB-0626             
1 55167U 23004AD  26248.64212331 -.00000076  00000+0 -22902-3 0  9999
2 55167  87.9202 349.8921 0001694  89.8921 270.2405 13.17646686178179
ONEWEB-0627             
1 55168U 23004AE  26248.55438426  .00000019  00000+0  15650-4 0  9993
2 55168  87.9204 349.9104 0001880 115.2418 244.8909 13.17649347178160
ONEWEB-0628             
1 55169U 23004AF  26248.68276211  .00000293  00000+0  77820-3 0  9990
2 55169  87.8998 334.6723 0002097 117.6766 242.4575 13.12446398178597
ONEWEB-0629             
1 55170U 23004AG  26248.75770602  .00000015  00000+0  43682-5 0  9996
2 55170  87.9206 349.8652 0002158 104.7326 255.4045 13.17649525178192
ONEWEB-0631             
1 55171U 23004AH  26248.90997121 -.00001012  00000+0 -26002-2 0  9995
2 55171  87.9187 319.4002 0001145 100.3242 259.8019 13.18691992180319
ONEWEB-0709             
1 55172U 23004AJ  26248.62114539  .00000567  00000+0  15651-2 0  9999
2 55172  87.8951   5.0800 0001437  68.2612 291.8669 13.11417082176411
ONEWEB-0710             
1 55173U 23004AK  26248.31644953  .00000030  00000+0  43986-4 0  9993
2 55173  87.9201 349.9482 0001757 105.1127 255.0199 13.17649389178138
ONEWEB-0711             
1 55174U 23004AL  26248.74490113 -.00000449  00000+0 -13025-2 0  9993
2 55174  87.8960   5.0456 0001618 124.7042 235.4239 13.11417195176395
ONEWEB-0713             
1 55175U 23004AM  26248.76356038  .00000281  00000+0  75650-3 0  9998
2 55175  87.8960   5.0442 0001640 111.6756 248.4547 13.11417839176383
ONEWEB-0715             
1 55176U 23004AN  26248.75847461  .00000059  00000+0  13166-3 0  9990
2 55176  87.8962   5.0452 0001240  83.9164 276.2106 13.11418070176420
ONEWEB-0716             
1 55177U 23004AP  26248.30970069  .00000011  00000+0 -50231-5 0  9998
2 55177  87.9206 349.9528 0002053  96.6116 263.5250 13.17649721178132
ONEWEB-0717             
1 55178U 23004AQ  26248.29281606  .00000081  00000+0  17492-3 0  9995
2 55178  87.9208 349.9510 0001473 115.6029 244.5255 13.17650722178188
ONEWEB-0719             
1 55179U 23004AR  26248.53074823  .00000060  00000+0  12107-3 0  9999
2 55179  87.9214 349.8839 0002053 101.1422 258.9941 13.17650668178169
ONEWEB-0530             
1 55796U 23029A   26248.54364226  .00000037  00000+0  58765-4 0  9996
2 55796  87.9123 258.4340 0001946 104.5642 255.5708 13.20772047171758
ONEWEB-0534             
1 55797U 23029B   26248.53186690  .00000035  00000+0  53901-4 0  9998
2 55797  87.9123 258.4385 0002046  88.6173 271.5195 13.20772008171756
ONEWEB-0556             
1 55798U 23029C   26248.76587293  .00000047  00000+0  83723-4 0  9996
2 55798  87.9124 258.3896 0002798  98.2318 261.9133 13.20771089171782
ONEWEB-0562             
1 55799U 23029D   26248.97967269  .00000105  00000+0  22728-3 0  9997
2 55799  87.9134 258.3328 0002447 109.4461 250.6937 13.20771425171814
ONEWEB-0563             
1 55800U 23029E   26248.97460540  .00000105  00000+0  22590-3 0  9997
2 55800  87.9123 258.3598 0002132  85.0590 275.0787 13.20773007171808
ONEWEB-0564             
1 55801U 23029F   26248.74061970  .00000069  00000+0  13704-3 0  9993
2 55801  87.9134 258.3827 0002091 100.2215 259.9155 13.20771047171783
ONEWEB-0638             
1 55802U 23029G   26248.62082615  .00000001  00000+0 -31360-4 0  9996
2 55802  87.8897 273.7069 0002394 100.6424 259.4975 13.14504553169961
ONEWEB-0639             
1 55803U 23029H   26248.62517751  .00000057  00000+0  10999-3 0  9995
2 55803  87.9123 288.9538 0002697  70.9258 289.2167 13.19725670169519
ONEWEB-0640             
1 55804U 23029J   26248.85764199 -.00000258  00000+0 -73163-3 0  9998
2 55804  87.8893 273.6496 0002557  97.9380 262.2040 13.14501726170014
ONEWEB-0641             
1 55805U 23029K   26248.84788589  .00000009  00000+0 -10673-4 0  9998
2 55805  87.9129 288.9037 0002088  92.3916 267.7456 13.19724526169559
ONEWEB-0642             
1 55806U 23029L   26248.84314747  .00000034  00000+0  52037-4 0  9997
2 55806  87.9124 288.9118 0002110  71.1237 289.0124 13.19724768169548
ONEWEB-0643             
1 55807U 23029M   26248.60053999  .00000394  00000+0  10273-2 0  9994
2 55807  87.8891 273.6894 0001801  72.0185 288.1141 13.14508821169958
ONEWEB-0644             
1 55808U 23029N   26248.61095702  .00000052  00000+0  97525-4 0  9992
2 55808  87.9122 288.9583 0001959  83.8766 276.2590 13.19724584169519
ONEWEB-0645             
1 55809U 23029P   26248.63306923  .00000012  00000+0 -11828-5 0  9995
2 55809  87.9125 288.9513 0002340  87.2602 272.8799 13.19724487169513
ONEWEB-0646             
1 55810U 23029Q   26248.57462302 -.00000038  00000+0 -12722-3 0  9995
2 55810  87.9123 288.9632 0001945  86.4155 273.7200 13.19726316169496
ONEWEB-0648             
1 55811U 23029R   26248.87286149 -.00000099  00000+0 -30212-3 0  9993
2 55811  87.8905 273.6166 0002572  76.1155 284.0261 13.14501968169996
ONEWEB-0649             
1 55812U 23029S   26248.59988400  .00000106  00000+0  23118-3 0  9996
2 55812  87.9128 288.9557 0002111  87.6844 272.4531 13.19723133169535
ONEWEB-0650             
1 55813U 23029T   26248.82260369 -.00000011  00000+0 -59662-4 0  9991
2 55813  87.9125 288.9140 0002114  76.5872 283.5496 13.19726259169537
ONEWEB-0652             
1 55814U 23029U   26248.77814219 -.00000086  00000+0 -26681-3 0  9991
2 55814  87.8905 273.6414 0001862  96.2367 263.8975 13.14506808169955
ONEWEB-0653             
1 55815U 23029V   26248.76295398  .00000318  00000+0  82451-3 0  9995
2 55815  87.8900 273.6432 0002009  93.8584 266.2775 13.14504172169989
ONEWEB-0654             
1 55816U 23029W   26248.75787433  .00000358  00000+0  93104-3 0  9992
2 55816  87.8903 273.6404 0002092 102.7034 257.4330 13.14501950170009
ONEWEB-0656             
1 55817U 23029X   26248.58235229  .00000042  00000+0  71776-4 0  9997
2 55817  87.9139 258.3969 0001917 103.2864 256.8483 13.20772990171767
ONEWEB-0657             
1 55818U 23029Y   26248.81787523 -.00000043  00000+0 -13962-3 0  9998
2 55818  87.9124 288.9142 0001490 113.8416 246.2873 13.19724614169547
ONEWEB-0658             
1 55819U 23029Z   26248.81313724 -.00000032  00000+0 -11115-3 0  9993
2 55819  87.9132 288.8976 0001950  81.8761 278.2593 13.19725248169558
ONEWEB-0660             
1 55820U 23029AA  26248.58365118  .00000351  00000+0  91182-3 0  9997
2 55820  87.8904 273.6743 0002207  88.4965 271.6417 13.14502310169960
ONEWEB-0661             
1 55821U 23029AB  26248.84580976  .00000145  00000+0  35586-3 0  9995
2 55821  87.8897 273.6534 0002214  93.4812 266.6571 13.14503300169982
ONEWEB-0662             
1 55822U 23029AC  26248.57686720 -.00000099  00000+0 -30077-3 0  9990
2 55822  87.8891 273.7131 0002288  90.2947 269.8445 13.14499250169990
ONEWEB-0663             
1 55823U 23029AD  26248.53420472  .00000002  00000+0 -27893-4 0  9993
2 55823  87.9136 258.4759 0002269  81.5244 278.6147 13.20873875171752
ONEWEB-0664             
1 55824U 23029AE  26248.56892754  .00000019  00000+0  15194-4 0  9991
2 55824  87.9124 258.4425 0002338  89.6350 270.5051 13.20758714171753
ONEWEB-0665             
1 55825U 23029AF  26248.46269449  .00000132  00000+0  32062-3 0  9998
2 55825  87.8907 273.7125 0002167  88.2739 271.8639 13.14502463169951
ONEWEB-0666             
1 55826U 23029AG  26248.56216616  .00000179  00000+0  40815-3 0  9994
2 55826  87.9138 258.4310 0001257 116.7787 243.3475 13.20772220171765
ONEWEB-0667             
1 55827U 23029AH  26248.78439184  .00000014  00000+0  20885-5 0  9991
2 55827  87.9138 258.3588 0002132  89.1729 270.9649 13.20771655171786
ONEWEB-0669             
1 55828U 23029AJ  26248.77933792  .00000026  00000+0  32332-4 0  9997
2 55828  87.9134 258.3666 0002102 106.6549 253.4815 13.20772219171780
ONEWEB-0670             
1 55829U 23029AK  26248.97438474  .00000638  00000+0  16869-2 0  9991
2 55829  87.8893 273.6256 0002267  96.1456 263.9933 13.14500891170042
ONEWEB-0671             
1 55830U 23029AL  26248.80837691 -.00000019  00000+0 -79883-4 0  9991
2 55830  87.9125 288.9167 0002207  92.6534 267.4851 13.19726828169530
ONEWEB-0672             
1 55831U 23029AM  26248.77427407  .00000041  00000+0  68965-4 0  9990
2 55831  87.9135 258.3613 0001807  96.6029 263.5310 13.20769563171789
ONEWEB-0673             
1 55832U 23029AN  26248.63385305  .00000053  00000+0  99898-4 0  9998
2 55832  87.9126 288.9480 0002081  94.4069 265.7302 13.19725589169517
ONEWEB-0674             
1 55833U 23029AP  26248.86440419 -.00000205  00000+0 -58825-3 0  9997
2 55833  87.8897 273.6270 0002321  97.5028 262.6365 13.14503821170016
ONEWEB-0675             
1 55834U 23029AQ  26248.64886779 -.00000035  00000+0 -12031-3 0  9997
2 55834  87.9097 288.9551 0001516 110.9913 249.1382 13.19724377169539
ONEWEB-0720             
1 55835U 23029AR  26248.64097093 -.00000104  00000+0 -29309-3 0  9994
2 55835  87.9122 288.9519 0002074  86.3302 273.8068 13.19724532169450
ONEWEB-0537             
1 56046U 23043A   26248.59936595  .00000085  00000+0  18875-3 0  9990
2 56046  87.9132 212.8015 0001900  82.4768 277.6578 13.16593078169547
ONEWEB-0538             
1 56047U 23043B   26248.36505053  .00000085  00000+0  19000-3 0  9998
2 56047  87.9129 212.8511 0001937  74.6538 285.4807 13.16593350169526
ONEWEB-0546             
1 56048U 23043C   26248.42839204  .00000163  00000+0  39383-3 0  9997
2 56048  87.9127 212.8380 0001465  94.6373 265.4925 13.16594910169526
ONEWEB-0547             
1 56049U 23043D   26248.63772176 -.00000014  00000+0 -64981-4 0  9995
2 56049  87.9254 227.9598 0002114  79.5593 280.5779 13.21826484168854
ONEWEB-0548             
1 56050U 23043E   26248.45291412  .00000057  00000+0  11475-3 0  9990
2 56050  87.9128 212.8280 0002367  90.1926 269.9476 13.16596066169520
ONEWEB-0549             
1 56051U 23043F   26248.48043800  .00000016  00000+0  78463-5 0  9997
2 56051  87.9251 227.9931 0001912  74.9539 285.1806 13.21827455168838
ONEWEB-0550             
1 56052U 23043G   26248.46699339 -.00000074  00000+0 -21121-3 0  9993
2 56052  87.9250 227.9954 0002308  87.4234 272.7164 13.21825887168830
ONEWEB-0551             
1 56053U 23043H   26248.47177095 -.00000066  00000+0 -21038-3 0  9993
2 56053  87.8964 243.2164 0001982  77.1145 283.0207 13.15550267166954
ONEWEB-0552             
1 56054U 23043J   26248.91612320  .00000039  00000+0  63437-4 0  9996
2 56054  87.9249 227.9091 0002255  81.2735 278.8655 13.21825630168895
ONEWEB-0553             
1 56055U 23043K   26248.43472835  .00000095  00000+0  21616-3 0  9993
2 56055  87.9129 212.8370 0001701  91.2278 268.9048 13.16594115169537
ONEWEB-0554             
1 56056U 23043L   26248.42204478  .00000122  00000+0  28561-3 0  9996
2 56056  87.9124 212.8477 0002406  91.0156 269.1251 13.16593273169518
ONEWEB-0555             
1 56057U 23043M   26248.46004395  .00000021  00000+0  22384-4 0  9993
2 56057  87.9128 212.8297 0001657  92.5476 267.5845 13.16593940169524
ONEWEB-0557             
1 56058U 23043N   26248.62629391 -.00000001  00000+0 -36807-4 0  9996
2 56058  87.9132 212.8068 0002478 112.5736 247.5657 13.16594585169547
ONEWEB-0558             
1 56059U 23043P   26248.68230174 -.00000010  00000+0 -55881-4 0  9993
2 56059  87.9249 227.9524 0001856  77.7523 282.3819 13.21824736168878
ONEWEB-0559             
1 56060U 23043Q   26248.44344102  .00000091  00000+0  18952-3 0  9990
2 56060  87.9254 227.9969 0002125  78.6353 281.5020 13.21826508168852
ONEWEB-0566             
1 56061U 23043R   26248.51240768  .00000110  00000+0  23476-3 0  9991
2 56061  87.9255 227.9814 0002156  75.5673 284.5700 13.21826615168844
ONEWEB-0568             
1 56062U 23043S   26248.41571824  .00000132  00000+0  31182-3 0  9998
2 56062  87.9126 212.8371 0001849  85.8034 274.3308 13.16594738169536
ONEWEB-0574             
1 56063U 23043T   26248.42998180  .00000129  00000+0  28104-3 0  9994
2 56063  87.9256 228.0027 0002163  89.0928 271.0454 13.21826195168879
ONEWEB-0575             
1 56064U 23043U   26248.63738334 -.00000090  00000+0 -26900-3 0  9992
2 56064  87.9129 212.7895 0002138  92.5059 267.6317 13.16593272169554
ONEWEB-0576             
1 56065U 23043V   26248.39039119  .00000001  00000+0 -31923-4 0  9994
2 56065  87.9131 212.8480 0002079  87.6753 272.4616 13.16594804169513
ONEWEB-0577             
1 56066U 23043W   26248.85271166 -.00000030  00000+0 -11282-3 0  9994
2 56066  87.9130 212.7542 0002496  98.0236 262.1179 13.16594178169600
ONEWEB-0578             
1 56067U 23043X   26248.49221883  .00000096  00000+0  20138-3 0  9996
2 56067  87.9253 227.9865 0001823  90.1904 269.9439 13.21825655168843
ONEWEB-0579             
1 56068U 23043Y   26248.93797976  .00000035  00000+0  52644-4 0  9998
2 56068  87.9261 227.8987 0002293  80.2153 279.9240 13.21824235168917
ONEWEB-0581             
1 56069U 23043Z   26248.63105339 -.00000168  00000+0 -47246-3 0  9992
2 56069  87.9120 212.8043 0002414  92.9090 267.2317 13.16593207169545
ONEWEB-0609             
1 56070U 23043AA  26248.49790298 -.00000114  00000+0 -33810-3 0  9995
2 56070  87.8958 243.1954 0001914  86.2642 273.8708 13.15549779166993
ONEWEB-0613             
1 56071U 23043AB  26248.49552661  .00000094  00000+0  21481-3 0  9992
2 56071  87.8960 243.2085 0002120  80.4464 279.6906 13.15550713166995
ONEWEB-0630             
1 56072U 23043AC  26248.94714276 -.00000034  00000+0 -12496-3 0  9997
2 56072  87.8967 243.0953 0002151  82.3078 277.8297 13.15548453167049
ONEWEB-0632             
1 56073U 23043AD  26248.71421461 -.00000133  00000+0 -38642-3 0  9995
2 56073  87.8964 243.1560 0002136  90.5120 269.6256 13.15548803167014
ONEWEB-0633             
1 56074U 23043AE  26248.47969603 -.00000062  00000+0 -19893-3 0  9992
2 56074  87.8970 243.1845 0002068  75.5138 284.6221 13.15548273166967
ONEWEB-0634             
1 56075U 23043AF  26248.69359857  .00000040  00000+0  73479-4 0  9996
2 56075  87.8963 243.1758 0001679  87.9585 272.1738 13.15550076166984
ONEWEB-0635             
1 56076U 23043AG  26248.53672384  .00000021  00000+0  21175-4 0  9998
2 56076  87.8973 243.1761 0002184  92.8939 267.2442 13.15550885166996
ONEWEB-0636             
1 56077U 23043AH  26248.52880413  .00000133  00000+0  31935-3 0  9990
2 56077  87.8969 243.1823 0002131  92.2154 267.9221 13.15551023166971
ONEWEB-0637             
1 56078U 23043AJ  26248.52248326  .00000125  00000+0  29668-3 0  9993
2 56078  87.8962 243.1948 0001900  95.3524 264.7824 13.15547610166994
ONEWEB-0647             
1 56079U 23043AK  26248.51772704  .00000176  00000+0  43372-3 0  9999
2 56079  87.8962 243.2083 0002195  89.8189 270.3193 13.15550491166980
ONEWEB-0651             
1 56080U 23043AL  26248.96931646  .00001019  00000+0  26722-2 0  9998
2 56080  87.8962 243.1108 0002010  94.9817 265.1543 13.15543153168249
ONEWEB-0718             
1 56081U 23043AM  26248.50822433  .00000159  00000+0  38803-3 0  9990
2 56081  87.8969 243.1876 0001557  81.2978 278.8329 13.15548345166992
ONEWEB-0561             
1 56710U 23068A   26248.49985313  .00000065  00000+0  12670-3 0  9991
2 56710  87.9134 258.4251 0002329  92.9233 267.2167 13.20773281160107
ONEWEB-0668             
1 56711U 23068B   26248.45372558  .00000103  00000+0  23467-3 0  9998
2 56711  87.9128 212.8316 0001544  86.7236 273.4071 13.16592907162349
ONEWEB-0676             
1 56712U 23068C   26248.61363866  .00000039  00000+0  69235-4 0  9991
2 56712  87.9135 212.8069 0002242  89.1034 271.0354 13.16595095162284
ONEWEB-0677             
1 56713U 23068D   26248.79111875 -.00000038  00000+0 -12512-3 0  9998
2 56713  87.9137 258.3579 0001991  99.2315 260.9043 13.20771809160444
ONEWEB-0678             
1 56714U 23068E   26248.47651502 -.00000062  00000+0 -19872-3 0  9993
2 56714  87.8971 243.1893 0002247  82.8783 277.2603 13.15547238159849
ONEWEB-0679             
1 56715U 23068F   26248.34446832  .00000120  00000+0  27964-3 0  9992
2 56715  87.9128 212.8508 0001843  97.0041 263.1300 13.16593256162278
ONEWEB-0680             
1 56716U 23068G   26248.63688613 -.00000032  00000+0 -10944-3 0  9994
2 56716  87.9258 227.9602 0001639  95.0441 265.0880 13.21825759161725
ONEWEB-0681             
1 56717U 23068H   26248.47821619  .00000035  00000+0  54630-4 0  9994
2 56717  87.9256 227.9962 0002765  99.6746 260.4700 13.21300494161692
ONEWEB-0682             
1 56718U 23068J   26248.95663305  .00000059  00000+0  12165-3 0  9996
2 56718  87.8968 243.0929 0001623  98.2764 261.8550 13.15547462160071
ONEWEB-0683             
1 56719U 23068K   26248.52406117  .00000130  00000+0  31198-3 0  9993
2 56719  87.8974 243.1810 0001767  89.9412 270.1921 13.15548289159986
ONEWEB-0684             
1 56720U 23068L   26248.98834491  .00000092  00000+0  20900-3 0  9991
2 56720  87.8971 243.0766 0002676  58.2188 301.9203 13.15548262159878
ONEWEB-0686             
1 56721U 23068M   26248.45687802  .00000052  00000+0  10334-3 0  9992
2 56721  87.9120 212.8445 0001833  73.6834 286.4498 13.16593861162274
ONEWEB-0694             
1 56722U 23068N   26248.84321780  .00000002  00000+0 -29058-4 0  9996
2 56722  87.9132 212.7465 0001613  86.8869 273.2447 13.16592660162385
ONEWEB-0696             
1 56723U 23068P   26248.48921262 -.00000011  00000+0 -63813-4 0  9996
2 56723  87.8961 243.2090 0002467  82.4485 277.6925 13.15548392159929
ONEWEB-0703             
1 56724U 23068Q   26248.72687946 -.00000286  00000+0 -79477-3 0  9998
2 56724  87.8969 243.1443 0002379  79.6180 280.5218 13.15548649159845
ONEWEB-0721             
1 56725U 23068R   26248.71678830  .00001488  00000+0  35328-2 0  9999
2 56725  86.6716  59.7861 0001260  85.0918 275.0359 13.22468800168580
ONEWEB-0015             
1 61594U 24188A   26248.34478294 -.00000294  00000+0 -86449-3 0  9991
2 61594  87.8952   5.1481 0001985 115.4392 244.6942 13.11415539 94965
ONEWEB-0687             
1 61595U 24188B   26248.95092943  .00000014  00000+0  34324-5 0  9997
2 61595  87.9199 349.8303 0001618 115.9083 244.2216 13.17649931 96532
ONEWEB-0688             
1 61596U 24188C   26248.75180104 -.00000005  00000+0 -45123-4 0  9993
2 61596  87.9202 349.8699 0002630 128.5767 231.5601 13.17650410 96508
ONEWEB-0689             
1 61597U 24188D   26248.76018008  .00000108  00000+0  26958-3 0  9994
2 61597  87.8965   5.0332 0001476 101.7055 258.4239 13.11418952 95016
ONEWEB-0690             
1 61598U 24188E   26248.77035316  .00000459  00000+0  12602-2 0  9996
2 61598  87.8960   5.0412 0002363  92.7347 267.4051 13.11418764 95192
ONEWEB-0691             
1 61599U 24188F   26248.76523708  .00003958  00000+0  11123-1 0  9996
2 61599  87.8951   4.9573 0001623 116.4049 243.7246 13.11439327 95045
ONEWEB-0692             
1 61600U 24188G   26248.32783016  .00000350  00000+0  95235-3 0  9992
2 61600  87.8953   5.1437 0001365  76.1649 283.9631 13.11415941 94974
ONEWEB-0693             
1 61601U 24188H   26248.30800783  .00000023  00000+0  26032-4 0  9999
2 61601  87.9195 349.9734 0002628  96.2675 263.8756 13.17650184 96432
ONEWEB-0695             
1 61602U 24188J   26248.38039500  .00000333  00000+0  90308-3 0  9999
2 61602  87.8952   5.1247 0001289  91.4722 268.6554 13.11419057 94977
ONEWEB-0697             
1 61603U 24188K   26248.79408908  .00000111  00000+0  27874-3 0  9999
2 61603  87.8956   5.0351 0001474  76.3930 283.7362 13.11414956 95010
ONEWEB-0698             
1 61604U 24188L   26248.77205214  .00000514  00000+0  14150-2 0  9992
2 61604  87.8953   5.0519 0002297  70.4251 289.7125 13.11418274 95031
ONEWEB-0699             
1 61605U 24188M   26248.84875359 -.00000463  00000+0 -13618-2 0  9997
2 61605  87.8883  20.2013 0001540  75.4982 284.6316 13.10369955 93874
ONEWEB-0700             
1 61606U 24188N   26248.39230671 -.00000563  00000+0 -16485-2 0  9996
2 61606  87.8897  20.2136 0001567  79.2757 280.8547 13.10370810 93806
ONEWEB-0701             
1 61607U 24188P   26248.79108250 -.00000435  00000+0 -12813-2 0  9997
2 61607  87.8891  20.2147 0001542  71.2373 288.8922 13.10378045 93861
ONEWEB-0702             
1 61608U 24188Q   26248.74149252  .00000875  00000+0  24319-2 0  9990
2 61608  87.8975   4.9782 0001215  68.4262 291.6996 13.11429577 95044
ONEWEB-0704             
1 61609U 24188R   26248.62647813 -.00000582  00000+0 -17050-2 0  9995
2 61609  87.8888  20.2385 0001045  64.0500 296.0735 13.10373042 93824
ONEWEB-0705             
1 61610U 24188S   26248.78428110 -.00000616  00000+0 -17999-2 0  9991
2 61610  87.8891  20.2130 0000758 109.9116 250.2094 13.10373789 86011
ONEWEB-0706             
1 61611U 24188T   26248.76901601 -.00000382  00000+0 -11300-2 0  9991
2 61611  87.8884  20.2181 0001181  87.5414 272.5849 13.10370618 93935
ONEWEB-0707             
1 61612U 24188U   26248.39401183 -.00000616  00000+0 -18001-2 0  9996
2 61612  87.8888  20.2892 0001171  84.9040 275.2221 13.10372838 93822
ONEWEB-0708             
1 61613U 24188V   26248.41268236 -.00000203  00000+0 -61880-3 0  9996
2 61613  87.8880  20.2977 0001396 115.5124 244.6148 13.10376600 93809
