ONEWEB-0012             
1 44057U 19010A   26152.67380110  .00000147  00000+0  34961-3 0  9990
2 44057  87.9107 231.8653 0002223  87.8978 272.2407 13.16594049349527
ONEWEB-0010             
1 44058U 19010B   26152.69912925  .00000036  00000+0  60091-4 0  9999
2 44058  87.9105 231.8560 0001689 101.3518 258.7803 13.16594053349579
ONEWEB-0008             
1 44059U 19010C   26152.64847452  .00000016  00000+0  82713-5 0  9991
2 44059  87.9103 231.8619 0002244 103.7086 256.4295 13.16594824349685
ONEWEB-0007             
1 44060U 19010D   26152.67123327  .00000020  00000+0  18313-4 0  9993
2 44060  87.8997 262.3128 0001709  91.5240 268.6086 13.15547312349336
ONEWEB-0006             
1 44061U 19010E   26152.67518611 -.00000058  00000+0 -18837-3 0  9991
2 44061  87.9008 262.2742 0001724  99.1979 260.9346 13.15546972349382
ONEWEB-0011             
1 44062U 19010F   26152.26321725 -.00000085  00000+0 -26060-3 0  9992
2 44062  87.9007 262.3658 0001862 105.8240 254.3096 13.15549740349327
ONEWEB-0013             
1 45131U 20008A   26152.65865098  .00000260  00000+0  71741-3 0  9997
2 45131  87.8524  55.9566 0002748  67.6773 292.4645 13.09451518304032
ONEWEB-0017             
1 45132U 20008B   26152.65185307 -.00000117  00000+0 -37052-3 0  9996
2 45132  87.8849  39.3617 0001594  81.1187 279.0121 13.10378037305918
ONEWEB-0020             
1 45133U 20008C   26152.69833497 -.00000246  00000+0 -74076-3 0  9991
2 45133  87.8848  39.3508 0001791  82.9055 277.2276 13.10369929306315
ONEWEB-0021             
1 45134U 20008D   26152.63690791 -.00000613  00000+0 -17932-2 0  9999
2 45134  87.8841  39.3797 0001822  76.4273 283.7057 13.10372454306613
ONEWEB-0023             
1 45136U 20008F   26152.64770246 -.00000282  00000+0 -84523-3 0  9999
2 45136  87.8855  39.3580 0001983  78.7574 281.3776 13.10376842306041
ONEWEB-0024             
1 45137U 20008G   26152.69680888 -.00000120  00000+0 -38094-3 0  9990
2 45137  87.8853  39.3408 0001782  83.2754 276.8576 13.10369575306218
ONEWEB-0025             
1 45138U 20008H   26152.69653548 -.00000091  00000+0 -29679-3 0  9990
2 45138  87.8855  39.3299 0001976  97.6635 262.4717 13.10370146306541
ONEWEB-0026             
1 45139U 20008J   26152.67030820 -.00000466  00000+0 -13514-2 0  9997
2 45139  87.8898  24.1567 0001697  87.0758 273.0564 13.11417442309079
ONEWEB-0028             
1 45140U 20008K   26152.64297549  .00000445  00000+0  12293-2 0  9997
2 45140  87.8896  24.1696 0002270  74.0770 286.0608 13.10850387306584
ONEWEB-0032             
1 45141U 20008L   26152.65365452 -.00000005  00000+0 -49694-4 0  9999
2 45141  87.8854  39.3626 0002306  73.5543 286.5837 13.10377985306264
ONEWEB-0033             
1 45142U 20008M   26152.70496478 -.00000450  00000+0 -13268-2 0  9999
2 45142  87.8843  39.3607 0001361  89.6952 270.4331 13.10371003306181
ONEWEB-0035             
1 45143U 20008N   26152.64868703 -.00000263  00000+0 -79035-3 0  9994
2 45143  87.8846  39.3647 0001702  80.4152 279.7167 13.10375968305901
ONEWEB-0036             
1 45144U 20008P   26152.69481394 -.00000081  00000+0 -26941-3 0  9993
2 45144  87.8856  39.3623 0002068  83.5724 276.5639 13.09817990306333
ONEWEB-0038             
1 45145U 20008Q   26152.68062237 -.00000301  00000+0 -88377-3 0  9990
2 45145  87.8912  24.1602 0001709  22.7871 337.3333 13.11417760308293
ONEWEB-0039             
1 45146U 20008R   26152.70829610 -.00000272  00000+0 -81475-3 0  9999
2 45146  87.8843  39.3498 0002159  70.8307 289.3054 13.10372750306131
ONEWEB-0040             
1 45147U 20008S   26152.70165052 -.00000359  00000+0 -10648-2 0  9992
2 45147  87.8841  39.3626 0001779  76.9721 283.1605 13.10370429305838
ONEWEB-0043             
1 45149U 20008U   26152.70331507 -.00000452  00000+0 -13318-2 0  9995
2 45149  87.8845  39.3490 0002260  72.7363 287.4012 13.10371864306154
ONEWEB-0044             
1 45150U 20008V   26152.65518027  .00000059  00000+0  13390-3 0  9997
2 45150  87.8859  39.3586 0001933  75.9176 284.2166 13.10377659306445
ONEWEB-0045             
1 45151U 20008W   26152.67539875 -.00000434  00000+0 -12597-2 0  9990
2 45151  87.8911  24.1453 0001854  78.9183 281.2154 13.11417699308371
ONEWEB-0047             
1 45152U 20008X   26152.64840156 -.00000239  00000+0 -72184-3 0  9997
2 45152  87.8857  39.3576 0001693  70.0176 290.1134 13.10376543306164
ONEWEB-0048             
1 45153U 20008Y   26152.64355075 -.00000602  00000+0 -17610-2 0  9995
2 45153  87.8848  39.3825 0001750  80.7118 279.4207 13.10375001305775
ONEWEB-0049             
1 45154U 20008Z   26152.64674003 -.00000335  00000+0 -99703-3 0  9998
2 45154  87.8851  39.3713 0002191  87.1765 272.9613 13.10376569305998
ONEWEB-0051             
1 45155U 20008AA  26152.67371012 -.00000491  00000+0 -14209-2 0  9996
2 45155  87.8902  24.1542 0001826  82.7290 277.4046 13.11417014309059
ONEWEB-0052             
1 45156U 20008AB  26152.66695286  .00000604  00000+0  16931-2 0  9996
2 45156  87.8852  39.3525 0002235  86.2964 273.8419 13.10376062305905
ONEWEB-0053             
1 45157U 20008AC  26152.69999376 -.00000285  00000+0 -85412-3 0  9995
2 45157  87.8842  39.3683 0002306  78.1460 281.9926 13.10370366305881
ONEWEB-0054             
1 45158U 20008AD  26152.65850305  .00000264  00000+0  72123-3 0  9990
2 45158  87.8856  39.3580 0001853  81.0566 279.0771 13.10377316305999
ONEWEB-0056             
1 45159U 20008AE  26152.70651874 -.00000513  00000+0 -15061-2 0  9993
2 45159  87.8852  39.3423 0001816  91.8351 268.2984 13.10367557306153
ONEWEB-0057             
1 45160U 20008AF  26152.64700795 -.00000507  00000+0 -14873-2 0  9998
2 45160  87.8854  39.3665 0002310  77.2811 282.8575 13.10375778306314
ONEWEB-0058             
1 45161U 20008AG  26152.71008445 -.00000588  00000+0 -17208-2 0  9994
2 45161  87.8839  39.3602 0001614  79.8365 280.2944 13.10371960306396
ONEWEB-0059             
1 45162U 20008AH  26152.70676872 -.00000588  00000+0 -17199-2 0  9998
2 45162  87.8841  39.3600 0001800  76.6522 283.4806 13.10371253306291
ONEWEB-0062             
1 45163U 20008AJ  26152.65338221 -.00000019  00000+0 -91279-4 0  9998
2 45163  87.8854  39.3574 0001382  79.1307 280.9975 13.10376697306151
ONEWEB-0065             
1 45164U 20008AK  26152.68659012  .00000368  00000+0  10176-2 0  9996
2 45164  87.8847  39.3588 0002169  88.5728 271.5648 13.10371161305854
ONEWEB-0066             
1 45424U 20020A   26152.65844401 -.00000287  00000+0 -84544-3 0  9997
2 45424  87.8901  24.1612 0001796  80.5123 279.6208 13.11415736300641
ONEWEB-0067             
1 45425U 20020B   26152.69641782  .00000350  00000+0  95107-3 0  9995
2 45425  87.8922  24.0728 0001988  83.4142 276.7213 13.11424518300707
ONEWEB-0080             
1 45426U 20020C   26152.69589407  .00000370  00000+0  10089-2 0  9998
2 45426  87.8911  24.1488 0001494  83.5346 276.5952 13.11418255300674
ONEWEB-0090             
1 45427U 20020D   26152.64841432  .00000098  00000+0  24035-3 0  9997
2 45427  87.8908  24.1630 0001735  87.1409 272.9918 13.11415712300631
ONEWEB-0061             
1 45428U 20020E   26152.68034800 -.00000307  00000+0 -90327-3 0  9997
2 45428  87.8896  24.1394 0001692  82.0921 278.0399 13.11418110300590
ONEWEB-0081             
1 45429U 20020F   26152.66183619 -.00000352  00000+0 -10280-2 0  9998
2 45429  87.8902  24.1563 0001940  78.6855 281.4491 13.11416482300704
ONEWEB-0069             
1 45430U 20020G   26152.66367340 -.00004224  00000+0 -11954-1 0  9995
2 45430  87.8896  24.1579 0002470  83.3839 276.7570 13.11439409300630
ONEWEB-0031             
1 45431U 20020H   26152.69915084  .00000430  00000+0  11760-2 0  9992
2 45431  87.8899  24.1577 0001608  83.4745 276.6566 13.11417723300629
ONEWEB-0027             
1 45432U 20020J   26152.60442204  .00000060  00000+0  12475-3 0  9997
2 45432  87.9154   8.9567 0001714  98.5644 261.5681 13.16053219304308
ONEWEB-0064             
1 45433U 20020K   26152.62115795  .00000391  00000+0  10687-2 0  9991
2 45433  87.8902  24.1643 0001664  86.7299 273.4019 13.11419565300648
ONEWEB-0018             
1 45434U 20020L   26152.65336152 -.00000060  00000+0 -20547-3 0  9999
2 45434  87.8900  24.1573 0001674  72.2095 287.9215 13.11415739300595
ONEWEB-0083             
1 45435U 20020M   26152.64333691  .00000290  00000+0  78150-3 0  9990
2 45435  87.8908  24.1522 0001712  85.1390 274.9934 13.11414758300631
ONEWEB-0095             
1 45436U 20020N   26152.63485575  .00000545  00000+0  15023-2 0  9991
2 45436  87.8910  24.1625 0002304 104.2441 255.8943 13.11418127300639
ONEWEB-0092             
1 45437U 20020P   26152.66945129 -.00000396  00000+0 -11442-2 0  9998
2 45437  87.8904  24.1488 0002102  88.2638 271.8731 13.11954932300750
ONEWEB-0085             
1 45438U 20020Q   26152.64306377  .00000341  00000+0  92562-3 0  9994
2 45438  87.8900  24.1603 0001778  86.6163 273.5168 13.11415075300639
ONEWEB-0096             
1 45439U 20020R   26152.64489915  .00000223  00000+0  59406-3 0  9994
2 45439  87.8910  24.1545 0001843  83.9376 276.1962 13.11415762300628
ONEWEB-0037             
1 45440U 20020S   26152.68403595 -.00000220  00000+0 -65059-3 0  9990
2 45440  87.8919  24.1209 0001850  85.1844 274.9495 13.11912631300666
ONEWEB-0042             
1 45441U 20020T   26152.71088137  .00000545  00000+0  15006-2 0  9990
2 45441  87.8909  24.1378 0001867  81.5329 278.6011 13.11416682300636
ONEWEB-0098             
1 45442U 20020U   26152.63048402  .00000566  00000+0  15623-2 0  9991
2 45442  87.8907  24.1640 0001736  87.1805 272.9522 13.11416332300606
ONEWEB-0055             
1 45443U 20020V   26152.68544117 -.00000128  00000+0 -39718-3 0  9999
2 45443  87.8908  24.1507 0001704  82.5820 277.5502 13.11416280300589
ONEWEB-0093             
1 45444U 20020W   26152.66536581 -.00000483  00000+0 -14000-2 0  9994
2 45444  87.8907  24.1476 0002120  75.9270 284.2094 13.11417124300648
ONEWEB-0029             
1 45445U 20020X   26152.69251992  .00000160  00000+0  41662-3 0  9993
2 45445  87.8899  24.1532 0001901  75.9519 284.1821 13.11420701300624
ONEWEB-0068             
1 45446U 20020Y   26152.66509228 -.00000470  00000+0 -13609-2 0  9994
2 45446  87.8910  24.1515 0001887  77.2499 282.8840 13.11415757300569
ONEWEB-0046             
1 45447U 20020Z   26152.65675024 -.00000216  00000+0 -64422-3 0  9990
2 45447  87.8904  24.1601 0002082  84.1533 275.9833 13.11416004300575
ONEWEB-0063             
1 45448U 20020AA  26152.68572229 -.00000094  00000+0 -30052-3 0  9993
2 45448  87.8910  24.1518 0002065  88.8466 271.2899 13.11420126300668
ONEWEB-0019             
1 45449U 20020AB  26152.64814321  .00000075  00000+0  17551-3 0  9998
2 45449  87.8902  24.1470 0001643  86.5006 273.6310 13.11415107300503
ONEWEB-0094             
1 45450U 20020AC  26152.63601552  .00000010  00000+0 -70187-5 0  9995
2 45450  87.9152   8.9408 0001691  79.4724 280.6598 13.17649838304264
ONEWEB-0087             
1 45451U 20020AD  26152.69561743  .00000234  00000+0  62492-3 0  9994
2 45451  87.8918  24.1243 0001973  77.3062 282.8287 13.11416773300557
ONEWEB-0082             
1 45452U 20020AE  26152.69224505 -.00001675  00000+0 -47611-2 0  9994
2 45452  87.8915  24.1457 0002704  86.5777 273.5660 13.11434973300644
ONEWEB-0050             
1 45453U 20020AF  26152.69939238  .00003594  00000+0  36791-3 0  9999
2 45453  88.9296 235.3136 0005446  62.5889 297.5894 14.90307804338076
ONEWEB-0034             
1 45454U 20020AG  26152.65089710  .00000008  00000+0 -12026-4 0  9991
2 45454  87.8905  24.1581 0001779  85.3846 274.7485 13.10931751300551
ONEWEB-0060             
1 45455U 20020AH  26152.68472674 -.00000202  00000+0 -60581-3 0  9995
2 45455  87.8899  24.1508 0002010  52.1669 307.9641 13.11417955300512
ONEWEB-0086             
1 45456U 20020AJ  26152.66352788 -.00000410  00000+0 -11918-2 0  9997
2 45456  87.8910  24.1504 0001349  63.8382 296.2885 13.11416096300579
ONEWEB-0088             
1 45457U 20020AK  26152.64150698  .00000429  00000+0  11759-2 0  9993
2 45457  87.8919  24.1255 0002202  83.3900 276.7479 13.11415506300504
ONEWEB-0102             
1 47258U 20100A   26152.58157989 -.00000383  00000+0 -10994-2 0  9997
2 47258  87.8942 353.7799 0001481  86.1134 274.0164 13.12443421262689
ONEWEB-0109             
1 47259U 20100B   26152.59004914 -.00000343  00000+0 -98832-3 0  9992
2 47259  87.8952 353.7604 0001711  94.0316 266.1008 13.12443748262515
ONEWEB-0110             
1 47260U 20100C   26152.61716522  .00000357  00000+0  95686-3 0  9999
2 47260  87.8952 353.7392 0001632  81.6268 278.5046 13.12443682262685
ONEWEB-0111             
1 47261U 20100D   26152.57140661 -.00000148  00000+0 -44798-3 0  9998
2 47261  87.8952 353.7669 0001805  85.4046 274.7289 13.12442911262514
ONEWEB-0114             
1 47262U 20100E   26152.60191011 -.00000046  00000+0 -16286-3 0  9996
2 47262  87.8954 353.7584 0001845  96.6058 263.5280 13.12444252262476
ONEWEB-0117             
1 47263U 20100F   26152.59343577 -.00000308  00000+0 -89070-3 0  9993
2 47263  87.8950 353.7513 0001769  87.9444 272.1887 13.12443159262487
ONEWEB-0118             
1 47264U 20100G   26152.62732241  .00000507  00000+0  13727-2 0  9992
2 47264  87.8952 353.7475 0002043  96.2972 263.8389 13.12442023262687
ONEWEB-0119             
1 47265U 20100H   26152.57649714 -.00000304  00000+0 -87904-3 0  9995
2 47265  87.8942 353.7755 0001805  90.4491 269.6844 13.12441716262650
ONEWEB-0120             
1 47266U 20100J   26152.60036045 -.00000119  00000+0 -36534-3 0  9994
2 47266  87.8941 353.7719 0001700  93.3791 266.7533 13.12444027262683
ONEWEB-0121             
1 47267U 20100K   26152.58835418 -.00000357  00000+0 -10277-2 0  9992
2 47267  87.8954 353.7588 0001942  79.5517 280.5830 13.12443058262599
ONEWEB-0122             
1 47268U 20100L   26152.58242810 -.00000345  00000+0 -99336-3 0  9992
2 47268  87.8955 353.7640 0001635  90.7141 269.4175 13.12441801262500
ONEWEB-0123             
1 47269U 20100M   26152.57819460 -.00000308  00000+0 -89060-3 0  9995
2 47269  87.8943 353.7742 0001882  90.4382 269.6962 13.12442652262645
ONEWEB-0124             
1 47270U 20100N   26152.56803285 -.00000011  00000+0 -65583-4 0  9990
2 47270  87.8940 353.7793 0001856  87.0802 273.0539 13.12442037262523
ONEWEB-0125             
1 47271U 20100P   26152.54601319  .00000462  00000+0  12496-2 0  9994
2 47271  87.8953 353.7655 0002082  84.4369 275.6997 13.12443434262580
ONEWEB-0126             
1 47272U 20100Q   26152.56647438  .00000035  00000+0  60957-4 0  9992
2 47272  87.8945 353.7781 0001780  93.1995 266.9337 13.12441144262653
ONEWEB-0127             
1 47273U 20100R   26152.60868883  .00000163  00000+0  41837-3 0  9994
2 47273  87.8940 353.7693 0001704  91.3058 268.8266 13.12444115262683
ONEWEB-0128             
1 47274U 20100S   26152.63070826  .00000344  00000+0  92151-3 0  9996
2 47274  87.8941 353.7787 0001593  78.3945 281.7363 13.12441651262702
ONEWEB-0129             
1 47275U 20100T   26152.61037998  .00000211  00000+0  55204-3 0  9999
2 47275  87.8951 353.7549 0001637 126.1458 233.9822 13.12443217262631
ONEWEB-0130             
1 47276U 20100U   26152.56125664  .00000158  00000+0  40492-3 0  9995
2 47276  87.8952 353.7598 0001674  89.8883 270.2437 13.12442187262591
ONEWEB-0131             
1 47277U 20100V   26152.55786434  .00000332  00000+0  88727-3 0  9990
2 47277  87.8941 353.7805 0001736  88.1388 271.9939 13.12442172262636
ONEWEB-0132             
1 47278U 20100W   26152.58666563 -.00000443  00000+0 -12674-2 0  9996
2 47278  87.8943 353.7758 0001745  84.2772 275.8555 13.12443134262535
ONEWEB-0133             
1 47279U 20100X   26152.60346928 -.00000013  00000+0 -70887-4 0  9995
2 47279  87.8955 353.7469 0001695  83.5024 276.6297 13.12444529262692
ONEWEB-0134             
1 47280U 20100Y   26152.57310761 -.00000144  00000+0 -43569-3 0  9990
2 47280  87.8956 353.7500 0001514  90.7662 269.3640 13.12442296262666
ONEWEB-0135             
1 47281U 20100Z   26152.62055353  .00000356  00000+0  95452-3 0  9991
2 47281  87.8942 353.7655 0001476  85.6784 274.4513 13.12443432262690
ONEWEB-0136             
1 47282U 20100AA  26152.56294618  .00000159  00000+0  40752-3 0  9998
2 47282  87.8951 353.7572 0001469  91.1926 268.9371 13.12441987262616
ONEWEB-0137             
1 47283U 20100AB  26152.59682568 -.00000230  00000+0 -67483-3 0  9999
2 47283  87.8954 353.7593 0001940  89.8127 270.3224 13.12444262262527
ONEWEB-0138             
1 47284U 20100AC  26152.57480456 -.00000294  00000+0 -85317-3 0  9996
2 47284  87.8951 353.7700 0001569  91.7130 268.4178 13.12441470262601
ONEWEB-0139             
1 47285U 20100AD  26152.61561124  .00000359  00000+0  96390-3 0  9997
2 47285  87.8950 353.7484 0001780  89.5030 270.6303 13.12444510262680
ONEWEB-0140             
1 47286U 20100AE  26152.56972128 -.00000090  00000+0 -28621-3 0  9998
2 47286  87.8951 353.7479 0001738  83.3471 276.7855 13.12441787262648
ONEWEB-0141             
1 47287U 20100AF  26152.53909757  .00000357  00000+0  95723-3 0  9995
2 47287  87.8952 353.7595 0002077  93.2922 266.8444 13.12444279262628
ONEWEB-0142             
1 47288U 20100AG  26152.60375431  .00000057  00000+0  12186-3 0  9999
2 47288  87.8945 353.7690 0001907 101.3208 258.8135 13.12443229262628
ONEWEB-0143             
1 47289U 20100AH  26152.53753954  .00000292  00000+0  77666-3 0  9997
2 47289  87.8952 353.7800 0001819  88.2727 271.8610 13.12444240262594
ONEWEB-0144             
1 47290U 20100AJ  26152.58496447 -.00000427  00000+0 -12234-2 0  9996
2 47290  87.8956 353.7438 0001614  98.1555 261.9756 13.12442687262526
ONEWEB-0145             
1 47291U 20100AK  26152.55617619  .00000301  00000+0  80075-3 0  9998
2 47291  87.8944 353.7791 0001753  92.2380 267.8950 13.12441924262716
ONEWEB-0146             
1 47292U 20100AL  26152.55279037  .00000467  00000+0  12632-2 0  9993
2 47292  87.8951 353.7704 0001916  79.5491 280.5853 13.12442223262628
ONEWEB-0147             
1 47293U 20100AM  26152.59513229 -.00000260  00000+0 -75912-3 0  9996
2 47293  87.8955 353.7438 0001653  85.8988 274.2329 13.12444247262521
ONEWEB-0115             
1 48042U 21025A   26152.48313047 -.00000019  00000+0 -86804-4 0  9995
2 48042  87.8946 323.3506 0001798  91.1809 268.9526 13.13468697251539
ONEWEB-0152             
1 48043U 21025B   26152.49666979 -.00000321  00000+0 -91348-3 0  9996
2 48043  87.8947 323.3445 0001784  88.2478 271.8856 13.13469257251494
ONEWEB-0153             
1 48044U 21025C   26152.55084557  .00000185  00000+0  47123-3 0  9998
2 48044  87.8943 323.3379 0001789  95.5038 264.6296 13.13469253251499
ONEWEB-0154             
1 48045U 21025D   26152.47127778  .00000273  00000+0  71137-3 0  9993
2 48045  87.8943 323.3509 0001706  92.4823 267.6502 13.13468778251441
ONEWEB-0116             
1 48046U 21025E   26152.43401864 -.00000372  00000+0 -10526-2 0  9997
2 48046  87.8950 323.3540 0001771  88.5247 271.6085 13.13470498251581
ONEWEB-0150             
1 48047U 21025F   26152.48651310 -.00000096  00000+0 -29860-3 0  9991
2 48047  87.8950 323.3406 0002024  97.1487 262.9873 13.13468574251486
ONEWEB-0107             
1 48048U 21025G   26152.48820510 -.00000054  00000+0 -18193-3 0  9993
2 48048  87.8951 323.3365 0001808 102.4220 257.7112 13.13469350251465
ONEWEB-0101             
1 48049U 21025H   26152.52714631  .00000196  00000+0  50258-3 0  9998
2 48049  87.8940 323.3461 0001662  95.8204 264.3115 13.13469956251443
ONEWEB-0113             
1 48050U 21025J   26152.55655078  .00000076  00000+0  17077-3 0  9991
2 48050  87.8948 323.2518 0001826  90.8472 269.2866 13.13895124251558
ONEWEB-0112             
1 48051U 21025K   26152.49328510 -.00000236  00000+0 -68192-3 0  9997
2 48051  87.8952 323.3334 0001575  98.5792 261.5516 13.13469292251530
ONEWEB-0156             
1 48052U 21025L   26151.96850190 -.00000331  00000+0 -94050-3 0  9991
2 48052  87.8952 323.4482 0001852  97.0521 263.0819 13.13469540251447
ONEWEB-0161             
1 48053U 21025M   26152.47636083  .00000108  00000+0  26176-3 0  9996
2 48053  87.8945 323.3488 0001847 100.6067 259.5270 13.13469120251440
ONEWEB-0158             
1 48054U 21025N   26152.43572219 -.00000171  00000+0 -50410-3 0  9993
2 48054  87.8948 323.3537 0001671  83.4522 276.6797 13.13469619251568
ONEWEB-0157             
1 48055U 21025P   26152.53730494  .00000249  00000+0  64645-3 0  9995
2 48055  87.8951 323.3394 0001748 106.4437 253.6885 13.13469338251516
ONEWEB-0162             
1 48056U 21025Q   26152.51345884 -.00000147  00000+0 -43849-3 0  9991
2 48056  87.8946 323.3456 0001977  94.9091 265.2264 13.13469569251483
ONEWEB-0155             
1 48057U 21025R   26152.52036558  .00000115  00000+0  28124-3 0  9990
2 48057  87.8947 323.3402 0001667  97.4367 262.6952 13.13469783251625
ONEWEB-0149             
1 48058U 21025S   26152.54238362  .00000293  00000+0  76766-3 0  9992
2 48058  87.8952 323.3385 0001992  94.5392 265.5965 13.13469341251434
ONEWEB-0148             
1 48059U 21025T   26152.42895380 -.00000290  00000+0 -82923-3 0  9990
2 48059  87.8944 323.3690 0002352 100.1043 260.0351 13.13469299251546
ONEWEB-0160             
1 48060U 21025U   26152.52206748 -.00000012  00000+0 -66612-4 0  9997
2 48060  87.8942 323.3468 0001923  70.4269 289.7068 13.13470284251506
ONEWEB-0163             
1 48061U 21025V   26152.43064742 -.00000239  00000+0 -68888-3 0  9991
2 48061  87.8950 323.3584 0001744 103.3364 256.7959 13.13470407251610
ONEWEB-0159             
1 48062U 21025W   26152.42218392 -.00000269  00000+0 -77040-3 0  9996
2 48062  87.8952 323.3533 0001687 100.8865 259.2454 13.13469693251535
ONEWEB-0164             
1 48063U 21025X   26152.55591529  .00000150  00000+0  37691-3 0  9992
2 48063  87.8952 323.3329 0001800  92.9839 267.1496 13.13468800251531
ONEWEB-0167             
1 48064U 21025Y   26152.43148873 -.00000210  00000+0 -61004-3 0  9994
2 48064  87.8943 323.3695 0001222 106.9335 253.1928 13.13471677251501
ONEWEB-0166             
1 48065U 21025Z   26152.53052798  .00000172  00000+0  43489-3 0  9998
2 48065  87.8954 323.3195 0001929  97.1653 262.9696 13.13470695251595
ONEWEB-0151             
1 48066U 21025AA  26152.53221460  .00000318  00000+0  83642-3 0  9990
2 48066  87.8940 323.3373 0001669  94.1327 265.9993 13.13469641251531
ONEWEB-0170             
1 48067U 21025AB  26152.54068232  .00000302  00000+0  79117-3 0  9993
2 48067  87.8942 323.3375 0001489  81.4991 278.6307 13.13468833251499
ONEWEB-0168             
1 48068U 21025AC  26152.52544434  .00000116  00000+0  28235-3 0  9993
2 48068  87.8950 323.3390 0001789  99.3327 260.8004 13.13469236251507
ONEWEB-0173             
1 48069U 21025AD  26152.44080283 -.00000037  00000+0 -13523-3 0  9990
2 48069  87.8942 323.3583 0001614 104.8405 255.2903 13.13469801251738
ONEWEB-0171             
1 48070U 21025AE  26152.47804970  .00000130  00000+0  32242-3 0  9993
2 48070  87.8943 323.3597 0001681  91.5676 268.5646 13.13469189251552
ONEWEB-0172             
1 48071U 21025AF  26152.45773680  .00000286  00000+0  74810-3 0  9994
2 48071  87.8947 323.3527 0001632  95.0932 265.0383 13.13470116252441
ONEWEB-0174             
1 48072U 21025AG  26152.51529706 -.00000119  00000+0 -35992-3 0  9995
2 48072  87.8944 323.3406 0001906  96.5072 263.6275 13.13470199251770
ONEWEB-0175             
1 48073U 21025AH  26152.46959042  .00000310  00000+0  81284-3 0  9996
2 48073  87.8953 323.3333 0001443  88.5034 271.6261 13.13469291251422
ONEWEB-0177             
1 48074U 21025AJ  26152.48143558  .00000074  00000+0  16860-3 0  9991
2 48074  87.8949 323.3497 0001877 100.3901 259.7440 13.13469932251615
ONEWEB-0178             
1 48075U 21025AK  26152.42400751 -.00000265  00000+0 -76146-3 0  9994
2 48075  87.8935 323.3762 0001528  97.1638 262.9665 13.13471282251659
ONEWEB-0108             
1 48076U 21025AL  26152.53560534  .00000346  00000+0  91141-3 0  9993
2 48076  87.8952 323.3299 0001992  89.7174 270.4184 13.13469780251594
ONEWEB-0169             
1 48077U 21025AM  26152.49158568 -.00000218  00000+0 -63175-3 0  9995
2 48077  87.8942 323.3478 0001883  95.5751 264.5593 13.13468805250244
ONEWEB-0176             
1 48210U 21031A   26152.34649119 -.00000177  00000+0 -51305-3 0  9998
2 48210  87.8950 292.8576 0001752 100.2909 259.8418 13.14502312246235
ONEWEB-0184             
1 48211U 21031B   26152.39564351  .00000020  00000+0  20606-4 0  9994
2 48211  87.8961 292.8477 0000987 102.8273 257.2967 13.14501894246212
ONEWEB-0179             
1 48212U 21031C   26152.44164657  .00000158  00000+0  46507-4 0  9996
2 48212  87.8976 290.7637 0219080 309.0777  49.1103 14.25512270246808
ONEWEB-0180             
1 48213U 21031D   26152.39881921  .00000030  00000+0  46905-4 0  9992
2 48213  87.8956 292.8431 0001832 115.0993 245.0327 13.14502417246142
ONEWEB-0218             
1 48214U 21031E   26151.88818915 -.00000225  00000+0 -64249-3 0  9997
2 48214  87.8955 292.9440 0001138 120.2873 239.8369 13.14501052246238
ONEWEB-0209             
1 48215U 21031F   26152.33380004 -.00000131  00000+0 -38698-3 0  9997
2 48215  87.8950 292.8737 0001921 105.4412 254.6930 13.14504804246299
ONEWEB-0198             
1 48216U 21031G   26151.93749270 -.00000030  00000+0 -11596-3 0  9993
2 48216  87.8943 292.9531 0001661 112.2206 247.9100 13.14500842246352
ONEWEB-0189             
1 48217U 21031H   26152.33063188 -.00000108  00000+0 -32638-3 0  9992
2 48217  87.8953 292.8589 0001659 107.5818 252.5493 13.14502388246140
ONEWEB-0196             
1 48218U 21031J   26152.46066921  .00000119  00000+0  28716-3 0  9997
2 48218  87.8952 292.8423 0001762 102.2408 257.8919 13.14501635246166
ONEWEB-0183             
1 48219U 21031K   26152.43529733 -.00000029  00000+0 -11382-3 0  9993
2 48219  87.8948 292.8455 0002053  98.7467 261.3895 13.14502267246250
ONEWEB-0185             
1 48220U 21031L   26152.46144989  .00000180  00000+0  44989-3 0  9999
2 48220  87.8959 292.8327 0002114 105.6407 254.4956 13.14501576246187
ONEWEB-0187             
1 48221U 21031M   26152.66985360  .00000071  00000+0  15597-3 0  9990
2 48221  87.8943 292.8087 0001929 106.5033 253.6309 13.14501975246223
ONEWEB-0192             
1 48222U 21031N   26152.33538266 -.00000161  00000+0 -46833-3 0  9993
2 48222  87.8946 292.8653 0001743 100.2924 259.8402 13.14504226246099
ONEWEB-0219             
1 48223U 21031P   26152.46700455  .00000157  00000+0  38878-3 0  9992
2 48223  87.8949 292.8311 0001975 106.9849 253.1497 13.14504023246311
ONEWEB-0202             
1 48224U 21031Q   26152.37186603  .00000219  00000+0  55672-3 0  9996
2 48224  87.8952 292.8616 0001295 114.5790 245.5475 13.14502143246287
ONEWEB-0204             
1 48225U 21031R   26151.94924964 -.00000223  00000+0 -63567-3 0  9998
2 48225  87.8952 292.9407 0002164  98.3228 261.8147 13.14501250246126
ONEWEB-0205             
1 48226U 21031S   26152.45749912  .00000148  00000+0  36354-3 0  9992
2 48226  87.8957 292.8316 0001802 106.2936 253.8392 13.14503926246207
ONEWEB-0206             
1 48227U 21031T   26152.43054037 -.00000069  00000+0 -22139-3 0  9998
2 48227  87.8953 292.8391 0001851  93.5002 266.6339 13.14503185246157
ONEWEB-0182             
1 48228U 21031U   26152.34965622 -.00000139  00000+0 -40869-3 0  9998
2 48228  87.8948 292.8635 0002083  98.4740 261.6626 13.14502035246353
ONEWEB-0186             
1 48229U 21031V   26152.43687364  .00000003  00000+0 -25164-4 0  9994
2 48229  87.8957 292.8354 0001858 101.2213 258.9126 13.14501562246313
ONEWEB-0181             
1 48230U 21031W   26152.33856292 -.00000168  00000+0 -48712-3 0  9999
2 48230  87.8942 292.8871 0001786 105.4485 254.6842 13.14502512246156
ONEWEB-0188             
1 48231U 21031X   26152.37662867  .00000266  00000+0  68341-3 0  9994
2 48231  87.8942 292.8783 0001874 100.0836 260.0505 13.14503178246064
ONEWEB-0220             
1 48232U 21031Y   26151.88343898 -.00000198  00000+0 -56990-3 0  9993
2 48232  87.8957 292.9471 0001971 104.4154 255.7195 13.14502260246264
ONEWEB-0165             
1 48233U 21031Z   26152.36869335  .00000131  00000+0  31819-3 0  9995
2 48233  87.8951 292.8644 0001625 108.3873 251.7434 13.14502513246282
ONEWEB-0199             
1 48234U 21031AA  26152.35283302 -.00000081  00000+0 -25242-3 0  9998
2 48234  87.8956 292.8525 0001901  93.4742 266.6605 13.14502436246180
ONEWEB-0203             
1 48235U 21031AB  26151.88660683 -.00000152  00000+0 -44562-3 0  9992
2 48235  87.8955 292.9493 0001683  97.0824 263.0497 13.14501492246139
ONEWEB-0197             
1 48236U 21031AC  26152.39393304  .00000087  00000+0  20123-3 0  9995
2 48236  87.8948 292.8354 0002095 100.0558 260.0808 13.14503116246110
ONEWEB-0194             
1 48237U 21031AD  26152.37344445  .00000184  00000+0  46280-3 0  9996
2 48237  87.8951 292.8610 0001738  91.8206 268.3123 13.14501818246286
ONEWEB-0193             
1 48238U 21031AE  26152.31318431  .00000225  00000+0  57146-3 0  9996
2 48238  87.8952 292.8640 0001721  82.9388 277.1938 13.14501743246228
ONEWEB-0191             
1 48239U 21031AF  26152.40040639  .00000017  00000+0  11050-4 0  9993
2 48239  87.8955 292.8439 0002021  96.2496 263.8864 13.14501991246090
ONEWEB-0195             
1 48240U 21031AG  26152.37739308  .00000269  00000+0  69074-3 0  9996
2 48240  87.8957 292.8494 0001651 111.0416 249.0890 13.14505083246070
ONEWEB-0201             
1 48241U 21031AH  26152.44177783  .00000086  00000+0  19821-3 0  9990
2 48241  87.8948 292.8534 0002127 102.6974 257.4393 13.14503868246317
ONEWEB-0207             
1 48242U 21031AJ  26152.34569182 -.00000157  00000+0 -45694-3 0  9996
2 48242  87.8955 292.8566 0002097 102.3222 257.8142 13.14501931246214
ONEWEB-0208             
1 48243U 21031AK  26151.94687565 -.00000149  00000+0 -43720-3 0  9997
2 48243  87.8952 292.9431 0001597 107.9029 252.2275 13.14502288246171
ONEWEB-0200             
1 48244U 21031AL  26152.74768696  .00000184  00000+0  46182-3 0  9994
2 48244  87.8954 292.7694 0001844 102.3235 257.8101 13.14502104246206
ONEWEB-0217             
1 48245U 21031AM  26152.45907837  .00000204  00000+0  51665-3 0  9990
2 48245  87.8957 292.8313 0001641 108.4885 251.6423 13.14501770246119
ONEWEB-0211             
1 48767U 21045A   26152.68287605 -.00000010  00000+0 -58804-4 0  9993
2 48767  87.9002 262.1735 0001331 114.5518 245.5751 13.16195086242400
ONEWEB-0223             
1 48768U 21045B   26152.67752916  .00003670  00000+0  97057-2 0  9999
2 48768  87.9005 262.2788 0001437 106.6725 253.4563 13.15579690242362
ONEWEB-0230             
1 48769U 21045C   26152.26875850 -.00000017  00000+0 -80498-4 0  9995
2 48769  87.8995 262.3755 0002085  97.9157 262.2211 13.15547407242578
ONEWEB-0237             
1 48770U 21045D   26151.80132002 -.00000124  00000+0 -36331-3 0  9996
2 48770  87.8995 262.4701 0001694  95.5687 264.5637 13.15549922242233
ONEWEB-0235             
1 48771U 21045E   26152.68866304  .00000030  00000+0  46787-4 0  9994
2 48771  87.9010 262.2772 0001455  93.7601 266.3696 13.15547136242342
ONEWEB-0242             
1 48772U 21045F   26152.68233021  .00000112  00000+0  26217-3 0  9995
2 48772  87.9009 262.2757 0001798  94.0645 266.0691 13.15547513242381
ONEWEB-0241             
1 48773U 21045G   26152.28936659  .00000199  00000+0  49448-3 0  9995
2 48773  87.8994 262.3739 0001532 108.5535 251.5762 13.15547368242241
ONEWEB-0243             
1 48774U 21045H   26152.32105021 -.00000035  00000+0 -12802-3 0  9997
2 48774  87.8996 262.3796 0001688  84.0262 276.1061 13.15548163242276
ONEWEB-0222             
1 48775U 21045J   26152.68470036  .00000051  00000+0  10104-3 0  9997
2 48775  87.9004 262.2738 0001683 103.7237 256.4081 13.15547483242366
ONEWEB-0244             
1 48776U 21045K   26152.25449857 -.00000065  00000+0 -20556-3 0  9997
2 48776  87.9012 262.3529 0001803  98.6660 261.4675 13.15547165242879
ONEWEB-0247             
1 48777U 21045L   26152.25133040  .00000076  00000+0  16820-3 0  9991
2 48777  87.8973 262.3910 0001243 101.0574 259.0696 13.15554018242310
ONEWEB-0245             
1 48778U 21045M   26151.86629557 -.00000067  00000+0 -21106-3 0  9996
2 48778  87.9006 262.4424 0001772 105.9894 254.1431 13.15548319242236
ONEWEB-0229             
1 48779U 21045N   26152.69816761 -.00000064  00000+0 -20325-3 0  9993
2 48779  87.9006 262.2750 0001840  95.1228 265.0112 13.15547386242379
ONEWEB-0228             
1 48780U 21045P   26152.27523089  .00000040  00000+0  71577-4 0  9995
2 48780  87.9010 262.3507 0001838 100.0118 260.1220 13.15550101242238
ONEWEB-0232             
1 48781U 21045Q   26152.24974924 -.00000052  00000+0 -17180-3 0  9995
2 48781  87.9009 262.3574 0001881 102.0870 258.0471 13.15549848242551
ONEWEB-0231             
1 48782U 21045R   26152.68390288  .00000062  00000+0  13055-3 0  9995
2 48782  87.9004 262.2848 0001638  99.9742 260.1574 13.15547516242303
ONEWEB-0234             
1 48783U 21045S   26152.26545612 -.00000047  00000+0 -15952-3 0  9996
2 48783  87.9003 262.3493 0002293 121.0127 239.1229 13.15548219242384
ONEWEB-0238             
1 48784U 21045T   26152.26572955 -.00000048  00000+0 -16245-3 0  9994
2 48784  87.9010 262.3431 0002062 112.0024 248.1326 13.15550127242283
ONEWEB-0240             
1 48785U 21045U   26152.66726099  .00000235  00000+0  59005-3 0  9996
2 48785  87.9009 262.2735 0001606 106.8566 253.2741 13.15551238242364
ONEWEB-0246             
1 48786U 21045V   26152.28144368  .00000119  00000+0  28240-3 0  9996
2 48786  87.9007 262.3550 0001899  97.4507 262.6839 13.15548299242188
ONEWEB-0210             
1 48787U 21045W   26152.25608967 -.00000086  00000+0 -26342-3 0  9990
2 48787  87.9009 262.3570 0001578  73.4733 286.6571 13.15549772242223
ONEWEB-0214             
1 48788U 21045X   26152.26479725 -.00000053  00000+0 -17365-3 0  9999
2 48788  87.9006 262.3518 0002020  89.7337 270.4025 13.15547676242198
ONEWEB-0221             
1 48789U 21045Y   26152.27192553  .00000019  00000+0  15254-4 0  9998
2 48789  87.9006 262.3594 0001721 100.0299 260.1025 13.15547250242288
ONEWEB-0213             
1 48790U 21045Z   26152.26082812 -.00000068  00000+0 -21449-3 0  9993
2 48790  87.9005 262.3651 0001647  94.8541 265.2777 13.15550154242344
ONEWEB-0212             
1 48791U 21045AA  26152.69421745 -.00000035  00000+0 -12819-3 0  9998
2 48791  87.9007 262.2728 0001916 101.6177 258.5168 13.15548434242394
ONEWEB-0227             
1 48792U 21045AB  26152.69342064 -.00000057  00000+0 -18670-3 0  9990
2 48792  87.9005 262.2740 0001846 102.4285 257.7052 13.15547001242345
ONEWEB-0226             
1 48793U 21045AC  26152.68708211  .00000127  00000+0  30287-3 0  9994
2 48793  87.9004 262.2804 0001712  91.4803 268.6524 13.15549415242314
ONEWEB-0224             
1 48794U 21045AD  26152.27033848 -.00000041  00000+0 -14393-3 0  9994
2 48794  87.8997 262.3980 0001696 128.2256 231.9027 13.15549968242182
ONEWEB-0233             
1 48795U 21045AE  26152.65524285  .00000032  00000+0  50505-4 0  9991
2 48795  87.8995 262.3293 0001618 102.0571 258.0741 13.15547516242250
ONEWEB-0190             
1 48796U 21045AF  26152.26241205 -.00000079  00000+0 -24272-3 0  9991
2 48796  87.8998 262.3690 0001268  89.6363 270.4913 13.15550034242275
ONEWEB-0236             
1 48797U 21045AG  26152.27985016  .00000108  00000+0  25283-3 0  9992
2 48797  87.8993 262.3755 0001990 103.9887 256.1465 13.15547088242162
ONEWEB-0248             
1 48798U 21045AH  26152.67279952  .00000603  00000+0  15673-2 0  9993
2 48798  87.9008 262.2795 0001440 106.4265 253.7023 13.15557210242376
ONEWEB-0225             
1 48799U 21045AJ  26152.69500605 -.00000034  00000+0 -12432-3 0  9999
2 48799  87.9001 262.2835 0001396  96.2437 263.8853 13.15547012242385
ONEWEB-0215             
1 48800U 21045AK  26152.66488540  .00000121  00000+0  28646-3 0  9991
2 48800  87.9009 262.2712 0001182  96.2487 263.8779 13.15550303242258
ONEWEB-0216             
1 48801U 21045AL  26152.67440880 -.00000026  00000+0 -10427-3 0  9992
2 48801  87.9005 262.2851 0001921  96.5901 263.5448 13.15547149242269
ONEWEB-0239             
1 48802U 21045AM  26152.67915500  .00000094  00000+0  21676-3 0  9990
2 48802  87.8997 262.2918 0001103 110.2637 249.8612 13.15547565242302
ONEWEB-0249             
1 48967U 21060A   26152.62551707 -.00000074  00000+0 -22732-3 0  9993
2 48967  87.9103 231.8675 0001954 101.6234 258.5117 13.16594141237569
ONEWEB-0250             
1 48968U 21060B   26152.68570132  .00000093  00000+0  18118-3 0  9995
2 48968  87.9095 229.6647 0002332 129.3902 230.7441 13.25832554238166
ONEWEB-0252             
1 48970U 21060D   26152.65637741  .00000070  00000+0  14826-3 0  9992
2 48970  87.9103 231.8540 0002043  92.1523 267.9841 13.16592938237615
ONEWEB-0253             
1 48971U 21060E   26152.64529252 -.00000025  00000+0 -98832-4 0  9991
2 48971  87.9102 231.8616 0001944 102.9938 257.1411 13.16592675237542
ONEWEB-0254             
1 48972U 21060F   26152.65480231  .00000065  00000+0  13710-3 0  9999
2 48972  87.9106 231.8570 0001715 103.4514 256.6808 13.16593627237540
ONEWEB-0255             
1 48973U 21060G   26152.69280236  .00000041  00000+0  73661-4 0  9993
2 48973  87.9108 231.8560 0001839  97.2933 262.8407 13.16594050237628
ONEWEB-0256             
1 48974U 21060H   26152.64290888 -.00000275  00000+0 -75301-3 0  9996
2 48974  87.9097 231.8707 0002110  97.5906 262.5465 13.16594125237584
ONEWEB-0257             
1 48975U 21060J   26152.67537953  .00000100  00000+0  22781-3 0  9996
2 48975  87.9106 231.8512 0001900  96.0223 264.1125 13.16593676237549
ONEWEB-0258             
1 48976U 21060K   26152.67696428  .00000089  00000+0  19871-3 0  9992
2 48976  87.9107 231.8623 0001976 100.2067 259.9287 13.16593439237550
ONEWEB-0259             
1 48977U 21060L   26152.67063764  .00000123  00000+0  28795-3 0  9998
2 48977  87.9103 231.8630 0001956 105.5928 254.5419 13.16593795237583
ONEWEB-0260             
1 48978U 21060M   26152.66191628  .00000112  00000+0  25834-3 0  9998
2 48978  87.9100 231.8671 0002217  89.4894 270.6491 13.16593011237567
ONEWEB-0261             
1 48979U 21060N   26152.63183864 -.00000006  00000+0 -48657-4 0  9992
2 48979  87.9101 231.8723 0001755  91.8396 268.2936 13.16594959237612
ONEWEB-0262             
1 48980U 21060P   26152.68805065  .00000041  00000+0  73383-4 0  9994
2 48980  87.9104 231.8473 0001850 106.6757 253.4577 13.16594212237586
ONEWEB-0263             
1 48981U 21060Q   26152.64371849 -.00000009  00000+0 -57753-4 0  9998
2 48981  87.9106 231.8674 0001696  97.3520 262.7804 13.16593792237548
ONEWEB-0264             
1 48982U 21060R   26152.68093124  .00000133  00000+0  31475-3 0  9998
2 48982  87.9106 231.8632 0002008  91.9997 268.1364 13.16594086237558
ONEWEB-0266             
1 48984U 21060T   26152.17031503  .00000018  00000+0  13164-4 0  9995
2 48984  87.9105 231.9550 0002085 101.5290 258.6075 13.16593487237476
ONEWEB-0267             
1 48985U 21060U   26152.63738654 -.00000003  00000+0 -42193-4 0  9998
2 48985  87.9107 231.8586 0001923  92.9221 267.2130 13.16593399237542
ONEWEB-0268             
1 48986U 21060V   26152.68171869  .00000086  00000+0  19047-3 0  9993
2 48986  87.9107 231.8597 0002095  95.8750 264.2620 13.16595116237815
ONEWEB-0269             
1 48987U 21060W   26152.66271754  .00000137  00000+0  32425-3 0  9998
2 48987  87.9094 231.8675 0002236  98.0246 262.1139 13.16593448237582
ONEWEB-0270             
1 48988U 21060X   26152.68013542  .00000104  00000+0  23846-3 0  9991
2 48988  87.9107 231.8618 0001654 101.9429 258.1888 13.16593769237622
ONEWEB-0271             
1 48989U 21060Y   26152.66746814  .00000026  00000+0  34865-4 0  9992
2 48989  87.9105 231.8544 0001751  97.4385 262.6945 13.16593330237625
ONEWEB-0272             
1 48990U 21060Z   26152.68962420  .00000058  00000+0  11910-3 0  9999
2 48990  87.9109 231.8611 0001981  89.0479 271.0879 13.16595900237571
ONEWEB-0273             
1 48991U 21060AA  26152.63580381 -.00000003  00000+0 -41861-4 0  9998
2 48991  87.9107 231.8713 0001873 100.0474 260.0869 13.16593505237545
ONEWEB-0274             
1 48992U 21060AB  26152.66112199  .00000105  00000+0  24029-3 0  9997
2 48992  87.9097 231.8699 0002097  89.7391 270.3981 13.16592948237580
ONEWEB-0275             
1 48993U 21060AC  26152.65005312  .00000048  00000+0  92970-4 0  9992
2 48993  87.9105 231.8601 0001998  95.9515 264.1844 13.16593253237512
ONEWEB-0276             
1 48994U 21060AD  26152.68329604  .00000069  00000+0  14761-3 0  9993
2 48994  87.9106 231.8533 0002067  93.9888 266.1479 13.16593616237538
ONEWEB-0277             
1 48995U 21060AE  26152.69596422  .00000030  00000+0  44906-4 0  9992
2 48995  87.9102 231.8604 0001886  99.5777 260.5567 13.16593007237520
ONEWEB-0278             
1 48996U 21060AF  26152.68646357  .00000059  00000+0  12075-3 0  9997
2 48996  87.9102 231.8521 0002089 103.3559 256.7805 13.16596524237650
ONEWEB-0279             
1 48997U 21060AG  26152.69438405  .00000042  00000+0  77416-4 0  9995
2 48997  87.9101 231.8494 0001829  96.3877 263.7463 13.16593925237586
ONEWEB-0280             
1 48998U 21060AH  26152.63340946 -.00000028  00000+0 -10756-3 0  9991
2 48998  87.9104 231.8645 0001887 108.7271 251.4065 13.16592485237513
ONEWEB-0281             
1 48999U 21060AJ  26152.63897355 -.00000036  00000+0 -12856-3 0  9995
2 48999  87.9105 231.8581 0002065  99.8013 260.3351 13.16593695237585
ONEWEB-0282             
1 49000U 21060AK  26152.66904662  .00000137  00000+0  32571-3 0  9998
2 49000  87.9104 231.8611 0001906 102.0560 258.0785 13.16596289237564
ONEWEB-0283             
1 49001U 21060AL  26152.65796194  .00000100  00000+0  22706-3 0  9996
2 49001  87.9103 231.8629 0001924  96.2687 263.8663 13.16592766237573
ONEWEB-0284             
1 49002U 21060AM  26152.65163533  .00000052  00000+0  10133-3 0  9999
2 49002  87.9103 231.8573 0002035 108.9313 251.2038 13.16593408237552
ONEWEB-0285             
1 49075U 21075A   26152.58411808 -.00000371  00000+0 -10675-2 0  9994
2 49075  87.8952 353.7651 0001742  88.5891 271.5437 13.12442574233166
ONEWEB-0286             
1 49076U 21075B   26152.64243061  .00000064  00000+0  14136-3 0  9990
2 49076  87.8940 353.7719 0002019  88.9364 271.1996 13.12440930232525
ONEWEB-0287             
1 49077U 21075C   26152.67566846  .00000042  00000+0  74004-4 0  9990
2 49077  87.9144   8.9513 0002231  93.0955 267.0432 13.17648106231587
ONEWEB-0288             
1 49078U 21075D   26152.61885570  .00000395  00000+0  10620-2 0  9996
2 49078  87.8950 353.7520 0001943  94.2427 265.8923 13.12443003233146
ONEWEB-0289             
1 49079U 21075E   26152.63841061  .00000024  00000+0  28437-4 0  9992
2 49079  87.9148   8.9748 0001541  96.1224 264.0083 13.17647838232153
ONEWEB-0290             
1 49080U 21075F   26152.61155088  .00000045  00000+0  81641-4 0  9998
2 49080  87.9152   8.9514 0001437  98.6785 261.4509 13.17649992231565
ONEWEB-0291             
1 49081U 21075G   26152.67229397 -.00000018  00000+0 -78298-4 0  9996
2 49081  87.9153   8.9477 0001969  97.6326 262.5029 13.17647562231565
ONEWEB-0293             
1 49082U 21075H   26152.62166590  .00000039  00000+0  67702-4 0  9996
2 49082  87.9143   8.9615 0001737  90.6608 269.4723 13.17650644231582
ONEWEB-0294             
1 49083U 21075J   26152.62563968  .00000337  00000+0  90007-3 0  9991
2 49083  87.8951 353.7539 0001565  97.7868 262.3439 13.12442232232539
ONEWEB-0295             
1 49084U 21075K   26152.62082396  .00000042  00000+0  74927-4 0  9990
2 49084  87.9143   8.9659 0002082  93.9972 266.1398 13.17652351231541
ONEWEB-0296             
1 49085U 21075L   26152.60529690  .00000077  00000+0  17871-3 0  9994
2 49085  87.8955 353.7649 0001994  96.9085 263.2271 13.12443780232538
ONEWEB-0297             
1 49086U 21075M   26152.55956063  .00000257  00000+0  67880-3 0  9992
2 49086  87.8941 353.7869 0001900  92.2543 267.8804 13.12441818233132
ONEWEB-0298             
1 49087U 21075N   26152.62520715  .00000057  00000+0  11237-3 0  9995
2 49087  87.9144   8.9631 0001990  84.3188 275.8170 13.17647987231572
ONEWEB-0299             
1 49088U 21075P   26152.62674571  .00000024  00000+0  28128-4 0  9998
2 49088  87.9153   8.9410 0001968  87.2407 272.8950 13.17649720231557
ONEWEB-0300             
1 49089U 21075Q   26152.55194088  .00000451  00000+0  12170-2 0  9993
2 49089  87.8953 353.7661 0002062  80.5524 279.5838 13.12443284233155
ONEWEB-0301             
1 49090U 21075R   26152.53584621  .00000305  00000+0  81309-3 0  9998
2 49090  87.8952 353.7680 0001914  76.6590 283.4752 13.12444911232517
ONEWEB-0302             
1 49091U 21075S   26152.59852060 -.00000177  00000+0 -52761-3 0  9999
2 49091  87.8953 353.7666 0001705  98.2012 261.9310 13.12443590232502
ONEWEB-0304             
1 49092U 21075T   26152.60141899  .00000080  00000+0  17212-3 0  9996
2 49092  87.9144   8.9704 0001963  89.2370 270.8987 13.17648325231529
ONEWEB-0305             
1 49093U 21075U   26152.67060703  .00000065  00000+0  13387-3 0  9990
2 49093  87.9153   8.9399 0002189  92.5398 267.5984 13.17648042231568
ONEWEB-0308             
1 49094U 21075V   26152.59174107 -.00000297  00000+0 -86227-3 0  9998
2 49094  87.8954 353.7603 0001792  87.9665 272.1669 13.12442996232513
ONEWEB-0309             
1 49095U 21075W   26152.59803743  .00000850  00000+0  21549-2 0  9992
2 49095  87.9143   8.9639 0001709 106.3737 253.7583 13.17659861231523
ONEWEB-0310             
1 49096U 21075X   26152.60699406  .00000134  00000+0  33610-3 0  9992
2 49096  87.8942 353.7805 0001778  88.1605 271.9727 13.12444268233143
ONEWEB-0311             
1 49097U 21075Y   26152.60480853  .00000000  00000+0 -33844-4 0  9990
2 49097  87.9146   8.9621 0002282  89.2657 270.8737 13.17647960231579
ONEWEB-0312             
1 49098U 21075Z   26152.61999254  .00000007  00000+0 -15589-4 0  9995
2 49098  87.9143   8.9700 0002000  94.7589 265.3771 13.17649183231552
ONEWEB-0313             
1 49099U 21075AA  26152.62490824 -.00000028  00000+0 -10472-3 0  9995
2 49099  87.9139   8.9755 0001948  88.4240 271.7114 13.17651589231546
ONEWEB-0314             
1 49100U 21075AB  26152.66724489  .00000063  00000+0  12862-3 0  9991
2 49100  87.9153   8.9371 0002036  96.5630 263.5733 13.17649514231520
ONEWEB-0315             
1 49101U 21075AC  26152.57988347 -.00000317  00000+0 -91681-3 0  9997
2 49101  87.8952 353.7485 0002203  87.1401 272.9980 13.12442287233121
ONEWEB-0316             
1 49102U 21075AD  26152.52825885  .00000035  00000+0  55152-4 0  9999
2 49102  87.9156 338.5735 0001911  91.6721 268.4630 13.18686059235147
ONEWEB-0317             
1 49103U 21075AE  26152.58327104 -.00000376  00000+0 -10799-2 0  9993
2 49103  87.8953 353.7712 0001097  95.2941 264.8313 13.12442216233140
ONEWEB-0318             
1 49104U 21075AF  26152.52488358  .00000007  00000+0 -14440-4 0  9996
2 49104  87.9166 338.5740 0002105  91.1800 268.9573 13.18686038235109
ONEWEB-0319             
1 49105U 21075AG  26152.60648175  .00000064  00000+0  13095-3 0  9997
2 49105  87.9145   8.9672 0002359  83.3140 276.8260 13.17647962231558
ONEWEB-0323             
1 49106U 21075AH  26152.64088019  .00000106  00000+0  25860-3 0  9997
2 49106  87.8952 353.7411 0002353  89.0383 271.1015 13.12441697232517
ONEWEB-0329             
1 49107U 21075AJ  26152.61491824 -.00000111  00000+0 -31983-3 0  9998
2 49107  87.9144   8.9661 0001934  89.8289 270.3064 13.17648371231534
ONEWEB-0330             
1 49108U 21075AK  26152.63870221  .00000078  00000+0  16692-3 0  9993
2 49108  87.9144   8.9812 0001854  93.8544 266.2800 13.17650208231571
ONEWEB-0292             
1 49186U 21083A   26152.47297099  .00000278  00000+0  72677-3 0  9993
2 49186  87.8933 323.3700 0001983  91.8328 268.3028 13.13468154228869
ONEWEB-0303             
1 49187U 21083B   26152.52151540  .00000035  00000+0  55963-4 0  9991
2 49187  87.9161 338.5746 0001997  90.1246 270.0115 13.18685870227911
ONEWEB-0306             
1 49188U 21083C   26152.43551927  .00000018  00000+0  13034-4 0  9999
2 49188  87.9167 338.5785 0001615  92.5398 267.5919 13.18686355227947
ONEWEB-0307             
1 49189U 21083D   26152.46705322  .00000299  00000+0  78443-3 0  9998
2 49189  87.8944 323.3666 0001909  93.7206 266.4142 13.13469121228860
ONEWEB-0320             
1 49190U 21083E   26152.53161970  .00000073  00000+0  15282-3 0  9995
2 49190  87.9155 338.5790 0001778  90.6976 269.4360 13.18687613227910
ONEWEB-0321             
1 49191U 21083F   26152.29212232  .00000090  00000+0  18938-3 0  9997
2 49191  87.9182 277.6034 0001622 100.0564 260.0752 13.20770895234730
ONEWEB-0322             
1 49192U 21083G   26152.46281671  .00000351  00000+0  92494-3 0  9999
2 49192  87.8938 323.3683 0001431  85.9594 274.1699 13.13469103228851
ONEWEB-0324             
1 49193U 21083H   26152.04936007  .00002519  00000+0  63536-2 0  9996
2 49193  87.9160 338.6599 0001680  94.6611 265.4713 13.18708484227872
ONEWEB-0325             
1 49194U 21083J   26152.43213867 -.00000001  00000+0 -35466-4 0  9991
2 49194  87.9156 338.5945 0001838  88.3773 271.7570 13.18686438227938
ONEWEB-0326             
1 49195U 21083K   26152.52332183 -.00000831  00000+0 -21407-2 0  9994
2 49195  87.9167 338.5730 0002101  86.2277 273.9095 13.18689435227939
ONEWEB-0327             
1 49196U 21083L   26152.59892765  .00000045  00000+0  82398-4 0  9992
2 49196  87.9157 338.5634 0002172  83.5437 276.5942 13.18686723227968
ONEWEB-0328             
1 49197U 21083M   26152.52883474  .00000226  00000+0  58402-3 0  9992
2 49197  87.8950 323.3268 0001815  97.3714 262.7621 13.13469563228843
ONEWEB-0331             
1 49198U 21083N   26152.51645477  .00000072  00000+0  14889-3 0  9991
2 49198  87.9166 338.5679 0002173  90.6069 269.5312 13.18686966227940
ONEWEB-0333             
1 49199U 21083P   26152.52375254  .00000116  00000+0  28371-3 0  9996
2 49199  87.8941 323.3555 0001817  91.1287 269.0051 13.13469339228852
ONEWEB-0334             
1 49200U 21083Q   26151.85525715 -.00000033  00000+0 -11399-3 0  9995
2 49200  87.9178 277.7025 0001030  88.3123 271.8128 13.20771904234637
ONEWEB-0335             
1 49201U 21083R   26152.51868251  .00000028  00000+0  42499-4 0  9993
2 49201  87.8941 323.3530 0001997  93.9864 266.1493 13.13470412228862
ONEWEB-0336             
1 49202U 21083S   26152.48989538 -.00000150  00000+0 -44625-3 0  9992
2 49202  87.8940 323.3548 0002193  97.5983 262.5395 13.13469374228857
ONEWEB-0337             
1 49203U 21083T   26152.42373999 -.00000308  00000+0 -87896-3 0  9997
2 49203  87.8938 323.3745 0001903  98.7765 261.3580 13.13469412228848
ONEWEB-0338             
1 49204U 21083U   26152.28367999 -.00000205  00000+0 -53703-3 0  9991
2 49204  87.9172 277.6202 0001574  96.6037 263.5276 13.20770769234719
ONEWEB-0339             
1 49205U 21083V   26152.43233793 -.00000208  00000+0 -60504-3 0  9993
2 49205  87.8940 323.3651 0001524  94.4808 265.6495 13.13469812228823
ONEWEB-0340             
1 49206U 21083W   26152.04770603 -.00000019  00000+0 -80288-4 0  9999
2 49206  87.9167 338.6667 0001977  92.0131 268.1228 13.18687166227849
ONEWEB-0341             
1 49207U 21083X   26152.43383321  .00000034  00000+0  53483-4 0  9992
2 49207  87.9160 338.5943 0001907 105.7465 254.3877 13.18686466227911
ONEWEB-0342             
1 49208U 21083Y   26152.29043089  .00000103  00000+0  22159-3 0  9993
2 49208  87.9182 277.6057 0001783  99.9955 260.1380 13.20772471234686
ONEWEB-0343             
1 49209U 21083Z   26152.51814485  .00000032  00000+0  47225-4 0  9998
2 49209  87.9163 338.5758 0001430  94.5595 265.5701 13.18685824227973
ONEWEB-0344             
1 49210U 21083AA  26152.42726942 -.00000264  00000+0 -75727-3 0  9996
2 49210  87.8933 323.3817 0001902 105.2908 254.8431 13.13471453228821
ONEWEB-0345             
1 49211U 21083AB  26152.49497318 -.00000261  00000+0 -74934-3 0  9992
2 49211  87.8950 323.3463 0001821 103.6050 256.5283 13.13469916228845
ONEWEB-0346             
1 49212U 21083AC  26152.51476797  .00000029  00000+0  40423-4 0  9991
2 49212  87.9156 338.5776 0002506  89.5234 270.6186 13.18686176227917
ONEWEB-0348             
1 49213U 21083AD  26152.35607688  .00000600  00000+0  14426-2 0  9996
2 49213  87.9187 277.5955 0002458 103.5160 256.6248 13.20768744234729
ONEWEB-0350             
1 49214U 21083AE  26152.88636897 -.00005702  00000+0 -15772-1 0  9993
2 49214  87.8946 323.2705 0001681 106.0651 254.0664 13.12968360228920
ONEWEB-0351             
1 49215U 21083AF  26152.27344195  .00000000  00000+0 -32604-4 0  9995
2 49215  87.9184 277.6108 0001279 122.6274 237.4983 13.20773000234675
ONEWEB-0352             
1 49216U 21083AG  26152.48482137  .00000025  00000+0  33675-4 0  9993
2 49216  87.8943 323.3602 0001402  99.6887 260.4401 13.13469890228964
ONEWEB-0354             
1 49217U 21083AH  26152.30054440  .00000131  00000+0  28999-3 0  9997
2 49217  87.9184 277.6049 0002227 106.6914 253.4464 13.20772199234713
ONEWEB-0355             
1 49218U 21083AJ  26152.51373363 -.00000044  00000+0 -15553-3 0  9996
2 49218  87.8938 323.3569 0001695 100.3555 259.7766 13.13469641228844
ONEWEB-0357             
1 49219U 21083AK  26151.84263426  .00000127  00000+0  28015-3 0  9997
2 49219  87.9182 277.6905 0001700 102.7307 257.4017 13.20772264234656
ONEWEB-0332             
1 49279U 21090A   26152.46224736  .00000178  00000+0  44692-3 0  9996
2 49279  87.8951 292.8445 0001670  95.1538 264.9782 13.14504609225516
ONEWEB-0347             
1 49280U 21090B   26152.28706765  .00000082  00000+0  16963-3 0  9999
2 49280  87.9182 277.6096 0001735  93.0376 267.0956 13.20773501228940
ONEWEB-0349             
1 49281U 21090C   26151.86451466  .00000047  00000+0  84655-4 0  9993
2 49281  87.9184 277.6948 0001937 102.7572 257.3778 13.20769443227672
ONEWEB-0353             
1 49282U 21090D   26152.37821016  .00000258  00000+0  66192-3 0  9992
2 49282  87.8952 292.8563 0001662  91.6430 268.4890 13.14501962225502
ONEWEB-0356             
1 49283U 21090E   26151.86284153  .00000040  00000+0  65430-4 0  9995
2 49283  87.9184 277.6884 0002513  86.3990 273.7430 13.20772003227678
ONEWEB-0358             
1 49284U 21090F   26152.34681375  .00000058  00000+0  11123-3 0  9995
2 49284  87.9184 277.5954 0002123 100.6828 259.4545 13.20770368228461
ONEWEB-0359             
1 49285U 21090G   26152.34431257 -.00000015  00000+0 -70048-4 0  9995
2 49285  87.9182 277.5922 0002145 103.0645 257.0728 13.20772171228442
ONEWEB-0360             
1 49286U 21090H   26151.87965632 -.00000074  00000+0 -21514-3 0  9990
2 49286  87.9182 277.6910 0002001 104.4116 255.7240 13.20773955227691
ONEWEB-0361             
1 49287U 21090J   26151.86112941  .00000010  00000+0 -72494-5 0  9991
2 49287  87.9187 277.6927 0002051 100.1584 259.9781 13.20769976228147
ONEWEB-0362             
1 49288U 21090K   26152.48314143  .00000000  00000+0 -32564-4 0  9991
2 49288  87.9156 308.1082 0001639 102.8338 257.2978 13.19727273224847
ONEWEB-0363             
1 49289U 21090L   26151.87628719 -.00001068  00000+0 -26582-2 0  9998
2 49289  87.9182 277.6900 0002117  95.4733 264.6642 13.20782085228156
ONEWEB-0364             
1 49290U 21090M   26151.91500605  .00000082  00000+0  16873-3 0  9994
2 49290  87.9178 277.6911 0001914 100.2998 259.8352 13.20770676229290
ONEWEB-0365             
1 49291U 21090N   26151.88609272 -.00000045  00000+0 -14535-3 0  9995
2 49291  87.9164 308.2146 0001698  94.3711 265.7616 13.19727270224274
ONEWEB-0366             
1 49292U 21090P   26152.45114947  .00000286  00000+0  73783-3 0  9995
2 49292  87.8945 292.8439 0001902 100.4598 259.6746 13.14502171225491
ONEWEB-0367             
1 49293U 21090Q   26151.87546361  .00000030  00000+0  41301-4 0  9999
2 49293  87.9184 277.6914 0001777 103.9202 256.2129 13.20771883227672
ONEWEB-0368             
1 49294U 21090R   26152.30391011  .00000041  00000+0  67991-4 0  9994
2 49294  87.9173 277.6183 0001917  77.7537 282.3811 13.20772119228889
ONEWEB-0369             
1 49295U 21090S   26152.48789036 -.00000046  00000+0 -14731-3 0  9992
2 49295  87.9154 308.1035 0001756  92.9233 267.2101 13.19726638224342
ONEWEB-0370             
1 49296U 21090T   26152.33924353  .00000015  00000+0  55815-5 0  9994
2 49296  87.9183 277.5986 0001971 109.7402 250.3944 13.20774412227776
ONEWEB-0371             
1 49297U 21090U   26151.96506405 -.00000166  00000+0 -44584-3 0  9995
2 49297  87.9162 308.1988 0001735  98.2615 261.8714 13.19727323224319
ONEWEB-0372             
1 49298U 21090V   26151.87445961 -.00000015  00000+0 -67922-4 0  9990
2 49298  87.9186 277.6932 0001867  99.6895 260.4450 13.20770608227687
ONEWEB-0373             
1 49299U 21090W   26152.27864043  .00000062  00000+0  11972-3 0  9995
2 49299  87.9180 277.6133 0001992 100.5350 259.6007 13.20770414228923
ONEWEB-0374             
1 49300U 21090X   26152.43846943  .00000035  00000+0  60842-4 0  9996
2 49300  87.8953 292.8369 0002391  91.7272 268.4131 13.14502251225491
ONEWEB-0375             
1 49301U 21090Y   26151.88808395  .00000000  00000+0 -32829-4 0  9991
2 49301  87.9183 277.6823 0002491  95.2841 264.8577 13.20771804228379
ONEWEB-0376             
1 49302U 21090Z   26152.41838042  .00000033  00000+0  49110-4 0  9990
2 49302  87.9166 308.1079 0001621  92.4562 267.6757 13.19723729224375
ONEWEB-0377             
1 49303U 21090AA  26151.87475813 -.00000003  00000+0 -38316-4 0  9998
2 49303  87.9183 277.6871 0002138 102.1964 257.9409 13.20770999228366
ONEWEB-0378             
1 49304U 21090AB  26152.27372551  .00000023  00000+0  23744-4 0  9998
2 49304  87.9177 277.6130 0001999  95.9415 264.1947 13.20773431227687
ONEWEB-0379             
1 49305U 21090AC  26152.43370243 -.00000076  00000+0 -23871-3 0  9993
2 49305  87.8951 292.8484 0001917  95.5829 264.5520 13.14501727225491
ONEWEB-0380             
1 49306U 21090AD  26152.41523227  .00000054  00000+0  10219-3 0  9990
2 49306  87.9155 308.1150 0002010  98.6510 261.4851 13.19724926224345
ONEWEB-0381             
1 49307U 21090AE  26152.32579360  .00000032  00000+0  47958-4 0  9997
2 49307  87.9185 277.6017 0002170  95.0748 265.0633 13.20772355227737
ONEWEB-0382             
1 49308U 21090AF  26152.31229809  .00000022  00000+0  22635-4 0  9991
2 49308  87.9182 277.5989 0002146  93.2106 266.9273 13.20771973227727
ONEWEB-0383             
1 49309U 21090AG  26152.35123699 -.00000089  00000+0 -27578-3 0  9991
2 49309  87.8954 292.8560 0001892  92.9384 267.1962 13.14504581225515
ONEWEB-0384             
1 49310U 21090AH  26152.90747730  .00000130  00000+0  28707-3 0  9992
2 49310  87.9186 277.5239 0002222  89.7382 270.4006 13.20811741227815
ONEWEB-0385             
1 49311U 21090AJ  26151.85105100  .00000157  00000+0  35511-3 0  9995
2 49311  87.9183 277.6960 0002085  95.5777 264.5595 13.20770916227641
ONEWEB-0386             
1 49312U 21090AK  26152.32242362  .00000013  00000+0  11930-5 0  9993
2 49312  87.9188 277.5925 0002054  92.8820 267.2548 13.20772550227725
ONEWEB-0387             
1 49313U 21090AL  26152.30727749  .00000093  00000+0  19740-3 0  9992
2 49313  87.9173 277.6200 0002279 100.8376 259.3014 13.20772826227728
ONEWEB-0388             
1 49314U 21090AM  26152.48631446  .00000009  00000+0 -10728-4 0  9996
2 49314  87.9155 308.0992 0001911  92.4811 267.6540 13.19726558224348
ONEWEB-0389             
1 50469U 21132A   26152.63179238 -.00000246  00000+0 -66703-3 0  9996
2 50469  87.9142   8.9623 0002211  86.6376 273.5008 13.17648915216039
ONEWEB-0390             
1 50470U 21132B   26152.63347918 -.00000251  00000+0 -68033-3 0  9994
2 50470  87.9145   8.9631 0001789  93.4810 266.6526 13.17648742216037
ONEWEB-0391             
1 50471U 21132C   26152.63516677 -.00000225  00000+0 -61370-3 0  9993
2 50471  87.9144   8.9719 0002581  95.9517 264.1909 13.17648537216036
ONEWEB-0392             
1 50472U 21132D   26152.66555798  .00000033  00000+0  51990-4 0  9997
2 50472  87.9154   8.9329 0002224  89.0332 271.1054 13.17649498216078
ONEWEB-0393             
1 50473U 21132E   26152.64108768  .00000028  00000+0  39241-4 0  9996
2 50473  87.9144   8.9564 0002015  86.8004 273.3358 13.17648776216066
ONEWEB-0394             
1 50474U 21132F   26152.54341654  .00000071  00000+0  14710-3 0  9990
2 50474  87.9165 338.5549 0002081  88.9223 271.2148 13.18688415219538
ONEWEB-0395             
1 50475U 21132G   26152.67879676 -.00000364  00000+0 -10641-2 0  9990
2 50475  87.8901  24.1550 0001927  90.6866 269.4483 13.11417852213686
ONEWEB-0396             
1 50476U 21132H   26152.53667132  .00000045  00000+0  82067-4 0  9995
2 50476  87.9165 338.5689 0002012  88.5783 271.5580 13.18688523219573
ONEWEB-0397             
1 50477U 21132J   26152.55184712  .00000105  00000+0  23363-3 0  9996
2 50477  87.9165 338.5660 0002002  84.7894 275.3467 13.18688682219553
ONEWEB-0398             
1 50478U 21132K   26152.64658477  .00000211  00000+0  56068-3 0  9997
2 50478  87.8906  24.1498 0001717  96.9575 263.1748 13.11415447213579
ONEWEB-0399             
1 50479U 21132L   26152.63302832  .00000584  00000+0  16125-2 0  9990
2 50479  87.8907  24.1627 0002315  83.6124 276.5268 13.11416687213564
ONEWEB-0400             
1 50480U 21132M   26152.52992592  .00000062  00000+0  12336-3 0  9990
2 50480  87.9166 338.5601 0001782  95.7950 264.3386 13.18684519219544
ONEWEB-0401             
1 50481U 21132N   26152.57545578  .00000064  00000+0  12888-3 0  9998
2 50481  87.9165 338.5479 0001777  83.3015 276.8319 13.18688249219555
ONEWEB-0402             
1 50482U 21132P   26152.53837835  .00000038  00000+0  64766-4 0  9999
2 50482  87.9164 338.5450 0001854  75.6891 284.4447 13.18688177219575
ONEWEB-0403             
1 50483U 21132Q   26152.56365090  .00000036  00000+0  58223-4 0  9991
2 50483  87.9166 338.5642 0001974  91.2965 268.8394 13.18687688219539
ONEWEB-0404             
1 50484U 21132R   26152.69066940  .00000086  00000+0  20662-3 0  9998
2 50484  87.8904  24.1511 0002130  87.1560 272.9811 13.11418126213662
ONEWEB-0405             
1 50485U 21132S   26152.50127700  .00000031  00000+0  46252-4 0  9995
2 50485  87.9168 338.5607 0001689 103.7283 256.4037 13.18685933219920
ONEWEB-0406             
1 50486U 21132T   26152.56870922  .00000068  00000+0  13911-3 0  9998
2 50486  87.9157 338.5648 0002407  93.1615 266.9792 13.18688861219561
ONEWEB-0407             
1 50487U 21132U   26152.56197084  .00000029  00000+0  40578-4 0  9997
2 50487  87.9166 338.5574 0001618  87.3928 272.7390 13.18686066219503
ONEWEB-0409             
1 50488U 21132V   26152.68897180  .00000103  00000+0  25547-3 0  9996
2 50488  87.8910  24.1388 0002037  90.6011 269.5350 13.11419013213555
ONEWEB-0412             
1 50489U 21132W   26152.55016195  .00000070  00000+0  14362-3 0  9998
2 50489  87.9164 338.5687 0001835  80.3929 279.7411 13.18688113219598
ONEWEB-0413             
1 50490U 21132X   26152.55519338  .00000713  00000+0  17759-2 0  9993
2 50490  87.9135 338.5701 0002173  92.7938 267.3443 13.18705569219535
ONEWEB-0414             
1 50491U 21132Y   26152.54004214 -.00000142  00000+0 -39171-3 0  9996
2 50491  87.9165 338.5509 0001933  85.7265 274.4088 13.18685342219566
ONEWEB-0417             
1 50492U 21132Z   26152.54847268 -.00000090  00000+0 -26175-3 0  9993
2 50492  87.9157 338.5702 0002038  93.2011 266.9355 13.18687436219540
ONEWEB-0418             
1 50493U 21132AA  26152.55846453  .00000000  00000+0 -32180-4 0  9994
2 50493  87.9164 338.5661 0002081  93.9729 266.1642 13.18685897219601
ONEWEB-0419             
1 50494U 21132AB  26152.57681693  .00000039  00000+0  65920-4 0  9999
2 50494  87.9166 338.5622 0001966  97.1972 262.9384 13.18665071219528
ONEWEB-0420             
1 50495U 21132AC  26152.54172803  .00000058  00000+0  11431-3 0  9993
2 50495  87.9157 338.5736 0001632  88.5355 271.5964 13.18684217219516
ONEWEB-0421             
1 50496U 21132AD  26152.53499860  .00000056  00000+0  10854-3 0  9994
2 50496  87.9161 338.5716 0002057  83.5214 276.6152 13.18685940219554
ONEWEB-0424             
1 50497U 21132AE  26152.57208646  .00000044  00000+0  78442-4 0  9994
2 50497  87.9167 338.5622 0001838 102.8152 257.3185 13.18688376219580
ONEWEB-0426             
1 50498U 21132AF  26152.53079293  .00000076  00000+0  16013-3 0  9995
2 50498  87.9165 338.5614 0002526  85.4452 274.6969 13.18688006219520
ONEWEB-0427             
1 50499U 21132AG  26152.57039845  .00000029  00000+0  41966-4 0  9993
2 50499  87.9167 338.5419 0002067  92.1440 267.9929 13.18687425219556
ONEWEB-0429             
1 50500U 21132AH  26152.55690512  .00000137  00000+0  31463-3 0  9998
2 50500  87.9158 338.5707 0001743  89.7699 270.3633 13.18685175219524
ONEWEB-0430             
1 50501U 21132AJ  26152.54510416  .00000088  00000+0  19035-3 0  9998
2 50501  87.9158 338.5709 0001640  96.4369 263.6950 13.18685243219569
ONEWEB-0432             
1 50502U 21132AK  26152.57793519 -.00001660  00000+0 -42439-2 0  9991
2 50502  87.9166 338.5366 0001890 108.5029 251.6308 13.18695355219528
ONEWEB-0440             
1 50503U 21132AL  26152.56533533  .00000065  00000+0  13098-3 0  9995
2 50503  87.9165 338.5618 0001763  79.7127 280.4204 13.18688705219510
ONEWEB-0450             
1 50504U 21132AM  26152.48286642  .00000049  00000+0  92465-4 0  9991
2 50504  87.9156 338.5851 0001628  88.6770 271.4549 13.18687175219537
ONEWEB-0410             
1 51622U 22012A   26152.65035312 -.00000134  00000+0 -37826-3 0  9992
2 51622  87.9153   8.9462 0003191  90.2250 269.9247 13.17650073211659
ONEWEB-0411             
1 51623U 22012B   26152.66514705  .00001948  00000+0  55439-2 0  9993
2 51623  87.8856  39.3560 0001374  93.3250 266.8034 13.10369971207259
ONEWEB-0415             
1 51624U 22012C   26152.66182810  .00000469  00000+0  13082-2 0  9997
2 51624  87.8851  39.3567 0001668  87.8120 272.3199 13.10376795207258
ONEWEB-0416             
1 51625U 22012D   26152.67349439  .00005683  00000+0  16236-1 0  9997
2 51625  87.8844  39.3720 0001740  97.1302 263.0024 13.10358021207299
ONEWEB-0422             
1 51626U 22012E   26152.66049181  .00000048  00000+0  91626-4 0  9997
2 51626  87.9152   8.9453 0001430  67.4081 292.7202 13.17649691211765
ONEWEB-0423             
1 51627U 22012F   26152.65375042  .00000053  00000+0  10427-3 0  9990
2 51627  87.9147   8.9533 0001942  84.8904 275.2449 13.17648866211654
ONEWEB-0425             
1 51628U 22012G   26152.68342254  .00000456  00000+0  12709-2 0  9994
2 51628  87.8843  39.3539 0002169  82.0649 278.0724 13.10371818207294
ONEWEB-0428             
1 51629U 22012H   26152.66348680  .00000443  00000+0  12324-2 0  9991
2 51629  87.8848  39.3656 0001819  79.7698 280.3635 13.10376538207255
ONEWEB-0431             
1 51630U 22012J   26152.70980593 -.00000579  00000+0 -16947-2 0  9990
2 51630  87.8846  39.3480 0001242  90.7028 269.4241 13.10372026207316
ONEWEB-0434             
1 51631U 22012K   26152.68686674  .00000290  00000+0  79511-3 0  9996
2 51631  87.8847  39.3776 0002434  80.5653 279.5750 13.10371179207293
ONEWEB-0435             
1 51632U 22012L   26152.69501869 -.00000074  00000+0 -24767-3 0  9995
2 51632  87.8839  39.3632 0001627  77.1727 282.9582 13.10369761207287
ONEWEB-0436             
1 51633U 22012M   26152.64529787  .00000081  00000+0  17572-3 0  9992
2 51633  87.9150   8.9359 0001624  82.7009 277.4307 13.17649962211634
ONEWEB-0438             
1 51634U 22012N   26152.67843368  .00000670  00000+0  18837-2 0  9998
2 51634  87.8845  39.3687 0002002  82.2438 277.8917 13.10372790207315
ONEWEB-0439             
1 51635U 22012P   26152.68175048  .00000578  00000+0  16203-2 0  9995
2 51635  87.8841  39.3561 0001871  80.0012 280.1326 13.10372286207298
ONEWEB-0442             
1 51636U 22012Q   26152.63770626  .00000046  00000+0  86504-4 0  9997
2 51636  87.9142   8.9714 0002403  90.7483 269.3924 13.17647945211627
ONEWEB-0443             
1 51637U 22012R   26152.65710748  .00000035  00000+0  57270-4 0  9995
2 51637  87.9144   8.9684 0001980  76.7994 283.3359 13.17647740211672
ONEWEB-0444             
1 51638U 22012S   26152.67179473  .00000715  00000+0  20120-2 0  9999
2 51638  87.8844  39.3567 0001923  76.0497 284.0844 13.10374173207307
ONEWEB-0445             
1 51639U 22012T   26152.69336029  .00000072  00000+0  17099-3 0  9992
2 51639  87.8847  39.3392 0001687  94.7991 265.3329 13.10368933207318
ONEWEB-0446             
1 51640U 22012U   26152.67013022  .00000620  00000+0  17383-2 0  9991
2 51640  87.8848  39.3732 0001778  86.3263 273.8068 13.10375608207297
ONEWEB-0448             
1 51641U 22012V   26152.67511742  .00000715  00000+0  20119-2 0  9990
2 51641  87.8844  39.3695 0001847  79.8796 280.2540 13.10372597207265
ONEWEB-0449             
1 51642U 22012W   26152.68009411  .00000587  00000+0  16440-2 0  9996
2 51642  87.8843  39.3534 0002284  82.1789 277.9597 13.10372264207279
ONEWEB-0451             
1 51643U 22012X   26152.64193498  .00000039  00000+0  66265-4 0  9996
2 51643  87.9154   8.9335 0002084  85.1243 275.0126 13.17649417211617
ONEWEB-0452             
1 51644U 22012Y   26152.64023869  .00000013  00000+0  50561-6 0  9997
2 51644  87.9142   8.9722 0002061  79.4185 280.7178 13.17649609211625
ONEWEB-0456             
1 51646U 22012AA  26152.69003467  .00000290  00000+0  79523-3 0  9999
2 51646  87.8853  39.3374 0001663  78.4728 281.6586 13.10375697207315
ONEWEB-0457             
1 51647U 22012AB  26152.66665854  .00000601  00000+0  16858-2 0  9998
2 51647  87.8848  39.3620 0001993  92.0764 268.0592 13.10373703207314
ONEWEB-0458             
1 51648U 22012AC  26152.68842708 -.00010132  00000+0 -29115-1 0  9997
2 51648  87.8850  39.3442 0001863  88.5068 271.6272 13.10321848207276
ONEWEB-0461             
1 51649U 22012AD  26152.66216419  .00000076  00000+0  16223-3 0  9992
2 51649  87.9152   8.9438 0001828  89.8233 270.3108 13.17651180211843
ONEWEB-0463             
1 51650U 22012AE  26152.64361963 -.00000001  00000+0 -35949-4 0  9994
2 51650  87.9142   8.9719 0001835  91.2998 268.8344 13.17649472211620
ONEWEB-0464             
1 51651U 22012AF  26152.68506955  .00000434  00000+0  12064-2 0  9990
2 51651  87.8841  39.3677 0001770  74.6120 285.5203 13.10371561207299
ONEWEB-0468             
1 51652U 22012AG  26152.69170195  .00000058  00000+0  12988-3 0  9993
2 51652  87.8841  39.3607 0001705  73.0219 287.1095 13.10369785207273
ONEWEB-0473             
1 51653U 22012AH  26152.67677243  .00000665  00000+0  18684-2 0  9990
2 51653  87.8845  39.3650 0001871  79.5087 280.6251 13.10373380207272
ONEWEB-0474             
1 51654U 22012AJ  26152.66846953  .00000627  00000+0  17598-2 0  9997
2 51654  87.8858  39.3491 0001828  69.5088 290.6236 13.10375565207262
ONEWEB-0475             
1 51655U 22012AK  26152.57949267  .00000023  00000+0  25494-4 0  9996
2 51655  87.9144   8.9773 0001951  66.6120 293.5217 13.17649292211634
ONEWEB-0490             
1 54113U 22138A   26152.44050311  .00000191  00000+0  44394-3 0  9991
2 54113  87.9165 308.1039 0001687  96.0985 264.0340 13.19727747174756
ONEWEB-0492             
1 54114U 22138B   26152.46577485  .00000056  00000+0  10693-3 0  9995
2 54114  87.9156 308.1022 0001590  98.8461 261.2852 13.19726754174766
ONEWEB-0495             
1 54115U 22138C   26152.44366192  .00000218  00000+0  51172-3 0  9992
2 54115  87.9156 308.1085 0001275  86.1331 273.9947 13.19727820174740
ONEWEB-0497             
1 54116U 22138D   26152.45629895  .00000067  00000+0  13443-3 0  9997
2 54116  87.9159 308.0977 0001716  95.2507 264.8822 13.19726820174738
ONEWEB-0499             
1 54117U 22138E   26152.43972749  .00000135  00000+0  30607-3 0  9992
2 54117  87.9155 308.1107 0001693  89.7222 270.4105 13.19726929174745
ONEWEB-0500             
1 54118U 22138F   26152.44207776  .00000161  00000+0  36997-3 0  9992
2 54118  87.9164 308.1030 0001851  99.6451 260.4891 13.19728160174752
ONEWEB-0501             
1 54119U 22138G   26152.47210488  .00000081  00000+0  16901-3 0  9994
2 54119  87.9164 308.0971 0001543  88.0029 272.1281 13.19726435174731
ONEWEB-0502             
1 54120U 22138H   26152.45786573  .00000076  00000+0  15794-3 0  9990
2 54120  87.9164 308.0887 0001688  87.6456 272.4870 13.19726957174756
ONEWEB-0503             
1 54121U 22138J   26152.44682126  .00000112  00000+0  24712-3 0  9990
2 54121  87.9166 308.0965 0002022  90.2839 269.8526 13.19727739174740
ONEWEB-0504             
1 54122U 22138K   26152.43418813  .00000073  00000+0  14999-3 0  9992
2 54122  87.9164 308.1040 0001730  89.2285 270.9046 13.19726411174759
ONEWEB-0505             
1 54123U 22138L   26152.43103822  .00000067  00000+0  13451-3 0  9999
2 54123  87.9164 308.1057 0001523  83.1518 276.9788 13.19725743174734
ONEWEB-0506             
1 54124U 22138M   26152.70902605  .00000009  00000+0 -92965-5 0  9992
2 54124  87.9165 308.0473 0001617  88.9584 271.1734 13.19726273174767
ONEWEB-0507             
1 54125U 22138N   26152.42629194  .00000004  00000+0 -21266-4 0  9991
2 54125  87.9156 308.1172 0001614  92.2176 267.9141 13.19726736174777
ONEWEB-0508             
1 54126U 22138P   26151.96822109  .00000005  00000+0 -19681-4 0  9990
2 54126  87.9153 308.2081 0001357  94.4521 265.6767 13.19726477174699
ONEWEB-0509             
1 54127U 22138Q   26152.47367635  .00000032  00000+0  47198-4 0  9999
2 54127  87.9167 308.0954 0001701  93.0090 267.1238 13.19726890174735
ONEWEB-0510             
1 54128U 22138R   26152.29885956  .00000066  00000+0  13156-3 0  9994
2 54128  87.9183 277.6029 0002362 102.2235 257.9163 13.20771997177182
ONEWEB-0511             
1 54129U 22138S   26152.47052522  .00000048  00000+0  87121-4 0  9994
2 54129  87.9163 308.0994 0001922  86.6429 273.4924 13.19725006174769
ONEWEB-0512             
1 54130U 22138T   26152.46260786  .00000034  00000+0  51371-4 0  9991
2 54130  87.9155 308.1068 0001652  84.4940 275.6381 13.19723894174730
ONEWEB-0513             
1 54131U 22138U   26152.47469653  .00000008  00000+0 -12059-4 0  9999
2 54131  87.9162 308.0504 0001804  64.2814 295.8505 13.20267881174641
ONEWEB-0514             
1 54132U 22138V   26152.47841141  .00000035  00000+0  53959-4 0  9999
2 54132  87.9166 308.0960 0001922  96.0391 264.0961 13.19726719174750
ONEWEB-0515             
1 54133U 22138W   26152.28536840  .00000060  00000+0  11575-3 0  9991
2 54133  87.9188 277.5991 0002251 120.4170 239.7186 13.20772621177208
ONEWEB-0516             
1 54134U 22138X   26152.45313542  .00000128  00000+0  28778-3 0  9991
2 54134  87.9154 308.1090 0001677  97.9952 262.1371 13.19727620174750
ONEWEB-0517             
1 54135U 22138Y   26152.43260123  .00000061  00000+0  12008-3 0  9991
2 54135  87.9160 308.1041 0002070  90.5047 269.6322 13.19727236174757
ONEWEB-0518             
1 54136U 22138Z   26152.45159611  .00000054  00000+0  10296-3 0  9992
2 54136  87.9154 308.1109 0001644  99.0326 261.0993 13.19727183174757
ONEWEB-0519             
1 54137U 22138AA  26152.47684648  .00000040  00000+0  67351-4 0  9998
2 54137  87.9166 308.0953 0001954  91.1900 268.9456 13.19722759174767
ONEWEB-0520             
1 54138U 22138AB  26152.51158486  .00000059  00000+0  11545-3 0  9993
2 54138  87.9164 308.0889 0001570  92.1783 267.9530 13.19727088174759
ONEWEB-0521             
1 54139U 22138AC  26152.46893572  .00000064  00000+0  12671-3 0  9997
2 54139  87.9165 308.0862 0002032  92.5231 267.6135 13.19726250174699
ONEWEB-0522             
1 54140U 22138AD  26152.44840161 -.00000013  00000+0 -64287-4 0  9990
2 54140  87.9165 308.0927 0001679  91.0351 269.0974 13.19727278174739
ONEWEB-0523             
1 54141U 22138AE  26152.27189746  .00000023  00000+0  24815-4 0  9999
2 54141  87.9184 277.6124 0002607 109.9763 250.1651 13.20769912177200
ONEWEB-0524             
1 54142U 22138AF  26152.33755724  .00000000  00000+0 -32097-4 0  9999
2 54142  87.9184 277.5963 0002042 125.8438 234.2885 13.20770517177216
ONEWEB-0525             
1 54143U 22138AG  26152.46734686 -.00000010  00000+0 -56632-4 0  9991
2 54143  87.9164 308.0969 0001410  92.4915 267.6379 13.19724119174757
ONEWEB-0526             
1 54144U 22138AH  26152.42472676 -.00000013  00000+0 -65243-4 0  9997
2 54144  87.9162 308.1055 0001713  97.5713 262.5615 13.19730550174721
ONEWEB-0529             
1 54145U 22138AJ  26152.35204401  .00000007  00000+0 -15495-4 0  9995
2 54145  87.9156 308.1301 0001581  94.1078 266.0235 13.19727342174732
ONEWEB-0531             
1 54146U 22138AK  26152.32411090  .00000061  00000+0  11887-3 0  9996
2 54146  87.9181 277.5973 0002548 116.0142 244.1254 13.20772317177213
ONEWEB-0535             
1 54147U 22138AL  26152.46102571  .00000127  00000+0  28484-3 0  9997
2 54147  87.9164 308.0917 0002154  98.3155 261.8222 13.19724313174761
ONEWEB-0536             
1 54148U 22138AM  26152.31062082  .00000070  00000+0  13989-3 0  9995
2 54148  87.9172 277.6240 0002542 120.2333 239.9052 13.20770241177207
ONEWEB-0527             
1 54642U 22166A   26152.65297514 -.00000002  00000+0 -35543-4 0  9990
2 54642  87.9255 247.0855 0002003 100.7795 259.3564 13.21823891169484
ONEWEB-0528             
1 54643U 22166B   26152.65886966  .00000008  00000+0 -12481-4 0  9997
2 54643  87.9255 247.0884 0001755  98.9819 261.1513 13.21826331169493
ONEWEB-0539             
1 54644U 22166C   26152.62187670  .00000064  00000+0  12249-3 0  9993
2 54644  87.9264 247.0673 0002087  93.0379 267.0994 13.21825654169480
ONEWEB-0540             
1 54645U 22166D   26152.62873943 -.00000004  00000+0 -40530-4 0  9990
2 54645  87.9259 247.0968 0002060  95.7734 264.3635 13.21826192169476
ONEWEB-0542             
1 54646U 22166E   26152.25348660 -.00000034  00000+0 -11435-3 0  9997
2 54646  87.9261 247.1388 0002153  92.1925 267.9456 13.21826348169432
ONEWEB-0545             
1 54647U 22166F   26152.67233958  .00000130  00000+0  28326-3 0  9999
2 54647  87.9259 247.0685 0002418  90.6164 269.5247 13.21827467169452
ONEWEB-0580             
1 54648U 22166G   26152.64710235 -.00000026  00000+0 -95289-4 0  9994
2 54648  87.9257 247.0732 0002402  95.6703 264.4704 13.21826038169490
ONEWEB-0582             
1 54649U 22166H   26152.68916120 -.00000003  00000+0 -39848-4 0  9994
2 54649  87.9255 247.0575 0002377  93.0954 267.0452 13.21825287169477
ONEWEB-0583             
1 54650U 22166J   26152.62523742  .00000232  00000+0  53068-3 0  9995
2 54650  87.9258 247.0932 0002103  96.7843 263.3531 13.21828179169473
ONEWEB-0584             
1 54651U 22166K   26152.64540279  .00000098  00000+0  20596-3 0  9992
2 54651  87.9253 247.0751 0002151  98.9570 261.1808 13.21825240169460
ONEWEB-0585             
1 54652U 22166L   26152.66897508  .00000138  00000+0  30230-3 0  9996
2 54652  87.9258 247.0569 0001910 102.6526 257.4822 13.21825728169475
ONEWEB-0586             
1 54653U 22166M   26152.68240915  .00000042  00000+0  70555-4 0  9992
2 54653  87.9257 247.0801 0002101  95.0446 265.0928 13.21827705169472
ONEWEB-0587             
1 54654U 22166N   26152.69250766  .00000017  00000+0  84894-5 0  9993
2 54654  87.9268 247.0500 0001759 108.1836 251.9490 13.21827598169634
ONEWEB-0589             
1 54655U 22166P   26152.67904587  .00000045  00000+0  78147-4 0  9993
2 54655  87.9254 247.0669 0002809  89.7696 270.3760 13.21827810169497
ONEWEB-0590             
1 54656U 22166Q   26152.62846549  .00000016  00000+0  76457-5 0  9993
2 54656  87.9264 247.0658 0002353 108.7510 251.3880 13.21826046169478
ONEWEB-0591             
1 54657U 22166R   26152.64038045  .00000013  00000+0  79802-6 0  9995
2 54657  87.9258 247.0790 0002040  98.2993 261.8373 13.21825696169507
ONEWEB-0592             
1 54658U 22166S   26152.64374289  .00000202  00000+0  45752-3 0  9993
2 54658  87.9264 247.0551 0002054 100.6013 259.5353 13.21826903169386
ONEWEB-0593             
1 54659U 22166T   26152.66559922  .00000069  00000+0  13651-3 0  9999
2 54659  87.9258 247.0639 0002050  94.7469 265.3900 13.21826982169493
ONEWEB-0594             
1 54660U 22166U   26152.68577228  .00000022  00000+0  22933-4 0  9995
2 54660  87.9255 247.0762 0001935 101.0624 259.0728 13.21827570169510
ONEWEB-0595             
1 54661U 22166V   26152.66224137  .00000065  00000+0  12619-3 0  9998
2 54661  87.9264 247.0605 0001935 106.3898 253.7449 13.21826142169489
ONEWEB-0596             
1 54662U 22166W   26152.25853207  .00000027  00000+0  34919-4 0  9996
2 54662  87.9257 247.1531 0001950 100.5307 259.6047 13.21825652169438
ONEWEB-0597             
1 54663U 22166X   26152.69420561  .00000032  00000+0  45505-4 0  9997
2 54663  87.9258 247.0705 0002135  98.4514 261.6862 13.21825349169490
ONEWEB-0600             
1 54664U 22166Y   26152.67568598  .00000099  00000+0  20888-3 0  9998
2 54664  87.9257 247.0649 0001918  93.2936 266.8418 13.21827520169460
ONEWEB-0601             
1 54665U 22166Z   26152.66727470  .00000059  00000+0  11035-3 0  9994
2 54665  87.9257 247.0830 0002204  95.0688 265.0698 13.21824447169653
ONEWEB-0602             
1 54666U 22166AA  26152.63279832 -.00000097  00000+0 -26533-3 0  9999
2 54666  87.9255 247.0958 0001879  90.5670 269.5680 13.21824484169494
ONEWEB-0603             
1 54667U 22166AB  26152.63869912 -.00000178  00000+0 -46199-3 0  9994
2 54667  87.9266 247.0503 0002038  95.8713 264.2653 13.21823900169424
ONEWEB-0604             
1 54668U 22166AC  26152.24843910 -.00000047  00000+0 -14470-3 0  9994
2 54668  87.9266 247.1431 0001907  98.8477 261.2873 13.21825966169335
ONEWEB-0605             
1 54669U 22166AD  26152.69588738  .00000028  00000+0  37024-4 0  9996
2 54669  87.9259 247.0689 0002629  99.0641 261.0790 13.21824580169461
ONEWEB-0606             
1 54670U 22166AE  26152.64206201 -.00000164  00000+0 -42768-3 0  9998
2 54670  87.9255 247.0919 0001907 104.0423 256.0923 13.21824220169517
ONEWEB-0607             
1 54671U 22166AF  26152.68409205  .00000048  00000+0  85916-4 0  9994
2 54671  87.9268 247.0530 0002015  95.7512 264.3852 13.21827769169498
ONEWEB-0608             
1 54672U 22166AG  26152.69084106  .00000051  00000+0  91804-4 0  9992
2 54672  87.9267 247.0483 0002466  92.2737 267.8680 13.21826940169505
ONEWEB-0610             
1 54673U 22166AH  26152.67063951  .00000160  00000+0  35548-3 0  9999
2 54673  87.9257 247.0686 0002468  87.5809 272.5608 13.21828272169401
ONEWEB-0611             
1 54674U 22166AJ  26152.66391606  .00000078  00000+0  15638-3 0  9996
2 54674  87.9256 247.0658 0001958 102.8993 257.2359 13.21826606169398
ONEWEB-0612             
1 54675U 22166AK  26152.67736635  .00000094  00000+0  19624-3 0  9990
2 54675  87.9267 247.0566 0002166  96.5972 263.5408 13.21824224169385
ONEWEB-0615             
1 54676U 22166AL  26152.65720038 -.00000015  00000+0 -68637-4 0  9993
2 54676  87.9258 247.0769 0001747 102.2777 257.8553 13.21825172169394
ONEWEB-0655             
1 54677U 22166AM  26152.63365074 -.00000062  00000+0 -18149-3 0  9991
2 54677  87.9255 247.0831 0001937  91.6905 268.4450 13.21825181169380
ONEWEB-0659             
1 54678U 22166AN  26152.65045015 -.00000024  00000+0 -88876-4 0  9997
2 54678  87.9254 247.0796 0001999 101.5797 258.5562 13.21827545169478
ONEWEB-0685             
1 54679U 22166AP  26152.27222693  .00000075  00000+0  14989-3 0  9992
2 54679  87.9252 247.1476 0002072  91.3990 268.7381 13.21819808169315
ONEWEB-0712             
1 54680U 22166AQ  26152.63263142  .00000043  00000+0  77664-4 0  9993
2 54680  87.9109 231.8628 0001836  86.7928 273.3413 13.16593979170012
ONEWEB-0714             
1 54681U 22166AR  26152.65550102  .00000046  00000+0  78853-4 0  9995
2 54681  87.9254 247.0682 0001901  92.0046 268.1306 13.21827094169483
ONEWEB-0532             
1 55140U 23004A   26152.61829263  .00000070  00000+0  14831-3 0  9993
2 55140  87.9144   8.9614 0002113  92.9321 267.2052 13.17647679165536
ONEWEB-0533             
1 55141U 23004B   26152.60007781 -.00000126  00000+0 -38623-3 0  9995
2 55141  87.8949 353.7712 0001949  83.5835 276.5516 13.12443718166016
ONEWEB-0541             
1 55142U 23004C   26152.69406606  .00000311  00000+0  84195-3 0  9993
2 55142  87.8911  24.1408 0001808  89.9826 270.1509 13.11419548163912
ONEWEB-0543             
1 55143U 23004D   26152.53331105  .00000070  00000+0  14364-3 0  9991
2 55143  87.9156 338.5860 0001659  84.7716 275.3605 13.18689002167632
ONEWEB-0544             
1 55144U 23004E   26152.52656743  .00000068  00000+0  14090-3 0  9992
2 55144  87.9156 338.5871 0001629  94.4759 265.6559 13.18686473167636
ONEWEB-0560             
1 55145U 23004F   26152.51982715  .00000028  00000+0  37853-4 0  9992
2 55145  87.9157 338.5777 0001537  90.0705 270.0603 13.18685814167643
ONEWEB-0565             
1 55146U 23004G   26152.43719669  .00000059  00000+0  11628-3 0  9995
2 55146  87.9147 338.6235 0001749 105.2566 254.8760 13.18686501167628
ONEWEB-0567             
1 55147U 23004H   26152.43045736  .00000043  00000+0  76958-4 0  9994
2 55147  87.9154 338.6076 0001627 102.2480 257.8835 13.18686196167623
ONEWEB-0569             
1 55148U 23004J   26152.46788902  .00000337  00000+0  88754-3 0  9999
2 55148  87.8952 323.3497 0000954 109.2321 250.8911 13.13468755168117
ONEWEB-0570             
1 55149U 23004K   26152.57377010 -.00000009  00000+0 -55067-4 0  9996
2 55149  87.9156 338.5771 0002117  99.1140 261.0232 13.18688384167630
ONEWEB-0571             
1 55150U 23004L   26152.56702593  .00000034  00000+0  53720-4 0  9995
2 55150  87.9154 338.5777 0001455 131.7859 228.3397 13.18688118167644
ONEWEB-0572             
1 55151U 23004M   26152.64866264 -.00000201  00000+0 -55022-3 0  9995
2 55151  87.9142   8.9567 0001756  92.9286 267.2046 13.17648899165432
ONEWEB-0573             
1 55152U 23004N   26152.56028877 -.00000008  00000+0 -52332-4 0  9994
2 55152  87.9155 338.5802 0001539 119.6243 240.5043 13.18686722167633
ONEWEB-0588             
1 55153U 23004P   26152.55353750  .00000065  00000+0  13165-3 0  9996
2 55153  87.9154 338.5822 0002156 102.6370 257.5003 13.18687479167638
ONEWEB-0598             
1 55154U 23004Q   26152.67200735 -.00000478  00000+0 -13852-2 0  9996
2 55154  87.8895  24.1565 0001144  96.9411 263.1847 13.11417346163866
ONEWEB-0599             
1 55155U 23004R   26152.60985493  .00000063  00000+0  12983-3 0  9994
2 55155  87.9143   8.9628 0001665  82.3681 277.7639 13.17647920165434
ONEWEB-0614             
1 55156U 23004S   26152.66691896 -.00000477  00000+0 -13817-2 0  9999
2 55156  87.8898  24.1660 0002019  85.6130 274.5229 13.11416655163808
ONEWEB-0616             
1 55157U 23004T   26152.65205592  .00000033  00000+0  52839-4 0  9998
2 55157  87.9144   8.9578 0001506  55.9436 304.1838 13.17649997165655
ONEWEB-0617             
1 55158U 23004U   26152.65504530 -.00011116  00000+0 -31415-1 0  9993
2 55158  87.8902  24.1590 0002368  96.6404 263.4993 13.11468369163827
ONEWEB-0618             
1 55159U 23004V   26152.58300511  .00004450  00000+0  24983-3 0  9994
2 55159  86.9098 183.9683 0012190   5.4941 354.6430 15.13015575179905
ONEWEB-0619             
1 55160U 23004W   26152.60818290  .00000017  00000+0  11646-4 0  9995
2 55160  87.9159   8.9461 0002193  80.3886 279.7493 13.17650267165544
ONEWEB-0620             
1 55161U 23004X   26152.64997056  .00000085  00000+0  20504-3 0  9995
2 55161  87.8897  24.1693 0001706  94.5953 265.5370 13.11415679163793
ONEWEB-0621             
1 55162U 23004Y   26152.67709207 -.00000421  00000+0 -12244-2 0  9995
2 55162  87.8910  24.1516 0002040  83.3818 276.7542 13.11418053163774
ONEWEB-0622             
1 55163U 23004Z   26152.68218349 -.00000205  00000+0 -61555-3 0  9999
2 55163  87.8904  24.1515 0002318  97.7523 262.3868 13.11418236163761
ONEWEB-0623             
1 55164U 23004AA  26152.60311222  .00000050  00000+0  96202-4 0  9990
2 55164  87.9142   8.9789 0002610  87.6430 272.5001 13.17648563165533
ONEWEB-0624             
1 55165U 23004AB  26152.57204293 -.00000183  00000+0 -54046-3 0  9994
2 55165  87.8948 353.6938 0001892  88.0156 272.1189 13.12926953166029
ONEWEB-0625             
1 55166U 23004AC  26152.66893250  .00000049  00000+0  91949-4 0  9995
2 55166  87.9143   8.9609 0001780  82.4024 277.7310 13.17649702165532
ONEWEB-0626             
1 55167U 23004AD  26152.65881387  .00002393  00000+0  61298-2 0  9999
2 55167  87.9143   8.9631 0001319  95.4149 264.7133 13.17637743165539
ONEWEB-0627             
1 55168U 23004AE  26152.64697687  .00000980  00000+0  24908-2 0  9994
2 55168  87.9142   8.9657 0003079  97.0000 263.1482 13.17655650165533
ONEWEB-0628             
1 55169U 23004AF  26152.85266038  .00000415  00000+0  11170-2 0  9990
2 55169  87.8950 353.7030 0002492  86.3633 273.7781 13.12443887166023
ONEWEB-0629             
1 55170U 23004AG  26152.62251977  .00000110  00000+0  24965-3 0  9992
2 55170  87.9143   8.9664 0002058  78.8484 281.2878 13.17650955165537
ONEWEB-0631             
1 55171U 23004AH  26152.54679336  .00000078  00000+0  16419-3 0  9995
2 55171  87.9165 338.5480 0001894 106.0801 254.0540 13.18688184167615
ONEWEB-0709             
1 55172U 23004AJ  26152.63980381  .00000533  00000+0  14683-2 0  9997
2 55172  87.8900  24.1741 0001174 110.9175 249.2079 13.11416574163837
ONEWEB-0710             
1 55173U 23004AK  26152.63686891 -.00000001  00000+0 -36436-4 0  9991
2 55173  87.9142   8.9589 0001977  88.7411 271.3947 13.17649831165532
ONEWEB-0711             
1 55174U 23004AL  26152.68728849  .00000004  00000+0 -25132-4 0  9990
2 55174  87.8901  24.1509 0002504  91.5799 268.5616 13.11419663163806
ONEWEB-0713             
1 55175U 23004AM  26152.62963681  .00000540  00000+0  14873-2 0  9992
2 55175  87.8903  24.1638 0002151  88.8361 271.3013 13.11417692163784
ONEWEB-0715             
1 55176U 23004AN  26152.62455093  .00000481  00000+0  13227-2 0  9992
2 55176  87.8902  24.1667 0001605 108.3989 251.7314 13.11417860163821
ONEWEB-0716             
1 55177U 23004AP  26152.63011830  .00000042  00000+0  75311-4 0  9998
2 55177  87.9144   8.9630 0001705  78.9304 281.2020 13.17649959165539
ONEWEB-0717             
1 55178U 23004AQ  26152.61324184  .00000035  00000+0  56546-4 0  9997
2 55178  87.9155   8.9528 0002295  97.0215 263.1177 13.17652236165585
ONEWEB-0719             
1 55179U 23004AR  26152.62337087  .00000007  00000+0 -15995-4 0  9998
2 55179  87.9152   8.9310 0001865  79.8730 280.2612 13.17649729165536
ONEWEB-0530             
1 55796U 23029A   26152.33251548 -.00000019  00000+0 -79340-4 0  9993
2 55796  87.9173 277.6309 0002398  98.5101 261.6304 13.20770433159051
ONEWEB-0534             
1 55797U 23029B   26152.32072779  .00000054  00000+0  10008-3 0  9992
2 55797  87.9174 277.6334 0001830  97.8028 262.3313 13.20770404159057
ONEWEB-0556             
1 55798U 23029C   26152.32748355 -.00000079  00000+0 -22642-3 0  9999
2 55798  87.9173 277.6320 0002158  76.3113 283.8261 13.20773001159059
ONEWEB-0562             
1 55799U 23029D   26152.31399062  .00000067  00000+0  13341-3 0  9997
2 55799  87.9173 277.6154 0002671  88.5873 271.5567 13.20772249159059
ONEWEB-0563             
1 55800U 23029E   26151.85441690  .00000075  00000+0  15215-3 0  9994
2 55800  87.9172 277.7381 0001688  95.6282 264.5044 13.20771783158989
ONEWEB-0564             
1 55801U 23029F   26152.30222058  .00000008  00000+0 -12271-4 0  9998
2 55801  87.9174 277.6212 0002278  94.4050 265.7343 13.20772814159050
ONEWEB-0638             
1 55802U 23029G   26151.87550775 -.00000235  00000+0 -66838-3 0  9990
2 55802  87.8941 293.0056 0002122  84.3014 275.8358 13.14501808157250
ONEWEB-0639             
1 55803U 23029H   26152.41365847  .00000079  00000+0  16472-3 0  9999
2 55803  87.9155 308.1195 0000802  86.6606 273.4618 13.19726757156828
ONEWEB-0640             
1 55804U 23029J   26152.34172728 -.00000159  00000+0 -46467-3 0  9994
2 55804  87.8940 292.9032 0001824  76.3540 283.7793 13.14502031157335
ONEWEB-0641             
1 55805U 23029K   26152.48472575  .00000006  00000+0 -17480-4 0  9997
2 55805  87.9161 308.0936 0001629  96.7668 263.3650 13.19727050156840
ONEWEB-0642             
1 55806U 23029L   26152.47999151  .00000059  00000+0  11486-3 0  9997
2 55806  87.9156 308.1076 0000989 104.6792 255.4450 13.19726308156830
ONEWEB-0643             
1 55807U 23029M   26152.38772642  .00000213  00000+0  53950-3 0  9996
2 55807  87.8941 292.8814 0001346 116.2289 243.8980 13.14502494157315
ONEWEB-0644             
1 55808U 23029N   26152.47523797  .00000977  00000+0  24069-2 0  9997
2 55808  87.9149 308.1107 0001631 101.5628 258.5688 13.19720794156838
ONEWEB-0645             
1 55809U 23029P   26152.42154130 -.00000026  00000+0 -98064-4 0  9999
2 55809  87.9153 308.1180 0001453  82.6041 277.5257 13.19727203156829
ONEWEB-0646             
1 55810U 23029Q   26152.43893137  .00000212  00000+0  49696-3 0  9990
2 55810  87.9155 308.1142 0001577 101.3974 258.7336 13.19727089156812
ONEWEB-0648             
1 55811U 23029R   26152.43211560 -.00000064  00000+0 -20587-3 0  9990
2 55811  87.8949 292.8443 0001011  80.2908 279.8336 13.14504409157326
ONEWEB-0649             
1 55812U 23029S   26152.46419442  .00000059  00000+0  11537-3 0  9990
2 55812  87.9155 308.1074 0001545  90.7830 269.3480 13.19726959156852
ONEWEB-0650             
1 55813U 23029T   26152.45946001  .00000047  00000+0  84069-4 0  9994
2 55813  87.9154 308.1108 0001342  98.5027 261.6257 13.19726653156824
ONEWEB-0652             
1 55814U 23029U   26152.33697216 -.00000207  00000+0 -59244-3 0  9999
2 55814  87.8946 292.8715 0001992  99.5523 260.5832 13.14503729157289
ONEWEB-0653             
1 55815U 23029V   26152.32111154  .00000047  00000+0  92450-4 0  9998
2 55815  87.8951 292.8719 0001898  96.3787 263.7559 13.14502297157316
ONEWEB-0654             
1 55816U 23029W   26152.31636166  .00000090  00000+0  20832-3 0  9995
2 55816  87.8950 292.8693 0002178  95.1404 264.9974 13.14503131157336
ONEWEB-0656             
1 55817U 23029X   26152.29549381  .00000101  00000+0  21740-3 0  9997
2 55817  87.9187 277.5970 0002348  98.5675 261.5725 13.20772076159055
ONEWEB-0657             
1 55818U 23029Y   26152.45472336  .00000099  00000+0  21494-3 0  9993
2 55818  87.9155 308.1105 0002279 111.4116 248.7260 13.19726961156834
ONEWEB-0658             
1 55819U 23029Z   26152.44998281 -.00000003  00000+0 -40302-4 0  9992
2 55819  87.9163 308.0854 0001385  99.5879 260.5410 13.19727115156845
ONEWEB-0660             
1 55820U 23029AA  26152.44639334  .00000241  00000+0  61604-3 0  9994
2 55820  87.8957 292.8348 0001658  88.9266 271.2054 13.14502669157338
ONEWEB-0661             
1 55821U 23029AB  26152.40516230 -.00000045  00000+0 -15675-3 0  9991
2 55821  87.8942 292.8909 0001795  88.1582 271.9753 13.14502115157318
ONEWEB-0662             
1 55822U 23029AC  26152.44004604  .00000057  00000+0  11818-3 0  9999
2 55822  87.8937 292.8902 0001657  89.5337 270.5983 13.14501938157363
ONEWEB-0663             
1 55823U 23029AD  26151.87583868 -.00000046  00000+0 -14591-3 0  9991
2 55823  87.9188 277.7527 0001503  93.8598 266.2707 13.20867673158999
ONEWEB-0664             
1 55824U 23029AE  26152.28200338  .00000022  00000+0  21996-4 0  9996
2 55824  87.9171 277.6540 0002081  86.3404 273.7967 13.20771086159041
ONEWEB-0665             
1 55825U 23029AF  26152.40199423 -.00000004  00000+0 -45784-4 0  9996
2 55825  87.8942 292.8724 0001605  93.1036 267.0277 13.14502496157338
ONEWEB-0666             
1 55826U 23029AG  26152.27527004  .00000033  00000+0  48153-4 0  9995
2 55826  87.9172 277.6453 0002368 115.5265 244.6114 13.20769409159053
ONEWEB-0667             
1 55827U 23029AH  26152.27023716  .00000041  00000+0  69191-4 0  9991
2 55827  87.9190 277.6021 0001841  95.1919 264.9425 13.20772184159042
ONEWEB-0669             
1 55828U 23029AJ  26151.88639472 -.00000020  00000+0 -80267-4 0  9996
2 55828  87.9181 277.6913 0002418  93.7037 266.4373 13.20770714158998
ONEWEB-0670             
1 55829U 23029AK  26152.45591132  .00000240  00000+0  61366-3 0  9991
2 55829  87.8940 292.8790 0001892  84.4548 275.6797 13.14502001157369
ONEWEB-0671             
1 55830U 23029AL  26152.44522866  .00000131  00000+0  29455-3 0  9992
2 55830  87.9155 308.1137 0001719  90.3035 269.8295 13.19728255156825
ONEWEB-0672             
1 55831U 23029AM  26151.88134047 -.00000080  00000+0 -22796-3 0  9996
2 55831  87.9182 277.6850 0002151 104.1967 255.9405 13.20771346158997
ONEWEB-0673             
1 55832U 23029AN  26151.96744379 -.00000062  00000+0 -18702-3 0  9993
2 55832  87.9163 308.1994 0001771  92.3000 267.8335 13.19725813156762
ONEWEB-0674             
1 55833U 23029AP  26152.34808110 -.00001281  00000+0 -34907-2 0  9999
2 55833  87.8934 292.8772 0002046  87.8236 272.3128 13.14508370157334
ONEWEB-0675             
1 55834U 23029AQ  26152.43734439  .00000145  00000+0  32963-3 0  9999
2 55834  87.9154 308.1162 0001902 106.2340 253.9003 13.19727621156845
ONEWEB-0720             
1 55835U 23029AR  26152.42944002  .00000047  00000+0  85930-4 0  9992
2 55835  87.9154 308.1181 0001527  95.1121 265.0186 13.19727576156769
ONEWEB-0537             
1 56046U 23043A   26152.69121676  .00000046  00000+0  87049-4 0  9998
2 56046  87.9104 231.8485 0002174 103.3951 256.7423 13.16594005156925
ONEWEB-0538             
1 56047U 23043B   26152.68488637  .00000048  00000+0  92280-4 0  9996
2 56047  87.9103 231.8523 0001912 107.6645 252.4695 13.16594231156930
ONEWEB-0546             
1 56048U 23043C   26152.67222293  .00000101  00000+0  23042-3 0  9999
2 56048  87.9106 231.8540 0002590 106.0034 254.1383 13.16594020156929
ONEWEB-0547             
1 56049U 23043D   26152.65465867  .00000004  00000+0 -22880-4 0  9997
2 56049  87.9259 247.0635 0001822 101.2615 258.8724 13.21824310156173
ONEWEB-0548             
1 56050U 23043E   26152.69676170  .00000042  00000+0  76551-4 0  9999
2 56050  87.9097 231.8470 0002216  89.5789 270.5596 13.16595253156927
ONEWEB-0549             
1 56051U 23043F   26152.64877560  .00000001  00000+0 -28451-4 0  9993
2 56051  87.9254 247.0720 0001794 109.6046 250.5282 13.21824483156173
ONEWEB-0550             
1 56052U 23043G   26151.72697279 -.00000002  00000+0 -37237-4 0  9993
2 56052  87.9255 247.2526 0002059  94.4316 265.7053 13.21824685156052
ONEWEB-0551             
1 56053U 23043H   26151.80290829 -.00000085  00000+0 -25872-3 0  9995
2 56053  87.8995 262.4909 0001655 107.4267 252.7044 13.15548451154240
ONEWEB-0552             
1 56054U 23043J   26152.63028218 -.00000058  00000+0 -17228-3 0  9995
2 56054  87.9255 247.0789 0001819  96.6226 263.5115 13.21826924156176
ONEWEB-0553             
1 56055U 23043K   26152.67854948  .00000115  00000+0  26755-3 0  9994
2 56055  87.9105 231.8537 0002418 101.4976 258.6426 13.16593600156936
ONEWEB-0554             
1 56056U 23043L   26152.66588902  .00000069  00000+0  14591-3 0  9991
2 56056  87.9105 231.8650 0002212  93.1566 266.9818 13.16593843156911
ONEWEB-0555             
1 56057U 23043M   26152.62788533  .00000151  00000+0  36137-3 0  9992
2 56057  87.9109 231.8602 0002645 105.3978 254.7445 13.16597480156918
ONEWEB-0557             
1 56058U 23043N   26152.64212981  .00000026  00000+0  34489-4 0  9994
2 56058  87.9105 231.8678 0003209  87.7731 272.3767 13.16592925156917
ONEWEB-0558             
1 56059U 23043P   26152.69924240 -.00000824  00000+0 -20261-2 0  9997
2 56059  87.9258 247.0606 0001642 105.5026 254.6289 13.21830626156193
ONEWEB-0559             
1 56060U 23043Q   26152.68746264  .00000052  00000+0  94106-4 0  9998
2 56060  87.9260 247.0565 0001779 101.6342 258.4991 13.21826479156206
ONEWEB-0566             
1 56061U 23043R   26152.68074746  .00000085  00000+0  17336-3 0  9993
2 56061  87.9262 247.0560 0001692 103.9932 256.1390 13.21825937156181
ONEWEB-0568             
1 56062U 23043S   26152.65955210  .00000130  00000+0  30696-3 0  9990
2 56062  87.9102 231.8546 0002331 101.5991 258.5402 13.16593461156931
ONEWEB-0574             
1 56063U 23043T   26152.67401046  .00000129  00000+0  28172-3 0  9990
2 56063  87.9267 247.0592 0002172  95.5565 264.5817 13.21826572156223
ONEWEB-0575             
1 56064U 23043U   26152.65321899  .00000055  00000+0  11071-3 0  9994
2 56064  87.9103 231.8521 0002456  94.6423 265.4988 13.16593191156922
ONEWEB-0576             
1 56065U 23043V   26152.63421091 -.00000057  00000+0 -18157-3 0  9994
2 56065  87.9105 231.8625 0002237  95.8383 264.3003 13.16592750156910
ONEWEB-0577             
1 56066U 23043W   26152.64054661 -.00000051  00000+0 -16741-3 0  9992
2 56066  87.9107 231.8594 0002650  86.3996 273.7438 13.16592587156949
ONEWEB-0578             
1 56067U 23043X   26152.66056746  .00000011  00000+0 -54057-5 0  9990
2 56067  87.9260 247.0609 0002313 103.3967 256.7425 13.21825357156183
ONEWEB-0579             
1 56068U 23043Y   26152.65215653 -.00000056  00000+0 -16692-3 0  9995
2 56068  87.9264 247.0586 0001755  95.4840 264.6494 13.21825020156194
ONEWEB-0581             
1 56069U 23043Z   26152.64687986 -.00000008  00000+0 -55183-4 0  9993
2 56069  87.9106 231.8691 0002413  88.0945 272.0462 13.16595367156914
ONEWEB-0609             
1 56070U 23043AA  26152.66568555  .00000132  00000+0  31688-3 0  9996
2 56070  87.8995 262.3045 0001918 102.7287 257.4058 13.15548158154398
ONEWEB-0613             
1 56071U 23043AB  26152.66330785  .00000294  00000+0  74770-3 0  9997
2 56071  87.8994 262.3167 0001676 101.1635 258.9684 13.15550931154397
ONEWEB-0630             
1 56072U 23043AC  26151.82191903  .00000063  00000+0  13459-3 0  9993
2 56072  87.8999 262.4555 0001672  99.1499 260.9821 13.15549920154274
ONEWEB-0632             
1 56073U 23043AD  26151.74111476  .00000032  00000+0  49817-4 0  9996
2 56073  87.8995 262.4901 0002005  95.5393 264.5966 13.15547479154266
ONEWEB-0633             
1 56074U 23043AE  26151.81081859 -.00000068  00000+0 -21554-3 0  9994
2 56074  87.9005 262.4499 0001530 105.8862 254.2437 13.15549869154253
ONEWEB-0634             
1 56075U 23043AF  26152.25291534 -.00000086  00000+0 -26270-3 0  9997
2 56075  87.8997 262.4039 0002102 108.8291 251.3067 13.15547576154304
ONEWEB-0635             
1 56076U 23043AG  26152.24816537 -.00000062  00000+0 -19928-3 0  9999
2 56076  87.9007 262.3658 0002071  92.9710 267.1658 13.15549750154338
ONEWEB-0636             
1 56077U 23043AH  26152.69659141 -.00000012  00000+0 -66903-4 0  9996
2 56077  87.9000 262.2841 0002049  94.3838 265.7526 13.15547962154372
ONEWEB-0637             
1 56078U 23043AJ  26152.69025380  .00000074  00000+0  16170-3 0  9995
2 56078  87.8999 262.3023 0002253 101.8625 258.2758 13.15547799154391
ONEWEB-0647             
1 56079U 23043AK  26152.68550206 -.00000056  00000+0 -18266-3 0  9995
2 56079  87.8998 262.3154 0001824  94.3159 265.8179 13.15547177154387
ONEWEB-0651             
1 56080U 23043AL  26152.90891723  .00000231  00000+0  57862-3 0  9992
2 56080  87.8996 262.2649 0002151  97.7131 262.4243 13.15548152155612
ONEWEB-0718             
1 56081U 23043AM  26152.67598551  .00000236  00000+0  59191-3 0  9992
2 56081  87.8999 262.2921 0002046 114.4850 245.6494 13.15550484154393
ONEWEB-0561             
1 56710U 23068A   26152.28873423  .00000088  00000+0  18462-3 0  9990
2 56710  87.9183 277.6122 0001955  87.5353 272.6004 13.20770402147408
ONEWEB-0668             
1 56711U 23068B   26152.69754503  .00000028  00000+0  39241-4 0  9996
2 56711  87.9114 231.8463 0002441 107.3986 252.7412 13.16593565149746
ONEWEB-0676             
1 56712U 23068C   26152.62945998  .00000157  00000+0  37631-3 0  9993
2 56712  87.9106 231.8667 0002260  92.5253 267.6137 13.16596874149650
ONEWEB-0677             
1 56713U 23068D   26152.42846098  .00000007  00000+0 -14339-4 0  9999
2 56713  87.9181 277.5756 0002354  99.4142 260.7257 13.20772385147728
ONEWEB-0678             
1 56714U 23068E   26152.26400361 -.00000086  00000+0 -26373-3 0  9999
2 56714  87.9007 262.3645 0001694  94.3504 265.7820 13.15547099147195
ONEWEB-0679             
1 56715U 23068F   26152.66429840  .00000079  00000+0  17382-3 0  9997
2 56715  87.9110 231.8515 0002633 100.6892 259.4536 13.16593261149686
ONEWEB-0680             
1 56716U 23068G   26152.65383408  .00000012  00000+0 -17961-5 0  9999
2 56716  87.9266 247.0601 0002499 107.2320 252.9088 13.21826987149043
ONEWEB-0681             
1 56717U 23068H   26152.25600022  .00000077  00000+0  15430-3 0  9997
2 56717  87.9263 247.1409 0002594  78.7550 281.3876 13.21826264148982
ONEWEB-0682             
1 56718U 23068J   26152.66806984  .00000078  00000+0  17221-3 0  9999
2 56718  87.9003 262.2848 0002380 107.6381 252.5010 13.15547441147414
ONEWEB-0683             
1 56719U 23068K   26152.69183973  .00000007  00000+0 -16228-4 0  9999
2 56719  87.9009 262.2792 0002057 106.2525 253.8832 13.15547540147387
ONEWEB-0684             
1 56720U 23068L   26152.69975096 -.00000055  00000+0 -17978-3 0  9992
2 56720  87.9006 262.2679 0000629 116.3250 243.7945 13.15547210147219
ONEWEB-0686             
1 56721U 23068M   26152.70071785 -.00000048  00000+0 -15902-3 0  9994
2 56721  87.9099 231.8691 0001995 109.5077 250.6270 13.16593879149679
ONEWEB-0694             
1 56722U 23068N   26152.63105373 -.00000114  00000+0 -33130-3 0  9995
2 56722  87.9116 231.8441 0002406 105.3053 254.8345 13.16593275149724
ONEWEB-0696             
1 56723U 23068P   26152.27670038  .00000046  00000+0  87708-4 0  9994
2 56723  87.8996 262.3919 0001529  94.2789 265.8516 13.15549548147279
ONEWEB-0703             
1 56724U 23068Q   26152.66648114  .00000129  00000+0  30732-3 0  9994
2 56724  87.8996 262.2955 0001598  73.6309 286.4997 13.15547454147214
ONEWEB-0721             
1 56725U 23068R   26152.55409968  .00000084  00000+0  16732-3 0  9999
2 56725  86.6763  90.5050 0001967  79.4669 280.6686 13.22468298155873
ONEWEB-0015             
1 61594U 24188A   26152.66861805 -.00000508  00000+0 -14699-2 0  9999
2 61594  87.8898  24.1814 0002357  80.5883 279.5511 13.11416640 82427
ONEWEB-0687             
1 61595U 24188B   26152.66386393  .00000071  00000+0  14899-3 0  9990
2 61595  87.9138   8.9651 0002256  93.0260 267.1130 13.17650916 83851
ONEWEB-0688             
1 61596U 24188C   26152.61660805 -.00000180  00000+0 -49658-3 0  9993
2 61596  87.9139   8.9742 0003031  79.4558 280.6915 13.17648963 83843
ONEWEB-0689             
1 61597U 24188D   26152.70254445  .00000540  00000+0  14885-2 0  9994
2 61597  87.8917  24.1311 0001884  93.7529 266.3815 13.11417727 82429
ONEWEB-0690             
1 61598U 24188E   26152.63642360  .00000544  00000+0  14981-2 0  9995
2 61598  87.8910  24.1566 0001638  63.7786 296.3511 13.11416996 82595
ONEWEB-0691             
1 61599U 24188F   26152.63133533  .00000572  00000+0  15786-2 0  9998
2 61599  87.8920  24.0646 0002202  83.9192 276.2187 13.11416236 82445
ONEWEB-0692             
1 61600U 24188G   26152.65167027 -.00000006  00000+0 -51509-4 0  9997
2 61600  87.8897  24.1767 0001314 110.2887 249.8382 13.11415322 82431
ONEWEB-0693             
1 61601U 24188H   26152.62842242  .00000023  00000+0  27172-4 0  9990
2 61601  87.9132   8.9926 0001858  60.4395 299.6921 13.17651197 83830
ONEWEB-0695             
1 61602U 24188J   26152.62793689  .00000601  00000+0  16607-2 0  9992
2 61602  87.8903  24.1729 0001689 102.8156 257.3161 13.11416799 82427
ONEWEB-0697             
1 61603U 24188K   26152.66014383 -.00000340  00000+0 -99575-3 0  9992
2 61603  87.8899  24.1569 0001217 104.4726 255.6537 13.11415649 82412
ONEWEB-0698             
1 61604U 24188L   26152.63810994  .00000501  00000+0  13780-2 0  9992
2 61604  87.8900  24.1762 0000724  56.1061 304.0136 13.11416205 82433
ONEWEB-0699             
1 61605U 24188M   26152.63856816 -.00000617  00000+0 -18029-2 0  9997
2 61605  87.8842  39.3619 0001250  92.5447 267.5823 13.10373838 81275
ONEWEB-0700             
1 61606U 24188N   26152.64022845 -.00000664  00000+0 -19384-2 0  9993
2 61606  87.8868  39.2682 0001490 102.4630 257.6664 13.10374441 81267
ONEWEB-0701             
1 61607U 24188P   26152.65684131  .00000184  00000+0  49027-3 0  9990
2 61607  87.8854  39.3574 0001078  96.4945 263.6305 13.10377342 81270
ONEWEB-0702             
1 61608U 24188Q   26152.68389178 -.00000226  00000+0 -67455-3 0  9991
2 61608  87.8922  24.0696 0001298 117.3028 242.8233 13.11418966 82451
ONEWEB-0704             
1 61609U 24188R   26152.64521592 -.00000380  00000+0 -11258-2 0  9996
2 61609  87.8870  39.3460 0001488 115.9432 244.1848 13.10377382 81255
ONEWEB-0705             
1 61610U 24188S   26152.65018759 -.00000423  00000+0 -12489-2 0  9990
2 61610  87.8859  39.3527 0002318 107.8649 252.2731 13.10375652 73420
ONEWEB-0706             
1 61611U 24188T   26152.71160617 -.00000572  00000+0 -16745-2 0  9993
2 61611  87.8846  39.3463 0001681 102.0348 258.0968 13.10372375 81357
ONEWEB-0707             
1 61612U 24188U   26152.64188873 -.00000671  00000+0 -19581-2 0  9991
2 61612  87.8856  39.3538 0001593  99.2827 260.8481 13.10374889 81288
ONEWEB-0708             
1 61613U 24188V   26152.66016589  .00000351  00000+0  96931-3 0  9996
2 61613  87.8848  39.3694 0002273  90.0925 270.0462 13.10377701 81263
