ONEWEB-0012             
1 44057U 19010A   26250.86186454  .00000034  00000+0  56007-4 0  9996
2 44057  87.9121 212.3637 0002405  91.7956 268.3451 13.16593189362446
ONEWEB-0010             
1 44058U 19010B   26250.35521384  .00000061  00000+0  12631-3 0  9990
2 44058  87.9132 212.4634 0002051  71.7868 288.3487 13.16593354362427
ONEWEB-0008             
1 44059U 19010C   26250.30455634 -.00000114  00000+0 -33264-3 0  9996
2 44059  87.9133 212.4680 0001820  91.1946 268.9394 13.16593928362536
ONEWEB-0007             
1 44060U 19010D   26250.93729338 -.00000083  00000+0 -25361-3 0  9996
2 44060  87.8967 242.7188 0002272  84.1106 276.0283 13.15547554362252
ONEWEB-0006             
1 44061U 19010E   26250.94125400 -.00000052  00000+0 -17334-3 0  9995
2 44061  87.8974 242.6912 0001871  83.8143 276.3201 13.15549796362305
ONEWEB-0011             
1 44062U 19010F   26250.52928388  .00000058  00000+0  11868-3 0  9996
2 44062  87.8976 242.7844 0001816  83.5097 276.6240 13.15549511362241
ONEWEB-0013             
1 45131U 20008A   26250.69361904  .00000495  00000+0  13999-2 0  9997
2 45131  87.8542  36.1650 0002506 112.0981 248.0412 13.09465262316869
ONEWEB-0017             
1 45132U 20008B   26250.77127271 -.00000634  00000+0 -18527-2 0  9993
2 45132  87.8887  19.8212 0001598  96.2329 263.8980 13.10371627318762
ONEWEB-0020             
1 45133U 20008C   26250.81711200  .00000650  00000+0  18269-2 0  9999
2 45133  87.8889  19.8137 0001729  99.7719 260.3603 13.10370839319161
ONEWEB-0021             
1 45134U 20008D   26250.29787183 -.00000151  00000+0 -46817-3 0  9994
2 45134  87.8875  19.9271 0001818  97.3198 262.8136 13.10370099319404
ONEWEB-0023             
1 45136U 20008F   26250.76704207 -.00000501  00000+0 -14727-2 0  9997
2 45136  87.8890  19.8214 0001677 105.4569 254.6744 13.10371958318896
ONEWEB-0024             
1 45137U 20008G   26250.81556342  .00000686  00000+0  19301-2 0  9994
2 45137  87.8896  19.8092 0001772  96.7127 263.4202 13.10371978319064
ONEWEB-0025             
1 45138U 20008H   26250.81527792  .00001471  00000+0  41770-2 0  9990
2 45138  87.8895  19.7984 0001550 107.2165 252.9132 13.10368203319395
ONEWEB-0026             
1 45139U 20008J   26250.78810407  .00000102  00000+0  25327-3 0  9996
2 45139  87.8956   4.6409 0001722  95.4837 264.6487 13.11414021321931
ONEWEB-0028             
1 45140U 20008K   26250.76239580  .00000382  00000+0  10430-2 0  9991
2 45140  87.8956   4.6499 0002235 109.2866 250.8504 13.11417115319445
ONEWEB-0032             
1 45141U 20008L   26250.77310660 -.00000610  00000+0 -17830-2 0  9999
2 45141  87.8888  19.8233 0002022 111.3483 248.7860 13.10373542319116
ONEWEB-0033             
1 45142U 20008M   26250.74753732  .00000363  00000+0  10039-2 0  9995
2 45142  87.8880  19.8314 0001571  82.3276 277.8030 13.10369439319026
ONEWEB-0035             
1 45143U 20008N   26250.76802394 -.00000601  00000+0 -17585-2 0  9997
2 45143  87.8883  19.8221 0001736  96.7857 263.3468 13.10372111318759
ONEWEB-0036             
1 45144U 20008P   26250.74570190  .00000417  00000+0  11570-2 0  9993
2 45144  87.8901  19.8526 0001806 105.3278 254.8049 13.10370378319171
ONEWEB-0038             
1 45145U 20008Q   26250.79827933 -.00000339  00000+0 -99264-3 0  9991
2 45145  87.8969   4.6586 0003203  78.8844 281.2644 13.11415044321157
ONEWEB-0039             
1 45146U 20008R   26250.75093270  .00000236  00000+0  64036-3 0  9990
2 45146  87.8886  19.8249 0002182 106.7689 253.3678 13.10370195318972
ONEWEB-0040             
1 45147U 20008S   26250.74414454  .00000531  00000+0  14861-2 0  9999
2 45147  87.8879  19.8334 0001649 107.5924 252.5384 13.10371727318672
ONEWEB-0043             
1 45149U 20008U   26250.59326824  .00000379  00000+0  10488-2 0  9998
2 45149  87.8893  19.8578 0002187 109.1609 250.9755 13.10371106318974
ONEWEB-0044             
1 45150U 20008V   26250.77467271 -.00000590  00000+0 -17254-2 0  9997
2 45150  87.8882  19.8230 0001746 103.1034 257.0288 13.10372648319292
ONEWEB-0045             
1 45151U 20008W   26250.79305522 -.00000147  00000+0 -44929-3 0  9998
2 45151  87.8964   4.6367 0001938 101.2678 258.8667 13.11414378321238
ONEWEB-0047             
1 45152U 20008X   26250.76774028 -.00000549  00000+0 -16098-2 0  9998
2 45152  87.8893  19.8255 0001766  91.6854 268.4476 13.10371946319011
ONEWEB-0048             
1 45153U 20008Y   26250.76279220 -.00000369  00000+0 -10946-2 0  9999
2 45153  87.8878  19.8393 0001866  97.7030 262.4310 13.10369620318625
ONEWEB-0049             
1 45154U 20008Z   26250.76604523 -.00000485  00000+0 -14266-2 0  9996
2 45154  87.8883  19.8283 0001599 112.3092 247.8205 13.10371320318849
ONEWEB-0051             
1 45155U 20008AA  26250.79136647 -.00000044  00000+0 -16103-3 0  9991
2 45155  87.8958   4.6412 0001765  99.1623 260.9705 13.11414920321914
ONEWEB-0052             
1 45156U 20008AB  26250.32855385 -.00000183  00000+0 -56001-3 0  9993
2 45156  87.8895  19.9064 0001697 110.6314 249.4996 13.10377545318692
ONEWEB-0053             
1 45157U 20008AC  26250.81880662  .00000592  00000+0  16607-2 0  9993
2 45157  87.8877  19.8248 0002028 112.5116 247.6226 13.10371082318737
ONEWEB-0054             
1 45158U 20008AD  26250.77807591 -.00000618  00000+0 -18059-2 0  9993
2 45158  87.8884  19.8220 0001638  99.8215 260.3097 13.10373030318844
ONEWEB-0056             
1 45159U 20008AE  26250.74909204  .00000375  00000+0  10373-2 0  9994
2 45159  87.8895  19.8231 0001479 100.2274 259.9020 13.10370589318996
ONEWEB-0057             
1 45160U 20008AF  26250.76633228 -.00000465  00000+0 -13678-2 0  9991
2 45160  87.8890  19.8293 0001937 115.3366 244.7963 13.10370984319166
ONEWEB-0058             
1 45161U 20008AG  26250.82912692  .00000150  00000+0  39341-3 0  9999
2 45161  87.8877  19.8163 0001782  89.6974 270.4357 13.10369253319243
ONEWEB-0059             
1 45162U 20008AH  26250.74937434  .00000272  00000+0  74290-3 0  9999
2 45162  87.8883  19.8340 0001999 108.9550 251.1794 13.10371428319139
ONEWEB-0062             
1 45163U 20008AJ  26250.77282649 -.00000596  00000+0 -17443-2 0  9991
2 45163  87.8892  19.8225 0001669  87.8296 272.3022 13.10371897319003
ONEWEB-0065             
1 45164U 20008AK  26250.65407546  .00000651  00000+0  18292-2 0  9997
2 45164  87.8892  19.8532 0001660 108.4150 251.7158 13.10374930318680
ONEWEB-0066             
1 45424U 20020A   26250.77610663  .00000463  00000+0  12695-2 0  9991
2 45424  87.8954   4.6446 0001929  98.1455 261.9892 13.11415389313504
ONEWEB-0067             
1 45425U 20020B   26250.81340912 -.00000491  00000+0 -14223-2 0  9996
2 45425  87.8976   4.5770 0001811 105.4145 254.7184 13.11427775313568
ONEWEB-0080             
1 45426U 20020C   26250.81351535 -.00000539  00000+0 -15578-2 0  9997
2 45426  87.8947   4.6433 0000790 128.9813 231.1386 13.11416758313530
ONEWEB-0090             
1 45427U 20020D   26250.76608313  .00000590  00000+0  16278-2 0  9994
2 45427  87.8967   4.6564 0001777  98.1275 262.0055 13.11417558313494
ONEWEB-0061             
1 45428U 20020E   26250.79799888 -.00000378  00000+0 -11026-2 0  9998
2 45428  87.8960   4.6325 0001786  98.5657 261.5674 13.11414677313457
ONEWEB-0081             
1 45429U 20020F   26250.77949258  .00000389  00000+0  10605-2 0  9997
2 45429  87.8962   4.6443 0001906 106.3889 253.7448 13.11414424313564
ONEWEB-0069             
1 45430U 20020G   26250.78133575  .00000214  00000+0  56943-3 0  9990
2 45430  87.8962   4.6485 0002006 101.1482 258.9872 13.11415339313492
ONEWEB-0031             
1 45431U 20020H   26250.81679475 -.00000375  00000+0 -10939-2 0  9993
2 45431  87.8957   4.6390 0001729  94.5458 265.5868 13.11418764313484
ONEWEB-0027             
1 45432U 20020J   26250.80361331 -.00000314  00000+0 -84291-3 0  9998
2 45432  87.9205 349.4565 0001471  96.5660 263.5639 13.17648931317235
ONEWEB-0064             
1 45433U 20020K   26250.81509266 -.00000453  00000+0 -13137-2 0  9995
2 45433  87.8960   4.6359 0001646  96.7628 263.3687 13.11417495313515
ONEWEB-0018             
1 45434U 20020L   26250.77089741  .00000412  00000+0  11259-2 0  9998
2 45434  87.8961   4.6442 0002207  96.0711 264.0668 13.11418006313459
ONEWEB-0083             
1 45435U 20020M   26250.76098714  .00000269  00000+0  72320-3 0  9995
2 45435  87.8970   4.6441 0001807  96.8084 263.3250 13.11417889313496
ONEWEB-0095             
1 45436U 20020N   26250.75250739  .00000053  00000+0  11247-3 0  9994
2 45436  87.8956   4.6504 0001233 117.1361 242.9893 13.11419398313492
ONEWEB-0092             
1 45437U 20020P   26250.78301600  .00000263  00000+0  70588-3 0  9998
2 45437  87.8964   4.6388 0001969  96.3717 263.7635 13.11414487313614
ONEWEB-0085             
1 45438U 20020Q   26250.76069974  .00000235  00000+0  62766-3 0  9990
2 45438  87.8962   4.6461 0001822  98.8651 261.2683 13.11417432313492
ONEWEB-0096             
1 45439U 20020R   26250.76267938  .00000314  00000+0  85010-3 0  9996
2 45439  87.8965   4.6451 0001676 101.3416 258.7901 13.11417393313480
ONEWEB-0037             
1 45440U 20020S   26250.33005465 -.00000061  00000+0 -20849-3 0  9996
2 45440  87.8972   4.7081 0001632 102.6309 257.5001 13.11414954313463
ONEWEB-0042             
1 45441U 20020T   26250.75223915  .00000072  00000+0  16648-3 0  9997
2 45441  87.8963   4.6434 0001875 103.5015 256.6322 13.11418703313482
ONEWEB-0098             
1 45442U 20020U   26250.74812631 -.00000126  00000+0 -39150-3 0  9991
2 45442  87.8964   4.6526 0001763  97.4910 262.6418 13.11419778313461
ONEWEB-0055             
1 45443U 20020V   26250.80308960 -.00000525  00000+0 -15184-2 0  9997
2 45443  87.8965   4.6425 0001746 102.2161 257.9162 13.11415121313444
ONEWEB-0093             
1 45444U 20020W   26250.79630512 -.00000231  00000+0 -68725-3 0  9991
2 45444  87.8959   4.6459 0002346 114.3726 245.7648 13.11414919313508
ONEWEB-0029             
1 45445U 20020X   26250.81014811 -.00000542  00000+0 -15649-2 0  9994
2 45445  87.8958   4.6367 0002027 101.0601 259.0755 13.11416113313489
ONEWEB-0068             
1 45446U 20020Y   26250.32496901  .00000153  00000+0  39489-3 0  9990
2 45446  87.8966   4.7339 0001993 100.9464 259.1889 13.11414858313365
ONEWEB-0046             
1 45447U 20020Z   26250.77441296  .00000490  00000+0  13465-2 0  9996
2 45447  87.8955   4.6453 0001870 105.6371 254.4964 13.11415051313439
ONEWEB-0063             
1 45448U 20020AA  26250.80336151 -.00000449  00000+0 -13017-2 0  9993
2 45448  87.8962   4.6456 0001640 109.4300 250.7006 13.11416222313527
ONEWEB-0019             
1 45449U 20020AB  26250.61320378  .00000294  00000+0  79386-3 0  9995
2 45449  87.8987   4.6660 0002001  98.2492 261.8863 13.11415549313346
ONEWEB-0094             
1 45450U 20020AC  26250.74554738  .00000042  00000+0  75693-4 0  9999
2 45450  87.9213 349.4572 0002046  96.9210 263.2155 13.17649852317183
ONEWEB-0087             
1 45451U 20020AD  26250.81326900 -.00000497  00000+0 -14377-2 0  9992
2 45451  87.8962   4.6229 0002086 102.0006 258.1356 13.11417468313417
ONEWEB-0082             
1 45452U 20020AE  26250.80986657 -.00000574  00000+0 -16558-2 0  9992
2 45452  87.8962   4.6352 0002220 108.8637 251.2732 13.11416712313502
ONEWEB-0050             
1 45453U 20020AF  26250.38546214  .00001201  00000+0  12059-3 0  9996
2 45453  88.9317 222.0427 0005684  58.8309 301.3477 14.90596145352621
ONEWEB-0034             
1 45454U 20020AG  26250.77116276  .00000439  00000+0  12020-2 0  9990
2 45454  87.8966   4.6514 0001791 102.3425 257.7904 13.11416273313418
ONEWEB-0060             
1 45455U 20020AH  26250.80237554 -.00000476  00000+0 -13788-2 0  9993
2 45455  87.8962   4.6376 0002777  96.1563 263.9882 13.11416016313373
ONEWEB-0086             
1 45456U 20020AJ  26250.78106061  .00000296  00000+0  79867-3 0  9998
2 45456  87.8965   4.6434 0002295  83.5195 276.6195 13.11414733313437
ONEWEB-0088             
1 45457U 20020AK  26250.75915410  .00000314  00000+0  85140-3 0  9994
2 45457  87.8975   4.6259 0001842 113.0846 247.0476 13.11418332313368
ONEWEB-0102             
1 47258U 20100A   26250.92753331  .00000347  00000+0  92911-3 0  9995
2 47258  87.8991 334.2439 0001945  94.3928 265.7423 13.12440907275589
ONEWEB-0109             
1 47259U 20100B   26250.93599787 -.00000023  00000+0 -99382-4 0  9993
2 47259  87.9001 334.2331 0001759  97.3594 262.7735 13.12442623275411
ONEWEB-0110             
1 47260U 20100C   26250.73439545 -.00000319  00000+0 -92257-3 0  9999
2 47260  87.8997 334.2573 0002069  93.9974 266.1391 13.12443457275550
ONEWEB-0111             
1 47261U 20100D   26250.76490019  .00000336  00000+0  89747-3 0  9993
2 47261  87.8996 334.2698 0002002  99.8248 260.3107 13.12442163275390
ONEWEB-0114             
1 47262U 20100E   26250.79536180 -.00000382  00000+0 -10979-2 0  9990
2 47262  87.8998 334.2631 0001615  93.6606 266.4707 13.12440983275356
ONEWEB-0117             
1 47263U 20100F   26250.78692137 -.00000250  00000+0 -73060-3 0  9990
2 47263  87.9000 334.2526 0001921  99.9319 260.2027 13.12441309275366
ONEWEB-0118             
1 47264U 20100G   26250.66831730 -.00000115  00000+0 -35602-3 0  9992
2 47264  87.8996 334.2790 0001678 108.3062 251.8249 13.12443159275549
ONEWEB-0119             
1 47265U 20100H   26250.92245668  .00000380  00000+0  10213-2 0  9993
2 47265  87.8988 334.2379 0001874  99.5785 260.5555 13.12441643275559
ONEWEB-0120             
1 47266U 20100J   26250.79382501 -.00000355  00000+0 -10221-2 0  9990
2 47266  87.8987 334.2657 0001680  95.4639 264.6681 13.12441909275567
ONEWEB-0121             
1 47267U 20100K   26250.78183374 -.00000004  00000+0 -46692-4 0  9991
2 47267  87.9000 334.2615 0002200 101.9392 258.1983 13.12441128275473
ONEWEB-0122             
1 47268U 20100L   26250.77589772 -.00000905  00000+0 -25522-2 0  9990
2 47268  87.8994 334.2681 0001622  97.6841 262.4472 13.12445859275381
ONEWEB-0123             
1 47269U 20100M   26250.77166897  .00000294  00000+0  78319-3 0  9992
2 47269  87.8990 334.2669 0001828 103.0375 257.0958 13.12441486275523
ONEWEB-0124             
1 47270U 20100N   26250.76150571  .00000482  00000+0  13056-2 0  9990
2 47270  87.8988 334.2708 0002132  95.6558 264.4813 13.12442340275403
ONEWEB-0125             
1 47271U 20100P   26250.73948148 -.00000123  00000+0 -37649-3 0  9992
2 47271  87.8997 334.2683 0002007 108.3813 251.7534 13.12443770275466
ONEWEB-0126             
1 47272U 20100Q   26250.75994803  .00000409  00000+0  11027-2 0  9990
2 47272  87.8991 334.2743 0001790  98.3608 261.7724 13.12441902275531
ONEWEB-0127             
1 47273U 20100R   26250.72592662 -.00000448  00000+0 -12810-2 0  9991
2 47273  87.8984 334.2760 0001776  97.2623 262.8708 13.12442675275556
ONEWEB-0128             
1 47274U 20100S   26250.74795809  .00000181  00000+0  46768-3 0  9994
2 47274  87.8986 334.2852 0002120  94.1463 265.9908 13.12444383275579
ONEWEB-0129             
1 47275U 20100T   26250.72761267 -.00000403  00000+0 -11550-2 0  9993
2 47275  87.8998 334.2716 0000966  74.7864 285.3371 13.12442541275504
ONEWEB-0130             
1 47276U 20100U   26250.75472176  .00000337  00000+0  90217-3 0  9997
2 47276  87.8998 334.2624 0001843  99.4476 260.6861 13.12443041275473
ONEWEB-0131             
1 47277U 20100V   26250.75133798  .00000267  00000+0  70784-3 0  9991
2 47277  87.8986 334.2722 0001993  96.6356 263.5000 13.12442709275514
ONEWEB-0132             
1 47278U 20100W   26250.93262990  .00000074  00000+0  17038-3 0  9998
2 47278  87.8990 334.2406 0001967 100.2834 259.8517 13.12444483275436
ONEWEB-0133             
1 47279U 20100X   26250.72070676 -.00000408  00000+0 -11691-2 0  9995
2 47279  87.9000 334.2678 0001988  96.9370 263.1985 13.12442128275565
ONEWEB-0134             
1 47280U 20100Y   26250.76659422  .00000408  00000+0  10995-2 0  9997
2 47280  87.9004 334.2558 0001889  91.9189 268.2156 13.12441904275546
ONEWEB-0135             
1 47281U 20100Z   26250.73778180 -.00000288  00000+0 -83462-3 0  9996
2 47281  87.8996 334.2730 0001944  92.8647 267.2704 13.12443025275565
ONEWEB-0136             
1 47282U 20100AA  26250.75642765  .00000378  00000+0  10148-2 0  9996
2 47282  87.8996 334.2581 0001833  90.8162 269.3177 13.12442417275490
ONEWEB-0137             
1 47283U 20100AB  26250.79029767 -.00000416  00000+0 -11911-2 0  9996
2 47283  87.9005 334.2651 0001928 103.5095 256.6248 13.12441366275404
ONEWEB-0138             
1 47284U 20100AC  26250.76828430  .00000393  00000+0  10563-2 0  9992
2 47284  87.8992 334.2717 0001795  93.3970 266.7364 13.12442019275487
ONEWEB-0139             
1 47285U 20100AD  26250.73284260 -.00000407  00000+0 -11662-2 0  9996
2 47285  87.8998 334.2646 0001843  98.7597 261.3741 13.12443399275553
ONEWEB-0140             
1 47286U 20100AE  26250.76320433  .00000399  00000+0  10734-2 0  9990
2 47286  87.8998 334.2513 0002061  97.8025 262.3338 13.12442518275528
ONEWEB-0141             
1 47287U 20100AF  26250.73255903 -.00000456  00000+0 -13026-2 0  9990
2 47287  87.8998 334.2614 0001756 108.2489 251.8831 13.12443214275505
ONEWEB-0142             
1 47288U 20100AG  26250.79721194 -.00000423  00000+0 -12125-2 0  9990
2 47288  87.8994 334.2652 0001452 102.4801 257.6490 13.12441594275505
ONEWEB-0143             
1 47289U 20100AH  26250.73101788 -.00000296  00000+0 -85689-3 0  9990
2 47289  87.8992 334.2776 0001775 102.2549 257.8778 13.12443955275476
ONEWEB-0144             
1 47290U 20100AJ  26250.70220869  .00000128  00000+0  32094-3 0  9995
2 47290  87.9001 334.2649 0001579  91.0856 269.0453 13.12441311275397
ONEWEB-0145             
1 47291U 20100AK  26250.74963649  .00000154  00000+0  39365-3 0  9997
2 47291  87.8988 334.2742 0001722  97.8736 262.2589 13.12447885275595
ONEWEB-0146             
1 47292U 20100AL  26250.74626134 -.00000009  00000+0 -60283-4 0  9998
2 47292  87.8996 334.2726 0002246 100.7341 259.4041 13.12443098275509
ONEWEB-0147             
1 47293U 20100AM  26250.94108598 -.00000252  00000+0 -73627-3 0  9995
2 47293  87.9001 334.2169 0001964  95.2807 264.8545 13.12441325275421
ONEWEB-0115             
1 48042U 21025A   26250.90457392  .00000238  00000+0  61570-3 0  9996
2 48042  87.8934 303.7697 0002029  96.1988 263.9373 13.13468840264450
ONEWEB-0152             
1 48043U 21025B   26250.68958713  .00000235  00000+0  60868-3 0  9991
2 48043  87.8944 303.8139 0002014  98.6839 261.4519 13.13468267264380
ONEWEB-0153             
1 48044U 21025C   26250.59141390 -.00000485  00000+0 -13642-2 0  9993
2 48044  87.8931 303.8328 0002161  86.9217 273.2159 13.13473395264367
ONEWEB-0154             
1 48045U 21025D   26250.66420676  .00000197  00000+0  50384-3 0  9992
2 48045  87.8937 303.8190 0001915  96.8527 263.2820 13.13470841264335
ONEWEB-0116             
1 48046U 21025E   26250.85549012 -.00000138  00000+0 -41361-3 0  9992
2 48046  87.8945 303.7780 0002117  96.4123 263.7247 13.13469093264506
ONEWEB-0150             
1 48047U 21025F   26250.60327176  .00000423  00000+0  11222-2 0  9998
2 48047  87.8947 303.8265 0001874 101.9948 258.1391 13.13469089264361
ONEWEB-0107             
1 48048U 21025G   26250.68114358  .00000293  00000+0  76656-3 0  9991
2 48048  87.8944 303.8063 0001770  96.7315 263.4015 13.13470125264353
ONEWEB-0101             
1 48049U 21025H   26250.87242702 -.00000358  00000+0 -10160-2 0  9999
2 48049  87.8934 303.7756 0001882  92.0011 268.1334 13.13469302264358
ONEWEB-0113             
1 48050U 21025J   26250.87026909 -.00000252  00000+0 -72152-3 0  9993
2 48050  87.8934 303.6771 0001894 102.0172 258.1170 13.13891336264464
ONEWEB-0112             
1 48051U 21025K   26250.83856588  .00000261  00000+0  67970-3 0  9994
2 48051  87.8944 303.7736 0001816  89.2379 270.8958 13.13468844264444
ONEWEB-0156             
1 48052U 21025L   26250.84701729  .00000110  00000+0  26627-3 0  9999
2 48052  87.8941 303.7816 0001806 101.3063 258.8269 13.13468118264429
ONEWEB-0161             
1 48053U 21025M   26250.66928483  .00001822  00000+0  49535-2 0  9991
2 48053  87.8938 303.8175 0001679  99.9450 260.1869 13.13460311264334
ONEWEB-0158             
1 48054U 21025N   26250.70483826 -.00000161  00000+0 -47589-3 0  9999
2 48054  87.8944 303.8081 0002238  92.8667 267.2719 13.13470055264464
ONEWEB-0157             
1 48055U 21025P   26250.65405171 -.00000110  00000+0 -33535-3 0  9991
2 48055  87.8930 303.8211 0001537  94.3562 265.7743 13.13470639264397
ONEWEB-0162             
1 48056U 21025Q   26250.63020181 -.00000253  00000+0 -72899-3 0  9998
2 48056  87.8934 303.8240 0001945  99.8554 260.2795 13.13469206264360
ONEWEB-0155             
1 48057U 21025R   26250.86564520 -.00000200  00000+0 -58253-3 0  9994
2 48057  87.8942 303.7765 0001826  97.4727 262.6610 13.13470676264539
ONEWEB-0149             
1 48058U 21025S   26250.65911415  .00000001  00000+0 -31087-4 0  9996
2 48058  87.8938 303.8213 0001897 102.8117 257.3224 13.13469661264316
ONEWEB-0148             
1 48059U 21025T   26250.85040882  .00000035  00000+0  60071-4 0  9991
2 48059  87.8935 303.7848 0001703 113.1212 247.0097 13.13469408264463
ONEWEB-0160             
1 48060U 21025U   26250.86733246 -.00000281  00000+0 -80500-3 0  9990
2 48060  87.8933 303.7777 0002671  97.2490 262.8942 13.13469187264412
ONEWEB-0163             
1 48061U 21025V   26250.69973660 -.00000113  00000+0 -34380-3 0  9997
2 48061  87.8948 303.8111 0001688  90.6681 269.4641 13.13468519264516
ONEWEB-0159             
1 48062U 21025W   26250.69128689  .00000223  00000+0  57572-3 0  9999
2 48062  87.8944 303.8086 0001680  90.6535 269.4786 13.13468685264439
ONEWEB-0164             
1 48063U 21025X   26250.90120168  .00000112  00000+0  27093-3 0  9990
2 48063  87.8941 303.7723 0002148  95.4803 264.6571 13.13469805264440
ONEWEB-0167             
1 48064U 21025Y   26250.70059624 -.00000012  00000+0 -69089-4 0  9990
2 48064  87.8935 303.8152 0001769  76.4961 283.6365 13.13469470264409
ONEWEB-0166             
1 48065U 21025Z   26250.64726279 -.00000290  00000+0 -82827-3 0  9993
2 48065  87.8941 303.8045 0001901  98.1927 261.9418 13.13469322264470
ONEWEB-0151             
1 48066U 21025AA  26250.64896018 -.00000244  00000+0 -70295-3 0  9998
2 48066  87.8937 303.8188 0001921  93.3360 266.7989 13.13469900264416
ONEWEB-0170             
1 48067U 21025AB  26250.65740705 -.00000059  00000+0 -19724-3 0  9995
2 48067  87.8940 303.8192 0002371  89.5812 270.5589 13.13469121264374
ONEWEB-0168             
1 48068U 21025AC  26250.64218693 -.00000351  00000+0 -99607-3 0  9994
2 48068  87.8940 303.8233 0001893  94.7565 265.3780 13.13469200264386
ONEWEB-0173             
1 48069U 21025AD  26250.70989265 -.00000243  00000+0 -69981-3 0  9994
2 48069  87.8938 303.8084 0001618 151.9174 208.2043 13.13468683264635
ONEWEB-0171             
1 48070U 21025AE  26250.89950745 -.00000035  00000+0 -13211-3 0  9991
2 48070  87.8933 303.7748 0002141  92.7558 267.3817 13.13471466264478
ONEWEB-0172             
1 48071U 21025AF  26250.65066439 -.00000225  00000+0 -65105-3 0  9994
2 48071  87.8942 303.8214 0001855  90.9110 269.2232 13.13471235265335
ONEWEB-0174             
1 48072U 21025AG  26250.70819794 -.00000211  00000+0 -61163-3 0  9996
2 48072  87.8941 303.8087 0001844  99.7174 260.4164 13.13468153264665
ONEWEB-0175             
1 48073U 21025AH  26250.66250145  .00000168  00000+0  42494-3 0  9996
2 48073  87.8943 303.8042 0002061  87.5878 272.5487 13.13469402264319
ONEWEB-0177             
1 48074U 21025AJ  26250.67435723  .00000313  00000+0  82296-3 0  9991
2 48074  87.8938 303.8169 0001687  97.6926 262.4395 13.13469476264501
ONEWEB-0178             
1 48075U 21025AK  26250.61694567  .00000113  00000+0  27416-3 0  9990
2 48075  87.8935 303.8344 0001860  88.7928 271.3414 13.13469539264545
ONEWEB-0108             
1 48076U 21025AL  26250.65235761 -.00000151  00000+0 -44802-3 0  9994
2 48076  87.8939 303.8148 0002042 102.0307 258.1051 13.13471218264475
ONEWEB-0169             
1 48077U 21025AM  26250.91305106  .00000253  00000+0  65682-3 0  9995
2 48077  87.8942 303.7691 0001885  95.8056 264.3288 13.13468843263162
ONEWEB-0176             
1 48210U 21031A   26250.76565553  .00000061  00000+0  13080-3 0  9990
2 48210  87.8902 273.2329 0001941  87.5969 272.5383 13.14501464259160
ONEWEB-0184             
1 48211U 21031B   26250.58808337  .00000181  00000+0  45423-3 0  9990
2 48211  87.8904 273.2740 0002191  74.3381 285.7990 13.14503962259110
ONEWEB-0179             
1 48212U 21031C   26250.51579045  .00001965  00000+0  17929-3 0  9996
2 48212  87.8939 266.7465 0349627 343.5595  15.4496 14.57868604260875
ONEWEB-0180             
1 48213U 21031D   26250.81982416  .00000181  00000+0  45437-3 0  9994
2 48213  87.8907 273.2268 0001615  82.3019 277.8295 13.14503579259076
ONEWEB-0218             
1 48214U 21031E   26250.61173165 -.00000109  00000+0 -32877-3 0  9992
2 48214  87.8912 273.2665 0001761  67.9072 292.2244 13.14501398259201
ONEWEB-0209             
1 48215U 21031F   26250.82993860  .00000094  00000+0  21995-3 0  9998
2 48215  87.8904 273.2336 0001657  90.5401 269.5919 13.14501559259238
ONEWEB-0198             
1 48216U 21031G   26250.58652126  .00000082  00000+0  18546-3 0  9994
2 48216  87.8890 273.2740 0001640  80.9328 279.1988 13.14502353259310
ONEWEB-0189             
1 48217U 21031H   26250.59820216  .00000161  00000+0  39873-3 0  9997
2 48217  87.8911 273.2677 0001729  84.6508 275.4819 13.14501785259054
ONEWEB-0196             
1 48218U 21031J   26250.80628708  .00000057  00000+0  11859-3 0  9992
2 48218  87.8903 273.2341 0001729  89.8044 270.3284 13.14502253259080
ONEWEB-0183             
1 48219U 21031K   26250.77918977 -.00000227  00000+0 -64642-3 0  9998
2 48219  87.8906 273.2354 0001857  98.7416 261.3924 13.14501927259170
ONEWEB-0185             
1 48220U 21031L   26250.80564389  .00000070  00000+0  15484-3 0  9992
2 48220  87.8903 273.2290 0001580 101.1758 258.9550 13.14502964259101
ONEWEB-0187             
1 48221U 21031M   26250.55749078 -.00000166  00000+0 -48335-3 0  9994
2 48221  87.8895 273.2892 0001776  91.2540 268.8793 13.14503609259088
ONEWEB-0192             
1 48222U 21031N   26250.60328127  .00000088  00000+0  20164-3 0  9990
2 48222  87.8899 273.2691 0001864  88.9303 271.2040 13.14501905259000
ONEWEB-0219             
1 48223U 21031P   26250.81134605  .00000149  00000+0  36719-3 0  9991
2 48223  87.8907 273.2272 0001656  95.3984 264.7334 13.14502290259238
ONEWEB-0202             
1 48224U 21031Q   26250.56440080  .00000008  00000+0 -12003-4 0  9997
2 48224  87.8901 273.2846 0001875  71.4962 288.6372 13.14503112259189
ONEWEB-0204             
1 48225U 21031R   26250.59735937  .00000225  00000+0  57233-3 0  9992
2 48225  87.8902 273.2722 0001998 102.4869 257.6485 13.14502249259081
ONEWEB-0205             
1 48226U 21031S   26250.80290361  .00000066  00000+0  14483-3 0  9997
2 48226  87.8902 273.2296 0001672  90.0277 270.1045 13.14503189259123
ONEWEB-0206             
1 48227U 21031T   26250.77412207 -.00000257  00000+0 -72665-3 0  9999
2 48227  87.8905 273.2328 0002093  93.0331 267.1039 13.14502249259074
ONEWEB-0182             
1 48228U 21031U   26250.61682001 -.00000125  00000+0 -37249-3 0  9997
2 48228  87.8903 273.2685 0001961  98.5682 261.5670 13.14502224259264
ONEWEB-0186             
1 48229U 21031V   26250.78088460 -.00000263  00000+0 -74391-3 0  9997
2 48229  87.8913 273.2343 0001894  89.2113 270.9233 13.14502149259230
ONEWEB-0181             
1 48230U 21031W   26250.75892150  .00000281  00000+0  72363-3 0  9990
2 48230  87.8890 273.2541 0001579  91.1083 269.0228 13.14504185259082
ONEWEB-0188             
1 48231U 21031X   26250.79781314 -.00000026  00000+0 -10477-3 0  9991
2 48231  87.8896 273.2462 0001875  92.7661 267.3683 13.14501258258992
ONEWEB-0220             
1 48232U 21031Y   26250.60749044  .00000061  00000+0  13066-3 0  9990
2 48232  87.8906 273.2689 0001708  96.8704 263.2620 13.14506669259239
ONEWEB-0165             
1 48233U 21031Z   26250.56099961 -.00000131  00000+0 -38739-3 0  9996
2 48233  87.8904 273.2872 0001735  81.6497 278.4829 13.14501088259186
ONEWEB-0199             
1 48234U 21031AA  26250.62019243 -.00000103  00000+0 -31249-3 0  9997
2 48234  87.8904 273.2645 0002171  90.6193 269.5185 13.14501524259094
ONEWEB-0203             
1 48235U 21031AB  26250.61004383  .00000040  00000+0  73055-4 0  9996
2 48235  87.8910 273.2678 0002113  88.0962 272.0410 13.14501158259104
ONEWEB-0197             
1 48236U 21031AC  26250.58625813  .00000051  00000+0  10402-3 0  9998
2 48236  87.8898 273.2543 0001965  97.2373 262.8980 13.14505170259010
ONEWEB-0194             
1 48237U 21031AD  26250.79444829 -.00000094  00000+0 -28802-3 0  9990
2 48237  87.8902 273.2373 0002140  90.2264 269.9111 13.14503001259213
ONEWEB-0193             
1 48238U 21031AE  26250.58130725  .00000205  00000+0  51896-3 0  9996
2 48238  87.8905 273.2726 0002303  92.5727 267.5666 13.14501311259131
ONEWEB-0191             
1 48239U 21031AF  26250.59316112  .00000226  00000+0  57488-3 0  9990
2 48239  87.8905 273.2716 0001890  96.2160 263.9185 13.14503722258990
ONEWEB-0195             
1 48240U 21031AG  26250.79867406  .00000078  00000+0  17504-3 0  9991
2 48240  87.8903 273.2304 0001684  82.3026 277.8295 13.14502393259003
ONEWEB-0201             
1 48241U 21031AH  26250.55775013 -.00000186  00000+0 -53585-3 0  9999
2 48241  87.8905 273.2898 0001694 101.4241 258.7079 13.14502469259201
ONEWEB-0207             
1 48242U 21031AJ  26250.76481308  .00000065  00000+0  14145-3 0  9997
2 48242  87.8908 273.2367 0001883 102.5703 257.5638 13.14501566259149
ONEWEB-0208             
1 48243U 21031AK  26250.59483526  .00000033  00000+0  55468-4 0  9992
2 48243  87.8903 273.2739 0001690  84.0466 276.0856 13.14502523259135
ONEWEB-0200             
1 48244U 21031AL  26250.55932261 -.00000209  00000+0 -59808-3 0  9992
2 48244  87.8911 273.2759 0001631  94.3313 265.8003 13.14502996259052
ONEWEB-0217             
1 48245U 21031AM  26250.57623847  .00000068  00000+0  14901-3 0  9998
2 48245  87.8906 273.2757 0001817  82.4177 277.7159 13.14502700259009
ONEWEB-0211             
1 48767U 21045A   26250.97655861  .00000124  00000+0  29306-3 0  9995
2 48767  87.8969 242.5567 0001947  65.7707 294.3627 13.16197797255337
ONEWEB-0223             
1 48768U 21045B   26249.95488574  .00000109  00000+0  25642-3 0  9999
2 48768  87.8969 242.8913 0002223  75.2176 284.9201 13.15547702255157
ONEWEB-0230             
1 48769U 21045C   26250.91511285  .00000106  00000+0  24782-3 0  9995
2 48769  87.8974 242.7082 0002101  91.0075 269.1296 13.15548205255540
ONEWEB-0237             
1 48770U 21045D   26250.52375166  .00000099  00000+0  22912-3 0  9994
2 48770  87.8967 242.7853 0001722  83.0625 277.0701 13.15548744255211
ONEWEB-0235             
1 48771U 21045E   26250.95474111  .00000076  00000+0  16883-3 0  9997
2 48771  87.8972 242.6933 0002254  76.7016 283.4365 13.15548778255269
ONEWEB-0242             
1 48772U 21045F   26250.72021923  .00000077  00000+0  17084-3 0  9997
2 48772  87.8972 242.7379 0002201  85.7590 274.3792 13.15548078255271
ONEWEB-0241             
1 48773U 21045G   26250.93571177 -.00000078  00000+0 -24176-3 0  9995
2 48773  87.8967 242.7048 0002065  75.8445 284.2915 13.15548539255219
ONEWEB-0243             
1 48774U 21045H   26250.96741145  .00000107  00000+0  24997-3 0  9995
2 48774  87.8964 242.7109 0002505  82.5776 277.5639 13.15547819255247
ONEWEB-0222             
1 48775U 21045J   26250.95078093  .00000078  00000+0  17299-3 0  9994
2 48775  87.8971 242.6880 0002039  79.9506 280.1854 13.15548706255283
ONEWEB-0244             
1 48776U 21045K   26250.52056102  .00000122  00000+0  29053-3 0  9996
2 48776  87.8979 242.7735 0002084  84.4766 275.6602 13.15547197255790
ONEWEB-0247             
1 48777U 21045L   26250.97374457  .00000019  00000+0  15316-4 0  9995
2 48777  87.8963 242.7038 0002696  75.4154 284.7276 13.15547797255299
ONEWEB-0245             
1 48778U 21045M   26250.96900651  .00000124  00000+0  29459-3 0  9995
2 48778  87.8973 242.6914 0001885  82.2985 277.8359 13.15549533255262
ONEWEB-0229             
1 48779U 21045N   26250.96422479  .00001074  00000+0  28196-2 0  9994
2 48779  87.8979 242.6896 0002148  88.2130 271.9246 13.15543211255299
ONEWEB-0228             
1 48780U 21045P   26250.92159547 -.00000237  00000+0 -66457-3 0  9990
2 48780  87.8980 242.6951 0002042  84.6025 275.5339 13.15547966255206
ONEWEB-0232             
1 48781U 21045Q   26250.97214997  .00000037  00000+0  65497-4 0  9997
2 48781  87.8976 242.6847 0001944  85.0116 275.1236 13.15547586255538
ONEWEB-0231             
1 48782U 21045R   26250.94997681  .00000013  00000+0  11272-5 0  9990
2 48782  87.8966 242.6974 0002112  80.1787 279.9582 13.15548096255226
ONEWEB-0234             
1 48783U 21045S   26250.37939600 -.00000101  00000+0 -30307-3 0  9993
2 48783  87.8982 242.7974 0001188  85.5900 274.5366 13.15548453255288
ONEWEB-0238             
1 48784U 21045T   26250.91208632 -.00000067  00000+0 -21242-3 0  9997
2 48784  87.8981 242.6874 0001595  87.2987 272.8326 13.15548457255250
ONEWEB-0240             
1 48785U 21045U   26250.93334043 -.00000093  00000+0 -28182-3 0  9995
2 48785  87.8977 242.6917 0001971  77.2187 282.9164 13.15549277255289
ONEWEB-0246             
1 48786U 21045V   26250.92777891 -.00000252  00000+0 -70477-3 0  9998
2 48786  87.8978 242.6954 0002104  86.3195 273.8176 13.15548015255158
ONEWEB-0210             
1 48787U 21045W   26250.67426107  .00000164  00000+0  40084-3 0  9993
2 48787  87.8976 242.7438 0002822  81.1076 279.0374 13.15547227255166
ONEWEB-0214             
1 48788U 21045X   26250.91114622  .00000006  00000+0 -18897-4 0  9991
2 48788  87.8976 242.6938 0002294  90.7804 269.3589 13.15547537255163
ONEWEB-0221             
1 48789U 21045Y   26250.69011083 -.00000073  00000+0 -22926-3 0  9996
2 48789  87.8977 242.7455 0002099  80.7610 279.3758 13.15547385255224
ONEWEB-0213             
1 48790U 21045Z   26250.90719640  .00000107  00000+0  24970-3 0  9993
2 48790  87.8977 242.7048 0002211  81.5390 278.5991 13.15548509255313
ONEWEB-0212             
1 48791U 21045AA  26250.96028573  .00001176  00000+0  30898-2 0  9990
2 48791  87.8970 242.6887 0001981  86.8472 273.2885 13.15541083255313
ONEWEB-0227             
1 48792U 21045AB  26250.73132012  .00000056  00000+0  11505-3 0  9991
2 48792  87.8971 242.7336 0002020  84.4531 275.6830 13.15548522255232
ONEWEB-0226             
1 48793U 21045AC  26250.95315031  .00000068  00000+0  14581-3 0  9990
2 48793  87.8973 242.6945 0002283  84.5985 275.5406 13.15547894255234
ONEWEB-0224             
1 48794U 21045AD  26250.91669989  .00000037  00000+0  65249-4 0  9995
2 48794  87.8967 242.7299 0001492  61.6593 298.4688 13.15548660255152
ONEWEB-0233             
1 48795U 21045AE  26250.69313698 -.00000145  00000+0 -41792-3 0  9992
2 48795  87.8968 242.7811 0002072  78.5300 281.6063 13.15548394255146
ONEWEB-0190             
1 48796U 21045AF  26250.52849342  .00000045  00000+0  85162-4 0  9992
2 48796  87.8972 242.7820 0002481  73.7854 286.3549 13.15548578255197
ONEWEB-0236             
1 48797U 21045AG  26249.93745568 -.00000067  00000+0 -21127-3 0  9997
2 48797  87.8968 242.9031 0001932  87.5458 272.5893 13.15547912255002
ONEWEB-0248             
1 48798U 21045AH  26250.93889311 -.00000080  00000+0 -24659-3 0  9993
2 48798  87.8973 242.6954 0002076  73.1028 287.0329 13.15548819255297
ONEWEB-0225             
1 48799U 21045AJ  26250.96105070 -.00000039  00000+0 -13849-3 0  9993
2 48799  87.8972 242.6965 0002349  74.8118 285.3272 13.15547627255306
ONEWEB-0215             
1 48800U 21045AK  26250.93096625 -.00000074  00000+0 -23064-3 0  9997
2 48800  87.8976 242.6888 0002414  71.6078 288.5315 13.15549156255177
ONEWEB-0216             
1 48801U 21045AL  26250.94045342 -.00000155  00000+0 -44576-3 0  9990
2 48801  87.8972 242.6986 0002082  88.4387 271.6982 13.15547707255187
ONEWEB-0239             
1 48802U 21045AM  26250.94521710 -.00000149  00000+0 -42924-3 0  9997
2 48802  87.8976 242.7013 0002185  64.6928 295.4429 13.15548892255226
ONEWEB-0249             
1 48967U 21060A   26250.88956408  .00000116  00000+0  26928-3 0  9993
2 48967  87.9137 212.3542 0002021  77.7177 282.4180 13.16596219250499
ONEWEB-0250             
1 48968U 21060B   26250.86913468  .00000111  00000+0  22378-3 0  9991
2 48968  87.9140 209.8468 0001182  61.3625 298.7630 13.25838066251171
ONEWEB-0252             
1 48970U 21060D   26250.31250227 -.00002443  00000+0 -64273-2 0  9992
2 48970  87.9134 212.4605 0002075  84.6489 275.4879 13.16573578250460
ONEWEB-0253             
1 48971U 21060E   26250.60538351  .00000023  00000+0  27805-4 0  9994
2 48971  87.9132 212.4081 0002006  78.0959 282.0397 13.16593043250435
ONEWEB-0254             
1 48972U 21060F   26250.84287153 -.00000016  00000+0 -75125-4 0  9994
2 48972  87.9136 212.3594 0002074  72.0130 288.1227 13.16593434250464
ONEWEB-0255             
1 48973U 21060G   26250.34889111  .00000049  00000+0  94599-4 0  9992
2 48973  87.9131 212.4630 0002093  75.6490 284.4874 13.16593897250472
ONEWEB-0256             
1 48974U 21060H   26250.60300821  .00000077  00000+0  16864-3 0  9997
2 48974  87.9132 212.4134 0002145  83.7339 276.4036 13.16594387250479
ONEWEB-0257             
1 48975U 21060J   26250.86346466 -.00000407  00000+0 -10981-2 0  9993
2 48975  87.9134 212.3522 0002252  79.2743 280.8642 13.16596090250464
ONEWEB-0258             
1 48976U 21060K   26250.86504577 -.00000038  00000+0 -13186-3 0  9994
2 48976  87.9126 212.3628 0002046  80.1173 280.0189 13.16594288250478
ONEWEB-0259             
1 48977U 21060L   26250.63070760 -.00000062  00000+0 -19595-3 0  9999
2 48977  87.9135 212.4094 0002005  75.8782 284.2572 13.16592283250474
ONEWEB-0260             
1 48978U 21060M   26250.31801182  .00000012  00000+0 -13705-5 0  9998
2 48978  87.9128 212.4690 0002347  87.0313 273.1087 13.16595483250410
ONEWEB-0261             
1 48979U 21060N   26250.36391741  .00000036  00000+0  60676-4 0  9992
2 48979  87.9124 212.4620 0002327  75.6427 284.4963 13.16594027250474
ONEWEB-0262             
1 48980U 21060P   26250.87611687  .00000092  00000+0  20697-3 0  9994
2 48980  87.9133 212.3487 0001968  73.8048 286.3299 13.16593520250509
ONEWEB-0263             
1 48981U 21060Q   26250.83178476 -.00000064  00000+0 -20126-3 0  9993
2 48981  87.9127 212.3692 0002237  72.5256 287.6119 13.16593277250467
ONEWEB-0264             
1 48982U 21060R   26250.33701166  .00000041  00000+0  73095-4 0  9994
2 48982  87.9128 212.4662 0002259  80.3532 279.7854 13.16592364250403
ONEWEB-0266             
1 48984U 21060T   26250.35839549  .00000093  00000+0  21047-3 0  9991
2 48984  87.9134 212.4570 0001984  81.3534 278.7822 13.16599649250392
ONEWEB-0267             
1 48985U 21060U   26250.82545214  .00000029  00000+0  41251-4 0  9996
2 48985  87.9135 212.3612 0002218  77.5432 282.5947 13.16593740250460
ONEWEB-0268             
1 48986U 21060V   26250.64179629 -.00000006  00000+0 -49466-4 0  9993
2 48986  87.9135 212.4063 0002100  83.8819 276.2551 13.16592836250704
ONEWEB-0269             
1 48987U 21060W   26250.85079731 -.00000043  00000+0 -14611-3 0  9994
2 48987  87.9131 212.3627 0001940  88.8560 271.2794 13.16594485250509
ONEWEB-0270             
1 48988U 21060X   26250.33622415 -.00000040  00000+0 -13912-3 0  9991
2 48988  87.9122 212.4670 0002099  71.2093 288.9266 13.16594121250474
ONEWEB-0271             
1 48989U 21060Y   26250.85554055 -.00000014  00000+0 -70536-4 0  9990
2 48989  87.9132 212.3550 0002210  75.2292 284.9084 13.16593060250545
ONEWEB-0272             
1 48990U 21060Z   26250.87768598 -.00000055  00000+0 -17873-3 0  9992
2 48990  87.9132 212.3585 0002285  83.9254 276.2137 13.16593580250495
ONEWEB-0273             
1 48991U 21060AA  26250.59588307  .00000092  00000+0  20819-3 0  9993
2 48991  87.9130 212.4156 0002094  76.5877 283.5488 13.16594764250435
ONEWEB-0274             
1 48992U 21060AB  26250.84920993 -.00000021  00000+0 -88177-4 0  9999
2 48992  87.9128 212.3637 0002304  84.3879 275.7515 13.16594254250505
ONEWEB-0275             
1 48993U 21060AC  26250.61014274 -.00000071  00000+0 -21856-3 0  9996
2 48993  87.9132 212.4081 0002722  95.1103 265.0339 13.16594982250402
ONEWEB-0276             
1 48994U 21060AD  26250.87136379 -.00000040  00000+0 -13757-3 0  9993
2 48994  87.9132 212.3549 0002196  82.6997 277.4383 13.16592666250456
ONEWEB-0277             
1 48995U 21060AE  26250.80804506  .00000092  00000+0  20647-3 0  9992
2 48995  87.9129 212.3714 0002125  74.9526 285.1840 13.16595162250437
ONEWEB-0278             
1 48996U 21060AF  26250.34254949  .00000166  00000+0  39979-3 0  9992
2 48996  87.9135 212.4589 0001861  81.1947 278.9395 13.16592711250509
ONEWEB-0279             
1 48997U 21060AG  26250.88244523  .00000084  00000+0  18636-3 0  9995
2 48997  87.9137 212.3507 0002291  78.1269 282.0119 13.16592543250505
ONEWEB-0280             
1 48998U 21060AH  26250.59351649  .00000030  00000+0  45768-4 0  9990
2 48998  87.9136 212.4114 0001883  72.4338 287.6999 13.16594165250408
ONEWEB-0281             
1 48999U 21060AJ  26250.90302498 -.00000092  00000+0 -27513-3 0  9991
2 48999  87.9139 212.3466 0002117  84.2737 275.8636 13.16594509250517
ONEWEB-0282             
1 49000U 21060AK  26250.32515247 -.00000021  00000+0 -88241-4 0  9997
2 49000  87.9133 212.4670 0002079  76.6274 283.5089 13.16594548250411
ONEWEB-0283             
1 49001U 21060AL  26250.31405267 -.00000209  00000+0 -58144-3 0  9993
2 49001  87.9130 212.4680 0002196  78.4044 281.7334 13.16594355250425
ONEWEB-0284             
1 49002U 21060AM  26250.61170983  .00000084  00000+0  18676-3 0  9996
2 49002  87.9134 212.4045 0001833  75.0895 285.0439 13.16593374250444
ONEWEB-0285             
1 49075U 21075A   26250.77760044  .00000193  00000+0  50173-3 0  9991
2 49075  87.8996 334.2659 0001865 108.5607 251.5724 13.12442972246040
ONEWEB-0286             
1 49076U 21075B   26250.75966730  .00000317  00000+0  84553-3 0  9997
2 49076  87.8986 334.2788 0001925 106.4017 253.7323 13.12442324245399
ONEWEB-0287             
1 49077U 21075C   26250.78521591 -.00000011  00000+0 -60446-4 0  9992
2 49077  87.9201 349.4589 0001796 113.5265 246.6056 13.17648406244508
ONEWEB-0288             
1 49078U 21075D   26250.73607169 -.00000326  00000+0 -94287-3 0  9992
2 49078  87.8993 334.2678 0001699 105.6366 254.4951 13.12443115246017
ONEWEB-0289             
1 49079U 21075E   26250.74808633 -.00000020  00000+0 -84352-4 0  9997
2 49079  87.9198 349.4830 0001597  92.4168 267.7146 13.17650047245071
ONEWEB-0290             
1 49080U 21075F   26250.79702119  .00000082  00000+0  17724-3 0  9990
2 49080  87.9205 349.4526 0001489  86.8607 273.2695 13.17649245244493
ONEWEB-0291             
1 49081U 21075G   26250.78184131 -.00000040  00000+0 -13730-3 0  9997
2 49081  87.9204 349.4570 0001541 106.0449 254.0853 13.17648658244489
ONEWEB-0293             
1 49082U 21075H   26250.80714704 -.00000010  00000+0 -59612-4 0  9993
2 49082  87.9202 349.4545 0001685  98.6463 261.4859 13.17650238244510
ONEWEB-0294             
1 49083U 21075J   26250.74287557 -.00000068  00000+0 -22371-3 0  9992
2 49083  87.9000 334.2710 0001666  92.6357 267.4962 13.12442896245402
ONEWEB-0295             
1 49084U 21075K   26250.80630526  .00000017  00000+0  11928-4 0  9997
2 49084  87.9206 349.4586 0001643 109.8750 250.2559 13.17650573244479
ONEWEB-0296             
1 49085U 21075L   26250.72253688 -.00000441  00000+0 -12606-2 0  9994
2 49085  87.8991 334.2806 0001611 106.3764 253.7542 13.12442384245407
ONEWEB-0297             
1 49086U 21075M   26250.75303877  .00000269  00000+0  71251-3 0  9992
2 49086  87.8987 334.2785 0001830 102.6998 257.4336 13.12442969246019
ONEWEB-0298             
1 49087U 21075N   26250.81066987  .00000004  00000+0 -24086-4 0  9991
2 49087  87.9204 349.4558 0001931 102.0953 258.0395 13.17648817244505
ONEWEB-0299             
1 49088U 21075P   26250.81219518  .00001321  00000+0  33680-2 0  9992
2 49088  87.9216 349.4420 0001426 123.4565 236.6704 13.17659218244482
ONEWEB-0300             
1 49089U 21075Q   26250.74541561  .00000015  00000+0  73744-5 0  9998
2 49089  87.9005 334.2682 0001975 105.4703 254.6644 13.12443675246033
ONEWEB-0301             
1 49090U 21075R   26250.72931904 -.00000506  00000+0 -14424-2 0  9996
2 49090  87.9002 334.2677 0002249 101.7756 258.3625 13.12442721245397
ONEWEB-0302             
1 49091U 21075S   26250.79199233 -.00000281  00000+0 -81617-3 0  9994
2 49091  87.8995 334.2647 0001525  97.9473 262.1828 13.12441194245383
ONEWEB-0304             
1 49092U 21075T   26250.78690907  .00000024  00000+0  27723-4 0  9990
2 49092  87.9203 349.4628 0001746 105.2447 254.8878 13.17649560244455
ONEWEB-0305             
1 49093U 21075U   26250.78015072 -.00000031  00000+0 -11263-3 0  9996
2 49093  87.9205 349.4557 0001741 113.4620 246.6695 13.17649843244481
ONEWEB-0308             
1 49094U 21075V   26250.78521852 -.00000132  00000+0 -40153-3 0  9997
2 49094  87.8995 334.2637 0001791 103.1651 256.9677 13.12441669245399
ONEWEB-0309             
1 49095U 21075W   26250.78350945 -.00000028  00000+0 -10584-3 0  9990
2 49095  87.9205 349.4564 0001512  90.5001 269.6304 13.17650097244457
ONEWEB-0310             
1 49096U 21075X   26250.72423521 -.00000422  00000+0 -12089-2 0  9995
2 49096  87.8989 334.2893 0001894  99.3527 260.7816 13.12443083246010
ONEWEB-0311             
1 49097U 21075Y   26250.79027100  .00000009  00000+0 -88807-5 0  9990
2 49097  87.9200 349.4558 0001885 113.9635 246.1694 13.17648551244503
ONEWEB-0312             
1 49098U 21075Z   26250.80543738 -.00000200  00000+0 -54899-3 0  9999
2 49098  87.9204 349.4627 0001614 106.7454 253.3855 13.17648812244480
ONEWEB-0313             
1 49099U 21075AA  26250.73445970  .00000025  00000+0  31479-4 0  9994
2 49099  87.9202 349.4805 0001787 104.9184 255.2145 13.17649907244465
ONEWEB-0314             
1 49100U 21075AB  26250.77678230  .00000064  00000+0  13196-3 0  9996
2 49100  87.9214 349.4541 0001550 110.6746 249.4552 13.17649460244443
ONEWEB-0315             
1 49101U 21075AC  26250.92584231  .00000489  00000+0  13245-2 0  9996
2 49101  87.8998 334.2200 0002008 111.5475 248.5868 13.12441219246027
ONEWEB-0316             
1 49102U 21075AD  26250.94020836 -.00000017  00000+0 -74680-4 0  9996
2 49102  87.9179 319.0151 0001827  98.8419 261.2920 13.18684579248116
ONEWEB-0317             
1 49103U 21075AE  26250.77676690  .00000248  00000+0  65421-3 0  9999
2 49103  87.8994 334.2696 0001801  79.5492 280.5840 13.12443246246024
ONEWEB-0318             
1 49104U 21075AF  26250.70906042  .00002564  00000+0  64678-2 0  9995
2 49104  87.9174 319.0644 0001789 109.2024 250.9302 13.18706460248041
ONEWEB-0319             
1 49105U 21075AG  26250.79196101 -.00000028  00000+0 -10604-3 0  9998
2 49105  87.9202 349.4599 0002143 114.0852 246.0504 13.17650446244483
ONEWEB-0323             
1 49106U 21075AH  26250.75812293  .00000425  00000+0  11472-2 0  9994
2 49106  87.8998 334.2591 0001953 115.5241 244.6090 13.12442709245385
ONEWEB-0329             
1 49107U 21075AJ  26250.80040118  .00000015  00000+0  66652-5 0  9998
2 49107  87.9205 349.4593 0001749 105.7846 254.3478 13.17649871244463
ONEWEB-0330             
1 49108U 21075AK  26250.80389170  .00000037  00000+0  61702-4 0  9997
2 49108  87.9207 349.4712 0001565 116.3657 243.7635 13.17651774244500
ONEWEB-0292             
1 49186U 21083A   26250.66589832  .00000193  00000+0  49243-3 0  9991
2 49186  87.8933 303.8293 0001947 101.6905 258.4442 13.13469634241757
ONEWEB-0303             
1 49187U 21083B   26250.93332404 -.00000011  00000+0 -60082-4 0  9999
2 49187  87.9182 319.0179 0001979 103.8443 256.2909 13.18687312240880
ONEWEB-0306             
1 49188U 21083C   26250.69557876  .00000058  00000+0  11512-3 0  9997
2 49188  87.9183 319.0562 0001831  93.1913 266.9429 13.18687402240894
ONEWEB-0307             
1 49189U 21083D   26250.65995939 -.00000036  00000+0 -13267-3 0  9997
2 49189  87.8933 303.8280 0001891 100.6187 259.5155 13.13471712241758
ONEWEB-0320             
1 49190U 21083E   26250.71582730  .00000507  00000+0  12527-2 0  9995
2 49190  87.9175 319.0615 0002107  96.8637 263.2734 13.18683419240856
ONEWEB-0321             
1 49191U 21083F   26250.54866772  .00000025  00000+0  30332-4 0  9999
2 49191  87.9135 258.0066 0002084  85.5705 274.5667 13.20772927247707
ONEWEB-0322             
1 49192U 21083G   26250.65573603 -.00000030  00000+0 -11791-3 0  9995
2 49192  87.8932 303.8281 0002175  85.5620 274.5758 13.13470083241746
ONEWEB-0324             
1 49193U 21083H   26250.68885963 -.00000008  00000+0 -53050-4 0  9994
2 49193  87.9187 319.0633 0001773  97.7786 262.3547 13.18685201240870
ONEWEB-0325             
1 49194U 21083J   26250.91984835  .00000021  00000+0  19576-4 0  9997
2 49194  87.9178 319.0177 0002065  99.7047 260.4318 13.18687203240915
ONEWEB-0326             
1 49195U 21083K   26250.63166316 -.00000027  00000+0 -10033-3 0  9999
2 49195  87.9183 319.0782 0002081 105.3809 254.7553 13.18685953240863
ONEWEB-0327             
1 49196U 21083L   26250.70727020  .00000021  00000+0  19567-4 0  9997
2 49196  87.9175 319.0620 0002261 105.8333 254.3049 13.18685386240892
ONEWEB-0328             
1 49197U 21083M   26250.87410489 -.00000336  00000+0 -95433-3 0  9990
2 49197  87.8943 303.7667 0001790  96.4861 263.6472 13.13468497241759
ONEWEB-0331             
1 49198U 21083N   26250.92829006  .00000059  00000+0  11733-3 0  9997
2 49198  87.9187 319.0147 0002012 108.1781 251.9570 13.18685461240917
ONEWEB-0333             
1 49199U 21083P   26250.64050718 -.00000156  00000+0 -46226-3 0  9998
2 49199  87.8935 303.8312 0001960  97.6327 262.5025 13.13469584241737
ONEWEB-0334             
1 49200U 21083Q   26249.57815278  .00000097  00000+0  20740-3 0  9996
2 49200  87.9134 258.2110 0002292  73.9265 286.2121 13.20772325247530
ONEWEB-0335             
1 49201U 21083R   26250.86395137 -.00000398  00000+0 -11246-2 0  9994
2 49201  87.8933 303.7843 0001966 101.9048 258.2302 13.13469484241775
ONEWEB-0336             
1 49202U 21083S   26250.91135542  .00000188  00000+0  47892-3 0  9995
2 49202  87.8933 303.7687 0001898 107.3758 252.7579 13.13468787241774
ONEWEB-0337             
1 49203U 21083T   26250.69284423  .00000108  00000+0  26217-3 0  9994
2 49203  87.8935 303.8188 0001754  99.0739 261.0589 13.13468376241746
ONEWEB-0338             
1 49204U 21083U   26250.76750909 -.00000005  00000+0 -45441-4 0  9999
2 49204  87.9133 257.9748 0002143  81.6609 278.4767 13.20770001247717
ONEWEB-0339             
1 49205U 21083V   26250.70143250 -.00001723  00000+0 -47522-2 0  9997
2 49205  87.8939 303.8094 0001948  98.1225 262.0126 13.13477107241721
ONEWEB-0340             
1 49206U 21083W   26250.68715369  .00000016  00000+0  72060-5 0  9991
2 49206  87.9179 319.0671 0001919 103.3717 256.7629 13.18687265240845
ONEWEB-0341             
1 49207U 21083X   26250.92153302  .00000018  00000+0  13999-4 0  9999
2 49207  87.9178 319.0199 0001460 101.7800 258.3496 13.18686775240896
ONEWEB-0342             
1 49208U 21083Y   26250.77424291 -.00002188  00000+0 -54130-2 0  9993
2 49208  87.9117 257.9659 0002198  79.9682 280.1699 13.20782674247684
ONEWEB-0343             
1 49209U 21083Z   26250.70233610 -.00000029  00000+0 -10581-3 0  9995
2 49209  87.9179 319.0625 0001533  87.1431 272.9876 13.18687114240916
ONEWEB-0344             
1 49210U 21083AA  26250.84870738  .00000093  00000+0  21895-3 0  9999
2 49210  87.8935 303.7930 0001539  97.0143 263.1161 13.13468331241746
ONEWEB-0345             
1 49211U 21083AB  26250.84025702  .00000301  00000+0  78866-3 0  9995
2 49211  87.8939 303.7839 0001567  96.3554 263.7754 13.13468880241752
ONEWEB-0346             
1 49212U 21083AC  26250.92658743  .00000013  00000+0  14824-6 0  9999
2 49212  87.9185 319.0169 0002177 115.7170 244.4187 13.18686806240885
ONEWEB-0348             
1 49213U 21083AD  26250.53689459  .00000025  00000+0  28673-4 0  9993
2 49213  87.9133 258.0163 0001726 103.6869 256.4457 13.20771013247681
ONEWEB-0350             
1 49214U 21083AE  26250.85901875 -.00000120  00000+0 -36428-3 0  9992
2 49214  87.8933 303.7830 0002965  89.6701 270.4768 13.13469028241780
ONEWEB-0351             
1 49215U 21083AF  26250.52999576 -.00000185  00000+0 -48743-3 0  9996
2 49215  87.9134 258.0171 0001775  71.5265 288.6062 13.20771659247641
ONEWEB-0352             
1 49216U 21083AG  26250.90626946  .00000427  00000+0  11333-2 0  9998
2 49216  87.8933 303.7772 0001828  85.0679 275.0659 13.13469398241889
ONEWEB-0354             
1 49217U 21083AH  26250.55708831  .00000006  00000+0 -17487-4 0  9996
2 49217  87.9136 258.0092 0001547  97.9440 262.1870 13.20770552247680
ONEWEB-0355             
1 49218U 21083AJ  26250.85970911 -.00000294  00000+0 -84017-3 0  9992
2 49218  87.8937 303.7867 0001823  90.8781 269.2557 13.13469296241758
ONEWEB-0357             
1 49219U 21083AK  26250.55371126  .00000035  00000+0  54376-4 0  9990
2 49219  87.9140 258.0033 0001770  88.5454 271.5882 13.20773760247682
ONEWEB-0332             
1 49279U 21090A   26250.80713216  .00000075  00000+0  16884-3 0  9997
2 49279  87.8902 273.2348 0002067  89.2144 270.9223 13.14503308238432
ONEWEB-0347             
1 49280U 21090B   26250.54359863 -.00000318  00000+0 -81336-3 0  9990
2 49280  87.9139 258.0135 0002212  88.6547 271.4840 13.20770932241918
ONEWEB-0349             
1 49281U 21090C   26250.95442004  .00000308  00000+0  72558-3 0  9999
2 49281  87.9133 257.9326 0001976  90.9484 269.1875 13.20771749240755
ONEWEB-0353             
1 49282U 21090D   26249.88611135  .00000257  00000+0  65978-3 0  9994
2 49282  87.8901 273.4161 0002135  89.8418 270.2956 13.14503183238310
ONEWEB-0356             
1 49283U 21090E   26250.72544348  .00000035  00000+0  53778-4 0  9991
2 49283  87.9137 257.9718 0002605 103.3080 256.8344 13.20771533240729
ONEWEB-0358             
1 49284U 21090F   26250.53434106  .00000077  00000+0  15812-3 0  9993
2 49284  87.9136 258.0180 0001976  94.0167 266.1192 13.20772940241422
ONEWEB-0359             
1 49285U 21090G   26250.97962537 -.00000286  00000+0 -73524-3 0  9994
2 49285  87.9137 257.9208 0001919  95.8903 264.2449 13.20771545241465
ONEWEB-0360             
1 49286U 21090H   26250.96955229  .00000088  00000+0  18377-3 0  9997
2 49286  87.9134 257.9287 0001883  88.3524 271.7826 13.20771617240771
ONEWEB-0361             
1 49287U 21090J   26250.57224146  .00000111  00000+0  24135-3 0  9998
2 49287  87.9132 258.0072 0001945  93.8806 266.2550 13.20772650241173
ONEWEB-0362             
1 49288U 21090K   26250.81754229  .00000030  00000+0  43189-4 0  9997
2 49288  87.9121 288.5184 0001791  87.9271 272.2067 13.19725340237811
ONEWEB-0363             
1 49289U 21090L   26250.96618312  .00000093  00000+0  19614-3 0  9990
2 49289  87.9134 257.9279 0002183  97.5211 262.6171 13.20770732241235
ONEWEB-0364             
1 49290U 21090M   26250.55033832  .00000016  00000+0  77184-5 0  9998
2 49290  87.9134 258.0185 0001960  87.3654 272.7704 13.20773121242314
ONEWEB-0365             
1 49291U 21090N   26250.59956390  .00000047  00000+0  85017-4 0  9993
2 49291  87.9127 288.5551 0001943  94.1334 266.0021 13.19726741237297
ONEWEB-0366             
1 49292U 21090P   26250.79613828 -.00000038  00000+0 -13699-3 0  9990
2 49292  87.8899 273.2352 0001920  94.2110 265.9239 13.14502438238415
ONEWEB-0367             
1 49293U 21090Q   26250.58654887  .00000078  00000+0  15936-3 0  9996
2 49293  87.9135 258.0065 0001985  85.4702 274.6658 13.20772086240704
ONEWEB-0368             
1 49294U 21090R   26250.56046868  .00000001  00000+0 -28989-4 0  9999
2 49294  87.9133 258.0155 0002689  89.5739 270.5702 13.20771579241858
ONEWEB-0369             
1 49295U 21090S   26250.82228794  .00000231  00000+0  54457-3 0  9991
2 49295  87.9124 288.5132 0002358  99.2103 260.9297 13.19726184237316
ONEWEB-0370             
1 49296U 21090T   26250.97460355  .00000096  00000+0  20440-3 0  9993
2 49296  87.9133 257.9272 0001703  88.2311 271.9018 13.20771156240794
ONEWEB-0371             
1 49297U 21090U   26250.83018506  .00000078  00000+0  16308-3 0  9994
2 49297  87.9124 288.5084 0002186  96.6787 263.4595 13.19724816237355
ONEWEB-0372             
1 49298U 21090V   26250.96433813 -.00000198  00000+0 -51809-3 0  9991
2 49298  87.9134 257.9317 0002037  89.6734 270.4633 13.20771594240762
ONEWEB-0373             
1 49299U 21090W   26250.53520075  .00000025  00000+0  28823-4 0  9990
2 49299  87.9136 258.0166 0001935  91.6803 268.4552 13.20772291241892
ONEWEB-0374             
1 49300U 21090X   26250.55423372 -.00000407  00000+0 -11327-2 0  9992
2 49300  87.8911 273.2772 0002178 107.0279 253.1089 13.14503034238382
ONEWEB-0375             
1 49301U 21090Y   26250.97795674  .00000128  00000+0  28289-3 0  9990
2 49301  87.9133 257.9204 0002162 105.2279 254.9094 13.20772389241457
ONEWEB-0376             
1 49302U 21090Z   26250.67695357  .00000053  00000+0  99428-4 0  9996
2 49302  87.9125 288.5386 0002079  88.6229 271.5142 13.19726674237331
ONEWEB-0377             
1 49303U 21090AA  26250.96464522  .00000198  00000+0  45557-3 0  9990
2 49303  87.9135 257.9252 0002136  98.2247 261.9128 13.20772416241447
ONEWEB-0378             
1 49304U 21090AB  26250.00000263  .00000030  00000+0  42818-4 0  9997
2 49304  87.9133 258.1210 0002111  92.8431 267.2944 13.20770719240584
ONEWEB-0379             
1 49305U 21090AC  26250.62526605 -.00000140  00000+0 -41117-3 0  9993
2 49305  87.8904 273.2708 0002121  93.0878 267.0494 13.14499665238394
ONEWEB-0380             
1 49306U 21090AD  26250.59798944  .00000066  00000+0  13200-3 0  9994
2 49306  87.9119 288.5557 0001854  98.6410 261.4933 13.19725400237298
ONEWEB-0381             
1 49307U 21090AE  26250.96113059  .00000090  00000+0  18998-3 0  9990
2 49307  87.9136 257.9309 0002034  98.0140 262.1225 13.20771686240754
ONEWEB-0382             
1 49308U 21090AF  26249.96282698  .00000103  00000+0  22121-3 0  9993
2 49308  87.9136 258.1244 0002165  97.1009 263.0370 13.20772525240614
ONEWEB-0383             
1 49309U 21090AG  26250.61849341 -.00000071  00000+0 -22642-3 0  9996
2 49309  87.8906 273.2656 0002071  95.0851 265.0515 13.14501233238420
ONEWEB-0384             
1 49310U 21090AH  26250.78204453 -.00000016  00000+0 -71325-4 0  9997
2 49310  87.9131 258.0038 0002247 100.9438 259.1948 13.20818151240738
ONEWEB-0385             
1 49311U 21090AJ  26250.71363372  .00000035  00000+0  54585-4 0  9995
2 49311  87.9135 257.9787 0002081  94.1149 266.0222 13.20773133240698
ONEWEB-0386             
1 49312U 21090AK  26250.73049752  .00000039  00000+0  63928-4 0  9996
2 49312  87.9136 257.9697 0002181  94.1721 265.9661 13.20772009240716
ONEWEB-0387             
1 49313U 21090AL  26250.71533880  .00000043  00000+0  73297-4 0  9990
2 49313  87.9137 257.9872 0001865  98.9983 261.1362 13.20771873240717
ONEWEB-0388             
1 49314U 21090AM  26250.82068743  .00000083  00000+0  17557-3 0  9994
2 49314  87.9119 288.5091 0002058  96.6380 263.4987 13.19726651237314
ONEWEB-0389             
1 50469U 21132A   26250.81728813  .00000095  00000+0  21230-3 0  9990
2 50469  87.9209 349.4545 0002117 107.8144 252.3219 13.17648878228965
ONEWEB-0390             
1 50470U 21132B   26250.81895871  .00000041  00000+0  73156-4 0  9997
2 50470  87.9206 349.4557 0001653 102.1355 257.9962 13.17650298228968
ONEWEB-0391             
1 50471U 21132C   26250.74472004  .00000052  00000+0  10101-3 0  9991
2 50471  87.9205 349.4802 0001747 129.2294 230.8992 13.17650244228950
ONEWEB-0392             
1 50472U 21132D   26250.77508376  .00000056  00000+0  11218-3 0  9991
2 50472  87.9209 349.4491 0001898 112.3969 247.7364 13.17650335228993
ONEWEB-0393             
1 50473U 21132E   26250.75063070 -.00000020  00000+0 -85073-4 0  9991
2 50473  87.9204 349.4640 0001874 106.4129 253.7209 13.17649324228981
ONEWEB-0394             
1 50474U 21132F   26250.72763929 -.00000034  00000+0 -11832-3 0  9995
2 50474  87.9186 319.0464 0002129 102.0668 258.0703 13.18686352232471
ONEWEB-0395             
1 50475U 21132G   26250.79658657 -.00000263  00000+0 -77698-3 0  9990
2 50475  87.8959   4.6373 0001648 100.5640 259.5674 13.11415394226546
ONEWEB-0396             
1 50476U 21132H   26250.72089798  .00000145  00000+0  33615-3 0  9996
2 50476  87.9182 319.0595 0002063 103.6661 256.4701 13.18686511232513
ONEWEB-0397             
1 50477U 21132J   26250.73607154 -.00000053  00000+0 -16838-3 0  9998
2 50477  87.9184 319.0568 0002170 102.6545 257.4830 13.18686148232492
ONEWEB-0398             
1 50478U 21132K   26250.76424090  .00000388  00000+0  10585-2 0  9999
2 50478  87.8966   4.6409 0001471  97.5371 262.5924 13.11417283226436
ONEWEB-0399             
1 50479U 21132L   26250.75067595  .00000004  00000+0 -25208-4 0  9998
2 50479  87.8959   4.6505 0002004 113.4752 246.6587 13.11419499226428
ONEWEB-0400             
1 50480U 21132M   26250.63823788 -.00000126  00000+0 -35161-3 0  9995
2 50480  87.9186 319.0664 0001725  97.2954 262.8374 13.18741058232476
ONEWEB-0401             
1 50481U 21132N   26250.91141385 -.00000024  00000+0 -93619-4 0  9993
2 50481  87.9185 319.0113 0002202  96.7140 263.4243 13.18684365232511
ONEWEB-0402             
1 50482U 21132P   26250.72258243 -.00000721  00000+0 -18606-2 0  9990
2 50482  87.9191 319.0361 0002778  91.0731 269.0720 13.18681602232519
ONEWEB-0403             
1 50483U 21132Q   26250.74787523  .00000186  00000+0  43856-3 0  9990
2 50483  87.9185 319.0547 0001972 101.9500 258.1853 13.18686361232477
ONEWEB-0404             
1 50484U 21132R   26250.80830684 -.00000479  00000+0 -13883-2 0  9998
2 50484  87.8961   4.6381 0001764 111.0607 249.0710 13.11416237226527
ONEWEB-0405             
1 50485U 21132S   26250.68548540 -.00000006  00000+0 -49185-4 0  9994
2 50485  87.9187 319.0554 0001551  92.0615 268.0694 13.18685717232869
ONEWEB-0406             
1 50486U 21132T   26250.90468818  .00000144  00000+0  33354-3 0  9990
2 50486  87.9182 319.0231 0001967 114.5639 245.5698 13.18686287232524
ONEWEB-0407             
1 50487U 21132U   26250.67030395 -.00000030  00000+0 -10937-3 0  9998
2 50487  87.9185 319.0652 0001968  92.2116 267.9241 13.18686848232433
ONEWEB-0409             
1 50488U 21132V   26250.80660957 -.00000448  00000+0 -12994-2 0  9994
2 50488  87.8966   4.6298 0001649 109.7310 250.3996 13.11416488226417
ONEWEB-0412             
1 50489U 21132W   26250.73438363  .00000001  00000+0 -29535-4 0  9996
2 50489  87.9180 319.0571 0002279  97.2294 262.9097 13.18686173232534
ONEWEB-0413             
1 50490U 21132X   26250.73941805  .00000050  00000+0  95125-4 0  9999
2 50490  87.9169 319.0569 0001959 120.7251 239.4075 13.18687842232471
ONEWEB-0414             
1 50491U 21132Y   26250.72426411  .00000005  00000+0 -20223-4 0  9998
2 50491  87.9187 319.0426 0002131 101.5683 258.5688 13.18685932232507
ONEWEB-0417             
1 50492U 21132Z   26250.73268650  .00000033  00000+0  51522-4 0  9995
2 50492  87.9183 319.0556 0001841 103.8159 256.3179 13.18687083232485
ONEWEB-0418             
1 50493U 21132AA  26250.74267445 -.00000011  00000+0 -61006-4 0  9994
2 50493  87.9182 319.0554 0001821 110.0586 250.0742 13.18687447232543
ONEWEB-0419             
1 50494U 21132AB  26251.00001157 -.00014724  00000+0 -38225-1 0  9991
2 50494  87.9196 319.0093 0001845 115.6213 281.4602 13.17277268  5211
ONEWEB-0420             
1 50495U 21132AC  26250.72595295  .00000047  00000+0  85363-4 0  9990
2 50495  87.9178 319.0573 0001967  93.0454 267.0903 13.18686680232451
ONEWEB-0421             
1 50496U 21132AD  26250.71921118  .00000008  00000+0 -12292-4 0  9996
2 50496  87.9179 319.0583 0002307 103.2318 256.9072 13.18685734232493
ONEWEB-0424             
1 50497U 21132AE  26250.90805318  .00000013  00000+0  11426-5 0  9995
2 50497  87.9184 319.0224 0001554  98.5954 261.5354 13.18685614232545
ONEWEB-0426             
1 50498U 21132AF  26251.00001157  .00070076  00000+0  17321+0 0  9997
2 50498  87.9201 318.9958 0002029 124.0116 156.4068 13.19903674  5240
ONEWEB-0427             
1 50499U 21132AG  26250.75461612  .00000029  00000+0  39794-4 0  9999
2 50499  87.9187 319.0350 0001952 105.0250 255.1099 13.18685513232492
ONEWEB-0429             
1 50500U 21132AH  26250.74111303  .00000033  00000+0  50651-4 0  9990
2 50500  87.9183 319.0551 0001972  96.5694 263.5662 13.18687311232466
ONEWEB-0430             
1 50501U 21132AJ  26250.72931583 -.00000065  00000+0 -19834-3 0  9993
2 50501  87.9181 319.0565 0001953  91.6948 268.4408 13.18686963232506
ONEWEB-0432             
1 50502U 21132AK  26250.71232095  .00000003  00000+0 -25409-4 0  9992
2 50502  87.9186 319.0503 0001569  90.5911 269.5401 13.18685858232456
ONEWEB-0440             
1 50503U 21132AL  26250.74954232  .00000024  00000+0  27897-4 0  9995
2 50503  87.9183 319.0536 0002276  95.6968 264.4424 13.18687379232453
ONEWEB-0450             
1 50504U 21132AM  26250.74295357  .00000107  00000+0  23787-3 0  9997
2 50504  87.9178 319.0528 0002021  92.2371 267.8992 13.18686314232486
ONEWEB-0410             
1 51622U 22012A   26250.75989629 -.00000023  00000+0 -93137-4 0  9996
2 51622  87.9204 349.4619 0002321 135.9655 224.1662 13.17651107224571
ONEWEB-0411             
1 51623U 22012B   26250.78484088 -.00000446  00000+0 -13150-2 0  9993
2 51623  87.8892  19.8223 0001515  81.1437 278.9862 13.10374673220104
ONEWEB-0415             
1 51624U 22012C   26250.78144908 -.00000614  00000+0 -17946-2 0  9992
2 51624  87.8896  19.8188 0001288  96.3882 263.7393 13.10374221220108
ONEWEB-0416             
1 51625U 22012D   26250.33521069  .00000164  00000+0  43387-3 0  9998
2 51625  87.8885  19.9204 0001334  96.7397 263.3882 13.10375249220081
ONEWEB-0422             
1 51626U 22012E   26250.77000934 -.00000244  00000+0 -66125-3 0  9996
2 51626  87.9204 349.4579 0002299  87.7729 272.3666 13.17648634224682
ONEWEB-0423             
1 51627U 22012F   26250.76326367 -.00000926  00000+0 -24191-2 0  9990
2 51627  87.9206 349.4622 0001970 102.0877 258.0475 13.17652958224575
ONEWEB-0425             
1 51628U 22012G   26250.34538711  .00000581  00000+0  16282-2 0  9990
2 51628  87.8888  19.9049 0001668 113.0488 247.0815 13.10374876220088
ONEWEB-0428             
1 51629U 22012H   26250.78316634 -.00000450  00000+0 -13248-2 0  9993
2 51629  87.8883  19.8221 0001712  98.2082 261.9239 13.10374639220104
ONEWEB-0431             
1 51630U 22012J   26250.59976407  .00000211  00000+0  56740-3 0  9992
2 51630  87.8888  19.8545 0001499  79.2493 280.8803 13.10371343220136
ONEWEB-0434             
1 51631U 22012K   26250.65435872  .00000285  00000+0  78130-3 0  9994
2 51631  87.8884  19.8698 0001718 116.5831 243.5473 13.10375925220125
ONEWEB-0435             
1 51632U 22012L   26250.35557892  .00000699  00000+0  19667-2 0  9997
2 51632  87.8883  19.9106 0001875  89.5112 270.6230 13.10372554220076
ONEWEB-0436             
1 51633U 22012M   26250.75486015 -.00003431  00000+0 -88744-2 0  9991
2 51633  87.9203 349.4536 0003039  72.5892 287.5571 13.17639056224555
ONEWEB-0438             
1 51634U 22012N   26250.34029345  .00000392  00000+0  10876-2 0  9998
2 51634  87.8882  19.9179 0001656 105.4541 254.6770 13.10376236220104
ONEWEB-0439             
1 51635U 22012P   26250.64912132  .00000457  00000+0  12737-2 0  9997
2 51635  87.8891  19.8456 0001787 102.3954 257.7373 13.10374742220126
ONEWEB-0442             
1 51636U 22012Q   26250.74724415  .00000041  00000+0  72878-4 0  9997
2 51636  87.9205 349.4793 0001900 118.3481 241.7842 13.17650570224549
ONEWEB-0443             
1 51637U 22012R   26250.76664738  .00000031  00000+0  46019-4 0  9998
2 51637  87.9198 349.4763 0002215 102.7574 257.3806 13.17650404224592
ONEWEB-0444             
1 51638U 22012S   26250.79164072 -.00000068  00000+0 -23236-3 0  9995
2 51638  87.8893  19.8165 0001888  98.5717 261.5624 13.10377071220156
ONEWEB-0445             
1 51639U 22012T   26250.81201825  .00000683  00000+0  19196-2 0  9997
2 51639  87.8890  19.8047 0001567  98.3591 261.7714 13.10373696220167
ONEWEB-0446             
1 51640U 22012U   26250.78994106 -.00000163  00000+0 -50222-3 0  9997
2 51640  87.8885  19.8313 0001343 101.0998 259.0280 13.10377090220142
ONEWEB-0448             
1 51641U 22012V   26250.33690593  .00000243  00000+0  65988-3 0  9994
2 51641  87.8885  19.9164 0001725  98.9050 261.2273 13.10375520220058
ONEWEB-0449             
1 51642U 22012W   26250.80011670 -.00000070  00000+0 -23631-3 0  9999
2 51642  87.8893  19.8150 0001666 116.0776 244.0524 13.10375880220128
ONEWEB-0451             
1 51643U 22012X   26250.75145302  .00000011  00000+0 -57281-5 0  9998
2 51643  87.9213 349.4513 0001916 107.0694 253.0647 13.17648979224532
ONEWEB-0452             
1 51644U 22012Y   26250.74976980  .00000001  00000+0 -29474-4 0  9993
2 51644  87.9199 349.4793 0002163 108.5659 251.5707 13.17648330224540
ONEWEB-0456             
1 51646U 22012AA  26250.65591525  .00000626  00000+0  17576-2 0  9993
2 51646  87.8887  19.8359 0001748  90.5710 269.5618 13.10374525220144
ONEWEB-0457             
1 51647U 22012AB  26250.32826934 -.00000193  00000+0 -59012-3 0  9996
2 51647  87.8890  19.9125 0001358 105.3771 254.7507 13.10376188220106
ONEWEB-0458             
1 51648U 22012AC  26246.91354491  .00000360  00000+0  99465-3 0  9991
2 51648  87.8880  20.5801 0001899 102.8184 257.3156 13.10369303219619
ONEWEB-0461             
1 51649U 22012AD  26250.77171462 -.00000012  00000+0 -62841-4 0  9991
2 51649  87.9206 349.4586 0001744 102.8922 257.2405 13.17649935224762
ONEWEB-0463             
1 51650U 22012AE  26250.75315010  .00000032  00000+0  49719-4 0  9999
2 51650  87.9198 349.4785 0001703 101.9949 258.1374 13.17650071224543
ONEWEB-0464             
1 51651U 22012AF  26250.65251878  .00000654  00000+0  18367-2 0  9993
2 51651  87.8882  19.8554 0002027  96.6744 263.4614 13.10375360220122
ONEWEB-0468             
1 51652U 22012AG  26250.81032931  .00000684  00000+0  19237-2 0  9999
2 51652  87.8884  19.8169 0001938  95.3451 264.7898 13.10373474220120
ONEWEB-0473             
1 51653U 22012AH  26250.33859249  .00000360  00000+0  99559-3 0  9993
2 51653  87.8852  19.9113 0001754  95.7818 264.3509 13.10376578220069
ONEWEB-0474             
1 51654U 22012AJ  26250.78824672 -.00000254  00000+0 -76486-3 0  9993
2 51654  87.8895  19.8157 0002018  96.6670 263.4687 13.10376680220111
ONEWEB-0475             
1 51655U 22012AK  26250.76496343 -.00000032  00000+0 -11661-3 0  9990
2 51655  87.9206 349.4706 0002462  96.6416 263.4996 13.17648704224564
ONEWEB-0490             
1 54113U 22138A   26250.62324146 -.00000002  00000+0 -36718-4 0  9995
2 54113  87.9123 288.5501 0002049  89.8568 270.2799 13.19726525187704
ONEWEB-0492             
1 54114U 22138B   26250.64853235 -.00000053  00000+0 -16597-3 0  9992
2 54114  87.9130 288.5441 0001891  87.4851 272.6498 13.19726328187713
ONEWEB-0495             
1 54115U 22138C   26250.85387148  .00000053  00000+0  10040-3 0  9996
2 54115  87.9118 288.5038 0002303  80.2903 279.8490 13.19725309187720
ONEWEB-0497             
1 54116U 22138D   26250.63905531 -.00000010  00000+0 -57693-4 0  9996
2 54116  87.9129 288.5440 0002000  91.5006 268.6356 13.19726465187689
ONEWEB-0499             
1 54117U 22138E   26250.84990449  .00000006  00000+0 -17031-4 0  9998
2 54117  87.9119 288.5058 0002142  90.1361 270.0017 13.19726637187727
ONEWEB-0500             
1 54118U 22138F   26250.85229403  .00000036  00000+0  57952-4 0  9993
2 54118  87.9123 288.5039 0001894  93.8497 266.2852 13.19724726187737
ONEWEB-0501             
1 54119U 22138G   26250.80649067  .00000137  00000+0  31047-3 0  9999
2 54119  87.9126 288.5136 0002232  84.6193 275.5195 13.19725616187706
ONEWEB-0502             
1 54120U 22138H   26250.86807799 -.00000019  00000+0 -81050-4 0  9996
2 54120  87.9128 288.4919 0002184  90.6966 269.4417 13.19726136187739
ONEWEB-0503             
1 54121U 22138J   26250.85701902  .00000071  00000+0  14574-3 0  9997
2 54121  87.9132 288.4995 0002045 108.1531 251.9825 13.19726956187726
ONEWEB-0504             
1 54122U 22138K   26250.84439668  .00000061  00000+0  11959-3 0  9997
2 54122  87.9124 288.5061 0002167  91.8683 268.2698 13.19724891187730
ONEWEB-0505             
1 54123U 22138L   26250.61379130  .00000074  00000+0  15141-3 0  9991
2 54123  87.9123 288.5517 0002315  85.7919 274.3479 13.19726148187681
ONEWEB-0506             
1 54124U 22138M   26250.66433639 -.00000005  00000+0 -43901-4 0  9994
2 54124  87.9127 288.5415 0002200  87.2769 272.8616 13.19724593187684
ONEWEB-0507             
1 54125U 22138N   26250.60904165  .00000090  00000+0  19215-3 0  9998
2 54125  87.9120 288.5574 0002077  88.7143 271.4228 13.19726087187727
ONEWEB-0508             
1 54126U 22138P   26250.60586624  .00000074  00000+0  15226-3 0  9995
2 54126  87.9117 288.5578 0002078  85.0857 275.0513 13.19727698187705
ONEWEB-0509             
1 54127U 22138Q   26250.58059433  .00000018  00000+0  12049-4 0  9995
2 54127  87.9130 288.5595 0001967  89.6974 270.4384 13.19724116187679
ONEWEB-0510             
1 54128U 22138R   26250.55538957  .00000015  00000+0  45546-5 0  9992
2 54128  87.9132 258.0066 0001751 102.3332 257.7997 13.20773308190153
ONEWEB-0511             
1 54129U 22138S   26250.80488677  .00000005  00000+0 -19396-4 0  9997
2 54129  87.9123 288.5140 0002200  96.3396 263.7987 13.19727626187733
ONEWEB-0512             
1 54130U 22138T   26250.56954233  .00000035  00000+0  55993-4 0  9993
2 54130  87.9123 288.5625 0002206  87.9360 272.2026 13.19727908187671
ONEWEB-0513             
1 54131U 22138U   26250.84446537  .00000050  00000+0  91827-4 0  9991
2 54131  87.9121 288.4401 0002831  88.9114 271.2343 13.20260442187626
ONEWEB-0514             
1 54132U 22138V   26250.66115919 -.00000015  00000+0 -71047-4 0  9994
2 54132  87.9125 288.5428 0001903  97.3795 262.7554 13.19726356187706
ONEWEB-0515             
1 54133U 22138W   26250.54194335  .00000038  00000+0  61796-4 0  9994
2 54133  87.9138 258.0076 0001115  90.6928 269.4334 13.20771175190177
ONEWEB-0516             
1 54134U 22138X   26250.86334209 -.00000039  00000+0 -12898-3 0  9997
2 54134  87.9122 288.5042 0001910  89.4292 270.7059 13.19725219187738
ONEWEB-0517             
1 54135U 22138Y   26250.84281915  .00000060  00000+0  11818-3 0  9994
2 54135  87.9124 288.5050 0002130 101.7268 258.4104 13.19725214187735
ONEWEB-0518             
1 54136U 22138Z   26250.55847814  .00000012  00000+0 -18261-5 0  9998
2 54136  87.9119 288.5662 0001822  88.7238 271.4103 13.19726969187694
ONEWEB-0519             
1 54137U 22138AA  26250.58377243  .00000011  00000+0 -42056-5 0  9994
2 54137  87.9125 288.5574 0002075  98.9282 261.2086 13.19726217187702
ONEWEB-0520             
1 54138U 22138AB  26250.84597657  .00000075  00000+0  15420-3 0  9999
2 54138  87.9126 288.5066 0002100  87.5242 272.6131 13.19725005187722
ONEWEB-0521             
1 54139U 22138AC  26250.80332999 -.00000018  00000+0 -76720-4 0  9992
2 54139  87.9131 288.5064 0002022 100.5261 259.6099 13.19725874187662
ONEWEB-0522             
1 54140U 22138AD  26250.85861185 -.00000007  00000+0 -50390-4 0  9996
2 54140  87.9130 288.4972 0002115  91.8277 268.3098 13.19726002187718
ONEWEB-0523             
1 54141U 22138AE  26250.52847395  .00000050  00000+0  91815-4 0  9991
2 54141  87.9136 258.0179 0001527 111.1537 248.9759 13.20772151190178
ONEWEB-0524             
1 54142U 22138AF  26250.97291029  .00000133  00000+0  29394-3 0  9992
2 54142  87.9136 257.9255 0001151  77.5051 282.6211 13.20772262190239
ONEWEB-0525             
1 54143U 22138AG  26250.80172529  .00000057  00000+0  11052-3 0  9995
2 54143  87.9128 288.5143 0002069  83.3539 276.7829 13.19727250187726
ONEWEB-0526             
1 54144U 22138AH  26250.60744048 -.00000152  00000+0 -41080-3 0  9997
2 54144  87.9128 288.5529 0001954  89.2589 270.8768 13.19724861187673
ONEWEB-0529             
1 54145U 22138AJ  26250.83807602  .00000024  00000+0  28428-4 0  9997
2 54145  87.9120 288.5107 0002079  88.2478 271.8893 13.19724876187725
ONEWEB-0531             
1 54146U 22138AK  26250.95945184  .00000132  00000+0  29219-3 0  9997
2 54146  87.9131 257.9263 0001629 104.5222 255.6092 13.20772816190230
ONEWEB-0535             
1 54147U 22138AL  26250.87124918  .00000073  00000+0  14934-3 0  9995
2 54147  87.9130 288.4948 0001874 105.3207 254.8133 13.19725210187746
ONEWEB-0536             
1 54148U 22138AM  26250.56718611  .00000082  00000+0  17035-3 0  9996
2 54148  87.9134 258.0182 0001051 104.8564 255.2686 13.20772962190178
ONEWEB-0527             
1 54642U 22166A   26250.38294728 -.00000022  00000+0 -83865-4 0  9995
2 54642  87.9252 227.6313 0002106  82.8180 277.3194 13.21826086182399
ONEWEB-0528             
1 54643U 22166B   26250.91365722  .00000008  00000+0 -11587-4 0  9993
2 54643  87.9256 227.5293 0002132  76.7018 283.4354 13.21825430182478
ONEWEB-0539             
1 54644U 22166C   26250.87581523  .00000070  00000+0  13894-3 0  9998
2 54644  87.9261 227.5137 0002244  87.1997 272.9394 13.21826977182461
ONEWEB-0540             
1 54645U 22166D   26250.50417431 -.00000135  00000+0 -35808-3 0  9998
2 54645  87.9252 227.6124 0002059  87.4328 272.7041 13.21826155182403
ONEWEB-0542             
1 54646U 22166E   26250.88590977  .00000085  00000+0  17468-3 0  9991
2 54646  87.9262 227.5117 0002297  89.7954 270.3444 13.21826185182460
ONEWEB-0545             
1 54647U 22166F   26250.16931030  .00000008  00000+0 -13207-4 0  9996
2 54647  87.9253 227.6597 0002309  99.8168 260.3227 13.21826518182331
ONEWEB-0580             
1 54648U 22166G   26250.67395011  .00000064  00000+0  12311-3 0  9991
2 54648  87.9253 227.5588 0002098  95.7029 264.4345 13.21824554182443
ONEWEB-0582             
1 54649U 22166H   26250.64030945  .00000047  00000+0  81727-4 0  9990
2 54649  87.9258 227.5598 0002354  94.0844 266.0559 13.21827431182411
ONEWEB-0583             
1 54650U 22166J   26250.65207779  .00000119  00000+0  25732-3 0  9997
2 54650  87.9253 227.5791 0002158  87.2400 272.8981 13.21824721182421
ONEWEB-0584             
1 54651U 22166K   26250.67225466 -.00000209  00000+0 -53697-3 0  9996
2 54651  87.9251 227.5588 0002069  86.2925 273.8445 13.21825503182410
ONEWEB-0585             
1 54652U 22166L   26250.92290698  .00000058  00000+0  10846-3 0  9993
2 54652  87.9258 227.5006 0002056  79.3730 280.7636 13.21827512182451
ONEWEB-0586             
1 54653U 22166M   26250.93636239  .00000006  00000+0 -16688-4 0  9995
2 54653  87.9256 227.5208 0002257  90.1900 269.9493 13.21824258182451
ONEWEB-0587             
1 54654U 22166N   26250.64368358  .00000060  00000+0  11354-3 0  9991
2 54654  87.9265 227.5606 0001935  74.8348 285.3000 13.21826029182578
ONEWEB-0589             
1 54655U 22166P   26250.93300891  .00000015  00000+0  49586-5 0  9992
2 54655  87.9253 227.5046 0002481 103.7210 256.4201 13.21825844182476
ONEWEB-0590             
1 54656U 22166Q   26250.88238360 -.00002198  00000+0 -53549-2 0  9995
2 54656  87.9261 227.5132 0001613  89.6214 270.5105 13.21834872182453
ONEWEB-0591             
1 54657U 22166R   26250.36444444  .00000066  00000+0  12822-3 0  9991
2 54657  87.9252 227.6238 0002036  86.1407 273.9959 13.21826557182419
ONEWEB-0592             
1 54658U 22166S   26250.67057638  .00000075  00000+0  14972-3 0  9999
2 54658  87.9265 227.5487 0002080  84.2824 275.8547 13.21827439182335
ONEWEB-0593             
1 54659U 22166T   26250.91954883  .00000013  00000+0 -75224-6 0  9998
2 54659  87.9258 227.5057 0002208  84.5220 275.6166 13.21825489182479
ONEWEB-0594             
1 54660U 22166U   26250.63693828  .00000089  00000+0  18383-3 0  9990
2 54660  87.9252 227.5760 0002096  79.1483 280.9887 13.21827543182452
ONEWEB-0595             
1 54661U 22166V   26250.91618525  .00000043  00000+0  71784-4 0  9998
2 54661  87.9262 227.5078 0001931  79.3371 280.7980 13.21826253182461
ONEWEB-0596             
1 54662U 22166W   26250.89094327  .00000106  00000+0  22579-3 0  9991
2 54662  87.9254 227.5192 0002026  82.5306 277.6058 13.21827547182468
ONEWEB-0597             
1 54663U 22166X   26250.19118803  .00000093  00000+0  19266-3 0  9995
2 54663  87.9254 227.6601 0002153  86.6833 273.4548 13.21826454182370
ONEWEB-0600             
1 54664U 22166Y   26250.17267880  .00000029  00000+0  39644-4 0  9996
2 54664  87.9255 227.6558 0002283  83.1921 276.9473 13.21826311182341
ONEWEB-0601             
1 54665U 22166Z   26250.92123101  .00000032  00000+0  46557-4 0  9992
2 54665  87.9251 227.5217 0002240  89.8586 270.2805 13.21825196182630
ONEWEB-0602             
1 54666U 22166AA  26250.88673717  .00000081  00000+0  16363-3 0  9996
2 54666  87.9253 227.5338 0002340  82.5424 277.5975 13.21827688182477
ONEWEB-0603             
1 54667U 22166AB  26250.66552716 -.00000243  00000+0 -62016-3 0  9996
2 54667  87.9262 227.5435 0002175  85.4228 274.7155 13.21825744182375
ONEWEB-0604             
1 54668U 22166AC  26250.88086226  .00000104  00000+0  22114-3 0  9998
2 54668  87.9256 227.5162 0002100  81.3758 278.7613 13.21826743182369
ONEWEB-0605             
1 54669U 22166AD  26250.64701813 -.00000164  00000+0 -42946-3 0  9992
2 54669  87.9254 227.5699 0001924 102.5356 257.5993 13.21826257182407
ONEWEB-0606             
1 54670U 22166AE  26250.66889290  .00000038  00000+0  60835-4 0  9998
2 54670  87.9255 227.5774 0002093  79.6869 280.4501 13.21824163182465
ONEWEB-0607             
1 54671U 22166AF  26250.33246604  .00000051  00000+0  92942-4 0  9998
2 54671  87.9261 227.6209 0002100  86.7643 273.3731 13.21825636182399
ONEWEB-0608             
1 54672U 22166AG  26250.64199382  .00000075  00000+0  14938-3 0  9997
2 54672  87.9264 227.5587 0002220  97.5888 262.5499 13.21827353182440
ONEWEB-0610             
1 54673U 22166AH  26250.92459735 -.00000010  00000+0 -56248-4 0  9992
2 54673  87.9254 227.5083 0002508  94.9613 265.1808 13.21826015182387
ONEWEB-0611             
1 54674U 22166AJ  26250.91785884  .00000088  00000+0  18137-3 0  9996
2 54674  87.9257 227.5067 0002040  81.1681 278.9684 13.21826890182371
ONEWEB-0612             
1 54675U 22166AK  26250.32575154  .00000042  00000+0  70900-4 0  9996
2 54675  87.9259 227.6266 0002131  86.8476 273.2901 13.21826203182289
ONEWEB-0615             
1 54676U 22166AL  26250.68402292 -.00000289  00000+0 -73089-3 0  9993
2 54676  87.9256 227.5635 0002134  77.3927 282.7445 13.21825238182347
ONEWEB-0655             
1 54677U 22166AM  26250.88759502  .00000099  00000+0  20848-3 0  9997
2 54677  87.9255 227.5233 0002300  83.9787 276.1609 13.21826770182366
ONEWEB-0659             
1 54678U 22166AN  26250.67731906 -.00000034  00000+0 -11301-3 0  9998
2 54678  87.9254 227.5639 0002090  84.2618 275.8754 13.21826748182428
ONEWEB-0685             
1 54679U 22166AP  26250.93040250  .00000030  00000+0  40476-4 0  9993
2 54679  87.9249 227.4806 0001928 101.6643 258.4708 13.23187194182354
ONEWEB-0712             
1 54680U 22166AQ  26250.59271463  .00000004  00000+0 -23828-4 0  9993
2 54680  87.9136 212.4098 0002557  77.5386 282.6031 13.16594410182906
ONEWEB-0714             
1 54681U 22166AR  26250.68236954  .00000045  00000+0  77880-4 0  9991
2 54681  87.9260 227.5543 0002347  80.0610 280.0788 13.21825967182432
ONEWEB-0532             
1 55140U 23004A   26250.80293171  .00000037  00000+0  61124-4 0  9997
2 55140  87.9201 349.4535 0001567 107.3566 252.7737 13.17650884178466
ONEWEB-0533             
1 55141U 23004B   26250.79354209 -.00000397  00000+0 -11395-2 0  9990
2 55141  87.8991 334.2682 0001978 106.7482 253.3863 13.12441818178897
ONEWEB-0541             
1 55142U 23004C   26250.81170931 -.00006951  00000+0 -19653-1 0  9998
2 55142  87.8969   4.6312 0001066  92.3615 267.7635 13.11451207176770
ONEWEB-0543             
1 55143U 23004D   26250.71752438  .00000125  00000+0  28486-3 0  9997
2 55143  87.9175 319.0689 0002086  93.1169 267.0202 13.18686772180577
ONEWEB-0544             
1 55144U 23004E   26250.71076770  .00000042  00000+0  74234-4 0  9997
2 55144  87.9178 319.0697 0001864  91.9690 268.1656 13.18686760180570
ONEWEB-0560             
1 55145U 23004F   26250.70403273  .00000046  00000+0  85068-4 0  9990
2 55145  87.9176 319.0609 0001879  91.2783 268.8564 13.18685461180587
ONEWEB-0565             
1 55146U 23004G   26250.69726741  .00000022  00000+0  23756-4 0  9997
2 55146  87.9168 319.0828 0001566  94.7034 265.4277 13.18687065180577
ONEWEB-0567             
1 55147U 23004H   26250.69054467  .00000008  00000+0 -13342-4 0  9992
2 55147  87.9175 319.0757 0001673  94.4515 265.6809 13.18686118180578
ONEWEB-0569             
1 55148U 23004J   26250.66081593  .00000065  00000+0  14442-3 0  9993
2 55148  87.8942 303.8195 0001917  70.3683 289.7653 13.13470236181007
ONEWEB-0570             
1 55149U 23004K   26250.90974200  .00000027  00000+0  35064-4 0  9999
2 55149  87.9177 319.0287 0001772 112.4408 247.6912 13.18686677180599
ONEWEB-0571             
1 55150U 23004L   26250.67536608 -.00000014  00000+0 -67987-4 0  9998
2 55150  87.9177 319.0747 0001239  60.2329 299.8927 13.18685968180577
ONEWEB-0572             
1 55151U 23004M   26250.75820843  .00000002  00000+0 -27672-4 0  9998
2 55151  87.9206 349.4641 0001699 100.2208 259.9115 13.17650321178355
ONEWEB-0573             
1 55152U 23004N   26250.74450025 -.00000039  00000+0 -13163-3 0  9999
2 55152  87.9177 319.0637 0001221  80.7222 279.4048 13.18687140180579
ONEWEB-0588             
1 55153U 23004P   26250.73775219  .00000064  00000+0  12966-3 0  9990
2 55153  87.9175 319.0633 0001530 110.4112 249.7185 13.18686179180579
ONEWEB-0598             
1 55154U 23004Q   26250.78967626 -.00000001  00000+0 -37934-4 0  9997
2 55154  87.8956   4.6419 0001473  77.0876 283.0417 13.11414726176727
ONEWEB-0599             
1 55155U 23004R   26250.79533630 -.00000042  00000+0 -14120-3 0  9999
2 55155  87.9203 349.4555 0001947  94.3362 265.7992 13.17649805178364
ONEWEB-0614             
1 55156U 23004S   26250.32679002  .00000124  00000+0  31301-3 0  9992
2 55156  87.8956   4.7394 0001739 114.1620 245.9690 13.11414362176600
ONEWEB-0616             
1 55157U 23004T   26250.76158240 -.00000011  00000+0 -61052-4 0  9991
2 55157  87.9205 349.4667 0002605  85.4538 274.6892 13.17650438178575
ONEWEB-0617             
1 55158U 23004U   26250.77272138  .00000462  00000+0  12670-2 0  9994
2 55158  87.8963   4.6473 0001638 114.2235 245.9064 13.11416172176682
ONEWEB-0618             
1 55159U 23004V   26250.96953645  .00004053  00000+0  22216-3 0  9993
2 55159  86.9111 144.0208 0012048 359.1468   0.9750 15.13848168194788
ONEWEB-0619             
1 55160U 23004W   26250.79364748  .00000065  00000+0  13390-3 0  9998
2 55160  87.9210 349.4482 0002189 107.8342 252.3029 13.17649857178476
ONEWEB-0620             
1 55161U 23004X   26250.76763177  .00000525  00000+0  14451-2 0  9994
2 55161  87.8953   4.6518 0001499  97.2054 262.9244 13.11417177176651
ONEWEB-0621             
1 55162U 23004Y   26250.79474459 -.00000241  00000+0 -71545-3 0  9995
2 55162  87.8962   4.6423 0001824 107.9173 252.2154 13.11414031176636
ONEWEB-0622             
1 55163U 23004Z   26250.79983349 -.00000374  00000+0 -10918-2 0  9992
2 55163  87.8956   4.6435 0001402 128.9489 231.1764 13.11415311176622
ONEWEB-0623             
1 55164U 23004AA  26250.78857881 -.00000466  00000+0 -12343-2 0  9999
2 55164  87.9202 349.4697 0001972 123.5974 236.5346 13.17640137178461
ONEWEB-0624             
1 55165U 23004AB  26250.72918075 -.00000334  00000+0 -95786-3 0  9994
2 55165  87.8993 334.1825 0001777 104.9440 255.1886 13.12931092178909
ONEWEB-0625             
1 55166U 23004AC  26250.77845095 -.00000012  00000+0 -65337-4 0  9994
2 55166  87.9205 349.4698 0002005  98.2786 261.8573 13.17650554178450
ONEWEB-0626             
1 55167U 23004AD  26250.76833654 -.00000018  00000+0 -80138-4 0  9994
2 55167  87.9214 349.4693 0001648  90.0415 270.0906 13.17648167178456
ONEWEB-0627             
1 55168U 23004AE  26250.75653340 -.00000013  00000+0 -66201-4 0  9996
2 55168  87.9202 349.4741 0001917 114.6516 245.4816 13.17649587178455
ONEWEB-0628             
1 55169U 23004AF  26250.74116340 -.00000224  00000+0 -65704-3 0  9990
2 55169  87.8995 334.2645 0002217 114.1905 245.9455 13.12443602178864
ONEWEB-0629             
1 55170U 23004AG  26250.80778574  .00019123  00000+0  49004-1 0  9991
2 55170  87.9201 349.4589 0001781 166.6256 193.4923 13.17806273178463
ONEWEB-0631             
1 55171U 23004AH  26250.73098812  .00001962  00000+0  49417-2 0  9995
2 55171  87.9183 319.0391 0001645 102.0588 258.0728 13.18703999180554
ONEWEB-0709             
1 55172U 23004AJ  26250.75745332  .00000294  00000+0  79444-3 0  9995
2 55172  87.8955   4.6561 0001365  70.0534 290.0741 13.11417651176692
ONEWEB-0710             
1 55173U 23004AK  26250.74640653  .00000029  00000+0  42593-4 0  9997
2 55173  87.9205 349.4664 0001816 107.5892 252.5438 13.17649858178454
ONEWEB-0711             
1 55174U 23004AL  26250.80491472 -.00000558  00000+0 -16107-2 0  9997
2 55174  87.8961   4.6371 0001694 124.3053 235.8235 13.11415118176662
ONEWEB-0713             
1 55175U 23004AM  26250.74727119 -.00000174  00000+0 -52742-3 0  9991
2 55175  87.8964   4.6511 0001683 112.6556 247.4750 13.11418305176648
ONEWEB-0715             
1 55176U 23004AN  26250.81848227 -.00000374  00000+0 -10914-2 0  9990
2 55176  87.8961   4.6368 0001185  86.6209 273.5054 13.11417686176691
ONEWEB-0716             
1 55177U 23004AP  26250.81559358  .00000070  00000+0  14622-3 0  9997
2 55177  87.9208 349.4554 0002001  98.7793 261.3566 13.17649708178462
ONEWEB-0717             
1 55178U 23004AQ  26250.79870794  .00000243  00000+0  59380-3 0  9997
2 55178  87.9205 349.4543 0001519 117.8041 242.3245 13.17649181178514
ONEWEB-0719             
1 55179U 23004AR  26250.80883154  .00000094  00000+0  20827-3 0  9992
2 55179  87.9214 349.4328 0001993  99.9748 260.1609 13.17650550178464
ONEWEB-0530             
1 55796U 23029A   26250.58907521  .00000106  00000+0  22765-3 0  9991
2 55796  87.9124 258.0252 0002016 103.4432 256.6926 13.20772033172021
ONEWEB-0534             
1 55797U 23029B   26250.95608268  .00000150  00000+0  33764-3 0  9999
2 55797  87.9123 257.9540 0002066  87.8680 272.2690 13.20772745172071
ONEWEB-0556             
1 55798U 23029C   26250.96282029  .00000097  00000+0  20702-3 0  9992
2 55798  87.9126 257.9505 0002838  95.8382 264.3075 13.20771635172077
ONEWEB-0562             
1 55799U 23029D   26250.72207903  .00000049  00000+0  87727-4 0  9993
2 55799  87.9136 257.9845 0002495 108.0002 252.1404 13.20771639172043
ONEWEB-0563             
1 55800U 23029E   26250.56549550  .00000000  00000+0 -32356-4 0  9991
2 55800  87.9125 258.0418 0002120  84.7918 275.3457 13.20773307172019
ONEWEB-0564             
1 55801U 23029F   26250.71029519  .00000090  00000+0  19044-3 0  9993
2 55801  87.9135 257.9892 0002074  99.8693 260.2674 13.20771955172044
ONEWEB-0638             
1 55802U 23029G   26250.59989236  .00000108  00000+0  25543-3 0  9992
2 55802  87.8892 273.3119 0002359  98.0721 262.0677 13.14501859170225
ONEWEB-0639             
1 55803U 23029H   26250.82386479  .00000038  00000+0  62002-4 0  9993
2 55803  87.9121 288.5148 0002622  68.7348 291.4064 13.19726207169803
ONEWEB-0640             
1 55804U 23029J   26250.60835567  .00000072  00000+0  15957-3 0  9991
2 55804  87.8892 273.2996 0002545  96.6899 263.4521 13.14500817170244
ONEWEB-0641             
1 55805U 23029K   26250.81912249  .00000086  00000+0  18175-3 0  9998
2 55805  87.9127 288.5106 0002073  91.8682 268.2688 13.19725443169819
ONEWEB-0642             
1 55806U 23029L   26250.81438433  .00000033  00000+0  49465-4 0  9996
2 55806  87.9123 288.5184 0002043  70.4140 289.7213 13.19725207169800
ONEWEB-0643             
1 55807U 23029M   26250.80795626 -.00000221  00000+0 -63076-3 0  9990
2 55807  87.8892 273.2482 0001803  72.4689 287.6638 13.14503206170244
ONEWEB-0644             
1 55808U 23029N   26250.65801187  .00000014  00000+0  19971-5 0  9999
2 55808  87.9118 288.5497 0001910  83.1864 276.9486 13.19724772169782
ONEWEB-0645             
1 55809U 23029P   26250.83175815  .00000091  00000+0  19558-3 0  9996
2 55809  87.9121 288.5126 0002330  86.1628 273.9771 13.19724705169807
ONEWEB-0646             
1 55810U 23029Q   26250.62167533  .00000032  00000+0  47180-4 0  9991
2 55810  87.9118 288.5547 0001900  84.9498 275.1852 13.19726240169760
ONEWEB-0648             
1 55811U 23029R   26250.77580778 -.00000110  00000+0 -33258-3 0  9997
2 55811  87.8903 273.2365 0002574  74.4798 285.6616 13.14502233170244
ONEWEB-0649             
1 55812U 23029S   26250.79857472 -.00000027  00000+0 -10054-3 0  9994
2 55812  87.9122 288.5172 0002107  87.5691 272.5683 13.19723206169824
ONEWEB-0650             
1 55813U 23029T   26250.64220435  .00000018  00000+0  12339-4 0  9999
2 55813  87.9121 288.5508 0002016  75.8311 284.3045 13.19726402169773
ONEWEB-0652             
1 55814U 23029U   26250.60497276 -.00000146  00000+0 -42716-3 0  9990
2 55814  87.8904 273.2764 0001863  95.9763 264.1579 13.14502752170191
ONEWEB-0653             
1 55815U 23029V   26250.58977920  .00000264  00000+0  67781-3 0  9995
2 55815  87.8898 273.2783 0001983  94.4852 265.6505 13.14504581170222
ONEWEB-0654             
1 55816U 23029W   26250.58469999  .00000134  00000+0  32799-3 0  9995
2 55816  87.8902 273.2750 0002037 101.1404 258.9955 13.14503851170248
ONEWEB-0656             
1 55817U 23029X   26250.55202542  .00000024  00000+0  26143-4 0  9997
2 55817  87.9136 258.0038 0001914 104.0189 256.1157 13.20773671172022
ONEWEB-0657             
1 55818U 23029Y   26250.86492899 -.00000022  00000+0 -88399-4 0  9999
2 55818  87.9119 288.5054 0001518 116.0333 244.0956 13.19724544169813
ONEWEB-0658             
1 55819U 23029Z   26250.63274065  .00000001  00000+0 -29072-4 0  9997
2 55819  87.9129 288.5345 0001912  81.5909 278.5440 13.19725051169792
ONEWEB-0660             
1 55820U 23029AA  26250.56271012 -.00000037  00000+0 -13540-3 0  9992
2 55820  87.8911 273.2778 0002143  88.7100 271.4276 13.14504319170228
ONEWEB-0661             
1 55821U 23029AB  26250.82487590  .00000110  00000+0  26326-3 0  9998
2 55821  87.8896 273.2579 0002212  92.5053 267.6330 13.14501985170243
ONEWEB-0662             
1 55822U 23029AC  26250.55593081 -.00000068  00000+0 -21899-3 0  9996
2 55822  87.8896 273.3169 0002285  89.0610 271.0782 13.14500933170253
ONEWEB-0663             
1 55823U 23029AD  26250.73098120  .00000095  00000+0  20204-3 0  9998
2 55823  87.9137 258.0369 0002245  79.8389 280.2998 13.20874190172047
ONEWEB-0664             
1 55824U 23029AE  26250.76588356  .00001111  00000+0  26994-2 0  9998
2 55824  87.9133 258.0019 0002425  91.8733 268.2679 13.20767316172046
ONEWEB-0665             
1 55825U 23029AF  26250.59399543  .00000243  00000+0  62188-3 0  9999
2 55825  87.8901 273.2867 0002165  87.0378 273.0999 13.14502118170230
ONEWEB-0666             
1 55826U 23029AG  26250.53184442  .00000018  00000+0  11518-4 0  9996
2 55826  87.9125 258.0397 0001332 100.8855 259.2428 13.20772118172026
ONEWEB-0667             
1 55827U 23029AH  26250.75406818  .00000084  00000+0  17524-3 0  9990
2 55827  87.9138 257.9654 0002123  88.5096 271.6280 13.20772269172046
ONEWEB-0669             
1 55828U 23029AJ  26250.97628473  .00000131  00000+0  28903-3 0  9994
2 55828  87.9131 257.9278 0002198 104.2593 255.8785 13.20772451172072
ONEWEB-0670             
1 55829U 23029AK  26250.80120941 -.00000026  00000+0 -10526-3 0  9991
2 55829  87.8892 273.2603 0002289  95.3307 264.8084 13.14503399170282
ONEWEB-0671             
1 55830U 23029AL  26250.62797739  .00000051  00000+0  96169-4 0  9992
2 55830  87.9122 288.5531 0002183  89.4258 270.7125 13.19727362169779
ONEWEB-0672             
1 55831U 23029AM  26250.51668276  .00000116  00000+0  25296-3 0  9998
2 55831  87.9136 258.0133 0001830  96.1878 263.9464 13.20770009172015
ONEWEB-0673             
1 55832U 23029AN  26250.83254258 -.00000003  00000+0 -40038-4 0  9994
2 55832  87.9124 288.5090 0002116  93.3380 266.7995 13.19724886169801
ONEWEB-0674             
1 55833U 23029AP  26250.76735276 -.00000161  00000+0 -46871-3 0  9996
2 55833  87.8897 273.2469 0002339  96.1875 263.9521 13.14502138170261
ONEWEB-0675             
1 55834U 23029AQ  26250.84755289 -.00003481  00000+0 -87289-2 0  9997
2 55834  87.9118 288.5118 0001636  94.5269 265.6050 13.19742761169826
ONEWEB-0720             
1 55835U 23029AR  26250.61220821  .00000130  00000+0  29337-3 0  9999
2 55835  87.9120 288.5585 0002040  85.9148 274.2218 13.19724689169717
ONEWEB-0537             
1 56046U 23043A   26250.65128637  .00000075  00000+0  16277-3 0  9993
2 56046  87.9133 212.3949 0001904  82.8223 277.3125 13.16592863169819
ONEWEB-0538             
1 56047U 23043B   26250.34097264  .00000164  00000+0  39506-3 0  9990
2 56047  87.9132 212.4594 0001912  74.5354 285.5988 13.16593370169786
ONEWEB-0546             
1 56048U 23043C   26250.86029380  .00000011  00000+0 -40492-5 0  9992
2 56048  87.9129 212.3564 0001526  93.8839 266.2466 13.16594759169848
ONEWEB-0547             
1 56049U 23043D   26250.90861274  .00000069  00000+0  13520-3 0  9996
2 56049  87.9261 227.5081 0002078  78.8332 281.3035 13.21826644169153
ONEWEB-0548             
1 56050U 23043E   26250.88481517  .00000147  00000+0  35218-3 0  9998
2 56050  87.9131 212.3459 0002398  88.8528 271.2878 13.16595717169842
ONEWEB-0549             
1 56051U 23043F   26250.90272134  .00000051  00000+0  92730-4 0  9992
2 56051  87.9258 227.5110 0001885  74.5635 285.5707 13.21827350169156
ONEWEB-0550             
1 56052U 23043G   26250.35940432  .00000090  00000+0  18661-3 0  9998
2 56052  87.9251 227.6193 0002286  85.6429 274.4966 13.21825967169080
ONEWEB-0551             
1 56053U 23043H   26250.52532148 -.00000130  00000+0 -37865-3 0  9993
2 56053  87.8966 242.8069 0001958  76.8422 283.2927 13.15548204167222
ONEWEB-0552             
1 56054U 23043J   26250.50574821  .00000094  00000+0  19518-3 0  9998
2 56054  87.9252 227.5929 0002253  80.3946 279.7443 13.21825993169109
ONEWEB-0553             
1 56055U 23043K   26250.86663014  .00000155  00000+0  37211-3 0  9999
2 56055  87.9129 212.3551 0001770  91.3535 268.7799 13.16594920169856
ONEWEB-0554             
1 56056U 23043L   26250.62595983 -.00000061  00000+0 -19329-3 0  9991
2 56056  87.9127 212.4106 0002479  89.7002 270.4413 13.16592265169807
ONEWEB-0555             
1 56057U 23043M   26250.81595259  .00000068  00000+0  14328-3 0  9998
2 56057  87.9134 212.3623 0001707  94.4318 265.7008 13.16593623169834
ONEWEB-0557             
1 56058U 23043N   26250.83020617  .00000003  00000+0 -25218-4 0  9993
2 56058  87.9138 212.3698 0002557 110.1522 249.9884 13.16594795169835
ONEWEB-0558             
1 56059U 23043P   26250.49901581  .00000177  00000+0  39804-3 0  9990
2 56059  87.9254 227.5910 0001840  77.5330 282.6010 13.21825599169118
ONEWEB-0559             
1 56060U 23043Q   26250.86572535  .00000021  00000+0  19493-4 0  9997
2 56060  87.9257 227.5152 0002121  77.9619 282.1752 13.21826347169174
ONEWEB-0566             
1 56061U 23043R   26250.17772752  .00000083  00000+0  17001-3 0  9995
2 56061  87.9257 227.6504 0002135  74.7602 285.3768 13.21827110169068
ONEWEB-0568             
1 56062U 23043S   26250.31564228  .00000006  00000+0 -17993-4 0  9996
2 56062  87.9130 212.4603 0001873  85.2565 274.8780 13.16594304169780
ONEWEB-0574             
1 56063U 23043T   26250.92796282  .00000019  00000+0  13736-4 0  9995
2 56063  87.9260 227.5061 0002164  88.0801 272.0581 13.21826276169206
ONEWEB-0575             
1 56064U 23043U   26249.85333372  .00000034  00000+0  55414-4 0  9999
2 56064  87.9133 212.5485 0002190  91.6241 268.5141 13.16594288169714
ONEWEB-0576             
1 56065U 23043V   26250.82229381  .00000075  00000+0  16387-3 0  9993
2 56065  87.9138 212.3662 0002101  86.0223 274.1148 13.16594967169832
ONEWEB-0577             
1 56066U 23043W   26250.82863319  .00000027  00000+0  36230-4 0  9996
2 56066  87.9136 212.3624 0002523  96.3435 263.7983 13.16594609169863
ONEWEB-0578             
1 56067U 23043X   26250.91450496  .00000007  00000+0 -13910-4 0  9994
2 56067  87.9258 227.5046 0001860  89.9767 270.1580 13.21825648169168
ONEWEB-0579             
1 56068U 23043Y   26250.22482073 -.00000024  00000+0 -88715-4 0  9990
2 56068  87.9263 227.6428 0002275  79.3240 280.8151 13.21824129169086
ONEWEB-0581             
1 56069U 23043Z   26250.60697349  .00000069  00000+0  14561-3 0  9991
2 56069  87.9130 212.4123 0002445  91.2922 268.8489 13.16594309169801
ONEWEB-0609             
1 56070U 23043AA  26250.93173918 -.00000108  00000+0 -32106-3 0  9991
2 56070  87.8964 242.7094 0001996  84.5537 275.5821 13.15546755167317
ONEWEB-0613             
1 56071U 23043AB  26250.92936278 -.00000279  00000+0 -77519-3 0  9993
2 56071  87.8966 242.7232 0002113  80.0260 280.1109 13.15547813167317
ONEWEB-0630             
1 56072U 23043AC  26250.92463284 -.00000078  00000+0 -24049-3 0  9993
2 56072  87.8973 242.7008 0002130  81.3572 278.7800 13.15548752167309
ONEWEB-0632             
1 56073U 23043AD  26250.69170539 -.00000104  00000+0 -31044-3 0  9999
2 56073  87.8965 242.7615 0002151  89.5802 270.5575 13.15548537167270
ONEWEB-0633             
1 56074U 23043AE  26250.68535977 -.00000009  00000+0 -58244-4 0  9996
2 56074  87.8977 242.7448 0002040  75.0059 285.1297 13.15548318167257
ONEWEB-0634             
1 56075U 23043AF  26250.67109223 -.00000008  00000+0 -54950-4 0  9996
2 56075  87.8965 242.7813 0001681  88.1291 272.0032 13.15548377167240
ONEWEB-0635             
1 56076U 23043AG  26250.97056187  .00000116  00000+0  27300-3 0  9996
2 56076  87.8976 242.6909 0002213  92.9689 267.1694 13.15547609167318
ONEWEB-0636             
1 56077U 23043AH  26250.96264146  .00000074  00000+0  16306-3 0  9999
2 56077  87.8971 242.6968 0002139  92.1620 267.9755 13.15547654167296
ONEWEB-0637             
1 56078U 23043AJ  26250.95631948  .00000114  00000+0  26925-3 0  9990
2 56078  87.8964 242.7091 0001937  95.1140 265.0211 13.15547491167310
ONEWEB-0647             
1 56079U 23043AK  26250.95156218 -.00000012  00000+0 -66566-4 0  9998
2 56079  87.8966 242.7226 0002186  88.9719 271.1662 13.15548064167306
ONEWEB-0651             
1 56080U 23043AL  26250.94681146  .00000644  00000+0  16754-2 0  9993
2 56080  87.8965 242.7163 0001994  94.7446 265.3912 13.15545591168503
ONEWEB-0718             
1 56081U 23043AM  26250.94205688 -.00000034  00000+0 -12484-3 0  9999
2 56081  87.8967 242.7026 0001533  81.2893 278.8411 13.15548651167311
ONEWEB-0561             
1 56710U 23068A   26250.54528400 -.00000001  00000+0 -33399-4 0  9994
2 56710  87.9136 258.0164 0002348  91.9127 268.2275 13.20773161160377
ONEWEB-0668             
1 56711U 23068B   26250.80963303  .00000168  00000+0  40467-3 0  9994
2 56711  87.9131 212.3647 0001579  87.8498 272.2813 13.16594231162652
ONEWEB-0676             
1 56712U 23068C   26250.58956017  .00000010  00000+0 -64254-5 0  9993
2 56712  87.9138 212.4154 0002276  88.1575 271.9817 13.16594841162544
ONEWEB-0677             
1 56713U 23068D   26250.53352600  .00000001  00000+0 -29075-4 0  9998
2 56713  87.9136 258.0098 0002029 101.7601 258.3760 13.20771110160673
ONEWEB-0678             
1 56714U 23068E   26250.91035297  .00000065  00000+0  13954-3 0  9998
2 56714  87.8973 242.7041 0002212  82.1498 277.9884 13.15547590160165
ONEWEB-0679             
1 56715U 23068F   26250.85236921 -.00000034  00000+0 -12240-3 0  9994
2 56715  87.9133 212.3538 0001878  96.0963 264.0382 13.16593536162600
ONEWEB-0680             
1 56716U 23068G   26250.37790380 -.00000009  00000+0 -52592-4 0  9993
2 56716  87.9263 227.6139 0001647  95.9988 264.1334 13.21825945161953
ONEWEB-0681             
1 56717U 23068H   26250.90146490  .00000070  00000+0  13847-3 0  9995
2 56717  87.9257 227.5155 0002780  96.9223 263.2227 13.21300357162010
ONEWEB-0682             
1 56718U 23068J   26250.93412407 -.00000056  00000+0 -18328-3 0  9998
2 56718  87.8973 242.6982 0001647  98.4084 261.7233 13.15547795160339
ONEWEB-0683             
1 56719U 23068K   26250.50155332  .00000104  00000+0  24284-3 0  9993
2 56719  87.8975 242.7869 0001785  88.4447 271.6888 13.15547611160245
ONEWEB-0684             
1 56720U 23068L   26250.96583518  .00000200  00000+0  49741-3 0  9998
2 56720  87.8972 242.6822 0002597  56.7474 303.3905 13.15548745160132
ONEWEB-0686             
1 56721U 23068M   26250.35680386  .00000120  00000+0  27990-3 0  9996
2 56721  87.9124 212.4679 0001800  73.4913 286.6415 13.16593954162525
ONEWEB-0694             
1 56722U 23068N   26250.81913788  .00000240  00000+0  59386-3 0  9990
2 56722  87.9138 212.3549 0001660  87.7006 272.4315 13.16594670162642
ONEWEB-0696             
1 56723U 23068P   26250.69487420 -.00000068  00000+0 -21355-3 0  9991
2 56723  87.8966 242.7688 0002459  80.4474 279.6934 13.15548848160210
ONEWEB-0703             
1 56724U 23068Q   26250.93254298  .00000002  00000+0 -30091-4 0  9999
2 56724  87.8974 242.7043 0002908  82.5242 277.6218 13.15547755160130
ONEWEB-0721             
1 56725U 23068R   26250.91089777  .00000042  00000+0  66329-4 0  9992
2 56725  86.6726  59.0842 0001709  92.1483 267.9846 13.22474994168871
ONEWEB-0015             
1 61594U 24188A   26250.78628670  .00000157  00000+0  40697-3 0  9998
2 61594  87.8950   4.6643 0002011 113.5369 246.5970 13.11414906 95286
ONEWEB-0687             
1 61595U 24188B   26250.77339617  .00000025  00000+0  32014-4 0  9997
2 61595  87.9199 349.4691 0001674 116.1802 243.9502 13.17650244 96771
ONEWEB-0688             
1 61596U 24188C   26250.80207661  .00000082  00000+0  17808-3 0  9991
2 61596  87.9199 349.4636 0002698 126.3694 233.7687 13.17649948 96770
ONEWEB-0689             
1 61597U 24188D   26250.28611051 -.00000171  00000+0 -51787-3 0  9991
2 61597  87.8968   4.7308 0001476 102.6357 257.4937 13.11418780 95218
ONEWEB-0690             
1 61598U 24188E   26250.75406524 -.00000002  00000+0 -42485-4 0  9990
2 61598  87.8965   4.6478 0002322  91.2418 268.8976 13.11418505 95455
ONEWEB-0691             
1 61599U 24188F   26250.74897436 -.00000074  00000+0 -24381-3 0  9999
2 61599  87.8974   4.5660 0001855 112.5286 247.6039 13.11417767 95306
ONEWEB-0692             
1 61600U 24188G   26250.76933069  .00000481  00000+0  13219-2 0  9994
2 61600  87.8956   4.6596 0001280  76.6119 283.5151 13.11416548 95293
ONEWEB-0693             
1 61601U 24188H   26250.81389914  .00000029  00000+0  42665-4 0  9992
2 61601  87.9196 349.4762 0002565  94.8528 265.2897 13.17650841 96768
ONEWEB-0695             
1 61602U 24188J   26250.74558723 -.00000213  00000+0 -63620-3 0  9991
2 61602  87.8960   4.6558 0001278  94.6466 265.4808 13.11419027 95282
ONEWEB-0697             
1 61603U 24188K   26250.77780928  .00000466  00000+0  12789-2 0  9996
2 61603  87.8957   4.6420 0001398  75.4649 284.6634 13.11416181 95277
ONEWEB-0698             
1 61604U 24188L   26250.75576467  .00000131  00000+0  33392-3 0  9999
2 61604  87.8955   4.6584 0002225  69.3879 290.7488 13.11418531 95292
ONEWEB-0699             
1 61605U 24188M   26250.83405649 -.00000115  00000+0 -36556-3 0  9991
2 61605  87.8885  19.8070 0001477  76.4077 283.7215 13.10368909 94134
ONEWEB-0700             
1 61606U 24188N   26250.75939676 -.00000209  00000+0 -63455-3 0  9997
2 61606  87.8898  19.7436 0001503  79.6509 280.4788 13.10369345 94111
ONEWEB-0701             
1 61607U 24188P   26250.31822544 -.00000597  00000+0 -17461-2 0  9990
2 61607  87.8893  19.9113 0001500  72.2712 287.8579 13.10377011 94065
ONEWEB-0702             
1 61608U 24188Q   26250.80151896 -.00002312  00000+0 -65596-2 0  9999
2 61608  87.8975   4.5694 0000960  40.2049 319.9149 13.11420339 95310
ONEWEB-0704             
1 61609U 24188R   26250.76449154 -.00000474  00000+0 -13945-2 0  9990
2 61609  87.8890  19.8138 0000908  67.6774 292.4449 13.10370686 94101
ONEWEB-0705             
1 61610U 24188S   26250.76957596 -.00000633  00000+0 -18494-2 0  9997
2 61610  87.8893  19.8189 0000814 118.3448 241.7761 13.10371700 86271
ONEWEB-0706             
1 61611U 24188T   26250.29617107 -.00000043  00000+0 -15870-3 0  9998
2 61611  87.8886  19.9148 0001169  90.0593 270.0668 13.10370183 94130
ONEWEB-0707             
1 61612U 24188U   26250.76109798 -.00000303  00000+0 -90365-3 0  9994
2 61612  87.8890  19.8193 0001191  89.0782 271.0482 13.10371503 94130
ONEWEB-0708             
1 61613U 24188V   26250.32161275 -.00000536  00000+0 -15723-2 0  9997
2 61613  87.8881  19.9186 0001429 117.2298 242.8975 13.10375304 94051
