ONEWEB-0012             
1 44057U 19010A   26207.46759245  .00000016  00000+0  83245-5 0  9993
2 44057  87.9074 220.9814 0001677  98.5604 261.5717 13.16594581356732
ONEWEB-0010             
1 44058U 19010B   26207.56894379  .00000083  00000+0  18342-3 0  9991
2 44058  87.9078 220.9578 0002374  94.6341 265.5061 13.16594346356795
ONEWEB-0008             
1 44059U 19010C   26207.06227883 -.00000023  00000+0 -92513-4 0  9996
2 44059  87.9077 221.0569 0002488  81.0978 279.0434 13.16583441356843
ONEWEB-0007             
1 44060U 19010D   26207.58463181  .00000091  00000+0  20683-3 0  9999
2 44060  87.8975 251.3701 0002100 104.6204 255.5159 13.15548752356556
ONEWEB-0006             
1 44061U 19010E   26207.58857455  .00000111  00000+0  25997-3 0  9997
2 44061  87.8986 251.3373 0002128  93.4986 266.6388 13.15547166356607
ONEWEB-0011             
1 44062U 19010F   26207.63294684  .00000052  00000+0  10325-3 0  9996
2 44062  87.8983 251.3386 0002188  91.8199 268.3182 13.15547489356602
ONEWEB-0013             
1 45131U 20008A   26207.59800449  .00000171  00000+0  45918-3 0  9998
2 45131  87.8499  44.8661 0000807  98.7602 261.3617 13.09464212311224
ONEWEB-0017             
1 45132U 20008B   26207.47657598  .00000175  00000+0  46605-3 0  9999
2 45132  87.8825  28.4369 0002026  90.6056 269.5304 13.10378823313094
ONEWEB-0020             
1 45133U 20008C   26207.21695862 -.00000420  00000+0 -12401-2 0  9999
2 45133  87.8823  28.4891 0001767  88.9928 271.1402 13.10370758313459
ONEWEB-0021             
1 45134U 20008D   26207.46129649 -.00000565  00000+0 -16542-2 0  9992
2 45134  87.8820  28.4542 0001777  93.2373 266.8957 13.10373960313795
ONEWEB-0023             
1 45136U 20008F   26207.47234331 -.00000057  00000+0 -20024-3 0  9997
2 45136  87.8830  28.4365 0001684  84.7482 275.3837 13.10375419313225
ONEWEB-0024             
1 45137U 20008G   26207.06267927 -.00000509  00000+0 -14935-2 0  9995
2 45137  87.8828  28.5126 0001836  91.3336 268.8002 13.10370679313336
ONEWEB-0025             
1 45138U 20008H   26207.21512010 -.00000389  00000+0 -11499-2 0  9997
2 45138  87.8827  28.4718 0002081  76.2558 283.8801 13.10370003313686
ONEWEB-0026             
1 45139U 20008J   26207.37523386  .00003021  00000+0  84877-2 0  9997
2 45139  87.8902  13.2647 0001734  93.8312 266.3014 13.11398768316247
ONEWEB-0028             
1 45140U 20008K   26207.19738739 -.00000221  00000+0 -65938-3 0  9998
2 45140  87.8896  13.3069 0001246  98.0526 262.0743 13.11562881313734
ONEWEB-0032             
1 45141U 20008L   26207.02028313  .00000371  00000+0  10266-2 0  9998
2 45141  87.8825  28.5303 0001308  86.7741 273.3536 13.10376436313382
ONEWEB-0033             
1 45142U 20008M   26207.45281572 -.00000643  00000+0 -18778-2 0  9994
2 45142  87.8816  28.4496 0002286  91.6765 268.4624 13.10371537313359
ONEWEB-0035             
1 45143U 20008N   26207.47330775  .00000006  00000+0 -18973-4 0  9998
2 45143  87.8823  28.4392 0001860  91.0829 269.0511 13.10374855313083
ONEWEB-0036             
1 45144U 20008P   26207.45099125 -.00000571  00000+0 -16709-2 0  9999
2 45144  87.8836  28.4628 0001602  87.2792 272.8519 13.10373777313509
ONEWEB-0038             
1 45145U 20008Q   26207.46171991  .00000392  00000+0  10705-2 0  9992
2 45145  87.8909  13.2621 0002706 130.7670 229.3693 13.11415889315471
ONEWEB-0039             
1 45146U 20008R   26207.45621000 -.00000584  00000+0 -17097-2 0  9999
2 45146  87.8822  28.4406 0001315  96.2053 263.9225 13.10373307313303
ONEWEB-0040             
1 45147U 20008S   26207.06763015 -.00000590  00000+0 -17258-2 0  9996
2 45147  87.8815  28.5283 0001671  79.6476 280.4840 13.10371016312951
ONEWEB-0043             
1 45149U 20008U   26207.45124623 -.00000571  00000+0 -16713-2 0  9991
2 45149  87.8822  28.4418 0001296  94.2436 265.8839 13.10371482313326
ONEWEB-0044             
1 45150U 20008V   26207.47996999  .00000369  00000+0  10210-2 0  9997
2 45150  87.8827  28.4381 0001676  88.5025 271.6294 13.10378599313623
ONEWEB-0045             
1 45151U 20008W   26207.45649428  .00000560  00000+0  15449-2 0  9990
2 45151  87.8900  13.2431 0001709  96.0640 264.0683 13.11416572315555
ONEWEB-0047             
1 45152U 20008X   26207.24397753  .00000076  00000+0  18023-3 0  9993
2 45152  87.8831  28.4843 0001964  93.8839 266.2513 13.10376308313311
ONEWEB-0048             
1 45153U 20008Y   26207.00995049 -.00000132  00000+0 -41462-3 0  9998
2 45153  87.8821  28.5485 0001747  94.1944 265.9383 13.10376970312892
ONEWEB-0049             
1 45154U 20008Z   26207.47134332 -.00000153  00000+0 -47555-3 0  9992
2 45154  87.8826  28.4452 0001619  76.9749 283.1559 13.10375849313173
ONEWEB-0051             
1 45155U 20008AA  26207.45479188  .00000587  00000+0  16214-2 0  9998
2 45155  87.8896  13.2488 0001808  92.6213 267.5122 13.11417887316235
ONEWEB-0052             
1 45156U 20008AB  26207.03385689  .00000666  00000+0  18723-2 0  9990
2 45156  87.8824  28.5211 0001566  79.4348 280.6955 13.10374199313024
ONEWEB-0053             
1 45157U 20008AC  26207.44772416 -.00000478  00000+0 -14049-2 0  9994
2 45157  87.8815  28.4577 0001305  86.9472 273.1805 13.10370692313059
ONEWEB-0054             
1 45158U 20008AD  26207.48336179  .00000547  00000+0  15301-2 0  9998
2 45158  87.8827  28.4368 0001790  87.0458 273.0875 13.10378046313175
ONEWEB-0056             
1 45159U 20008AE  26207.45436768 -.00000611  00000+0 -17863-2 0  9990
2 45159  87.8829  28.4366 0001938  82.9123 277.2224 13.10372158313322
ONEWEB-0057             
1 45160U 20008AF  26207.47162843 -.00000111  00000+0 -35546-3 0  9998
2 45160  87.8829  28.4440 0001290  81.7208 278.4066 13.10375703313493
ONEWEB-0058             
1 45161U 20008AG  26207.45804912 -.00000597  00000+0 -17460-2 0  9999
2 45161  87.8818  28.4501 0001979  95.7329 264.4024 13.10375577313569
ONEWEB-0059             
1 45162U 20008AH  26207.45465656 -.00000606  00000+0 -17716-2 0  9993
2 45162  87.8820  28.4506 0001535  94.5752 265.5551 13.10374402313465
ONEWEB-0062             
1 45163U 20008AJ  26207.47815049  .00000239  00000+0  64892-3 0  9999
2 45163  87.8832  28.4361 0002120  92.0139 268.1231 13.10375437313330
ONEWEB-0065             
1 45164U 20008AK  26207.58842722  .00000037  00000+0  68904-4 0  9995
2 45164  87.8820  28.4219 0001604  81.0798 279.0510 13.10369735313048
ONEWEB-0066             
1 45424U 20020A   26207.43951357  .00000369  00000+0  10059-2 0  9991
2 45424  87.8894  13.2543 0001803  96.8662 263.2671 13.11416581307820
ONEWEB-0067             
1 45425U 20020B   26207.01938665 -.00000448  00000+0 -13008-2 0  9990
2 45425  87.8914  13.2678 0001624  89.0959 271.0355 13.11423994307829
ONEWEB-0080             
1 45426U 20020C   26207.47698391 -.00000190  00000+0 -57246-3 0  9997
2 45426  87.8905  13.2478 0002099  96.1162 264.0205 13.11414676307856
ONEWEB-0090             
1 45427U 20020D   26206.89542001  .00000035  00000+0  63292-4 0  9994
2 45427  87.8908  13.3676 0001862  92.4383 267.6958 13.11419511307747
ONEWEB-0061             
1 45428U 20020E   26207.00365489  .00000274  00000+0  73792-3 0  9992
2 45428  87.8899  13.3297 0001826  93.6269 266.5067 13.11415882307715
ONEWEB-0081             
1 45429U 20020F   26207.44292966  .00000468  00000+0  12853-2 0  9995
2 45429  87.8899  13.2515 0001625  95.2099 264.9215 13.11418525307886
ONEWEB-0069             
1 45430U 20020G   26207.44474481  .00000391  00000+0  10672-2 0  9993
2 45430  87.8901  13.2546 0001656  98.4275 261.7041 13.11419656307812
ONEWEB-0031             
1 45431U 20020H   26207.02244316 -.00000426  00000+0 -12375-2 0  9993
2 45431  87.8888  13.3407 0001982  93.6832 266.4523 13.11417246307744
ONEWEB-0027             
1 45432U 20020J   26207.36815277 -.00000024  00000+0 -96109-4 0  9994
2 45432  87.9157 358.0727 0002155  89.6344 270.5035 13.17649367311516
ONEWEB-0064             
1 45433U 20020K   26207.40223151 -.00000306  00000+0 -89806-3 0  9992
2 45433  87.8894  13.2588 0001973  91.1649 268.9705 13.11415292307828
ONEWEB-0018             
1 45434U 20020L   26206.82393230  .00000210  00000+0  55549-3 0  9993
2 45434  87.8897  13.3734 0001823 104.9443 255.1887 13.11419050307695
ONEWEB-0083             
1 45435U 20020M   26206.89033147 -.00000204  00000+0 -61141-3 0  9999
2 45435  87.8904  13.3558 0001873  93.8861 266.2481 13.11418964307746
ONEWEB-0095             
1 45436U 20020N   26206.88185369 -.00000439  00000+0 -12738-2 0  9990
2 45436  87.8902  13.3662 0002000  73.1105 287.0243 13.11417424307743
ONEWEB-0092             
1 45437U 20020P   26207.44647747  .00000565  00000+0  15570-2 0  9992
2 45437  87.8901  13.2449 0001815  98.9597 261.1737 13.11418414307930
ONEWEB-0085             
1 45438U 20020Q   26207.42412595 -.00000292  00000+0 -86002-3 0  9990
2 45438  87.8900  13.2539 0001807  92.6836 267.4499 13.11419118307811
ONEWEB-0096             
1 45439U 20020R   26206.81559333  .00000012  00000+0 -24589-5 0  9998
2 45439  87.8902  13.3731 0002000  90.6051 269.5306 13.11418059307725
ONEWEB-0037             
1 45440U 20020S   26207.37501001 -.00014719  00000+0 -41577-1 0  9993
2 45440  87.8909  13.2354 0001904  90.1478 269.9868 13.11509278307837
ONEWEB-0042             
1 45441U 20020T   26206.88157381 -.00000450  00000+0 -13055-2 0  9995
2 45441  87.8901  13.3564 0001710  93.1171 267.0153 13.11418735307734
ONEWEB-0098             
1 45442U 20020U   26207.41155718 -.00000473  00000+0 -13702-2 0  9992
2 45442  87.8901  13.2597 0001892  93.7547 266.3797 13.11415966307788
ONEWEB-0055             
1 45443U 20020V   26207.46653027  .00000248  00000+0  66529-3 0  9998
2 45443  87.8902  13.2481 0001887  93.7426 266.3917 13.11415421307760
ONEWEB-0093             
1 45444U 20020W   26207.45798112  .00000564  00000+0  15664-2 0  9997
2 45444  87.8902  13.2483 0001523  97.2918 262.8383 13.10891792307828
ONEWEB-0029             
1 45445U 20020X   26207.47359819 -.00000016  00000+0 -79814-4 0  9990
2 45445  87.8891  13.2458 0001632  97.5185 262.6128 13.11413799307809
ONEWEB-0068             
1 45446U 20020Y   26207.44618475  .00000478  00000+0  13115-2 0  9994
2 45446  87.8905  13.2494 0001637  95.1315 265.0000 13.11416291307749
ONEWEB-0046             
1 45447U 20020Z   26207.43782840  .00000297  00000+0  80207-3 0  9998
2 45447  87.8895  13.2539 0001540  90.0087 270.1218 13.11419798307755
ONEWEB-0063             
1 45448U 20020AA  26207.46680570  .00000357  00000+0  97197-3 0  9992
2 45448  87.8902  13.2504 0001708  83.1323 277.0000 13.11414461307846
ONEWEB-0019             
1 45449U 20020AB  26207.20033470 -.00000015  00000+0 -77815-4 0  9995
2 45449  87.8898  13.2875 0002014  94.7527 265.3831 13.11419293307656
ONEWEB-0094             
1 45450U 20020AC  26206.85446194  .00000021  00000+0  19905-4 0  9999
2 45450  87.9164 358.1615 0001900 101.2749 258.8597 13.17649406311402
ONEWEB-0087             
1 45451U 20020AD  26207.47669105 -.00000161  00000+0 -49057-3 0  9995
2 45451  87.8909  13.2255 0001650 100.5255 259.6059 13.11416133307730
ONEWEB-0082             
1 45452U 20020AE  26206.40514249 -.00000276  00000+0 -81582-3 0  9992
2 45452  87.8900  13.4523 0001367 100.5378 259.5904 13.11416506307689
ONEWEB-0050             
1 45453U 20020AF  26207.08339589  .00001885  00000+0  19095-3 0  9995
2 45453  88.9278 227.9257 0003919 147.4010 212.7462 14.90499912346171
ONEWEB-0034             
1 45454U 20020AG  26207.43460723  .00000146  00000+0  37696-3 0  9996
2 45454  87.8906  13.2566 0001777  91.3202 268.8130 13.11419989307738
ONEWEB-0060             
1 45455U 20020AH  26207.46582243  .00000256  00000+0  68751-3 0  9990
2 45455  87.8895  13.2457 0001733 126.8866 233.2421 13.11415240307697
ONEWEB-0086             
1 45456U 20020AJ  26207.44448272  .00000515  00000+0  14172-2 0  9997
2 45456  87.8904  13.2482 0002197 111.2557 248.8806 13.11419164307752
ONEWEB-0088             
1 45457U 20020AK  26207.42256631 -.00000463  00000+0 -13427-2 0  9998
2 45457  87.8914  13.2280 0001484  82.9021 277.2276 13.11417557307681
ONEWEB-0102             
1 47258U 20100A   26207.31986373 -.00000617  00000+0 -17508-2 0  9994
2 47258  87.8977 342.8952 0002137 101.6481 258.4887 13.12440506269860
ONEWEB-0109             
1 47259U 20100B   26207.63327779 -.00000525  00000+0 -14945-2 0  9999
2 47259  87.8985 342.8196 0001972  96.2302 263.9051 13.12442589269730
ONEWEB-0110             
1 47260U 20100C   26207.35545167  .00000237  00000+0  62266-3 0  9991
2 47260  87.8986 342.8589 0001951 106.4605 253.6739 13.12444501269865
ONEWEB-0111             
1 47261U 20100D   26207.61464998  .00000132  00000+0  33240-3 0  9997
2 47261  87.8986 342.8261 0001795 101.6693 258.4637 13.12442700269738
ONEWEB-0114             
1 47262U 20100E   26207.34019452 -.00000230  00000+0 -67440-3 0  9999
2 47262  87.8987 342.8793 0002033  93.9063 266.2298 13.12443984269656
ONEWEB-0117             
1 47263U 20100F   26207.33172352 -.00000393  00000+0 -11274-2 0  9991
2 47263  87.8983 342.8704 0001890  99.0871 261.0471 13.12443453269667
ONEWEB-0118             
1 47264U 20100G   26207.36562299  .00000486  00000+0  13160-2 0  9995
2 47264  87.8985 342.8664 0001785  88.4952 271.6381 13.12442810269865
ONEWEB-0119             
1 47265U 20100H   26207.31478800 -.00000148  00000+0 -44742-3 0  9993
2 47265  87.8973 342.8895 0001825  96.8920 263.2417 13.12441619269832
ONEWEB-0120             
1 47266U 20100J   26207.33864392 -.00000316  00000+0 -91490-3 0  9990
2 47266  87.8971 342.8862 0002018  94.6191 265.5168 13.12443401269868
ONEWEB-0121             
1 47267U 20100K   26207.63158818 -.00000362  00000+0 -10427-2 0  9994
2 47267  87.8985 342.8178 0001725 106.7458 253.3860 13.12442826269818
ONEWEB-0122             
1 47268U 20100L   26207.32071895 -.00000291  00000+0 -84309-3 0  9992
2 47268  87.8983 342.8847 0002022  98.6125 261.5233 13.12441587269684
ONEWEB-0123             
1 47269U 20100M   26207.62142372 -.00000079  00000+0 -25596-3 0  9992
2 47269  87.8975 342.8279 0001794  95.3385 264.7948 13.12442277269867
ONEWEB-0124             
1 47270U 20100N   26207.61126417  .00000194  00000+0  50387-3 0  9997
2 47270  87.8975 342.8325 0001758 100.3927 259.7400 13.12441933269742
ONEWEB-0125             
1 47271U 20100P   26207.36052713  .00000357  00000+0  95830-3 0  9990
2 47271  87.8986 342.8701 0001527  97.3055 262.8247 13.12444147269771
ONEWEB-0126             
1 47272U 20100Q   26207.38101071  .00000149  00000+0  37956-3 0  9999
2 47272  87.8977 342.8788 0001966  96.0604 264.0749 13.12441779269847
ONEWEB-0127             
1 47273U 20100R   26207.65191738  .00000023  00000+0  29716-4 0  9996
2 47273  87.8973 342.8222 0001959  95.5358 264.5994 13.12445174269906
ONEWEB-0128             
1 47274U 20100S   26207.36900066  .00000431  00000+0  11640-2 0  9995
2 47274  87.8974 342.8922 0001950 107.1255 253.0087 13.12443586269880
ONEWEB-0129             
1 47275U 20100T   26207.34867383  .00000062  00000+0  13579-3 0  9992
2 47275  87.8983 342.8739 0002794  82.9516 277.1930 13.12443698269815
ONEWEB-0130             
1 47276U 20100U   26207.60449282  .00000399  00000+0  10750-2 0  9996
2 47276  87.8986 342.8191 0001978  98.8175 261.3177 13.12442626269819
ONEWEB-0131             
1 47277U 20100V   26207.37239818  .00000463  00000+0  12527-2 0  9999
2 47277  87.8973 342.8790 0001941 103.0218 257.1128 13.12442726269829
ONEWEB-0132             
1 47278U 20100W   26207.32494442 -.00000392  00000+0 -11239-2 0  9993
2 47278  87.8974 342.8910 0001877  99.7291 260.4050 13.12442731269710
ONEWEB-0133             
1 47279U 20100X   26207.64668754 -.00000165  00000+0 -49428-3 0  9998
2 47279  87.8990 342.8082 0001941 103.0329 257.1017 13.12442312269915
ONEWEB-0134             
1 47280U 20100Y   26207.31139862 -.00000093  00000+0 -29317-3 0  9992
2 47280  87.8989 342.8715 0002099 100.0177 260.1188 13.12441900269848
ONEWEB-0135             
1 47281U 20100Z   26207.35883001  .00000338  00000+0  90497-3 0  9995
2 47281  87.8973 342.8799 0002084 103.4323 256.7037 13.12444577269878
ONEWEB-0136             
1 47282U 20100AA  26207.37747000  .00000379  00000+0  10194-2 0  9996
2 47282  87.8982 342.8607 0002159  99.6965 260.4407 13.12442439269809
ONEWEB-0137             
1 47283U 20100AB  26207.33510302 -.00000505  00000+0 -14394-2 0  9995
2 47283  87.8992 342.8812 0001699  94.3228 265.8095 13.12442701269704
ONEWEB-0138             
1 47284U 20100AC  26207.31309152 -.00000106  00000+0 -32944-3 0  9992
2 47284  87.8983 342.8893 0002067  97.4575 262.6788 13.12441983269786
ONEWEB-0139             
1 47285U 20100AD  26207.65885020  .00000182  00000+0  47143-3 0  9992
2 47285  87.8985 342.8068 0001908  96.9192 263.2154 13.12443815269909
ONEWEB-0140             
1 47286U 20100AE  26207.61295946  .00000111  00000+0  27375-3 0  9998
2 47286  87.8987 342.8076 0001845 103.9813 256.1521 13.12441398269868
ONEWEB-0141             
1 47287U 20100AF  26207.35360324  .00000253  00000+0  66838-3 0  9997
2 47287  87.8983 342.8635 0001711  89.4507 270.6818 13.12445262269815
ONEWEB-0142             
1 47288U 20100AG  26207.64696502 -.00000373  00000+0 -10728-2 0  9991
2 47288  87.8978 342.8245 0002028  86.1815 273.9545 13.12444153269849
ONEWEB-0143             
1 47289U 20100AH  26207.65699955  .00000199  00000+0  51776-3 0  9991
2 47289  87.8975 342.8223 0001854  97.1046 263.0294 13.12445211269822
ONEWEB-0144             
1 47290U 20100AJ  26207.62820285 -.00000320  00000+0 -92500-3 0  9990
2 47290  87.8985 342.8043 0002261  94.8294 265.3093 13.12442993269744
ONEWEB-0145             
1 47291U 20100AK  26207.37069446  .00000503  00000+0  13615-2 0  9997
2 47291  87.8978 342.8795 0001929  96.4731 263.6617 13.12443527269900
ONEWEB-0146             
1 47292U 20100AL  26207.36730711  .00000509  00000+0  13787-2 0  9993
2 47292  87.8985 342.8748 0001659 107.4492 252.6818 13.12443801269810
ONEWEB-0147             
1 47293U 20100AM  26207.33341035 -.00000382  00000+0 -10979-2 0  9999
2 47293  87.8987 342.8639 0001968 101.6593 258.4757 13.12444234269708
ONEWEB-0115             
1 48042U 21025A   26207.33102001 -.00000120  00000+0 -36286-3 0  9997
2 48042  87.8983 312.4364 0001962 102.5150 257.6199 13.13472988258738
ONEWEB-0152             
1 48043U 21025B   26207.34452515  .00000135  00000+0  33396-3 0  9990
2 48043  87.8987 312.4327 0001952 102.9356 257.1991 13.13469258258699
ONEWEB-0153             
1 48044U 21025C   26207.32252958 -.00000304  00000+0 -86710-3 0  9996
2 48044  87.8980 312.4364 0001991  97.5348 262.6008 13.13470322258680
ONEWEB-0154             
1 48045U 21025D   26207.31914184 -.00000315  00000+0 -89681-3 0  9994
2 48045  87.8990 312.4375 0002054 104.3950 255.7407 13.13470690258641
ONEWEB-0116             
1 48046U 21025E   26207.58661535  .00000296  00000+0  77547-3 0  9997
2 48046  87.8989 312.3815 0001888 104.0506 256.0833 13.13470533258829
ONEWEB-0150             
1 48047U 21025F   26207.56291771 -.00000171  00000+0 -50292-3 0  9999
2 48047  87.8990 312.3835 0001876  95.9731 264.1612 13.13470413258719
ONEWEB-0107             
1 48048U 21025G   26207.56459927 -.00000031  00000+0 -12095-3 0  9993
2 48048  87.8988 312.3792 0002068  95.7941 264.3424 13.13469772258690
ONEWEB-0101             
1 48049U 21025H   26207.29882476  .00000097  00000+0  23022-3 0  9995
2 48049  87.8981 312.4440 0002108  99.5828 260.5540 13.13471216258633
ONEWEB-0113             
1 48050U 21025J   26207.53909363 -.00000111  00000+0 -33795-3 0  9996
2 48050  87.8986 312.3026 0001841  96.9958 263.1381 13.13890968258773
ONEWEB-0112             
1 48051U 21025K   26207.34115873  .00000002  00000+0 -29392-4 0  9998
2 48051  87.8988 312.4220 0002204  98.9376 261.2003 13.13470916258736
ONEWEB-0156             
1 48052U 21025L   26207.57814501  .00000207  00000+0  53274-3 0  9999
2 48052  87.8989 312.3844 0001979  96.3117 263.8238 13.13469472258746
ONEWEB-0161             
1 48053U 21025M   26207.32420897 -.00000271  00000+0 -77614-3 0  9991
2 48053  87.8988 312.4360 0002071  93.8743 266.2623 13.13469007258649
ONEWEB-0158             
1 48054U 21025N   26207.58830841  .00000330  00000+0  86774-3 0  9995
2 48054  87.8989 312.3810 0001974 109.0270 251.1073 13.13472160258800
ONEWEB-0157             
1 48055U 21025P   26207.53750535 -.00000068  00000+0 -21990-3 0  9991
2 48055  87.8991 312.3959 0002255  92.3321 267.8067 13.13471356258737
ONEWEB-0162             
1 48056U 21025Q   26207.36134545  .00000311  00000+0  81699-3 0  9991
2 48056  87.8984 312.4307 0001844  97.1225 263.0114 13.13469731258686
ONEWEB-0155             
1 48057U 21025R   26207.59676691  .00000343  00000+0  90418-3 0  9994
2 48057  87.8991 312.3810 0002001  97.1614 262.9742 13.13468446258857
ONEWEB-0149             
1 48058U 21025S   26207.54260290 -.00000192  00000+0 -56038-3 0  9998
2 48058  87.8989 312.3957 0001821  96.3498 263.7838 13.13470175258652
ONEWEB-0148             
1 48059U 21025T   26207.58154314  .00000259  00000+0  67305-3 0  9993
2 48059  87.8981 312.3925 0001663  83.3282 276.8037 13.13470661258781
ONEWEB-0160             
1 48060U 21025U   26207.59846635  .00000219  00000+0  56569-3 0  9996
2 48060  87.8980 312.3850 0001798 121.8034 238.3270 13.13469597258734
ONEWEB-0163             
1 48061U 21025V   26207.27852784  .00000285  00000+0  74499-3 0  9999
2 48061  87.8991 312.4462 0002143  93.1874 266.9500 13.13470177258813
ONEWEB-0159             
1 48062U 21025W   26207.34623501  .00000175  00000+0  44518-3 0  9998
2 48062  87.8999 312.4288 0002483 101.1659 258.9750 13.13471174258744
ONEWEB-0164             
1 48063U 21025X   26207.55614163 -.00000209  00000+0 -60672-3 0  9995
2 48063  87.8989 312.3913 0001963 102.3357 257.7992 13.13470804258753
ONEWEB-0167             
1 48064U 21025Y   26207.27937631  .00000349  00000+0  92042-3 0  9992
2 48064  87.8977 312.4522 0002656 101.4835 258.6592 13.13471041258704
ONEWEB-0166             
1 48065U 21025Z   26207.60693266  .00000074  00000+0  16906-3 0  9993
2 48065  87.8992 312.3628 0001931  98.0025 262.1323 13.13469840258824
ONEWEB-0151             
1 48066U 21025AA  26207.30390502  .00000015  00000+0  64988-5 0  9998
2 48066  87.8991 312.4377 0002137 101.8205 258.3164 13.13469887258728
ONEWEB-0170             
1 48067U 21025AB  26207.54090531 -.00000110  00000+0 -33544-3 0  9994
2 48067  87.8991 312.3927 0002155 114.6638 245.4716 13.13469627258712
ONEWEB-0168             
1 48068U 21025AC  26207.29714370  .00000215  00000+0  55341-3 0  9994
2 48068  87.8992 312.4425 0002050 100.3728 259.7632 13.13469545258695
ONEWEB-0173             
1 48069U 21025AD  26207.28868113  .00000343  00000+0  90332-3 0  9990
2 48069  87.8984 312.4434 0002308  95.6578 264.4814 13.13470177258937
ONEWEB-0171             
1 48070U 21025AE  26207.32591663 -.00000294  00000+0 -83958-3 0  9993
2 48070  87.8982 312.4434 0002038 101.5136 258.6222 13.13470289258756
ONEWEB-0172             
1 48071U 21025AF  26207.30559090 -.00000069  00000+0 -22387-3 0  9999
2 48071  87.8992 312.4400 0002197 100.6219 259.5158 13.13470575259644
ONEWEB-0174             
1 48072U 21025AG  26207.28699327  .00000366  00000+0  96723-3 0  9998
2 48072  87.8989 312.4426 0001945  95.8179 264.3172 13.13469496258963
ONEWEB-0175             
1 48073U 21025AH  26207.54598480 -.00000291  00000+0 -83312-3 0  9995
2 48073  87.8993 312.3767 0002220 106.0950 254.0424 13.13469943258654
ONEWEB-0177             
1 48074U 21025AJ  26207.32929905 -.00000208  00000+0 -60426-3 0  9991
2 48074  87.8987 312.4370 0002016  93.6757 266.4603 13.13471173258810
ONEWEB-0178             
1 48075U 21025AK  26207.57659331  .00000144  00000+0  36019-3 0  9990
2 48075  87.8977 312.3968 0002277 101.1560 258.9825 13.13471388258896
ONEWEB-0108             
1 48076U 21025AL  26207.30729766 -.00000064  00000+0 -20906-3 0  9993
2 48076  87.8994 312.4343 0001732 100.5120 259.6204 13.13469804258781
ONEWEB-0169             
1 48077U 21025AM  26207.33946460  .00000012  00000+0 -19000-5 0  9996
2 48077  87.8988 312.4334 0001937  96.8791 263.2558 13.13470146257449
ONEWEB-0176             
1 48210U 21031A   26207.60800624 -.00000179  00000+0 -51630-3 0  9991
2 48210  87.8959 281.8450 0002135  98.3370 261.8002 13.14502423253499
ONEWEB-0184             
1 48211U 21031B   26207.58105130  .00000245  00000+0  62670-3 0  9997
2 48211  87.8969 281.8537 0002828 105.3581 254.7862 13.14502977253465
ONEWEB-0179             
1 48212U 21031C   26207.61451821  .00000343  00000+0  10425-3 0  9993
2 48212  87.8979 277.4845 0222972 128.4417 233.7022 14.25580947254662
ONEWEB-0180             
1 48213U 21031D   26207.58422135  .00000163  00000+0  40381-3 0  9990
2 48213  87.8970 281.8504 0002420  92.9997 267.1409 13.14502528253392
ONEWEB-0218             
1 48214U 21031E   26207.60640901 -.00000132  00000+0 -38944-3 0  9997
2 48214  87.8971 281.8450 0002952  99.6520 260.4943 13.14503135253552
ONEWEB-0209             
1 48215U 21031F   26207.59531768  .00000021  00000+0  21271-4 0  9997
2 48215  87.8964 281.8608 0002216  92.7289 267.4094 13.14503023253559
ONEWEB-0198             
1 48216U 21031G   26207.57960023  .00000243  00000+0  62065-3 0  9997
2 48216  87.8951 281.8597 0002449  93.5496 266.5914 13.14503750253660
ONEWEB-0189             
1 48217U 21031H   26207.59215365  .00000126  00000+0  30608-3 0  9990
2 48217  87.8965 281.8477 0002382  95.0527 265.0875 13.14502148253403
ONEWEB-0196             
1 48218U 21031J   26207.56994929  .00000184  00000+0  46065-3 0  9996
2 48218  87.8958 281.8605 0002155  95.9240 264.2136 13.14503574253403
ONEWEB-0183             
1 48219U 21031K   26207.62069167 -.00000248  00000+0 -70257-3 0  9994
2 48219  87.8958 281.8479 0001892  94.3929 265.7416 13.14502660253500
ONEWEB-0185             
1 48220U 21031L   26207.57072918  .00000216  00000+0  54834-3 0  9994
2 48220  87.8963 281.8541 0001984  86.5793 273.5564 13.14502668253422
ONEWEB-0187             
1 48221U 21031M   26207.62688630 -.00000203  00000+0 -58125-3 0  9990
2 48221  87.8959 281.8558 0002104  93.3035 266.8335 13.14503838253449
ONEWEB-0192             
1 48222U 21031N   26207.59690173  .00000051  00000+0  10337-3 0  9994
2 48222  87.8961 281.8520 0002137  97.7789 262.3584 13.14503135253359
ONEWEB-0219             
1 48223U 21031P   26207.57628074  .00000277  00000+0  71297-3 0  9996
2 48223  87.8970 281.8503 0002070  91.5839 268.5528 13.14502264253555
ONEWEB-0202             
1 48224U 21031Q   26207.63338350 -.00000114  00000+0 -34150-3 0  9998
2 48224  87.8959 281.8505 0002748  99.0247 261.1194 13.14502619253544
ONEWEB-0204             
1 48225U 21031R   26207.59134680  .00000110  00000+0  26095-3 0  9997
2 48225  87.8963 281.8529 0001623  93.3570 266.7746 13.14503005253435
ONEWEB-0205             
1 48226U 21031S   26207.56677219  .00000047  00000+0  91787-4 0  9995
2 48226  87.8967 281.8539 0002192  91.7065 268.4316 13.14503402253448
ONEWEB-0206             
1 48227U 21031T   26207.61593306 -.00000153  00000+0 -44846-3 0  9999
2 48227  87.8962 281.8435 0001960 102.0548 258.0801 13.14502240253402
ONEWEB-0182             
1 48228U 21031U   26207.61115877 -.00000204  00000+0 -58534-3 0  9999
2 48228  87.8960 281.8509 0001825  94.7485 265.3853 13.14501112253618
ONEWEB-0186             
1 48229U 21031V   26207.62226933 -.00000291  00000+0 -81830-3 0  9998
2 48229  87.8970 281.8436 0002146  95.7886 264.3488 13.14502979253561
ONEWEB-0181             
1 48230U 21031W   26207.60007064 -.00000023  00000+0 -96171-4 0  9998
2 48230  87.8955 281.8701 0002273  95.4718 264.6671 13.14500898253412
ONEWEB-0188             
1 48231U 21031X   26207.63813224 -.00000042  00000+0 -14878-3 0  9999
2 48231  87.8948 281.8618 0002042  96.3928 263.7434 13.14502672253328
ONEWEB-0220             
1 48232U 21031Y   26207.60168763 -.00000026  00000+0 -10332-3 0  9991
2 48232  87.8968 281.8482 0002012  90.0980 270.0381 13.14504469253582
ONEWEB-0165             
1 48233U 21031Z   26207.63019553 -.00000117  00000+0 -35086-3 0  9991
2 48233  87.8960 281.8528 0002418  95.8083 264.3323 13.14504259253548
ONEWEB-0199             
1 48234U 21031AA  26207.61435053 -.00000158  00000+0 -46082-3 0  9990
2 48234  87.8967 281.8441 0001901 101.6808 258.4535 13.14502579253448
ONEWEB-0203             
1 48235U 21031AB  26207.60483937  .00000039  00000+0  70918-4 0  9996
2 48235  87.8971 281.8489 0002192 101.6959 258.4417 13.14501858253455
ONEWEB-0197             
1 48236U 21031AC  26207.57931746  .00000244  00000+0  62386-3 0  9996
2 48236  87.8957 281.8370 0001817  93.0714 267.0624 13.14503378253360
ONEWEB-0194             
1 48237U 21031AD  26207.63494329 -.00000163  00000+0 -47395-3 0  9990
2 48237  87.8960 281.8493 0002043 104.9814 255.1542 13.14503805253548
ONEWEB-0193             
1 48238U 21031AE  26207.57470646  .00000286  00000+0  73562-3 0  9999
2 48238  87.8956 281.8516 0002011 111.3300 248.8045 13.14503699253488
ONEWEB-0191             
1 48239U 21031AF  26207.58578533  .00000283  00000+0  72799-3 0  9993
2 48239  87.8969 281.8507 0001906  95.1129 265.0218 13.14501688253347
ONEWEB-0195             
1 48240U 21031AG  26207.25834291  .00000052  00000+0  10544-3 0  9999
2 48240  87.8962 281.9157 0002386  94.8240 265.3162 13.14505377253280
ONEWEB-0201             
1 48241U 21031AH  26207.62717437  .00000269  00000+0  69203-3 0  9999
2 48241  87.8962 281.8560 0001812  93.0225 267.1112 13.14502243253560
ONEWEB-0207             
1 48242U 21031AJ  26207.60720830 -.00000128  00000+0 -38105-3 0  9992
2 48242  87.8969 281.8474 0001925  90.8254 269.3097 13.14500893253479
ONEWEB-0208             
1 48243U 21031AK  26207.58897330  .00000323  00000+0  83544-3 0  9992
2 48243  87.8960 281.8556 0002436  98.0000 262.1406 13.14503726253483
ONEWEB-0200             
1 48244U 21031AL  26207.62862454 -.00000182  00000+0 -52474-3 0  9990
2 48244  87.8970 281.8379 0002089  95.8579 264.2789 13.14502572253416
ONEWEB-0217             
1 48245U 21031AM  26207.26388588  .00000100  00000+0  23428-3 0  9997
2 48245  87.8965 281.9142 0002407  96.7071 263.4333 13.14503298253312
ONEWEB-0211             
1 48767U 21045A   26207.56923837  .00000117  00000+0  27492-3 0  9999
2 48767  87.8977 251.2261 0002726  96.9097 263.2344 13.16197894249622
ONEWEB-0223             
1 48768U 21045B   26207.59096841  .00000065  00000+0  13901-3 0  9991
2 48768  87.8980 251.3405 0002423 101.6106 258.5297 13.15548633249586
ONEWEB-0230             
1 48769U 21045C   26207.56244848  .00000070  00000+0  15088-3 0  9995
2 48769  87.8969 251.3565 0001902  96.2640 263.8707 13.15548392249840
ONEWEB-0237             
1 48770U 21045D   26207.62739140 -.00000932  00000+0 -25101-2 0  9993
2 48770  87.8972 251.3449 0002307  89.6880 270.4514 13.15551462249571
ONEWEB-0235             
1 48771U 21045E   26207.60204168 -.00000066  00000+0 -20829-3 0  9990
2 48771  87.8981 251.3394 0002363 103.5574 256.5820 13.15546828249563
ONEWEB-0242             
1 48772U 21045F   26207.59572003 -.00000014  00000+0 -71914-4 0  9990
2 48772  87.8987 251.3388 0002057 101.0751 259.0610 13.15548922249600
ONEWEB-0241             
1 48773U 21045G   26207.35489869  .00000114  00000+0  26929-3 0  9996
2 48773  87.8977 251.4006 0002400  99.6690 260.4712 13.15550652249482
ONEWEB-0243             
1 48774U 21045H   26207.61471450 -.00000148  00000+0 -42825-3 0  9995
2 48774  87.8972 251.3613 0002130 110.8724 249.2635 13.15547068249548
ONEWEB-0222             
1 48775U 21045J   26207.59810250 -.00000042  00000+0 -14596-3 0  9995
2 48775  87.8984 251.3353 0002273  98.0549 262.0839 13.15547478249581
ONEWEB-0244             
1 48776U 21045K   26207.62424519 -.00000028  00000+0 -10940-3 0  9992
2 48776  87.8983 251.3268 0002117  99.3760 260.7609 13.15548441250158
ONEWEB-0247             
1 48777U 21045L   26207.62106518 -.00000068  00000+0 -21400-3 0  9996
2 48777  87.8971 251.3542 0002481 114.4640 245.6749 13.15546827249590
ONEWEB-0245             
1 48778U 21045M   26207.61629848 -.00000165  00000+0 -47178-3 0  9990
2 48778  87.8982 251.3380 0002256  95.5716 264.5672 13.15549990249562
ONEWEB-0229             
1 48779U 21045N   26207.38339649 -.00000112  00000+0 -33032-3 0  9998
2 48779  87.8981 251.3822 0002038  99.4115 260.7246 13.15548199249562
ONEWEB-0228             
1 48780U 21045P   26207.56891060  .00000170  00000+0  41653-3 0  9990
2 48780  87.8989 251.3401 0002121  97.8166 262.3206 13.15549471249508
ONEWEB-0232             
1 48781U 21045Q   26207.61949776 -.00000100  00000+0 -29969-3 0  9996
2 48781  87.8983 251.3300 0002123  94.4477 265.6896 13.15547951249839
ONEWEB-0231             
1 48782U 21045R   26207.59731126 -.00000049  00000+0 -16355-3 0  9999
2 48782  87.8982 251.3455 0002270  99.2041 260.9346 13.15547983249522
ONEWEB-0234             
1 48783U 21045S   26207.63520438  .00000109  00000+0  25424-3 0  9999
2 48783  87.8984 251.3206 0002444  77.0229 283.1174 13.15547908249662
ONEWEB-0238             
1 48784U 21045T   26207.63545427  .00000129  00000+0  30802-3 0  9993
2 48784  87.8981 251.3169 0002227  85.7660 274.3725 13.15548368249566
ONEWEB-0240             
1 48785U 21045U   26207.58065332  .00000134  00000+0  32314-3 0  9996
2 48785  87.8985 251.3370 0002401  98.2924 261.8479 13.15549987249588
ONEWEB-0246             
1 48786U 21045V   26207.57512551  .00000225  00000+0  56373-3 0  9998
2 48786  87.8978 251.3415 0002024  98.5696 261.5664 13.15548134249453
ONEWEB-0210             
1 48787U 21045W   26207.62582841 -.00000078  00000+0 -24069-3 0  9999
2 48787  87.8980 251.3290 0002229 118.7503 241.3852 13.15548543249502
ONEWEB-0214             
1 48788U 21045X   26207.63454394  .00000004  00000+0 -22858-4 0  9995
2 48788  87.8982 251.3243 0001804 103.5865 256.5466 13.15547201249479
ONEWEB-0221             
1 48789U 21045Y   26207.41350480  .00000127  00000+0  30358-3 0  9991
2 48789  87.8983 251.3767 0002203  99.3620 260.7759 13.15548513249533
ONEWEB-0213             
1 48790U 21045Z   26207.63057849  .00000032  00000+0  51912-4 0  9995
2 48790  87.8979 251.3364 0002177 102.9008 257.2366 13.15549081249620
ONEWEB-0212             
1 48791U 21045AA  26207.60760413 -.00000136  00000+0 -39492-3 0  9996
2 48791  87.8982 251.3352 0002072  94.9905 265.1462 13.15547476249612
ONEWEB-0227             
1 48792U 21045AB  26207.60679511 -.00000092  00000+0 -27969-3 0  9992
2 48792  87.8981 251.3357 0002146  97.4334 262.7041 13.15546820249565
ONEWEB-0226             
1 48793U 21045AC  26207.60047738 -.00000068  00000+0 -21447-3 0  9991
2 48793  87.8980 251.3411 0002125 103.0935 257.0433 13.15548046249535
ONEWEB-0224             
1 48794U 21045AD  26207.56403150  .00000172  00000+0  42362-3 0  9994
2 48794  87.8972 251.3803 0002867  87.4561 272.6897 13.15548796249455
ONEWEB-0233             
1 48795U 21045AE  26207.56863570  .00000163  00000+0  39789-3 0  9990
2 48795  87.8971 251.3863 0002323  99.9482 260.1911 13.15547200249478
ONEWEB-0190             
1 48796U 21045AF  26207.63216063  .00000133  00000+0  31996-3 0  9997
2 48796  87.8976 251.3381 0002524 109.0320 251.1084 13.15549655249552
ONEWEB-0236             
1 48797U 21045AG  26207.57353981  .00000154  00000+0  37540-3 0  9996
2 48797  87.8970 251.3566 0002083  92.7909 267.3460 13.15548610249437
ONEWEB-0248             
1 48798U 21045AH  26207.58620381  .00000067  00000+0  14273-3 0  9990
2 48798  87.8986 251.3423 0002518  99.3509 260.7906 13.15549645249597
ONEWEB-0225             
1 48799U 21045AJ  26207.60840220 -.00000129  00000+0 -37807-3 0  9999
2 48799  87.8979 251.3440 0002455 106.6248 253.5152 13.15548788249603
ONEWEB-0215             
1 48800U 21045AK  26207.57827760  .00000263  00000+0  66407-3 0  9997
2 48800  87.8983 251.3347 0002606 104.1658 255.9762 13.15550044249479
ONEWEB-0216             
1 48801U 21045AL  26207.58780250  .00000065  00000+0  13834-3 0  9997
2 48801  87.8993 251.3475 0001942  95.3838 264.7513 13.15548680249482
ONEWEB-0239             
1 48802U 21045AM  26207.59256085  .00000040  00000+0  72835-4 0  9993
2 48802  87.8983 251.3497 0002875 103.2168 256.9283 13.15548165249527
ONEWEB-0249             
1 48967U 21060A   26207.57130821  .00000157  00000+0  37603-3 0  9991
2 48967  87.9077 220.9539 0002147  91.7943 268.3434 13.16592896244797
ONEWEB-0250             
1 48968U 21060B   26207.32433666 -.00000074  00000+0 -19930-3 0  9991
2 48968  87.9080 218.6320 0002847  75.7379 284.4074 13.25835567245409
ONEWEB-0252             
1 48970U 21060D   26207.60219895  .00000617  00000+0  15813-2 0  9997
2 48970  87.9079 220.9404 0001926  98.9130 261.2219 13.16589633244849
ONEWEB-0253             
1 48971U 21060E   26207.13511128  .00000023  00000+0  26254-4 0  9994
2 48971  87.9080 221.0386 0002195  90.4757 269.6625 13.16596523244719
ONEWEB-0254             
1 48972U 21060F   26207.60060933 -.00000042  00000+0 -14388-3 0  9997
2 48972  87.9082 220.9443 0002386  93.8060 266.3343 13.16594394244771
ONEWEB-0255             
1 48973U 21060G   26207.56261044 -.00000008  00000+0 -53817-4 0  9992
2 48973  87.9078 220.9579 0002206  94.7642 265.3741 13.16595512244846
ONEWEB-0256             
1 48974U 21060H   26207.58873624  .00000012  00000+0 -29468-5 0  9998
2 48974  87.9073 220.9549 0001929  93.5232 266.6119 13.16595220244818
ONEWEB-0257             
1 48975U 21060J   26207.08921422 -.00000001  00000+0 -35013-4 0  9995
2 48975  87.9077 221.0431 0002084  95.5532 264.5837 13.16594064244700
ONEWEB-0258             
1 48976U 21060K   26207.09078111  .00000061  00000+0  12476-3 0  9996
2 48976  87.9075 221.0550 0002100  91.8654 268.2718 13.16592841244715
ONEWEB-0259             
1 48977U 21060L   26207.46444770 -.00000001  00000+0 -35391-4 0  9994
2 48977  87.9075 220.9792 0002250  91.2943 268.8446 13.16594424244794
ONEWEB-0260             
1 48978U 21060M   26207.30373187 -.00000006  00000+0 -50162-4 0  9999
2 48978  87.9072 221.0111 0001742  97.6179 262.5150 13.16593157244756
ONEWEB-0261             
1 48979U 21060N   26207.57765886  .00000088  00000+0  19547-3 0  9999
2 48979  87.9078 220.9579 0002196  99.5009 260.6371 13.16594283244841
ONEWEB-0262             
1 48980U 21060P   26207.10187932  .00000051  00000+0  99256-4 0  9996
2 48980  87.9077 221.0394 0002316  90.7076 269.4320 13.16594445244740
ONEWEB-0263             
1 48981U 21060Q   26207.58952554 -.00000058  00000+0 -18424-3 0  9995
2 48981  87.9080 220.9545 0002329  97.7999 262.3397 13.16594049244775
ONEWEB-0264             
1 48982U 21060R   26207.32274286  .00000041  00000+0  74646-4 0  9996
2 48982  87.9071 221.0087 0002024  97.6136 262.5224 13.16592952244742
ONEWEB-0266             
1 48984U 21060T   26207.57209203  .00000135  00000+0  31833-3 0  9996
2 48984  87.9077 220.9513 0002023  89.1505 270.9858 13.16593117244769
ONEWEB-0267             
1 48985U 21060U   26207.58319290 -.00000086  00000+0 -25762-3 0  9997
2 48985  87.9085 220.9465 0002158  96.9194 263.2183 13.16594336244775
ONEWEB-0268             
1 48986U 21060V   26207.32352282  .00000017  00000+0  11881-4 0  9998
2 48986  87.9074 221.0064 0001912  91.5446 268.5904 13.16593775245001
ONEWEB-0269             
1 48987U 21060W   26207.45653002 -.00000055  00000+0 -17662-3 0  9993
2 48987  87.9071 220.9799 0001896  89.2160 270.9188 13.16594283244791
ONEWEB-0270             
1 48988U 21060X   26207.32194400  .00000024  00000+0  30405-4 0  9997
2 48988  87.9076 221.0094 0002393  94.9682 265.1722 13.16592594244818
ONEWEB-0271             
1 48989U 21060Y   26207.46128093 -.00000055  00000+0 -17675-3 0  9997
2 48989  87.9076 220.9705 0002235  96.8675 263.2710 13.16594632244837
ONEWEB-0272             
1 48990U 21060Z   26207.55942325  .00000128  00000+0  30234-3 0  9996
2 48990  87.9068 220.9612 0001863  99.0506 261.0836 13.16596345244794
ONEWEB-0273             
1 48991U 21060AA  26207.58158938  .00000031  00000+0  46832-4 0  9994
2 48991  87.9071 220.9577 0002152  93.1136 267.0241 13.16594348244770
ONEWEB-0274             
1 48992U 21060AB  26207.45492156  .00000007  00000+0 -14601-4 0  9997
2 48992  87.9069 220.9821 0001834  97.9206 262.2134 13.16596198244791
ONEWEB-0275             
1 48993U 21060AC  26207.44384633 -.00000033  00000+0 -11890-3 0  9993
2 48993  87.9080 220.9774 0001293 106.3217 253.8056 13.16589121244728
ONEWEB-0276             
1 48994U 21060AD  26207.32512162  .00000056  00000+0  11354-3 0  9999
2 48994  87.9077 221.0000 0001946  95.1455 264.9898 13.16593927244729
ONEWEB-0277             
1 48995U 21060AE  26207.56577096  .00000115  00000+0  26647-3 0  9990
2 48995  87.9072 220.9589 0002192  94.8925 265.2457 13.16595894244749
ONEWEB-0278             
1 48996U 21060AF  26207.32828795  .00000121  00000+0  28361-3 0  9992
2 48996  87.9075 220.9987 0002099  86.1149 274.0222 13.16594598244842
ONEWEB-0279             
1 48997U 21060AG  26207.56419555  .00000115  00000+0  26628-3 0  9996
2 48997  87.9078 220.9501 0002111  99.4522 260.6848 13.16594503244802
ONEWEB-0280             
1 48998U 21060AH  26207.57921924  .00000057  00000+0  11587-3 0  9999
2 48998  87.9082 220.9513 0002370  88.7080 271.4322 13.16595311244746
ONEWEB-0281             
1 48999U 21060AJ  26207.58476639 -.00000055  00000+0 -17657-3 0  9993
2 48999  87.9080 220.9460 0001910  92.3493 267.7857 13.16592609244810
ONEWEB-0282             
1 49000U 21060AK  26207.46285295 -.00000015  00000+0 -72892-4 0  9999
2 49000  87.9074 220.9771 0002203  92.6859 267.4524 13.16595348244773
ONEWEB-0283             
1 49001U 21060AL  26207.07179384 -.00000034  00000+0 -12146-3 0  9994
2 49001  87.9074 221.0540 0002069  96.2113 263.9253 13.16594410244738
ONEWEB-0284             
1 49002U 21060AM  26207.44545003 -.00000047  00000+0 -15527-3 0  9991
2 49002  87.9080 220.9743 0002321  86.0791 274.0605 13.16594681244766
ONEWEB-0285             
1 49075U 21075A   26207.32239927 -.00000441  00000+0 -12599-2 0  9992
2 49075  87.8984 342.8841 0001647  93.4009 266.7308 13.12444727240344
ONEWEB-0286             
1 49076U 21075B   26207.60944114  .00000337  00000+0  90184-3 0  9994
2 49076  87.8975 342.8403 0001679  94.8339 265.2981 13.12441636239733
ONEWEB-0287             
1 49077U 21075C   26207.65346372  .00000048  00000+0  89594-4 0  9995
2 49077  87.9159 358.0160 0001602  82.6969 277.4345 13.17649242238824
ONEWEB-0288             
1 49078U 21075D   26207.35714789  .00000273  00000+0  72402-3 0  9993
2 49078  87.8984 342.8705 0001815  90.1608 269.9729 13.12443444240327
ONEWEB-0289             
1 49079U 21075E   26207.31259054 -.00000011  00000+0 -60843-4 0  9998
2 49079  87.9159 358.1026 0002233  92.2497 267.8890 13.17647920239350
ONEWEB-0290             
1 49080U 21075F   26207.66527447  .00000057  00000+0  11441-3 0  9999
2 49080  87.9169 358.0058 0002329  92.0253 268.1145 13.17648700238815
ONEWEB-0291             
1 49081U 21075G   26207.65009806  .00000086  00000+0  18815-3 0  9997
2 49081  87.9161 358.0139 0001916  83.8112 276.3238 13.17650840238802
ONEWEB-0293             
1 49082U 21075H   26207.37165372  .00000025  00000+0  31857-4 0  9993
2 49082  87.9159 358.0718 0001990  92.2532 267.8828 13.17647902238798
ONEWEB-0294             
1 49083U 21075J   26207.36392089  .00000504  00000+0  13649-2 0  9999
2 49083  87.8985 342.8732 0002188  94.2736 265.8643 13.12444104239710
ONEWEB-0295             
1 49084U 21075K   26207.37080231 -.00000212  00000+0 -57947-3 0  9992
2 49084  87.9160 358.0755 0001783  84.7615 275.3719 13.17648501238756
ONEWEB-0296             
1 49085U 21075L   26207.64853346 -.00000175  00000+0 -52067-3 0  9994
2 49085  87.8979 342.8248 0001853  87.3783 272.7557 13.12444371239751
ONEWEB-0297             
1 49086U 21075M   26207.37408460  .00000387  00000+0  10409-2 0  9994
2 49086  87.8975 342.8854 0001790  95.0351 265.0982 13.12442394240323
ONEWEB-0298             
1 49087U 21075N   26207.37518038 -.00000008  00000+0 -54225-4 0  9996
2 49087  87.9156 358.0735 0001699  94.9485 265.1840 13.17650443238789
ONEWEB-0299             
1 49088U 21075P   26207.37672344  .00000043  00000+0  78792-4 0  9990
2 49088  87.9163 358.0569 0001768  89.5406 270.5928 13.17648777238765
ONEWEB-0300             
1 49089U 21075Q   26207.36646480  .00000397  00000+0  10689-2 0  9993
2 49089  87.8984 342.8706 0001516 104.1230 256.0067 13.12443246240349
ONEWEB-0301             
1 49090U 21075R   26207.35036019  .00000127  00000+0  31857-3 0  9997
2 49090  87.8984 342.8713 0001630 106.7654 253.3654 13.12444546239708
ONEWEB-0302             
1 49091U 21075S   26207.64177273 -.00000323  00000+0 -93216-3 0  9995
2 49091  87.8976 342.8251 0002092  90.7315 269.4053 13.12445208239725
ONEWEB-0304             
1 49092U 21075T   26207.65515998  .00000105  00000+0  23647-3 0  9994
2 49092  87.9162 358.0204 0001784  90.0284 270.1052 13.17647981238775
ONEWEB-0305             
1 49093U 21075U   26207.64840717  .00000064  00000+0  13090-3 0  9999
2 49093  87.9169 358.0093 0001655  83.3163 276.8157 13.17649354238806
ONEWEB-0308             
1 49094U 21075V   26207.63497653 -.00000337  00000+0 -97147-3 0  9996
2 49094  87.8982 342.8187 0001872  97.9601 262.1740 13.12443334239737
ONEWEB-0309             
1 49095U 21075W   26207.65177242  .00000089  00000+0  19661-3 0  9995
2 49095  87.9161 358.0136 0002258  88.2490 271.8900 13.17648974238779
ONEWEB-0310             
1 49096U 21075X   26207.65021966 -.00000148  00000+0 -44539-3 0  9997
2 49096  87.8977 342.8344 0001863  98.0430 262.0910 13.12445052240368
ONEWEB-0311             
1 49097U 21075Y   26207.35478499  .00000047  00000+0  88576-4 0  9998
2 49097  87.9159 358.0726 0001478  84.5190 275.6110 13.17649053238787
ONEWEB-0312             
1 49098U 21075Z   26207.36997496  .00000031  00000+0  47887-4 0  9996
2 49098  87.9157 358.0802 0001845  84.7187 275.4155 13.17649493238760
ONEWEB-0313             
1 49099U 21075AA  26207.37489137  .00000033  00000+0  51700-4 0  9997
2 49099  87.9156 358.0835 0001762  91.5693 268.5641 13.17648072238756
ONEWEB-0314             
1 49100U 21075AB  26207.64502055  .00000057  00000+0  11295-3 0  9995
2 49100  87.9171 358.0072 0001843  82.6453 277.4888 13.17648339238763
ONEWEB-0315             
1 49101U 21075AC  26207.31817295 -.00000262  00000+0 -76241-3 0  9997
2 49101  87.8983 342.8676 0001451  93.2954 266.8340 13.12441974240303
ONEWEB-0316             
1 49102U 21075AD  26207.31122148  .00000015  00000+0  45920-5 0  9990
2 49102  87.9201 327.6781 0001975  99.0691 261.0665 13.18686606242363
ONEWEB-0317             
1 49103U 21075AE  26207.32156073 -.00000334  00000+0 -96519-3 0  9990
2 49103  87.8978 342.8900 0002553 100.0918 260.0499 13.12442391240327
ONEWEB-0318             
1 49104U 21075AF  26207.30770908  .00000001  00000+0 -29109-4 0  9990
2 49104  87.9205 327.6810 0001740  96.7149 263.4181 13.18687110242320
ONEWEB-0319             
1 49105U 21075AG  26207.66021744  .00000097  00000+0  21713-3 0  9993
2 49105  87.9159 358.0170 0001324  90.5846 269.5438 13.17649382238808
ONEWEB-0323             
1 49106U 21075AH  26207.60787974  .00000264  00000+0  69742-3 0  9992
2 49106  87.8988 342.8157 0001378  86.9831 273.1455 13.12442381239723
ONEWEB-0329             
1 49107U 21075AJ  26207.36490253  .00000064  00000+0  13236-3 0  9992
2 49107  87.9160 358.0766 0001816  89.1588 270.9752 13.17648339238745
ONEWEB-0330             
1 49108U 21075AK  26207.36842003  .00000022  00000+0  24363-4 0  9995
2 49108  87.9161 358.0874 0001886  89.4434 270.6913 13.17646855238788
ONEWEB-0292             
1 49186U 21083A   26207.54936553 -.00000262  00000+0 -75231-3 0  9991
2 49186  87.8981 312.4062 0001811  99.7983 260.3350 13.13470583236099
ONEWEB-0303             
1 49187U 21083B   26207.30434668  .00000061  00000+0  12140-3 0  9991
2 49187  87.9214 327.6802 0001700  96.2903 263.8423 13.18684327235132
ONEWEB-0306             
1 49188U 21083C   26207.59773971  .00000080  00000+0  16991-3 0  9995
2 49188  87.9207 327.6113 0002183  98.8565 261.2815 13.18685723235215
ONEWEB-0307             
1 49189U 21083D   26207.54344631 -.00000198  00000+0 -57641-3 0  9997
2 49189  87.8985 312.4055 0001874  97.1815 262.9528 13.13468649236098
ONEWEB-0320             
1 49190U 21083E   26207.31445360  .00000058  00000+0  11551-3 0  9998
2 49190  87.9195 327.6814 0001968  99.7682 260.3672 13.18684803235132
ONEWEB-0321             
1 49191U 21083F   26207.59457552  .00000045  00000+0  79307-4 0  9995
2 49191  87.9171 266.5812 0002194 100.9937 259.1443 13.20770639242031
ONEWEB-0322             
1 49192U 21083G   26207.31068128 -.00000133  00000+0 -39789-3 0  9992
2 49192  87.8983 312.4517 0002306 108.9225 251.2154 13.13470505236056
ONEWEB-0324             
1 49193U 21083H   26207.36335606  .00000063  00000+0  12650-3 0  9994
2 49193  87.9208 327.6634 0002014  94.3901 265.7462 13.18687371235160
ONEWEB-0325             
1 49194U 21083J   26207.59434317  .00000005  00000+0 -21045-4 0  9995
2 49194  87.9197 327.6216 0001857 102.1076 258.0264 13.18687652235201
ONEWEB-0326             
1 49195U 21083K   26207.30617478 -.00005977  00000+0 -15196-1 0  9997
2 49195  87.9203 327.6803 0001612  87.8438 272.2879 13.18716852235151
ONEWEB-0327             
1 49196U 21083L   26207.60940508  .00000001  00000+0 -29506-4 0  9999
2 49196  87.9197 327.6211 0001528 104.6212 255.5090 13.18686292235211
ONEWEB-0328             
1 49197U 21083M   26207.30052954  .00000095  00000+0  22647-3 0  9996
2 49197  87.8993 312.4302 0002043  96.7174 263.4188 13.13469842236031
ONEWEB-0331             
1 49198U 21083N   26207.37516404  .00000012  00000+0 -20999-5 0  9999
2 49198  87.9207 327.6605 0001579  94.0542 266.0770 13.18686078235175
ONEWEB-0333             
1 49199U 21083P   26207.29545222  .00000180  00000+0  45923-3 0  9998
2 49199  87.8982 312.4538 0001896 101.7621 258.3721 13.13469768236045
ONEWEB-0334             
1 49200U 21083Q   26207.60888818  .00000013  00000+0  90455-6 0  9995
2 49200  87.9172 266.5887 0002737 108.7651 251.3779 13.20769995241990
ONEWEB-0335             
1 49201U 21083R   26207.29037959  .00000352  00000+0  92769-3 0  9996
2 49201  87.8984 312.4521 0001811  98.1118 262.0217 13.13469167236056
ONEWEB-0336             
1 49202U 21083S   26207.33777293 -.00000112  00000+0 -34108-3 0  9993
2 49202  87.8977 312.4375 0001690  93.9856 266.1466 13.13470177236057
ONEWEB-0337             
1 49203U 21083T   26207.57633569  .00000247  00000+0  64177-3 0  9993
2 49203  87.8981 312.3957 0001949  93.9755 266.1597 13.13470752236080
ONEWEB-0338             
1 49204U 21083U   26207.58615271  .00000059  00000+0  11325-3 0  9993
2 49204  87.9174 266.5948 0002238 103.7902 256.3481 13.20771300242016
ONEWEB-0339             
1 49205U 21083V   26207.58493166  .00000299  00000+0  78305-3 0  9998
2 49205  87.8982 312.3875 0002241 102.6965 257.4414 13.13470023236069
ONEWEB-0340             
1 49206U 21083W   26207.58930366  .00000095  00000+0  20876-3 0  9991
2 49206  87.9203 327.6240 0001816  95.9106 264.2234 13.18685573235169
ONEWEB-0341             
1 49207U 21083X   26207.59604493  .00000010  00000+0 -75003-5 0  9994
2 49207  87.9204 327.6235 0002118  86.7255 273.4120 13.18684521235184
ONEWEB-0342             
1 49208U 21083Y   26207.59287583 -.00000006  00000+0 -47605-4 0  9994
2 49208  87.9171 266.5839 0002135  98.1959 261.9417 13.20769601241988
ONEWEB-0343             
1 49209U 21083Z   26207.37684540 -.00000041  00000+0 -13695-3 0  9995
2 49209  87.9200 327.6656 0002286 101.9546 258.1842 13.18684576235202
ONEWEB-0344             
1 49210U 21083AA  26207.35130893  .00000240  00000+0  62294-3 0  9990
2 49210  87.8983 312.4466 0002086  87.8788 272.2580 13.13469970236032
ONEWEB-0345             
1 49211U 21083AB  26207.34284810  .00000109  00000+0  26341-3 0  9996
2 49211  87.8990 312.4347 0002129  92.8500 267.2873 13.13471150236048
ONEWEB-0346             
1 49212U 21083AC  26207.60110166  .00000089  00000+0  19196-3 0  9995
2 49212  87.9198 327.6201 0001323  91.2303 268.8981 13.18685572235176
ONEWEB-0348             
1 49213U 21083AD  26207.58278089  .00000047  00000+0  83273-4 0  9994
2 49213  87.9175 266.5906 0001834  83.0847 277.0495 13.20772421242010
ONEWEB-0350             
1 49214U 21083AE  26207.36160226  .00000346  00000+0  91333-3 0  9991
2 49214  87.8986 312.4347 0002184 129.9649 230.1673 13.13468788236076
ONEWEB-0351             
1 49215U 21083AF  26207.57592016  .00000015  00000+0  61366-5 0  9999
2 49215  87.9174 266.5907 0002699  95.2694 264.8748 13.20770683241974
ONEWEB-0352             
1 49216U 21083AG  26207.56122536 -.00000220  00000+0 -63743-3 0  9994
2 49216  87.8981 312.3989 0002375 102.1541 257.9855 13.13469923236194
ONEWEB-0354             
1 49217U 21083AH  26207.60299055 -.00000010  00000+0 -55716-4 0  9990
2 49217  87.9170 266.5839 0001941  85.3231 274.8124 13.20771260242019
ONEWEB-0355             
1 49218U 21083AJ  26207.36230870  .00000284  00000+0  74196-3 0  9997
2 49218  87.8985 312.4390 0002185  98.5352 261.6025 13.13468015236040
ONEWEB-0357             
1 49219U 21083AK  26207.59962604  .00000021  00000+0  18593-4 0  9999
2 49219  87.9170 266.5780 0002212  92.9362 267.2025 13.20774190242018
ONEWEB-0332             
1 49279U 21090A   26207.57152580  .00000249  00000+0  63616-3 0  9992
2 49279  87.8960 281.8628 0002358 107.9025 252.2362 13.14504514232757
ONEWEB-0347             
1 49280U 21090B   26207.58952444  .00001401  00000+0  34124-2 0  9994
2 49280  87.9173 266.5883 0002150 103.8991 256.2382 13.20764621236244
ONEWEB-0349             
1 49281U 21090C   26207.62150190  .00000034  00000+0  52567-4 0  9992
2 49281  87.9177 266.5826 0002057  97.9873 262.1494 13.20771828235037
ONEWEB-0353             
1 49282U 21090D   26207.56360416  .00000119  00000+0  28739-3 0  9997
2 49282  87.8960 281.8599 0002143 106.2950 253.8416 13.14503815232759
ONEWEB-0356             
1 49283U 21090E   26207.61982359 -.00000059  00000+0 -17645-3 0  9999
2 49283  87.9178 266.5767 0001317 110.7519 249.3756 13.20771452235034
ONEWEB-0358             
1 49284U 21090F   26207.58025449  .00000029  00000+0  39928-4 0  9998
2 49284  87.9172 266.5920 0001917  95.3879 264.7473 13.20770455235751
ONEWEB-0359             
1 49285U 21090G   26207.57100272  .00000014  00000+0  29302-5 0  9996
2 49285  87.9174 266.5861 0001979  89.5886 270.5474 13.20770341235737
ONEWEB-0360             
1 49286U 21090H   26207.63666739 -.00000018  00000+0 -76841-4 0  9994
2 49286  87.9175 266.5794 0002130  94.7624 265.3753 13.20771931235055
ONEWEB-0361             
1 49287U 21090J   26207.61813489  .00000001  00000+0 -29809-4 0  9992
2 49287  87.9175 266.5817 0001927  93.5472 266.5881 13.20770548235501
ONEWEB-0362             
1 49288U 21090K   26207.29868393  .00000018  00000+0  13506-4 0  9995
2 49288  87.9181 297.1905 0002274  97.2943 262.8448 13.19723551232074
ONEWEB-0363             
1 49289U 21090L   26207.63328442 -.00000043  00000+0 -13886-3 0  9990
2 49289  87.9179 266.5789 0001725  98.4321 261.7008 13.20772518235516
ONEWEB-0364             
1 49290U 21090M   26207.59625527  .00000000  00000+0 -32502-4 0  9990
2 49290  87.9169 266.5932 0002106  97.3179 262.8194 13.20770825236642
ONEWEB-0365             
1 49291U 21090N   26207.23234474 -.00000016  00000+0 -72830-4 0  9995
2 49291  87.9183 297.1946 0002101 100.5832 259.5537 13.19726785231577
ONEWEB-0366             
1 49292U 21090P   26207.63655938 -.00000035  00000+0 -12826-3 0  9991
2 49292  87.8959 281.8469 0002012  97.7017 262.4341 13.14502766232743
ONEWEB-0367             
1 49293U 21090Q   26207.63243337  .00000000  00000+0 -30767-4 0  9994
2 49293  87.9177 266.5805 0002213  98.6631 261.4753 13.20770550235032
ONEWEB-0368             
1 49294U 21090R   26207.60636090 -.00000060  00000+0 -17871-3 0  9991
2 49294  87.9162 266.5913 0001930 117.9394 242.1935 13.20772152236188
ONEWEB-0369             
1 49295U 21090S   26207.60668675  .00000263  00000+0  62539-3 0  9990
2 49295  87.9180 297.1248 0002089 102.9286 257.2081 13.19728857231613
ONEWEB-0370             
1 49296U 21090T   26207.56594558  .00000047  00000+0  84649-4 0  9991
2 49296  87.9176 266.5927 0002200  90.0175 270.1211 13.20772416235066
ONEWEB-0371             
1 49297U 21090U   26207.31132855 -.00000028  00000+0 -10192-3 0  9995
2 49297  87.9189 297.1790 0002138  99.8993 260.2381 13.19725604231614
ONEWEB-0372             
1 49298U 21090V   26207.63147364 -.00000030  00000+0 -10487-3 0  9992
2 49298  87.9174 266.5816 0002103  98.0467 262.0905 13.20770014235047
ONEWEB-0373             
1 49299U 21090W   26207.58109724  .00000046  00000+0  81742-4 0  9993
2 49299  87.9174 266.5911 0002001  94.9897 265.1465 13.20770427236227
ONEWEB-0374             
1 49300U 21090X   26207.62385355 -.00000224  00000+0 -63819-3 0  9991
2 49300  87.8963 281.8415 0001449  98.0173 262.1122 13.14503089232742
ONEWEB-0375             
1 49301U 21090Y   26207.56931417  .00000008  00000+0 -12488-4 0  9997
2 49301  87.9173 266.5857 0001514  92.9116 267.2191 13.20770234235728
ONEWEB-0376             
1 49302U 21090Z   26207.30974659 -.00000029  00000+0 -10460-3 0  9996
2 49302  87.9188 297.1791 0002145 103.7743 256.3629 13.19724391231610
ONEWEB-0377             
1 49303U 21090AA  26207.63173594 -.00000001  00000+0 -33691-4 0  9994
2 49303  87.9173 266.5755 0001733  97.3383 262.7947 13.20769884235723
ONEWEB-0378             
1 49304U 21090AB  26207.57619176  .00000016  00000+0  74070-5 0  9990
2 49304  87.9170 266.5897 0001903  98.8985 261.2364 13.20772620234987
ONEWEB-0379             
1 49305U 21090AC  26207.61910710 -.00000259  00000+0 -73445-3 0  9998
2 49305  87.8959 281.8521 0001927  99.8905 260.2442 13.14502377232746
ONEWEB-0380             
1 49306U 21090AD  26207.60984626  .00000174  00000+0  40154-3 0  9990
2 49306  87.9182 297.1222 0001936  95.9563 264.1791 13.19728336231627
ONEWEB-0381             
1 49307U 21090AE  26207.62823423 -.00000035  00000+0 -11909-3 0  9994
2 49307  87.9176 266.5811 0001785  96.4580 263.6756 13.20770169235039
ONEWEB-0382             
1 49308U 21090AF  26207.61477148 -.00000018  00000+0 -76192-4 0  9990
2 49308  87.9176 266.5772 0001772  99.8325 260.3009 13.20772225235025
ONEWEB-0383             
1 49309U 21090AG  26207.61275983 -.00000180  00000+0 -52070-3 0  9992
2 49309  87.8963 281.8459 0001920 102.3572 257.7773 13.14502946232771
ONEWEB-0384             
1 49310U 21090AH  26207.60215663  .00000000  00000+0 -32366-4 0  9999
2 49310  87.9175 266.6238 0001653 106.9416 253.1899 13.20815191235032
ONEWEB-0385             
1 49311U 21090AJ  26207.60803508 -.00000018  00000+0 -75797-4 0  9996
2 49311  87.9172 266.5840 0001855  97.7644 262.3700 13.20771612235001
ONEWEB-0386             
1 49312U 21090AK  26207.62486739 -.00000332  00000+0 -84758-3 0  9997
2 49312  87.9202 266.5739 0002131  98.4658 261.6717 13.20768821235024
ONEWEB-0387             
1 49313U 21090AL  26207.60971795  .00000010  00000+0 -62490-5 0  9990
2 49313  87.9164 266.5931 0001795  89.0982 271.0357 13.20771342235024
ONEWEB-0388             
1 49314U 21090AM  26207.30185519 -.00000046  00000+0 -14643-3 0  9994
2 49314  87.9181 297.1815 0001885 101.4236 258.7109 13.19724440231574
ONEWEB-0389             
1 50469U 21132A   26206.85022292  .00000050  00000+0  95689-4 0  9994
2 50469  87.9155 358.1779 0001578  87.3647 272.7666 13.17647659223177
ONEWEB-0390             
1 50470U 21132B   26207.30752770  .00000113  00000+0  25799-3 0  9992
2 50470  87.9158 358.0881 0001988  89.4843 270.6516 13.17648078223235
ONEWEB-0391             
1 50471U 21132C   26206.85359738  .00000051  00000+0  97971-4 0  9992
2 50471  87.9155 358.1883 0001594  68.4989 291.6313 13.17647507223174
ONEWEB-0392             
1 50472U 21132D   26207.64333563  .00000034  00000+0  55092-4 0  9998
2 50472  87.9167 358.0029 0001560  86.2837 273.8473 13.17648874223315
ONEWEB-0393             
1 50473U 21132E   26207.31513910  .00000080  00000+0  17214-3 0  9993
2 50473  87.9156 358.0817 0001678  91.1707 268.9617 13.17647954223267
ONEWEB-0394             
1 50474U 21132F   26207.32626447  .00000092  00000+0  19999-3 0  9990
2 50474  87.9206 327.6624 0001791 102.1477 257.9856 13.18686650226752
ONEWEB-0395             
1 50475U 21132G   26207.15468517  .00000420  00000+0  11489-2 0  9994
2 50475  87.8892  13.3073 0001858  84.9510 275.1830 13.11416846220826
ONEWEB-0396             
1 50476U 21132H   26207.62302468  .00000045  00000+0  82068-4 0  9995
2 50476  87.9209 327.6168 0001737  99.9148 260.2181 13.18686912226836
ONEWEB-0397             
1 50477U 21132J   26207.56231771  .00000004  00000+0 -23573-4 0  9999
2 50477  87.9206 327.6286 0001683 104.0025 256.1295 13.18686896226805
ONEWEB-0398             
1 50478U 21132K   26206.81729071 -.00000023  00000+0 -10141-3 0  9990
2 50478  87.8903  13.3681 0002044  86.2091 273.9270 13.11419208220676
ONEWEB-0399             
1 50479U 21132L   26206.88001989 -.00000475  00000+0 -13763-2 0  9992
2 50479  87.8893  13.3666 0001345  87.5976 272.5306 13.11417806220674
ONEWEB-0400             
1 50480U 21132M   26207.61628164 -.00000025  00000+0 -95368-4 0  9990
2 50480  87.9206 327.6077 0001991  95.8547 264.2812 13.18686216226806
ONEWEB-0401             
1 50481U 21132N   26207.35830197  .00000012  00000+0 -11217-5 0  9990
2 50481  87.9206 327.6564 0001859 107.0316 253.1020 13.18687024226773
ONEWEB-0402             
1 50482U 21132P   26207.32120565  .00000010  00000+0 -75677-5 0  9997
2 50482  87.9208 327.6525 0001883 114.8203 245.3126 13.18684609226799
ONEWEB-0403             
1 50483U 21132Q   26207.34649772  .00000040  00000+0  67957-4 0  9999
2 50483  87.9205 327.6720 0001753  97.0678 263.0654 13.18687037226755
ONEWEB-0404             
1 50484U 21132R   26207.01396531 -.00000217  00000+0 -64903-3 0  9991
2 50484  87.8899  13.3372 0001572  82.2603 277.8704 13.11414798220780
ONEWEB-0405             
1 50485U 21132S   26207.58762260  .00000055  00000+0  10802-3 0  9997
2 50485  87.9212 327.6097 0002284  92.8045 267.3349 13.18685939227188
ONEWEB-0406             
1 50486U 21132T   26207.57917720  .00000085  00000+0  18198-3 0  9999
2 50486  87.9204 327.6254 0001476  87.7322 272.3979 13.18687634226816
ONEWEB-0407             
1 50487U 21132U   26207.57243735  .00000169  00000+0  39486-3 0  9994
2 50487  87.9208 327.6204 0002084 103.0953 257.0412 13.18685606226756
ONEWEB-0409             
1 50488U 21132V   26207.47005307  .00000071  00000+0  16349-3 0  9990
2 50488  87.8900  13.2356 0001732  83.3565 276.7761 13.11415495220736
ONEWEB-0412             
1 50489U 21132W   26207.33300338  .00000007  00000+0 -14226-4 0  9991
2 50489  87.9201 327.6751 0001854 109.8224 250.3109 13.18687687226814
ONEWEB-0413             
1 50490U 21132X   26207.33806672  .00000036  00000+0  58034-4 0  9991
2 50490  87.9202 327.6701 0002004 108.4701 251.6650 13.18685765226758
ONEWEB-0414             
1 50491U 21132Y   26207.32288252 -.00000014  00000+0 -68963-4 0  9999
2 50491  87.9207 327.6586 0001750 103.7585 256.3743 13.18687853226788
ONEWEB-0417             
1 50492U 21132Z   26207.33132266  .00000109  00000+0  24255-3 0  9992
2 50492  87.9198 327.6734 0001764  93.8815 266.2519 13.18685791226761
ONEWEB-0418             
1 50493U 21132AA  26207.34129906  .00000062  00000+0  12469-3 0  9993
2 50493  87.9202 327.6728 0001737  92.5258 267.6073 13.18686951226824
ONEWEB-0419             
1 50494U 21132AB  26207.58812714  .00000044  00000+0  78441-4 0  9999
2 50494  87.9211 327.6258 0001966  91.9939 268.1418 13.18666800226770
ONEWEB-0420             
1 50495U 21132AC  26207.32457757  .00000033  00000+0  51746-4 0  9991
2 50495  87.9199 327.6770 0002119 103.6787 256.4581 13.18685227226739
ONEWEB-0421             
1 50496U 21132AD  26207.62134948  .00000001  00000+0 -30599-4 0  9998
2 50496  87.9205 327.6164 0001611 108.1596 251.9712 13.18686838226813
ONEWEB-0424             
1 50497U 21132AE  26207.58255479  .00000122  00000+0  27696-3 0  9993
2 50497  87.9205 327.6246 0002082  89.8325 270.3046 13.18687793226831
ONEWEB-0426             
1 50498U 21132AF  26207.31362739  .00000610  00000+0  15138-2 0  9992
2 50498  87.9205 327.6688 0001189  94.3089 265.8179 13.18682505226749
ONEWEB-0427             
1 50499U 21132AG  26207.58087074  .00000034  00000+0  54398-4 0  9991
2 50499  87.9215 327.6058 0001734  94.9101 265.2229 13.18686830226801
ONEWEB-0429             
1 50500U 21132AH  26207.33974988  .00000001  00000+0 -30622-4 0  9995
2 50500  87.9199 327.6744 0002003 101.7689 258.3668 13.18685650226747
ONEWEB-0430             
1 50501U 21132AJ  26207.32794368  .00000035  00000+0  56276-4 0  9996
2 50501  87.9200 327.6753 0002191 103.2879 256.8497 13.18685165226785
ONEWEB-0432             
1 50502U 21132AK  26207.31095459  .00000052  00000+0  10006-3 0  9990
2 50502  87.9204 327.6657 0002290  93.2294 266.9100 13.18686917226736
ONEWEB-0440             
1 50503U 21132AL  26207.57581466  .00000085  00000+0  18229-3 0  9998
2 50503  87.9210 327.6251 0001928 109.3529 250.7812 13.18685532226767
ONEWEB-0450             
1 50504U 21132AM  26207.56919791  .00000060  00000+0  11959-3 0  9990
2 50504  87.9201 327.6276 0002077 102.0126 258.1239 13.18687924226799
ONEWEB-0410             
1 51622U 22012A   26207.32440368  .00000084  00000+0  18384-3 0  9998
2 51622  87.9170 358.0769 0000997  49.3420 310.7798 13.17647714218855
ONEWEB-0411             
1 51623U 22012B   26207.49016097  .00000696  00000+0  19583-2 0  9995
2 51623  87.8829  28.4356 0002360  90.8614 269.2784 13.10376552214433
ONEWEB-0415             
1 51624U 22012C   26207.48677854  .00000659  00000+0  18519-2 0  9996
2 51624  87.8825  28.4336 0002094  85.0388 275.0978 13.10374670214435
ONEWEB-0416             
1 51625U 22012D   26207.49864877  .00000646  00000+0  18139-2 0  9995
2 51625  87.8814  28.4474 0002070  80.8406 279.2956 13.10374086214472
ONEWEB-0422             
1 51626U 22012E   26207.33452982  .00000049  00000+0  93969-4 0  9992
2 51626  87.9167 358.0746 0002186 111.6673 248.4692 13.17648994218968
ONEWEB-0423             
1 51627U 22012F   26207.32778113  .00000048  00000+0  90448-4 0  9997
2 51627  87.9162 358.0796 0001695  92.5867 267.5459 13.17649386218852
ONEWEB-0425             
1 51628U 22012G   26207.20340336  .00000114  00000+0  29150-3 0  9992
2 51628  87.8814  28.4908 0001577  77.4933 282.6371 13.10372460214434
ONEWEB-0428             
1 51629U 22012H   26207.48845709  .00000661  00000+0  18572-2 0  9999
2 51629  87.8820  28.4401 0001790  89.3903 270.7429 13.10376992214432
ONEWEB-0431             
1 51630U 22012J   26207.45776407 -.00000622  00000+0 -18177-2 0  9996
2 51630  87.8826  28.4396 0002396  90.8853 269.2549 13.10373070214482
ONEWEB-0434             
1 51631U 22012K   26207.05422719 -.00000074  00000+0 -24917-3 0  9998
2 51631  87.8820  28.5465 0001297  75.7828 284.3444 13.10374562214410
ONEWEB-0435             
1 51632U 22012L   26207.21356524 -.00000287  00000+0 -85844-3 0  9999
2 51632  87.8814  28.4980 0002003  97.4345 262.7010 13.10370036214428
ONEWEB-0436             
1 51633U 22012M   26207.31934017 -.00001084  00000+0 -28259-2 0  9992
2 51633  87.9166 358.0664 0002090 101.3924 258.7442 13.17644048218832
ONEWEB-0438             
1 51634U 22012N   26207.04559282  .00000370  00000+0  10239-2 0  9994
2 51634  87.8813  28.5357 0001715  83.2697 276.8625 13.10369912214430
ONEWEB-0439             
1 51635U 22012P   26207.58350803  .00000781  00000+0  22021-2 0  9990
2 51635  87.8821  28.4154 0001545  86.8217 273.3087 13.10368824214482
ONEWEB-0442             
1 51636U 22012Q   26207.53954632 -.00000231  00000+0 -62926-3 0  9997
2 51636  87.9156 358.0509 0001372  79.5263 280.6023 13.17649626218854
ONEWEB-0443             
1 51637U 22012R   26207.33115743  .00000094  00000+0  20973-3 0  9999
2 51637  87.9158 358.0937 0001605 104.4699 255.6611 13.17647701218871
ONEWEB-0444             
1 51638U 22012S   26207.57331667  .00000537  00000+0  15013-2 0  9991
2 51638  87.8823  28.4166 0001604  94.3110 265.8201 13.10371769214499
ONEWEB-0445             
1 51639U 22012T   26207.44093855 -.00000211  00000+0 -63946-3 0  9992
2 51639  87.8822  28.4337 0001871  86.5927 273.5414 13.10369516214482
ONEWEB-0446             
1 51640U 22012U   26207.57161888  .00000633  00000+0  17772-2 0  9991
2 51640  87.8819  28.4342 0001944  79.6298 280.5049 13.10372260214483
ONEWEB-0448             
1 51641U 22012V   26207.04220355  .00000424  00000+0  11792-2 0  9993
2 51641  87.8815  28.5348 0001795  89.3654 270.7679 13.10370286214380
ONEWEB-0449             
1 51642U 22012W   26207.58179344  .00000484  00000+0  13507-2 0  9996
2 51642  87.8820  28.4152 0001518  71.3123 288.8169 13.10370216214460
ONEWEB-0451             
1 51643U 22012X   26207.31596330  .00000038  00000+0  65902-4 0  9999
2 51643  87.9167 358.0646 0001608  92.9730 267.1585 13.17648065218811
ONEWEB-0452             
1 51644U 22012Y   26206.40305239  .00000038  00000+0  64458-4 0  9990
2 51644  87.9159 358.2787 0001506  96.6814 263.4489 13.17647301218704
ONEWEB-0456             
1 51646U 22012AA  26207.05575840 -.00000065  00000+0 -22211-3 0  9993
2 51646  87.8829  28.5097 0001828  94.3045 265.8291 13.10369630214430
ONEWEB-0457             
1 51647U 22012AB  26207.49173128  .00000720  00000+0  20268-2 0  9990
2 51647  87.8821  28.4374 0001900  77.5420 282.5920 13.10373431214496
ONEWEB-0458             
1 51648U 22012AC  26207.05491997 -.00000080  00000+0 -26569-3 0  9992
2 51648  87.8816  28.5133 0001611  92.2343 267.8969 13.10369411214393
ONEWEB-0461             
1 51649U 22012AD  26207.48809198  .00000043  00000+0  76485-4 0  9996
2 51649  87.9169 358.0439 0001873  91.4835 268.6511 13.17648116219063
ONEWEB-0463             
1 51650U 22012AE  26207.31765499  .00000083  00000+0  17969-3 0  9990
2 51650  87.9157 358.0963 0001900  90.2371 269.8978 13.17648222218828
ONEWEB-0464             
1 51651U 22012AF  26207.05238175  .00000034  00000+0  60661-4 0  9992
2 51651  87.8809  28.5341 0001706  99.8927 260.2393 13.10370348214418
ONEWEB-0468             
1 51652U 22012AG  26207.43924617 -.00000137  00000+0 -42817-3 0  9996
2 51652  87.8813  28.4500 0001786  97.5225 262.6106 13.10369508214441
ONEWEB-0473             
1 51653U 22012AH  26207.57840473  .00000566  00000+0  15862-2 0  9992
2 51653  87.8813  28.4246 0001882  91.3063 268.8280 13.10372647214469
ONEWEB-0474             
1 51654U 22012AJ  26207.56992341  .00000688  00000+0  19347-2 0  9991
2 51654  87.8827  28.4141 0001712  99.1854 260.9467 13.10373538214454
ONEWEB-0475             
1 51655U 22012AK  26207.32947235  .00000105  00000+0  23756-3 0  9992
2 51655  87.9160 358.0877 0001749 116.6735 243.4576 13.17649086218842
ONEWEB-0490             
1 54113U 22138A   26207.63513357 -.00000047  00000+0 -14899-3 0  9996
2 54113  87.9190 297.1151 0002174 103.2106 256.9270 13.19724738182033
ONEWEB-0492             
1 54114U 22138B   26207.50876958  .00000002  00000+0 -27256-4 0  9994
2 54114  87.9179 297.1388 0002285  99.7978 260.3413 13.19724030182024
ONEWEB-0495             
1 54115U 22138C   26207.63828215 -.00000044  00000+0 -14251-3 0  9999
2 54115  87.9182 297.1157 0002507 111.5352 248.6048 13.19726712182021
ONEWEB-0497             
1 54116U 22138D   26207.27184039  .00000054  00000+0  10146-3 0  9997
2 54116  87.9186 297.1827 0002107 101.2012 258.9358 13.19723986181965
ONEWEB-0499             
1 54117U 22138E   26207.25526357  .00000060  00000+0  11829-3 0  9995
2 54117  87.9185 297.1932 0002088 105.5491 254.5872 13.19725101181973
ONEWEB-0500             
1 54118U 22138F   26207.63671192 -.00000003  00000+0 -39078-4 0  9992
2 54118  87.9191 297.1142 0002079  97.4478 262.6891 13.19726109182036
ONEWEB-0501             
1 54119U 22138G   26207.28764206  .00000009  00000+0 -10876-4 0  9993
2 54119  87.9189 297.1836 0002316 108.9845 251.1539 13.19726554181961
ONEWEB-0502             
1 54120U 22138H   26207.50086743  .00000027  00000+0  35491-4 0  9992
2 54120  87.9193 297.1305 0002065 107.0130 253.1230 13.19724274182011
ONEWEB-0503             
1 54121U 22138J   26207.26235554  .00000046  00000+0  83079-4 0  9998
2 54121  87.9189 297.1835 0001805 103.9750 256.1583 13.19727381181979
ONEWEB-0504             
1 54122U 22138K   26207.62880336 -.00000044  00000+0 -14198-3 0  9998
2 54122  87.9192 297.1157 0002037 107.2084 252.9272 13.19726845182037
ONEWEB-0505             
1 54123U 22138L   26207.62565293 -.00000094  00000+0 -26614-3 0  9992
2 54123  87.9187 297.1159 0002197 108.9368 251.2003 13.19723427182019
ONEWEB-0506             
1 54124U 22138M   26207.29712664  .00000045  00000+0  78835-4 0  9999
2 54124  87.9192 297.1797 0002204 107.9294 252.2079 13.19725955181965
ONEWEB-0507             
1 54125U 22138N   26207.62090745 -.00000039  00000+0 -12931-3 0  9995
2 54125  87.9184 297.1244 0002164 103.7284 256.4090 13.19724527182056
ONEWEB-0508             
1 54126U 22138P   26207.54193649  .00000059  00000+0  11404-3 0  9998
2 54126  87.9184 297.1391 0002418 105.9156 254.2244 13.19726842182020
ONEWEB-0509             
1 54127U 22138Q   26207.51667068  .00000035  00000+0  54358-4 0  9997
2 54127  87.9191 297.1377 0002139 103.9523 256.1848 13.19724666181997
ONEWEB-0510             
1 54128U 22138R   26207.60131130  .00000183  00000+0  41889-3 0  9992
2 54128  87.9175 266.5814 0001740  86.2738 273.8595 13.20772739184482
ONEWEB-0511             
1 54129U 22138S   26207.28605966  .00000049  00000+0  90304-4 0  9998
2 54129  87.9187 297.1847 0001858 106.5551 253.5786 13.19724433181997
ONEWEB-0512             
1 54130U 22138T   26207.27815645  .00000060  00000+0  11701-3 0  9992
2 54130  87.9185 297.1891 0002182 109.4821 250.6548 13.19724019181960
ONEWEB-0513             
1 54131U 22138U   26207.49504278  .00000043  00000+0  75368-4 0  9995
2 54131  87.9187 297.0848 0002158 124.5799 235.5538 13.20270159181907
ONEWEB-0514             
1 54132U 22138V   26207.29395600  .00000039  00000+0  64700-4 0  9994
2 54132  87.9188 297.1825 0001946  97.0517 263.0837 13.19724650181985
ONEWEB-0515             
1 54133U 22138W   26207.58783855  .00000050  00000+0  91773-4 0  9993
2 54133  87.9179 266.5803 0002500  78.1092 282.0321 13.20771959184503
ONEWEB-0516             
1 54134U 22138X   26207.26868559  .00000045  00000+0  80076-4 0  9992
2 54134  87.9184 297.1911 0002176  99.7389 260.3989 13.19724615181980
ONEWEB-0517             
1 54135U 22138Y   26207.62722608 -.00000112  00000+0 -31293-3 0  9990
2 54135  87.9189 297.1148 0001720 102.6471 257.4854 13.19726420182039
ONEWEB-0518             
1 54136U 22138Z   26207.26710998  .00000059  00000+0  11613-3 0  9992
2 54136  87.9179 297.1930 0002248  98.1548 261.9840 13.19725141181985
ONEWEB-0519             
1 54137U 22138AA  26207.29237578  .00000015  00000+0  54126-5 0  9994
2 54137  87.9189 297.1825 0001836 100.5603 259.5737 13.19724178181990
ONEWEB-0520             
1 54138U 22138AB  26207.63039622 -.00000074  00000+0 -21737-3 0  9990
2 54138  87.9191 297.1159 0002218 105.4878 254.6500 13.19724690182025
ONEWEB-0521             
1 54139U 22138AC  26207.51192077  .00000034  00000+0  51991-4 0  9992
2 54139  87.9193 297.1287 0001881  99.7279 260.4066 13.19723920181953
ONEWEB-0522             
1 54140U 22138AD  26207.26394453  .00000031  00000+0  44431-4 0  9996
2 54140  87.9194 297.1806 0002053 104.8358 255.3002 13.19724567181963
ONEWEB-0523             
1 54141U 22138AE  26207.57436447  .00000033  00000+0  49164-4 0  9991
2 54141  87.9173 266.5918 0001887  74.2463 285.8878 13.20769971184508
ONEWEB-0524             
1 54142U 22138AF  26207.56426708  .00000029  00000+0  40049-4 0  9998
2 54142  87.9175 266.5908 0002667  81.6532 278.4903 13.20770354184500
ONEWEB-0525             
1 54143U 22138AG  26207.28290179  .00000001  00000+0 -29360-4 0  9993
2 54143  87.9191 297.1834 0002373 106.0761 254.0634 13.19724389181982
ONEWEB-0526             
1 54144U 22138AH  26207.61933588 -.00000058  00000+0 -17806-3 0  9993
2 54144  87.9191 297.1171 0002179 100.9408 259.1970 13.19725482182000
ONEWEB-0529             
1 54145U 22138AJ  26207.62249092 -.00000065  00000+0 -19347-3 0  9995
2 54145  87.9184 297.1224 0002188 103.0627 257.0750 13.19726188182028
ONEWEB-0531             
1 54146U 22138AK  26207.62654990 -.00000019  00000+0 -78849-4 0  9995
2 54146  87.9176 266.5757 0002143  73.3136 286.8233 13.20770068184516
ONEWEB-0535             
1 54147U 22138AL  26207.27657527  .00000057  00000+0  10921-3 0  9992
2 54147  87.9192 297.1790 0001879  92.6650 267.4698 13.19723707181997
ONEWEB-0536             
1 54148U 22138AM  26207.61308154 -.00000042  00000+0 -13421-3 0  9994
2 54148  87.9162 266.5962 0002358  71.8765 288.2625 13.20770415184506
ONEWEB-0527             
1 54642U 22166A   26207.61445550 -.00000094  00000+0 -26018-3 0  9999
2 54642  87.9227 236.1488 0002126  95.4408 264.6969 13.21827844176748
ONEWEB-0528             
1 54643U 22166B   26207.61530902  .00000119  00000+0  25625-3 0  9995
2 54643  87.9231 236.1519 0002156  95.8053 264.3327 13.21825999176757
ONEWEB-0539             
1 54644U 22166C   26207.12329129  .00000065  00000+0  12485-3 0  9999
2 54644  87.9234 236.2234 0001888  97.4774 262.6575 13.21824328176688
ONEWEB-0540             
1 54645U 22166D   26207.58433669  .00000032  00000+0  45522-4 0  9998
2 54645  87.9227 236.1592 0001951  94.2346 265.9011 13.21824859176734
ONEWEB-0542             
1 54646U 22166E   26207.58756224  .00000003  00000+0 -24751-4 0  9994
2 54646  87.9235 236.1303 0001818  98.8682 261.2658 13.21826022176740
ONEWEB-0545             
1 54647U 22166F   26207.62790906 -.00000048  00000+0 -14854-3 0  9997
2 54647  87.9227 236.1313 0001409  92.8578 267.2717 13.21823896176712
ONEWEB-0580             
1 54648U 22166G   26207.60269782  .00000066  00000+0  12885-3 0  9999
2 54648  87.9227 236.1356 0001641  90.2784 269.8538 13.21824063176759
ONEWEB-0582             
1 54649U 22166H   26207.56904828  .00000031  00000+0  43158-4 0  9992
2 54649  87.9230 236.1356 0001606  98.2727 261.8590 13.21824583176724
ONEWEB-0583             
1 54650U 22166J   26207.58083404  .00000061  00000+0  11658-3 0  9996
2 54650  87.9227 236.1560 0001934  95.0890 265.0465 13.21826136176733
ONEWEB-0584             
1 54651U 22166K   26207.60101520  .00000002  00000+0 -27810-4 0  9994
2 54651  87.9223 236.1363 0001977  93.7647 266.3713 13.21825609176726
ONEWEB-0585             
1 54652U 22166L   26207.62456468  .00000055  00000+0  10264-3 0  9992
2 54652  87.9230 236.1202 0002243  93.1144 267.0247 13.21824314176733
ONEWEB-0586             
1 54653U 22166M   26207.63802657  .00000031  00000+0  44571-4 0  9992
2 54653  87.9225 236.1427 0001924  97.7765 262.3588 13.21824155176730
ONEWEB-0587             
1 54654U 22166N   26207.57242605  .00000043  00000+0  73787-4 0  9991
2 54654  87.9236 236.1328 0002417  92.3884 267.7526 13.21826016176889
ONEWEB-0589             
1 54655U 22166P   26207.55896645  .00000070  00000+0  13776-3 0  9990
2 54655  87.9226 236.1434 0001212  93.0729 267.0544 13.21826610176743
ONEWEB-0590             
1 54656U 22166Q   26207.58404035  .00000010  00000+0 -62152-5 0  9991
2 54656  87.9233 236.1319 0002042  81.1527 278.9838 13.21827025176737
ONEWEB-0591             
1 54657U 22166R   26207.59596141  .00000060  00000+0  11452-3 0  9992
2 54657  87.9224 236.1409 0001985  92.0658 268.0704 13.21824319176767
ONEWEB-0592             
1 54658U 22166S   26207.59933494  .00000021  00000+0  19686-4 0  9994
2 54658  87.9233 236.1220 0002040  95.0202 265.1165 13.21825352176644
ONEWEB-0593             
1 54659U 22166T   26207.62119554  .00000013  00000+0 -91017-6 0  9994
2 54659  87.9232 236.1272 0001880  93.8333 266.3016 13.21826545176758
ONEWEB-0594             
1 54660U 22166U   26207.56569407  .00000059  00000+0  11225-3 0  9994
2 54660  87.9224 236.1533 0002216  95.5652 264.5735 13.21825067176765
ONEWEB-0595             
1 54661U 22166V   26207.61784166 -.00000050  00000+0 -15175-3 0  9993
2 54661  87.9241 236.1275 0002254  91.3753 268.7639 13.21825769176742
ONEWEB-0596             
1 54662U 22166W   26207.59260748 -.00000025  00000+0 -91904-4 0  9993
2 54662  87.9228 236.1408 0002150  93.7292 266.4088 13.21824190176745
ONEWEB-0597             
1 54663U 22166X   26207.57410503  .00000030  00000+0  40067-4 0  9996
2 54663  87.9227 236.1471 0001968  94.7949 265.3410 13.21824350176746
ONEWEB-0600             
1 54664U 22166Y   26207.63130031 -.00000014  00000+0 -64712-4 0  9996
2 54664  87.9224 236.1270 0002072  99.9782 260.1586 13.21826169176725
ONEWEB-0601             
1 54665U 22166Z   26207.62288471  .00000025  00000+0  28779-4 0  9991
2 54665  87.9225 236.1444 0001801  98.2550 261.8789 13.21825413176919
ONEWEB-0602             
1 54666U 22166AA  26207.58840236  .00000107  00000+0  22704-3 0  9992
2 54666  87.9225 236.1570 0002028 101.4406 258.6956 13.21824090176751
ONEWEB-0603             
1 54667U 22166AB  26207.59428631  .00000014  00000+0  27024-5 0  9994
2 54667  87.9234 236.1169 0001989  95.3930 264.7431 13.21824098176680
ONEWEB-0604             
1 54668U 22166AC  26207.58251042  .00000056  00000+0  10475-3 0  9990
2 54668  87.9235 236.1351 0002125  94.7762 265.3614 13.21824608176647
ONEWEB-0605             
1 54669U 22166AD  26207.57578247  .00000031  00000+0  44708-4 0  9999
2 54669  87.9228 236.1465 0001592  80.3977 279.7337 13.21824583176713
ONEWEB-0606             
1 54670U 22166AE  26207.59764317 -.00000027  00000+0 -97176-4 0  9992
2 54670  87.9227 236.1543 0002209  96.9763 263.1622 13.21825986176771
ONEWEB-0607             
1 54671U 22166AF  26207.56401163  .00000038  00000+0  60421-4 0  9990
2 54671  87.9233 236.1349 0001979  98.1308 262.0051 13.21826288176742
ONEWEB-0608             
1 54672U 22166AG  26207.57073378  .00000064  00000+0  12327-3 0  9995
2 54672  87.9236 236.1313 0001537  90.7419 269.3891 13.21824550176751
ONEWEB-0610             
1 54673U 22166AH  26207.62625133 -.00000010  00000+0 -54648-4 0  9990
2 54673  87.9225 236.1305 0001491 102.7048 257.4253 13.21825971176660
ONEWEB-0611             
1 54674U 22166AJ  26207.61950594 -.00000020  00000+0 -81059-4 0  9999
2 54674  87.9230 236.1281 0002135  93.1417 266.9961 13.21824735176656
ONEWEB-0612             
1 54675U 22166AK  26207.33017948  .00000055  00000+0  10261-3 0  9998
2 54675  87.9238 236.1852 0001880  94.5067 265.6282 13.21827429176601
ONEWEB-0615             
1 54676U 22166AL  26207.61279129 -.00000028  00000+0 -98861-4 0  9996
2 54676  87.9230 236.1402 0002309  97.4495 262.6901 13.21823861176655
ONEWEB-0655             
1 54677U 22166AM  26207.51354782  .00000027  00000+0  33880-4 0  9992
2 54677  87.9224 236.1604 0001998 100.9949 259.1410 13.21824271176630
ONEWEB-0659             
1 54678U 22166AN  26207.60606571 -.00000017  00000+0 -72364-4 0  9990
2 54678  87.9225 236.1415 0002078  92.9377 267.1995 13.21824572176739
ONEWEB-0685             
1 54679U 22166AP  26207.58335648  .00004733  00000+0  11194-1 0  9990
2 54679  87.9224 236.1345 0001622  80.7819 195.7945 13.23188484  5268
ONEWEB-0712             
1 54680U 22166AQ  26207.57842408  .00000080  00000+0  17667-3 0  9992
2 54680  87.9078 220.9500 0002047 104.8632 255.2726 13.16593354177249
ONEWEB-0714             
1 54681U 22166AR  26207.61111330 -.00000014  00000+0 -65537-4 0  9990
2 54681  87.9228 236.1303 0002161 101.5976 258.5401 13.21825855176749
ONEWEB-0532             
1 55140U 23004A   26207.36742944  .00001030  00000+0  26191-2 0  9994
2 55140  87.9160 358.0707 0001751  84.0435 276.0896 13.17658892172745
ONEWEB-0533             
1 55141U 23004B   26207.33835972 -.00000250  00000+0 -72997-3 0  9997
2 55141  87.8977 342.8879 0001676 100.4794 259.6524 13.12443983173192
ONEWEB-0541             
1 55142U 23004C   26207.47513816 -.00000106  00000+0 -33488-3 0  9995
2 55142  87.8900  13.2384 0001925  83.4955 276.6393 13.11415568171092
ONEWEB-0543             
1 55143U 23004D   26207.61964228  .00000042  00000+0  73596-4 0  9991
2 55143  87.9198 327.6283 0002015 105.4645 254.6710 13.18687355174897
ONEWEB-0544             
1 55144U 23004E   26207.30940167 -.00000022  00000+0 -87808-4 0  9995
2 55144  87.9196 327.6896 0002110 100.3861 259.7509 13.18684988174853
ONEWEB-0560             
1 55145U 23004F   26207.37853770  .00000024  00000+0  28203-4 0  9990
2 55145  87.9197 327.6656 0002174 101.5524 258.5852 13.18686134174873
ONEWEB-0565             
1 55146U 23004G   26207.59942509  .00000038  00000+0  62697-4 0  9994
2 55146  87.9186 327.6457 0002238  91.4484 268.6905 13.18685002174890
ONEWEB-0567             
1 55147U 23004H   26207.59267264  .00000115  00000+0  25822-3 0  9997
2 55147  87.9193 327.6347 0002280  94.9594 265.1799 13.18685261174894
ONEWEB-0569             
1 55148U 23004J   26207.31576834 -.00000235  00000+0 -67711-3 0  9992
2 55148  87.8993 312.4379 0002861 103.0284 257.1164 13.13470668175315
ONEWEB-0570             
1 55149U 23004K   26207.58422761 -.00003179  00000+0 -80964-2 0  9995
2 55149  87.9191 327.6338 0001746  85.5552 274.5780 13.18700781174888
ONEWEB-0571             
1 55150U 23004L   26207.34987921  .00000000  00000+0 -32265-4 0  9997
2 55150  87.9198 327.6801 0003090  89.6254 270.5232 13.18686675174861
ONEWEB-0572             
1 55151U 23004M   26207.17084740  .00000154  00000+0  36456-3 0  9990
2 55151  87.9159 358.1118 0001916  91.0056 269.1295 13.17648389172614
ONEWEB-0573             
1 55152U 23004N   26207.57075606  .00000073  00000+0  15163-3 0  9998
2 55152  87.9200 327.6382 0002655  87.8383 272.3053 13.18685159174889
ONEWEB-0588             
1 55153U 23004P   26207.56400449  .00000017  00000+0  94925-5 0  9998
2 55153  87.9198 327.6389 0001910  84.0207 276.1143 13.18687480174881
ONEWEB-0598             
1 55154U 23004Q   26207.45310373  .00000586  00000+0  16171-2 0  9998
2 55154  87.8897  13.2499 0002539  92.1915 267.9504 13.11417637171043
ONEWEB-0599             
1 55155U 23004R   26207.35984048  .00000059  00000+0  11885-3 0  9997
2 55155  87.9157 358.0722 0001978 100.1408 259.9947 13.17648263172642
ONEWEB-0614             
1 55156U 23004S   26207.44801618  .00000582  00000+0  16050-2 0  9998
2 55156  87.8893  13.2586 0001624  87.4694 272.6620 13.11417874170980
ONEWEB-0616             
1 55157U 23004T   26207.32608991  .00000029  00000+0  42048-4 0  9999
2 55157  87.9160 358.0836 0002230 119.2097 240.9258 13.17648056172859
ONEWEB-0617             
1 55158U 23004U   26207.43612934 -.00000022  00000+0 -98245-4 0  9999
2 55158  87.8904  13.2547 0001655  78.5347 281.5967 13.11418181171001
ONEWEB-0618             
1 55159U 23004V   26207.33725441  .00005320  00000+0  29486-3 0  9991
2 55159  86.9117 161.7385 0014063 137.4862 222.7470 15.13497189188183
ONEWEB-0619             
1 55160U 23004W   26207.66189651 -.00000013  00000+0 -67155-4 0  9998
2 55160  87.9173 358.0011 0001426 100.5850 259.5442 13.17648274172794
ONEWEB-0620             
1 55161U 23004X   26207.20215784  .00000063  00000+0  14154-3 0  9999
2 55161  87.8893  13.3072 0002054  88.0235 272.1128 13.11419558170948
ONEWEB-0621             
1 55162U 23004Y   26207.45819723  .00000506  00000+0  13913-2 0  9993
2 55162  87.8901  13.2487 0001587  88.3630 271.7680 13.11415147170959
ONEWEB-0622             
1 55163U 23004Z   26207.46328029  .00000351  00000+0  95347-3 0  9999
2 55163  87.8901  13.2507 0001793  70.3001 289.8320 13.11414772170948
ONEWEB-0623             
1 55164U 23004AA  26207.35309368  .00000114  00000+0  26085-3 0  9993
2 55164  87.9164 358.0884 0001214  72.2388 287.8876 13.17648986172742
ONEWEB-0624             
1 55165U 23004AB  26207.36631007  .00000395  00000+0  10539-2 0  9990
2 55165  87.8982 342.7910 0001728  94.0111 266.1215 13.12929079173216
ONEWEB-0625             
1 55166U 23004AC  26207.64671181  .00000081  00000+0  17516-3 0  9994
2 55166  87.9164 358.0262 0001828  99.9808 260.1530 13.17648853172775
ONEWEB-0626             
1 55167U 23004AD  26207.33285248  .00000022  00000+0  24006-4 0  9994
2 55167  87.9159 358.0878 0002183  95.3928 264.7453 13.17649042172732
ONEWEB-0627             
1 55168U 23004AE  26207.32103548  .00000036  00000+0  60023-4 0  9990
2 55168  87.9158 358.0907 0001443  84.9763 275.1534 13.17649207172733
ONEWEB-0628             
1 55169U 23004AF  26207.36221268  .00000430  00000+0  11604-2 0  9992
2 55169  87.8983 342.8669 0001223  90.1991 269.9278 13.12440489173174
ONEWEB-0629             
1 55170U 23004AG  26207.37249134  .00000036  00000+0  59873-4 0  9991
2 55170  87.9158 358.0760 0001556  99.3946 260.7361 13.17650437172747
ONEWEB-0631             
1 55171U 23004AH  26207.32963140  .00000026  00000+0  32772-4 0  9995
2 55171  87.9210 327.6553 0002224  86.9374 273.2013 13.18687649174830
ONEWEB-0709             
1 55172U 23004AJ  26207.19198890 -.00000374  00000+0 -10907-2 0  9995
2 55172  87.8902  13.3124 0002675  91.0983 269.0452 13.11418481170985
ONEWEB-0710             
1 55173U 23004AK  26207.38684607 -.00000029  00000+0 -10808-3 0  9991
2 55173  87.9159 358.0688 0001735  89.5355 270.5975 13.17649082172748
ONEWEB-0711             
1 55174U 23004AL  26206.40020053 -.00000128  00000+0 -39595-3 0  9997
2 55174  87.8892  13.4575 0001508  70.5984 289.5307 13.11415591170843
ONEWEB-0713             
1 55175U 23004AM  26207.02922404 -.00000490  00000+0 -14183-2 0  9995
2 55175  87.8896  13.3346 0001603  80.7022 279.4287 13.11417141170911
ONEWEB-0715             
1 55176U 23004AN  26207.17673458 -.00000404  00000+0 -11749-2 0  9994
2 55176  87.8894  13.3056 0002436  84.0399 276.1006 13.11415990170976
ONEWEB-0716             
1 55177U 23004AP  26207.38009613 -.00000003  00000+0 -41742-4 0  9997
2 55177  87.9157 358.0728 0001884 101.5176 258.6167 13.17648858172746
ONEWEB-0717             
1 55178U 23004AQ  26207.36321865  .00000069  00000+0  14556-3 0  9994
2 55178  87.9171 358.0677 0001749  75.8535 284.2791 13.17648556172796
ONEWEB-0719             
1 55179U 23004AR  26207.37333937  .00000060  00000+0  12025-3 0  9999
2 55179  87.9167 358.0456 0001757  99.9828 260.1502 13.17648340172747
ONEWEB-0530             
1 55796U 23029A   26207.63497168 -.00000026  00000+0 -96786-4 0  9998
2 55796  87.9165 266.6041 0001646  90.2751 269.8571 13.20770546166350
ONEWEB-0534             
1 55797U 23029B   26207.62318234  .00000013  00000+0 -59686-6 0  9999
2 55797  87.9166 266.6075 0002046 100.3501 259.7863 13.20770522166356
ONEWEB-0556             
1 55798U 23029C   26207.62992310 -.00000037  00000+0 -12332-3 0  9994
2 55798  87.9167 266.6047 0001642 121.2030 238.9265 13.20771533166355
ONEWEB-0562             
1 55799U 23029D   26207.61644200 -.00000020  00000+0 -81964-4 0  9996
2 55799  87.9171 266.5893 0001206 101.7970 258.3299 13.20772978166358
ONEWEB-0563             
1 55800U 23029E   26207.61140806 -.00000003  00000+0 -38811-4 0  9996
2 55800  87.9168 266.6200 0002232 102.1790 257.9594 13.20770306166340
ONEWEB-0564             
1 55801U 23029F   26207.60466274 -.00000002  00000+0 -35698-4 0  9995
2 55801  87.9167 266.5951 0001653  96.2127 263.9195 13.20772677166353
ONEWEB-0638             
1 55802U 23029G   26207.59371482  .00000284  00000+0  73153-3 0  9997
2 55802  87.8954 281.8970 0001669 109.9154 250.2156 13.14505430164579
ONEWEB-0639             
1 55803U 23029H   26207.30503780 -.00003720  00000+0 -93288-2 0  9995
2 55803  87.9096 297.1825 0003060 108.5409 251.6056 13.19712523164068
ONEWEB-0640             
1 55804U 23029J   26207.60324860 -.00000108  00000+0 -32707-3 0  9996
2 55804  87.8951 281.8858 0001941 118.5525 241.5800 13.14501898164599
ONEWEB-0641             
1 55805U 23029K   26207.30026993  .00000037  00000+0  60322-4 0  9994
2 55805  87.9188 297.1803 0002095 103.6574 256.4793 13.19727803164073
ONEWEB-0642             
1 55806U 23029L   26207.29553144  .00000065  00000+0  12904-3 0  9999
2 55806  87.9179 297.1904 0002845 104.6744 255.4705 13.19727208164069
ONEWEB-0643             
1 55807U 23029M   26207.57312389  .00000115  00000+0  27446-3 0  9998
2 55807  87.8949 281.8792 0002704  98.2870 261.8566 13.14502942164563
ONEWEB-0644             
1 55808U 23029N   26207.29079888  .00000048  00000+0  86324-4 0  9998
2 55808  87.9183 297.1921 0002397 101.1200 259.0202 13.19726445164060
ONEWEB-0645             
1 55809U 23029P   26207.54035856  .00000078  00000+0  16144-3 0  9999
2 55809  87.9180 297.1391 0002274 111.4028 248.7347 13.19727099164099
ONEWEB-0646             
1 55810U 23029Q   26207.63355055  .00000035  00000+0  54997-4 0  9999
2 55810  87.9187 297.1217 0002316 100.6952 259.4442 13.19724206164090
ONEWEB-0648             
1 55811U 23029R   26207.61750972 -.00000223  00000+0 -63526-3 0  9993
2 55811  87.8960 281.8477 0002709 114.0489 246.0925 13.14504077164575
ONEWEB-0649             
1 55812U 23029S   26207.50718727  .00000085  00000+0  18008-3 0  9993
2 55812  87.9181 297.1442 0002240 105.4968 254.6412 13.19724383164115
ONEWEB-0650             
1 55813U 23029T   26207.27500320 -.00000013  00000+0 -63915-4 0  9997
2 55813  87.9183 297.1930 0002710 104.5377 255.6057 13.19724377164058
ONEWEB-0652             
1 55814U 23029U   26207.59848861  .00000160  00000+0  39600-3 0  9992
2 55814  87.8962 281.8580 0001939  94.3060 265.8291 13.14503515164542
ONEWEB-0653             
1 55815U 23029V   26207.58263505  .00000154  00000+0  38187-3 0  9990
2 55815  87.8961 281.8600 0001992 101.4194 258.7160 13.14501819164576
ONEWEB-0654             
1 55816U 23029W   26207.57787521  .00000195  00000+0  49210-3 0  9993
2 55816  87.8961 281.8567 0001669  94.7805 265.3515 13.14502091164596
ONEWEB-0656             
1 55817U 23029X   26207.59794058  .00000023  00000+0  24070-4 0  9997
2 55817  87.9176 266.5769 0001661  89.0522 271.0802 13.20770652166351
ONEWEB-0657             
1 55818U 23029Y   26207.49772066  .00000122  00000+0  27137-3 0  9998
2 55818  87.9185 297.1472 0001892  77.2495 282.8849 13.19727736164090
ONEWEB-0658             
1 55819U 23029Z   26207.49297272  .00000054  00000+0  10221-3 0  9990
2 55819  87.9195 297.1272 0002472 101.8892 258.2518 13.19727073164106
ONEWEB-0660             
1 55820U 23029AA  26207.63179072 -.00000136  00000+0 -40222-3 0  9992
2 55820  87.8965 281.8422 0002099 108.1245 252.0113 13.14502370164587
ONEWEB-0661             
1 55821U 23029AB  26207.59056401  .00000185  00000+0  46553-3 0  9993
2 55821  87.8951 281.8889 0001979 107.6580 252.4766 13.14502728164565
ONEWEB-0662             
1 55822U 23029AC  26207.62545324 -.00000223  00000+0 -63577-3 0  9995
2 55822  87.8950 281.8873 0002099 107.4676 252.6683 13.14502645164610
ONEWEB-0663             
1 55823U 23029AD  26207.62867865 -.00000043  00000+0 -13802-3 0  9999
2 55823  87.9179 266.6415 0002317 105.3846 254.7543 13.20872638166357
ONEWEB-0664             
1 55824U 23029AE  26207.58447128  .00000050  00000+0  90009-4 0  9992
2 55824  87.9164 266.6268 0001732 108.1142 252.0181 13.20772318166340
ONEWEB-0665             
1 55825U 23029AF  26207.58739780  .00000150  00000+0  37139-3 0  9996
2 55825  87.8951 281.8704 0002197 107.0195 253.1176 13.14501932164585
ONEWEB-0666             
1 55826U 23029AG  26207.57773000  .00000039  00000+0  64143-4 0  9991
2 55826  87.9160 266.6184 0002181  77.7413 282.3964 13.20769616166359
ONEWEB-0667             
1 55827U 23029AH  26207.57267857  .00000057  00000+0  10812-3 0  9993
2 55827  87.9178 266.5834 0002057 101.2929 258.8436 13.20769982166344
ONEWEB-0669             
1 55828U 23029AJ  26207.56763283  .00000019  00000+0  13811-4 0  9998
2 55828  87.9172 266.5929 0001503  93.1643 266.9662 13.20770130166349
ONEWEB-0670             
1 55829U 23029AK  26207.56519278  .00000216  00000+0  54939-3 0  9996
2 55829  87.8947 281.8915 0001863 110.1957 249.9373 13.14505462164605
ONEWEB-0671             
1 55830U 23029AL  26207.26078720  .00000047  00000+0  84636-4 0  9997
2 55830  87.9185 297.1959 0002097 104.7943 255.3422 13.19724677164055
ONEWEB-0672             
1 55831U 23029AM  26207.63834196 -.00000005  00000+0 -44595-4 0  9992
2 55831  87.9173 266.5731 0001942  90.2543 269.8813 13.20771371166358
ONEWEB-0673             
1 55832U 23029AN  26207.61696205  .00000123  00000+0  27442-3 0  9998
2 55832  87.9189 297.1191 0002028 104.1002 256.0357 13.19726685164105
ONEWEB-0674             
1 55833U 23029AP  26207.60959406 -.00000142  00000+0 -41884-3 0  9992
2 55833  87.8959 281.8603 0001764 108.9348 251.1973 13.14501860164593
ONEWEB-0675             
1 55834U 23029AQ  26207.63197871 -.00000062  00000+0 -18640-3 0  9991
2 55834  87.9184 297.1237 0002178  94.0004 266.1377 13.19725645164129
ONEWEB-0720             
1 55835U 23029AR  26207.62406666 -.00000074  00000+0 -21599-3 0  9996
2 55835  87.9183 297.1249 0002310 105.0188 255.1200 13.19726668164046
ONEWEB-0537             
1 56046U 23043A   26207.56103001  .00000107  00000+0  24693-3 0  9990
2 56046  87.9075 220.9495 0002047  86.7584 273.3781 13.16594524164148
ONEWEB-0538             
1 56047U 23043B   26207.32670248  .00000057  00000+0  11592-3 0  9995
2 56047  87.9076 220.9989 0002304  89.7639 270.3756 13.16594393164129
ONEWEB-0546             
1 56048U 23043C   26207.08604630  .00000043  00000+0  78465-4 0  9999
2 56048  87.9078 221.0470 0001991  72.7949 287.3400 13.16594194164084
ONEWEB-0547             
1 56049U 23043D   26207.61025729 -.00000009  00000+0 -54380-4 0  9999
2 56049  87.9230 236.1284 0002219  95.5366 264.6022 13.21824053163437
ONEWEB-0548             
1 56050U 23043E   26207.56654999  .00000119  00000+0  27649-3 0  9999
2 56050  87.9074 220.9467 0001632  98.8191 261.3125 13.16595732164149
ONEWEB-0549             
1 56051U 23043F   26207.60437149 -.00000073  00000+0 -20787-3 0  9998
2 56051  87.9224 236.1336 0002416  91.8338 268.3072 13.21824477163434
ONEWEB-0550             
1 56052U 23043G   26207.59090748  .00000044  00000+0  75643-4 0  9995
2 56052  87.9226 236.1349 0001932  99.6847 260.4505 13.21827671163437
ONEWEB-0551             
1 56053U 23043H   26207.62900036  .00000007  00000+0 -14554-4 0  9994
2 56053  87.8972 251.3660 0002417  95.5093 264.6313 13.15547822161584
ONEWEB-0552             
1 56054U 23043J   26207.58585615  .00000072  00000+0  14389-3 0  9998
2 56054  87.9222 236.1401 0002167  99.2023 260.9356 13.21826616163434
ONEWEB-0553             
1 56055U 23043K   26207.09237836  .00000114  00000+0  26434-3 0  9995
2 56055  87.9074 221.0453 0001868  82.8585 277.2758 13.16594544164094
ONEWEB-0554             
1 56056U 23043L   26207.45969792 -.00000027  00000+0 -10359-3 0  9993
2 56056  87.9074 220.9808 0001613 100.2030 259.9283 13.16594792164124
ONEWEB-0555             
1 56057U 23043M   26207.57368846  .00000082  00000+0  18211-3 0  9994
2 56057  87.9079 220.9474 0001869  75.6176 284.5163 13.16594706164146
ONEWEB-0557             
1 56058U 23043N   26207.58793773  .00000068  00000+0  14369-3 0  9991
2 56058  87.9075 220.9558 0000756  78.9146 281.2069 13.16594535164142
ONEWEB-0558             
1 56059U 23043P   26207.57913771  .00000084  00000+0  17234-3 0  9995
2 56059  87.9226 236.1375 0002364  89.9013 270.2392 13.21826288163447
ONEWEB-0559             
1 56060U 23043Q   26207.56737798  .00000061  00000+0  11538-3 0  9995
2 56060  87.9229 236.1362 0002289  96.7076 263.4319 13.21824468163451
ONEWEB-0566             
1 56061U 23043R   26207.63634691  .00000035  00000+0  54366-4 0  9990
2 56061  87.9230 236.1200 0002407  96.3560 263.7848 13.21824394163448
ONEWEB-0568             
1 56062U 23043S   26207.45334381 -.00000047  00000+0 -15664-3 0  9996
2 56062  87.9078 220.9705 0001994  84.4156 275.7202 13.16596351164147
ONEWEB-0574             
1 56063U 23043T   26207.62961569  .00000041  00000+0  67018-4 0  9993
2 56063  87.9230 236.1265 0001856  94.3181 265.8165 13.21826051163486
ONEWEB-0575             
1 56064U 23043U   26207.44700900 -.00000042  00000+0 -14356-3 0  9993
2 56064  87.9079 220.9680 0001616  88.4659 271.6657 13.16596330164130
ONEWEB-0576             
1 56065U 23043V   26207.58000789  .00000059  00000+0  11973-3 0  9995
2 56065  87.9082 220.9508 0001826  90.3822 269.7518 13.16593036164146
ONEWEB-0577             
1 56066U 23043W   26207.43434539 -.00000012  00000+0 -66060-4 0  9993
2 56066  87.9083 220.9770 0001344  98.5109 261.6174 13.16595797164158
ONEWEB-0578             
1 56067U 23043X   26207.61615374  .00000051  00000+0  93173-4 0  9998
2 56067  87.9233 236.1257 0001912  84.3491 275.7861 13.21826344163444
ONEWEB-0579             
1 56068U 23043Y   26207.60773585  .00000034  00000+0  50665-4 0  9997
2 56068  87.9235 236.1258 0002181 100.4234 259.7146 13.21824347163452
ONEWEB-0581             
1 56069U 23043Z   26207.44067832 -.00000050  00000+0 -16411-3 0  9991
2 56069  87.9071 220.9855 0001548  98.9678 261.1628 13.16595815164120
ONEWEB-0609             
1 56070U 23043AA  26207.57908867  .00000136  00000+0  32716-3 0  9998
2 56070  87.8972 251.3610 0002095  94.3844 265.7526 13.15547747161619
ONEWEB-0613             
1 56071U 23043AB  26207.57670903  .00000172  00000+0  42149-3 0  9997
2 56071  87.8971 251.3733 0002277  97.8153 262.3236 13.15547947161611
ONEWEB-0630             
1 56072U 23043AC  26207.57193660  .00000170  00000+0  41709-3 0  9997
2 56072  87.8976 251.3487 0002220 101.0705 259.0676 13.15549867161605
ONEWEB-0632             
1 56073U 23043AD  26207.41507272  .00000111  00000+0  26199-3 0  9990
2 56073  87.8970 251.3961 0001870  97.8981 262.2362 13.15544710161582
ONEWEB-0633             
1 56074U 23043AE  26207.56086039  .00000068  00000+0  14656-3 0  9996
2 56074  87.8981 251.3458 0002456  98.6033 261.5375 13.15549124161584
ONEWEB-0634             
1 56075U 23043AF  26207.62266132 -.00000124  00000+0 -36461-3 0  9991
2 56075  87.8972 251.3705 0002138  87.2285 272.9090 13.15548324161581
ONEWEB-0635             
1 56076U 23043AG  26207.61790558 -.00000138  00000+0 -40083-3 0  9995
2 56076  87.8983 251.3373 0001822  99.6958 260.4378 13.15548309161616
ONEWEB-0636             
1 56077U 23043AH  26207.60998048 -.00000142  00000+0 -41252-3 0  9993
2 56077  87.8981 251.3446 0001839  97.9914 262.1425 13.15548167161598
ONEWEB-0637             
1 56078U 23043AJ  26207.60364080 -.00000119  00000+0 -35036-3 0  9994
2 56078  87.8972 251.3590 0001848  91.1208 269.0134 13.15548612161612
ONEWEB-0647             
1 56079U 23043AK  26207.59889458 -.00001378  00000+0 -36947-2 0  9993
2 56079  87.8978 251.3738 0002016  98.4844 261.6515 13.15537725161600
ONEWEB-0651             
1 56080U 23043AL  26207.59414044  .00000071  00000+0  15526-3 0  9998
2 56080  87.8973 251.3671 0001802  95.3755 264.7581 13.15548791162807
ONEWEB-0718             
1 56081U 23043AM  26207.58936680  .00000093  00000+0  21421-3 0  9998
2 56081  87.8982 251.3496 0002336  85.5872 274.5525 13.15550351161617
ONEWEB-0561             
1 56710U 23068A   26207.59120287  .00000014  00000+0  20338-5 0  9994
2 56710  87.9175 266.5910 0001890 106.6133 253.5208 13.20771274154701
ONEWEB-0668             
1 56711U 23068B   26207.56734558  .00000188  00000+0  45759-3 0  9998
2 56711  87.9079 220.9493 0002037  76.8356 283.3002 13.16595652156966
ONEWEB-0676             
1 56712U 23068C   26207.57526102  .00000108  00000+0  24905-3 0  9996
2 56712  87.9080 220.9544 0001718  95.0034 265.1293 13.16592754156888
ONEWEB-0677             
1 56713U 23068D   26207.57942199  .00000041  00000+0  69236-4 0  9998
2 56713  87.9174 266.5844 0001688  91.2884 268.8442 13.20772388155006
ONEWEB-0678             
1 56714U 23068E   26207.63375373  .00000033  00000+0  54845-4 0  9991
2 56714  87.8979 251.3354 0002175 102.8597 257.2777 13.15548223154475
ONEWEB-0679             
1 56715U 23068F   26207.45810824 -.00000076  00000+0 -23351-3 0  9993
2 56715  87.9079 220.9687 0001695  78.2274 281.9047 13.16594866156890
ONEWEB-0680             
1 56716U 23068G   26207.38232139 -.00000035  00000+0 -11549-3 0  9994
2 56716  87.9234 236.1725 0001969  79.5763 280.5593 13.21826386156271
ONEWEB-0681             
1 56717U 23068H   26207.59006539  .00000032  00000+0  45340-4 0  9993
2 56717  87.9232 236.1308 0001280 113.7437 246.3832 13.21824274156294
ONEWEB-0682             
1 56718U 23068J   26207.58146352  .00000163  00000+0  39842-3 0  9995
2 56718  87.8982 251.3461 0001931  81.4858 278.6492 13.15548972154633
ONEWEB-0683             
1 56719U 23068K   26207.60522409 -.00000083  00000+0 -25428-3 0  9998
2 56719  87.8981 251.3418 0002108  88.3737 271.7635 13.15548963154604
ONEWEB-0684             
1 56720U 23068L   26207.61313547 -.00000118  00000+0 -34735-3 0  9992
2 56720  87.8979 251.3292 0003304 106.9302 253.2191 13.15550032154430
ONEWEB-0686             
1 56721U 23068M   26207.57052848  .00000131  00000+0  30847-3 0  9995
2 56721  87.9066 220.9661 0002309  85.9675 274.1720 13.16594738156898
ONEWEB-0694             
1 56722U 23068N   26207.12088474  .00000056  00000+0  11210-3 0  9990
2 56722  87.9090 221.0277 0002043  78.4378 281.6982 13.16594121156892
ONEWEB-0696             
1 56723U 23068P   26207.57034878  .00000184  00000+0  45419-3 0  9999
2 56723  87.8971 251.3735 0002237 107.9645 252.1729 13.15550361154544
ONEWEB-0703             
1 56724U 23068Q   26207.57987500  .00000255  00000+0  64326-3 0  9996
2 56724  87.8972 251.3527 0002171 121.3903 238.7440 13.15549178154431
ONEWEB-0721             
1 56725U 23068R   26207.63393859  .00000045  00000+0  73064-4 0  9999
2 56725  86.6728  72.9207 0001691  81.6183 278.5142 13.22471492163155
ONEWEB-0015             
1 61594U 24188A   26207.44971141  .00000567  00000+0  15629-2 0  9998
2 61594  87.8892  13.2743 0001260  86.4690 273.6582 13.11417979 89600
ONEWEB-0687             
1 61595U 24188B   26207.33790833  .00000048  00000+0  91151-4 0  9994
2 61595  87.9157 358.0880 0001670  79.8571 280.2748 13.17648497 91054
ONEWEB-0688             
1 61596U 24188C   26207.36658869  .00000030  00000+0  45122-4 0  9998
2 61596  87.9153 358.0818 0000651  82.5294 277.5912 13.17647969 91058
ONEWEB-0689             
1 61597U 24188D   26207.17841647 -.00000441  00000+0 -12805-2 0  9994
2 61597  87.8903  13.2914 0001921  83.4773 276.6574 13.11416896 89565
ONEWEB-0690             
1 61598U 24188E   26207.18859874 -.00000456  00000+0 -13216-2 0  9990
2 61598  87.8905  13.2999 0001902 112.0592 248.0738 13.11418074 89743
ONEWEB-0691             
1 61599U 24188F   26207.41240617 -.00000462  00000+0 -13396-2 0  9992
2 61599  87.8913  13.1677 0001463  84.8180 275.3115 13.11416813 89624
ONEWEB-0692             
1 61600U 24188G   26206.74607057  .00000267  00000+0  71712-3 0  9993
2 61600  87.8895  13.4063 0002604  88.1360 272.0066 13.11420598 89526
ONEWEB-0693             
1 61601U 24188H   26207.37841017  .00000027  00000+0  35832-4 0  9998
2 61601  87.9146 358.0979 0001862 119.9350 240.1967 13.17648401 91045
ONEWEB-0695             
1 61602U 24188J   26207.18011908 -.00000424  00000+0 -12311-2 0  9994
2 61602  87.8889  13.3118 0002219  83.0510 277.0870 13.11417078 89576
ONEWEB-0697             
1 61603U 24188K   26207.44123517  .00000405  00000+0  11078-2 0  9990
2 61603  87.8897  13.2504 0002569  90.0729 270.0694 13.11419156 89590
ONEWEB-0698             
1 61604U 24188L   26207.41917525 -.00000665  00000+0 -19134-2 0  9999
2 61604  87.8891  13.2682 0002815 108.2797 251.8638 13.11417273 89619
ONEWEB-0699             
1 61605U 24188M   26207.46299623 -.00000545  00000+0 -15973-2 0  9991
2 61605  87.8824  28.4376 0002479  91.1322 269.0089 13.10374856 88454
ONEWEB-0700             
1 61606U 24188N   26207.46470782 -.00000401  00000+0 -11861-2 0  9992
2 61606  87.8842  28.3530 0002385  90.2660 269.8740 13.10375194 88444
ONEWEB-0701             
1 61607U 24188P   26207.48168463  .00000463  00000+0  12885-2 0  9998
2 61607  87.8827  28.4347 0002651  91.5204 268.6227 13.10375512 88451
ONEWEB-0702             
1 61608U 24188Q   26207.46497897  .00000318  00000+0  86004-3 0  9997
2 61608  87.8910  13.1716 0002800  85.3549 274.7899 13.11415064 89637
ONEWEB-0704             
1 61609U 24188R   26207.46978981 -.00000186  00000+0 -56928-3 0  9993
2 61609  87.8831  28.4275 0002787  79.7853 280.3589 13.10375615 88430
ONEWEB-0705             
1 61610U 24188S   26207.47489001  .00000127  00000+0  32794-3 0  9994
2 61610  87.8832  28.4327 0002359  64.8128 295.3244 13.10376248 80604
ONEWEB-0706             
1 61611U 24188T   26207.45960112 -.00000558  00000+0 -16343-2 0  9991
2 61611  87.8832  28.4388 0002253  80.3672 279.7710 13.10373985 88520
ONEWEB-0707             
1 61612U 24188U   26207.46639304 -.00000321  00000+0 -95523-3 0  9995
2 61612  87.8828  28.4332 0002318  80.9727 279.1663 13.10374298 88466
ONEWEB-0708             
1 61613U 24188V   26207.48507404  .00000568  00000+0  15895-2 0  9997
2 61613  87.8822  28.4445 0001708  71.0584 289.0728 13.10374283 88444
