ONEWEB-0012             
1 44057U 19010A   26151.22985781  .00000071  00000+0  15252-3 0  9993
2 44057  87.9108 232.1518 0002239  88.9775 271.1612 13.16594243349337
ONEWEB-0010             
1 44058U 19010B   26151.25518635 -.00000025  00000+0 -10026-3 0  9992
2 44058  87.9106 232.1422 0001689 101.3267 258.8054 13.16593345349383
ONEWEB-0008             
1 44059U 19010C   26151.28052997  .00000061  00000+0  12656-3 0  9999
2 44059  87.9102 232.1333 0002188 103.8290 256.3084 13.16594754349504
ONEWEB-0007             
1 44060U 19010D   26151.30219987  .00000137  00000+0  33013-3 0  9992
2 44060  87.8996 262.5854 0001745  91.7005 268.4325 13.15547407349153
ONEWEB-0006             
1 44061U 19010E   26151.30615161  .00000174  00000+0  42834-3 0  9999
2 44061  87.9009 262.5472 0001734  98.5591 261.5735 13.15547677349203
ONEWEB-0011             
1 44062U 19010F   26151.35053047 -.00000027  00000+0 -10680-3 0  9997
2 44062  87.9006 262.5478 0001851 106.2131 253.9203 13.15549680349205
ONEWEB-0013             
1 45131U 20008A   26151.28324733 -.00000048  00000+0 -17505-3 0  9995
2 45131  87.8525  56.2342 0002733  71.4369 288.7054 13.09450862303859
ONEWEB-0017             
1 45132U 20008B   26151.20106782  .00000252  00000+0  68515-3 0  9992
2 45132  87.8850  39.6508 0001589  81.2159 278.9148 13.10378018305721
ONEWEB-0020             
1 45133U 20008C   26151.24753778 -.00000492  00000+0 -14444-2 0  9999
2 45133  87.8851  39.6393 0001816  80.7319 279.4014 13.10370916306122
ONEWEB-0021             
1 45134U 20008D   26151.18611646 -.00000612  00000+0 -17906-2 0  9990
2 45134  87.8848  39.6681 0001824  76.9152 283.2179 13.10375061306424
ONEWEB-0023             
1 45136U 20008F   26151.19691637  .00000048  00000+0  10149-3 0  9995
2 45136  87.8856  39.6473 0001952  80.4383 279.6964 13.10377382305857
ONEWEB-0024             
1 45137U 20008G   26151.24601081 -.00000424  00000+0 -12496-2 0  9992
2 45137  87.8855  39.6293 0001782  81.3368 278.7961 13.10369907306022
ONEWEB-0025             
1 45138U 20008H   26151.24573786 -.00000393  00000+0 -11624-2 0  9990
2 45138  87.8860  39.6183 0001946  98.0441 262.0907 13.10370733306357
ONEWEB-0026             
1 45139U 20008J   26151.14437492 -.00000424  00000+0 -12327-2 0  9999
2 45139  87.8903  24.4599 0001671  87.2334 272.8985 13.11418643308873
ONEWEB-0028             
1 45140U 20008K   26151.19270795  .00000165  00000+0  43443-3 0  9991
2 45140  87.8897  24.4574 0002282  74.5670 285.5709 13.10850512306395
ONEWEB-0032             
1 45141U 20008L   26151.20286951  .00000300  00000+0  82401-3 0  9993
2 45141  87.8852  39.6519 0002303  75.6858 284.4525 13.10377680306077
ONEWEB-0033             
1 45142U 20008M   26151.17781245 -.00000604  00000+0 -17671-2 0  9991
2 45142  87.8844  39.6648 0001333  86.8330 273.2950 13.10372213305987
ONEWEB-0035             
1 45143U 20008N   26151.19790000  .00000085  00000+0  20684-3 0  9993
2 45143  87.8852  39.6540 0001685  81.2383 278.8935 13.10376283305711
ONEWEB-0036             
1 45144U 20008P   26151.09062514 -.00000379  00000+0 -11304-2 0  9991
2 45144  87.8856  39.6812 0002062  86.4217 273.7146 13.09817876306121
ONEWEB-0038             
1 45145U 20008Q   26151.07839409  .00000044  00000+0  87033-4 0  9996
2 45145  87.8920  24.4790 0001721  27.3112 332.8106 13.11418063308088
ONEWEB-0039             
1 45146U 20008R   26151.18113905 -.00000552  00000+0 -16165-2 0  9997
2 45146  87.8850  39.6541 0002211  71.8828 288.2540 13.10374773305931
ONEWEB-0040             
1 45147U 20008S   26151.17449677 -.00000523  00000+0 -15341-2 0  9998
2 45147  87.8844  39.6666 0001798  76.8725 283.2603 13.10371730305635
ONEWEB-0043             
1 45149U 20008U   26151.25252050 -.00000540  00000+0 -15819-2 0  9995
2 45149  87.8848  39.6378 0002317  73.4858 286.6524 13.10372882305963
ONEWEB-0044             
1 45150U 20008V   26151.20439450  .00000476  00000+0  13281-2 0  9990
2 45150  87.8859  39.6470 0001939  75.8493 284.2849 13.10377122306259
ONEWEB-0045             
1 45151U 20008W   26151.14946654 -.00000213  00000+0 -63579-3 0  9990
2 45151  87.8914  24.4486 0001884  79.7204 280.4136 13.11418097308171
ONEWEB-0047             
1 45152U 20008X   26151.19761433  .00000040  00000+0  77553-4 0  9990
2 45152  87.8855  39.6469 0001622  78.7021 281.4288 13.10376197305978
ONEWEB-0048             
1 45153U 20008Y   26151.19276257 -.00000211  00000+0 -64189-3 0  9998
2 45153  87.8852  39.6723 0001752  79.0807 281.0517 13.10377198305589
ONEWEB-0049             
1 45154U 20008Z   26151.19595377 -.00000003  00000+0 -44614-4 0  9997
2 45154  87.8854  39.6598 0002171  87.6292 272.5083 13.10376970305806
ONEWEB-0051             
1 45155U 20008AA  26151.14777666 -.00000253  00000+0 -75002-3 0  9997
2 45155  87.8905  24.4576 0001826  85.9035 274.2302 13.11417803308857
ONEWEB-0052             
1 45156U 20008AB  26151.21616301  .00000752  00000+0  21181-2 0  9994
2 45156  87.8853  39.6413 0002205  88.1654 271.9725 13.10374164305718
ONEWEB-0053             
1 45157U 20008AC  26151.24919701 -.00000496  00000+0 -14574-2 0  9993
2 45157  87.8843  39.6573 0002324  78.7695 281.3693 13.10371227305690
ONEWEB-0054             
1 45158U 20008AD  26151.20771630  .00000587  00000+0  16454-2 0  9995
2 45158  87.8860  39.6460 0001852  82.2327 277.9010 13.10376753305808
ONEWEB-0056             
1 45159U 20008AE  26151.17936243 -.00000560  00000+0 -16406-2 0  9995
2 45159  87.8849  39.6461 0001778  89.0352 271.0979 13.10368836305955
ONEWEB-0057             
1 45160U 20008AF  26151.19621997  .00000019  00000+0  18765-4 0  9995
2 45160  87.8852  39.6552 0002338  78.7604 281.3786 13.10378027306123
ONEWEB-0058             
1 45161U 20008AG  26151.18293429 -.00000627  00000+0 -18329-2 0  9991
2 45161  87.8848  39.6650 0001620  75.3941 284.7365 13.10374229306195
ONEWEB-0059             
1 45162U 20008AH  26151.17961806 -.00001043  00000+0 -30244-2 0  9995
2 45162  87.8846  39.6644 0001870  76.7154 283.4181 13.10374891306091
ONEWEB-0062             
1 45163U 20008AJ  26151.20259573  .00000280  00000+0  76585-3 0  9990
2 45163  87.8857  39.6460 0001393  77.8646 282.2637 13.10376775305969
ONEWEB-0065             
1 45164U 20008AK  26151.23579310  .00000033  00000+0  57666-4 0  9994
2 45164  87.8849  39.6475 0002163  88.4215 271.7160 13.10370636305664
ONEWEB-0066             
1 45424U 20020A   26151.20880313 -.00000447  00000+0 -12968-2 0  9997
2 45424  87.8904  24.4497 0001817  77.2676 282.8655 13.11417000300455
ONEWEB-0067             
1 45425U 20020B   26151.17049235  .00000556  00000+0  15328-2 0  9996
2 45425  87.8920  24.3766 0001983  83.4294 276.7059 13.11423526300507
ONEWEB-0080             
1 45426U 20020C   26151.16996138  .00000550  00000+0  15151-2 0  9997
2 45426  87.8914  24.4523 0001497  82.2549 277.8749 13.11417314300475
ONEWEB-0090             
1 45427U 20020D   26151.19877223 -.00000210  00000+0 -62888-3 0  9999
2 45427  87.8910  24.4515 0001740  84.5104 275.6223 13.11415347300440
ONEWEB-0061             
1 45428U 20020E   26151.07812029  .00000012  00000+0 -59818-6 0  9991
2 45428  87.8912  24.4601 0001794  82.3398 277.7933 13.11418538300388
ONEWEB-0081             
1 45429U 20020F   26151.21219641 -.00000438  00000+0 -12710-2 0  9998
2 45429  87.8905  24.4445 0001931  78.9162 281.2183 13.11417706300518
ONEWEB-0069             
1 45430U 20020G   26151.06149916 -.00010580  00000+0 -29881-1 0  9995
2 45430  87.8897  24.4763 0001792  73.4063 286.7262 13.11509662300429
ONEWEB-0031             
1 45431U 20020H   26151.17321692  .00000594  00000+0  16392-2 0  9997
2 45431  87.8900  24.4613 0001608  83.9544 276.1767 13.11416632300422
ONEWEB-0027             
1 45432U 20020J   26151.08385698  .00000059  00000+0  12150-3 0  9999
2 45432  87.9157   9.2583 0001671  96.1262 264.0059 13.16053893304108
ONEWEB-0064             
1 45433U 20020K   26151.17152295  .00000562  00000+0  15500-2 0  9995
2 45433  87.8903  24.4528 0001658  86.7181 273.4137 13.11418335300451
ONEWEB-0018             
1 45434U 20020L   26151.20371992 -.00000349  00000+0 -10211-2 0  9996
2 45434  87.8903  24.4457 0001706  71.2437 288.8876 13.11416168300407
ONEWEB-0083             
1 45435U 20020M   26151.19369343  .00000046  00000+0  93164-4 0  9994
2 45435  87.8907  24.4401 0001749  84.6755 275.4573 13.11414073300442
ONEWEB-0095             
1 45436U 20020N   26151.18521671  .00000369  00000+0  10056-2 0  9993
2 45436  87.8911  24.4508 0002208 101.3810 258.7566 13.11416920300445
ONEWEB-0092             
1 45437U 20020P   26151.14414222 -.00000325  00000+0 -94439-3 0  9995
2 45437  87.8909  24.4522 0002076  89.0902 271.0464 13.11955775300559
ONEWEB-0085             
1 45438U 20020Q   26151.19342067  .00000063  00000+0  14292-3 0  9994
2 45438  87.8899  24.4483 0001792  85.6454 274.4878 13.11415277300444
ONEWEB-0096             
1 45439U 20020R   26151.19525723 -.00000081  00000+0 -26512-3 0  9997
2 45439  87.8912  24.4427 0001873  86.3349 273.7993 13.11415286300439
ONEWEB-0037             
1 45440U 20020S   26151.08241117  .00000215  00000+0  56760-3 0  9994
2 45440  87.8921  24.4398 0001871  85.8878 274.2464 13.11912913300457
ONEWEB-0042             
1 45441U 20020T   26151.18494406  .00000377  00000+0  10287-2 0  9999
2 45441  87.8908  24.4413 0001904  82.6901 277.4443 13.11415901300435
ONEWEB-0098             
1 45442U 20020U   26151.18084378  .00000513  00000+0  14104-2 0  9997
2 45442  87.8908  24.4521 0001735  86.8058 273.3268 13.11415195300410
ONEWEB-0055             
1 45443U 20020V   26151.08321095  .00000255  00000+0  68259-3 0  9991
2 45443  87.8910  24.4695 0001724  83.4830 276.6494 13.11416223300370
ONEWEB-0093             
1 45444U 20020W   26151.13943094 -.00000421  00000+0 -12230-2 0  9991
2 45444  87.8910  24.4509 0002124  76.4730 283.6635 13.11418565300445
ONEWEB-0029             
1 45445U 20020X   26151.09029598  .00000497  00000+0  13661-2 0  9991
2 45445  87.8904  24.4716 0002266  72.5530 287.5845 13.11420063300410
ONEWEB-0068             
1 45446U 20020Y   26151.13915602 -.00000464  00000+0 -13454-2 0  9993
2 45446  87.8912  24.4545 0001884  77.6236 282.5103 13.11417269300364
ONEWEB-0046             
1 45447U 20020Z   26151.20710976 -.00000465  00000+0 -13471-2 0  9999
2 45447  87.8908  24.4482 0002078  83.3426 276.7938 13.11416619300382
ONEWEB-0063             
1 45448U 20020AA  26151.08349657  .00000292  00000+0  78672-3 0  9991
2 45448  87.8913  24.4706 0002067  90.1446 269.9919 13.11419508300455
ONEWEB-0019             
1 45449U 20020AB  26151.19850041 -.00000213  00000+0 -63764-3 0  9999
2 45449  87.8905  24.4355 0001656  85.0535 275.0782 13.11414464300319
ONEWEB-0094             
1 45450U 20020AC  26151.04135699  .00000067  00000+0  13957-3 0  9994
2 45450  87.9155   9.2576 0001701  79.7998 280.3325 13.17649474304053
ONEWEB-0087             
1 45451U 20020AD  26151.16968322  .00000552  00000+0  15204-2 0  9990
2 45451  87.8917  24.4264 0001931  74.6619 285.4722 13.11417292300352
ONEWEB-0082             
1 45452U 20020AE  26150.63226466  .00000488  00000+0  13394-2 0  9994
2 45452  87.8911  24.5510 0002013  75.0473 285.0878 13.11451015300378
ONEWEB-0050             
1 45453U 20020AF  26151.28932728  .00003704  00000+0  37926-3 0  9994
2 45453  88.9303 235.5040 0005543  64.1767 296.0033 14.90301693337867
ONEWEB-0034             
1 45454U 20020AG  26151.20072008 -.00000209  00000+0 -63058-3 0  9997
2 45454  87.8908  24.4463 0001777  84.0911 276.0419 13.10932473300366
ONEWEB-0060             
1 45455U 20020AH  26151.08249904  .00000192  00000+0  50663-3 0  9992
2 45455  87.8905  24.4702 0002094  53.8842 306.2480 13.11418264300306
ONEWEB-0086             
1 45456U 20020AJ  26151.21388875 -.00000538  00000+0 -15533-2 0  9991
2 45456  87.8912  24.4385 0001435  62.5244 297.6030 13.11417708300387
ONEWEB-0088             
1 45457U 20020AK  26151.19188997 -.00010006  00000+0 -28299-1 0  9995
2 45457  87.8939  24.4181 0002179  75.6359 284.5011 13.11417302300316
ONEWEB-0102             
1 47258U 20100A   26151.51426024 -.00000396  00000+0 -11371-2 0  9992
2 47258  87.8944 353.9926 0001492  86.1381 273.9918 13.12443831262546
ONEWEB-0109             
1 47259U 20100B   26151.06530861 -.00000111  00000+0 -34482-3 0  9992
2 47259  87.8952 354.0636 0001688  91.5626 268.5696 13.12444015262318
ONEWEB-0110             
1 47260U 20100C   26151.47360859  .00000448  00000+0  12108-2 0  9998
2 47260  87.8953 353.9668 0001653  83.8409 276.2907 13.12443293262531
ONEWEB-0111             
1 47261U 20100D   26151.50408553 -.00000325  00000+0 -94013-3 0  9999
2 47261  87.8952 353.9794 0001805  84.0991 276.0343 13.12442873262376
ONEWEB-0114             
1 47262U 20100E   26151.53459291  .00000120  00000+0  29815-3 0  9997
2 47262  87.8954 353.9706 0001827  95.7738 264.3599 13.12443804262338
ONEWEB-0117             
1 47263U 20100F   26151.06869465 -.00000012  00000+0 -69760-4 0  9990
2 47263  87.8952 354.0549 0001762  87.0287 273.1043 13.12443518262283
ONEWEB-0118             
1 47264U 20100G   26151.48376331  .00000322  00000+0  85976-3 0  9990
2 47264  87.8952 353.9748 0002019  96.5616 263.5742 13.12441149262535
ONEWEB-0119             
1 47265U 20100H   26151.50917514 -.00000352  00000+0 -10137-2 0  9999
2 47265  87.8943 353.9878 0001795  88.6170 271.5164 13.12442225262518
ONEWEB-0120             
1 47266U 20100J   26151.53304301  .00000063  00000+0  13991-3 0  9996
2 47266  87.8940 353.9842 0001698  92.5432 267.5891 13.12443983262541
ONEWEB-0121             
1 47267U 20100K   26151.06361250 -.00000189  00000+0 -56209-3 0  9991
2 47267  87.8954 354.0620 0001954  79.4519 280.6829 13.12443797262391
ONEWEB-0122             
1 47268U 20100L   26151.51510765 -.00000417  00000+0 -11951-2 0  9997
2 47268  87.8957 353.9766 0001618  89.0460 271.0854 13.12442043262365
ONEWEB-0123             
1 47269U 20100M   26151.51087372 -.00000380  00000+0 -10909-2 0  9992
2 47269  87.8945 353.9866 0001878  90.2088 269.9256 13.12442938262503
ONEWEB-0124             
1 47270U 20100N   26151.50071110 -.00000272  00000+0 -79155-3 0  9995
2 47270  87.8941 353.9918 0001846  85.2089 274.9250 13.12441663262389
ONEWEB-0125             
1 47271U 20100P   26151.47869291  .00000440  00000+0  11865-2 0  9995
2 47271  87.8956 353.9778 0002092  85.2508 274.8859 13.12443201262441
ONEWEB-0126             
1 47272U 20100Q   26151.49915156 -.00000184  00000+0 -54552-3 0  9998
2 47272  87.8947 353.9907 0001770  91.5221 268.6110 13.12440687262514
ONEWEB-0127             
1 47273U 20100R   26151.54137093  .00000339  00000+0  90729-3 0  9997
2 47273  87.8941 353.9816 0001701  91.1922 268.9401 13.12443658262546
ONEWEB-0128             
1 47274U 20100S   26151.48714801  .00000259  00000+0  68413-3 0  9995
2 47274  87.8942 354.0063 0001631  80.1359 279.9953 13.12441219262554
ONEWEB-0129             
1 47275U 20100T   26151.54306108  .00000363  00000+0  97329-3 0  9994
2 47275  87.8952 353.9672 0001575 126.2655 233.8619 13.12442681262493
ONEWEB-0130             
1 47276U 20100U   26151.57017109  .00000075  00000+0  17278-3 0  9993
2 47276  87.8955 353.9571 0001693  90.2600 269.8723 13.12441630262461
ONEWEB-0131             
1 47277U 20100V   26151.49054212  .00000123  00000+0  30689-3 0  9996
2 47277  87.8941 353.9929 0001755  87.3918 272.7411 13.12441846262491
ONEWEB-0132             
1 47278U 20100W   26151.06192367 -.00000246  00000+0 -71791-3 0  9991
2 47278  87.8944 354.0793 0001751  85.9741 274.1588 13.12443743262332
ONEWEB-0133             
1 47279U 20100X   26151.45991502  .00000233  00000+0  61151-3 0  9996
2 47279  87.8956 353.9743 0001708  83.1609 276.9714 13.12444312262541
ONEWEB-0134             
1 47280U 20100Y   26151.50578628 -.00000348  00000+0 -10024-2 0  9995
2 47280  87.8957 353.9623 0001510  88.8098 271.3203 13.12442715262521
ONEWEB-0135             
1 47281U 20100Z   26151.47699639  .00000461  00000+0  12453-2 0  9990
2 47281  87.8943 353.9931 0001505  86.1200 274.0100 13.12442667262543
ONEWEB-0136             
1 47282U 20100AA  26151.49562344 -.00000022  00000+0 -95519-4 0  9996
2 47282  87.8952 353.9694 0001460  89.5898 270.5398 13.12441922262475
ONEWEB-0137             
1 47283U 20100AB  26151.52950824 -.00000038  00000+0 -14183-3 0  9999
2 47283  87.8956 353.9719 0001925  89.4874 270.6475 13.12444132262380
ONEWEB-0138             
1 47284U 20100AC  26151.50748255 -.00000376  00000+0 -10813-2 0  9991
2 47284  87.8950 353.9821 0001573  90.3459 269.7850 13.12441867262465
ONEWEB-0139             
1 47285U 20100AD  26151.54829301  .00000426  00000+0  11494-2 0  9998
2 47285  87.8953 353.9610 0001758  89.0749 271.0581 13.12443876262545
ONEWEB-0140             
1 47286U 20100AE  26151.50239873 -.00000230  00000+0 -67573-3 0  9999
2 47286  87.8953 353.9601 0001765  83.1161 277.0168 13.12441896262500
ONEWEB-0141             
1 47287U 20100AF  26151.54801610  .00000432  00000+0  11662-2 0  9997
2 47287  87.8954 353.9567 0002056  93.2285 266.9079 13.12443486262499
ONEWEB-0142             
1 47288U 20100AG  26151.46019906  .00000213  00000+0  55809-3 0  9997
2 47288  87.8946 353.9964 0001873 101.2325 258.9014 13.12442912262474
ONEWEB-0143             
1 47289U 20100AH  26151.54645824  .00000419  00000+0  11301-2 0  9997
2 47289  87.8953 353.9772 0001811  88.1630 271.9706 13.12443287262462
ONEWEB-0144             
1 47290U 20100AJ  26151.51764420 -.00000321  00000+0 -92634-3 0  9993
2 47290  87.8951 353.9549 0001651  99.4699 260.6616 13.12443049262388
ONEWEB-0145             
1 47291U 20100AK  26151.48885347  .00000201  00000+0  52215-3 0  9998
2 47291  87.8945 353.9914 0001763  93.2714 266.8617 13.12441942262572
ONEWEB-0146             
1 47292U 20100AL  26151.48546825  .00000334  00000+0  89285-3 0  9998
2 47292  87.8951 353.9826 0001948  79.4682 280.6666 13.12442285262486
ONEWEB-0147             
1 47293U 20100AM  26151.45157767 -.00000048  00000+0 -16957-3 0  9999
2 47293  87.8953 353.9711 0001668  84.8506 275.2813 13.12444333262374
ONEWEB-0115             
1 48042U 21025A   26151.49281942 -.00000128  00000+0 -38629-3 0  9995
2 48042  87.8946 323.5481 0001816  91.4725 268.6613 13.13468775251401
ONEWEB-0152             
1 48043U 21025B   26151.50636021 -.00000291  00000+0 -83062-3 0  9992
2 48043  87.8947 323.5419 0001815  88.9500 271.1837 13.13469542251360
ONEWEB-0153             
1 48044U 21025C   26151.48435688  .00000105  00000+0  25341-3 0  9994
2 48044  87.8942 323.5502 0001800  95.0661 265.0673 13.13469380251359
ONEWEB-0154             
1 48045U 21025D   26151.48096661  .00000180  00000+0  45823-3 0  9999
2 48045  87.8941 323.5480 0001737  93.1657 266.9671 13.13468953251316
ONEWEB-0116             
1 48046U 21025E   26151.44371154 -.00000255  00000+0 -73317-3 0  9993
2 48046  87.8949 323.5512 0001777  88.3855 271.7478 13.13470790251457
ONEWEB-0150             
1 48047U 21025F   26151.49620225 -.00000207  00000+0 -60137-3 0  9998
2 48047  87.8949 323.5383 0001998  95.5563 264.5794 13.13468943251352
ONEWEB-0107             
1 48048U 21025G   26151.49789522 -.00000245  00000+0 -70631-3 0  9997
2 48048  87.8951 323.5337 0001783 101.3274 258.8056 13.13468893251331
ONEWEB-0101             
1 48049U 21025H   26151.46066079  .00000321  00000+0  84539-3 0  9995
2 48049  87.8938 323.5584 0001654  94.7495 265.3823 13.13470083251304
ONEWEB-0113             
1 48050U 21025J   26151.49040802 -.00000093  00000+0 -28795-3 0  9996
2 48050  87.8948 323.4644 0001836  90.9277 269.2063 13.13894935251418
ONEWEB-0112             
1 48051U 21025K   26151.50297515 -.00000258  00000+0 -74229-3 0  9990
2 48051  87.8952 323.5309 0001602  98.5271 261.6040 13.13469662251407
ONEWEB-0156             
1 48052U 21025L   26151.51143610 -.00000201  00000+0 -58520-3 0  9992
2 48052  87.8950 323.5391 0001865  96.9285 263.2057 13.13469753251389
ONEWEB-0161             
1 48053U 21025M   26151.48605014  .00000039  00000+0  71323-4 0  9994
2 48053  87.8947 323.5467 0001789  97.2397 262.8935 13.13468870251315
ONEWEB-0158             
1 48054U 21025N   26151.44541449 -.00000041  00000+0 -14763-3 0  9991
2 48054  87.8946 323.5509 0001685  82.4272 277.7048 13.13469624251436
ONEWEB-0157             
1 48055U 21025P   26151.47081764  .00000317  00000+0  83202-3 0  9992
2 48055  87.8952 323.5519 0001737 105.8618 254.2702 13.13469268251371
ONEWEB-0162             
1 48056U 21025Q   26151.44697367 -.00000004  00000+0 -46492-4 0  9998
2 48056  87.8943 323.5576 0001962  94.4525 265.6829 13.13469448251348
ONEWEB-0155             
1 48057U 21025R   26151.45388090  .00000176  00000+0  44664-3 0  9996
2 48057  87.8944 323.5525 0001631  96.4187 263.7128 13.13469234251482
ONEWEB-0149             
1 48058U 21025S   26151.47589591  .00000286  00000+0  74832-3 0  9990
2 48058  87.8953 323.5512 0001996  94.6172 265.5185 13.13468940251292
ONEWEB-0148             
1 48059U 21025T   26151.43864512 -.00000188  00000+0 -55007-3 0  9992
2 48059  87.8939 323.5661 0002334 100.4985 259.6407 13.13469847251419
ONEWEB-0160             
1 48060U 21025U   26151.45558279  .00000199  00000+0  50876-3 0  9995
2 48060  87.8941 323.5593 0001963  70.0839 290.0501 13.13470020251368
ONEWEB-0163             
1 48061U 21025V   26151.51651769 -.00000172  00000+0 -50560-3 0  9994
2 48061  87.8947 323.5402 0001699 102.0106 258.1213 13.13470406251490
ONEWEB-0159             
1 48062U 21025W   26151.50805263 -.00000278  00000+0 -79580-3 0  9994
2 48062  87.8951 323.5353 0001685 100.5490 259.5829 13.13470189251413
ONEWEB-0164             
1 48063U 21025X   26151.48942662 -.00000053  00000+0 -17896-3 0  9990
2 48063  87.8951 323.5452 0001797  91.3382 268.7953 13.13468882251399
ONEWEB-0167             
1 48064U 21025Y   26151.51736027 -.00000192  00000+0 -56087-3 0  9990
2 48064  87.8933 323.5500 0001202 105.4435 254.6827 13.13471126251389
ONEWEB-0166             
1 48065U 21025Z   26151.46404300  .00000304  00000+0  79733-3 0  9997
2 48065  87.8955 323.5322 0001906  96.9777 263.1569 13.13470244251456
ONEWEB-0151             
1 48066U 21025AA  26151.46572845  .00000274  00000+0  71566-3 0  9990
2 48066  87.8939 323.5500 0001663  94.1292 266.0028 13.13469308251393
ONEWEB-0170             
1 48067U 21025AB  26151.47419434  .00000277  00000+0  72460-3 0  9993
2 48067  87.8943 323.5502 0001526  79.3494 280.7807 13.13468913251353
ONEWEB-0168             
1 48068U 21025AC  26151.45895801  .00000353  00000+0  93284-3 0  9990
2 48068  87.8949 323.5513 0001799 100.3465 259.7866 13.13469579251368
ONEWEB-0173             
1 48069U 21025AD  26151.45049551  .00000060  00000+0  12936-3 0  9994
2 48069  87.8944 323.5563 0001594 104.8513 255.2793 13.13469591251606
ONEWEB-0171             
1 48070U 21025AE  26151.48773874  .00000012  00000+0 -16209-5 0  9998
2 48070  87.8943 323.5570 0001701  91.7897 268.3427 13.13469218251429
ONEWEB-0172             
1 48071U 21025AF  26151.46742816  .00000357  00000+0  94309-3 0  9995
2 48071  87.8949 323.5504 0001644  96.3143 263.8174 13.13469983252311
ONEWEB-0174             
1 48072U 21025AG  26151.44881241  .00000058  00000+0  12356-3 0  9990
2 48072  87.8943 323.5534 0001905  96.1251 264.0095 13.13469991251635
ONEWEB-0175             
1 48073U 21025AH  26151.47928035  .00000181  00000+0  45992-3 0  9996
2 48073  87.8953 323.5305 0001447  87.0077 273.1218 13.13468913251292
ONEWEB-0177             
1 48074U 21025AJ  26151.49112556 -.00000119  00000+0 -36018-3 0  9994
2 48074  87.8948 323.5469 0001872 100.7575 259.3765 13.13469530251486
ONEWEB-0178             
1 48075U 21025AK  26151.50987771 -.00000276  00000+0 -79068-3 0  9992
2 48075  87.8934 323.5583 0001526  96.2984 263.8318 13.13471444251535
ONEWEB-0108             
1 48076U 21025AL  26151.46911888  .00000335  00000+0  88167-3 0  9998
2 48076  87.8952 323.5424 0001995  89.6647 270.4711 13.13469062251457
ONEWEB-0169             
1 48077U 21025AM  26151.50127541 -.00000301  00000+0 -85908-3 0  9994
2 48077  87.8941 323.5450 0001891  96.2382 263.8962 13.13469132250114
ONEWEB-0176             
1 48210U 21031A   26151.43307814 -.00000119  00000+0 -35546-3 0  9995
2 48210  87.8949 293.0397 0001739  99.8898 260.2428 13.14502390246112
ONEWEB-0184             
1 48211U 21031B   26151.40611013 -.00000043  00000+0 -15110-3 0  9993
2 48211  87.8958 293.0450 0000972  99.0490 261.0750 13.14502441246081
ONEWEB-0179             
1 48212U 21031C   26151.45893617  .00000225  00000+0  68556-4 0  9994
2 48212  87.8975 291.0006 0219146 312.3138  45.9663 14.25511916246667
ONEWEB-0180             
1 48213U 21031D   26151.40928698 -.00000117  00000+0 -35100-3 0  9998
2 48213  87.8954 293.0404 0001746 113.4298 246.7015 13.14501807246017
ONEWEB-0218             
1 48214U 21031E   26151.43148169 -.00000082  00000+0 -25528-3 0  9993
2 48214  87.8955 293.0351 0001105 118.7014 241.4227 13.14501695246172
ONEWEB-0209             
1 48215U 21031F   26151.42038760 -.00000205  00000+0 -58748-3 0  9995
2 48215  87.8947 293.0558 0001917 105.8134 254.3207 13.14504887246171
ONEWEB-0198             
1 48216U 21031G   26151.40466606  .00000024  00000+0  30849-4 0  9998
2 48216  87.8941 293.0593 0001629 111.7945 248.3358 13.14501870246282
ONEWEB-0189             
1 48217U 21031H   26151.41721763 -.00000173  00000+0 -50221-3 0  9990
2 48217  87.8952 293.0409 0001646 108.2561 251.8748 13.14502164246026
ONEWEB-0196             
1 48218U 21031J   26151.47113619  .00000119  00000+0  28725-3 0  9994
2 48218  87.8951 293.0397 0001739 101.2705 258.8621 13.14501813246036
ONEWEB-0183             
1 48219U 21031K   26151.44576656  .00000091  00000+0  21032-3 0  9999
2 48219  87.8946 293.0428 0002063  99.4695 260.6668 13.14502341246122
ONEWEB-0185             
1 48220U 21031L   26151.47191657  .00000170  00000+0  42291-3 0  9996
2 48220  87.8959 293.0302 0002155 107.7107 252.4258 13.14501705246051
ONEWEB-0187             
1 48221U 21031M   26151.45196889  .00000202  00000+0  51120-3 0  9994
2 48221  87.8939 293.0516 0001922 106.7702 253.3639 13.14502069246066
ONEWEB-0192             
1 48222U 21031N   26151.42196991 -.00000186  00000+0 -53543-3 0  9990
2 48222  87.8945 293.0478 0001749 100.6195 259.5131 13.14504358245974
ONEWEB-0219             
1 48223U 21031P   26151.40135522  .00000047  00000+0  92290-4 0  9999
2 48223  87.8948 293.0436 0001935 106.1149 254.0194 13.14503561246176
ONEWEB-0202             
1 48224U 21031Q   26151.45845214  .00000263  00000+0  67430-3 0  9998
2 48224  87.8953 293.0443 0001297 114.6332 245.4933 13.14502079246167
ONEWEB-0204             
1 48225U 21031R   26151.41642373 -.00000176  00000+0 -51059-3 0  9991
2 48225  87.8950 293.0468 0002161  98.8854 261.2520 13.14501905246058
ONEWEB-0205             
1 48226U 21031S   26151.46796803  .00000112  00000+0  26676-3 0  9990
2 48226  87.8956 293.0290 0001789 106.0723 254.0603 13.14504053246071
ONEWEB-0206             
1 48227U 21031T   26151.44101039  .00000008  00000+0 -12254-4 0  9993
2 48227  87.8952 293.0366 0001870  93.6599 266.4744 13.14502992246023
ONEWEB-0182             
1 48228U 21031U   26151.43624302 -.00000080  00000+0 -24993-3 0  9999
2 48228  87.8948 293.0459 0002093  99.0346 261.1021 13.14501959246235
ONEWEB-0186             
1 48229U 21031V   26151.44734198  .00000210  00000+0  53250-3 0  9997
2 48229  87.8955 293.0327 0001855 101.4837 258.6501 13.14501873246189
ONEWEB-0181             
1 48230U 21031W   26151.42514936 -.00000161  00000+0 -46891-3 0  9993
2 48230  87.8940 293.0695 0001778 105.0398 255.0929 13.14502486246039
ONEWEB-0188             
1 48231U 21031X   26151.46321588  .00000140  00000+0  34241-3 0  9998
2 48231  87.8942 293.0606 0001840  99.1875 260.9463 13.14502698245949
ONEWEB-0220             
1 48232U 21031Y   26151.42673223 -.00000198  00000+0 -56817-3 0  9999
2 48232  87.8956 293.0381 0001966 104.6160 255.5188 13.14502312246200
ONEWEB-0165             
1 48233U 21031Z   26151.37916205  .00000263  00000+0  67567-3 0  9999
2 48233  87.8949 293.0617 0001603 108.1058 252.0246 13.14502088246159
ONEWEB-0199             
1 48234U 21031AA  26151.43942027  .00000050  00000+0  99466-4 0  9996
2 48234  87.8954 293.0347 0001909  93.3934 266.7414 13.14502234246065
ONEWEB-0203             
1 48235U 21031AB  26151.42990015 -.00000146  00000+0 -42755-3 0  9992
2 48235  87.8955 293.0404 0001679  96.9797 263.1523 13.14501390246076
ONEWEB-0197             
1 48236U 21031AC  26151.40440049  .00000013  00000+0  13238-5 0  9995
2 48236  87.8945 293.0328 0002132 101.6250 258.5119 13.14503324245981
ONEWEB-0194             
1 48237U 21031AD  26151.46002995  .00000261  00000+0  66937-3 0  9993
2 48237  87.8949 293.0431 0001757  91.9953 268.1378 13.14501806246162
ONEWEB-0193             
1 48238U 21031AE  26151.39976931  .00000029  00000+0  43949-4 0  9997
2 48238  87.8951 293.0463 0001747  81.4259 278.7069 13.14502015246104
ONEWEB-0191             
1 48239U 21031AF  26151.41087352 -.00000105  00000+0 -31768-3 0  9993
2 48239  87.8951 293.0408 0002030  96.2605 263.8755 13.14501938245962
ONEWEB-0195             
1 48240U 21031AG  26151.38786341  .00000231  00000+0  58832-3 0  9994
2 48240  87.8958 293.0471 0001608 109.8899 250.2404 13.14504694245948
ONEWEB-0201             
1 48241U 21031AH  26151.45224801  .00000182  00000+0  45678-3 0  9990
2 48241  87.8947 293.0510 0002112 103.0052 257.1314 13.14503597246183
ONEWEB-0207             
1 48242U 21031AJ  26151.43227830 -.00000118  00000+0 -35287-3 0  9990
2 48242  87.8953 293.0386 0002099 102.7527 257.3837 13.14502103246093
ONEWEB-0208             
1 48243U 21031AK  26151.41405015 -.00000160  00000+0 -46666-3 0  9992
2 48243  87.8952 293.0497 0001640 109.5586 250.5721 13.14502805246105
ONEWEB-0200             
1 48244U 21031AL  26151.45368433  .00000285  00000+0  73382-3 0  9990
2 48244  87.8948 293.0276 0001837 101.8590 258.2746 13.14502178246031
ONEWEB-0217             
1 48245U 21031AM  26151.46954569  .00000126  00000+0  30580-3 0  9990
2 48245  87.8957 293.0288 0001626 107.9578 252.1729 13.14501498245985
ONEWEB-0211             
1 48767U 21045A   26151.31451512  .00000069  00000+0  14897-3 0  9997
2 48767  87.9002 262.4466 0001341 115.0697 245.0573 13.16195989242228
ONEWEB-0223             
1 48768U 21045B   26151.30854344  .00000199  00000+0  49468-3 0  9993
2 48768  87.9005 262.5517 0001493 101.0084 259.1215 13.15548481242185
ONEWEB-0230             
1 48769U 21045C   26151.35607020  .00000063  00000+0  13441-3 0  9998
2 48769  87.8992 262.5573 0002085  98.5868 261.5498 13.15547264242458
ONEWEB-0237             
1 48770U 21045D   26151.34497610 -.00000024  00000+0 -97167-4 0  9998
2 48770  87.8993 262.5612 0001696  95.7498 264.3825 13.15550439242172
ONEWEB-0235             
1 48771U 21045E   26151.31962830  .00000031  00000+0  49038-4 0  9997
2 48771  87.9006 262.5502 0001514  97.7637 262.3665 13.15547586242161
ONEWEB-0242             
1 48772U 21045F   26151.31329583  .00000171  00000+0  42052-3 0  9993
2 48772  87.9009 262.5485 0001809  94.5268 265.6069 13.15548400242202
ONEWEB-0241             
1 48773U 21045G   26151.30062014  .00000233  00000+0  58378-3 0  9993
2 48773  87.8995 262.5710 0001511 107.1975 252.9321 13.15547664242114
ONEWEB-0243             
1 48774U 21045H   26151.33230441 -.00000077  00000+0 -23899-3 0  9996
2 48774  87.8994 262.5764 0001709  84.1612 275.9713 13.15547508242144
ONEWEB-0222             
1 48775U 21045J   26151.31566608  .00000100  00000+0  23206-3 0  9999
2 48775  87.9005 262.5465 0001676 102.7047 257.4271 13.15547824242188
ONEWEB-0244             
1 48776U 21045K   26151.34180992 -.00000098  00000+0 -29392-3 0  9991
2 48776  87.9010 262.5346 0001801  97.9003 262.2331 13.15547238242753
ONEWEB-0247             
1 48777U 21045L   26151.33864859 -.00000062  00000+0 -19971-3 0  9995
2 48777  87.8994 262.5704 0001366  78.6680 281.4603 13.15548228242198
ONEWEB-0245             
1 48778U 21045M   26151.33389353 -.00000072  00000+0 -22549-3 0  9993
2 48778  87.9014 262.5499 0001837 109.2660 250.8669 13.15548669242164
ONEWEB-0229             
1 48779U 21045N   26151.32913373 -.00000071  00000+0 -22323-3 0  9997
2 48779  87.9004 262.5474 0001845  95.4213 264.7127 13.15547285242195
ONEWEB-0228             
1 48780U 21045P   26151.36254485  .00000030  00000+0  45682-4 0  9992
2 48780  87.9013 262.5328 0001823 100.1582 259.9754 13.15549655242111
ONEWEB-0232             
1 48781U 21045Q   26151.33706181 -.00000098  00000+0 -29559-3 0  9995
2 48781  87.9009 262.5395 0001889 102.7059 257.4282 13.15549958242430
ONEWEB-0231             
1 48782U 21045R   26151.31486882  .00000081  00000+0  18197-3 0  9993
2 48782  87.9003 262.5576 0001659 101.0306 259.1011 13.15547609242124
ONEWEB-0234             
1 48783U 21045S   26151.35276832  .00000007  00000+0 -15702-4 0  9999
2 48783  87.9002 262.5313 0002263 121.6420 238.4931 13.15548282242264
ONEWEB-0238             
1 48784U 21045T   26151.35304308  .00000046  00000+0  86899-4 0  9997
2 48784  87.9007 262.5245 0002056 112.6220 247.5128 13.15549975242160
ONEWEB-0240             
1 48785U 21045U   26151.37428965  .00000129  00000+0  30819-3 0  9998
2 48785  87.9008 262.5310 0001574 105.4351 254.6953 13.15549843242196
ONEWEB-0246             
1 48786U 21045V   26151.36875597  .00000102  00000+0  23673-3 0  9996
2 48786  87.9007 262.5370 0001898  97.8440 262.2906 13.15548141242063
ONEWEB-0210             
1 48787U 21045W   26151.34340259 -.00000047  00000+0 -15997-3 0  9997
2 48787  87.9006 262.5388 0001632  72.9982 287.1327 13.15550016242105
ONEWEB-0214             
1 48788U 21045X   26151.35210927  .00000036  00000+0  61815-4 0  9994
2 48788  87.9004 262.5335 0002035  90.1571 269.9792 13.15547427242072
ONEWEB-0221             
1 48789U 21045Y   26151.35923731  .00000067  00000+0  14331-3 0  9993
2 48789  87.9005 262.5413 0001707  99.6601 260.4722 13.15547080242168
ONEWEB-0213             
1 48790U 21045Z   26151.34814152 -.00000078  00000+0 -24173-3 0  9999
2 48790  87.9004 262.5472 0001650  94.2477 265.8842 13.15550400242222
ONEWEB-0212             
1 48791U 21045AA  26151.32518416  .00000004  00000+0 -23143-4 0  9997
2 48791  87.9004 262.5457 0001918 101.6064 258.5281 13.15549114242213
ONEWEB-0227             
1 48792U 21045AB  26151.32438562  .00000005  00000+0 -21702-4 0  9991
2 48792  87.9004 262.5470 0001825 100.9803 259.1533 13.15548191242164
ONEWEB-0226             
1 48793U 21045AC  26151.31804953  .00000082  00000+0  18294-3 0  9997
2 48793  87.9001 262.5532 0001757  94.0144 266.1187 13.15549857242136
ONEWEB-0224             
1 48794U 21045AD  26151.28159455  .00000082  00000+0  18388-3 0  9998
2 48794  87.8996 262.5949 0001649 128.6575 231.4703 13.15550010242056
ONEWEB-0233             
1 48795U 21045AE  26151.36226772  .00000104  00000+0  24342-3 0  9997
2 48795  87.8994 262.5868 0001620 101.7540 258.3772 13.15547515242081
ONEWEB-0190             
1 48796U 21045AF  26151.34972527  .00000003  00000+0 -26372-4 0  9997
2 48796  87.8997 262.5513 0001279  88.6304 271.4973 13.15550339242158
ONEWEB-0236             
1 48797U 21045AG  26151.29110426  .00000159  00000+0  38911-3 0  9996
2 48797  87.8994 262.5729 0001985 103.9437 256.1914 13.15547062242038
ONEWEB-0248             
1 48798U 21045AH  26151.37983214  .00001174  00000+0  30825-2 0  9992
2 48798  87.9007 262.5370 0001412 103.8830 256.2458 13.15556568242202
ONEWEB-0225             
1 48799U 21045AJ  26151.32597132 -.00000019  00000+0 -84383-4 0  9997
2 48799  87.8999 262.5567 0001383  91.8972 268.2316 13.15547937242206
ONEWEB-0215             
1 48800U 21045AK  26151.29585572  .00000180  00000+0  44414-3 0  9998
2 48800  87.9008 262.5440 0001172  93.6291 266.4973 13.15550161242078
ONEWEB-0216             
1 48801U 21045AL  26151.30537449  .00000198  00000+0  49116-3 0  9994
2 48801  87.9005 262.5579 0001954  98.1571 261.9781 13.15547986242087
ONEWEB-0239             
1 48802U 21045AM  26151.31012051  .00000213  00000+0  53076-3 0  9991
2 48802  87.8995 262.5646 0001131 110.7277 249.3974 13.15548221242123
ONEWEB-0249             
1 48967U 21060A   26151.25757130 -.00000052  00000+0 -16890-3 0  9993
2 48967  87.9105 232.1393 0001943 102.2405 257.8944 13.16594324237380
ONEWEB-0250             
1 48968U 21060B   26151.25181272  .00000057  00000+0  98875-4 0  9999
2 48968  87.9104 229.9521 0002175 126.2134 233.9203 13.25832331237971
ONEWEB-0252             
1 48970U 21060D   26151.28843074  .00000089  00000+0  19976-3 0  9999
2 48970  87.9104 232.1254 0002052  92.5920 267.5446 13.16593011237437
ONEWEB-0253             
1 48971U 21060E   26151.20134873  .00000076  00000+0  16436-3 0  9996
2 48971  87.9104 232.1480 0001942 102.9356 257.1992 13.16592401237359
ONEWEB-0254             
1 48972U 21060F   26151.28685663  .00000095  00000+0  21567-3 0  9995
2 48972  87.9107 232.1282 0001701 102.9252 257.2069 13.16593363237366
ONEWEB-0255             
1 48973U 21060G   26151.24885892 -.00000012  00000+0 -65656-4 0  9997
2 48973  87.9106 232.1429 0001833  99.1119 261.0219 13.16593729237438
ONEWEB-0256             
1 48974U 21060H   26151.27496242  .00000042  00000+0  76561-4 0  9996
2 48974  87.9099 232.1426 0002097  98.2517 261.8851 13.16596275237408
ONEWEB-0257             
1 48975U 21060J   26151.23143572  .00000060  00000+0  12397-3 0  9994
2 48975  87.9108 232.1376 0001903  95.5762 264.5586 13.16593995237356
ONEWEB-0258             
1 48976U 21060K   26151.23302032  .00000019  00000+0  17064-4 0  9994
2 48976  87.9107 232.1488 0001975 101.2587 258.8766 13.16593779237366
ONEWEB-0259             
1 48977U 21060L   26151.22669441  .00000023  00000+0  27013-4 0  9994
2 48977  87.9107 232.1497 0001867 102.6382 257.4958 13.16594210237397
ONEWEB-0260             
1 48978U 21060M   26151.21797259  .00000081  00000+0  17731-3 0  9992
2 48978  87.9101 232.1537 0002233  90.3140 269.8246 13.16593114237377
ONEWEB-0261             
1 48979U 21060N   26151.26389356  .00000057  00000+0  11493-3 0  9995
2 48979  87.9102 232.1443 0001752  92.3354 267.7978 13.16595235237431
ONEWEB-0262             
1 48980U 21060P   26151.24410727  .00000009  00000+0 -10350-4 0  9992
2 48980  87.9108 232.1339 0001848 106.1099 254.0236 13.16594142237396
ONEWEB-0263             
1 48981U 21060Q   26151.27577316  .00000014  00000+0  21783-5 0  9992
2 48981  87.9106 232.1389 0001680  97.2464 262.8858 13.16593322237363
ONEWEB-0264             
1 48982U 21060R   26151.23698801  .00000026  00000+0  34584-4 0  9997
2 48982  87.9108 232.1501 0001979  92.7376 267.3982 13.16593678237367
ONEWEB-0266             
1 48984U 21060T   26151.25835067  .00000017  00000+0  11976-4 0  9998
2 48984  87.9104 232.1359 0002087 101.4065 258.7300 13.16593329237350
ONEWEB-0267             
1 48985U 21060U   26151.26944019  .00000081  00000+0  17933-3 0  9997
2 48985  87.9104 232.1301 0001826  92.9048 267.2292 13.16593239237369
ONEWEB-0268             
1 48986U 21060V   26151.23777669  .00000019  00000+0  16083-4 0  9997
2 48986  87.9109 232.1461 0002121  96.6722 263.4651 13.16595259237621
ONEWEB-0269             
1 48987U 21060W   26151.21877424  .00000084  00000+0  18628-3 0  9994
2 48987  87.9095 232.1544 0002229  99.3144 260.8239 13.16593775237393
ONEWEB-0270             
1 48988U 21060X   26151.23619192  .00000052  00000+0  10368-3 0  9991
2 48988  87.9109 232.1481 0001632 100.1472 259.9843 13.16593831237430
ONEWEB-0271             
1 48989U 21060Y   26151.22352471  .00000053  00000+0  10622-3 0  9999
2 48989  87.9106 232.1412 0001754  95.9726 264.1605 13.16593535237435
ONEWEB-0272             
1 48990U 21060Z   26151.24568308 -.00000039  00000+0 -13487-3 0  9999
2 48990  87.9108 232.1482 0002022  90.4013 269.7350 13.16595732237387
ONEWEB-0273             
1 48991U 21060AA  26151.26785787  .00000017  00000+0  12141-4 0  9995
2 48991  87.9106 232.1429 0001876  99.0402 261.0941 13.16593860237369
ONEWEB-0274             
1 48992U 21060AB  26151.21717810  .00000104  00000+0  23932-3 0  9999
2 48992  87.9099 232.1569 0002124  90.6926 269.4448 13.16593340237391
ONEWEB-0275             
1 48993U 21060AC  26151.28210659  .00000125  00000+0  29397-3 0  9990
2 48993  87.9103 232.1320 0001974  94.5758 265.5598 13.16593694237330
ONEWEB-0276             
1 48994U 21060AD  26151.23935213  .00000013  00000+0  62647-6 0  9990
2 48994  87.9108 232.1399 0002090  95.0206 265.1164 13.16593666237341
ONEWEB-0277             
1 48995U 21060AE  26151.25201987 -.00000024  00000+0 -96368-4 0  9996
2 48995  87.9101 232.1473 0001856  99.8879 260.2461 13.16592847237330
ONEWEB-0278             
1 48996U 21060AF  26151.24252274  .00000009  00000+0 -10035-4 0  9990
2 48996  87.9108 232.1380 0002160 105.1048 255.0322 13.16596430237467
ONEWEB-0279             
1 48997U 21060AG  26151.25044108 -.00000011  00000+0 -63336-4 0  9993
2 48997  87.9102 232.1343 0001885  92.9700 267.1646 13.16593652237390
ONEWEB-0280             
1 48998U 21060AH  26151.26546233 -.00000270  00000+0 -74065-3 0  9998
2 48998  87.9105 232.1361 0001848 108.7397 251.3935 13.16593777237339
ONEWEB-0281             
1 48999U 21060AJ  26151.27102787  .00000017  00000+0  10849-4 0  9990
2 48999  87.9106 232.1299 0002060 100.6775 259.4588 13.16593715237402
ONEWEB-0282             
1 49000U 21060AK  26151.22510590  .00000085  00000+0  18815-3 0  9999
2 49000  87.9106 232.1480 0001851  99.7815 260.3525 13.16596409237379
ONEWEB-0283             
1 49001U 21060AL  26151.21401813  .00000098  00000+0  22152-3 0  9999
2 49001  87.9104 232.1497 0001912  95.8672 264.2676 13.16593448237383
ONEWEB-0284             
1 49002U 21060AM  26151.28368916  .00000090  00000+0  20236-3 0  9996
2 49002  87.9103 232.1290 0002000 109.3005 250.8342 13.16593405237377
ONEWEB-0285             
1 49075U 21075A   26151.51679832 -.00000383  00000+0 -11002-2 0  9997
2 49075  87.8952 353.9777 0001739  88.2594 271.8734 13.12442657233020
ONEWEB-0286             
1 49076U 21075B   26151.49886983 -.00000142  00000+0 -43113-3 0  9994
2 49076  87.8941 353.9994 0002033  89.5576 270.5785 13.12441227232373
ONEWEB-0287             
1 49077U 21075C   26151.08100716  .00000104  00000+0  23495-3 0  9990
2 49077  87.9146   9.2683 0002186  91.3621 268.7761 13.17648481231377
ONEWEB-0288             
1 49078U 21075D   26151.47529825  .00000451  00000+0  12176-2 0  9998
2 49078  87.8951 353.9794 0001965  96.2281 263.9072 13.12442184232991
ONEWEB-0289             
1 49079U 21075E   26151.04374942  .00000159  00000+0  37578-3 0  9999
2 49079  87.9150   9.2919 0001514  96.4460 263.6844 13.17647880231948
ONEWEB-0290             
1 49080U 21075F   26151.09282752  .00000128  00000+0  29596-3 0  9990
2 49080  87.9154   9.2533 0001402  97.0989 263.0302 13.17650293231366
ONEWEB-0291             
1 49081U 21075G   26151.07763206  .00000099  00000+0  22192-3 0  9999
2 49081  87.9153   9.2646 0001939  96.0426 264.0926 13.17648310231350
ONEWEB-0293             
1 49082U 21075H   26151.02700804  .00000040  00000+0  70093-4 0  9990
2 49082  87.9147   9.2788 0001726  90.9519 269.1811 13.17650278231378
ONEWEB-0294             
1 49083U 21075J   26151.48208051  .00000360  00000+0  96458-3 0  9995
2 49083  87.8953 353.9813 0001571  97.5329 262.5978 13.12442248232385
ONEWEB-0295             
1 49084U 21075K   26151.55772002  .00000079  00000+0  17038-3 0  9990
2 49084  87.9145   9.1777 0002076  93.9249 266.2120 13.17651947231406
ONEWEB-0296             
1 49085U 21075L   26151.53797877  .00000252  00000+0  66404-3 0  9990
2 49085  87.8956 353.9767 0001974  97.5842 262.5511 13.12443329232390
ONEWEB-0297             
1 49086U 21075M   26151.49223786  .00000076  00000+0  17524-3 0  9992
2 49086  87.8941 353.9992 0001903  92.2082 267.9264 13.12441816232994
ONEWEB-0298             
1 49087U 21075N   26151.56209970  .00000035  00000+0  57989-4 0  9995
2 49087  87.9146   9.1744 0001980  84.4081 275.7277 13.17647682231438
ONEWEB-0299             
1 49088U 21075P   26151.03208690  .00000084  00000+0  18205-3 0  9997
2 49088  87.9155   9.2581 0001981  88.1627 271.9731 13.17649633231348
ONEWEB-0300             
1 49089U 21075Q   26151.48462006  .00000281  00000+0  74482-3 0  9998
2 49089  87.8953 353.9782 0002088  80.8026 279.3339 13.12442536233017
ONEWEB-0301             
1 49090U 21075R   26151.46852848  .00000432  00000+0  11644-2 0  9993
2 49090  87.8953 353.9802 0001927  76.5206 283.6138 13.12444177232371
ONEWEB-0302             
1 49091U 21075S   26151.53120264  .00000017  00000+0  12771-4 0  9995
2 49091  87.8953 353.9788 0001691  97.5441 262.5880 13.12443284232364
ONEWEB-0304             
1 49092U 21075T   26151.08269404 -.00000059  00000+0 -18564-3 0  9999
2 49092  87.9146   9.2724 0001971  88.3991 271.7366 13.17649191231326
ONEWEB-0305             
1 49093U 21075U   26151.07594545  .00000109  00000+0  24644-3 0  9996
2 49093  87.9156   9.2567 0002161  92.7137 267.4242 13.17648521231350
ONEWEB-0308             
1 49094U 21075V   26151.06699984 -.00000103  00000+0 -32089-3 0  9997
2 49094  87.8954 354.0636 0001779  88.0476 272.0857 13.12443612232312
ONEWEB-0309             
1 49095U 21075W   26151.07932683  .00000977  00000+0  24820-2 0  9995
2 49095  87.9148   9.2661 0001621 101.5266 258.6047 13.17657500231329
ONEWEB-0310             
1 49096U 21075X   26151.53967639  .00000323  00000+0  86306-3 0  9999
2 49096  87.8944 353.9926 0001777  88.3262 271.8070 13.12443606233001
ONEWEB-0311             
1 49097U 21075Y   26151.54170104  .00000045  00000+0  82985-4 0  9995
2 49097  87.9148   9.1737 0002298  89.2528 270.8867 13.17648280231431
ONEWEB-0312             
1 49098U 21075Z   26151.10126867  .00000136  00000+0  31647-3 0  9994
2 49098  87.9145   9.2721 0001976  95.6244 264.5113 13.17649323231355
ONEWEB-0313             
1 49099U 21075AA  26151.03025124  .00000034  00000+0  53213-4 0  9992
2 49099  87.9142   9.2924 0001941  87.9396 272.1958 13.17651012231330
ONEWEB-0314             
1 49100U 21075AB  26151.14852179  .00000100  00000+0  22321-3 0  9994
2 49100  87.9155   9.2391 0002025  95.9145 264.2217 13.17650635231329
ONEWEB-0315             
1 49101U 21075AC  26151.51256257 -.00000369  00000+0 -10616-2 0  9993
2 49101  87.8953 353.9608 0002206  87.5024 272.6357 13.12442681232985
ONEWEB-0316             
1 49102U 21075AD  26151.46598793  .00000059  00000+0  11632-3 0  9996
2 49102  87.9157 338.7851 0001905  90.9505 269.1846 13.18685741235003
ONEWEB-0317             
1 49103U 21075AE  26151.51595060 -.00000343  00000+0 -98896-3 0  9992
2 49103  87.8966 353.9855 0001080  94.4824 265.6428 13.12442638233006
ONEWEB-0318             
1 49104U 21075AF  26151.46261272  .00000036  00000+0  59540-4 0  9993
2 49104  87.9166 338.7856 0002112  90.0867 270.0507 13.18686014234966
ONEWEB-0319             
1 49105U 21075AG  26151.08775632  .00000097  00000+0  21648-3 0  9996
2 49105  87.9145   9.2691 0002368  84.0577 276.0824 13.17648374231359
ONEWEB-0323             
1 49106U 21075AH  26151.49732009 -.00000094  00000+0 -29672-3 0  9997
2 49106  87.8953 353.9686 0002368  89.6094 270.5305 13.12441452232362
ONEWEB-0329             
1 49107U 21075AJ  26151.09619404 -.00000186  00000+0 -51168-3 0  9994
2 49107  87.9146   9.2684 0001924  89.1033 271.0319 13.17648936231330
ONEWEB-0330             
1 49108U 21075AK  26151.49965883 -.00001114  00000+0 -29034-2 0  9992
2 49108  87.9149   9.2083 0001820  89.1268 271.0072 13.17655675231426
ONEWEB-0292             
1 49186U 21083A   26151.48265926  .00000176  00000+0  44741-3 0  9995
2 49186  87.8932 323.5674 0002017  93.0177 267.1183 13.13468952228736
ONEWEB-0303             
1 49187U 21083B   26151.45924416  .00000070  00000+0  14518-3 0  9991
2 49187  87.9161 338.7861 0002009  90.3028 269.8334 13.18686049227778
ONEWEB-0306             
1 49188U 21083C   26151.44912529  .00000014  00000+0  18281-5 0  9994
2 49188  87.9167 338.7748 0001624  92.1188 268.0130 13.18686019227815
ONEWEB-0307             
1 49189U 21083D   26151.47674291  .00000231  00000+0  59775-3 0  9991
2 49189  87.8943 323.5640 0001908  92.8227 267.3121 13.13469160228731
ONEWEB-0320             
1 49190U 21083E   26151.46935007  .00000039  00000+0  66778-4 0  9995
2 49190  87.9154 338.7903 0001779  89.9712 270.1624 13.18687335227774
ONEWEB-0321             
1 49191U 21083F   26151.38304032  .00000074  00000+0  14962-3 0  9991
2 49191  87.9181 277.7847 0001615  99.8107 260.3208 13.20770652234619
ONEWEB-0322             
1 49192U 21083G   26151.47250678  .00000332  00000+0  87504-3 0  9997
2 49192  87.8937 323.5655 0001453  86.4904 273.6391 13.13468897228724
ONEWEB-0324             
1 49193U 21083H   26151.51823986  .00001903  00000+0  47913-2 0  9995
2 49193  87.9159 338.7655 0001661  93.7392 266.3930 13.18699727227802
ONEWEB-0325             
1 49194U 21083J   26151.44574446  .00000065  00000+0  13333-3 0  9990
2 49194  87.9157 338.7908 0001852  89.1618 270.9726 13.18686531227807
ONEWEB-0326             
1 49195U 21083K   26151.46105301 -.00000856  00000+0 -22038-2 0  9994
2 49195  87.9171 338.7849 0002138  86.4151 273.7226 13.18691990227797
ONEWEB-0327             
1 49196U 21083L   26151.46078083  .00000067  00000+0  13801-3 0  9992
2 49196  87.9157 338.7900 0002184  84.0238 276.1143 13.18686729227813
ONEWEB-0328             
1 49197U 21083M   26151.46234892  .00000307  00000+0  80559-3 0  9996
2 49197  87.8949 323.5390 0001788  96.6686 263.4647 13.13469004228709
ONEWEB-0331             
1 49198U 21083N   26151.45418465  .00000033  00000+0  50634-4 0  9994
2 49198  87.9167 338.7794 0002175  91.0320 269.1061 13.18686990227807
ONEWEB-0333             
1 49199U 21083P   26151.45726690  .00000241  00000+0  62376-3 0  9993
2 49199  87.8940 323.5679 0001795  90.4163 269.7172 13.13469284228715
ONEWEB-0334             
1 49200U 21083Q   26151.40071563  .00000049  00000+0  89612-4 0  9992
2 49200  87.9177 277.7932 0001031  87.8413 272.2838 13.20772540234573
ONEWEB-0335             
1 49201U 21083R   26151.45219797  .00000140  00000+0  34892-3 0  9992
2 49201  87.8939 323.5658 0001986  93.4081 266.7275 13.13470330228724
ONEWEB-0336             
1 49202U 21083S   26151.49958546 -.00000257  00000+0 -73895-3 0  9996
2 49202  87.8940 323.5522 0002191  97.8640 262.2738 13.13469246228724
ONEWEB-0337             
1 49203U 21083T   26151.50960852 -.00000250  00000+0 -71853-3 0  9997
2 49203  87.8938 323.5568 0001898  98.8266 261.3078 13.13469695228725
ONEWEB-0338             
1 49204U 21083U   26151.37459792 -.00000173  00000+0 -45742-3 0  9991
2 49204  87.9172 277.8017 0001574  96.2279 263.9034 13.20771130234594
ONEWEB-0339             
1 49205U 21083V   26151.44203017 -.00000099  00000+0 -30613-3 0  9995
2 49205  87.8938 323.5623 0001512  93.1822 266.9480 13.13469931228695
ONEWEB-0340             
1 49206U 21083W   26151.51657066  .00000022  00000+0  24034-4 0  9996
2 49206  87.9166 338.7725 0001993  93.0444 267.0916 13.18687395227778
ONEWEB-0341             
1 49207U 21083X   26151.44743904  .00000033  00000+0  51867-4 0  9992
2 49207  87.9160 338.7907 0001903 106.1526 253.9816 13.18686450227788
ONEWEB-0342             
1 49208U 21083Y   26151.38135003  .00000080  00000+0  16365-3 0  9996
2 49208  87.9182 277.7869 0001793 100.3983 259.7353 13.20772519234561
ONEWEB-0343             
1 49209U 21083Z   26151.45587388  .00000036  00000+0  59651-4 0  9999
2 49209  87.9162 338.7872 0001416  92.7026 267.4268 13.18685446227838
ONEWEB-0344             
1 49210U 21083AA  26151.51313946 -.00000100  00000+0 -30744-3 0  9990
2 49210  87.8931 323.5640 0001898 105.3700 254.7639 13.13471748228703
ONEWEB-0345             
1 49211U 21083AB  26151.50466419 -.00000313  00000+0 -89195-3 0  9994
2 49211  87.8949 323.5436 0001815 103.6098 256.5234 13.13470052228715
ONEWEB-0346             
1 49212U 21083AC  26151.45249755 -.00000017  00000+0 -75830-4 0  9994
2 49212  87.9156 338.7889 0002493  88.2981 271.8437 13.18685989227771
ONEWEB-0348             
1 49213U 21083AD  26151.37123846  .00000113  00000+0  24653-3 0  9999
2 49213  87.9181 277.7922 0002374 105.2277 254.9119 13.20770655234591
ONEWEB-0350             
1 49214U 21083AE  26151.51465330 -.00031872  00000+0 -88067-1 0  9998
2 49214  87.8938 323.5438 0001822 107.0354 253.0974 13.13116759228746
ONEWEB-0351             
1 49215U 21083AF  26151.36436146  .00000094  00000+0  20016-3 0  9997
2 49215  87.9183 277.7922 0001239 121.5920 238.5334 13.20773361234550
ONEWEB-0352             
1 49216U 21083AG  26151.49451179 -.00000189  00000+0 -55159-3 0  9998
2 49216  87.8943 323.5580 0001384  95.8830 264.2457 13.13469170228836
ONEWEB-0354             
1 49217U 21083AH  26151.39146338  .00000019  00000+0  15852-4 0  9993
2 49217  87.9183 277.7861 0002209 107.0187 253.1188 13.20771900234597
ONEWEB-0355             
1 49218U 21083AJ  26151.44724920  .00000002  00000+0 -30241-4 0  9991
2 49218  87.8933 323.5692 0001627  98.2335 261.8979 13.13469218228709
ONEWEB-0357             
1 49219U 21083AK  26151.38809402  .00000084  00000+0  17459-3 0  9998
2 49219  87.9183 277.7812 0001712 102.4926 257.6399 13.20771875234597
ONEWEB-0332             
1 49279U 21090A   26151.39659861  .00000161  00000+0  39841-3 0  9990
2 49279  87.8951 293.0571 0001646  91.2986 268.8332 13.14504090225378
ONEWEB-0347             
1 49280U 21090B   26151.37798735  .00000107  00000+0  23196-3 0  9990
2 49280  87.9181 277.7912 0001751  93.3424 266.7910 13.20773643228822
ONEWEB-0349             
1 49281U 21090C   26151.40997285  .00000020  00000+0  16636-4 0  9992
2 49281  87.9185 277.7857 0001966 103.7601 256.3751 13.20770116227612
ONEWEB-0353             
1 49282U 21090D   26151.46479586  .00000190  00000+0  47790-3 0  9990
2 49282  87.8953 293.0389 0001659  90.0875 270.0445 13.14502240225385
ONEWEB-0356             
1 49283U 21090E   26151.40830100 -.00000081  00000+0 -23163-3 0  9997
2 49283  87.9186 277.7796 0002525  85.8084 274.3338 13.20772490227612
ONEWEB-0358             
1 49284U 21090F   26151.36197490  .00000057  00000+0  10836-3 0  9995
2 49284  87.9183 277.7919 0002092 100.1809 259.9560 13.20770030228336
ONEWEB-0359             
1 49285U 21090G   26151.35947490  .00000045  00000+0  79744-4 0  9999
2 49285  87.9180 277.7885 0002133 103.5919 256.5452 13.20772078228316
ONEWEB-0360             
1 49286U 21090H   26151.42511616  .00000020  00000+0  17170-4 0  9993
2 49286  87.9182 277.7817 0002008 104.6509 255.4847 13.20773670227631
ONEWEB-0361             
1 49287U 21090J   26151.40658757  .00000055  00000+0  10243-3 0  9991
2 49287  87.9184 277.7837 0002056  99.7370 260.3996 13.20770337228086
ONEWEB-0362             
1 49288U 21090K   26151.42170707  .00000080  00000+0  16850-3 0  9996
2 49288  87.9153 308.3196 0001654 103.4306 256.7011 13.19727326224707
ONEWEB-0363             
1 49289U 21090L   26151.34599479 -.00001140  00000+0 -28367-2 0  9994
2 49289  87.9183 277.7961 0002173  93.1917 266.9465 13.20781378228080
ONEWEB-0364             
1 49290U 21090M   26151.38470853  .00000028  00000+0  37675-4 0  9990
2 49290  87.9177 277.7968 0001910 100.5779 259.5569 13.20769884229227
ONEWEB-0365             
1 49291U 21090N   26151.50700969 -.00000078  00000+0 -22796-3 0  9993
2 49291  87.9164 308.2901 0001685  93.2376 266.8949 13.19726889224225
ONEWEB-0366             
1 49292U 21090P   26151.46161779  .00000221  00000+0  56267-3 0  9997
2 49292  87.8945 293.0417 0001864  99.0323 261.1018 13.14501811225362
ONEWEB-0367             
1 49293U 21090Q   26151.42092255  .00000032  00000+0  47337-4 0  9995
2 49293  87.9183 277.7821 0001781 103.4689 256.6643 13.20772681227614
ONEWEB-0368             
1 49294U 21090R   26151.39482889  .00000026  00000+0  32489-4 0  9993
2 49294  87.9172 277.7996 0001928  77.9730 282.1619 13.20771877228761
ONEWEB-0369             
1 49295U 21090S   26151.42645608 -.00000010  00000+0 -57451-4 0  9999
2 49295  87.9153 308.3152 0001755  92.3265 267.8068 13.19726535224200
ONEWEB-0370             
1 49296U 21090T   26151.35440719  .00000045  00000+0  78982-4 0  9996
2 49296  87.9181 277.7950 0001951 109.7421 250.3922 13.20774367227647
ONEWEB-0371             
1 49297U 21090U   26151.51016294  .00000011  00000+0 -44864-5 0  9999
2 49297  87.9159 308.2893 0001742  99.2337 260.8993 13.19728077224259
ONEWEB-0372             
1 49298U 21090V   26151.41991900 -.00000070  00000+0 -20507-3 0  9997
2 49298  87.9185 277.7838 0001853  98.9549 261.1795 13.20770067227628
ONEWEB-0373             
1 49299U 21090W   26151.36955814  .00000093  00000+0  19675-3 0  9993
2 49299  87.9180 277.7946 0001984 100.9084 259.2273 13.20770462228806
ONEWEB-0374             
1 49300U 21090X   26151.37282057  .00000224  00000+0  56987-3 0  9992
2 49300  87.8948 293.0490 0002399  92.2668 267.8736 13.14502427225350
ONEWEB-0375             
1 49301U 21090Y   26151.35778627  .00000057  00000+0  10702-3 0  9993
2 49301  87.9181 277.7881 0002511  96.2009 263.9411 13.20772365228305
ONEWEB-0376             
1 49302U 21090Z   26151.50857757  .00000021  00000+0  20511-4 0  9994
2 49302  87.9163 308.2890 0001658  94.4982 265.6340 13.19724453224250
ONEWEB-0377             
1 49303U 21090AA  26151.42021674  .00000020  00000+0  17156-4 0  9997
2 49303  87.9181 277.7776 0002138 102.5318 257.6055 13.20771722228309
ONEWEB-0378             
1 49304U 21090AB  26151.36464532  .00000091  00000+0  19155-3 0  9993
2 49304  87.9176 277.7945 0002000  95.9339 264.2022 13.20773716227568
ONEWEB-0379             
1 49305U 21090AC  26151.36805355  .00000114  00000+0  27351-3 0  9999
2 49305  87.8947 293.0610 0001949  96.6818 263.4534 13.14501846225355
ONEWEB-0380             
1 49306U 21090AD  26151.50543088 -.00000049  00000+0 -15407-3 0  9996
2 49306  87.9153 308.2963 0002002  98.6881 261.4479 13.19724783224222
ONEWEB-0381             
1 49307U 21090AE  26151.26519941  .00000044  00000+0  75075-4 0  9992
2 49307  87.9185 277.8136 0002135  94.8054 265.3324 13.20771747227597
ONEWEB-0382             
1 49308U 21090AF  26151.40321684 -.00000010  00000+0 -55955-4 0  9994
2 49308  87.9182 277.7803 0002126  92.7867 267.3510 13.20771643227600
ONEWEB-0383             
1 49309U 21090AG  26151.43782556  .00000018  00000+0  14616-4 0  9992
2 49309  87.8953 293.0383 0001889  92.7562 267.3784 13.14504525225390
ONEWEB-0384             
1 49310U 21090AH  26151.39238779  .00000043  00000+0  72954-4 0  9999
2 49310  87.9183 277.8259 0002192  88.9365 271.2019 13.20810929227613
ONEWEB-0385             
1 49311U 21090AJ  26151.39650981  .00000234  00000+0  54469-3 0  9995
2 49311  87.9182 277.7865 0002096  96.0347 264.1025 13.20770228227589
ONEWEB-0386             
1 49312U 21090AK  26151.33758574  .00000013  00000+0 -85625-6 0  9994
2 49312  87.9186 277.7888 0002054  93.3448 266.7920 13.20772368227595
ONEWEB-0387             
1 49313U 21090AL  26151.39819613  .00000003  00000+0 -23942-4 0  9994
2 49313  87.9172 277.8015 0002295 101.4721 258.6670 13.20773496227603
ONEWEB-0388             
1 49314U 21090AM  26151.50069678 -.00000060  00000+0 -18189-3 0  9996
2 49314  87.9155 308.2958 0001926  93.5296 266.6057 13.19726723224219
ONEWEB-0389             
1 50469U 21132A   26151.03713223  .00000057  00000+0  11308-3 0  9996
2 50469  87.9144   9.2795 0002206  87.7301 272.4083 13.17650805215827
ONEWEB-0390             
1 50470U 21132B   26151.03881852  .00000069  00000+0  14448-3 0  9993
2 50470  87.9147   9.2802 0001737  93.0150 267.1180 13.17650957215828
ONEWEB-0391             
1 50471U 21132C   26151.04050479  .00000052  00000+0  10190-3 0  9990
2 50471  87.9146   9.2891 0002543  96.9920 263.1501 13.17650897215825
ONEWEB-0392             
1 50472U 21132D   26151.14683449  .00000091  00000+0  19994-3 0  9995
2 50472  87.9156   9.2347 0002223  88.8230 271.3157 13.17651011215874
ONEWEB-0393             
1 50473U 21132E   26151.04642770  .00000077  00000+0  16593-3 0  9993
2 50473  87.9147   9.2735 0002018  87.6928 272.4435 13.17648845215859
ONEWEB-0394             
1 50474U 21132F   26151.48114733  .00000050  00000+0  94955-4 0  9995
2 50474  87.9166 338.7666 0002104  89.7056 270.4317 13.18688382219396
ONEWEB-0395             
1 50475U 21132G   26151.07656838 -.00000043  00000+0 -15828-3 0  9993
2 50475  87.8899  24.4731 0001884  90.8857 269.2487 13.11418279213473
ONEWEB-0396             
1 50476U 21132H   26151.47440242  .00000050  00000+0  94801-4 0  9993
2 50476  87.9165 338.7801 0001997  87.9643 272.1718 13.18688075219437
ONEWEB-0397             
1 50477U 21132J   26151.48957837  .00000102  00000+0  22670-3 0  9990
2 50477  87.9164 338.7775 0002024  84.1842 275.9521 13.18687775219416
ONEWEB-0398             
1 50478U 21132K   26151.19694214 -.00000077  00000+0 -25369-3 0  9997
2 50478  87.8911  24.4385 0001643  92.5313 267.6003 13.11416009213380
ONEWEB-0399             
1 50479U 21132L   26151.18338777  .00000443  00000+0  12135-2 0  9997
2 50479  87.8909  24.4515 0002323  84.9509 275.1884 13.11415718213377
ONEWEB-0400             
1 50480U 21132M   26151.46765382  .00000049  00000+0  90736-4 0  9993
2 50480  87.9166 338.7715 0001782  95.4983 264.6353 13.18684266219406
ONEWEB-0401             
1 50481U 21132N   26151.51318661  .00000026  00000+0  34176-4 0  9995
2 50481  87.9166 338.7595 0001797  84.1478 275.9859 13.18688351219419
ONEWEB-0402             
1 50482U 21132P   26151.47610904  .00000010  00000+0 -84599-5 0  9995
2 50482  87.9164 338.7565 0001900  75.1798 284.9544 13.18688196219436
ONEWEB-0403             
1 50483U 21132Q   26151.50138122 -.00000006  00000+0 -48036-4 0  9998
2 50483  87.9167 338.7758 0001968  91.7664 268.3694 13.18687491219398
ONEWEB-0404             
1 50484U 21132R   26151.08844095  .00000343  00000+0  93122-3 0  9992
2 50484  87.8905  24.4695 0002106  87.8593 272.2776 13.11417704213456
ONEWEB-0405             
1 50485U 21132S   26151.51488240 -.00000003  00000+0 -39306-4 0  9997
2 50485  87.9168 338.7569 0001680 104.3319 255.8000 13.18685787219792
ONEWEB-0406             
1 50486U 21132T   26151.50644056  .00000001  00000+0 -29165-4 0  9995
2 50486  87.9156 338.7765 0002398  93.6120 266.5286 13.18688507219423
ONEWEB-0407             
1 50487U 21132U   26151.49969975  .00000005  00000+0 -19090-4 0  9994
2 50487  87.9168 338.7692 0001630  87.4263 272.7056 13.18685962219362
ONEWEB-0409             
1 50488U 21132V   26151.08674463  .00000397  00000+0  10848-2 0  9998
2 50488  87.8910  24.4574 0002024  90.3663 269.7697 13.11418058213342
ONEWEB-0412             
1 50489U 21132W   26151.48789257 -.00000002  00000+0 -38729-4 0  9996
2 50489  87.9164 338.7803 0001851  80.1463 279.9878 13.18687977219450
ONEWEB-0413             
1 50490U 21132X   26151.49293615  .00001576  00000+0  39644-2 0  9997
2 50490  87.9156 338.7795 0001621  80.9929 279.1386 13.18701082219396
ONEWEB-0414             
1 50491U 21132Y   26151.47777088 -.00000229  00000+0 -61238-3 0  9998
2 50491  87.9164 338.7622 0001918  85.1181 275.0170 13.18685027219421
ONEWEB-0417             
1 50492U 21132Z   26151.48620244 -.00000014  00000+0 -67322-4 0  9994
2 50492  87.9156 338.7814 0002023  93.0927 267.0437 13.18688250219406
ONEWEB-0418             
1 50493U 21132AA  26151.49619265  .00000055  00000+0  10699-3 0  9994
2 50493  87.9165 338.7773 0002079  94.1792 265.9578 13.18686105219460
ONEWEB-0419             
1 50494U 21132AB  26151.51452887  .00000031  00000+0  45901-4 0  9992
2 50494  87.9166 338.7737 0001974  98.8139 261.3217 13.18665142219380
ONEWEB-0420             
1 50495U 21132AC  26151.47945559  .00000052  00000+0  98077-4 0  9996
2 50495  87.9157 338.7851 0001641  88.1421 271.9899 13.18683906219375
ONEWEB-0421             
1 50496U 21132AD  26151.47272773  .00000017  00000+0  10451-4 0  9999
2 50496  87.9160 338.7831 0002083  80.7824 279.3543 13.18685948219415
ONEWEB-0424             
1 50497U 21132AE  26151.50981691  .00000046  00000+0  82990-4 0  9999
2 50497  87.9166 338.7736 0001846 103.8169 256.3168 13.18688574219440
ONEWEB-0426             
1 50498U 21132AF  26151.46852381  .00000044  00000+0  80081-4 0  9995
2 50498  87.9165 338.7728 0002536  85.8277 274.3144 13.18687488219387
ONEWEB-0427             
1 50499U 21132AG  26151.50812862  .00000000  00000+0 -32804-4 0  9994
2 50499  87.9166 338.7533 0002074  92.7294 267.4075 13.18687256219419
ONEWEB-0429             
1 50500U 21132AH  26151.41875672  .00000047  00000+0  85794-4 0  9991
2 50500  87.9157 338.7970 0001743  89.3049 270.8283 13.18684487219376
ONEWEB-0430             
1 50501U 21132AJ  26151.48283235  .00000047  00000+0  85750-4 0  9999
2 50501  87.9159 338.7829 0001653  96.0956 264.0365 13.18685037219428
ONEWEB-0432             
1 50502U 21132AK  26151.51566874 -.00001824  00000+0 -46605-2 0  9997
2 50502  87.9162 338.7475 0002122 113.7889 246.3466 13.18699702219388
ONEWEB-0440             
1 50503U 21132AL  26151.50306664 -.00000006  00000+0 -47051-4 0  9995
2 50503  87.9168 338.7730 0001762  80.4916 279.6416 13.18688363219373
ONEWEB-0450             
1 50504U 21132AM  26151.49647311 -.00000024  00000+0 -93742-4 0  9999
2 50504  87.9155 338.7818 0001643  89.1185 271.0135 13.18686869219406
ONEWEB-0410             
1 51622U 22012A   26151.13163044  .00000080  00000+0  17360-3 0  9997
2 51622  87.9155   9.2479 0003168  91.8600 268.2894 13.17651634211455
ONEWEB-0411             
1 51623U 22012B   26151.21435721  .00000026  00000+0  38833-4 0  9990
2 51623  87.8858  39.6444 0001582  92.5232 267.6076 13.10378384207069
ONEWEB-0415             
1 51624U 22012C   26151.21104051  .00000659  00000+0  18526-2 0  9997
2 51624  87.8852  39.6453 0001664  86.1222 274.0095 13.10376025207066
ONEWEB-0416             
1 51625U 22012D   26151.22270308  .00000473  00000+0  13177-2 0  9999
2 51625  87.8863  39.6627 0001756  86.4215 273.7113 13.10355067207104
ONEWEB-0422             
1 51626U 22012E   26151.14176848  .00000119  00000+0  27428-3 0  9997
2 51626  87.9154   9.2474 0001484  66.0303 294.0984 13.17650635211565
ONEWEB-0423             
1 51627U 22012F   26151.51470786  .00000033  00000+0  52681-4 0  9992
2 51627  87.9148   9.1799 0001958  85.8920 274.2435 13.17648900211505
ONEWEB-0425             
1 51628U 22012G   26151.23262610  .00000175  00000+0  46509-3 0  9995
2 51628  87.8845  39.6426 0002167  82.2673 277.8700 13.10370819207102
ONEWEB-0428             
1 51629U 22012H   26151.21269838  .00000673  00000+0  18918-2 0  9998
2 51629  87.8854  39.6532 0001802  79.8783 280.2548 13.10375429207065
ONEWEB-0431             
1 51630U 22012J   26151.18265580 -.00000605  00000+0 -17696-2 0  9995
2 51630  87.8850  39.6523 0001226  86.7813 273.3454 13.10373629207119
ONEWEB-0434             
1 51631U 22012K   26151.23606907  .00000112  00000+0  28484-3 0  9993
2 51631  87.8849  39.6660 0002445  83.2070 276.9336 13.10370871207104
ONEWEB-0435             
1 51632U 22012L   26151.24422044 -.00000319  00000+0 -95117-3 0  9991
2 51632  87.8842  39.6519 0001642  74.6841 285.4468 13.10370646207098
ONEWEB-0436             
1 51633U 22012M   26151.12657543  .00000062  00000+0  12623-3 0  9997
2 51633  87.9153   9.2376 0001631  83.3214 276.8103 13.17650085211436
ONEWEB-0438             
1 51634U 22012N   26151.22763873  .00000455  00000+0  12671-2 0  9991
2 51634  87.8845  39.6575 0002014  83.5437 276.5919 13.10371459207128
ONEWEB-0439             
1 51635U 22012P   26151.23095462  .00000294  00000+0  80701-3 0  9996
2 51635  87.8843  39.6447 0001870  77.5560 282.5776 13.10370994207103
ONEWEB-0442             
1 51636U 22012Q   26151.49866230  .00000069  00000+0  14387-3 0  9991
2 51636  87.9145   9.1977 0002399  91.6517 268.4890 13.17648115211471
ONEWEB-0443             
1 51637U 22012R   26151.13838257  .00000090  00000+0  19883-3 0  9991
2 51637  87.9146   9.2703 0002020  77.6608 282.4749 13.17648241211476
ONEWEB-0444             
1 51638U 22012S   26151.22100194  .00000855  00000+0  24140-2 0  9994
2 51638  87.8838  39.6461 0001942  76.0223 284.1121 13.10372369207117
ONEWEB-0445             
1 51639U 22012T   26151.24256178 -.00000272  00000+0 -81486-3 0  9993
2 51639  87.8853  39.6278 0001705  89.6995 270.4327 13.10370241207128
ONEWEB-0446             
1 51640U 22012U   26151.14298185  .00000762  00000+0  21460-2 0  9995
2 51640  87.8846  39.6776 0001768  88.3066 271.8263 13.10373434207096
ONEWEB-0448             
1 51641U 22012V   26151.22432229  .00000647  00000+0  18175-2 0  9995
2 51641  87.8839  39.6590 0001846  80.6597 279.4739 13.10371104207076
ONEWEB-0449             
1 51642U 22012W   26151.22929832  .00000404  00000+0  11222-2 0  9994
2 51642  87.8844  39.6422 0002278  82.5374 277.6012 13.10371113207086
ONEWEB-0451             
1 51643U 22012X   26151.04727558  .00000097  00000+0  21693-3 0  9998
2 51643  87.9156   9.2505 0002077  86.1715 273.9654 13.17649395211404
ONEWEB-0452             
1 51644U 22012Y   26151.04557977  .00000095  00000+0  21135-3 0  9994
2 51644  87.9146   9.2893 0002074  79.8462 280.2903 13.17649777211412
ONEWEB-0456             
1 51646U 22012AA  26151.23924297 -.00000156  00000+0 -48393-3 0  9995
2 51646  87.8856  39.6260 0001675  78.7791 281.3524 13.10375639207125
ONEWEB-0457             
1 51647U 22012AB  26151.21586644  .00000707  00000+0  19881-2 0  9993
2 51647  87.8849  39.6506 0001974  93.7406 266.3947 13.10372369207122
ONEWEB-0458             
1 51648U 22012AC  26151.23755006  .00002568  00000+0  73167-2 0  9990
2 51648  87.8850  39.6327 0002072  81.0425 279.0937 13.10394600207084
ONEWEB-0461             
1 51649U 22012AD  26151.21937877  .00000125  00000+0  28913-3 0  9994
2 51649  87.9155   9.2307 0001827  88.9073 271.2268 13.17651669211654
ONEWEB-0463             
1 51650U 22012AE  26151.04896061  .00000076  00000+0  16274-3 0  9998
2 51650  87.9144   9.2886 0001830  91.3830 268.7511 13.17649831211413
ONEWEB-0464             
1 51651U 22012AF  26151.23427273  .00000158  00000+0  41591-3 0  9996
2 51651  87.8843  39.6563 0001788  74.2717 285.8608 13.10370553207107
ONEWEB-0468             
1 51652U 22012AG  26151.24090313 -.00000118  00000+0 -37304-3 0  9994
2 51652  87.8841  39.6495 0001720  71.7350 288.3964 13.10370286207084
ONEWEB-0473             
1 51653U 22012AH  26151.22597813  .00000575  00000+0  16102-2 0  9997
2 51653  87.8844  39.6538 0001886  78.2136 281.9202 13.10371694207081
ONEWEB-0474             
1 51654U 22012AJ  26151.21767904  .00000726  00000+0  20434-2 0  9998
2 51654  87.8854  39.6384 0001863  71.3648 288.7681 13.10374359207075
ONEWEB-0475             
1 51655U 22012AK  26151.51638654  .00000046  00000+0  86567-4 0  9997
2 51655  87.9144   9.1885 0001994  66.4685 293.6656 13.17649753211496
ONEWEB-0490             
1 54113U 22138A   26151.45488705  .00000061  00000+0  11915-3 0  9992
2 54113  87.9164 308.3008 0001638  93.0019 267.1301 13.19726932174626
ONEWEB-0492             
1 54114U 22138B   26151.48015698  .00000057  00000+0  11009-3 0  9992
2 54114  87.9155 308.2987 0001588  98.1082 262.0231 13.19726735174630
ONEWEB-0495             
1 54115U 22138C   26151.45804616  .00000026  00000+0  31602-4 0  9994
2 54115  87.9156 308.3056 0001257  80.6176 279.5099 13.19726730174611
ONEWEB-0497             
1 54116U 22138D   26151.47068171  .00000026  00000+0  31516-4 0  9999
2 54116  87.9158 308.2942 0001707  94.4763 265.6565 13.19726466174601
ONEWEB-0499             
1 54117U 22138E   26151.45411052  .00000083  00000+0  17389-3 0  9992
2 54117  87.9155 308.3076 0001691  87.7666 272.3660 13.19726264174615
ONEWEB-0500             
1 54118U 22138F   26151.45646190  .00000059  00000+0  11532-3 0  9993
2 54118  87.9164 308.2997 0001811  98.4146 261.7192 13.19727391174628
ONEWEB-0501             
1 54119U 22138G   26151.48648669  .00000021  00000+0  19075-4 0  9990
2 54119  87.9161 308.2938 0001569  87.1915 272.9397 13.19726968174608
ONEWEB-0502             
1 54120U 22138H   26151.47224825  .00000049  00000+0  90215-4 0  9990
2 54120  87.9164 308.2853 0001688  86.7515 273.3811 13.19727228174620
ONEWEB-0503             
1 54121U 22138J   26151.46120478  .00000070  00000+0  14235-3 0  9990
2 54121  87.9165 308.2928 0001997  90.3879 269.7483 13.19726812174613
ONEWEB-0504             
1 54122U 22138K   26151.44857035  .00000100  00000+0  21739-3 0  9996
2 54122  87.9164 308.3008 0001741  87.8025 272.3307 13.19726640174629
ONEWEB-0505             
1 54123U 22138L   26151.44542034  .00000063  00000+0  12409-3 0  9999
2 54123  87.9167 308.3030 0001531  80.5973 279.5332 13.19725615174603
ONEWEB-0506             
1 54124U 22138M   26151.42014094  .00000029  00000+0  40527-4 0  9993
2 54124  87.9162 308.3043 0001633  88.6457 271.4862 13.19726389174598
ONEWEB-0507             
1 54125U 22138N   26151.44067426  .00000074  00000+0  15318-3 0  9992
2 54125  87.9155 308.3138 0001618  92.2768 267.8550 13.19726720174643
ONEWEB-0508             
1 54126U 22138P   26151.43750340  .00000079  00000+0  16455-3 0  9994
2 54126  87.9153 308.3139 0001372  92.7183 267.4107 13.19727721174620
ONEWEB-0509             
1 54127U 22138Q   26151.48805895 -.00000042  00000+0 -13619-3 0  9997
2 54127  87.9166 308.2918 0001697  92.2985 267.8342 13.19726760174609
ONEWEB-0510             
1 54128U 22138R   26151.38977778  .00000068  00000+0  13532-3 0  9997
2 54128  87.9182 277.7844 0002359 103.0523 257.0873 13.20772298177063
ONEWEB-0511             
1 54129U 22138S   26151.48490606  .00000019  00000+0  16221-4 0  9994
2 54129  87.9160 308.2961 0001934  86.4480 273.6873 13.19725456174630
ONEWEB-0512             
1 54130U 22138T   26151.47698826 -.00000063  00000+0 -18887-3 0  9999
2 54130  87.9153 308.3033 0001643  83.6306 276.5013 13.19724073174607
ONEWEB-0513             
1 54131U 22138U   26151.48948255 -.00000015  00000+0 -69870-4 0  9991
2 54131  87.9161 308.2470 0001847  64.7746 295.3578 13.20267844174510
ONEWEB-0514             
1 54132U 22138V   26151.49279383 -.00000082  00000+0 -23696-3 0  9991
2 54132  87.9165 308.2925 0001919  95.5093 264.6258 13.19726771174620
ONEWEB-0515             
1 54133U 22138W   26151.37628751  .00000115  00000+0  25081-3 0  9991
2 54133  87.9186 277.7803 0002212 121.2331 238.9019 13.20772538177084
ONEWEB-0516             
1 54134U 22138X   26151.46751866  .00000127  00000+0  28426-3 0  9995
2 54134  87.9149 308.3049 0001642  96.0251 264.1069 13.19727068174622
ONEWEB-0517             
1 54135U 22138Y   26151.44698462  .00000046  00000+0  82795-4 0  9996
2 54135  87.9160 308.3010 0002053  89.7443 270.3925 13.19726850174621
ONEWEB-0518             
1 54136U 22138Z   26151.46597972  .00004348  00000+0  10826-1 0  9995
2 54136  87.9157 308.3077 0001447 103.5137 256.6157 13.19703016174625
ONEWEB-0519             
1 54137U 22138AA  26151.49122590  .00000029  00000+0  39230-4 0  9994
2 54137  87.9165 308.2918 0001945  90.7535 269.3820 13.19722875174633
ONEWEB-0520             
1 54138U 22138AB  26151.45015119  .00000075  00000+0  15552-3 0  9990
2 54138  87.9164 308.3008 0001572  90.1771 269.9542 13.19727021174619
ONEWEB-0521             
1 54139U 22138AC  26151.48331780  .00000030  00000+0  42688-4 0  9991
2 54139  87.9164 308.2827 0002034  92.5109 267.6256 13.19726174174562
ONEWEB-0522             
1 54140U 22138AD  26151.46278456  .00000046  00000+0  83321-4 0  9997
2 54140  87.9165 308.2891 0001694  90.7141 269.4186 13.19726616174601
ONEWEB-0523             
1 54141U 22138AE  26151.36281466  .00000082  00000+0  16894-3 0  9992
2 54141  87.9183 277.7938 0002598 110.6808 249.4604 13.20770370177086
ONEWEB-0524             
1 54142U 22138AF  26151.35271813  .00000045  00000+0  79713-4 0  9996
2 54142  87.9182 277.7926 0002022 127.0416 233.0903 13.20770212177088
ONEWEB-0525             
1 54143U 22138AG  26151.48172698  .00000027  00000+0  35264-4 0  9995
2 54143  87.9163 308.2935 0001418  91.1333 268.9962 13.19724436174629
ONEWEB-0526             
1 54144U 22138AH  26151.51492851  .00000033  00000+0  50349-4 0  9994
2 54144  87.9161 308.2869 0001715  97.1192 263.0136 13.19730564174609
ONEWEB-0529             
1 54145U 22138AJ  26151.44224312  .00000120  00000+0  26632-3 0  9996
2 54145  87.9151 308.3112 0001615  93.8897 266.2420 13.19727892174617
ONEWEB-0531             
1 54146U 22138AK  26151.41503032 -.00000098  00000+0 -27344-3 0  9990
2 54146  87.9182 277.7788 0002497 116.4504 243.6885 13.20772031177092
ONEWEB-0535             
1 54147U 22138AL  26151.47540655  .00000019  00000+0  16043-4 0  9995
2 54147  87.9162 308.2881 0002130  98.7583 261.3791 13.19724006174635
ONEWEB-0536             
1 54148U 22138AM  26151.40153819 -.00000018  00000+0 -75054-4 0  9999
2 54148  87.9173 277.8055 0002464 120.6808 239.4568 13.20770013177088
ONEWEB-0527             
1 54642U 22166A   26151.29043780  .00000065  00000+0  12590-3 0  9996
2 54642  87.9256 247.3569 0002006 101.6359 258.5000 13.21824843169304
ONEWEB-0528             
1 54643U 22166B   26151.29633457  .00000070  00000+0  13872-3 0  9993
2 54643  87.9256 247.3599 0001757  99.3321 260.8011 13.21826737169315
ONEWEB-0539             
1 54644U 22166C   26151.25934020  .00000034  00000+0  51720-4 0  9995
2 54644  87.9263 247.3380 0002133  96.0428 264.0949 13.21826361169301
ONEWEB-0540             
1 54645U 22166D   26151.26620392  .00000057  00000+0  10588-3 0  9992
2 54645  87.9256 247.3679 0002084  97.4311 262.7060 13.21826038169294
ONEWEB-0542             
1 54646U 22166E   26151.26943338  .00000134  00000+0  29310-3 0  9990
2 54646  87.9263 247.3341 0002174  92.6412 267.4971 13.21826477169300
ONEWEB-0545             
1 54647U 22166F   26151.30980547  .00000017  00000+0  92437-5 0  9991
2 54647  87.9257 247.3396 0002422  91.4295 268.7116 13.21827165169272
ONEWEB-0580             
1 54648U 22166G   26151.28456705  .00000095  00000+0  19970-3 0  9998
2 54648  87.9256 247.3444 0002417  96.5064 263.6345 13.21826822169312
ONEWEB-0582             
1 54649U 22166H   26151.25092780  .00000032  00000+0  45685-4 0  9999
2 54649  87.9256 247.3438 0002397  93.3550 266.7858 13.21825772169280
ONEWEB-0583             
1 54650U 22166J   26151.26270389  .00000122  00000+0  26336-3 0  9996
2 54650  87.9250 247.3653 0002126 100.8691 259.2683 13.21826196169290
ONEWEB-0584             
1 54651U 22166K   26151.28286660  .00000125  00000+0  27143-3 0  9998
2 54651  87.9253 247.3464 0002136  99.3633 260.7743 13.21824752169282
ONEWEB-0585             
1 54652U 22166L   26151.30643954  .00000056  00000+0  10479-3 0  9992
2 54652  87.9258 247.3279 0001870 102.4436 257.6908 13.21824972169296
ONEWEB-0586             
1 54653U 22166M   26151.31987524 -.00000022  00000+0 -84371-4 0  9996
2 54653  87.9257 247.3514 0002122  96.0795 264.0581 13.21827486169297
ONEWEB-0587             
1 54654U 22166N   26151.25427686  .00000013  00000+0  26407-6 0  9994
2 54654  87.9266 247.3361 0001748 108.1686 251.9638 13.21827872169449
ONEWEB-0589             
1 54655U 22166P   26151.31651176 -.00000010  00000+0 -56144-4 0  9993
2 54655  87.9254 247.3383 0002809  91.0016 269.1440 13.21827970169314
ONEWEB-0590             
1 54656U 22166Q   26151.34162661 -.00000002  00000+0 -37390-4 0  9996
2 54656  87.9264 247.3216 0002337 109.5105 250.6281 13.21825650169301
ONEWEB-0591             
1 54657U 22166R   26151.27784466  .00000060  00000+0  11436-3 0  9996
2 54657  87.9255 247.3505 0002083 101.1084 259.0285 13.21825594169321
ONEWEB-0592             
1 54658U 22166S   26151.28120911  .00000152  00000+0  33618-3 0  9995
2 54658  87.9263 247.3262 0002008  99.5574 260.5787 13.21825657169203
ONEWEB-0593             
1 54659U 22166T   26151.30306454  .00000082  00000+0  16616-3 0  9998
2 54659  87.9256 247.3349 0002047  94.7037 265.4331 13.21827092169312
ONEWEB-0594             
1 54660U 22166U   26151.32323818  .00000006  00000+0 -16815-4 0  9994
2 54660  87.9255 247.3474 0001911 100.5304 259.6045 13.21827594169330
ONEWEB-0595             
1 54661U 22166V   26151.29970625  .00000027  00000+0  32996-4 0  9995
2 54661  87.9265 247.3318 0001907 106.1468 253.9876 13.21826191169305
ONEWEB-0596             
1 54662U 22166W   26151.27447832  .00000086  00000+0  17700-3 0  9993
2 54662  87.9255 247.3491 0001978 102.8147 257.3208 13.21825914169301
ONEWEB-0597             
1 54663U 22166X   26151.25597257  .00000018  00000+0  12293-4 0  9997
2 54663  87.9255 247.3560 0002073  96.9142 263.2228 13.21825574169304
ONEWEB-0600             
1 54664U 22166Y   26151.31315181 -.00000004  00000+0 -42266-4 0  9999
2 54664  87.9259 247.3364 0001914  93.2734 266.8619 13.21827528169282
ONEWEB-0601             
1 54665U 22166Z   26151.30473728 -.00000053  00000+0 -16070-3 0  9998
2 54665  87.9254 247.3537 0002204  95.9002 264.2383 13.21825155169475
ONEWEB-0602             
1 54666U 22166AA  26151.34595773 -.00000007  00000+0 -49545-4 0  9991
2 54666  87.9253 247.3519 0001895  91.4721 268.6630 13.21825327169327
ONEWEB-0603             
1 54667U 22166AB  26151.27616123  .00000028  00000+0  37039-4 0  9993
2 54667  87.9265 247.3212 0002033  96.8210 263.3156 13.21825511169249
ONEWEB-0604             
1 54668U 22166AC  26151.26438547  .00000031  00000+0  43978-4 0  9998
2 54668  87.9265 247.3388 0001932 101.0269 259.1082 13.21826600169201
ONEWEB-0605             
1 54669U 22166AD  26151.25765344  .00000025  00000+0  28858-4 0  9999
2 54669  87.9257 247.3551 0002632 100.4750 259.6681 13.21824527169274
ONEWEB-0606             
1 54670U 22166AE  26151.27952439  .00000093  00000+0  19426-3 0  9991
2 54670  87.9255 247.3632 0001858 103.0786 257.0555 13.21825718169333
ONEWEB-0607             
1 54671U 22166AF  26151.24586171  .00000026  00000+0  32334-4 0  9995
2 54671  87.9264 247.3399 0002006  94.4639 265.6724 13.21827766169305
ONEWEB-0608             
1 54672U 22166AG  26151.25260933  .00000052  00000+0  93823-4 0  9991
2 54672  87.9266 247.3344 0002495  94.0950 266.0469 13.21827259169311
ONEWEB-0610             
1 54673U 22166AH  26151.30810661  .00000025  00000+0  28683-4 0  9999
2 54673  87.9257 247.3395 0002470  88.3129 271.8288 13.21827127169222
ONEWEB-0611             
1 54674U 22166AJ  26151.30138113  .00000076  00000+0  15158-3 0  9993
2 54674  87.9256 247.3370 0001924 102.8765 257.2584 13.21826748169210
ONEWEB-0612             
1 54675U 22166AK  26151.31482860 -.00000106  00000+0 -28862-3 0  9998
2 54675  87.9268 247.3278 0002137  96.9527 263.1850 13.21824683169204
ONEWEB-0615             
1 54676U 22166AL  26151.29466416  .00000056  00000+0  10306-3 0  9991
2 54676  87.9258 247.3480 0001739 101.5380 258.5950 13.21825594169218
ONEWEB-0655             
1 54677U 22166AM  26151.27111419  .00000058  00000+0  10774-3 0  9991
2 54677  87.9256 247.3541 0001936  90.7347 269.4009 13.21825970169209
ONEWEB-0659             
1 54678U 22166AN  26151.28791628  .00000105  00000+0  22212-3 0  9992
2 54678  87.9255 247.3509 0002004 102.0444 258.0915 13.21827803169291
ONEWEB-0685             
1 54679U 22166AP  26151.28816894  .00000097  00000+0  20354-3 0  9991
2 54679  87.9252 247.3433 0002091  91.5532 268.5841 13.21819902169184
ONEWEB-0712             
1 54680U 22166AQ  26151.26468584  .00000041  00000+0  72923-4 0  9999
2 54680  87.9107 232.1339 0001852  85.2944 274.8398 13.16593228169836
ONEWEB-0714             
1 54681U 22166AR  26151.29296682  .00000097  00000+0  20287-3 0  9997
2 54681  87.9256 247.3396 0001941  93.1959 266.9397 13.21827661169306
ONEWEB-0532             
1 55140U 23004A   26151.55518508  .00000037  00000+0  61605-4 0  9997
2 55140  87.9144   9.1729 0002116  93.3197 266.8177 13.17647518165394
ONEWEB-0533             
1 55141U 23004B   26151.45652257  .00000142  00000+0  35837-3 0  9991
2 55141  87.8951 353.9985 0001954  83.2720 276.8631 13.12443706165869
ONEWEB-0541             
1 55142U 23004C   26151.16813457  .00000586  00000+0  16185-2 0  9997
2 55142  87.8911  24.4435 0001755  88.3968 271.7361 13.11418811163719
ONEWEB-0543             
1 55143U 23004D   26151.47104249  .00000054  00000+0  10309-3 0  9997
2 55143  87.9155 338.7974 0001682  84.1379 275.9945 13.18688705167490
ONEWEB-0544             
1 55144U 23004E   26151.46429711  .00000049  00000+0  90866-4 0  9992
2 55144  87.9155 338.7987 0001617  91.5378 268.5939 13.18685985167492
ONEWEB-0560             
1 55145U 23004F   26151.45755588  .00000068  00000+0  13982-3 0  9990
2 55145  87.9158 338.7894 0001553  89.3422 270.7888 13.18686206167504
ONEWEB-0565             
1 55146U 23004G   26151.45080267  .00000023  00000+0  24984-4 0  9992
2 55146  87.9147 338.8200 0001715 103.4270 256.7053 13.18686569167492
ONEWEB-0567             
1 55147U 23004H   26151.44406318  .00000045  00000+0  82482-4 0  9992
2 55147  87.9156 338.8042 0001587 100.0342 260.0969 13.18685910167490
ONEWEB-0569             
1 55148U 23004J   26151.47757845  .00000185  00000+0  47191-3 0  9992
2 55148  87.8951 323.5470 0000935 107.5761 252.5470 13.13468621167982
ONEWEB-0570             
1 55149U 23004K   26151.51150089  .00000018  00000+0  12989-4 0  9998
2 55149  87.9155 338.7888 0002136 101.2392 258.8981 13.18688348167494
ONEWEB-0571             
1 55150U 23004L   26151.50475606  .00000039  00000+0  65173-4 0  9990
2 55150  87.9152 338.7889 0001415 132.0753 228.0499 13.18688571167509
ONEWEB-0572             
1 55151U 23004M   26151.12993728  .00000099  00000+0  22107-3 0  9994
2 55151  87.9144   9.2586 0001733  93.6533 266.4797 13.17651577165236
ONEWEB-0573             
1 55152U 23004N   26151.49801750  .00000079  00000+0  16758-3 0  9991
2 55152  87.9155 338.7917 0001498 119.2362 240.8920 13.18687237167497
ONEWEB-0588             
1 55153U 23004P   26151.49126775  .00000028  00000+0  38641-4 0  9999
2 55153  87.9154 338.7937 0002116 102.7927 257.3442 13.18687015167497
ONEWEB-0598             
1 55154U 23004Q   26151.06977319  .00001820  00000+0  50973-2 0  9992
2 55154  87.8930  24.4736 0001747  84.7563 275.3764 13.11422408163656
ONEWEB-0599             
1 55155U 23004R   26151.54674765  .00000014  00000+0  20775-5 0  9999
2 55155  87.9144   9.1741 0001675  81.2775 278.8546 13.17647435165291
ONEWEB-0614             
1 55156U 23004S   26151.14098375 -.00000387  00000+0 -11283-2 0  9999
2 55156  87.8901  24.4695 0001998  84.7307 275.4048 13.11418374163602
ONEWEB-0616             
1 55157U 23004T   26151.51301441  .00000066  00000+0  13629-3 0  9991
2 55157  87.9146   9.1842 0001539  56.1392 303.9886 13.17649593165500
ONEWEB-0617             
1 55158U 23004U   26151.20541882 -.00000596  00000+0 -17175-2 0  9992
2 55158  87.8906  24.4477 0002298  91.5387 268.6004 13.11414264163638
ONEWEB-0618             
1 55159U 23004V   26151.06182051  .00005596  00000+0  31472-3 0  9996
2 55159  86.9101 184.5856 0012671  10.8946 349.2566 15.13001250179677
ONEWEB-0619             
1 55160U 23004W   26151.54507748  .00000005  00000+0 -20364-4 0  9995
2 55160  87.9153   9.1573 0002219  78.5947 281.5434 13.17650049165400
ONEWEB-0620             
1 55161U 23004X   26151.20032774 -.00000121  00000+0 -37597-3 0  9996
2 55161  87.8899  24.4577 0001672  92.5098 267.6222 13.11416471163609
ONEWEB-0621             
1 55162U 23004Y   26151.15116027 -.00000137  00000+0 -42330-3 0  9993
2 55162  87.8914  24.4548 0002062  83.8507 276.2856 13.11418455163577
ONEWEB-0622             
1 55163U 23004Z   26151.07995560  .00000110  00000+0  27407-3 0  9999
2 55163  87.8914  24.4712 0002312  99.4716 260.6673 13.11418228163554
ONEWEB-0623             
1 55164U 23004AA  26151.08438743  .00000111  00000+0  25298-3 0  9993
2 55164  87.9142   9.2809 0002612  89.0993 271.0437 13.17648885165334
ONEWEB-0624             
1 55165U 23004AB  26151.50511501 -.00000302  00000+0 -86839-3 0  9997
2 55165  87.8948 353.9062 0001896  87.7770 272.3575 13.12926883165888
ONEWEB-0625             
1 55166U 23004AC  26151.15020955  .00000073  00000+0  15383-3 0  9996
2 55166  87.9146   9.2630 0001805  82.4516 277.6821 13.17650557165331
ONEWEB-0626             
1 55167U 23004AD  26151.14009113 -.00002237  00000+0 -57962-2 0  9993
2 55167  87.9157   9.2653 0001759  83.4635 276.6696 13.17645651165338
ONEWEB-0627             
1 55168U 23004AE  26151.12825976  .00000059  00000+0  11807-3 0  9992
2 55168  87.9145   9.2676 0002343  90.0125 270.1275 13.17647978165335
ONEWEB-0628             
1 55169U 23004AF  26151.55662882  .00000398  00000+0  10699-2 0  9998
2 55169  87.8951 353.9606 0002486  87.5762 272.5651 13.12442937165852
ONEWEB-0629             
1 55170U 23004AG  26151.02786213  .00000101  00000+0  22780-3 0  9994
2 55170  87.9144   9.2839 0002069  79.6474 280.4891 13.17650212165325
ONEWEB-0631             
1 55171U 23004AH  26151.48452409  .00000019  00000+0  15112-4 0  9992
2 55171  87.9168 338.7601 0001891 106.8855 253.2485 13.18687731167479
ONEWEB-0709             
1 55172U 23004AJ  26151.19016234  .00000274  00000+0  73599-3 0  9998
2 55172  87.8899  24.4620 0001043 102.6912 257.4333 13.11416745163648
ONEWEB-0710             
1 55173U 23004AK  26151.04221019  .00000082  00000+0  17713-3 0  9995
2 55173  87.9144   9.2762 0001964  89.5549 270.5807 13.17649908165326
ONEWEB-0711             
1 55174U 23004AL  26151.08506191  .00000361  00000+0  98260-3 0  9993
2 55174  87.8904  24.4699 0002486  92.9846 267.1567 13.11418925163595
ONEWEB-0713             
1 55175U 23004AM  26151.17999779  .00000565  00000+0  15591-2 0  9993
2 55175  87.8904  24.4523 0002127  89.9534 270.1838 13.11416377163598
ONEWEB-0715             
1 55176U 23004AN  26151.17491307  .00000611  00000+0  16870-2 0  9991
2 55176  87.8905  24.4545 0001540 107.6832 252.4464 13.11417026163636
ONEWEB-0716             
1 55177U 23004AP  26151.03545973  .00000071  00000+0  14908-3 0  9997
2 55177  87.9145   9.2801 0001729  78.5777 281.5548 13.17649977165325
ONEWEB-0717             
1 55178U 23004AQ  26151.55013764  .00000037  00000+0  62595-4 0  9991
2 55178  87.9154   9.1641 0002273  96.7572 263.3819 13.17652328165443
ONEWEB-0719             
1 55179U 23004AR  26151.56026490  .00000054  00000+0  10596-3 0  9995
2 55179  87.9153   9.1425 0001896  80.0498 280.0848 13.17649904165394
ONEWEB-0530             
1 55796U 23029A   26151.42343295  .00000025  00000+0  29420-4 0  9992
2 55796  87.9172 277.8123 0002383  99.0338 261.1065 13.20770481158936
ONEWEB-0534             
1 55797U 23029B   26151.41164522 -.00000090  00000+0 -25429-3 0  9994
2 55797  87.9173 277.8150 0001820  97.8027 262.3313 13.20771087158936
ONEWEB-0556             
1 55798U 23029C   26151.34264598  .00000027  00000+0  34657-4 0  9993
2 55798  87.9172 277.8288 0002204  76.4578 283.6801 13.20772710158920
ONEWEB-0562             
1 55799U 23029D   26151.40490975 -.00000038  00000+0 -12512-3 0  9990
2 55799  87.9173 277.7967 0002676  89.5380 270.6060 13.20771808158935
ONEWEB-0563             
1 55800U 23029E   26151.39987676 -.00000094  00000+0 -26231-3 0  9995
2 55800  87.9171 277.8287 0001678  95.4824 264.6500 13.20771502158924
ONEWEB-0564             
1 55801U 23029F   26151.39313954  .00000033  00000+0  49530-4 0  9997
2 55801  87.9173 277.8025 0002248  94.5859 265.5531 13.20772979158933
ONEWEB-0638             
1 55802U 23029G   26151.41880013 -.00000164  00000+0 -47730-3 0  9992
2 55802  87.8939 293.0968 0002135  84.4982 275.6392 13.14502227157193
ONEWEB-0639             
1 55803U 23029H   26151.50385829 -.00000046  00000+0 -14617-3 0  9995
2 55803  87.9153 308.3013 0000840  85.9325 274.1903 13.19726315156701
ONEWEB-0640             
1 55804U 23029J   26151.42831377 -.00000138  00000+0 -40540-3 0  9997
2 55804  87.8938 293.0856 0001861  76.3111 283.8226 13.14502039157210
ONEWEB-0641             
1 55805U 23029K   26151.49910822  .00000016  00000+0  67054-5 0  9992
2 55805  87.9159 308.2902 0001642  97.2670 262.8650 13.19727140156716
ONEWEB-0642             
1 55806U 23029L   26151.41855648  .00000062  00000+0  12365-3 0  9993
2 55806  87.9153 308.3193 0001025 106.6986 253.4259 13.19726542156697
ONEWEB-0643             
1 55807U 23029M   26151.47431213  .00000046  00000+0  89157-4 0  9994
2 55807  87.8942 293.0641 0001310 115.6455 244.4810 13.14502135157193
ONEWEB-0644             
1 55808U 23029N   26151.48961928 -.00000080  00000+0 -23283-3 0  9994
2 55808  87.9152 308.3068 0001416  99.0872 261.0421 13.19726632156700
ONEWEB-0645             
1 55809U 23029P   26151.51174131 -.00000082  00000+0 -23797-3 0  9993
2 55809  87.9152 308.2994 0001468  82.2104 277.9196 13.19727166156705
ONEWEB-0646             
1 55810U 23029Q   26151.45331492  .00000047  00000+0  83977-4 0  9999
2 55810  87.9153 308.3112 0001514  98.2952 261.8352 13.19726391156683
ONEWEB-0648             
1 55811U 23029R   26151.44258661  .00000001  00000+0 -31040-4 0  9990
2 55811  87.8950 293.0421 0001036  78.5969 281.5277 13.14504550157197
ONEWEB-0649             
1 55812U 23029S   26151.47857698  .00000051  00000+0  96030-4 0  9993
2 55812  87.9154 308.3039 0001554  90.0031 270.1279 13.19726702156728
ONEWEB-0650             
1 55813U 23029T   26151.47384244  .00000060  00000+0  11709-3 0  9995
2 55813  87.9152 308.3073 0001335  97.1192 263.0093 13.19726389156690
ONEWEB-0652             
1 55814U 23029U   26151.42355956 -.00000192  00000+0 -55344-3 0  9990
2 55814  87.8944 293.0537 0001981  99.2648 260.8706 13.14503479157167
ONEWEB-0653             
1 55815U 23029V   26151.40769686 -.00000076  00000+0 -24054-3 0  9993
2 55815  87.8948 293.0541 0001882  94.7613 265.3731 13.14502406157199
ONEWEB-0654             
1 55816U 23029W   26151.40294694  .00000052  00000+0  10535-3 0  9997
2 55816  87.8947 293.0515 0002196  96.2403 263.8977 13.14503223157219
ONEWEB-0656             
1 55817U 23029X   26151.38641249  .00000076  00000+0  15565-3 0  9991
2 55817  87.9185 277.7782 0002342  99.1571 260.9828 13.20772004158936
ONEWEB-0657             
1 55818U 23029Y   26151.46910595  .00000079  00000+0  16435-3 0  9994
2 55818  87.9153 308.3070 0002223 111.2894 248.8476 13.19726833156709
ONEWEB-0658             
1 55819U 23029Z   26151.46436552  .00000048  00000+0  88666-4 0  9993
2 55819  87.9165 308.2822 0001378  98.2433 261.8856 13.19726820156714
ONEWEB-0660             
1 55820U 23029AA  26151.38074470  .00000283  00000+0  72796-3 0  9990
2 55820  87.8954 293.0475 0001669  87.6631 272.4690 13.14502418157198
ONEWEB-0661             
1 55821U 23029AB  26151.41562984 -.00000148  00000+0 -43414-3 0  9994
2 55821  87.8941 293.0885 0001811  87.9268 272.2069 13.14502109157182
ONEWEB-0662             
1 55822U 23029AC  26151.45051523  .00000123  00000+0  29601-3 0  9994
2 55822  87.8936 293.0877 0001660  88.9655 271.1665 13.14501406157236
ONEWEB-0663             
1 55823U 23029AD  26151.42133071 -.00000032  00000+0 -11155-3 0  9997
2 55823  87.9187 277.8435 0001518  94.4800 265.6506 13.20868109158935
ONEWEB-0664             
1 55824U 23029AE  26151.37292135  .00000129  00000+0  28629-3 0  9998
2 55824  87.9169 277.8359 0002098  85.5576 274.5797 13.20771651158921
ONEWEB-0665             
1 55825U 23029AF  26151.41246201 -.00000134  00000+0 -39495-3 0  9998
2 55825  87.8940 293.0697 0001606  90.9515 269.1798 13.14502278157201
ONEWEB-0666             
1 55826U 23029AG  26151.36618704  .00000093  00000+0  19555-3 0  9991
2 55826  87.9171 277.8270 0002317 115.0112 245.1262 13.20769863158931
ONEWEB-0667             
1 55827U 23029AH  26151.36115649 -.00000002  00000+0 -36686-4 0  9999
2 55827  87.9190 277.7834 0001844  95.7076 264.4267 13.20772182158921
ONEWEB-0669             
1 55828U 23029AJ  26151.43185326  .00000077  00000+0  15681-3 0  9998
2 55828  87.9179 277.7817 0002439  94.9153 265.2258 13.20771209158937
ONEWEB-0670             
1 55829U 23029AK  26151.46637856  .00000280  00000+0  71998-3 0  9991
2 55829  87.8938 293.0764 0001922  85.6321 274.5028 13.14502190157236
ONEWEB-0671             
1 55830U 23029AL  26151.45961300  .00000037  00000+0  59636-4 0  9992
2 55830  87.9153 308.3100 0001711  89.9090 270.2239 13.19726933156692
ONEWEB-0672             
1 55831U 23029AM  26151.42679964  .00000004  00000+0 -21237-4 0  9993
2 55831  87.9185 277.7761 0002119 103.5189 256.6180 13.20770972158931
ONEWEB-0673             
1 55832U 23029AN  26151.51254372 -.00000026  00000+0 -98322-4 0  9990
2 55832  87.9167 308.2904 0001725  88.9402 271.1929 13.19725034156700
ONEWEB-0674             
1 55833U 23029AP  26151.43466900 -.00000150  00000+0 -43896-3 0  9997
2 55833  87.8937 293.0597 0001974  85.5652 274.5704 13.14502974157216
ONEWEB-0675             
1 55834U 23029AQ  26151.45172828  .00000017  00000+0  10395-4 0  9992
2 55834  87.9154 308.3131 0001838 105.0621 255.0715 13.19726796156711
ONEWEB-0720             
1 55835U 23029AR  26151.44382278  .00000111  00000+0  24393-3 0  9991
2 55835  87.9150 308.3142 0001541  94.4319 265.6989 13.19727477156634
ONEWEB-0537             
1 56046U 23043A   26151.24727325 -.00000003  00000+0 -40641-4 0  9993
2 56046  87.9105 232.1348 0002181 103.8997 256.2377 13.16593772156733
ONEWEB-0538             
1 56047U 23043B   26151.24094332 -.00000007  00000+0 -50676-4 0  9992
2 56047  87.9107 232.1383 0001923 106.4668 253.6674 13.16593939156749
ONEWEB-0546             
1 56048U 23043C   26151.22827976  .00000011  00000+0 -54008-5 0  9997
2 56048  87.9109 232.1406 0002600 108.4020 251.7393 13.16594228156733
ONEWEB-0547             
1 56049U 23043D   26151.29212176  .00000090  00000+0  18664-3 0  9997
2 56049  87.9258 247.3344 0001840 101.3748 258.7593 13.21824268155994
ONEWEB-0548             
1 56050U 23043E   26151.25282032  .00000005  00000+0 -19961-4 0  9992
2 56050  87.9104 232.1325 0002300  89.0250 271.1145 13.16595097156733
ONEWEB-0549             
1 56051U 23043F   26151.28623829  .00000125  00000+0  27068-3 0  9997
2 56051  87.9256 247.3436 0001811 110.0481 250.0848 13.21825185155993
ONEWEB-0550             
1 56052U 23043G   26151.27279343  .00000092  00000+0  19192-3 0  9997
2 56052  87.9255 247.3428 0002068  94.2029 265.9341 13.21825248155993
ONEWEB-0551             
1 56053U 23043H   26151.34656443 -.00000059  00000+0 -19164-3 0  9990
2 56053  87.8996 262.5821 0001651 107.2145 252.9166 13.15548434154185
ONEWEB-0552             
1 56054U 23043J   26151.26774693  .00000103  00000+0  21696-3 0  9991
2 56054  87.9253 247.3500 0001834  96.8506 263.2837 13.21827830155992
ONEWEB-0553             
1 56055U 23043K   26151.23460578  .00000009  00000+0 -88658-5 0  9992
2 56055  87.9106 232.1400 0002376 101.3603 258.7795 13.16594069156748
ONEWEB-0554             
1 56056U 23043L   26151.22194579  .00000148  00000+0  35435-3 0  9993
2 56056  87.9104 232.1517 0002236  94.0592 266.0795 13.16594005156726
ONEWEB-0555             
1 56057U 23043M   26151.25994323  .00000007  00000+0 -15544-4 0  9997
2 56057  87.9109 232.1315 0002584 106.1071 254.0345 13.16595587156736
ONEWEB-0557             
1 56058U 23043N   26151.27418343  .00000079  00000+0  17230-3 0  9994
2 56058  87.9104 232.1391 0003199  89.0525 271.0972 13.16592972156732
ONEWEB-0558             
1 56059U 23043P   26151.26101142  .00000087  00000+0  17912-3 0  9996
2 56059  87.9256 247.3460 0001897 110.3384 249.7954 13.21827003156004
ONEWEB-0559             
1 56060U 23043Q   26151.32492727  .00000035  00000+0  53488-4 0  9999
2 56060  87.9260 247.3276 0001774 101.4868 258.6465 13.21826393156027
ONEWEB-0566             
1 56061U 23043R   26151.24251505  .00000027  00000+0  33084-4 0  9999
2 56061  87.9261 247.3426 0001668 102.5230 257.6090 13.21825924155990
ONEWEB-0568             
1 56062U 23043S   26151.21560860  .00000133  00000+0  31412-3 0  9994
2 56062  87.9104 232.1410 0002316 103.2117 256.9273 13.16593671156749
ONEWEB-0574             
1 56063U 23043T   26151.31147517  .00000066  00000+0  12809-3 0  9990
2 56063  87.9267 247.3303 0002170  96.1918 263.9463 13.21826737156046
ONEWEB-0575             
1 56064U 23043U   26151.28527275  .00000082  00000+0  18033-3 0  9993
2 56064  87.9104 232.1238 0002433  94.6080 265.5329 13.16593231156741
ONEWEB-0576             
1 56065U 23043V   26151.26626425 -.00000005  00000+0 -46770-4 0  9996
2 56065  87.9107 232.1343 0002240  96.4233 263.7153 13.16592721156735
ONEWEB-0577             
1 56066U 23043W   26151.27259973  .00000052  00000+0  10110-3 0  9996
2 56066  87.9106 232.1308 0002672  87.3648 272.7788 13.16592627156766
ONEWEB-0578             
1 56067U 23043X   26151.29803128  .00000083  00000+0  16934-3 0  9990
2 56067  87.9260 247.3321 0002304 104.1062 256.0328 13.21825705156005
ONEWEB-0579             
1 56068U 23043Y   26151.28962022  .00000090  00000+0  18737-3 0  9990
2 56068  87.9264 247.3297 0001789  96.1323 264.0015 13.21825377156016
ONEWEB-0581             
1 56069U 23043Z   26151.27893597  .00000080  00000+0  17452-3 0  9992
2 56069  87.9103 232.1414 0002457  87.7569 272.3843 13.16595660156736
ONEWEB-0609             
1 56070U 23043AA  26151.37271125  .00000101  00000+0  23300-3 0  9995
2 56070  87.8995 262.5621 0001904 102.9086 257.2257 13.15547668154220
ONEWEB-0613             
1 56071U 23043AB  26151.29427900  .00000164  00000+0  40285-3 0  9991
2 56071  87.8994 262.5896 0001641 100.2536 259.8780 13.15549116154211
ONEWEB-0630             
1 56072U 23043AC  26151.36557560  .00000111  00000+0  25981-3 0  9994
2 56072  87.8997 262.5465 0001672  98.9590 261.1730 13.15549981154215
ONEWEB-0632             
1 56073U 23043AD  26151.36082786  .00000102  00000+0  23638-3 0  9995
2 56073  87.8995 262.5658 0002006  95.6001 264.5358 13.15547611154212
ONEWEB-0633             
1 56074U 23043AE  26151.35447531  .00000005  00000+0 -21150-4 0  9999
2 56074  87.9004 262.5410 0001527 105.5992 254.5306 13.15549619154197
ONEWEB-0634             
1 56075U 23043AF  26151.34022682 -.00000105  00000+0 -31269-3 0  9998
2 56075  87.8995 262.5856 0002078 108.7298 251.4058 13.15547358154183
ONEWEB-0635             
1 56076U 23043AG  26151.33547800 -.00000089  00000+0 -27066-3 0  9993
2 56076  87.9005 262.5475 0002084  94.0624 266.0745 13.15549492154211
ONEWEB-0636             
1 56077U 23043AH  26151.32755788 -.00000061  00000+0 -19642-3 0  9990
2 56077  87.9000 262.5567 0002081  95.9371 264.1996 13.15548177154198
ONEWEB-0637             
1 56078U 23043AJ  26151.32121970  .00000027  00000+0  36344-4 0  9990
2 56078  87.8999 262.5752 0002246 102.1397 257.9985 13.15548406154219
ONEWEB-0647             
1 56079U 23043AK  26151.31646738  .00000078  00000+0  17247-3 0  9990
2 56079  87.8998 262.5884 0001869  95.6911 264.4433 13.15547785154202
ONEWEB-0651             
1 56080U 23043AL  26151.53988385  .00000228  00000+0  57285-3 0  9996
2 56080  87.8996 262.5378 0002155  97.8486 262.2889 13.15548277155434
ONEWEB-0718             
1 56081U 23043AM  26151.30695490  .00000194  00000+0  48076-3 0  9994
2 56081  87.8997 262.5647 0002009 115.2670 244.8668 13.15550461154217
ONEWEB-0561             
1 56710U 23068A   26151.37965179  .00000101  00000+0  21564-3 0  9992
2 56710  87.9182 277.7934 0001963  87.7626 272.3732 13.20770345147280
ONEWEB-0668             
1 56711U 23068B   26151.25360116  .00000028  00000+0  39482-4 0  9997
2 56711  87.9106 232.1342 0002423 108.8421 251.2973 13.16593027149555
ONEWEB-0676             
1 56712U 23068C   26151.26151735  .00000033  00000+0  53554-4 0  9996
2 56712  87.9107 232.1384 0002245  92.1586 267.9802 13.16595927149479
ONEWEB-0677             
1 56713U 23068D   26151.36786674  .00000095  00000+0  20181-3 0  9991
2 56713  87.9180 277.7873 0002333  98.8393 261.3004 13.20772625147585
ONEWEB-0678             
1 56714U 23068E   26151.35131501 -.00000023  00000+0 -94497-4 0  9999
2 56714  87.9005 262.5460 0001690  94.7254 265.4069 13.15547309147075
ONEWEB-0679             
1 56715U 23068F   26151.22035459  .00000136  00000+0  32174-3 0  9997
2 56715  87.9111 232.1382 0002604 101.1737 258.9686 13.16593934149491
ONEWEB-0680             
1 56716U 23068G   26151.29129969  .00000078  00000+0  15835-3 0  9995
2 56716  87.9265 247.3311 0002504 108.4044 251.7362 13.21827046148864
ONEWEB-0681             
1 56717U 23068H   26151.27194730  .00000070  00000+0  13904-3 0  9999
2 56717  87.9260 247.3372 0002587  78.9645 281.1780 13.21825928148853
ONEWEB-0682             
1 56718U 23068J   26151.37509442  .00000142  00000+0  34435-3 0  9993
2 56718  87.9003 262.5424 0002369 108.0107 252.1281 13.15547501147249
ONEWEB-0683             
1 56719U 23068K   26151.32280547  .00000004  00000+0 -22824-4 0  9999
2 56719  87.9005 262.5518 0002078 107.6297 252.5061 13.15548134147207
ONEWEB-0684             
1 56720U 23068L   26151.33071689 -.00000100  00000+0 -29903-3 0  9999
2 56720  87.9002 262.5405 0000600 111.2214 248.8980 13.15547105147036
ONEWEB-0686             
1 56721U 23068M   26151.25677410  .00000038  00000+0  64840-4 0  9993
2 56721  87.9096 232.1558 0001973 109.2682 250.8663 13.16594199149480
ONEWEB-0694             
1 56722U 23068N   26151.26310603  .00000010  00000+0 -68378-5 0  9995
2 56722  87.9118 232.1161 0002464 108.7580 251.3818 13.16594877149541
ONEWEB-0696             
1 56723U 23068P   26151.36401360  .00000036  00000+0  60774-4 0  9996
2 56723  87.8994 262.5742 0001832  93.6093 266.5247 13.15550155147153
ONEWEB-0703             
1 56724U 23068Q   26151.37350529  .00000217  00000+0  54354-3 0  9995
2 56724  87.8996 262.5530 0001645  74.4206 285.7106 13.15548139147040
ONEWEB-0721             
1 56725U 23068R   26151.34355166  .00000049  00000+0  83292-4 0  9992
2 56725  86.6762  90.8914 0001965  79.9382 280.1973 13.22468034155714
ONEWEB-0015             
1 61594U 24188A   26151.14268344 -.00000424  00000+0 -12335-2 0  9992
2 61594  87.8904  24.4850 0002359  82.5584 277.5812 13.11417873 82229
ONEWEB-0687             
1 61595U 24188B   26151.14514213  .00000103  00000+0  23269-3 0  9993
2 61595  87.9142   9.2674 0002249  95.6812 264.4576 13.17651281 83656
ONEWEB-0688             
1 61596U 24188C   26151.09788277  .00000042  00000+0  76260-4 0  9993
2 61596  87.9145   9.2761 0003065  81.3420 278.8058 13.17652071 83642
ONEWEB-0689             
1 61597U 24188D   26151.17660998  .00000567  00000+0  15633-2 0  9999
2 61597  87.8921  24.4335 0001868  93.3200 266.8141 13.11416940 82228
ONEWEB-0690             
1 61598U 24188E   26151.56826813  .00000383  00000+0  10444-2 0  9994
2 61598  87.8910  24.3688 0001664  63.4240 296.7058 13.11416129 82456
ONEWEB-0691             
1 61599U 24188F   26151.18169434  .00000488  00000+0  13413-2 0  9997
2 61599  87.8919  24.3530 0002196  83.4626 276.6752 13.11415117 82255
ONEWEB-0692             
1 61600U 24188G   26151.20202796 -.00000304  00000+0 -89270-3 0  9996
2 61600  87.8900  24.4650 0001279 108.6979 251.4288 13.11415829 82248
ONEWEB-0693             
1 61601U 24188H   26151.56531772  .00000035  00000+0  56295-4 0  9996
2 61601  87.9135   9.2039 0001886  60.8164 299.3156 13.17650859 83696
ONEWEB-0695             
1 61602U 24188J   26151.17829782  .00000496  00000+0  13626-2 0  9995
2 61602  87.8902  24.4613 0001669 100.4135 259.7181 13.11415943 82237
ONEWEB-0697             
1 61603U 24188K   26151.13420618 -.00000432  00000+0 -12550-2 0  9994
2 61603  87.8901  24.4604 0001147 100.7814 259.3443 13.11416853 82211
ONEWEB-0698             
1 61604U 24188L   26151.56995338  .00000317  00000+0  85907-3 0  9995
2 61604  87.8898  24.3882 0000755  59.9309 300.1894 13.11415683 82295
ONEWEB-0699             
1 61605U 24188M   26151.18777815 -.00000516  00000+0 -15132-2 0  9997
2 61605  87.8851  39.6517 0001190  89.2947 270.8317 13.10376009 81083
ONEWEB-0700             
1 61606U 24188N   26151.18943854 -.00000346  00000+0 -10280-2 0  9996
2 61606  87.8866  39.5565 0001433 101.2635 258.8654 13.10376570 81073
ONEWEB-0701             
1 61607U 24188P   26151.20605522  .00000482  00000+0  13440-2 0  9997
2 61607  87.8857  39.6456 0001024  96.5922 263.5322 13.10376257 81083
ONEWEB-0702             
1 61608U 24188Q   26151.08166446  .00000200  00000+0  52929-3 0  9995
2 61608  87.8923  24.3880 0001244 116.7223 243.4032 13.11419205 82249
ONEWEB-0704             
1 61609U 24188R   26151.19443031 -.00000128  00000+0 -40388-3 0  9993
2 61609  87.8864  39.6361 0001435 118.0557 242.0716 13.10377846 81060
ONEWEB-0705             
1 61610U 24188S   26151.19939882  .00000072  00000+0  17116-3 0  9998
2 61610  87.8861  39.6413 0002259 108.8228 251.3144 13.10377943 73230
ONEWEB-0706             
1 61611U 24188T   26151.18445712 -.00000709  00000+0 -20667-2 0  9995
2 61611  87.8855  39.6505 0001628 101.0815 259.0496 13.10374788 81151
ONEWEB-0707             
1 61612U 24188U   26151.19109925 -.00000304  00000+0 -90628-3 0  9996
2 61612  87.8857  39.6422 0001553  97.3356 262.7948 13.10377804 81094
ONEWEB-0708             
1 61613U 24188V   26151.20937929  .00000611  00000+0  17144-2 0  9992
2 61613  87.8845  39.6588 0002239  91.3924 268.7460 13.10376364 81075
