ONEWEB-0012             
1 44057U 19010A   26099.39993121  .00000044  00000+0  81591-4 0  9999
2 44057  87.9049 242.4523 0001941 112.5667 247.5669 13.16593351342515
ONEWEB-0010             
1 44058U 19010B   26099.65325554 -.00000017  00000+0 -77437-4 0  9994
2 44058  87.9053 242.3975 0002024  91.6277 268.5086 13.16592955342591
ONEWEB-0008             
1 44059U 19010C   26099.45059412  .00000146  00000+0  34767-3 0  9999
2 44059  87.9051 242.4346 0001602 100.8478 259.2833 13.16593872342686
ONEWEB-0007             
1 44060U 19010D   26099.43110682 -.00000109  00000+0 -32468-3 0  9993
2 44060  87.8930 272.9425 0002093  96.9999 263.1370 13.15547869342333
ONEWEB-0006             
1 44061U 19010E   26099.43506432 -.00000080  00000+0 -24744-3 0  9992
2 44061  87.8942 272.8989 0001930  91.1735 268.9616 13.15549359342382
ONEWEB-0011             
1 44062U 19010F   26099.47942292  .00000115  00000+0  27119-3 0  9991
2 44062  87.8946 272.8987 0001695  87.4534 272.6790 13.15549494342383
ONEWEB-0013             
1 45131U 20008A   26099.62933370 -.00000671  00000+0 -19845-2 0  9997
2 45131  87.8486  66.6530 0001932 113.4610 246.6720 13.09452442297092
ONEWEB-0017             
1 45132U 20008B   26099.58339371 -.00000560  00000+0 -16406-2 0  9991
2 45132  87.8825  49.9202 0002075  75.6475 284.4882 13.10374240298964
ONEWEB-0020             
1 45133U 20008C   26099.55351956  .00000407  00000+0  11295-2 0  9991
2 45133  87.8831  49.9193 0001914  81.1263 279.0081 13.10372375299351
ONEWEB-0021             
1 45134U 20008D   26099.56844444 -.00000569  00000+0 -16677-2 0  9992
2 45134  87.8822  49.9386 0002011  82.7398 277.3958 13.10370129299664
ONEWEB-0023             
1 45136U 20008F   26099.57923981 -.00000677  00000+0 -19757-2 0  9991
2 45136  87.8825  49.9154 0001872  85.5793 274.5548 13.10372828299095
ONEWEB-0024             
1 45137U 20008G   26099.55186280  .00000477  00000+0  13295-2 0  9990
2 45137  87.8831  49.9091 0001902  80.3617 279.7725 13.10372552299251
ONEWEB-0025             
1 45138U 20008H   26099.54937655  .00000601  00000+0  16864-2 0  9994
2 45138  87.8835  49.8963 0001954  90.3676 269.7675 13.10370098299588
ONEWEB-0026             
1 45139U 20008J   26099.56777569  .00000478  00000+0  13121-2 0  9998
2 45139  87.8922  34.7055 0001947  73.8364 286.2979 13.11416725302117
ONEWEB-0028             
1 45140U 20008K   26099.37193292 -.00000281  00000+0 -82964-3 0  9990
2 45140  87.8905  34.7500 0001782  96.6840 263.4491 13.11413802299602
ONEWEB-0032             
1 45141U 20008L   26099.58503791 -.00000791  00000+0 -23038-2 0  9995
2 45141  87.8825  49.9211 0001796  95.2868 264.8464 13.10374472299312
ONEWEB-0033             
1 45142U 20008M   26099.56016429  .00000017  00000+0  11478-4 0  9997
2 45142  87.8817  49.9351 0002237  69.2515 290.8852 13.10369032299226
ONEWEB-0035             
1 45143U 20008N   26099.59086502 -.00000337  00000+0 -10028-2 0  9995
2 45143  87.8824  49.9271 0001969  77.5796 282.5552 13.10376887298950
ONEWEB-0036             
1 45144U 20008P   26099.60396931  .00000434  00000+0  12162-2 0  9995
2 45144  87.8844  49.9068 0001721  85.9182 274.2141 13.09822598299388
ONEWEB-0038             
1 45145U 20008Q   26099.34920643  .00000617  00000+0  17063-2 0  9998
2 45145  87.8925  34.7512 0003477  90.3618 269.7908 13.11415345301306
ONEWEB-0039             
1 45146U 20008R   26099.56347950 -.00000124  00000+0 -39039-3 0  9990
2 45146  87.8826  49.9214 0001820  97.1070 263.0264 13.10370729299179
ONEWEB-0040             
1 45147U 20008S   26099.55684661  .00000234  00000+0  63412-3 0  9995
2 45147  87.8824  49.9362 0001938  82.7013 277.4334 13.10370261298873
ONEWEB-0043             
1 45149U 20008U   26099.55849978  .00000183  00000+0  48720-3 0  9999
2 45149  87.8829  49.9204 0001782  98.9311 261.2018 13.10371595299199
ONEWEB-0044             
1 45150U 20008V   26099.35764887 -.00000446  00000+0 -13131-2 0  9995
2 45150  87.8840  49.9577 0001937  86.5393 273.5956 13.10374444299465
ONEWEB-0045             
1 45151U 20008W   26099.57287028  .00000408  00000+0  11159-2 0  9991
2 45151  87.8921  34.6930 0001910  82.5525 277.5820 13.11417388301413
ONEWEB-0047             
1 45152U 20008X   26099.58006214 -.00000787  00000+0 -22908-2 0  9995
2 45152  87.8831  49.9137 0002020  78.0622 282.0732 13.10373175299214
ONEWEB-0048             
1 45153U 20008Y   26099.57509238 -.00000554  00000+0 -16246-2 0  9999
2 45153  87.8823  49.9408 0001972  79.6773 280.4577 13.10371967298828
ONEWEB-0049             
1 45154U 20008Z   26099.57827120 -.00000730  00000+0 -21275-2 0  9997
2 45154  87.8827  49.9284 0001458  81.0661 279.0631 13.10373059299041
ONEWEB-0051             
1 45155U 20008AA  26099.57116139  .00000519  00000+0  14296-2 0  9997
2 45155  87.8921  34.7054 0001891  79.2847 280.8494 13.11416456302097
ONEWEB-0052             
1 45156U 20008AB  26099.66668981  .00025086  00000+0  71643-1 0  9999
2 45156  87.8850  49.8956 0001515  82.9720 235.4896 13.10363990  4949
ONEWEB-0053             
1 45157U 20008AC  26099.55518293  .00000339  00000+0  93567-3 0  9993
2 45157  87.8821  49.9418 0001636  95.8391 264.2923 13.10370526298920
ONEWEB-0054             
1 45158U 20008AD  26099.36094585 -.00000557  00000+0 -16319-2 0  9999
2 45158  87.8835  49.9574 0001829  79.4514 280.6820 13.10375633299011
ONEWEB-0056             
1 45159U 20008AE  26099.57094088 -.00000442  00000+0 -13017-2 0  9996
2 45159  87.8828  49.9151 0001746  77.4783 282.6540 13.10370146299193
ONEWEB-0057             
1 45160U 20008AF  26099.57854270 -.00000610  00000+0 -17825-2 0  9993
2 45160  87.8829  49.9226 0001619  95.2800 264.8513 13.10371473299361
ONEWEB-0058             
1 45161U 20008AG  26099.41255609 -.00000302  00000+0 -90019-3 0  9993
2 45161  87.8824  49.9643 0002140  80.1760 279.9609 13.10369777299411
ONEWEB-0059             
1 45162U 20008AH  26099.56181439 -.00000218  00000+0 -65996-3 0  9991
2 45162  87.8821  49.9347 0002005  86.3377 273.7980 13.10370228299330
ONEWEB-0062             
1 45163U 20008AJ  26099.35847620 -.00000413  00000+0 -12191-2 0  9995
2 45163  87.8835  49.9593 0002303  75.0621 285.0761 13.10374938299174
ONEWEB-0065             
1 45164U 20008AK  26099.61812897  .00000702  00000+0  19755-2 0  9995
2 45164  87.8829  49.9148 0001525  84.2029 275.9272 13.10373343298907
ONEWEB-0066             
1 45424U 20020A   26099.55589790 -.00000080  00000+0 -26142-3 0  9994
2 45424  87.8924  34.7107 0001990  83.0524 277.0830 13.11417908293682
ONEWEB-0067             
1 45425U 20020B   26099.51776359  .00000058  00000+0  12732-3 0  9993
2 45425  87.8927  34.6304 0001701  86.1075 274.0248 13.11418304293736
ONEWEB-0080             
1 45426U 20020C   26099.51704695  .00000064  00000+0  14540-3 0  9994
2 45426  87.8920  34.7112 0002141  73.7702 286.3661 13.11414299293707
ONEWEB-0090             
1 45427U 20020D   26099.54586119 -.00000334  00000+0 -97709-3 0  9997
2 45427  87.8925  34.7109 0001923  78.0725 282.0619 13.11417589293676
ONEWEB-0061             
1 45428U 20020E   26099.57781422  .00000619  00000+0  17114-2 0  9990
2 45428  87.8918  34.6901 0001920  79.1399 280.9945 13.11416112293630
ONEWEB-0081             
1 45429U 20020F   26099.55930272  .00000143  00000+0  36823-3 0  9999
2 45429  87.8910  34.7082 0001869  85.9223 274.2119 13.11419355293740
ONEWEB-0069             
1 45430U 20020G   26099.54826993 -.00000234  00000+0 -69675-3 0  9998
2 45430  87.8916  34.7052 0001816  81.7472 278.3862 13.11418048293677
ONEWEB-0031             
1 45431U 20020H   26099.52029168 -.00000020  00000+0 -92116-4 0  9996
2 45431  87.8908  34.7267 0002013  74.9925 285.1425 13.11414352293657
ONEWEB-0027             
1 45432U 20020J   26099.50769731 -.00000008  00000+0 -52598-4 0  9998
2 45432  87.9194  19.4856 0001858  67.2340 292.8987 13.17647256297314
ONEWEB-0064             
1 45433U 20020K   26099.51859679  .00000035  00000+0  63842-4 0  9993
2 45433  87.8907  34.7172 0001914  73.7975 286.3364 13.11414200293684
ONEWEB-0018             
1 45434U 20020L   26099.55080662 -.00000161  00000+0 -49106-3 0  9994
2 45434  87.8914  34.7098 0002191  83.9336 276.2042 13.11417629293636
ONEWEB-0083             
1 45435U 20020M   26099.54148968 -.00000386  00000+0 -11262-2 0  9998
2 45435  87.8920  34.7011 0001946  78.1718 281.9628 13.11419326293679
ONEWEB-0095             
1 45436U 20020N   26099.53229461 -.00000466  00000+0 -13499-2 0  9999
2 45436  87.8918  34.7108 0001278  60.8677 299.2579 13.11416105293673
ONEWEB-0092             
1 45437U 20020P   26099.58048947  .00000572  00000+0  15767-2 0  9999
2 45437  87.8919  34.7013 0001493  79.8363 280.2933 13.11417801293792
ONEWEB-0085             
1 45438U 20020Q   26099.54063135 -.00000393  00000+0 -11438-2 0  9996
2 45438  87.8917  34.7127 0001821  79.3909 280.7424 13.11416254293671
ONEWEB-0096             
1 45439U 20020R   26099.31344451 -.00000378  00000+0 -11011-2 0  9995
2 45439  87.8925  34.7476 0001860  81.5198 278.6141 13.11417831293636
ONEWEB-0037             
1 45440U 20020S   26099.37023815 -.00000112  00000+0 -35116-3 0  9990
2 45440  87.8926  34.7143 0001747  78.0943 282.0381 13.11414577293676
ONEWEB-0042             
1 45441U 20020T   26099.53201457 -.00000444  00000+0 -12882-2 0  9991
2 45441  87.8920  34.7015 0001844  82.2144 277.9194 13.11415439293669
ONEWEB-0098             
1 45442U 20020U   26099.52791813 -.00000327  00000+0 -95964-3 0  9994
2 45442  87.8919  34.7128 0001901  77.5749 282.5591 13.11417608293646
ONEWEB-0055             
1 45443U 20020V   26099.51097606  .00000346  00000+0  94140-3 0  9997
2 45443  87.8915  34.7165 0001908  77.5732 282.5610 13.11413796293616
ONEWEB-0093             
1 45444U 20020W   26099.56283113  .00000267  00000+0  71704-3 0  9996
2 45444  87.8919  34.6960 0001796  92.4234 267.7100 13.11419084293683
ONEWEB-0029             
1 45445U 20020X   26099.57879738  .00000579  00000+0  15973-2 0  9993
2 45445  87.8914  34.7040 0001917  83.0776 277.0570 13.11415744293663
ONEWEB-0068             
1 45446U 20020Y   26099.56255457  .00000320  00000+0  86835-3 0  9999
2 45446  87.8922  34.6992 0001930  84.5391 275.5957 13.11417892293604
ONEWEB-0046             
1 45447U 20020Z   26099.55420312  .00000021  00000+0  22888-4 0  9990
2 45447  87.8923  34.7078 0001661  84.7201 275.4117 13.11418133293612
ONEWEB-0063             
1 45448U 20020AA  26099.50673358  .00000466  00000+0  12782-2 0  9999
2 45448  87.8922  34.7149 0001611  79.3785 280.7525 13.11415108293692
ONEWEB-0019             
1 45449U 20020AB  26099.54558432 -.00000343  00000+0 -10026-2 0  9994
2 45449  87.8915  34.6981 0001982  75.3605 284.7743 13.11417512293547
ONEWEB-0094             
1 45450U 20020AC  26099.55664881  .00000033  00000+0  53012-4 0  9991
2 45450  87.9198  19.4740 0002057  81.3168 278.8197 13.17650346297273
ONEWEB-0087             
1 45451U 20020AD  26099.51676821  .00000107  00000+0  26698-3 0  9996
2 45451  87.8929  34.6817 0001996  86.7618 273.3738 13.11414023293584
ONEWEB-0082             
1 45452U 20020AE  26099.51351285  .00000204  00000+0  54063-3 0  9996
2 45452  87.8920  34.7043 0002009  84.7604 275.3753 13.11414065293672
ONEWEB-0050             
1 45453U 20020AF  26099.65038514  .00002513  00000+0  25769-3 0  9995
2 45453  88.9247 242.5227 0002917 172.0285 188.0991 14.90133828330178
ONEWEB-0034             
1 45454U 20020AG  26099.53469743 -.00000533  00000+0 -15384-2 0  9998
2 45454  87.8919  34.7035 0001862  78.8535 281.2803 13.11417812293592
ONEWEB-0060             
1 45455U 20020AH  26099.58218508  .00000508  00000+0  13971-2 0  9995
2 45455  87.8913  34.7033 0002631  97.8889 262.2538 13.11416911293552
ONEWEB-0086             
1 45456U 20020AJ  26099.56099089  .00000238  00000+0  63585-3 0  9992
2 45456  87.8922  34.6976 0002597  81.5777 278.5646 13.11417396293610
ONEWEB-0088             
1 45457U 20020AK  26099.53895041 -.00000504  00000+0 -14584-2 0  9994
2 45457  87.8933  34.6693 0001563  83.2407 276.8899 13.11418294293541
ONEWEB-0102             
1 47258U 20100A   26099.44426332 -.00000219  00000+0 -64365-3 0  9993
2 47258  87.9005   4.3328 0002042  79.0016 281.1343 13.12441108255715
ONEWEB-0109             
1 47259U 20100B   26099.52897499 -.00000399  00000+0 -11432-2 0  9994
2 47259  87.9014   4.2928 0001866  74.6436 285.4899 13.12442260255556
ONEWEB-0110             
1 47260U 20100C   26099.47985636  .00000319  00000+0  85102-3 0  9997
2 47260  87.9013   4.2873 0002045  81.5560 278.5800 13.12442328255719
ONEWEB-0111             
1 47261U 20100D   26099.43410417  .00000036  00000+0  65382-4 0  9999
2 47261  87.9014   4.3150 0001829  82.5095 277.6242 13.12441024255546
ONEWEB-0114             
1 47262U 20100E   26099.46459123 -.00000199  00000+0 -58900-3 0  9999
2 47262  87.9015   4.3048 0001675  71.1571 288.9740 13.12442230255500
ONEWEB-0117             
1 47263U 20100F   26099.15116920 -.00000336  00000+0 -96963-3 0  9995
2 47263  87.9012   4.3603 0001828  78.6011 281.5323 13.12441558255470
ONEWEB-0118             
1 47264U 20100G   26099.49001738  .00000391  00000+0  10513-2 0  9998
2 47264  87.9011   4.2958 0001481  73.2058 286.9233 13.12441412255714
ONEWEB-0119             
1 47265U 20100H   26099.43918521 -.00000086  00000+0 -27559-3 0  9992
2 47265  87.9003   4.3288 0001784  78.0824 282.0504 13.12440853255685
ONEWEB-0120             
1 47266U 20100J   26099.46303580 -.00000259  00000+0 -75407-3 0  9996
2 47266  87.9006   4.3247 0001787  75.4289 284.7037 13.12442032255718
ONEWEB-0121             
1 47267U 20100K   26099.45103807 -.00000407  00000+0 -11659-2 0  9999
2 47267  87.9017   4.3064 0001955  82.1772 277.9578 13.12440980255621
ONEWEB-0122             
1 47268U 20100L   26099.44511440 -.00000315  00000+0 -91235-3 0  9992
2 47268  87.9017   4.3108 0001931  75.2068 284.9274 13.12441414255530
ONEWEB-0123             
1 47269U 20100M   26099.44087591 -.00000152  00000+0 -45887-3 0  9999
2 47269  87.9004   4.3271 0001667  78.3020 281.8296 13.12440968255674
ONEWEB-0124             
1 47270U 20100N   26099.27824406  .00000156  00000+0  39790-3 0  9994
2 47270  87.9002   4.3636 0001789  83.0980 277.0352 13.12441041255530
ONEWEB-0125             
1 47271U 20100P   26099.48494206  .00000398  00000+0  10701-2 0  9997
2 47271  87.9016   4.2978 0001611  88.3097 271.8216 13.12442528255627
ONEWEB-0126             
1 47272U 20100Q   26099.27668915  .00000236  00000+0  62175-3 0  9999
2 47272  87.9007   4.3596 0001771  74.3047 285.8277 13.12440918255669
ONEWEB-0127             
1 47273U 20100R   26099.47138554  .00000046  00000+0  91181-4 0  9992
2 47273  87.9002   4.3230 0001832  74.3955 285.7375 13.12443261255714
ONEWEB-0128             
1 47274U 20100S   26099.26469772  .00000398  00000+0  10696-2 0  9999
2 47274  87.9004   4.3781 0002088  82.6659 277.4706 13.12441229255702
ONEWEB-0129             
1 47275U 20100T   26099.16812372  .00000152  00000+0  38792-3 0  9993
2 47275  87.9016   4.3637 0002147  46.8104 313.3203 13.12442118255620
ONEWEB-0130             
1 47276U 20100U   26099.42394615  .00000363  00000+0  97438-3 0  9994
2 47276  87.9015   4.3076 0001881  76.3674 283.7664 13.12441526255624
ONEWEB-0131             
1 47277U 20100V   26099.42055936  .00000501  00000+0  13575-2 0  9998
2 47277  87.9004   4.3341 0001835  78.1323 282.0011 13.12441409255660
ONEWEB-0132             
1 47278U 20100W   26099.14439897 -.00000344  00000+0 -99193-3 0  9998
2 47278  87.9007   4.3885 0001874  80.7378 279.3963 13.12441527255520
ONEWEB-0133             
1 47279U 20100X   26099.46615789 -.00000124  00000+0 -38067-3 0  9999
2 47279  87.9017   4.2930 0001947  81.0724 279.0625 13.12442861255728
ONEWEB-0134             
1 47280U 20100Y   26099.43579724  .00000024  00000+0  31476-4 0  9991
2 47280  87.9018   4.2963 0002040  74.8742 285.2612 13.12441100255698
ONEWEB-0135             
1 47281U 20100Z   26099.48324525  .00000275  00000+0  72885-3 0  9990
2 47281  87.9005   4.3185 0002139  76.7030 283.4337 13.12441998255725
ONEWEB-0136             
1 47282U 20100AA  26099.42564508  .00000249  00000+0  65753-3 0  9999
2 47282  87.9012   4.3058 0002071  72.9455 287.1901 13.12441225255649
ONEWEB-0137             
1 47283U 20100AB  26099.45951956 -.00000351  00000+0 -10106-2 0  9997
2 47283  87.9019   4.3056 0001668  79.1162 281.0154 13.12442255255557
ONEWEB-0138             
1 47284U 20100AC  26099.43749073 -.00000040  00000+0 -14535-3 0  9997
2 47284  87.9014   4.3182 0001937  73.4476 286.6865 13.12440532255632
ONEWEB-0139             
1 47285U 20100AD  26099.17335244  .00000331  00000+0  88576-3 0  9997
2 47285  87.9011   4.3576 0001815  77.6267 282.5065 13.12442396255677
ONEWEB-0140             
1 47286U 20100AE  26099.43241395  .00000118  00000+0  29151-3 0  9997
2 47286  87.9015   4.2957 0001919  82.1852 277.9494 13.12440634255677
ONEWEB-0141             
1 47287U 20100AF  26099.24931097  .00000251  00000+0  66139-3 0  9997
2 47287  87.9014   4.3377 0001478  77.4748 282.6546 13.12442540255630
ONEWEB-0142             
1 47288U 20100AG  26098.78029906 -.00000065  00000+0 -21490-3 0  9999
2 47288  87.9011   4.4548 0001598  66.5796 293.5501 13.12443204255566
ONEWEB-0143             
1 47289U 20100AH  26099.47646583  .00000194  00000+0  50362-3 0  9994
2 47289  87.9013   4.3134 0001769  78.8582 281.2746 13.12442587255634
ONEWEB-0144             
1 47290U 20100AJ  26099.44765701 -.00000344  00000+0 -99138-3 0  9990
2 47290  87.9017   4.2901 0001889  68.3963 291.7367 13.12444017255557
ONEWEB-0145             
1 47291U 20100AK  26099.41886641  .00000483  00000+0  13076-2 0  9993
2 47291  87.9007   4.3313 0001796  75.8445 284.2883 13.12440998255745
ONEWEB-0146             
1 47292U 20100AL  26099.49171442  .00000366  00000+0  98267-3 0  9994
2 47292  87.9013   4.3035 0001924  88.7889 271.3460 13.12441168255661
ONEWEB-0147             
1 47293U 20100AM  26099.45781228 -.00000301  00000+0 -87202-3 0  9998
2 47293  87.9019   4.2906 0001972  78.4712 281.6638 13.12441332255550
ONEWEB-0115             
1 48042U 21025A   26099.38734183  .00000084  00000+0  19446-3 0  9999
2 48042  87.9001 333.9205 0001767  83.9177 276.2153 13.13469029244561
ONEWEB-0152             
1 48043U 21025B   26099.17235392  .00000263  00000+0  68453-3 0  9996
2 48043  87.8994 333.9629 0001823  86.3190 273.8148 13.13468717244499
ONEWEB-0153             
1 48044U 21025C   26099.37887756 -.00000170  00000+0 -49917-3 0  9999
2 48044  87.8994 333.9264 0001688  79.2605 280.8714 13.13469429244517
ONEWEB-0154             
1 48045U 21025D   26099.37549408 -.00000161  00000+0 -47705-3 0  9992
2 48045  87.8993 333.9246 0001830  81.8465 278.2871 13.13469674244471
ONEWEB-0116             
1 48046U 21025E   26099.33824839  .00000283  00000+0  73916-3 0  9999
2 48046  87.9002 333.9227 0001785  85.6972 274.4361 13.13468351244616
ONEWEB-0150             
1 48047U 21025F   26098.62895279  .00000091  00000+0  21504-3 0  9990
2 48047  87.9006 334.0613 0001558  82.0506 278.0800 13.13469315244411
ONEWEB-0107             
1 48048U 21025G   26099.08770539  .00000298  00000+0  78063-3 0  9994
2 48048  87.9004 333.9652 0001659  73.0065 287.1246 13.13469388244452
ONEWEB-0101             
1 48049U 21025H   26099.35517036 -.00000091  00000+0 -28400-3 0  9999
2 48049  87.8989 333.9351 0001836  77.3599 282.7735 13.13468553244464
ONEWEB-0113             
1 48050U 21025J   26099.40278846  .00000207  00000+0  52859-3 0  9992
2 48050  87.9000 333.8421 0001791  93.5590 266.5745 13.13949910244573
ONEWEB-0112             
1 48051U 21025K   26099.39749797  .00000254  00000+0  66096-3 0  9999
2 48051  87.9002 333.9014 0001879  75.0945 285.0392 13.13469033244567
ONEWEB-0156             
1 48052U 21025L   26099.40596422  .00000336  00000+0  88465-3 0  9992
2 48052  87.9001 333.9104 0001615  78.9064 281.2247 13.13469295244544
ONEWEB-0161             
1 48053U 21025M   26099.38057046 -.00000137  00000+0 -41022-3 0  9993
2 48053  87.8991 333.9220 0001637  76.4852 283.6459 13.13469131244475
ONEWEB-0158             
1 48054U 21025N   26099.33993926  .00000347  00000+0  91425-3 0  9998
2 48054  87.9002 333.9235 0001977  87.1993 272.9362 13.13468985244591
ONEWEB-0157             
1 48055U 21025P   26099.36532294 -.00000245  00000+0 -70658-3 0  9993
2 48055  87.9001 333.9229 0001687  67.7954 292.3354 13.13468491244536
ONEWEB-0162             
1 48056U 21025Q   26099.34150763  .00000282  00000+0  73809-3 0  9999
2 48056  87.8999 333.9317 0001549  82.3261 277.8044 13.13469474244504
ONEWEB-0155             
1 48057U 21025R   26099.34840283  .00000113  00000+0  27522-3 0  9997
2 48057  87.8994 333.9274 0001822  76.2328 283.9004 13.13468242244643
ONEWEB-0149             
1 48058U 21025S   26099.37041216 -.00000230  00000+0 -66466-3 0  9992
2 48058  87.9002 333.9220 0001510  83.5731 276.5570 13.13469056244458
ONEWEB-0148             
1 48059U 21025T   26099.40935332  .00000332  00000+0  87547-3 0  9992
2 48059  87.8994 333.9266 0001129  78.6832 281.4424 13.13468511244583
ONEWEB-0160             
1 48060U 21025U   26099.35009779  .00000037  00000+0  65748-4 0  9997
2 48060  87.8996 333.9344 0002157 100.3423 259.7950 13.13470832244520
ONEWEB-0163             
1 48061U 21025V   26099.18250553  .00000341  00000+0  90014-3 0  9998
2 48061  87.8998 333.9611 0001685  71.4200 288.7112 13.13468875244623
ONEWEB-0159             
1 48062U 21025W   26099.40257934  .00000300  00000+0  78779-3 0  9993
2 48062  87.9005 333.9060 0001564  75.6193 284.5110 13.13469491244576
ONEWEB-0164             
1 48063U 21025X   26099.38395597 -.00000012  00000+0 -68591-4 0  9993
2 48063  87.9001 333.9162 0001814  83.4752 276.6584 13.13469066244555
ONEWEB-0167             
1 48064U 21025Y   26099.18335618  .00000370  00000+0  97893-3 0  9991
2 48064  87.8996 333.9725 0002220  68.1996 291.9370 13.13468453244513
ONEWEB-0166             
1 48065U 21025Z   26099.58709736 -.00000165  00000+0 -48627-3 0  9997
2 48065  87.8998 333.8572 0001528  80.2063 279.9238 13.13468262244646
ONEWEB-0151             
1 48066U 21025AA  26099.36024704 -.00000204  00000+0 -59305-3 0  9998
2 48066  87.8996 333.9263 0001863  79.6119 280.5220 13.13468606244550
ONEWEB-0170             
1 48067U 21025AB  26099.36872078 -.00000283  00000+0 -81057-3 0  9990
2 48067  87.8995 333.9262 0002174  85.9138 274.2240 13.13468927244510
ONEWEB-0168             
1 48068U 21025AC  26099.35348498  .00000027  00000+0  40395-4 0  9999
2 48068  87.9003 333.9227 0001641  74.9855 285.1456 13.13468955244527
ONEWEB-0173             
1 48069U 21025AD  26099.19266120  .00000140  00000+0  34877-3 0  9996
2 48069  87.8999 333.9605 0001833  69.3033 290.8293 13.13467918244744
ONEWEB-0171             
1 48070U 21025AE  26099.38226382 -.00000092  00000+0 -28577-3 0  9993
2 48070  87.8992 333.9328 0001837  81.0710 279.0627 13.13469130244588
ONEWEB-0172             
1 48071U 21025AF  26099.36194192 -.00000257  00000+0 -73913-3 0  9992
2 48071  87.8992 333.9248 0001834  76.9225 283.2109 13.13468879245471
ONEWEB-0174             
1 48072U 21025AG  26099.34332433  .00000184  00000+0  46964-3 0  9996
2 48072  87.8992 333.9294 0001584  79.7545 280.3763 13.13468486244793
ONEWEB-0175             
1 48073U 21025AH  26099.37378623 -.00000237  00000+0 -68459-3 0  9995
2 48073  87.9001 333.9016 0002070  80.0160 280.1202 13.13468660244450
ONEWEB-0177             
1 48074U 21025AJ  26099.38564479 -.00001521  00000+0 -42001-2 0  9994
2 48074  87.9007 333.9201 0001816  76.7683 283.3649 13.13475854244646
ONEWEB-0178             
1 48075U 21025AK  26099.40440913  .00000192  00000+0  49167-3 0  9996
2 48075  87.8980 333.9388 0001942  75.7909 284.3436 13.13468432244696
ONEWEB-0108             
1 48076U 21025AL  26099.36364132 -.00000204  00000+0 -59412-3 0  9990
2 48076  87.9005 333.9133 0001620  88.4073 271.7242 13.13469218244610
ONEWEB-0169             
1 48077U 21025AM  26099.39580671  .00000238  00000+0  61594-3 0  9991
2 48077  87.8994 333.9205 0001601  87.7012 272.4301 13.13468572243278
ONEWEB-0176             
1 48210U 21031A   26098.98791587 -.00000096  00000+0 -29287-3 0  9998
2 48210  87.8932 303.5124 0001765  84.9967 275.1364 13.14502175239229
ONEWEB-0184             
1 48211U 21031B   26099.49377969  .00000018  00000+0  12794-4 0  9998
2 48211  87.8945 303.4055 0002431  76.4270 283.7130 13.14500734239269
ONEWEB-0179             
1 48212U 21031C   26099.01289398  .00000076  00000+0  68382-4 0  9993
2 48212  87.8937 303.2129 0001179  45.1904 314.9354 13.71507123239319
ONEWEB-0180             
1 48213U 21031D   26099.49694991 -.00000004  00000+0 -45735-4 0  9995
2 48213  87.8938 303.4061 0001709  76.0550 284.0770 13.14501032239192
ONEWEB-0218             
1 48214U 21031E   26098.98633028 -.00000025  00000+0 -10280-3 0  9992
2 48214  87.8935 303.5062 0002258  64.4667 295.6696 13.14501583239288
ONEWEB-0209             
1 48215U 21031F   26098.97522319 -.00000197  00000+0 -56571-3 0  9995
2 48215  87.8927 303.5327 0001573  81.3865 278.7443 13.14501126239286
ONEWEB-0198             
1 48216U 21031G   26099.49233491  .00000099  00000+0  23166-3 0  9997
2 48216  87.8930 303.4298 0001790  72.8267 287.3059 13.14501398239469
ONEWEB-0189             
1 48217U 21031H   26098.97205131 -.00000158  00000+0 -46119-3 0  9991
2 48217  87.8934 303.5121 0001793  76.4106 283.7224 13.14500602239130
ONEWEB-0196             
1 48218U 21031J   26099.48269022  .00000195  00000+0  49106-3 0  9996
2 48218  87.8936 303.4207 0001690  81.8444 278.2877 13.14502474239208
ONEWEB-0183             
1 48219U 21031K   26099.00059859  .00000135  00000+0  32894-3 0  9990
2 48219  87.8933 303.5164 0001493  90.5992 269.5309 13.14502075239238
ONEWEB-0185             
1 48220U 21031L   26099.48347157  .00000151  00000+0  37227-3 0  9998
2 48220  87.8937 303.4069 0001294  81.8908 278.2368 13.14504044239225
ONEWEB-0187             
1 48221U 21031M   26099.46351009  .00000153  00000+0  37820-3 0  9999
2 48221  87.8922 303.4390 0001573  79.7987 280.3320 13.14501184239235
ONEWEB-0192             
1 48222U 21031N   26098.97680719 -.00000184  00000+0 -53079-3 0  9998
2 48222  87.8920 303.5250 0001767  84.8076 275.3256 13.14500993239083
ONEWEB-0219             
1 48223U 21031P   26099.48902465  .00000109  00000+0  25919-3 0  9998
2 48223  87.8935 303.4110 0001486  81.6953 278.4346 13.14501722239356
ONEWEB-0202             
1 48224U 21031Q   26099.47000329  .00000230  00000+0  58617-3 0  9992
2 48224  87.8936 303.4240 0002192  72.9567 287.1803 13.14502848239334
ONEWEB-0204             
1 48225U 21031R   26098.97126524 -.00000141  00000+0 -41351-3 0  9993
2 48225  87.8940 303.5183 0001415  92.7247 267.4044 13.14501867239168
ONEWEB-0205             
1 48226U 21031S   26099.47950920  .00000203  00000+0  51243-3 0  9993
2 48226  87.8935 303.4081 0001563  82.9176 277.2132 13.14501508239243
ONEWEB-0206             
1 48227U 21031T   26098.99586114 -.00000026  00000+0 -10430-3 0  9998
2 48227  87.8943 303.5069 0001787  94.2436 265.8898 13.14503688239134
ONEWEB-0182             
1 48228U 21031U   26098.99108535 -.00000078  00000+0 -24363-3 0  9993
2 48228  87.8936 303.5180 0001498  92.4360 267.6941 13.14501965239344
ONEWEB-0186             
1 48229U 21031V   26099.45889677  .00000106  00000+0  25181-3 0  9998
2 48229  87.8934 303.4126 0001648  84.1502 275.9816 13.14501884239359
ONEWEB-0181             
1 48230U 21031W   26098.97998418 -.00000156  00000+0 -45458-3 0  9996
2 48230  87.8923 303.5464 0001707  80.4854 279.6469 13.14500838239140
ONEWEB-0188             
1 48231U 21031X   26099.47475067  .00000206  00000+0  52222-3 0  9994
2 48231  87.8925 303.4458 0001663  87.5312 272.6008 13.14501297239112
ONEWEB-0220             
1 48232U 21031Y   26098.98156925 -.00000138  00000+0 -40642-3 0  9998
2 48232  87.8938 303.5072 0001511  82.5014 277.6288 13.14501915239310
ONEWEB-0165             
1 48233U 21031Z   26099.46683244  .00000189  00000+0  47510-3 0  9997
2 48233  87.8937 303.4273 0001816  77.0465 283.0867 13.14502213239337
ONEWEB-0199             
1 48234U 21031AA  26098.99427011  .00000011  00000+0 -52138-5 0  9992
2 48234  87.8942 303.5038 0001740  93.5578 266.5750 13.14502877239173
ONEWEB-0203             
1 48235U 21031AB  26098.98474613 -.00000122  00000+0 -36252-3 0  9993
2 48235  87.8947 303.5075 0001868  86.9455 273.1888 13.14501961239181
ONEWEB-0197             
1 48236U 21031AC  26099.49205610 -.00000007  00000+0 -52279-4 0  9990
2 48236  87.8931 303.4014 0001435  94.4038 265.7255 13.14500729239162
ONEWEB-0194             
1 48237U 21031AD  26099.47158096  .00000198  00000+0  50006-3 0  9998
2 48237  87.8934 303.4237 0001895  91.8293 268.3053 13.14501405239333
ONEWEB-0193             
1 48238U 21031AE  26099.48743705  .00000108  00000+0  25813-3 0  9996
2 48238  87.8933 303.4122 0002086  95.9469 264.1898 13.14501649239284
ONEWEB-0191             
1 48239U 21031AF  26099.49854990 -.00000075  00000+0 -23628-3 0  9994
2 48239  87.8936 303.4059 0001527  91.3375 268.7930 13.14501831239147
ONEWEB-0195             
1 48240U 21031AG  26099.47554891  .00000216  00000+0  54767-3 0  9994
2 48240  87.8949 303.4073 0001790  74.2452 285.8875 13.14501244239121
ONEWEB-0201             
1 48241U 21031AH  26099.46379312  .00000167  00000+0  41487-3 0  9997
2 48241  87.8927 303.4354 0001272  84.1465 275.9810 13.14502084239356
ONEWEB-0207             
1 48242U 21031AJ  26098.98712102 -.00000107  00000+0 -32420-3 0  9995
2 48242  87.8948 303.5066 0001413  86.6688 273.4603 13.14502149239201
ONEWEB-0208             
1 48243U 21031AK  26098.96889038 -.00000155  00000+0 -45181-3 0  9998
2 48243  87.8937 303.5212 0001817  78.2588 281.8746 13.14500970239219
ONEWEB-0200             
1 48244U 21031AL  26099.46523737  .00000153  00000+0  37921-3 0  9995
2 48244  87.8932 303.4100 0001676  83.8670 276.2651 13.14502170239203
ONEWEB-0217             
1 48245U 21031AM  26099.48109663  .00000172  00000+0  42988-3 0  9996
2 48245  87.8937 303.4078 0001813  76.4370 283.6961 13.14501812239153
ONEWEB-0211             
1 48767U 21045A   26099.46884998  .00000170  00000+0  41470-3 0  9992
2 48767  87.8939 272.8083 0002178  78.1769 281.9606 13.16193272235405
ONEWEB-0223             
1 48768U 21045B   26099.43743817 -.00000059  00000+0 -19112-3 0  9990
2 48768  87.8940 272.9043 0002133  88.3524 271.7851 13.15547108235362
ONEWEB-0230             
1 48769U 21045C   26099.48497655  .00000059  00000+0  12324-3 0  9998
2 48769  87.8932 272.9150 0001706  98.5559 261.5765 13.15547263235632
ONEWEB-0237             
1 48770U 21045D   26099.47388480  .00000173  00000+0  42416-3 0  9996
2 48770  87.8932 272.9189 0002036  94.3413 265.7950 13.15547258235351
ONEWEB-0235             
1 48771U 21045E   26099.44852568  .00000103  00000+0  24016-3 0  9996
2 48771  87.8940 272.9030 0002162  90.0020 270.1358 13.15547192235341
ONEWEB-0242             
1 48772U 21045F   26099.44218293  .00000016  00000+0  80285-5 0  9993
2 48772  87.8940 272.9001 0001948  96.8765 263.2587 13.15547566235387
ONEWEB-0241             
1 48773U 21045G   26099.42951280 -.00000074  00000+0 -22997-3 0  9992
2 48773  87.8930 272.9288 0002049  84.6774 275.4590 13.15546994235295
ONEWEB-0243             
1 48774U 21045H   26099.46121635  .00000138  00000+0  33239-3 0  9990
2 48774  87.8930 272.9340 0002258 100.4872 259.6513 13.15547724235328
ONEWEB-0222             
1 48775U 21045J   26099.44456053  .00000008  00000+0 -14126-4 0  9996
2 48775  87.8939 272.8996 0001883  90.8666 269.2680 13.15550572235361
ONEWEB-0244             
1 48776U 21045K   26099.47071622  .00000205  00000+0  51057-3 0  9996
2 48776  87.8941 272.8851 0001902  94.3041 265.8307 13.15547653235930
ONEWEB-0247             
1 48777U 21045L   26099.46755007  .00000172  00000+0  42371-3 0  9994
2 48777  87.8930 272.9275 0002598  95.8805 264.2622 13.15547359235370
ONEWEB-0245             
1 48778U 21045M   26099.46278523  .00000153  00000+0  37113-3 0  9995
2 48778  87.8939 272.9011 0001808  86.9426 273.1911 13.15547023235346
ONEWEB-0229             
1 48779U 21045N   26099.45803422  .00000162  00000+0  39663-3 0  9999
2 48779  87.8937 272.9004 0001905  96.9299 263.2048 13.15547501235379
ONEWEB-0228             
1 48780U 21045P   26099.49145780 -.00000038  00000+0 -13524-3 0  9993
2 48780  87.8950 272.8811 0001840  93.1029 267.0311 13.15547493235295
ONEWEB-0232             
1 48781U 21045Q   26099.46593957  .00002997  00000+0  79207-2 0  9997
2 48781  87.8949 272.8888 0001751  94.9339 265.1992 13.15573135235614
ONEWEB-0231             
1 48782U 21045R   26099.44377465 -.00000003  00000+0 -43348-4 0  9997
2 48782  87.8930 272.9141 0001989  90.3877 269.7481 13.15547270235308
ONEWEB-0234             
1 48783U 21045S   26099.48168010  .00000113  00000+0  26631-3 0  9991
2 48783  87.8936 272.8847 0001288  66.9494 293.1772 13.15549106235442
ONEWEB-0238             
1 48784U 21045T   26099.48194845  .00000119  00000+0  28288-3 0  9993
2 48784  87.8933 272.8781 0001451  81.9342 278.1952 13.15547944235348
ONEWEB-0240             
1 48785U 21045U   26099.42713021 -.00000387  00000+0 -10622-2 0  9992
2 48785  87.8947 272.8961 0001967  85.6585 274.4770 13.15548027235368
ONEWEB-0246             
1 48786U 21045V   26099.49764910 -.00000043  00000+0 -14736-3 0  9993
2 48786  87.8943 272.8890 0001876  96.6081 263.5263 13.15547450235240
ONEWEB-0210             
1 48787U 21045W   26099.47229443 -.00000007  00000+0 -52937-4 0  9995
2 48787  87.8945 272.8909 0002632 103.3204 256.8220 13.15548338235286
ONEWEB-0214             
1 48788U 21045X   26099.48101110  .00000121  00000+0  28700-3 0  9992
2 48788  87.8945 272.8854 0002056 103.0747 257.0613 13.15550377235257
ONEWEB-0221             
1 48789U 21045Y   26099.48814316  .00000015  00000+0  51281-5 0  9996
2 48789  87.8941 272.8930 0001931  91.8222 268.3129 13.15547435235340
ONEWEB-0213             
1 48790U 21045Z   26099.47704525  .00000143  00000+0  34635-3 0  9991
2 48790  87.8942 272.8994 0002091  94.1656 265.9713 13.15547296235402
ONEWEB-0212             
1 48791U 21045AA  26099.45407153  .00000090  00000+0  20434-3 0  9990
2 48791  87.8939 272.8984 0001693  93.0332 267.0992 13.15549868235391
ONEWEB-0227             
1 48792U 21045AB  26099.45328468  .00000186  00000+0  46003-3 0  9998
2 48792  87.8938 272.9005 0001824  92.1923 267.9416 13.15548289235349
ONEWEB-0226             
1 48793U 21045AC  26099.44693926  .00000042  00000+0  77471-4 0  9997
2 48793  87.8931 272.9086 0002060  97.3387 262.7977 13.15547392235312
ONEWEB-0224             
1 48794U 21045AD  26099.48655038  .00000048  00000+0  93867-4 0  9997
2 48794  87.8934 272.9369 0001937  66.9244 293.2091 13.15547092235241
ONEWEB-0233             
1 48795U 21045AE  26099.49118021  .00000062  00000+0  13132-3 0  9997
2 48795  87.8933 272.9442 0002015  88.6546 271.4815 13.15548188235268
ONEWEB-0190             
1 48796U 21045AF  26099.47863046  .00000115  00000+0  27155-3 0  9999
2 48796  87.8932 272.9083 0002461  90.9243 269.2170 13.15547321235339
ONEWEB-0236             
1 48797U 21045AG  26099.49605753 -.00000050  00000+0 -16583-3 0  9994
2 48797  87.8931 272.9157 0001615  92.8183 267.3133 13.15546835235220
ONEWEB-0248             
1 48798U 21045AH  26099.43269289 -.00000073  00000+0 -22728-3 0  9992
2 48798  87.8940 272.9047 0002113  84.2759 275.8613 13.15548237235378
ONEWEB-0225             
1 48799U 21045AJ  26099.45486280  .00000186  00000+0  46067-3 0  9992
2 48799  87.8930 272.9135 0002329  90.5050 269.6347 13.15547703235382
ONEWEB-0215             
1 48800U 21045AK  26099.42475956 -.00000090  00000+0 -27331-3 0  9999
2 48800  87.8943 272.8958 0002440  86.9741 273.1668 13.15546880235258
ONEWEB-0216             
1 48801U 21045AL  26099.43426912 -.00000048  00000+0 -16152-3 0  9991
2 48801  87.8937 272.9109 0001775  96.7931 263.3402 13.15547237235266
ONEWEB-0239             
1 48802U 21045AM  26099.43902110 -.00000042  00000+0 -14489-3 0  9996
2 48802  87.8928 272.9226 0002439  80.0795 280.0610 13.15547956235309
ONEWEB-0249             
1 48967U 21060A   26099.65563023 -.00000026  00000+0 -10272-3 0  9993
2 48967  87.9053 242.3945 0001810  96.8027 263.3310 13.16593820230594
ONEWEB-0250             
1 48968U 21060B   26099.40535011  .00000131  00000+0  26862-3 0  9990
2 48968  87.9053 240.4237 0001558  65.9836 294.1463 13.25829832231106
ONEWEB-0252             
1 48970U 21060D   26099.45851413  .00000125  00000+0  29323-3 0  9993
2 48970  87.9048 242.4259 0001937 106.5570 253.5774 13.16593561230613
ONEWEB-0253             
1 48971U 21060E   26099.44742104  .00000150  00000+0  35764-3 0  9993
2 48971  87.9053 242.4340 0001851  97.4833 262.6508 13.16593679230544
ONEWEB-0254             
1 48972U 21060F   26099.45693470  .00000126  00000+0  29690-3 0  9990
2 48972  87.9055 242.4279 0002004  91.7699 268.3661 13.16593989230543
ONEWEB-0255             
1 48973U 21060G   26099.64692893  .00000182  00000+0  44180-3 0  9993
2 48973  87.9053 242.3985 0001957  95.8799 264.2555 13.16596488230642
ONEWEB-0256             
1 48974U 21060H   26099.44504373  .00000069  00000+0  14749-3 0  9999
2 48974  87.9052 242.4461 0001698 103.7062 256.4258 13.16607402230581
ONEWEB-0257             
1 48975U 21060J   26099.40151602  .00000076  00000+0  16495-3 0  9997
2 48975  87.9054 242.4384 0001950  99.9184 260.2168 13.16593630230535
ONEWEB-0258             
1 48976U 21060K   26099.40309115  .00000058  00000+0  11716-3 0  9993
2 48976  87.9050 242.4491 0001792  97.6564 262.4770 13.16593869230540
ONEWEB-0259             
1 48977U 21060L   26099.62474656 -.00000066  00000+0 -20755-3 0  9995
2 48977  87.9056 242.4047 0001888  96.1003 264.0343 13.16593607230603
ONEWEB-0260             
1 48978U 21060M   26099.46404944  .00000194  00000+0  47410-3 0  9998
2 48978  87.9051 242.4424 0001923 112.6311 247.5024 13.16594312230565
ONEWEB-0261             
1 48979U 21060N   26099.66197025  .00000620  00000+0  15891-2 0  9991
2 48979  87.9047 242.4010 0002179  99.2069 260.9308 13.16592490230644
ONEWEB-0262             
1 48980U 21060P   26099.64216960  .00000052  00000+0  10239-3 0  9992
2 48980  87.9052 242.3890 0001843  90.7198 269.4145 13.16593608230604
ONEWEB-0263             
1 48981U 21060Q   26099.44584284  .00000066  00000+0  14026-3 0  9991
2 48981  87.9053 242.4395 0002108  95.5075 264.6297 13.16593597230544
ONEWEB-0264             
1 48982U 21060R   26099.63505651  .00000034  00000+0  55302-4 0  9992
2 48982  87.9051 242.4057 0001990 103.7823 256.3529 13.16594747230576
ONEWEB-0266             
1 48984U 21060T   26099.65641991  .00000000  00000+0 -32824-4 0  9992
2 48984  87.9053 242.3909 0001724  99.1948 260.9379 13.16594185230565
ONEWEB-0267             
1 48985U 21060U   26099.43951492  .00000081  00000+0  17799-3 0  9990
2 48985  87.9052 242.4299 0002023 100.5517 259.5842 13.16593806230546
ONEWEB-0268             
1 48986U 21060V   26099.63583872  .00000044  00000+0  80959-4 0  9994
2 48986  87.9052 242.4010 0001842 102.1518 257.9820 13.16593126230830
ONEWEB-0269             
1 48987U 21060W   26099.38884544  .00000108  00000+0  24958-3 0  9994
2 48987  87.9041 242.4607 0001693 106.6568 253.4749 13.16593588230573
ONEWEB-0270             
1 48988U 21060X   26099.63425564  .00000045  00000+0  84331-4 0  9998
2 48988  87.9051 242.4029 0002079  91.5966 268.5404 13.16593566230645
ONEWEB-0271             
1 48989U 21060Y   26099.39360322  .00000136  00000+0  32202-3 0  9992
2 48989  87.9055 242.4423 0002033  96.9053 263.2309 13.16594251230619
ONEWEB-0272             
1 48990U 21060Z   26099.64375022  .00000005  00000+0 -19642-4 0  9995
2 48990  87.9055 242.4033 0002035 106.5838 253.5516 13.16592746230595
ONEWEB-0273             
1 48991U 21060AA  26099.43793178  .00000015  00000+0  67143-5 0  9999
2 48991  87.9053 242.4424 0001930  97.3156 262.8194 13.16593035230543
ONEWEB-0274             
1 48992U 21060AB  26099.46324097 -.00002642  00000+0 -69451-2 0  9994
2 48992  87.9045 242.4469 0001903 108.9255 251.2082 13.16603841230582
ONEWEB-0275             
1 48993U 21060AC  26099.45217998  .00000138  00000+0  32623-3 0  9993
2 48993  87.9051 242.4317 0001870 101.5044 258.6297 13.16593627230512
ONEWEB-0276             
1 48994U 21060AD  26099.63741289  .00000023  00000+0  26073-4 0  9995
2 48994  87.9055 242.3957 0001867 105.6006 254.5331 13.16591793230555
ONEWEB-0277             
1 48995U 21060AE  26099.65008876  .00000003  00000+0 -26550-4 0  9995
2 48995  87.9044 242.4053 0001924  97.6142 262.5208 13.16593330230547
ONEWEB-0278             
1 48996U 21060AF  26099.64057937  .00000035  00000+0  58583-4 0  9992
2 48996  87.9053 242.3925 0001579  97.7982 262.3329 13.16592603230672
ONEWEB-0279             
1 48997U 21060AG  26099.64851019  .00000025  00000+0  32404-4 0  9999
2 48997  87.9052 242.3898 0002078 101.0528 259.0837 13.16594079230600
ONEWEB-0280             
1 48998U 21060AH  26099.43553869  .00000007  00000+0 -14749-4 0  9992
2 48998  87.9052 242.4367 0001791  88.8540 271.2796 13.16596014230511
ONEWEB-0281             
1 48999U 21060AJ  26099.44109823 -.00000055  00000+0 -17873-3 0  9995
2 48999  87.9052 242.4296 0001801 104.8335 255.2996 13.16593459230587
ONEWEB-0282             
1 49000U 21060AK  26099.39517841  .00000124  00000+0  29115-3 0  9993
2 49000  87.9052 242.4493 0001889  96.3056 263.8290 13.16593757230551
ONEWEB-0283             
1 49001U 21060AL  26099.46009492  .00000126  00000+0  29549-3 0  9993
2 49001  87.9051 242.4360 0001949  98.9083 261.2268 13.16593415230579
ONEWEB-0284             
1 49002U 21060AM  26099.45376723  .00000095  00000+0  21603-3 0  9995
2 49002  87.9051 242.4295 0001631  90.4499 269.6818 13.16593725230558
ONEWEB-0285             
1 49075U 21075A   26099.44680499 -.00000283  00000+0 -82145-3 0  9997
2 49075  87.9014   4.3136 0001841  77.3848 282.7487 13.12441128226199
ONEWEB-0286             
1 49076U 21075B   26099.42888826  .00000184  00000+0  47553-3 0  9992
2 49076  87.9003   4.3409 0001589  81.7999 278.3310 13.12440588225549
ONEWEB-0287             
1 49077U 21075C   26099.59628819  .00000033  00000+0  52888-4 0  9996
2 49077  87.9185  19.4895 0001375  79.8693 280.2594 13.17650879224590
ONEWEB-0288             
1 49078U 21075D   26099.48156575  .00000392  00000+0  10543-2 0  9998
2 49078  87.9012   4.3008 0001599  75.3859 284.7446 13.12444879226179
ONEWEB-0289             
1 49079U 21075E   26099.48309009  .00000082  00000+0  17716-3 0  9997
2 49079  87.9190  19.5256 0002003  67.2568 292.8776 13.17651354225154
ONEWEB-0290             
1 49080U 21075F   26099.53215551  .00000021  00000+0  21158-4 0  9992
2 49080  87.9192  19.4855 0002244  67.2753 292.8615 13.17652576224579
ONEWEB-0291             
1 49081U 21075G   26099.51697766  .00000047  00000+0  87258-4 0  9994
2 49081  87.9191  19.4968 0001550  69.7513 290.3785 13.17651403224562
ONEWEB-0293             
1 49082U 21075H   26099.46634583 -.00000122  00000+0 -34695-3 0  9999
2 49082  87.9183  19.5150 0001816  73.7646 286.3685 13.17649437224585
ONEWEB-0294             
1 49083U 21075J   26099.48833254  .00000454  00000+0  12274-2 0  9992
2 49083  87.9012   4.3023 0001928  68.9232 291.2103 13.12442169225566
ONEWEB-0295             
1 49084U 21075K   26099.46550794  .00000049  00000+0  93411-4 0  9990
2 49084  87.9185  19.5197 0001542  73.6984 286.4317 13.17649132224541
ONEWEB-0296             
1 49085U 21075L   26099.01055618 -.00000036  00000+0 -13539-3 0  9997
2 49085  87.9017   4.4015 0001518  70.5986 289.5307 13.12442000225509
ONEWEB-0297             
1 49086U 21075M   26099.49849056  .00000367  00000+0  98590-3 0  9992
2 49086  87.9002   4.3256 0001682  78.1203 282.0114 13.12441474226170
ONEWEB-0298             
1 49087U 21075N   26099.46988448  .00000098  00000+0  21906-3 0  9997
2 49087  87.9184  19.5160 0001750  83.0857 277.0474 13.17650610224574
ONEWEB-0299             
1 49088U 21075P   26099.47141535  .00000021  00000+0  19857-4 0  9996
2 49088  87.9194  19.4895 0001656  78.9839 281.1479 13.17651876224552
ONEWEB-0300             
1 49089U 21075Q   26099.49087749  .00000483  00000+0  13059-2 0  9993
2 49089  87.9015   4.2985 0001739  91.4406 268.6921 13.12443015226192
ONEWEB-0301             
1 49090U 21075R   26099.47477407  .00000140  00000+0  35349-3 0  9994
2 49090  87.9012   4.3015 0001915  90.0314 270.1034 13.12442973225559
ONEWEB-0302             
1 49091U 21075S   26099.46119982 -.00000268  00000+0 -78084-3 0  9991
2 49091  87.9013   4.3138 0001792  68.5068 291.6252 13.12442018225534
ONEWEB-0304             
1 49092U 21075T   26099.29422272  .00000141  00000+0  32898-3 0  9993
2 49092  87.9186  19.5531 0001663  77.6412 282.4906 13.17648798224500
ONEWEB-0305             
1 49093U 21075U   26099.28747535  .00000028  00000+0  37801-4 0  9999
2 49093  87.9192  19.5342 0001392  78.0638 282.0650 13.17649042224530
ONEWEB-0308             
1 49094U 21075V   26099.45442492 -.00000377  00000+0 -10823-2 0  9995
2 49094  87.9016   4.3077 0001803  78.6628 281.4703 13.12441377225545
ONEWEB-0309             
1 49095U 21075W   26099.51867504  .00000053  00000+0  10215-3 0  9993
2 49095  87.9183  19.5022 0001843  65.4366 294.6958 13.17649706224533
ONEWEB-0310             
1 49096U 21075X   26099.46969207  .00000065  00000+0  14530-3 0  9998
2 49096  87.9004   4.3329 0001816  78.4559 281.6773 13.12443773226170
ONEWEB-0311             
1 49097U 21075Y   26099.29759873  .00000171  00000+0  40602-3 0  9993
2 49097  87.9190  19.5418 0001379  85.3431 274.7858 13.17650770224553
ONEWEB-0312             
1 49098U 21075Z   26099.54060756  .00000079  00000+0  17138-3 0  9992
2 49098  87.9181  19.5088 0001535  70.6403 289.4894 13.17651469224567
ONEWEB-0313             
1 49099U 21075AA  26099.54552851 -.00000060  00000+0 -18739-3 0  9995
2 49099  87.9188  19.5145 0001700  78.9568 281.1755 13.17651858224552
ONEWEB-0314             
1 49100U 21075AB  26099.51190897  .00000068  00000+0  14318-3 0  9998
2 49100  87.9192  19.4862 0001479  70.4099 289.7192 13.17651186224524
ONEWEB-0315             
1 49101U 21075AC  26099.44257182 -.00000170  00000+0 -50913-3 0  9999
2 49101  87.9014   4.2967 0001494  87.9941 272.1359 13.12440909226158
ONEWEB-0316             
1 49102U 21075AD  26099.41475215 -.00000211  00000+0 -56785-3 0  9995
2 49102  87.9224 349.1331 0001694  81.9948 278.1376 13.18686278228144
ONEWEB-0317             
1 49103U 21075AE  26099.44595723 -.00000322  00000+0 -92964-3 0  9998
2 49103  87.9015   4.3187 0002394  67.3644 292.7738 13.12441283226175
ONEWEB-0318             
1 49104U 21075AF  26099.18382252 -.00000236  00000+0 -63245-3 0  9995
2 49104  87.9232 349.1743 0001513  85.7613 274.3692 13.18686168228072
ONEWEB-0319             
1 49105U 21075AG  26099.52709110 -.00000262  00000+0 -70788-3 0  9999
2 49105  87.9182  19.5056 0001401  94.3828 265.7464 13.17649843224561
ONEWEB-0323             
1 49106U 21075AH  26099.27486303  .00000226  00000+0  59169-3 0  9996
2 49106  87.9013   4.3344 0001247  89.1684 270.9587 13.12441586225516
ONEWEB-0329             
1 49107U 21075AJ  26099.53554459  .00000063  00000+0  12915-3 0  9991
2 49107  87.9184  19.5044 0001638  75.8135 284.3178 13.17651411224540
ONEWEB-0330             
1 49108U 21075AK  26099.48337760  .00000069  00000+0  14548-3 0  9990
2 49108  87.9187  19.5335 0001743  71.1028 289.0293 13.17649634224571
ONEWEB-0292             
1 49186U 21083A   26099.07247504 -.00000159  00000+0 -47017-3 0  9995
2 49186  87.8983 334.0089 0001596  86.6466 273.4846 13.13469493221852
ONEWEB-0303             
1 49187U 21083B   26099.40815404 -.00000242  00000+0 -64737-3 0  9994
2 49187  87.9228 349.1322 0001612  83.0167 277.1148 13.18685911220913
ONEWEB-0306             
1 49188U 21083C   26099.39827562  .00000037  00000+0  60802-4 0  9991
2 49188  87.9233 349.1183 0001935  76.2503 283.8844 13.18685820220951
ONEWEB-0307             
1 49189U 21083D   26099.37124561 -.00000251  00000+0 -72232-3 0  9998
2 49189  87.8993 333.9392 0001591  82.5759 277.5551 13.13468847221890
ONEWEB-0320             
1 49190U 21083E   26099.41880194  .00000108  00000+0  23824-3 0  9998
2 49190  87.9221 349.1394 0001714  79.8474 280.2851 13.19276751220911
ONEWEB-0321             
1 49191U 21083F   26099.48951400  .00000041  00000+0  69729-4 0  9996
2 49191  87.9136 288.1502 0001970  84.5188 275.6170 13.20772558227769
ONEWEB-0322             
1 49192U 21083G   26099.36702823 -.00000286  00000+0 -81722-3 0  9996
2 49192  87.8984 333.9444 0002166  82.1657 277.9718 13.13468641221884
ONEWEB-0324             
1 49193U 21083H   26099.08815300 -.00000366  00000+0 -96092-3 0  9996
2 49193  87.9234 349.1853 0001727  75.4028 284.7296 13.18685949220890
ONEWEB-0325             
1 49194U 21083J   26099.39496554 -.00000024  00000+0 -92345-4 0  9996
2 49194  87.9226 349.1390 0001772  82.0889 278.0444 13.18684904220944
ONEWEB-0326             
1 49195U 21083K   26099.40994505  .00000091  00000+0  19760-3 0  9999
2 49195  87.9232 349.1281 0001573  89.5692 270.5620 13.18690215220938
ONEWEB-0327             
1 49196U 21083L   26099.40967581  .00000115  00000+0  25812-3 0  9996
2 49196  87.9227 349.1379 0001631  94.4293 265.7025 13.18687796220955
ONEWEB-0328             
1 49197U 21083M   26099.58540539 -.00000159  00000+0 -47047-3 0  9990
2 49197  87.9001 333.8656 0001664  77.3506 282.7809 13.13468059221894
ONEWEB-0331             
1 49198U 21083N   26099.40321296  .00000104  00000+0  23065-3 0  9991
2 49198  87.9234 349.1228 0001409  82.8425 277.2868 13.18686545220942
ONEWEB-0333             
1 49199U 21083P   26099.35179344  .00000009  00000+0 -11406-4 0  9993
2 49199  87.8984 333.9452 0001711  82.9308 277.2016 13.13468344221879
ONEWEB-0334             
1 49200U 21083Q   26099.43112449 -.00000029  00000+0 -10449-3 0  9996
2 49200  87.9131 288.1772 0002691  86.3830 273.7611 13.20772852227710
ONEWEB-0335             
1 49201U 21083R   26099.19435372  .00000115  00000+0  27997-3 0  9993
2 49201  87.8990 333.9723 0001537  83.6975 276.4329 13.13468524221862
ONEWEB-0336             
1 49202U 21083S   26099.39411268  .00000283  00000+0  74036-3 0  9996
2 49202  87.8989 333.9288 0001289  82.4259 277.7016 13.13469191221883
ONEWEB-0337             
1 49203U 21083T   26099.40413947  .00000369  00000+0  97521-3 0  9994
2 49203  87.8983 333.9346 0001554  77.2843 282.8460 13.13469818221885
ONEWEB-0338             
1 49204U 21083U   26099.48162815  .00000069  00000+0  13676-3 0  9994
2 49204  87.9129 288.1719 0002070  88.6323 271.5048 13.20772843227748
ONEWEB-0339             
1 49205U 21083V   26099.41273212  .00000417  00000+0  11058-2 0  9990
2 49205  87.8996 333.9236 0001962  76.9235 283.2113 13.13468612221862
ONEWEB-0340             
1 49206U 21083W   26099.16237710 -.00000264  00000+0 -70159-3 0  9996
2 49206  87.9234 349.1761 0001653  81.4946 278.6373 13.18687384220878
ONEWEB-0341             
1 49207U 21083X   26099.39661098 -.00000057  00000+0 -17695-3 0  9998
2 49207  87.9227 349.1375 0001635  64.7152 295.4150 13.18685227220925
ONEWEB-0342             
1 49208U 21083Y   26099.48795418  .00000034  00000+0  51961-4 0  9991
2 49208  87.9139 288.1520 0001849  88.6753 271.4592 13.20771380227718
ONEWEB-0343             
1 49209U 21083Z   26099.40487550  .00000123  00000+0  27843-3 0  9999
2 49209  87.9234 349.1315 0001936  64.9752 295.1581 13.18686238220974
ONEWEB-0344             
1 49210U 21083AA  26099.40766258  .00000267  00000+0  69690-3 0  9991
2 49210  87.8982 333.9447 0001577  69.8680 290.2619 13.13468974221864
ONEWEB-0345             
1 49211U 21083AB  26099.39918783  .00000309  00000+0  81009-3 0  9997
2 49211  87.8991 333.9171 0001614  71.3190 288.8114 13.13469243221879
ONEWEB-0346             
1 49212U 21083AC  26099.17392813 -.00000241  00000+0 -64476-3 0  9990
2 49212  87.9223 349.1826 0001240  96.6884 263.4389 13.18686201220883
ONEWEB-0348             
1 49213U 21083AD  26099.47846983  .00000085  00000+0  17604-3 0  9991
2 49213  87.9140 288.1570 0001204  93.0393 267.0878 13.20772902227748
ONEWEB-0350             
1 49214U 21083AE  26099.40849946  .00000266  00000+0  69217-3 0  9995
2 49214  87.8997 333.9145 0001484  70.1800 289.9489 13.13472390221907
ONEWEB-0351             
1 49215U 21083AF  26099.47201400  .00000063  00000+0  12279-3 0  9991
2 49215  87.9141 288.1565 0002390  74.2825 285.8571 13.20773492227702
ONEWEB-0352             
1 49216U 21083AG  26098.62725636  .00000160  00000+0  40363-3 0  9993
2 49216  87.8995 334.0846 0002071  75.0518 285.0840 13.13470044221890
ONEWEB-0354             
1 49217U 21083AH  26099.49740724  .00000070  00000+0  14141-3 0  9990
2 49217  87.9141 288.1506 0001432  86.8028 273.3269 13.20772743227747
ONEWEB-0355             
1 49218U 21083AJ  26099.34177259  .00000273  00000+0  71385-3 0  9990
2 49218  87.8983 333.9509 0001774  74.0110 286.1215 13.13468306221862
ONEWEB-0357             
1 49219U 21083AK  26099.49425107  .00000022  00000+0  21803-4 0  9998
2 49219  87.9139 288.1459 0001819  86.3652 273.7689 13.20772380227747
ONEWEB-0332             
1 49279U 21090A   26099.48428086  .00000167  00000+0  41596-3 0  9990
2 49279  87.8938 303.4232 0001964  90.1450 269.9905 13.14502544218552
ONEWEB-0347             
1 49280U 21090B   26099.48478750  .00000038  00000+0  62405-4 0  9995
2 49280  87.9139 288.1567 0001965  96.6598 263.4759 13.20772603221971
ONEWEB-0349             
1 49281U 21090C   26099.44059926  .00000038  00000+0  61257-4 0  9996
2 49281  87.9140 288.1657 0001724  90.5337 269.5994 13.20772887220758
ONEWEB-0353             
1 49282U 21090D   26099.47633950  .00000244  00000+0  62347-3 0  9994
2 49282  87.8935 303.4189 0001949  90.5116 269.6237 13.14501547218557
ONEWEB-0356             
1 49283U 21090E   26099.43901493 -.00000023  00000+0 -88905-4 0  9997
2 49283  87.9139 288.1592 0001811 119.3904 240.7411 13.20772561220757
ONEWEB-0358             
1 49284U 21090F   26099.46901042  .00000083  00000+0  17133-3 0  9999
2 49284  87.9142 288.1564 0001616  93.0332 267.0986 13.20772658221484
ONEWEB-0359             
1 49285U 21090G   26099.46584154  .00000058  00000+0  11181-3 0  9990
2 49285  87.9138 288.1539 0001462  87.5391 272.5910 13.20772968221464
ONEWEB-0360             
1 49286U 21090H   26099.45638978  .00000042  00000+0  71627-4 0  9999
2 49286  87.9138 288.1622 0001609  87.3038 272.8279 13.20772218220779
ONEWEB-0361             
1 49287U 21090J   26099.43744108 -.00000045  00000+0 -14300-3 0  9990
2 49287  87.9142 288.1637 0001667  97.2011 262.9312 13.20772180221223
ONEWEB-0362             
1 49288U 21090K   26099.33556718  .00000066  00000+0  13345-3 0  9997
2 49288  87.9177 318.7081 0001824  76.6497 283.4840 13.19727738217832
ONEWEB-0363             
1 49289U 21090L   26099.45321895  .00000054  00000+0  10057-3 0  9991
2 49289  87.9139 288.1616 0001584 102.3031 257.8280 13.20773024221232
ONEWEB-0364             
1 49290U 21090M   26099.49109286 -.00000002  00000+0 -36604-4 0  9997
2 49290  87.9131 288.1650 0001697  89.8852 270.2476 13.20772463222377
ONEWEB-0365             
1 49291U 21090N   26099.34504265  .00000005  00000+0 -19266-4 0  9995
2 49291  87.9185 318.6888 0001848  83.7098 276.4245 13.19727486217348
ONEWEB-0366             
1 49292U 21090P   26099.47316943  .00000185  00000+0  46325-3 0  9997
2 49292  87.8925 303.4261 0001662  88.1057 272.0263 13.14501486218534
ONEWEB-0367             
1 49293U 21090Q   26099.45163794 -.00000063  00000+0 -18771-3 0  9991
2 49293  87.9141 288.1616 0001805  84.8683 275.2656 13.20772619220759
ONEWEB-0368             
1 49294U 21090R   26099.50048362  .00013049  00000+0  31994-1 0  9997
2 49294  87.9115 288.1733 0002387 124.0973 236.0387 13.20817136221915
ONEWEB-0369             
1 49295U 21090S   26099.34031000  .00000084  00000+0  17758-3 0  9990
2 49295  87.9177 318.7045 0001811  86.4069 273.7271 13.19727236217338
ONEWEB-0370             
1 49296U 21090T   26099.46111661  .00000065  00000+0  12910-3 0  9990
2 49296  87.9137 288.1605 0001616  81.9819 278.1497 13.20772320220792
ONEWEB-0371             
1 49297U 21090U   26099.34819992  .00000037  00000+0  60488-4 0  9993
2 49297  87.9177 318.6923 0001798  81.8868 278.2469 13.19727744217371
ONEWEB-0372             
1 49298U 21090V   26098.99538311  .00000016  00000+0  71454-5 0  9990
2 49298  87.9142 288.2544 0001842  91.0947 269.0397 13.20773422220701
ONEWEB-0373             
1 49299U 21090W   26099.47688101  .00000119  00000+0  26069-3 0  9992
2 49299  87.9135 288.1612 0001636  91.6424 268.4897 13.20773551221955
ONEWEB-0374             
1 49300U 21090X   26099.46048731  .00000141  00000+0  34511-3 0  9999
2 49300  87.8937 303.4152 0001452 109.6078 250.5208 13.14502812218539
ONEWEB-0375             
1 49301U 21090Y   26099.46426755  .00000058  00000+0  11076-3 0  9994
2 49301  87.9139 288.1533 0001368 106.8570 253.2714 13.20772738221459
ONEWEB-0376             
1 49302U 21090Z   26099.04336947  .00000001  00000+0 -29704-4 0  9999
2 49302  87.9188 318.7489 0001939  84.3305 275.8049 13.19724463217337
ONEWEB-0377             
1 49303U 21090AA  26099.45019521 -.00000627  00000+0 -15747-2 0  9996
2 49303  87.9144 288.1575 0001509  87.3414 272.7892 13.20773238221448
ONEWEB-0378             
1 49304U 21090AB  26099.47229086  .00000074  00000+0  15062-3 0  9993
2 49304  87.9136 288.1623 0001684  95.3154 264.8171 13.20772589220717
ONEWEB-0379             
1 49305U 21090AC  26098.84678250  .00000081  00000+0  18327-3 0  9990
2 49305  87.8938 303.5486 0001668  92.6973 267.4348 13.14501779218454
ONEWEB-0380             
1 49306U 21090AD  26099.34346573  .00000011  00000+0 -38435-5 0  9995
2 49306  87.9173 318.7010 0001493  84.6445 275.4858 13.19726692217349
ONEWEB-0381             
1 49307U 21090AE  26099.44691252  .00000045  00000+0  78454-4 0  9994
2 49307  87.9142 288.1628 0001576  98.8414 261.2898 13.20772231220754
ONEWEB-0382             
1 49308U 21090AF  26099.43428547  .00000012  00000+0 -24696-5 0  9994
2 49308  87.9138 288.1611 0001668 102.0026 258.1294 13.20772247220742
ONEWEB-0383             
1 49309U 21090AG  26098.99266772 -.00000036  00000+0 -13040-3 0  9991
2 49309  87.8943 303.5057 0001751  94.0212 266.1118 13.14501418218500
ONEWEB-0384             
1 49310U 21090AH  26097.90987603 -.00025146  00000+0 -62192-1 0  9995
2 49310  87.9122 288.5056 0003189  89.7115 270.4384 13.20615962220551
ONEWEB-0385             
1 49311U 21090AJ  26099.42638422 -.00000036  00000+0 -12106-3 0  9990
2 49311  87.9140 288.1672 0001652  97.5299 262.6022 13.20773152220722
ONEWEB-0386             
1 49312U 21090AK  26099.44374629  .00000048  00000+0  85926-4 0  9991
2 49312  87.9151 288.1502 0001740 100.2884 259.8446 13.20773223220746
ONEWEB-0387             
1 49313U 21090AL  26099.42795292 -.00001170  00000+0 -29088-2 0  9997
2 49313  87.9133 288.1861 0001400  93.2731 266.8563 13.20777184220748
ONEWEB-0388             
1 49314U 21090AM  26099.33872859  .00000065  00000+0  13125-3 0  9999
2 49314  87.9176 318.6993 0001690  89.5682 270.5645 13.19726398217338
ONEWEB-0389             
1 50469U 21132A   26099.47647236  .00000081  00000+0  17432-3 0  9996
2 50469  87.9181  19.5158 0001457  84.2847 275.8450 13.17650295209033
ONEWEB-0390             
1 50470U 21132B   26099.32629632  .00000092  00000+0  20389-3 0  9999
2 50470  87.9184  19.5461 0001785  70.9542 289.1782 13.17651327209014
ONEWEB-0391             
1 50471U 21132C   26099.32797475  .00000037  00000+0  61862-4 0  9992
2 50471  87.9184  19.5549 0000972  73.3816 286.7422 13.17650247209014
ONEWEB-0392             
1 50472U 21132D   26099.51022554  .00000062  00000+0  12743-3 0  9994
2 50472  87.9193  19.4818 0001430  82.5290 277.6004 13.17647695209075
ONEWEB-0393             
1 50473U 21132E   26099.48577000  .00000071  00000+0  15059-3 0  9995
2 50473  87.9184  19.5093 0001665  79.4243 280.7077 13.17649106209068
ONEWEB-0394             
1 50474U 21132F   26099.20197351  .00000125  00000+0  28487-3 0  9992
2 50474  87.9230 349.1552 0001620  84.9136 275.2181 13.18685642212500
ONEWEB-0395             
1 50475U 21132G   26099.57625957  .00000541  00000+0  14917-2 0  9995
2 50475  87.8904  34.7086 0001709  75.5003 284.6314 13.11417507206729
ONEWEB-0396             
1 50476U 21132H   26099.42300659  .00000038  00000+0  63776-4 0  9999
2 50476  87.9232 349.1235 0001654  83.0394 277.0926 13.18684594212574
ONEWEB-0397             
1 50477U 21132J   26099.43785096 -.00000012  00000+0 -62590-4 0  9990
2 50477  87.9232 349.1206 0001683  87.6792 272.4533 13.18685859212553
ONEWEB-0398             
1 50478U 21132K   26099.54403829 -.00000449  00000+0 -13027-2 0  9997
2 50478  87.8920  34.6988 0001851  69.4349 290.6978 13.11418861206618
ONEWEB-0399             
1 50479U 21132L   26099.53045531 -.00000445  00000+0 -12927-2 0  9993
2 50479  87.8920  34.7113 0001538  92.6106 267.5198 13.11414867206609
ONEWEB-0400             
1 50480U 21132M   26099.41640400 -.00000061  00000+0 -18720-3 0  9990
2 50480  87.9234 349.1149 0001741  74.3074 285.8250 13.18684360212545
ONEWEB-0401             
1 50481U 21132N   26099.38509269 -.00000766  00000+0 -19749-2 0  9997
2 50481  87.9232 349.1174 0001927  82.9622 277.1730 13.18692945212547
ONEWEB-0402             
1 50482U 21132P   26099.42465782 -.00000016  00000+0 -74122-4 0  9990
2 50482  87.9232 349.1003 0002101  92.1557 267.9816 13.18687198212573
ONEWEB-0403             
1 50483U 21132Q   26099.14589530  .00000043  00000+0  77536-4 0  9998
2 50483  87.9231 349.1789 0001631  80.3800 279.7516 13.18684859212491
ONEWEB-0404             
1 50484U 21132R   26099.51182181  .00000311  00000+0  84290-3 0  9993
2 50484  87.8904  34.7193 0001512  79.7664 280.3635 13.11415111206693
ONEWEB-0405             
1 50485U 21132S   26099.38836925  .00000076  00000+0  15952-3 0  9998
2 50485  87.9234 349.1149 0001809  63.3466 296.7851 13.18688559212922
ONEWEB-0406             
1 50486U 21132T   26099.45434185  .00000002  00000+0 -26813-4 0  9998
2 50486  87.9222 349.1243 0001326  85.1568 274.9716 13.18688510212569
ONEWEB-0407             
1 50487U 21132U   26099.14423896  .00000038  00000+0  63497-4 0  9999
2 50487  87.9233 349.1723 0001945  80.8079 279.3273 13.18688984212462
ONEWEB-0409             
1 50488U 21132V   26099.51012969  .00000448  00000+0  12281-2 0  9994
2 50488  87.8915  34.7028 0001555  76.2411 283.8890 13.11414517206583
ONEWEB-0412             
1 50489U 21132W   26099.43620114  .00000036  00000+0  57782-4 0  9993
2 50489  87.9221 349.1263 0001944  88.9439 271.1916 13.18689229212599
ONEWEB-0413             
1 50490U 21132X   26099.44114999 -.00000019  00000+0 -80979-4 0  9992
2 50490  87.9219 349.1279 0001976  85.0106 275.1252 13.18685692212530
ONEWEB-0414             
1 50491U 21132Y   26099.42630540  .00000052  00000+0  99731-4 0  9997
2 50491  87.9228 349.1056 0001742  86.3630 273.7701 13.18685096212565
ONEWEB-0417             
1 50492U 21132Z   26099.43455406 -.00000008  00000+0 -53341-4 0  9995
2 50492  87.9223 349.1294 0001501  79.8487 280.2815 13.18688006212546
ONEWEB-0418             
1 50493U 21132AA  26099.44432242  .00000013  00000+0  14637-5 0  9990
2 50493  87.9235 349.1205 0001346  79.5274 280.6010 13.18687606212603
ONEWEB-0419             
1 50494U 21132AB  26099.15908769  .00000008  00000+0 -12070-4 0  9994
2 50494  87.9233 349.1769 0001590  71.7810 288.3495 13.18686578212483
ONEWEB-0420             
1 50495U 21132AC  26099.20033204  .00000120  00000+0  27176-3 0  9990
2 50495  87.9223 349.1780 0001963  79.4934 280.6419 13.18686910212483
ONEWEB-0421             
1 50496U 21132AD  26099.42136563  .00000050  00000+0  94966-4 0  9991
2 50496  87.9232 349.1283 0001784  92.9284 267.2053 13.18684145212552
ONEWEB-0424             
1 50497U 21132AE  26098.92651710 -.00000002  00000+0 -36523-4 0  9996
2 50497  87.9236 349.2223 0001688  68.4309 291.7003 13.18685952212511
ONEWEB-0426             
1 50498U 21132AF  26099.41805344  .00000105  00000+0  23423-3 0  9992
2 50498  87.9234 349.1168 0001372 103.2510 256.8776 13.18689309212529
ONEWEB-0427             
1 50499U 21132AG  26099.38011293 -.00000276  00000+0 -73161-3 0  9996
2 50499  87.9235 349.1112 0001523  81.3233 278.8071 13.18685950212548
ONEWEB-0429             
1 50500U 21132AH  26099.21518358  .00000003  00000+0 -25551-4 0  9993
2 50500  87.9224 349.1740 0001859  79.4771 280.6571 13.18685617212493
ONEWEB-0430             
1 50501U 21132AJ  26099.43126612  .00000003  00000+0 -26137-4 0  9997
2 50501  87.9223 349.1291 0001883  73.4563 286.6776 13.18687179212560
ONEWEB-0432             
1 50502U 21132AK  26098.93425625  .00000048  00000+0  88223-4 0  9990
2 50502  87.9232 349.1978 0001343  59.2331 300.8933 13.18647553212453
ONEWEB-0440             
1 50503U 21132AL  26099.45106108  .00000060  00000+0  12018-3 0  9993
2 50503  87.9227 349.1162 0002064  88.5197 271.6171 13.18686105212511
ONEWEB-0450             
1 50504U 21132AM  26099.44460077  .00000017  00000+0  10598-4 0  9995
2 50504  87.9223 349.1296 0001984  76.6631 283.4722 13.18685412212543
ONEWEB-0410             
1 51622U 22012A   26099.34315148 -.00000300  00000+0 -80459-3 0  9991
2 51622  87.9196  19.5239 0000691 122.5002 237.6197 13.17649383204630
ONEWEB-0411             
1 51623U 22012B   26099.36760437  .00000048  00000+0  10165-3 0  9993
2 51623  87.8834  49.9564 0002220  67.1335 293.0026 13.10377198200278
ONEWEB-0415             
1 51624U 22012C   26099.36426957 -.00000065  00000+0 -22237-3 0  9994
2 51624  87.8832  49.9593 0001927  71.9846 288.1492 13.10374738200271
ONEWEB-0416             
1 51625U 22012D   26099.60498409  .00000353  00000+0  97358-3 0  9997
2 51625  87.8827  49.9313 0001738  66.3080 293.8230 13.10376628200345
ONEWEB-0422             
1 51626U 22012E   26099.50517269  .00000031  00000+0  45672-4 0  9999
2 51626  87.9191  19.4945 0002443  83.7193 276.4217 13.17648196204767
ONEWEB-0423             
1 51627U 22012F   26099.49841720  .00000095  00000+0  21109-3 0  9998
2 51627  87.9189  19.5047 0001874  81.7547 278.3797 13.17650892204655
ONEWEB-0425             
1 51628U 22012G   26099.61494405  .00000656  00000+0  18440-2 0  9993
2 51628  87.8835  49.9093 0001624  87.6805 272.4508 13.10375197200348
ONEWEB-0428             
1 51629U 22012H   26099.36593922 -.00000203  00000+0 -61826-3 0  9997
2 51629  87.8826  49.9694 0001947  80.8738 279.2609 13.10375690200271
ONEWEB-0431             
1 51630U 22012J   26099.41228663 -.00000262  00000+0 -78563-3 0  9993
2 51630  87.8832  49.9486 0002326  68.0528 292.0846 13.10370188200336
ONEWEB-0434             
1 51631U 22012K   26099.61839869  .00000651  00000+0  18283-2 0  9994
2 51631  87.8826  49.9334 0001469  97.6552 262.4742 13.10374608200342
ONEWEB-0435             
1 51632U 22012L   26099.55020745  .00000539  00000+0  15076-2 0  9995
2 51632  87.8822  49.9369 0002152  81.3561 278.7810 13.10374702200326
ONEWEB-0436             
1 51633U 22012M   26099.48998965  .00000059  00000+0  11806-3 0  9991
2 51633  87.9193  19.4852 0002063  78.1490 281.9873 13.17650019204632
ONEWEB-0438             
1 51634U 22012N   26099.60995739  .00000616  00000+0  17281-2 0  9993
2 51634  87.8829  49.9266 0001702  82.5188 277.6133 13.10376594200360
ONEWEB-0439             
1 51635U 22012P   26099.61330088  .00000649  00000+0  18238-2 0  9994
2 51635  87.8826  49.9143 0001909  83.8007 276.3338 13.10375298200346
ONEWEB-0442             
1 51636U 22012Q   26099.48238126  .00000083  00000+0  18088-3 0  9996
2 51636  87.9186  19.5234 0001216  83.7057 276.4213 13.17652758204620
ONEWEB-0443             
1 51637U 22012R   26099.50179018  .00000012  00000+0 -19724-5 0  9997
2 51637  87.9184  19.5220 0001910  89.3889 270.7461 13.17650765204673
ONEWEB-0444             
1 51638U 22012S   26099.60331455  .00000197  00000+0  52810-3 0  9998
2 51638  87.8827  49.9151 0001954  85.9268 274.2083 13.10373474200350
ONEWEB-0445             
1 51639U 22012T   26099.54858140  .00000607  00000+0  17020-2 0  9996
2 51639  87.8833  49.9083 0001975  74.5135 285.6210 13.10391229200358
ONEWEB-0446             
1 51640U 22012U   26099.60166132  .00000204  00000+0  54733-3 0  9994
2 51640  87.8827  49.9319 0001832  75.5879 284.5451 13.10377123200344
ONEWEB-0448             
1 51641U 22012V   26099.60668089  .00000607  00000+0  17013-2 0  9999
2 51641  87.8825  49.9286 0001869  81.5975 278.5364 13.10373958200315
ONEWEB-0449             
1 51642U 22012W   26099.61162132  .00000597  00000+0  16731-2 0  9993
2 51642  87.8837  49.9089 0001566  91.2567 268.8740 13.10376410200326
ONEWEB-0451             
1 51643U 22012X   26099.48661098  .00000070  00000+0  14674-3 0  9995
2 51643  87.9197  19.4812 0001648  83.0614 277.0705 13.17647996204612
ONEWEB-0452             
1 51644U 22012Y   26099.48491216  .00000064  00000+0  13065-3 0  9995
2 51644  87.9185  19.5252 0001793  88.3957 271.7380 13.17649124204624
ONEWEB-0456             
1 51646U 22012AA  26099.62159296  .00000663  00000+0  18620-2 0  9998
2 51646  87.8845  49.8890 0002054  81.4181 278.7180 13.10373010200369
ONEWEB-0457             
1 51647U 22012AB  26099.59833055  .00000039  00000+0  76592-4 0  9998
2 51647  87.8829  49.9199 0001522  70.8208 289.3084 13.10378064200361
ONEWEB-0458             
1 51648U 22012AC  26099.61992640  .00000746  00000+0  20994-2 0  9996
2 51648  87.8830  49.8982 0001838  85.8957 274.2380 13.10373431200321
ONEWEB-0461             
1 51649U 22012AD  26099.50685394  .00000018  00000+0  14464-4 0  9999
2 51649  87.9194  19.4922 0001750  75.5855 284.5471 13.17650871204848
ONEWEB-0463             
1 51650U 22012AE  26099.48828914  .00000035  00000+0  57142-4 0  9994
2 51650  87.9185  19.5253 0001745  74.4305 285.7019 13.17648875204628
ONEWEB-0464             
1 51651U 22012AF  26099.61661413  .00000693  00000+0  19487-2 0  9997
2 51651  87.8826  49.9258 0002132  85.7859 274.3512 13.10374276200343
ONEWEB-0468             
1 51652U 22012AG  26099.39417933  .00000637  00000+0  17882-2 0  9994
2 51652  87.8821  49.9644 0002168  85.6036 274.5339 13.10372302200294
ONEWEB-0473             
1 51653U 22012AH  26099.60830288  .00000489  00000+0  13658-2 0  9993
2 51653  87.8827  49.9232 0001918  84.1326 276.0020 13.10376632200320
ONEWEB-0474             
1 51654U 22012AJ  26099.59999501  .00000152  00000+0  39839-3 0  9993
2 51654  87.8836  49.9030 0002130  87.1155 273.0216 13.10374537200312
ONEWEB-0475             
1 51655U 22012AK  26099.50011002  .00000018  00000+0  12460-4 0  9999
2 51655  87.9185  19.5151 0002251  94.6723 265.4665 13.17648861204640
ONEWEB-0490             
1 54113U 22138A   26099.36873509 -.00000036  00000+0 -12211-3 0  9997
2 54113  87.9177 318.6866 0001938  84.2152 275.9201 13.19727982167757
ONEWEB-0492             
1 54114U 22138B   26099.01493128  .00000160  00000+0  36646-3 0  9999
2 54114  87.9175 318.7633 0001883  79.4037 280.7308 13.19727557167712
ONEWEB-0495             
1 54115U 22138C   26099.06862784 -.00000009  00000+0 -54499-4 0  9994
2 54115  87.9177 318.7546 0002451  85.2627 274.8785 13.19726968167707
ONEWEB-0497             
1 54116U 22138D   26099.00545216  .00000118  00000+0  26222-3 0  9998
2 54116  87.9177 318.7578 0001852  84.2367 275.8977 13.19727314167684
ONEWEB-0499             
1 54117U 22138E   26099.36795783  .00000085  00000+0  17889-3 0  9996
2 54117  87.9178 318.6963 0001857  90.5527 269.5818 13.19724594167744
ONEWEB-0500             
1 54118U 22138F   26099.37031552  .00000018  00000+0  12452-4 0  9993
2 54118  87.9176 318.6850 0001708  82.1103 278.0224 13.19727393167757
ONEWEB-0501             
1 54119U 22138G   26099.32451808  .00000105  00000+0  22886-3 0  9997
2 54119  87.9177 318.6949 0002087  86.7199 273.4173 13.19727232167725
ONEWEB-0502             
1 54120U 22138H   26099.00703159  .00000005  00000+0 -20326-4 0  9991
2 54120  87.9186 318.7452 0001964  89.8062 270.3296 13.19727142167703
ONEWEB-0503             
1 54121U 22138J   26098.99597339  .00000027  00000+0  34868-4 0  9999
2 54121  87.9190 318.7516 0001653  93.5832 266.5490 13.19727294167691
ONEWEB-0504             
1 54122U 22138K   26099.36242178 -.00000113  00000+0 -31429-3 0  9997
2 54122  87.9172 318.6859 0001945  90.9874 269.1482 13.19727313167751
ONEWEB-0505             
1 54123U 22138L   26099.35926638 -.00000049  00000+0 -15578-3 0  9992
2 54123  87.9186 318.6862 0002237  89.7703 270.3686 13.19725629167739
ONEWEB-0506             
1 54124U 22138M   26099.33399197  .00000074  00000+0  15318-3 0  9993
2 54124  87.9189 318.6886 0002015  87.8209 272.3155 13.19727264167722
ONEWEB-0507             
1 54125U 22138N   26099.35453125 -.00000011  00000+0 -60749-4 0  9990
2 54125  87.9174 318.7030 0001945  84.3515 275.7840 13.19726871167778
ONEWEB-0508             
1 54126U 22138P   26099.35136447  .00000014  00000+0  29825-5 0  9998
2 54126  87.9178 318.7027 0002208  81.6254 278.5129 13.19723288167750
ONEWEB-0509             
1 54127U 22138Q   26099.32608666  .00000095  00000+0  20487-3 0  9995
2 54127  87.9188 318.6903 0001852  85.1497 274.9847 13.19727666167724
ONEWEB-0510             
1 54128U 22138R   26099.49582730  .00000010  00000+0 -66873-5 0  9996
2 54128  87.9140 288.1490 0001238  92.1070 268.0206 13.20772842170217
ONEWEB-0511             
1 54129U 22138S   26099.32294700  .00000105  00000+0  23099-3 0  9991
2 54129  87.9189 318.6952 0001831  95.1863 264.9479 13.19725961167755
ONEWEB-0512             
1 54130U 22138T   26099.01177835  .00000105  00000+0  22962-3 0  9996
2 54130  87.9179 318.7678 0002049  90.8686 269.2682 13.19724656167685
ONEWEB-0513             
1 54131U 22138U   26099.34889361  .00009525  00000+0  23561-1 0  9996
2 54131  87.9186 318.6532 0002998  95.0760 265.0716 13.20217818167631
ONEWEB-0514             
1 54132U 22138V   26099.33083065  .00000059  00000+0  11575-3 0  9990
2 54132  87.9178 318.6937 0001573  85.5586 274.5727 13.19727204167742
ONEWEB-0515             
1 54133U 22138W   26099.48321311  .00000022  00000+0  21447-4 0  9996
2 54133  87.9146 288.1422 0001336  60.4174 299.7092 13.20771906170232
ONEWEB-0516             
1 54134U 22138X   26099.07812833  .00000003  00000+0 -25976-4 0  9997
2 54134  87.9179 318.7556 0001795  81.2145 278.9191 13.19726976167718
ONEWEB-0517             
1 54135U 22138Y   26099.36084478  .00000022  00000+0  22520-4 0  9998
2 54135  87.9178 318.6887 0001618  94.8813 265.2505 13.19727286167757
ONEWEB-0518             
1 54136U 22138Z   26099.00071384  .00000049  00000+0  90507-4 0  9991
2 54136  87.9176 318.7726 0001928  85.1288 275.0065 13.19726964167709
ONEWEB-0519             
1 54137U 22138AA  26099.32924439  .00000121  00000+0  26944-3 0  9999
2 54137  87.9188 318.6901 0001679  92.1745 267.9581 13.19728045167756
ONEWEB-0520             
1 54138U 22138AB  26099.36399859 -.00000083  00000+0 -24072-3 0  9995
2 54138  87.9176 318.6870 0002028  85.1678 274.9687 13.19727633167741
ONEWEB-0521             
1 54139U 22138AC  26099.16972576  .00000005  00000+0 -19761-4 0  9990
2 54139  87.9191 318.7119 0001557  91.0292 269.1019 13.19726733167666
ONEWEB-0522             
1 54140U 22138AD  26098.99754810  .00000031  00000+0  46227-4 0  9996
2 54140  87.9189 318.7479 0001892  86.8498 273.2851 13.19727294167681
ONEWEB-0523             
1 54141U 22138AE  26099.47058071  .00000085  00000+0  17803-3 0  9993
2 54141  87.9143 288.1586 0000972  85.1167 275.0077 13.20772806170230
ONEWEB-0524             
1 54142U 22138AF  26099.45954519  .00000023  00000+0  24846-4 0  9992
2 54142  87.9135 288.1578 0001622  59.6990 300.4304 13.20773721170239
ONEWEB-0525             
1 54143U 22138AG  26099.16814420  .00000101  00000+0  22024-3 0  9999
2 54143  87.9176 318.7253 0002021  84.9968 275.1396 13.19727364167724
ONEWEB-0526             
1 54144U 22138AH  26099.35294408 -.00000012  00000+0 -62458-4 0  9998
2 54144  87.9187 318.6863 0001806  82.8243 277.3096 13.19723403167727
ONEWEB-0529             
1 54145U 22138AJ  26099.05283576  .00000056  00000+0  10679-3 0  9993
2 54145  87.9172 318.7606 0001957  84.2662 275.8693 13.19727420167703
ONEWEB-0531             
1 54146U 22138AK  26099.44533069  .00000038  00000+0  62313-4 0  9995
2 54146  87.9139 288.1596 0001015  66.1732 293.9508 13.20772329170235
ONEWEB-0535             
1 54147U 22138AL  26099.01019032  .00000045  00000+0  80389-4 0  9999
2 54147  87.9189 318.7485 0001376  86.0490 274.0800 13.19727247167711
ONEWEB-0536             
1 54148U 22138AM  26099.43270709 -.00000015  00000+0 -68746-4 0  9998
2 54148  87.9124 288.1926 0001089  58.4877 301.6362 13.20772352170223
ONEWEB-0527             
1 54642U 22166A   26099.43839687  .00000061  00000+0  11719-3 0  9990
2 54642  87.9185 257.6915 0001779  95.1880 264.9457 13.21824452162458
ONEWEB-0528             
1 54643U 22166B   26099.44430590 -.00008603  00000+0 -20860-1 0  9999
2 54643  87.9188 257.6935 0001468  84.4444 275.6857 13.21892901162464
ONEWEB-0539             
1 54644U 22166C   26099.48298865  .00000040  00000+0  65281-4 0  9995
2 54644  87.9194 257.6538 0001869 105.0267 255.1074 13.21796457162462
ONEWEB-0540             
1 54645U 22166D   26099.48984721  .00002402  00000+0  57861-2 0  9996
2 54645  87.9199 257.6879 0001758 100.8963 259.2369 13.21789836162453
ONEWEB-0542             
1 54646U 22166E   26099.49307076  .00003080  00000+0  74276-2 0  9992
2 54646  87.9203 257.6496 0001783 107.0329 253.1001 13.21781750162462
ONEWEB-0545             
1 54647U 22166F   26099.45773995 -.00004385  00000+0 -10648-1 0  9999
2 54647  87.9185 257.6737 0002053 109.4789 250.6567 13.21860840162420
ONEWEB-0580             
1 54648U 22166G   26099.65959291  .00008348  00000+0  20181-1 0  9991
2 54648  87.9207 257.6328 0001668 113.5983 246.5326 13.21768711162493
ONEWEB-0582             
1 54649U 22166H   26099.47456304 -.00000216  00000+0 -55357-3 0  9992
2 54649  87.9186 257.6629 0001759 113.2753 246.8566 13.21827060162444
ONEWEB-0583             
1 54650U 22166J   26099.48635422  .00000293  00000+0  67770-3 0  9990
2 54650  87.9189 257.6839 0001770 101.6646 258.4687 13.21787960162455
ONEWEB-0584             
1 54651U 22166K   26099.43083743  .00005372  00000+0  12983-1 0  9996
2 54651  87.9183 257.6817 0001556 105.2018 254.9288 13.21748308162430
ONEWEB-0585             
1 54652U 22166L   26099.45438850 -.00004300  00000+0 -10440-1 0  9990
2 54652  87.9185 257.6615 0001958  89.9815 270.1544 13.21877578162446
ONEWEB-0586             
1 54653U 22166M   26099.46782918  .00000082  00000+0  16738-3 0  9998
2 54653  87.9189 257.6852 0001818 104.1347 255.9989 13.21861752162440
ONEWEB-0587             
1 54654U 22166N   26099.47793395  .00000036  00000+0  56706-4 0  9990
2 54654  87.9199 257.6501 0001895  86.6107 273.5244 13.21820434162606
ONEWEB-0589             
1 54655U 22166P   26099.46447581 -.00002858  00000+0 -69522-2 0  9997
2 54655  87.9182 257.6738 0001734 121.6782 238.4521 13.21848118162463
ONEWEB-0590             
1 54656U 22166Q   26099.48957069  .00002694  00000+0  64921-2 0  9991
2 54656  87.9197 257.6522 0001288  91.1739 268.9543 13.21791100162457
ONEWEB-0591             
1 54657U 22166R   26099.42578440  .00004230  00000+0  10215-1 0  9992
2 54657  87.9184 257.6848 0001628  97.2978 262.8341 13.21759616162472
ONEWEB-0592             
1 54658U 22166S   26099.42914653  .00004033  00000+0  97406-2 0  9992
2 54658  87.9189 257.6568 0001606  99.5046 260.6270 13.21745476162357
ONEWEB-0593             
1 54659U 22166T   26099.45101838 -.00005304  00000+0 -12870-1 0  9994
2 54659  87.9201 257.6698 0001879  99.3722 260.7625 13.21885500162468
ONEWEB-0594             
1 54660U 22166U   26099.47119561 -.00001425  00000+0 -34825-2 0  9995
2 54660  87.9184 257.6821 0001827  96.4456 263.6886 13.21833741162486
ONEWEB-0595             
1 54661U 22166V   26099.44765571 -.00005562  00000+0 -13493-1 0  9994
2 54661  87.9200 257.6627 0002370 102.4145 257.7254 13.21895604162453
ONEWEB-0596             
1 54662U 22166W   26099.49811530  .00004449  00000+0  10745-1 0  9995
2 54662  87.9188 257.6677 0001658  94.3410 265.7914 13.21773769162466
ONEWEB-0597             
1 54663U 22166X   26099.47961514  .00000040  00000+0  66070-4 0  9990
2 54663  87.9187 257.6759 0001732 102.9732 257.1595 13.21809805162464
ONEWEB-0600             
1 54664U 22166Y   26099.46111974 -.00003516  00000+0 -85439-2 0  9998
2 54664  87.9201 257.6738 0002135 100.4730 259.6644 13.21862648162431
ONEWEB-0601             
1 54665U 22166Z   26099.45270889 -.00005637  00000+0 -13680-1 0  9993
2 54665  87.9196 257.6895 0001696 103.2318 256.9006 13.21874786162622
ONEWEB-0602             
1 54666U 22166AA  26099.49390949  .00003712  00000+0  89574-2 0  9994
2 54666  87.9186 257.6873 0002055 100.7852 259.3513 13.21784303162471
ONEWEB-0603             
1 54667U 22166AB  26099.42409708  .00004499  00000+0  10865-1 0  9991
2 54667  87.9195 257.6505 0001689 102.7907 257.3415 13.21768235162395
ONEWEB-0604             
1 54668U 22166AC  26099.48802759  .00001678  00000+0  40329-2 0  9996
2 54668  87.9197 257.6525 0001804  94.5831 265.5509 13.21789635162362
ONEWEB-0605             
1 54669U 22166AD  26099.48130158  .00000037  00000+0  59010-4 0  9991
2 54669  87.9188 257.6742 0001413 113.7634 246.3649 13.21803131162433
ONEWEB-0606             
1 54670U 22166AE  26099.42745896  .00005073  00000+0  12256-1 0  9991
2 54670  87.9182 257.6977 0001659  91.6279 268.5045 13.21760781162484
ONEWEB-0607             
1 54671U 22166AF  26099.46951573  .00000081  00000+0  16548-3 0  9991
2 54671  87.9193 257.6554 0001902 101.9717 258.1631 13.21854427162466
ONEWEB-0608             
1 54672U 22166AG  26099.47624639  .00000068  00000+0  13433-3 0  9998
2 54672  87.9198 257.6487 0001599 115.6899 244.4401 13.21826602162470
ONEWEB-0610             
1 54673U 22166AH  26099.45606190 -.00004799  00000+0 -11651-1 0  9994
2 54673  87.9196 257.6741 0001572 121.7150 238.4137 13.21863764162379
ONEWEB-0611             
1 54674U 22166AJ  26099.44933666 -.00004774  00000+0 -11586-1 0  9995
2 54674  87.9181 257.6720 0001884  92.5725 267.5625 13.21892657162367
ONEWEB-0612             
1 54675U 22166AK  26099.46279217 -.00002178  00000+0 -53021-2 0  9990
2 54675  87.9176 257.6602 0002220  95.9914 264.1473 13.21865694162357
ONEWEB-0615             
1 54676U 22166AL  26099.44261234 -.00006416  00000+0 -15558-1 0  9990
2 54676  87.9192 257.6836 0002113  93.4090 266.7285 13.21913039162361
ONEWEB-0655             
1 54677U 22166AM  26099.49475025  .00003923  00000+0  94682-2 0  9995
2 54677  87.9192 257.6737 0001998 102.2665 257.8693 13.21782813162367
ONEWEB-0659             
1 54678U 22166AN  26099.66296688  .00006420  00000+0  15520-1 0  9999
2 54678  87.9177 257.6409 0001706  98.2508 261.8819 13.21747162162479
ONEWEB-0685             
1 54679U 22166AP  26099.66288178  .00000101  00000+0  21400-3 0  9991
2 54679  87.9184 257.6344 0001860 103.5781 256.5561 13.21815921162362
ONEWEB-0712             
1 54680U 22166AQ  26099.66274459  .00000026  00000+0  34453-4 0  9999
2 54680  87.9055 242.3882 0002302 104.5308 255.6078 13.16592673163046
ONEWEB-0714             
1 54681U 22166AR  26099.44091716 -.00005238  00000+0 -12702-1 0  9991
2 54681  87.9162 257.6781 0002328 105.2620 254.8772 13.21923178162456
ONEWEB-0532             
1 55140U 23004A   26099.31110598  .00000070  00000+0  14737-3 0  9999
2 55140  87.9183  19.5448 0001419  75.5203 284.6086 13.17651423158518
ONEWEB-0533             
1 55141U 23004B   26099.46276258 -.00000330  00000+0 -95240-3 0  9991
2 55141  87.9017   4.3178 0001766  85.3737 274.7594 13.12441979159044
ONEWEB-0541             
1 55142U 23004C   26099.51521489  .00000196  00000+0  51681-3 0  9996
2 55142  87.8916  34.7031 0001825  74.1189 286.0140 13.11414967156945
ONEWEB-0543             
1 55143U 23004D   26099.41971813  .00000067  00000+0  13597-3 0  9997
2 55143  87.9220 349.1466 0002058  83.3701 276.7665 13.18684991160633
ONEWEB-0544             
1 55144U 23004E   26099.41310675 -.00000256  00000+0 -68157-3 0  9995
2 55144  87.9222 349.1470 0001957  74.7552 285.3796 13.18685558160637
ONEWEB-0560             
1 55145U 23004F   26099.40652320  .00000100  00000+0  22136-3 0  9994
2 55145  87.9222 349.1377 0001947  75.7521 284.3827 13.18685143160645
ONEWEB-0565             
1 55146U 23004G   26099.39991212 -.00000202  00000+0 -54522-3 0  9998
2 55146  87.9212 349.1734 0001798  64.9965 295.1353 13.18685960160638
ONEWEB-0567             
1 55147U 23004H   26099.39332806  .00000105  00000+0  23384-3 0  9999
2 55147  87.9223 349.1527 0001887  68.4362 291.6971 13.18686230160638
ONEWEB-0569             
1 55148U 23004J   26099.37210749 -.00000294  00000+0 -83975-3 0  9992
2 55148  87.9002 333.9181 0002480  67.3122 292.8269 13.13469342161141
ONEWEB-0570             
1 55149U 23004K   26099.38341478  .00000117  00000+0  26427-3 0  9999
2 55149  87.9222 349.1526 0001333  70.6153 289.5123 13.18689044160627
ONEWEB-0571             
1 55150U 23004L   26098.92156317  .00000022  00000+0  22133-4 0  9992
2 55150  87.9222 349.2432 0002373  49.1387 310.9951 13.18688254160575
ONEWEB-0572             
1 55151U 23004M   26099.49335178 -.00000048  00000+0 -15669-3 0  9995
2 55151  87.9183  19.5102 0001842  71.3199 288.8132 13.17650763158430
ONEWEB-0573             
1 55152U 23004N   26099.44610125  .00000015  00000+0  45537-5 0  9990
2 55152  87.9218 349.1407 0001575  52.7484 307.3792 13.18685034160637
ONEWEB-0588             
1 55153U 23004P   26099.43950674 -.00000066  00000+0 -20000-3 0  9990
2 55153  87.9219 349.1427 0001438  70.8638 289.2650 13.18687616160630
ONEWEB-0598             
1 55154U 23004Q   26099.56948372  .00000916  00000+0  25484-2 0  9999
2 55154  87.8911  34.7101 0002371  63.0697 297.0673 13.11416734156902
ONEWEB-0599             
1 55155U 23004R   26099.53047730  .00000017  00000+0  99917-5 0  9992
2 55155  87.9181  19.5015 0002033  79.0023 281.1337 13.17651322158445
ONEWEB-0614             
1 55156U 23004S   26099.56438006  .00000439  00000+0  12040-2 0  9993
2 55156  87.8909  34.7192 0001638  81.4986 278.6327 13.11417210156845
ONEWEB-0616             
1 55157U 23004T   26099.49672495  .00000149  00000+0  35099-3 0  9996
2 55157  87.9185  19.5104 0002737  88.2182 271.9263 13.17651295158656
ONEWEB-0617             
1 55158U 23004U   26099.55251116 -.00000227  00000+0 -67593-3 0  9990
2 55158  87.8925  34.7081 0001437  76.1825 283.9463 13.11417455156865
ONEWEB-0618             
1 55159U 23004V   26099.53165718  .00006263  00000+0  35724-3 0  9996
2 55159  86.9132 205.4734 0012721 177.4063 182.7245 15.12521304171880
ONEWEB-0619             
1 55160U 23004W   26099.52878823  .00000040  00000+0  70521-4 0  9997
2 55160  87.9192  19.4791 0001707  93.9369 266.1958 13.17647951158555
ONEWEB-0620             
1 55161U 23004X   26099.54741811 -.00000342  00000+0 -99987-3 0  9999
2 55161  87.8913  34.7223 0001871  69.9819 290.1511 13.11417465156831
ONEWEB-0621             
1 55162U 23004Y   26099.34566292  .00000492  00000+0  13535-2 0  9994
2 55162  87.8919  34.7451 0001697  83.1970 276.9351 13.11415951156789
ONEWEB-0622             
1 55163U 23004Z   26099.57964423  .00000518  00000+0  14259-2 0  9991
2 55163  87.8919  34.7003 0001212  65.1826 294.9428 13.11415297156807
ONEWEB-0623             
1 55164U 23004AA  26099.52373749 -.00000010  00000+0 -59611-4 0  9994
2 55164  87.9184  19.5188 0001124  93.3215 266.8045 13.17651746158548
ONEWEB-0624             
1 55165U 23004AB  26099.45430761 -.00000261  00000+0 -75611-3 0  9990
2 55165  87.9011   4.2488 0001597  82.3056 277.8254 13.12926287159058
ONEWEB-0625             
1 55166U 23004AC  26099.51359948  .00000110  00000+0  24916-3 0  9998
2 55166  87.9182  19.5145 0001937  82.5246 277.6106 13.17647697158534
ONEWEB-0626             
1 55167U 23004AD  26099.27568266  .00000078  00000+0  16679-3 0  9997
2 55167  87.9183  19.5616 0002065  66.5779 293.5569 13.17649933158507
ONEWEB-0627             
1 55168U 23004AE  26099.49165968  .00000051  00000+0  98803-4 0  9995
2 55168  87.9186  19.5188 0001332  86.9086 273.2198 13.17649714158531
ONEWEB-0628             
1 55169U 23004AF  26099.48662343  .00000569  00000+0  15452-2 0  9995
2 55169  87.9014   4.2974 0001248  98.1630 261.9641 13.12442450159027
ONEWEB-0629             
1 55170U 23004AG  26099.31528967  .00000068  00000+0  14210-3 0  9998
2 55170  87.9185  19.5507 0001779  89.6738 270.4597 13.17647994158515
ONEWEB-0631             
1 55171U 23004AH  26099.43290124  .00000007  00000+0 -15096-4 0  9991
2 55171  87.9230 349.1033 0001627  63.8819 296.2480 13.18685336160613
ONEWEB-0709             
1 55172U 23004AJ  26099.53725882 -.00000502  00000+0 -14520-2 0  9997
2 55172  87.8909  34.7274 0002420  59.9967 300.1401 13.11418349156874
ONEWEB-0710             
1 55173U 23004AK  26099.48153505 -.00000174  00000+0 -48072-3 0  9994
2 55173  87.9184  19.5130 0001649  77.8495 282.2821 13.17649139158530
ONEWEB-0711             
1 55174U 23004AL  26099.50842969  .00000420  00000+0  11504-2 0  9998
2 55174  87.8919  34.7184 0001108  80.8023 279.3230 13.11414960156833
ONEWEB-0713             
1 55175U 23004AM  26099.52706793 -.00000287  00000+0 -84554-3 0  9994
2 55175  87.8919  34.7141 0001447  79.2417 280.8874 13.11414229156820
ONEWEB-0715             
1 55176U 23004AN  26099.52198565 -.00000121  00000+0 -37650-3 0  9999
2 55176  87.8917  34.7147 0001993  57.4377 302.6944 13.11414063156865
ONEWEB-0716             
1 55177U 23004AP  26099.47478587  .00000123  00000+0  28412-3 0  9995
2 55177  87.9185  19.5153 0002005  82.0776 278.0583 13.17652797158539
ONEWEB-0717             
1 55178U 23004AQ  26099.53384690  .00000012  00000+0 -10925-5 0  9994
2 55178  87.9192  19.4857 0001118  73.5349 286.5905 13.17651628158593
ONEWEB-0719             
1 55179U 23004AR  26099.46804060  .00000110  00000+0  24994-3 0  9992
2 55179  87.9194  19.4799 0001883  84.5816 275.5530 13.17651505158531
ONEWEB-0530             
1 55796U 23029A   26099.45480163  .00000047  00000+0  82600-4 0  9995
2 55796  87.9128 288.1980 0001391 105.0219 255.1069 13.20772431152070
ONEWEB-0534             
1 55797U 23029B   26099.44217398  .00000002  00000+0 -26978-4 0  9991
2 55797  87.9132 288.1993 0001848  93.0210 267.1135 13.20772796152075
ONEWEB-0556             
1 55798U 23029C   26099.44848112 -.00000017  00000+0 -73958-4 0  9993
2 55798  87.9128 288.1994 0002322 112.1345 248.0035 13.20773123152074
ONEWEB-0562             
1 55799U 23029D   26099.43585946 -.00000006  00000+0 -46397-4 0  9991
2 55799  87.9129 288.1823 0001552 121.9570 238.1715 13.20772905152071
ONEWEB-0563             
1 55800U 23029E   26099.42955426 -.00000018  00000+0 -76072-4 0  9993
2 55800  87.9129 288.2139 0001965  93.7499 266.3859 13.20771397152064
ONEWEB-0564             
1 55801U 23029F   26099.49899430  .00000019  00000+0  13724-4 0  9997
2 55801  87.9131 288.1725 0001509 102.4692 257.6610 13.20772672152082
ONEWEB-0638             
1 55802U 23029G   26098.97364671 -.00000181  00000+0 -52233-3 0  9993
2 55802  87.8927 303.5738 0001846 106.3876 253.7456 13.14501613150308
ONEWEB-0639             
1 55803U 23029H   26099.34188732  .00000103  00000+0  22570-3 0  9991
2 55803  87.9179 318.7052 0002727  77.7832 282.3606 13.19727447149828
ONEWEB-0640             
1 55804U 23029J   26098.98316062 -.00000164  00000+0 -47617-3 0  9998
2 55804  87.8931 303.5630 0002227 103.4535 256.6843 13.14501686150324
ONEWEB-0641             
1 55805U 23029K   26099.33714779  .00000066  00000+0  13253-3 0  9994
2 55805  87.9180 318.6934 0001911  81.9125 278.2224 13.19727073149832
ONEWEB-0642             
1 55806U 23029L   26099.02915377  .00000126  00000+0  28218-3 0  9992
2 55806  87.9178 318.7688 0002474  73.2943 286.8461 13.19726440149783
ONEWEB-0643             
1 55807U 23029M   26099.48585293  .00000142  00000+0  34830-3 0  9998
2 55807  87.8927 303.4496 0002149  71.8768 288.2596 13.14501513150369
ONEWEB-0644             
1 55808U 23029N   26099.32767175  .00000101  00000+0  21968-3 0  9996
2 55808  87.9172 318.7136 0002027  77.4514 282.6846 13.19727492149825
ONEWEB-0645             
1 55809U 23029P   26099.34978677  .00000002  00000+0 -26403-4 0  9991
2 55809  87.9176 318.7037 0002228  88.0709 272.0679 13.19724020149828
ONEWEB-0646             
1 55810U 23029Q   26099.36716031  .00000027  00000+0  36136-4 0  9999
2 55810  87.9174 318.7005 0001963  78.6620 281.4733 13.19726891149817
ONEWEB-0648             
1 55811U 23029R   26098.99743036  .00000066  00000+0  14263-3 0  9992
2 55811  87.8935 303.5142 0002629  86.5927 273.5503 13.14501107150303
ONEWEB-0649             
1 55812U 23029S   26099.01334162 -.00000179  00000+0 -47939-3 0  9996
2 55812  87.9179 318.7682 0002042  85.6077 274.5289 13.19725606149809
ONEWEB-0650             
1 55813U 23029T   26099.00860997  .00000094  00000+0  20140-3 0  9995
2 55813  87.9180 318.7721 0002174  78.5812 281.5565 13.19726996149774
ONEWEB-0652             
1 55814U 23029U   26098.97839438 -.00000248  00000+0 -70229-3 0  9993
2 55814  87.8933 303.5313 0001559  88.8222 271.3087 13.14500917150275
ONEWEB-0653             
1 55815U 23029V   26099.49536488  .00000021  00000+0  22719-4 0  9990
2 55815  87.8935 303.4210 0001701  93.7999 266.3325 13.14501270150371
ONEWEB-0654             
1 55816U 23029W   26099.49060765  .00000101  00000+0  23833-3 0  9997
2 55816  87.8926 303.4192 0001418  94.6846 265.4445 13.14501105150399
ONEWEB-0656             
1 55817U 23029X   26099.49266499  .00000028  00000+0  36726-4 0  9994
2 55817  87.9137 288.1426 0001373 100.9056 259.2232 13.20770870152085
ONEWEB-0657             
1 55818U 23029Y   26099.00386418  .00000044  00000+0  78108-4 0  9994
2 55818  87.9176 318.7714 0001222  66.1128 294.0133 13.19727936149788
ONEWEB-0658             
1 55819U 23029Z   26099.07494946  .00000032  00000+0  48213-4 0  9999
2 55819  87.9189 318.7271 0002086  77.3954 282.7412 13.19727868149802
ONEWEB-0660             
1 55820U 23029AA  26099.01171251  .00000272  00000+0  69944-3 0  9995
2 55820  87.8940 303.5043 0002000  92.8008 267.3351 13.14502586150317
ONEWEB-0661             
1 55821U 23029AB  26098.97047690 -.00000157  00000+0 -45739-3 0  9999
2 55821  87.8929 303.5652 0001922  95.1948 264.9401 13.14502006150295
ONEWEB-0662             
1 55822U 23029AC  26099.46206971  .00000147  00000+0  36127-3 0  9992
2 55822  87.8925 303.4746 0002004  91.8618 268.2742 13.14501453150407
ONEWEB-0663             
1 55823U 23029AD  26099.45589273  .00000054  00000+0  10159-3 0  9995
2 55823  87.9142 288.2230 0002192  90.4071 269.7314 13.20864556152073
ONEWEB-0664             
1 55824U 23029AE  26099.48004230  .00000737  00000+0  17801-2 0  9992
2 55824  87.9127 288.2071 0001997 105.5080 254.6274 13.20779958152079
ONEWEB-0665             
1 55825U 23029AF  26099.04341349 -.00000056  00000+0 -18445-3 0  9992
2 55825  87.8927 303.5314 0002049  89.6774 270.4591 13.14501217150327
ONEWEB-0666             
1 55826U 23029AG  26099.47373400  .00000097  00000+0  20671-3 0  9990
2 55826  87.9129 288.1978 0001122  76.8843 283.2415 13.20772841152085
ONEWEB-0667             
1 55827U 23029AH  26099.46742930  .00000094  00000+0  19860-3 0  9993
2 55827  87.9147 288.1451 0001907  94.2732 265.8620 13.20772962152071
ONEWEB-0669             
1 55828U 23029AJ  26099.46269093  .00000086  00000+0  17854-3 0  9990
2 55828  87.9128 288.1658 0001423 110.7737 249.3550 13.20772887152077
ONEWEB-0670             
1 55829U 23029AK  26099.32568922  .00000220  00000+0  55787-3 0  9996
2 55829  87.8925 303.4934 0001910  98.9239 261.2108 13.14501266150383
ONEWEB-0671             
1 55830U 23029AL  26098.99438813  .00000025  00000+0  29910-4 0  9998
2 55830  87.9175 318.7744 0001905  88.1404 271.9947 13.19727652149774
ONEWEB-0672             
1 55831U 23029AM  26099.45793794 -.00000269  00000+0 -69414-3 0  9997
2 55831  87.9139 288.1565 0001421  92.0746 268.0550 13.20771126152073
ONEWEB-0673             
1 55832U 23029AN  26099.35057098  .00000075  00000+0  15580-3 0  9995
2 55832  87.9176 318.6889 0001813  88.3000 271.8340 13.19727603149826
ONEWEB-0674             
1 55833U 23029AP  26098.98949731 -.00000060  00000+0 -19703-3 0  9995
2 55833  87.8926 303.5377 0001884 101.4440 258.6901 13.14501233150324
ONEWEB-0675             
1 55834U 23029AQ  26099.36558143  .00000019  00000+0  14725-4 0  9994
2 55834  87.9176 318.7019 0001594  74.8418 285.2891 13.19727780149841
ONEWEB-0720             
1 55835U 23029AR  26099.35768423 -.00000014  00000+0 -68017-4 0  9998
2 55835  87.9174 318.7040 0002099  83.3480 276.7892 13.19727935149768
ONEWEB-0537             
1 56046U 23043A   26099.41734895 -.00000005  00000+0 -46331-4 0  9997
2 56046  87.9052 242.4354 0001591  99.3221 260.8090 13.16593544149910
ONEWEB-0538             
1 56047U 23043B   26099.63897074  .00000656  00000+0  16809-2 0  9996
2 56047  87.9050 242.3937 0001768  91.3103 268.8231 13.16605355149955
ONEWEB-0546             
1 56048U 23043C   26099.62633190  .00000128  00000+0  30214-3 0  9994
2 56048  87.9055 242.3952 0001085 103.0125 257.1127 13.16593422149940
ONEWEB-0547             
1 56049U 23043D   26099.44009913 -.00008916  00000+0 -21618-1 0  9996
2 56049  87.9195 257.6672 0002188  92.9035 267.2350 13.21895791149147
ONEWEB-0548             
1 56050U 23043E   26099.65087867 -.00000021  00000+0 -87684-4 0  9992
2 56050  87.9049 242.3885 0001996 114.3629 245.7710 13.16596156149944
ONEWEB-0549             
1 56051U 23043F   26099.66127724  .00008993  00000+0  21740-1 0  9993
2 56051  87.9189 257.6332 0001833  90.5382 269.5962 13.21766163149178
ONEWEB-0550             
1 56052U 23043G   26099.49642961  .00004420  00000+0  10674-1 0  9995
2 56052  87.9191 257.6623 0001519 111.1397 248.9900 13.21781056149151
ONEWEB-0551             
1 56053U 23043H   26099.47546012  .00000209  00000+0  52138-3 0  9998
2 56053  87.8933 272.9387 0001925  86.3669 273.7682 13.15547489147365
ONEWEB-0552             
1 56054U 23043J   26099.49139407  .00002931  00000+0  70677-2 0  9998
2 56054  87.9184 257.6704 0002045  96.6818 263.4549 13.21787228149153
ONEWEB-0553             
1 56055U 23043K   26099.63267095  .00000127  00000+0  29984-3 0  9991
2 56055  87.9055 242.3955 0001446 108.4259 251.7029 13.16593754149959
ONEWEB-0554             
1 56056U 23043L   26099.62000275  .00000116  00000+0  27051-3 0  9997
2 56056  87.9052 242.4081 0001843 110.8196 249.3132 13.16593407149937
ONEWEB-0555             
1 56057U 23043M   26099.65799405  .00000028  00000+0  39769-4 0  9993
2 56057  87.9053 242.3858 0001242 108.4591 251.6675 13.16595907149941
ONEWEB-0557             
1 56058U 23043N   26099.44425939  .00000022  00000+0  22999-4 0  9990
2 56058  87.9052 242.4399 0001769 143.6773 216.4478 13.16592945149915
ONEWEB-0558             
1 56059U 23043P   26099.48465989  .00001299  00000+0  31134-2 0  9990
2 56059  87.9189 257.6649 0002037  81.7562 278.3803 13.21802765149166
ONEWEB-0559             
1 56060U 23043Q   26099.47288713  .00000047  00000+0  82415-4 0  9999
2 56060  87.9187 257.6608 0002032  92.9885 267.1481 13.21838127149178
ONEWEB-0566             
1 56061U 23043R   26099.46615482 -.00002469  00000+0 -60092-2 0  9993
2 56061  87.9181 257.6612 0002209  87.1444 272.9942 13.21862685149151
ONEWEB-0568             
1 56062U 23043S   26099.46168315  .00000132  00000+0  31072-3 0  9992
2 56062  87.9054 242.4271 0001495 103.1865 256.9433 13.16593751149938
ONEWEB-0574             
1 56063U 23043T   26099.45944250 -.00004431  00000+0 -10759-1 0  9997
2 56063  87.9199 257.6589 0001524 100.3797 259.7509 13.21858253149195
ONEWEB-0575             
1 56064U 23043U   26099.45533812  .00000070  00000+0  14889-3 0  9999
2 56064  87.9049 242.4250 0001639 115.3956 244.7345 13.16591901149928
ONEWEB-0576             
1 56065U 23043V   26099.66433714  .00000040  00000+0  71623-4 0  9990
2 56065  87.9055 242.3882 0001710 108.7418 251.3899 13.16593373149940
ONEWEB-0577             
1 56066U 23043W   26099.44267596  .00000059  00000+0  12181-3 0  9993
2 56066  87.9049 242.4307 0001926 126.3148 233.8161 13.16593138149948
ONEWEB-0578             
1 56067U 23043X   26099.44597738 -.00007468  00000+0 -18112-1 0  9999
2 56067  87.9165 257.6697 0002119  85.1554 274.9822 13.21889012149154
ONEWEB-0579             
1 56068U 23043Y   26099.43754635  .00006588  00000+0  15927-1 0  9991
2 56068  87.9197 257.6597 0002005  97.6725 262.4637 13.21742148149166
ONEWEB-0581             
1 56069U 23043Z   26099.44900146  .00000112  00000+0  25869-3 0  9998
2 56069  87.9050 242.4412 0001913 119.0586 241.0737 13.16592379149914
ONEWEB-0609             
1 56070U 23043AA  26099.50158618 -.00013052  00000+0 -34724-1 0  9993
2 56070  87.8926 272.9203 0002212  69.8683 290.2685 13.15605911147402
ONEWEB-0613             
1 56071U 23043AB  26099.49923551 -.00000012  00000+0 -65921-4 0  9996
2 56071  87.8930 272.9324 0002023  90.9901 269.1461 13.15547781147407
ONEWEB-0630             
1 56072U 23043AC  26099.49447681 -.00000011  00000+0 -62223-4 0  9993
2 56072  87.8933 272.9035 0001996  91.9731 268.1628 13.15547194147390
ONEWEB-0632             
1 56073U 23043AD  26099.48973120  .00000037  00000+0  65131-4 0  9992
2 56073  87.8934 272.9217 0001762 100.2206 259.9123 13.15547179147397
ONEWEB-0633             
1 56074U 23043AE  26099.48338006  .00000102  00000+0  23780-3 0  9997
2 56074  87.8944 272.8936 0002053  84.9153 275.2212 13.15550869147377
ONEWEB-0634             
1 56075U 23043AF  26099.46913056  .00000182  00000+0  45004-3 0  9991
2 56075  87.8936 272.9424 0001491  88.2211 271.9090 13.15548015147365
ONEWEB-0635             
1 56076U 23043AG  26099.46436772  .00000159  00000+0  38939-3 0  9990
2 56076  87.8940 272.9000 0001788 103.7592 256.3738 13.15546872147393
ONEWEB-0636             
1 56077U 23043AH  26099.45644318  .00000103  00000+0  23922-3 0  9992
2 56077  87.8932 272.9131 0001780 102.1033 258.0297 13.15547076147379
ONEWEB-0637             
1 56078U 23043AJ  26099.45010255  .00000027  00000+0  37177-4 0  9993
2 56078  87.8929 272.9320 0001478 100.8286 259.3011 13.15546952147397
ONEWEB-0647             
1 56079U 23043AK  26099.44535948  .00000040  00000+0  71478-4 0  9991
2 56079  87.8929 272.9452 0001876  97.7687 262.3656 13.15547503147386
ONEWEB-0651             
1 56080U 23043AL  26099.59271658  .00000026  00000+0  35715-4 0  9992
2 56080  87.8928 272.9102 0001659 103.4829 256.6486 13.15547441148605
ONEWEB-0718             
1 56081U 23043AM  26099.43584382 -.00000031  00000+0 -11599-3 0  9998
2 56081  87.8930 272.9220 0001518  78.8522 281.2779 13.15546510147399
ONEWEB-0561             
1 56710U 23068A   26099.48637038  .00000001  00000+0 -28419-4 0  9992
2 56710  87.9140 288.1586 0002016 102.9050 257.2309 13.20772580140439
ONEWEB-0668             
1 56711U 23068B   26099.65167566  .00000055  00000+0  11112-3 0  9995
2 56711  87.9065 242.3856 0001250  95.7425 264.3849 13.16593867142762
ONEWEB-0676             
1 56712U 23068C   26099.65957338  .00000037  00000+0  62391-4 0  9996
2 56712  87.9052 242.3931 0001868 111.7530 248.3800 13.16592323142680
ONEWEB-0677             
1 56713U 23068D   26099.47531011  .00000097  00000+0  20542-3 0  9990
2 56713  87.9139 288.1533 0001548  97.2421 262.8888 13.20772909140731
ONEWEB-0678             
1 56714U 23068E   26099.48022106  .00000159  00000+0  38865-3 0  9998
2 56714  87.8943 272.8988 0002040  94.6992 265.4371 13.15547931140252
ONEWEB-0679             
1 56715U 23068F   26099.61842008  .00000131  00000+0  31012-3 0  9992
2 56715  87.9063 242.3903 0001336 115.3926 244.7344 13.16593449142709
ONEWEB-0680             
1 56716U 23068G   26099.43925885 -.00008623  00000+0 -20906-1 0  9992
2 56716  87.9204 257.6619 0001458  97.1659 262.9641 13.21902513142013
ONEWEB-0681             
1 56717U 23068H   26099.49559766  .00002876  00000+0  69355-2 0  9994
2 56717  87.9230 257.6580 0001474 149.0957 211.0264 13.21774537142015
ONEWEB-0682             
1 56718U 23068J   26099.42792973 -.00000093  00000+0 -28022-3 0  9995
2 56718  87.8930 272.9119 0001216  92.9752 267.1518 13.15547960140410
ONEWEB-0683             
1 56719U 23068K   26098.91929782  .00000067  00000+0  14346-3 0  9992
2 56719  87.8940 273.0105 0001506  90.7834 269.3469 13.15547705140313
ONEWEB-0684             
1 56720U 23068L   26099.45962763  .00000107  00000+0  24983-3 0  9993
2 56720  87.8939 272.8942 0003025  77.5824 282.5645 13.15547474140214
ONEWEB-0686             
1 56721U 23068M   26099.65483157  .00000019  00000+0  15220-4 0  9998
2 56721  87.9043 242.4157 0001701  89.4389 270.6937 13.16593122142698
ONEWEB-0694             
1 56722U 23068N   26099.66117804  .00000715  00000+0  18359-2 0  9990
2 56722  87.9060 242.3653 0001370  97.5431 262.5856 13.16591418142751
ONEWEB-0696             
1 56723U 23068P   26099.49289623 -.00000005  00000+0 -48263-4 0  9994
2 56723  87.8933 272.9308 0002211  92.3693 267.7690 13.15547762140331
ONEWEB-0703             
1 56724U 23068Q   26099.50241584 -.00000083  00000+0 -25583-3 0  9996
2 56724  87.8932 272.9099 0002586 103.6621 256.4798 13.15548495140226
ONEWEB-0721             
1 56725U 23068R   26099.44125380  .00000086  00000+0  17214-3 0  9998
2 56725  86.6720 107.4662 0001936  90.6547 269.4808 13.22464755148854
ONEWEB-0015             
1 61594U 24188A   26099.56606749  .00000549  00000+0  15123-2 0  9998
2 61594  87.8911  34.7339 0001509  94.8357 265.2944 13.11416883 75461
ONEWEB-0687             
1 61595U 24188B   26099.50853853  .00000053  00000+0  10354-3 0  9995
2 61595  87.9172  19.5221 0001305  75.4635 284.6642 13.17650824 76856
ONEWEB-0688             
1 61596U 24188C   26099.53721424 -.00000315  00000+0 -84345-3 0  9991
2 61596  87.9172  19.5161 0001312 121.5939 238.5320 13.17649074 76854
ONEWEB-0689             
1 61597U 24188D   26099.37108641 -.00000241  00000+0 -71516-3 0  9998
2 61597  87.8928  34.7186 0001670  69.9680 290.1628 13.11414187 75431
ONEWEB-0690             
1 61598U 24188E   26099.53387216  .00001185  00000+0  33068-2 0  9999
2 61598  87.8920  34.7031 0002206  88.0956 272.0425 13.11409524 75632
ONEWEB-0691             
1 61599U 24188F   26099.52876404 -.00000346  00000+0 -10110-2 0  9994
2 61599  87.8932  34.6079 0001540  87.3553 272.7751 13.11414563 75483
ONEWEB-0692             
1 61600U 24188G   26099.54910712 -.00000259  00000+0 -76734-3 0  9998
2 61600  87.8910  34.7299 0002253  58.5273 301.6075 13.11416783 75474
ONEWEB-0693             
1 61601U 24188H   26099.47310032  .00000043  00000+0  77133-4 0  9994
2 61601  87.9174  19.5505 0002446  93.6487 266.4924 13.17651087 76836
ONEWEB-0695             
1 61602U 24188J   26099.37277464 -.00000278  00000+0 -81941-3 0  9998
2 61602  87.8910  34.7565 0001832  61.7511 298.3802 13.11414337 75445
ONEWEB-0697             
1 61603U 24188K   26099.55759620  .00000059  00000+0  13181-3 0  9994
2 61603  87.8911  34.7093 0002311  60.8996 299.2363 13.11417822 75458
ONEWEB-0698             
1 61604U 24188L   26099.53554952 -.00000464  00000+0 -13440-2 0  9993
2 61604  87.8913  34.7290 0003015  72.1843 287.9613 13.11415740 75470
ONEWEB-0699             
1 61605U 24188M   26099.57012011 -.00000379  00000+0 -11209-2 0  9999
2 61605  87.8831  49.9190 0002295  65.7170 294.4197 13.10370706 74321
ONEWEB-0700             
1 61606U 24188N   26099.57176349 -.00000619  00000+0 -18095-2 0  9992
2 61606  87.8841  49.8168 0002023  60.0842 300.0486 13.10371400 74316
ONEWEB-0701             
1 61607U 24188P   26099.35929788 -.00000494  00000+0 -14528-2 0  9990
2 61607  87.8832  49.9603 0002461  62.8679 297.2699 13.10375828 74294
ONEWEB-0702             
1 61608U 24188Q   26099.58134551  .00000550  00000+0  15164-2 0  9990
2 61608  87.8925  34.6134 0002295  53.0473 307.0865 13.11415888 75497
ONEWEB-0704             
1 61609U 24188R   26099.57675800 -.00000570  00000+0 -16681-2 0  9996
2 61609  87.8845  49.8969 0002196  54.1382 305.9949 13.10372643 74303
ONEWEB-0705             
1 61610U 24188S   26099.58171657 -.00000765  00000+0 -22269-2 0  9995
2 61610  87.8835  49.9058 0001167  43.8157 316.3063 13.10373549 66474
ONEWEB-0706             
1 61611U 24188T   26099.56678648 -.00000360  00000+0 -10679-2 0  9999
2 61611  87.8821  49.9187 0001869  61.3472 298.7843 13.10370132 74391
ONEWEB-0707             
1 61612U 24188U   26099.57342250 -.00000638  00000+0 -18640-2 0  9992
2 61612  87.8829  49.9072 0001904  62.1336 297.9984 13.10371796 74339
ONEWEB-0708             
1 61613U 24188V   26099.36261660 -.00000454  00000+0 -13366-2 0  9991
2 61613  87.8830  49.9741 0001352  77.0612 283.0666 13.10375308 74284
