ONEWEB-0012             
1 44057U 19010A   26072.95299050  .00000025  00000+0  31602-4 0  9999
2 44057  87.9008 247.7239 0001266 104.5552 255.5720 13.16594221339033
ONEWEB-0010             
1 44058U 19010B   26072.97832327  .00000006  00000+0 -17545-4 0  9992
2 44058  87.9008 247.7144 0001989 100.5614 259.5742 13.16593797339086
ONEWEB-0008             
1 44059U 19010C   26073.23164911  .00000146  00000+0  34738-3 0  9996
2 44059  87.9008 247.6609 0001590  90.3467 269.7847 13.16593549339233
ONEWEB-0007             
1 44060U 19010D   26073.26737232  .00000093  00000+0  21224-3 0  9990
2 44060  87.8934 278.1754 0001662 101.4523 258.6794 13.15547618338893
ONEWEB-0006             
1 44061U 19010E   26073.27134128  .00000009  00000+0 -10705-4 0  9998
2 44061  87.8943 278.1291 0001797  95.1407 264.9928 13.15547740338940
ONEWEB-0011             
1 44062U 19010F   26073.08753028  .00000160  00000+0  38994-3 0  9990
2 44062  87.8946 278.1738 0001799  87.8891 272.2446 13.15547504338919
ONEWEB-0013             
1 45131U 20008A   26073.26745867 -.00000065  00000+0 -22610-3 0  9993
2 45131  87.8447  71.9830 0000888  98.9106 261.2121 13.09453770293647
ONEWEB-0017             
1 45132U 20008B   26072.93465084  .00000677  00000+0  19025-2 0  9999
2 45132  87.8778  55.2329 0002084  87.6676 272.4690 13.10373393295472
ONEWEB-0020             
1 45133U 20008C   26072.90475674 -.00000463  00000+0 -13618-2 0  9990
2 45133  87.8787  55.2301 0001849  85.0429 275.0909 13.10375001295862
ONEWEB-0021             
1 45134U 20008D   26072.91970121  .00000157  00000+0  41365-3 0  9998
2 45134  87.8781  55.2510 0001800  87.7789 272.3545 13.10375848296174
ONEWEB-0023             
1 45136U 20008F   26072.93048997  .00000669  00000+0  18807-2 0  9991
2 45136  87.8777  55.2278 0001671  83.9708 276.1610 13.10375818295606
ONEWEB-0024             
1 45137U 20008G   26072.90308880 -.00000521  00000+0 -15289-2 0  9999
2 45137  87.8790  55.2193 0001873  85.9635 274.1707 13.10374395295764
ONEWEB-0025             
1 45138U 20008H   26072.98547668 -.00000077  00000+0 -25627-3 0  9991
2 45138  87.8785  55.1934 0001406  88.2119 271.9169 13.10876422296100
ONEWEB-0026             
1 45139U 20008J   26072.94019642 -.00000398  00000+0 -11592-2 0  9995
2 45139  87.8876  40.0002 0002027  81.5127 278.6231 13.11417480298625
ONEWEB-0028             
1 45140U 20008K   26072.89696621  .00000538  00000+0  14819-2 0  9998
2 45140  87.8864  40.0170 0001210  85.6137 274.5129 13.11414905296133
ONEWEB-0032             
1 45141U 20008L   26072.93631882  .00000652  00000+0  18316-2 0  9995
2 45141  87.8780  55.2339 0001358  85.7176 274.4107 13.10373704295823
ONEWEB-0033             
1 45142U 20008M   26072.98773330 -.00000250  00000+0 -75201-3 0  9999
2 45142  87.8778  55.2329 0002372  87.3075 272.8324 13.10374420295743
ONEWEB-0035             
1 45143U 20008N   26073.01847585  .00000585  00000+0  16388-2 0  9998
2 45143  87.8771  55.2256 0001959  86.1846 273.9505 13.10371130295477
ONEWEB-0036             
1 45144U 20008P   26072.94391275  .00000610  00000+0  17237-2 0  9993
2 45144  87.8783  55.2130 0001610  79.0447 281.0862 13.09814021295895
ONEWEB-0038             
1 45145U 20008Q   26072.95050329  .00000009  00000+0 -10188-4 0  9990
2 45145  87.8881  39.9988 0002477 125.1408 234.9953 13.11419551297844
ONEWEB-0039             
1 45146U 20008R   26072.99107262 -.00000146  00000+0 -45581-3 0  9991
2 45146  87.8788  55.2164 0001221  90.5335 269.5932 13.10372181295696
ONEWEB-0040             
1 45147U 20008S   26072.98442910 -.00000418  00000+0 -12344-2 0  9995
2 45147  87.8780  55.2334 0001830  87.9473 272.1864 13.10375454295394
ONEWEB-0043             
1 45149U 20008U   26072.98608568 -.00000316  00000+0 -94181-3 0  9997
2 45149  87.8785  55.2158 0001297  85.5866 274.5410 13.10374593295714
ONEWEB-0044             
1 45150U 20008V   26072.93794979 -.00000150  00000+0 -46620-3 0  9997
2 45150  87.8786  55.2219 0001780  89.0289 271.1043 13.10380027296007
ONEWEB-0045             
1 45151U 20008W   26072.94528610 -.00000241  00000+0 -71705-3 0  9999
2 45151  87.8877  39.9871 0001749  83.7930 276.3397 13.11417489297926
ONEWEB-0047             
1 45152U 20008X   26072.93132875  .00000638  00000+0  17915-2 0  9993
2 45152  87.8781  55.2253 0001996  88.1542 271.9814 13.10373952295724
ONEWEB-0048             
1 45153U 20008Y   26073.30813276  .00000403  00000+0  11186-2 0  9991
2 45153  87.8780  55.1774 0001898  85.5436 274.5908 13.10374693295383
ONEWEB-0049             
1 45154U 20008Z   26072.92952930  .00000607  00000+0  17038-2 0  9998
2 45154  87.8777  55.2408 0001712  70.9115 289.2198 13.10374142295554
ONEWEB-0051             
1 45155U 20008AA  26072.94358797 -.00000323  00000+0 -94663-3 0  9999
2 45155  87.8876  39.9995 0001845  82.5961 277.5377 13.11417982298609
ONEWEB-0052             
1 45156U 20008AB  26072.93206885  .00000681  00000+0  19279-2 0  9993
2 45156  87.8789  55.2140 0001652  71.0098 289.1208 13.09876070295463
ONEWEB-0053             
1 45157U 20008AC  26072.90641147 -.00000402  00000+0 -11881-2 0  9999
2 45157  87.8780  55.2549 0001336  79.7179 280.4099 13.10375385295436
ONEWEB-0054             
1 45158U 20008AD  26072.94128908  .00000618  00000+0  17335-2 0  9996
2 45158  87.8781  55.2229 0001874  81.1355 278.9985 13.10372544295556
ONEWEB-0056             
1 45159U 20008AE  26073.30398038  .00000165  00000+0  43578-3 0  9997
2 45159  87.8790  55.1501 0001841  79.4754 280.6581 13.10375476295757
ONEWEB-0057             
1 45160U 20008AF  26072.92981192  .00000579  00000+0  16213-2 0  9999
2 45160  87.8781  55.2342 0001528  83.1317 276.9985 13.10377799295871
ONEWEB-0058             
1 45161U 20008AG  26072.99287580 -.00000004  00000+0 -47452-4 0  9993
2 45161  87.8781  55.2309 0002059  89.9041 270.2323 13.10376739295958
ONEWEB-0059             
1 45162U 20008AH  26072.91303279 -.00000190  00000+0 -58001-3 0  9997
2 45162  87.8782  55.2471 0001717  89.6012 270.5312 13.10374297295841
ONEWEB-0062             
1 45163U 20008AJ  26072.93879696  .00000644  00000+0  18090-2 0  9996
2 45163  87.8782  55.2249 0002229  90.5145 269.6238 13.10373279295713
ONEWEB-0065             
1 45164U 20008AK  26072.96934537 -.00000529  00000+0 -15519-2 0  9993
2 45164  87.8776  55.2273 0001669  75.0509 285.0803 13.10371781295416
ONEWEB-0066             
1 45424U 20020A   26073.30981224 -.00000499  00000+0 -14431-2 0  9998
2 45424  87.8875  39.9285 0001749  87.9389 272.1939 13.11415657290249
ONEWEB-0067             
1 45425U 20020B   26073.27097127  .00000522  00000+0  14356-2 0  9996
2 45425  87.8887  39.8460 0001632  81.4664 278.6649 13.11418024290298
ONEWEB-0080             
1 45426U 20020C   26073.27999771 -.00013382  00000+0 -37732-1 0  9995
2 45426  87.8867  39.9391 0002671 104.7988 255.3436 13.11625664290266
ONEWEB-0090             
1 45427U 20020D   26073.29978326 -.00000121  00000+0 -37633-3 0  9990
2 45427  87.8872  39.9293 0001887  82.9453 277.1889 13.11414268290233
ONEWEB-0061             
1 45428U 20020E   26072.95022986  .00000011  00000+0 -54340-5 0  9998
2 45428  87.8872  39.9854 0001867  81.2593 278.8746 13.11420246290145
ONEWEB-0081             
1 45429U 20020F   26072.93171550 -.00000500  00000+0 -14468-2 0  9997
2 45429  87.8872  40.0040 0001643  85.6618 274.4698 13.11415801290255
ONEWEB-0069             
1 45430U 20020G   26073.30214787  .00002165  00000+0  60691-2 0  9997
2 45430  87.8877  39.9250 0001832  82.0318 278.1018 13.11437367290236
ONEWEB-0031             
1 45431U 20020H   26072.96903738  .00000532  00000+0  14644-2 0  9993
2 45431  87.8864  40.0082 0001977  82.1148 278.0205 13.11417220290177
ONEWEB-0027             
1 45432U 20020J   26073.23380385 -.00000004  00000+0 -43583-4 0  9994
2 45432  87.9163  24.6974 0002144  74.8639 285.2730 13.17650125293859
ONEWEB-0064             
1 45433U 20020K   26073.27252982  .00000487  00000+0  13395-2 0  9999
2 45433  87.8864  39.9385 0002042  81.4693 278.6667 13.11417584290242
ONEWEB-0018             
1 45434U 20020L   26073.30473922 -.00000267  00000+0 -78986-3 0  9999
2 45434  87.8873  39.9299 0001933  91.8816 268.2534 13.11411978290190
ONEWEB-0083             
1 45435U 20020M   26073.29541155  .00000139  00000+0  35705-3 0  9990
2 45435  87.8877  39.9192 0001907  83.8159 276.3187 13.11414465290232
ONEWEB-0095             
1 45436U 20020N   26073.28621533  .00000476  00000+0  13079-2 0  9992
2 45436  87.8876  39.9295 0002089  61.5535 298.5803 13.11416154290237
ONEWEB-0092             
1 45437U 20020P   26072.95292214 -.00000049  00000+0 -17334-3 0  9993
2 45437  87.8874  39.9958 0001688  70.6114 289.5197 13.11418647290303
ONEWEB-0085             
1 45438U 20020Q   26073.29456124  .00000070  00000+0  16121-3 0  9999
2 45438  87.8870  39.9320 0001822  81.8174 278.3161 13.11414168290236
ONEWEB-0096             
1 45439U 20020R   26073.29625825  .00000017  00000+0  13331-4 0  9998
2 45439  87.8875  39.9202 0001760  82.8715 277.2613 13.11414236290229
ONEWEB-0037             
1 45440U 20020S   26072.97158207  .00000572  00000+0  15794-2 0  9998
2 45440  87.8883  39.9610 0001809  78.8149 281.3182 13.11416556290216
ONEWEB-0042             
1 45441U 20020T   26073.28594727  .00000444  00000+0  12160-2 0  9997
2 45441  87.8876  39.9197 0001753  81.9010 278.2316 13.11415119290228
ONEWEB-0098             
1 45442U 20020U   26073.28185394  .00000500  00000+0  13752-2 0  9995
2 45442  87.8874  39.9316 0001922  84.1377 275.9970 13.11415056290207
ONEWEB-0055             
1 45443U 20020V   26073.26489566  .00000319  00000+0  86432-3 0  9996
2 45443  87.8878  39.9347 0001868  83.0667 277.0674 13.11418778290179
ONEWEB-0093             
1 45444U 20020W   26072.93525244 -.00000464  00000+0 -13439-2 0  9993
2 45444  87.8877  39.9908 0001441  84.5103 275.6190 13.11416483290190
ONEWEB-0029             
1 45445U 20020X   26072.34085300  .00000121  00000+0  30490-3 0  9998
2 45445  87.8876  40.1203 0001724  85.9961 274.1364 13.11419251290095
ONEWEB-0068             
1 45446U 20020Y   26072.93497264 -.00000563  00000+0 -16235-2 0  9992
2 45446  87.8876  39.9932 0001658  86.1179 274.0138 13.11416695290111
ONEWEB-0046             
1 45447U 20020Z   26073.30811515 -.00000409  00000+0 -11894-2 0  9999
2 45447  87.8877  39.9258 0001614  78.6144 281.5165 13.11415462290174
ONEWEB-0063             
1 45448U 20020AA  26073.26065061  .00000095  00000+0  23233-3 0  9992
2 45448  87.8880  39.9327 0001754  73.8617 286.2704 13.11417827290250
ONEWEB-0019             
1 45449U 20020AB  26073.29950458 -.00000083  00000+0 -26926-3 0  9990
2 45449  87.8866  39.9186 0002015  83.7569 276.3789 13.11414215290100
ONEWEB-0094             
1 45450U 20020AC  26073.28272391 -.00000064  00000+0 -19792-3 0  9996
2 45450  87.9168  24.6841 0001852  86.7036 273.4307 13.17646738293815
ONEWEB-0087             
1 45451U 20020AD  26073.27069246  .00000431  00000+0  11791-2 0  9995
2 45451  87.8886  39.8976 0001627  88.7417 271.3897 13.11417025290147
ONEWEB-0082             
1 45452U 20020AE  26073.26743362  .00000312  00000+0  84326-3 0  9996
2 45452  87.8883  39.9221 0001731  88.5987 271.5339 13.11417116290239
ONEWEB-0050             
1 45453U 20020AF  26073.25783188  .00002190  00000+0  22491-3 0  9997
2 45453  88.9203 246.1295 0002242   6.4603 353.6655 14.90024318326243
ONEWEB-0034             
1 45454U 20020AG  26073.28863657  .00000450  00000+0  12347-2 0  9996
2 45454  87.8875  39.9223 0001864  84.0043 276.1297 13.11414918290157
ONEWEB-0060             
1 45455U 20020AH  26072.95460432  .00000195  00000+0  51366-3 0  9995
2 45455  87.8869  39.9994 0001547 115.9033 244.2255 13.11419615290066
ONEWEB-0086             
1 45456U 20020AJ  26072.93341269 -.00000508  00000+0 -14699-2 0  9997
2 45456  87.8877  39.9919 0002154 102.8702 257.2667 13.11416701290127
ONEWEB-0088             
1 45457U 20020AK  26073.29286833  .00000238  00000+0  63636-3 0  9997
2 45457  87.8886  39.8848 0001649  76.9334 283.1978 13.11414394290105
ONEWEB-0102             
1 47258U 20100A   26073.29493092 -.00000119  00000+0 -36546-3 0  9994
2 47258  87.9005   9.5154 0001902  88.1535 271.9812 13.12442889252284
ONEWEB-0109             
1 47259U 20100B   26073.30340369 -.00000333  00000+0 -95962-3 0  9990
2 47259  87.9012   9.4892 0001972  78.8144 281.3206 13.12442258252114
ONEWEB-0110             
1 47260U 20100C   26073.25425817  .00000226  00000+0  59162-3 0  9999
2 47260  87.9011   9.4834 0001835  87.1195 273.0144 13.12446211252277
ONEWEB-0111             
1 47261U 20100D   26073.28477120  .00000217  00000+0  56789-3 0  9999
2 47261  87.9008   9.4963 0001717  80.6961 279.4361 13.12442072252110
ONEWEB-0114             
1 47262U 20100E   26073.23902291 -.00000288  00000+0 -83473-3 0  9997
2 47262  87.9013   9.5004 0001997  72.4216 287.7131 13.12444087252065
ONEWEB-0117             
1 47263U 20100F   26073.30678425 -.00000398  00000+0 -11417-2 0  9995
2 47263  87.9009   9.4813 0001836  80.0872 280.0464 13.12443018252083
ONEWEB-0118             
1 47264U 20100G   26073.26444356  .00000463  00000+0  12514-2 0  9995
2 47264  87.9009   9.4923 0001876  68.0402 292.0926 13.12443044252271
ONEWEB-0119             
1 47265U 20100H   26073.28985345  .00000001  00000+0 -32955-4 0  9998
2 47265  87.9000   9.5126 0001843  78.2231 281.9104 13.12441826252255
ONEWEB-0120             
1 47266U 20100J   26073.23746420 -.00000306  00000+0 -88556-3 0  9999
2 47266  87.9004   9.5231 0001926  77.7369 282.3975 13.12443542252275
ONEWEB-0121             
1 47267U 20100K   26073.30170406 -.00000300  00000+0 -87011-3 0  9992
2 47267  87.9013   9.4875 0001766  85.5570 274.5761 13.12442610252194
ONEWEB-0122             
1 47268U 20100L   26073.29576770 -.00000168  00000+0 -50287-3 0  9992
2 47268  87.9010   9.4913 0001972  81.0350 279.1002 13.12440784252101
ONEWEB-0123             
1 47269U 20100M   26073.29154363 -.00000054  00000+0 -18678-3 0  9995
2 47269  87.9001   9.5109 0001773  75.3941 284.7384 13.12442172252244
ONEWEB-0124             
1 47270U 20100N   26073.28138218  .00000317  00000+0  84528-3 0  9994
2 47270  87.8999   9.5175 0001682  80.4758 279.6561 13.12441741252124
ONEWEB-0125             
1 47271U 20100P   26073.18311025  .00000322  00000+0  85890-3 0  9992
2 47271  87.9015   9.5087 0001459  74.5494 285.5795 13.12445722252173
ONEWEB-0126             
1 47272U 20100Q   26073.27982692  .00000410  00000+0  11036-2 0  9995
2 47272  87.9002   9.5122 0001949  76.6905 283.4440 13.12441708252257
ONEWEB-0127             
1 47273U 20100R   26073.24580580 -.00000086  00000+0 -27493-3 0  9999
2 47273  87.8999   9.5222 0001960  78.1539 281.9809 13.12443730252277
ONEWEB-0128             
1 47274U 20100S   26073.26783323  .00000437  00000+0  11792-2 0  9994
2 47274  87.8998   9.5321 0001847  90.0318 270.1022 13.12443835252294
ONEWEB-0129             
1 47275U 20100T   26073.24750213 -.00000002  00000+0 -41969-4 0  9996
2 47275  87.9010   9.4997 0002917  70.5234 289.6210 13.12444172252220
ONEWEB-0130             
1 47276U 20100U   26073.27460951  .00000520  00000+0  14095-2 0  9998
2 47276  87.9010   9.4888 0001936  80.6166 279.5181 13.12442718252191
ONEWEB-0131             
1 47277U 20100V   26073.27121777  .00000475  00000+0  12844-2 0  9998
2 47277  87.8998   9.5183 0001865  81.4580 278.6760 13.12443056252239
ONEWEB-0132             
1 47278U 20100W   26073.30001231 -.00000304  00000+0 -88061-3 0  9993
2 47278  87.9006   9.5111 0001786  82.2058 277.9273 13.12442262252131
ONEWEB-0133             
1 47279U 20100X   26073.24058076 -.00000221  00000+0 -65022-3 0  9996
2 47279  87.9014   9.4883 0001802  83.6316 276.5018 13.12443602252284
ONEWEB-0134             
1 47280U 20100Y   26073.28646486  .00000173  00000+0  44523-3 0  9997
2 47280  87.9013   9.4767 0002038  83.7844 276.3516 13.12442198252263
ONEWEB-0135             
1 47281U 20100Z   26073.25765619  .00000322  00000+0  85903-3 0  9998
2 47281  87.9000   9.5173 0002038  87.3254 272.8108 13.12443913252283
ONEWEB-0136             
1 47282U 20100AA  26073.27630837  .00000492  00000+0  13322-2 0  9997
2 47282  87.9008   9.4871 0002113  84.9947 275.1423 13.12445393252215
ONEWEB-0137             
1 47283U 20100AB  26073.31016079 -.00000402  00000+0 -11516-2 0  9995
2 47283  87.9013   9.4863 0001877  73.8503 286.2832 13.12441492252127
ONEWEB-0138             
1 47284U 20100AC  26073.28815685  .00000106  00000+0  26050-3 0  9991
2 47284  87.9008   9.4995 0002026  80.9942 279.1416 13.12442258252200
ONEWEB-0139             
1 47285U 20100AD  26073.25272037  .00000122  00000+0  30310-3 0  9999
2 47285  87.9010   9.4937 0001845  78.2053 281.9283 13.12445793252278
ONEWEB-0140             
1 47286U 20100AE  26073.28307604  .00000243  00000+0  64137-3 0  9990
2 47286  87.9013   9.4764 0001786  86.7973 273.3360 13.12442324252244
ONEWEB-0141             
1 47287U 20100AF  26073.25243954  .00000151  00000+0  38392-3 0  9997
2 47287  87.9009   9.4887 0001772  68.1666 291.9651 13.12444696252225
ONEWEB-0142             
1 47288U 20100AG  26073.24085364 -.00000285  00000+0 -82731-3 0  9992
2 47288  87.9010   9.5155 0002049  69.0804 291.0543 13.12445587252219
ONEWEB-0143             
1 47289U 20100AH  26073.25088155  .00000093  00000+0  22225-3 0  9992
2 47289  87.9008   9.5097 0001800  77.2704 282.8626 13.12444411252198
ONEWEB-0144             
1 47290U 20100AJ  26073.29830787 -.00000238  00000+0 -69559-3 0  9998
2 47290  87.9013   9.4703 0002169  77.7959 282.3412 13.12440445252129
ONEWEB-0145             
1 47291U 20100AK  26073.26952849  .00000564  00000+0  15322-2 0  9998
2 47291  87.9006   9.5143 0001921  77.6498 282.4846 13.12442834252310
ONEWEB-0146             
1 47292U 20100AL  26073.26612356  .00000491  00000+0  13306-2 0  9994
2 47292  87.9010   9.4999 0001529  85.8316 274.2988 13.12442210252222
ONEWEB-0147             
1 47293U 20100AM  26073.30848159 -.00000306  00000+0 -88672-3 0  9998
2 47293  87.9010   9.4718 0002003  85.7346 274.4011 13.12443414252127
ONEWEB-0115             
1 48042U 21025A   26073.25843395  .00000355  00000+0  93595-3 0  9991
2 48042  87.9042 339.1055 0001652  79.0979 281.0336 13.13470559241133
ONEWEB-0152             
1 48043U 21025B   26073.27197532  .00000321  00000+0  84397-3 0  9992
2 48043  87.9033 339.1045 0001667  80.3928 279.7389 13.13469772241090
ONEWEB-0153             
1 48044U 21025C   26073.17379370  .00000236  00000+0  61269-3 0  9992
2 48044  87.9033 339.1286 0001793  76.4747 283.6582 13.13471216241076
ONEWEB-0154             
1 48045U 21025D   26073.24657353  .00000174  00000+0  44273-3 0  9998
2 48045  87.9035 339.1116 0001755  81.3582 278.7746 13.13472414241046
ONEWEB-0116             
1 48046U 21025E   26073.28551507 -.00000011  00000+0 -65202-4 0  9995
2 48046  87.9038 339.0934 0001597  85.8213 274.3099 13.13469376241193
ONEWEB-0150             
1 48047U 21025F   26073.26181951  .00000360  00000+0  95053-3 0  9997
2 48047  87.9043 339.0945 0001652  72.6105 287.5204 13.13470695241086
ONEWEB-0107             
1 48048U 21025G   26073.26351516  .00000402  00000+0  10655-2 0  9995
2 48048  87.9042 339.0899 0001958  74.3138 285.8207 13.13469791241065
ONEWEB-0101             
1 48049U 21025H   26073.22626924 -.00000176  00000+0 -51603-3 0  9999
2 48049  87.9032 339.1227 0001906  80.3028 279.8317 13.13470734241030
ONEWEB-0113             
1 48050U 21025J   26073.20727146  .00000041  00000+0  75960-4 0  9999
2 48050  87.9041 339.0450 0001423  87.1959 272.9333 13.13950538241139
ONEWEB-0112             
1 48051U 21025K   26073.26858889  .00000349  00000+0  92111-3 0  9992
2 48051  87.9043 339.0862 0001976  80.5596 279.5756 13.13470713241130
ONEWEB-0156             
1 48052U 21025L   26073.27705447  .00000183  00000+0  46551-3 0  9998
2 48052  87.9044 339.0958 0001788  74.1555 285.9771 13.13469812241117
ONEWEB-0161             
1 48053U 21025M   26073.25166501  .00000249  00000+0  64744-3 0  9996
2 48053  87.9031 339.1095 0001832  73.1084 287.0246 13.13470774241044
ONEWEB-0158             
1 48054U 21025N   26073.28720804 -.00000032  00000+0 -12266-3 0  9996
2 48054  87.9038 339.0937 0001661  88.8119 271.3200 13.13470846241178
ONEWEB-0157             
1 48055U 21025P   26073.23642501  .00000001  00000+0 -32197-4 0  9990
2 48055  87.9034 339.1091 0002099  74.7088 285.4273 13.13470691241109
ONEWEB-0162             
1 48056U 21025Q   26073.21257685 -.00000252  00000+0 -72475-3 0  9995
2 48056  87.9038 339.1180 0001694  73.3901 286.7414 13.13468972241078
ONEWEB-0155             
1 48057U 21025R   26073.21949659 -.00000279  00000+0 -79966-3 0  9996
2 48057  87.9034 339.1149 0001888  83.9729 276.1615 13.13469780241210
ONEWEB-0149             
1 48058U 21025S   26073.24150149  .00000079  00000+0  18037-3 0  9996
2 48058  87.9039 339.1077 0001638  73.3460 286.7849 13.13471131241022
ONEWEB-0148             
1 48059U 21025T   26073.20425054  .00000087  00000+0  20408-3 0  9997
2 48059  87.9034 339.1289 0001707  58.5703 301.5593 13.13471384241140
ONEWEB-0160             
1 48060U 21025U   26073.29735823 -.00000252  00000+0 -72577-3 0  9996
2 48060  87.9033 339.1066 0001280 101.9642 258.1631 13.13470891241103
ONEWEB-0163             
1 48061U 21025V   26073.28213210  .00000026  00000+0  37659-4 0  9997
2 48061  87.9036 339.1022 0002014  75.0158 285.1194 13.13470431241225
ONEWEB-0159             
1 48062U 21025W   26073.27366883  .00000276  00000+0  72043-3 0  9994
2 48062  87.9041 339.0911 0001916  71.7405 288.3932 13.13469320241147
ONEWEB-0164             
1 48063U 21025X   26073.25504695  .00000259  00000+0  67432-3 0  9995
2 48063  87.9044 339.1009 0001700  80.0007 280.1314 13.13471238241125
ONEWEB-0167             
1 48064U 21025Y   26073.28298988  .00000047  00000+0  94925-4 0  9997
2 48064  87.9030 339.1147 0002377  87.4824 272.6577 13.13470365241119
ONEWEB-0166             
1 48065U 21025Z   26073.22964771 -.00000168  00000+0 -49469-3 0  9990
2 48065  87.9038 339.0887 0001726  74.3590 285.7730 13.13470554241183
ONEWEB-0151             
1 48066U 21025AA  26073.23134987 -.00000119  00000+0 -35956-3 0  9992
2 48066  87.9025 339.1147 0001874  80.4545 279.6796 13.13469871241120
ONEWEB-0170             
1 48067U 21025AB  26073.23980743  .00000027  00000+0  38334-4 0  9992
2 48067  87.9030 339.1133 0001787  95.2167 264.9167 13.13471043241087
ONEWEB-0168             
1 48068U 21025AC  26073.22456843 -.00000215  00000+0 -62275-3 0  9992
2 48068  87.9041 339.1077 0001907  75.2592 284.8749 13.13470884241091
ONEWEB-0173             
1 48069U 21025AD  26073.29228782 -.00000179  00000+0 -52613-3 0  9993
2 48069  87.9039 339.1013 0002135  77.2840 282.8528 13.13470454241345
ONEWEB-0171             
1 48070U 21025AE  26073.25334684  .00000269  00000+0  70193-3 0  9991
2 48070  87.9031 339.1207 0001759  80.8682 279.2646 13.13469871241150
ONEWEB-0172             
1 48071U 21025AF  26073.23303741 -.00000105  00000+0 -32297-3 0  9994
2 48071  87.9029 339.1123 0001938  81.3063 278.8285 13.13470849242043
ONEWEB-0174             
1 48072U 21025AG  26073.29059443 -.00000110  00000+0 -33527-3 0  9991
2 48072  87.9028 339.1023 0001767  72.6067 287.5255 13.13469950241379
ONEWEB-0175             
1 48073U 21025AH  26073.24489319  .00000160  00000+0  40277-3 0  9999
2 48073  87.9040 339.0871 0001955  88.5350 271.6004 13.13470631241020
ONEWEB-0177             
1 48074U 21025AJ  26073.25673734  .00000304  00000+0  79717-3 0  9998
2 48074  87.9041 339.1060 0001870  72.1786 287.9547 13.13470996241218
ONEWEB-0178             
1 48075U 21025AK  26073.27550023  .00000253  00000+0  65908-3 0  9996
2 48075  87.9020 339.1289 0002013  81.5388 278.5969 13.13470359241263
ONEWEB-0108             
1 48076U 21025AL  26073.23472693 -.00000102  00000+0 -31438-3 0  9995
2 48076  87.9039 339.0983 0001513  75.5847 284.5450 13.13470898241182
ONEWEB-0169             
1 48077U 21025AM  26073.26689454  .00000298  00000+0  78190-3 0  9994
2 48077  87.9038 339.1067 0001556  81.9115 278.2191 13.13469444239849
ONEWEB-0176             
1 48210U 21031A   26073.10788070  .00000193  00000+0  48587-3 0  9998
2 48210  87.8978 308.6738 0001736  82.9349 277.1978 13.14501929235827
ONEWEB-0184             
1 48211U 21031B   26073.08091439  .00000032  00000+0  52386-4 0  9997
2 48211  87.8992 308.6701 0002353  97.2179 262.9218 13.14503802235797
ONEWEB-0179             
1 48212U 21031C   26073.12769577 -.00000119  00000+0 -35442-3 0  9999
2 48212  87.8982 308.6625 0001723  73.7938 286.3381 13.14503601235848
ONEWEB-0180             
1 48213U 21031D   26073.16020589  .00000118  00000+0  28312-3 0  9992
2 48213  87.8983 308.6576 0001949  79.3613 280.7736 13.14503354235732
ONEWEB-0218             
1 48214U 21031E   26073.18241506  .00000244  00000+0  62480-3 0  9993
2 48214  87.8981 308.6522 0002529  90.9820 269.1600 13.14502798235895
ONEWEB-0209             
1 48215U 21031F   26073.17130674  .00000250  00000+0  64032-3 0  9998
2 48215  87.8972 308.6806 0001805  74.5580 285.5749 13.14502768235891
ONEWEB-0198             
1 48216U 21031G   26073.15558684  .00000033  00000+0  54963-4 0  9994
2 48216  87.8975 308.6835 0002091  80.2660 279.8706 13.14502971236007
ONEWEB-0189             
1 48217U 21031H   26073.09201999  .00000233  00000+0  59304-3 0  9997
2 48217  87.8978 308.6729 0002016  81.6466 278.4893 13.14502685235732
ONEWEB-0196             
1 48218U 21031J   26073.14592879 -.00000064  00000+0 -20703-3 0  9999
2 48218  87.8981 308.6728 0001797  79.7093 280.4239 13.14503605235746
ONEWEB-0183             
1 48219U 21031K   26073.19667848  .00000018  00000+0  14749-4 0  9995
2 48219  87.8981 308.6628 0001524  75.2990 284.8308 13.14502483235840
ONEWEB-0185             
1 48220U 21031L   26073.14672140 -.00000120  00000+0 -35683-3 0  9998
2 48220  87.8980 308.6585 0001749  67.9484 292.1831 13.14502342235766
ONEWEB-0187             
1 48221U 21031M   26073.20288325 -.00000095  00000+0 -28944-3 0  9997
2 48221  87.8969 308.6790 0001846  75.1230 285.0104 13.14502473235781
ONEWEB-0192             
1 48222U 21031N   26073.17289179  .00000260  00000+0  66553-3 0  9992
2 48222  87.8966 308.6741 0001712  82.6435 277.4889 13.14502930235690
ONEWEB-0219             
1 48223U 21031P   26073.15227155 -.00000053  00000+0 -17626-3 0  9996
2 48223  87.8978 308.6636 0001754  74.4913 285.6411 13.14503869235899
ONEWEB-0202             
1 48224U 21031Q   26073.13323668 -.00000135  00000+0 -39799-3 0  9997
2 48224  87.8980 308.6758 0002352  89.7968 270.3431 13.14501835235874
ONEWEB-0204             
1 48225U 21031R   26073.16733445  .00000167  00000+0  41708-3 0  9995
2 48225  87.8979 308.6633 0001454  71.5386 288.5902 13.14504265235773
ONEWEB-0205             
1 48226U 21031S   26073.21887605 -.00000210  00000+0 -60002-3 0  9999
2 48226  87.8979 308.6454 0001759  75.8984 284.2341 13.14503483235797
ONEWEB-0206             
1 48227U 21031T   26073.19192000  .00000129  00000+0  31343-3 0  9998
2 48227  87.8988 308.6510 0001566  90.1600 269.9710 13.14503435235744
ONEWEB-0182             
1 48228U 21031U   26073.18716614  .00000196  00000+0  49361-3 0  9994
2 48228  87.8977 308.6645 0001470  75.2194 284.9099 13.14502292235958
ONEWEB-0186             
1 48229U 21031V   26073.19826485  .00000015  00000+0  54013-5 0  9996
2 48229  87.8982 308.6493 0001711  79.4461 280.6861 13.14503438235905
ONEWEB-0181             
1 48230U 21031W   26073.17606636  .00000246  00000+0  62985-3 0  9991
2 48230  87.8968 308.6952 0001839  80.4123 279.7215 13.14502767235758
ONEWEB-0188             
1 48231U 21031X   26073.21412189 -.00000207  00000+0 -59243-3 0  9997
2 48231  87.8972 308.6857 0001641  80.1595 279.9720 13.14502344235663
ONEWEB-0220             
1 48232U 21031Y   26073.17765217  .00000245  00000+0  62699-3 0  9995
2 48232  87.8982 308.6528 0001756  73.8033 286.3290 13.14502929235925
ONEWEB-0165             
1 48233U 21031Z   26073.20620455 -.00000518  00000+0 -14331-2 0  9998
2 48233  87.8985 308.6635 0001873  79.5457 280.5883 13.14496823235885
ONEWEB-0199             
1 48234U 21031AA  26073.19033327  .00000220  00000+0  55855-3 0  9998
2 48234  87.8980 308.6490 0001553  85.0290 275.1017 13.14503156235788
ONEWEB-0203             
1 48235U 21031AB  26073.18081664  .00000290  00000+0  74888-3 0  9999
2 48235  87.8989 308.6511 0001702  87.7528 272.3797 13.14503705235796
ONEWEB-0197             
1 48236U 21031AC  26073.15530936  .00000040  00000+0  74315-4 0  9997
2 48236  87.8979 308.6541 0001428  73.0588 287.0698 13.14503328235703
ONEWEB-0194             
1 48237U 21031AD  26073.21095206 -.00000118  00000+0 -35361-3 0  9996
2 48237  87.8981 308.6608 0001569  89.5134 270.6175 13.14502886235881
ONEWEB-0193             
1 48238U 21031AE  26073.15068698 -.00000178  00000+0 -51393-3 0  9994
2 48238  87.8983 308.6644 0001517  98.0374 262.0928 13.14503781235828
ONEWEB-0191             
1 48239U 21031AF  26073.16179029  .00000048  00000+0  94607-4 0  9997
2 48239  87.8981 308.6578 0001570  81.8390 278.2917 13.14503210235688
ONEWEB-0195             
1 48240U 21031AG  26073.21491372 -.00000239  00000+0 -67821-3 0  9994
2 48240  87.8982 308.6433 0002089  81.4376 278.6990 13.14503452235679
ONEWEB-0201             
1 48241U 21031AH  26073.20313747 -.00000089  00000+0 -27434-3 0  9992
2 48241  87.8970 308.6745 0001687  67.5423 292.5886 13.14500675235903
ONEWEB-0207             
1 48242U 21031AJ  26073.18320230  .00000232  00000+0  59150-3 0  9993
2 48242  87.8980 308.6510 0001625  71.9222 288.2085 13.14504209235813
ONEWEB-0208             
1 48243U 21031AK  26073.16495858  .00000240  00000+0  61192-3 0  9999
2 48243  87.8980 308.6668 0001950  80.8463 279.2888 13.14503363235827
ONEWEB-0200             
1 48244U 21031AL  26073.20460798 -.00000088  00000+0 -27156-3 0  9994
2 48244  87.8978 308.6478 0001708  79.2490 280.8832 13.14502273235755
ONEWEB-0217             
1 48245U 21031AM  26073.22046521 -.00000108  00000+0 -32707-3 0  9992
2 48245  87.8981 308.6446 0002008  80.8511 279.2846 13.14503364235705
ONEWEB-0211             
1 48767U 21045A   26073.01367962  .00000182  00000+0  44615-3 0  9999
2 48767  87.8937 278.1041 0002096  93.9743 266.1627 13.16143768231928
ONEWEB-0223             
1 48768U 21045B   26073.27372336  .00000037  00000+0  63099-4 0  9996
2 48768  87.8943 278.1351 0001969  99.6513 260.4840 13.15548588231928
ONEWEB-0230             
1 48769U 21045C   26073.09309005  .00000227  00000+0  56967-3 0  9996
2 48769  87.8933 278.1936 0001503  89.5020 270.6282 13.15547970232166
ONEWEB-0237             
1 48770U 21045D   26073.08199463  .00000135  00000+0  32404-3 0  9990
2 48770  87.8933 278.1972 0001730  98.5055 261.6271 13.15548318231881
ONEWEB-0235             
1 48771U 21045E   26073.05663986  .00000065  00000+0  13870-3 0  9992
2 48771  87.8943 278.1789 0001988 102.0121 258.1232 13.15548727231870
ONEWEB-0242             
1 48772U 21045F   26073.12635810 -.00000115  00000+0 -33910-3 0  9991
2 48772  87.8944 278.1605 0001624  96.4022 263.7293 13.15548344231922
ONEWEB-0241             
1 48773U 21045G   26073.26580136  .00000071  00000+0  15475-3 0  9992
2 48773  87.8933 278.1619 0002046  94.3976 265.7388 13.15548993231859
ONEWEB-0243             
1 48774U 21045H   26073.29747931  .00000065  00000+0  13841-3 0  9992
2 48774  87.8934 278.1667 0001602 110.6909 249.4394 13.15551791231888
ONEWEB-0222             
1 48775U 21045J   26073.12874399 -.00000064  00000+0 -20537-3 0  9995
2 48775  87.8942 278.1608 0001792  93.3349 266.7986 13.15548645231904
ONEWEB-0244             
1 48776U 21045K   26073.00276930  .00000180  00000+0  44383-3 0  9992
2 48776  87.8941 278.1764 0001681  95.2952 264.8370 13.15547765232454
ONEWEB-0247             
1 48777U 21045L   26073.30383432  .00000033  00000+0  53510-4 0  9992
2 48777  87.8933 278.1603 0002001 115.6530 244.4807 13.15548278231935
ONEWEB-0245             
1 48778U 21045M   26073.29907212 -.00000015  00000+0 -74547-4 0  9994
2 48778  87.8942 278.1317 0001858  89.4986 270.6358 13.15547967231903
ONEWEB-0229             
1 48779U 21045N   26073.29431947 -.00000015  00000+0 -73299-4 0  9995
2 48779  87.8946 278.1310 0001606  95.3512 264.7801 13.15548276231937
ONEWEB-0228             
1 48780U 21045P   26073.09956939  .00000122  00000+0  28943-3 0  9990
2 48780  87.8943 278.1573 0001689  94.0118 266.1206 13.15547529231829
ONEWEB-0232             
1 48781U 21045Q   26073.30224093 -.00000020  00000+0 -88442-4 0  9994
2 48781  87.8954 278.1162 0001668  91.4988 268.6333 13.15547260232178
ONEWEB-0231             
1 48782U 21045R   26073.28006131 -.00000056  00000+0 -18230-3 0  9999
2 48782  87.8936 278.1466 0001854  95.7950 264.3392 13.15548897231869
ONEWEB-0234             
1 48783U 21045S   26073.08975988  .00000233  00000+0  58443-3 0  9998
2 48783  87.8933 278.1627 0002164  70.5017 289.6347 13.15550550231977
ONEWEB-0238             
1 48784U 21045T   26073.09006105  .00000188  00000+0  46608-3 0  9995
2 48784  87.8933 278.1562 0001868  78.4704 281.6636 13.15547894231875
ONEWEB-0240             
1 48785U 21045U   26073.26343759  .00000165  00000+0  40302-3 0  9994
2 48785  87.8956 278.1244 0002000  93.0384 267.0975 13.15548236231925
ONEWEB-0246             
1 48786U 21045V   26073.02970600  .00000181  00000+0  44678-3 0  9998
2 48786  87.8945 278.1801 0001579  94.2823 265.8488 13.15548026231768
ONEWEB-0210             
1 48787U 21045W   26073.00435137  .00000208  00000+0  51901-3 0  9995
2 48787  87.8943 278.1816 0001709 122.4130 237.7166 13.15548627231806
ONEWEB-0214             
1 48788U 21045X   26073.08913009  .00000178  00000+0  43893-3 0  9990
2 48788  87.8946 278.1606 0001431 102.9460 257.1830 13.15548743231788
ONEWEB-0221             
1 48789U 21045Y   26073.09625602  .00000196  00000+0  48747-3 0  9994
2 48789  87.8943 278.1695 0001818  95.9061 264.2277 13.15548386231878
ONEWEB-0213             
1 48790U 21045Z   26073.00910251  .00000237  00000+0  59580-3 0  9997
2 48790  87.8942 278.1905 0001728 100.4739 259.6586 13.15548948231928
ONEWEB-0212             
1 48791U 21045AA  26073.29035912 -.00000057  00000+0 -18549-3 0  9993
2 48791  87.8945 278.1286 0001658  88.7544 271.3776 13.15547846231959
ONEWEB-0227             
1 48792U 21045AB  26073.28956990 -.00000136  00000+0 -39597-3 0  9995
2 48792  87.8943 278.1313 0001750  91.2955 268.8376 13.15547876231902
ONEWEB-0226             
1 48793U 21045AC  26073.28322691 -.00000099  00000+0 -29729-3 0  9995
2 48793  87.8933 278.1413 0001639 101.6565 258.4749 13.15547965231876
ONEWEB-0224             
1 48794U 21045AD  26073.09468510  .00000139  00000+0  33397-3 0  9995
2 48794  87.8935 278.2150 0002517  83.2530 276.8887 13.15550129231773
ONEWEB-0233             
1 48795U 21045AE  26073.09928643  .00000145  00000+0  35185-3 0  9998
2 48795  87.8931 278.2231 0001905  95.8518 264.2829 13.15548556231795
ONEWEB-0190             
1 48796U 21045AF  26072.93462970  .00000206  00000+0  51230-3 0  9994
2 48796  87.8932 278.2173 0002066 109.6723 250.4630 13.15549066231843
ONEWEB-0236             
1 48797U 21045AG  26073.25629144  .00000153  00000+0  37310-3 0  9993
2 48797  87.8931 278.1640 0001638  84.7688 275.3629 13.15548488231771
ONEWEB-0248             
1 48798U 21045AH  26073.26896263  .00000028  00000+0  41275-4 0  9990
2 48798  87.8943 278.1353 0002124  96.3124 263.8249 13.15550942231937
ONEWEB-0225             
1 48799U 21045AJ  26073.29115006 -.00000080  00000+0 -24734-3 0  9993
2 48799  87.8935 278.1463 0002027 106.0347 254.1007 13.15547947231946
ONEWEB-0215             
1 48800U 21045AK  26073.26105206  .00000161  00000+0  39380-3 0  9995
2 48800  87.8946 278.1257 0002203 105.7397 254.3977 13.15548981231812
ONEWEB-0216             
1 48801U 21045AL  26073.27053922  .00000052  00000+0  10341-3 0  9999
2 48801  87.8934 278.1428 0001522  90.8550 269.2755 13.15552945231823
ONEWEB-0239             
1 48802U 21045AM  26073.27530877  .00000070  00000+0  15109-3 0  9996
2 48802  87.8931 278.1556 0002372 100.7318 259.4080 13.15548711231862
ONEWEB-0249             
1 48967U 21060A   26072.90470696  .00000032  00000+0  48923-4 0  9995
2 48967  87.9010 247.7267 0001787  96.7449 263.3885 13.16594439227076
ONEWEB-0250             
1 48968U 21060B   26073.21794060  .00000092  00000+0  18012-3 0  9996
2 48968  87.9010 245.7290 0002541  79.8721 280.2701 13.25827951227630
ONEWEB-0252             
1 48970U 21060D   26073.23956601  .00000183  00000+0  44500-3 0  9994
2 48970  87.9007 247.6525 0001503 104.1884 255.9414 13.16594101227166
ONEWEB-0253             
1 48971U 21060E   26073.22848993  .00000113  00000+0  26162-3 0  9995
2 48971  87.9007 247.6604 0001744  97.3343 262.7986 13.16595523227096
ONEWEB-0254             
1 48972U 21060F   26073.23798401  .00000137  00000+0  32406-3 0  9999
2 48972  87.9011 247.6533 0002003  99.7729 260.3629 13.16593646227098
ONEWEB-0255             
1 48973U 21060G   26072.89599754 -.00000009  00000+0 -56206-4 0  9996
2 48973  87.9009 247.7305 0001874  99.6128 260.5214 13.16594669227123
ONEWEB-0256             
1 48974U 21060H   26073.22611076  .00000063  00000+0  13110-3 0  9991
2 48974  87.9010 247.6721 0001540  96.7294 263.4013 13.16595139227132
ONEWEB-0257             
1 48975U 21060J   26072.95457587  .00000022  00000+0  23312-4 0  9997
2 48975  87.9010 247.7100 0001702 101.8499 258.2823 13.16594249227053
ONEWEB-0258             
1 48976U 21060K   26072.95617778  .00000026  00000+0  33274-4 0  9990
2 48976  87.9009 247.7214 0001723  95.1820 264.9508 13.16597120227060
ONEWEB-0259             
1 48977U 21060L   26073.02582000  .00000040  00000+0  71451-4 0  9994
2 48977  87.9012 247.7060 0001844  97.3251 262.8090 13.16594231227108
ONEWEB-0260             
1 48978U 21060M   26073.24509594  .00000104  00000+0  23858-3 0  9994
2 48978  87.9010 247.6682 0001323 108.2052 251.9223 13.16595072227111
ONEWEB-0261             
1 48979U 21060N   26072.91100650  .00000061  00000+0  12647-3 0  9994
2 48979  87.8997 247.7346 0001866 107.0012 253.1324 13.16591576227120
ONEWEB-0262             
1 48980U 21060P   26072.96724327 -.00000020  00000+0 -86082-4 0  9996
2 48980  87.9011 247.7061 0001969  94.7291 265.4065 13.16594104227093
ONEWEB-0263             
1 48981U 21060Q   26073.22689484  .00000071  00000+0  15215-3 0  9994
2 48981  87.9008 247.6655 0001958 104.8513 255.2835 13.16593912227094
ONEWEB-0264             
1 48982U 21060R   26073.26409899  .00000034  00000+0  54329-4 0  9998
2 48982  87.9008 247.6620 0001623 104.8234 255.3077 13.16593160227102
ONEWEB-0266             
1 48984U 21060T   26072.90548849  .00000032  00000+0  50410-4 0  9994
2 48984  87.9010 247.7229 0001667  93.5876 266.5446 13.16596661227043
ONEWEB-0267             
1 48985U 21060U   26073.22056284  .00000020  00000+0  19739-4 0  9994
2 48985  87.9005 247.6565 0001762 103.1951 256.9377 13.16593626227097
ONEWEB-0268             
1 48986U 21060V   26072.88491312  .00000000  00000+0 -34910-4 0  9998
2 48986  87.9009 247.7333 0001595  98.6127 261.5185 13.16594481227317
ONEWEB-0269             
1 48987U 21060W   26073.24589647  .00000158  00000+0  37870-3 0  9999
2 48987  87.8998 247.6745 0001457  93.6568 266.4729 13.16594707227130
ONEWEB-0270             
1 48988U 21060X   26073.03532529 -.00000051  00000+0 -16626-3 0  9994
2 48988  87.9009 247.7052 0002071 101.4469 258.6895 13.16593966227142
ONEWEB-0271             
1 48989U 21060Y   26073.02263825  .00000096  00000+0  21771-3 0  9998
2 48989  87.9009 247.6985 0001838 103.5444 256.5892 13.16596864227147
ONEWEB-0272             
1 48990U 21060Z   26072.96880634 -.00000025  00000+0 -98995-4 0  9992
2 48990  87.9009 247.7206 0001636 105.4924 254.6387 13.16592682227081
ONEWEB-0273             
1 48991U 21060AA  26073.21898299  .00000057  00000+0  11547-3 0  9998
2 48991  87.9006 247.6686 0001816  99.7628 260.3709 13.16593959227097
ONEWEB-0274             
1 48992U 21060AB  26073.24431549  .00000099  00000+0  22636-3 0  9990
2 48992  87.8997 247.6764 0001430 105.8771 254.2518 13.16594307227136
ONEWEB-0275             
1 48993U 21060AC  26073.23323091  .00000188  00000+0  45825-3 0  9996
2 48993  87.9007 247.6584 0001681 100.1853 259.9468 13.16593993227065
ONEWEB-0276             
1 48994U 21060AD  26073.19048400  .00000084  00000+0  18602-3 0  9998
2 48994  87.9009 247.6668 0001837  95.0144 265.1196 13.16595106227075
ONEWEB-0277             
1 48995U 21060AE  26072.97514491  .00000030  00000+0  44878-4 0  9998
2 48995  87.8996 247.7253 0001795 101.2602 258.8731 13.16594714227037
ONEWEB-0278             
1 48996U 21060AF  26072.96565340 -.00000001  00000+0 -37167-4 0  9990
2 48996  87.9011 247.7088 0001690  88.6038 271.5287 13.16594379227167
ONEWEB-0279             
1 48997U 21060AG  26072.97357491  .00000008  00000+0 -13805-4 0  9997
2 48997  87.9011 247.7065 0001760 105.8559 254.2766 13.16593757227092
ONEWEB-0280             
1 48998U 21060AH  26072.91262272  .00000114  00000+0  26422-3 0  9999
2 48998  87.9008 247.7237 0002018  93.0585 267.0777 13.16594600227029
ONEWEB-0281             
1 48999U 21060AJ  26072.99415865  .00000085  00000+0  18900-3 0  9995
2 48999  87.9006 247.7017 0001541  97.8207 262.3099 13.16593451227104
ONEWEB-0282             
1 49000U 21060AK  26073.02423863  .00000039  00000+0  68148-4 0  9990
2 49000  87.9011 247.7058 0001784  93.6945 266.4390 13.16594382227081
ONEWEB-0283             
1 49001U 21060AL  26073.24114542  .00000118  00000+0  27586-3 0  9994
2 49001  87.9008 247.6627 0001721 102.3144 257.8180 13.16594183227124
ONEWEB-0284             
1 49002U 21060AM  26073.23481964  .00000179  00000+0  43340-3 0  9992
2 49002  87.9011 247.6555 0001886  89.6126 270.5222 13.16594158227107
ONEWEB-0285             
1 49075U 21075A   26073.29746795 -.00000193  00000+0 -57112-3 0  9990
2 49075  87.9008   9.4949 0001869  79.4697 280.6642 13.12441890222760
ONEWEB-0286             
1 49076U 21075B   26073.27955294  .00000260  00000+0  68740-3 0  9997
2 49076  87.9000   9.5248 0001679  73.8397 286.2916 13.12443018222119
ONEWEB-0287             
1 49077U 21075C   26073.24644652  .00000071  00000+0  14994-3 0  9990
2 49077  87.9160  24.7188 0001741  66.2062 293.9252 13.17648802221125
ONEWEB-0288             
1 49078U 21075D   26073.25597595  .00000323  00000+0  86254-3 0  9993
2 49078  87.9008   9.4975 0001898  75.8417 284.2922 13.12443727222733
ONEWEB-0289             
1 49079U 21075E   26073.28511575 -.00000040  00000+0 -13570-3 0  9990
2 49079  87.9163  24.7230 0002268  79.3359 280.8028 13.17647248221700
ONEWEB-0290             
1 49080U 21075F   26073.25826901  .00000071  00000+0  14843-3 0  9997
2 49080  87.9165  24.6974 0002416  84.9563 275.1844 13.17650261221119
ONEWEB-0291             
1 49081U 21075G   26073.24307794 -.00000009  00000+0 -56397-4 0  9995
2 49081  87.9168  24.7088 0002024  69.7239 290.4110 13.17648352221109
ONEWEB-0293             
1 49082U 21075H   26073.26839220  .00000025  00000+0  30802-4 0  9991
2 49082  87.9155  24.7139 0002022  78.9441 281.1918 13.17649391221138
ONEWEB-0294             
1 49083U 21075J   26073.26275574  .00000539  00000+0  14642-2 0  9990
2 49083  87.9011   9.4986 0002182  78.0402 282.0971 13.12443264222120
ONEWEB-0295             
1 49084U 21075K   26073.26754694  .00000039  00000+0  67123-4 0  9995
2 49084  87.9157  24.7188 0001925  69.6687 290.4652 13.17650725221092
ONEWEB-0296             
1 49085U 21075L   26073.24241157 -.00000244  00000+0 -71348-3 0  9992
2 49085  87.9016   9.5059 0001873  71.5189 288.6143 13.12444348222122
ONEWEB-0297             
1 49086U 21075M   26073.19668521  .00000455  00000+0  12282-2 0  9998
2 49086  87.8999   9.5398 0001779  75.1897 284.9428 13.12442170222721
ONEWEB-0298             
1 49087U 21075N   26073.12002485 -.00000083  00000+0 -24768-3 0  9995
2 49087  87.9155  24.7449 0001675  80.1852 279.9468 13.17647216221107
ONEWEB-0299             
1 49088U 21075P   26073.27344407 -.00000055  00000+0 -17588-3 0  9996
2 49088  87.9167  24.6857 0001774  74.6938 285.4390 13.17647868221105
ONEWEB-0300             
1 49089U 21075Q   26073.18905233  .00000499  00000+0  13508-2 0  9994
2 49089  87.9012   9.5097 0001444  81.1231 279.0061 13.12444483222744
ONEWEB-0301             
1 49090U 21075R   26073.24917090 -.00000159  00000+0 -47813-3 0  9999
2 49090  87.9008   9.4981 0001491  85.4905 274.6394 13.12444208222115
ONEWEB-0302             
1 49091U 21075S   26073.31187017 -.00000350  00000+0 -10088-2 0  9992
2 49091  87.9012   9.4949 0002118  75.4425 284.6938 13.12443638222108
ONEWEB-0304             
1 49092U 21075T   26073.24814169  .00000066  00000+0  13666-3 0  9998
2 49092  87.9163  24.7210 0001886  76.3249 283.8092 13.17650435221079
ONEWEB-0305             
1 49093U 21075U   26073.24139666 -.00000072  00000+0 -21910-3 0  9991
2 49093  87.9168  24.7010 0001788  67.2217 292.9103 13.17649078221107
ONEWEB-0308             
1 49094U 21075V   26073.30509168 -.00000343  00000+0 -98814-3 0  9995
2 49094  87.9012   9.4889 0001834  79.0711 281.0624 13.12442698222115
ONEWEB-0309             
1 49095U 21075W   26073.24475787  .00000107  00000+0  24304-3 0  9997
2 49095  87.9170  24.7147 0002270  74.9888 285.1494 13.17645597221074
ONEWEB-0310             
1 49096U 21075X   26073.24408897 -.00000238  00000+0 -69695-3 0  9995
2 49096  87.9012   9.5295 0001845  78.1906 281.9430 13.12445809222736
ONEWEB-0311             
1 49097U 21075Y   26073.25151650  .00000018  00000+0  14454-4 0  9997
2 49097  87.9167  24.7081 0001607  67.4081 292.7220 13.17652278221125
ONEWEB-0312             
1 49098U 21075Z   26073.26670215  .00000059  00000+0  11806-3 0  9994
2 49098  87.9163  24.7228 0002019  70.7868 289.3482 13.17648705221103
ONEWEB-0313             
1 49099U 21075AA  26073.27163612 -.00000183  00000+0 -50400-3 0  9997
2 49099  87.9159  24.7280 0001774  75.8721 284.2608 13.17648187221094
ONEWEB-0314             
1 49100U 21075AB  26073.23801414  .00000090  00000+0  19946-3 0  9990
2 49100  87.9168  24.6982 0001984  69.0510 291.0833 13.17649035221065
ONEWEB-0315             
1 49101U 21075AC  26073.29323626 -.00000125  00000+0 -38392-3 0  9998
2 49101  87.9015   9.4771 0001473  73.4754 286.6536 13.12442094222721
ONEWEB-0316             
1 49102U 21075AD  26073.23737261  .00000112  00000+0  25032-3 0  9998
2 49102  87.9237 354.3231 0001793  75.8981 284.2350 13.18685351224691
ONEWEB-0317             
1 49103U 21075AE  26073.29662646 -.00000116  00000+0 -35753-3 0  9996
2 49103  87.9012   9.4998 0002512  87.9235 272.2181 13.12442735222741
ONEWEB-0318             
1 49104U 21075AF  26073.23408214  .00000123  00000+0  27849-3 0  9993
2 49104  87.9246 354.3169 0001646  70.1400 289.9910 13.18685647224652
ONEWEB-0319             
1 49105U 21075AG  26073.25320373  .00000108  00000+0  24387-3 0  9992
2 49105  87.9158  24.7198 0001396  68.5793 291.5487 13.17649799221105
ONEWEB-0323             
1 49106U 21075AH  26073.27799523  .00000454  00000+0  12267-2 0  9999
2 49106  87.9010   9.4854 0001606  57.2271 302.9012 13.12442218222106
ONEWEB-0329             
1 49107U 21075AJ  26073.26164505  .00004534  00000+0  11643-1 0  9994
2 49107  87.9159  24.7182 0002025  74.2709 285.8645 13.17626944221088
ONEWEB-0330             
1 49108U 21075AK  26073.26900650 -.00000096  00000+0 -28709-3 0  9998
2 49108  87.9158  24.7273 0002084  74.9538 285.1823 13.16079859221123
ONEWEB-0292             
1 49186U 21083A   26073.24825940  .00000205  00000+0  52633-3 0  9992
2 49186  87.9024 339.1373 0001550  73.3717 286.7582 13.13473778218461
ONEWEB-0303             
1 49187U 21083B   26073.23078649  .00000065  00000+0  13094-3 0  9990
2 49187  87.9254 354.3198 0001662  73.2396 286.8918 13.18686368217466
ONEWEB-0306             
1 49188U 21083C   26073.29676528  .00000019  00000+0  14900-4 0  9994
2 49188  87.9254 354.2902 0001995  82.1386 277.9973 13.18686363217519
ONEWEB-0307             
1 49189U 21083D   26073.24235228  .00000088  00000+0  20494-3 0  9998
2 49189  87.9021 339.1282 0001752  80.0532 280.0795 13.13470700218469
ONEWEB-0320             
1 49190U 21083E   26073.23708491  .00000081  00000+0  17493-3 0  9994
2 49190  87.9243 354.3280 0001797  77.8065 282.3268 13.18133205217468
ONEWEB-0321             
1 49191U 21083F   26072.97463601 -.00000003  00000+0 -38755-4 0  9997
2 49191  87.9164 293.4476 0001923  91.9246 268.2108 13.20770062224263
ONEWEB-0322             
1 49192U 21083G   26073.23811534  .00000026  00000+0  35518-4 0  9997
2 49192  87.9023 339.1339 0001983  94.6990 265.4365 13.13470738218453
ONEWEB-0324             
1 49193U 21083H   26073.29016863  .00000044  00000+0  79691-4 0  9996
2 49193  87.9250 354.2973 0001926  75.9042 284.2304 13.18686544217499
ONEWEB-0325             
1 49194U 21083J   26073.21759572  .00000071  00000+0  14711-3 0  9991
2 49194  87.9243 354.3284 0001748  80.0984 280.0345 13.18686792217496
ONEWEB-0326             
1 49195U 21083K   26073.30844658  .00000048  00000+0  87877-4 0  9990
2 49195  87.9247 354.3010 0001605  72.0694 288.0613 13.18685397217495
ONEWEB-0327             
1 49196U 21083L   26073.23228420  .00000006  00000+0 -16871-4 0  9997
2 49196  87.9241 354.3273 0001397  76.1676 283.9612 13.18685432217509
ONEWEB-0328             
1 49197U 21083M   26073.22795501 -.00000207  00000+0 -60100-3 0  9993
2 49197  87.9036 339.0972 0001737  79.1438 280.9887 13.13470780218432
ONEWEB-0331             
1 49198U 21083N   26073.22584022  .00000144  00000+0  33269-3 0  9992
2 49198  87.9254 354.3099 0001679  68.4020 291.7291 13.18687477217490
ONEWEB-0333             
1 49199U 21083P   26073.22287534 -.00000218  00000+0 -63093-3 0  9993
2 49199  87.9024 339.1349 0001711  79.5604 280.5718 13.13470683218443
ONEWEB-0334             
1 49200U 21083Q   26073.14352315 -.00000040  00000+0 -13116-3 0  9991
2 49200  87.9152 293.4313 0002278 109.2272 250.9108 13.20770226224245
ONEWEB-0335             
1 49201U 21083R   26073.29397692 -.00000179  00000+0 -52611-3 0  9991
2 49201  87.9027 339.1151 0001634  71.8404 288.2903 13.13469914218466
ONEWEB-0336             
1 49202U 21083S   26073.26520313  .00000362  00000+0  95641-3 0  9999
2 49202  87.9031 339.1164 0001622  67.0952 293.0348 13.13469854218457
ONEWEB-0337             
1 49203U 21083T   26073.19905483  .00000195  00000+0  49982-3 0  9998
2 49203  87.9023 339.1392 0001836  73.8200 286.3131 13.13469518218441
ONEWEB-0338             
1 49204U 21083U   26073.11826566  .00000151  00000+0  33951-3 0  9996
2 49204  87.9157 293.4411 0001822  95.7194 264.4147 13.20770704224265
ONEWEB-0339             
1 49205U 21083V   26073.28382374 -.00000017  00000+0 -80365-4 0  9994
2 49205  87.9035 339.1106 0001947  84.1061 276.0290 13.13470506218432
ONEWEB-0340             
1 49206U 21083W   26073.06088986 -.00000018  00000+0 -77541-4 0  9996
2 49206  87.9251 354.3480 0001705  75.9167 284.2155 13.18685635217430
ONEWEB-0341             
1 49207U 21083X   26073.21924148  .00000086  00000+0  18545-3 0  9994
2 49207  87.9248 354.3261 0002198  69.4692 290.6676 13.18686717217477
ONEWEB-0342             
1 49208U 21083Y   26073.12457678 -.00000115  00000+0 -31489-3 0  9991
2 49208  87.9169 293.4188 0001745  88.8588 271.2746 13.20768023224236
ONEWEB-0343             
1 49209U 21083Z   26073.30336105  .00000000  00000+0 -32568-4 0  9995
2 49209  87.9248 354.3039 0002370  78.5161 281.6237 13.18686022217535
ONEWEB-0344             
1 49210U 21083AA  26073.27874264  .00000112  00000+0  27102-3 0  9996
2 49210  87.9023 339.1345 0001992  70.3802 289.7542 13.13470776218430
ONEWEB-0345             
1 49211U 21083AB  26073.27028201  .00000353  00000+0  93309-3 0  9998
2 49211  87.9033 339.1044 0001995  71.3854 288.7492 13.13469425218442
ONEWEB-0346             
1 49212U 21083AC  26073.30004526 -.00000005  00000+0 -45648-4 0  9997
2 49212  87.9242 354.3122 0001386  59.2592 300.8676 13.18684459217472
ONEWEB-0348             
1 49213U 21083AD  26073.03935368  .00000116  00000+0  25222-3 0  9991
2 49213  87.9167 293.4386 0001569  66.4818 293.6480 13.20770591224250
ONEWEB-0350             
1 49214U 21083AE  26073.27958899  .00000124  00000+0  30541-3 0  9991
2 49214  87.9030 339.1019 0001956  70.0763 290.0577 13.13470576218478
ONEWEB-0351             
1 49215U 21083AF  26073.10866417  .00000082  00000+0  17007-3 0  9993
2 49215  87.9169 293.4229 0002479  94.9369 265.2047 13.20771091224225
ONEWEB-0352             
1 49216U 21083AG  26073.26012811  .00000381  00000+0  10090-2 0  9998
2 49216  87.9029 339.1217 0002097  85.8591 274.2778 13.13471494218565
ONEWEB-0354             
1 49217U 21083AH  26073.05828522  .00000026  00000+0  32280-4 0  9993
2 49217  87.9165 293.4325 0001719  76.8122 283.3203 13.20770257224253
ONEWEB-0355             
1 49218U 21083AJ  26073.28903629 -.00000120  00000+0 -36232-3 0  9998
2 49218  87.9023 339.1257 0001966  77.6528 282.4821 13.13469236218446
ONEWEB-0357             
1 49219U 21083AK  26072.90361543  .00000083  00000+0  17282-3 0  9990
2 49219  87.9166 293.4579 0001804  88.6760 271.4580 13.20770794224231
ONEWEB-0332             
1 49279U 21090A   26073.14751761 -.00000092  00000+0 -28298-3 0  9997
2 49279  87.8981 308.6751 0001693  89.7036 270.4288 13.14503184215094
ONEWEB-0347             
1 49280U 21090B   26072.89415170  .00000076  00000+0  15597-3 0  9999
2 49280  87.9168 293.4683 0001494  93.9911 266.1393 13.20770518218464
ONEWEB-0349             
1 49281U 21090C   26073.30450188  .00000042  00000+0  70728-4 0  9996
2 49281  87.9162 293.3865 0001679  85.5213 274.6113 13.20771272217301
ONEWEB-0353             
1 49282U 21090D   26073.13958642 -.00000134  00000+0 -39602-3 0  9995
2 49282  87.8982 308.6709 0001605  91.5676 268.5638 13.14503454215093
ONEWEB-0356             
1 49283U 21090E   26073.30291701  .00000072  00000+0  14579-3 0  9996
2 49283  87.9165 293.3803 0000797  91.5846 268.5379 13.20770765217309
ONEWEB-0358             
1 49284U 21090F   26073.10564302  .00000129  00000+0  28620-3 0  9990
2 49284  87.9169 293.4225 0001570  81.7524 278.3787 13.20770340218006
ONEWEB-0359             
1 49285U 21090G   26073.10248741  .00000104  00000+0  22304-3 0  9993
2 49285  87.9170 293.4203 0001686  75.9918 284.1403 13.20771183217987
ONEWEB-0360             
1 49286U 21090H   26073.09300853  .00000158  00000+0  35674-3 0  9998
2 49286  87.9167 293.4287 0001724  81.5584 278.5745 13.20770547217294
ONEWEB-0361             
1 49287U 21090J   26073.14982571  .00000070  00000+0  13908-3 0  9997
2 49287  87.9166 293.4152 0001425  82.2303 277.8992 13.20769643217752
ONEWEB-0362             
1 49288U 21090K   26073.17878674  .00000117  00000+0  26028-3 0  9998
2 49288  87.9226 323.9118 0001973  80.5952 279.5404 13.19724879214383
ONEWEB-0363             
1 49289U 21090L   26073.16561698  .00000096  00000+0  20519-3 0  9998
2 49289  87.9167 293.4127 0001316  81.8127 278.3156 13.20771056217765
ONEWEB-0364             
1 49290U 21090M   26073.12773665  .00000064  00000+0  12659-3 0  9996
2 49290  87.9153 293.4341 0001555  85.9952 274.1359 13.20770944218895
ONEWEB-0365             
1 49291U 21090N   26073.11244644  .00000113  00000+0  25048-3 0  9997
2 49291  87.9236 323.9047 0001786  83.7660 276.3676 13.19724879213882
ONEWEB-0366             
1 49292U 21090P   26073.13641727 -.00000111  00000+0 -33497-3 0  9990
2 49292  87.8970 308.6808 0001635  80.6549 279.4766 13.14503614215071
ONEWEB-0367             
1 49293U 21090Q   26073.16402810  .00000127  00000+0  28031-3 0  9995
2 49293  87.9166 293.4128 0001870  87.4095 272.7252 13.20770679217283
ONEWEB-0368             
1 49294U 21090R   26073.13719734  .00000033  00000+0  50253-4 0  9997
2 49294  87.9156 293.4394 0001303 113.7550 246.3720 13.20770267218436
ONEWEB-0369             
1 49295U 21090S   26073.10771036 -.00000007  00000+0 -50209-4 0  9992
2 49295  87.9224 323.9234 0001659  83.2237 276.9085 13.19724602213878
ONEWEB-0370             
1 49296U 21090T   26073.17350969  .00000177  00000+0  40461-3 0  9992
2 49296  87.9166 293.4123 0001879  80.0610 280.0736 13.20770462217326
ONEWEB-0371             
1 49297U 21090U   26073.19142537  .00000088  00000+0  18831-3 0  9992
2 49297  87.9224 323.8955 0001808  79.7852 280.3484 13.19724549213926
ONEWEB-0372             
1 49298U 21090V   26073.16232756  .00000097  00000+0  20592-3 0  9990
2 49298  87.9166 293.4147 0001674  89.3588 270.7737 13.20770872217291
ONEWEB-0373             
1 49299U 21090W   26073.03777129  .00000173  00000+0  39405-3 0  9993
2 49299  87.9160 293.4442 0001599  81.4226 278.7088 13.20771063218462
ONEWEB-0374             
1 49300U 21090X   26073.19985082 -.00000040  00000+0 -14215-3 0  9999
2 49300  87.8978 308.6528 0001093  80.2603 279.8650 13.14502646215084
ONEWEB-0375             
1 49301U 21090Y   26073.10091140  .00000155  00000+0  34834-3 0  9998
2 49301  87.9171 293.4196 0001241  70.9527 289.1741 13.20771153217972
ONEWEB-0376             
1 49302U 21090Z   26073.18983651  .00000005  00000+0 -18898-4 0  9992
2 49302  87.9237 323.8893 0001773  89.7848 270.3488 13.19724698213923
ONEWEB-0377             
1 49303U 21090AA  26073.08683814  .00000069  00000+0  13853-3 0  9994
2 49303  87.9163 293.4243 0001712  79.2395 280.8931 13.20770649217963
ONEWEB-0378             
1 49304U 21090AB  26073.10892618  .00000087  00000+0  18164-3 0  9992
2 49304  87.9160 293.4303 0001514  84.5681 275.5625 13.20770582217232
ONEWEB-0379             
1 49305U 21090AC  26073.19508899  .00000051  00000+0  10387-3 0  9997
2 49305  87.8982 308.6635 0001521  83.3490 276.7813 13.14503412215086
ONEWEB-0380             
1 49306U 21090AD  26073.18667949  .00000018  00000+0  12939-4 0  9998
2 49306  87.9224 323.9052 0001600  75.9297 284.2014 13.19723876213897
ONEWEB-0381             
1 49307U 21090AE  26073.15929845  .00000068  00000+0  13521-3 0  9994
2 49307  87.9163 293.4146 0001441  72.5997 287.5294 13.20770117217283
ONEWEB-0382             
1 49308U 21090AF  26073.29818054  .00000023  00000+0  25287-4 0  9993
2 49308  87.9166 293.3825 0001333  85.2094 274.9192 13.20770110217290
ONEWEB-0383             
1 49309U 21090AG  26073.18874817  .00000187  00000+0  47040-3 0  9992
2 49309  87.8981 308.6509 0001452  84.5452 275.5844 13.14502326215111
ONEWEB-0384             
1 49310U 21090AH  26073.13788722  .00000063  00000+0  12344-3 0  9990
2 49310  87.9170 293.4574 0001133  91.2022 268.9241 13.20807340217289
ONEWEB-0385             
1 49311U 21090AJ  26073.13879187  .00000010  00000+0 -68843-5 0  9997
2 49311  87.9163 293.4192 0001462  88.3083 271.8218 13.20771404217252
ONEWEB-0386             
1 49312U 21090AK  26073.15614601  .00000069  00000+0  13803-3 0  9995
2 49312  87.9168 293.4002 0001384  88.1200 272.0092 13.20771002217279
ONEWEB-0387             
1 49313U 21090AL  26073.14035597 -.00000013  00000+0 -63276-4 0  9997
2 49313  87.9155 293.4403 0001581  75.0116 285.1192 13.20769975217273
ONEWEB-0388             
1 49314U 21090AM  26073.25775778  .00003803  00000+0  94666-2 0  9995
2 49314  87.9225 323.8877 0001519  85.3257 274.8049 13.19705555213898
ONEWEB-0389             
1 50469U 21132A   26073.27851384  .00000041  00000+0  72220-4 0  9990
2 50469  87.9156  24.7149 0001631  69.7238 290.4069 13.17650499205580
ONEWEB-0390             
1 50470U 21132B   26073.28019037  .00000079  00000+0  16986-3 0  9991
2 50470  87.9157  24.7144 0002085  76.0839 284.0524 13.17647868205581
ONEWEB-0391             
1 50471U 21132C   26073.28188945  .00000107  00000+0  24333-3 0  9994
2 50471  87.9156  24.7235 0001843  53.6856 306.4445 13.17650488205586
ONEWEB-0392             
1 50472U 21132D   26073.23632846  .00000051  00000+0  98372-4 0  9997
2 50472  87.9168  24.6939 0001684  69.1932 290.9380 13.17649755205614
ONEWEB-0393             
1 50473U 21132E   26073.28539406  .00000093  00000+0  20654-3 0  9994
2 50473  87.9165  24.7070 0001762  74.5126 285.6200 13.17648568205614
ONEWEB-0394             
1 50474U 21132F   26073.25223123  .00000180  00000+0  42446-3 0  9998
2 50474  87.9246 354.2980 0001683  74.8115 285.3203 13.18686750209080
ONEWEB-0395             
1 50475U 21132G   26072.33831162  .00000062  00000+0  14011-3 0  9991
2 50475  87.8865  40.1277 0001899  75.3143 284.8196 13.11418032203159
ONEWEB-0396             
1 50476U 21132H   26073.24563352  .00000161  00000+0  37576-3 0  9997
2 50476  87.9251 354.3110 0001724  75.5955 284.5368 13.18686932209120
ONEWEB-0397             
1 50477U 21132J   26073.26048034  .00000093  00000+0  20265-3 0  9996
2 50477  87.9249 354.3087 0001589  76.9175 283.2135 13.18686281209102
ONEWEB-0398             
1 50478U 21132K   26073.29794954 -.00000016  00000+0 -81446-4 0  9995
2 50478  87.8873  39.9174 0002194  77.1042 283.0330 13.11414571203177
ONEWEB-0399             
1 50479U 21132L   26073.13179711  .00000433  00000+0  11863-2 0  9992
2 50479  87.8876  39.9600 0001376  73.4771 286.6508 13.11414999203141
ONEWEB-0400             
1 50480U 21132M   26073.23903542  .00000080  00000+0  17105-3 0  9996
2 50480  87.9252 354.3022 0002009  76.9903 283.1453 13.18686777209096
ONEWEB-0401             
1 50481U 21132N   26073.28356227  .00000054  00000+0  10383-3 0  9996
2 50481  87.9254 354.2888 0001682  82.8556 277.2767 13.18685439209102
ONEWEB-0402             
1 50482U 21132P   26073.24726448  .00000065  00000+0  13094-3 0  9993
2 50482  87.9248 354.2887 0001517  93.5227 266.6079 13.18684536209123
ONEWEB-0403             
1 50483U 21132Q   26073.27202581  .00000125  00000+0  28516-3 0  9996
2 50483  87.9253 354.3058 0001785  74.7368 285.3962 13.18686434209088
ONEWEB-0404             
1 50484U 21132R   26073.26572477  .00000301  00000+0  81442-3 0  9993
2 50484  87.8869  39.9401 0001701  71.1290 289.0022 13.11419481203252
ONEWEB-0405             
1 50485U 21132S   26073.28686128 -.00000004  00000+0 -43363-4 0  9998
2 50485  87.9253 354.2871 0002297  73.5745 286.5639 13.18685317209484
ONEWEB-0406             
1 50486U 21132T   26073.27696488  .00000180  00000+0  42347-3 0  9991
2 50486  87.9243 354.3137 0001603  63.2484 296.8812 13.18685751209115
ONEWEB-0407             
1 50487U 21132U   26073.19449926 -.00000117  00000+0 -32868-3 0  9995
2 50487  87.9251 354.3139 0001803  83.3256 276.8082 13.18684136209044
ONEWEB-0409             
1 50488U 21132V   26073.26402064  .00000261  00000+0  70049-3 0  9997
2 50488  87.8878  39.9217 0001812  72.5398 287.5928 13.11420769203145
ONEWEB-0412             
1 50489U 21132W   26073.25882701  .00000105  00000+0  23346-3 0  9992
2 50489  87.9246 354.3158 0001615  84.0623 276.0694 13.18685242209149
ONEWEB-0413             
1 50490U 21132X   26073.26377773  .00000098  00000+0  21699-3 0  9993
2 50490  87.9244 354.3177 0001724  87.8525 272.2805 13.18687036209081
ONEWEB-0414             
1 50491U 21132Y   26073.24891412  .00000116  00000+0  26224-3 0  9993
2 50491  87.9249 354.2933 0001660  79.4423 280.6896 13.18685817209111
ONEWEB-0417             
1 50492U 21132Z   26073.25716615  .00000176  00000+0  41273-3 0  9993
2 50492  87.9242 354.3194 0001782  71.7158 288.4168 13.18685502209096
ONEWEB-0418             
1 50493U 21132AA  26073.26693478  .00000089  00000+0  19429-3 0  9997
2 50493  87.9258 354.3069 0001719  66.3308 293.8004 13.18685825209156
ONEWEB-0419             
1 50494U 21132AB  26073.20934432  .00000090  00000+0  19580-3 0  9990
2 50494  87.9252 354.3187 0001991  70.3882 289.7465 13.18686992209067
ONEWEB-0420             
1 50495U 21132AC  26073.25055634  .00000094  00000+0  20550-3 0  9997
2 50495  87.9241 354.3225 0001917  83.0331 277.1019 13.18683986209063
ONEWEB-0421             
1 50496U 21132AD  26073.24398104  .00000092  00000+0  20190-3 0  9997
2 50496  87.9252 354.3157 0001511  81.1351 278.9952 13.18685955209109
ONEWEB-0424             
1 50497U 21132AE  26073.20439651  .00000080  00000+0  17052-3 0  9997
2 50497  87.9251 354.3190 0002120  72.7630 287.3734 13.18686050209120
ONEWEB-0426             
1 50498U 21132AF  26073.24066355  .00000129  00000+0  29447-3 0  9994
2 50498  87.9248 354.3050 0001245  60.6319 299.4938 13.18684377209073
ONEWEB-0427             
1 50499U 21132AG  26073.27860454  .00000084  00000+0  17973-3 0  9991
2 50499  87.9253 354.2830 0001698  68.4858 291.6455 13.18685027209106
ONEWEB-0429             
1 50500U 21132AH  26073.26542601  .00000012  00000+0 -17059-5 0  9993
2 50500  87.9257 354.3163 0001875  82.8134 277.3211 13.18686926209073
ONEWEB-0430             
1 50501U 21132AJ  26073.25386975  .00000135  00000+0  31077-3 0  9992
2 50501  87.9248 354.3178 0002099  78.6203 281.5165 13.18687928209112
ONEWEB-0432             
1 50502U 21132AK  26073.21134583  .00000098  00000+0  21708-3 0  9993
2 50502  87.9254 354.2942 0002191  59.5506 300.5843 13.18645302209064
ONEWEB-0440             
1 50503U 21132AL  26073.27367311  .00000114  00000+0  25621-3 0  9994
2 50503  87.9255 354.3030 0001620  90.4456 269.6862 13.18686042209061
ONEWEB-0450             
1 50504U 21132AM  26073.26721499  .00000101  00000+0  22229-3 0  9992
2 50504  87.9244 354.3196 0002001  83.9821 276.1539 13.18686509209095
ONEWEB-0410             
1 51622U 22012A   26073.22114225  .00000087  00000+0  18968-3 0  9999
2 51622  87.9166  24.7055 0001447  33.1458 326.9764 13.17649975201190
ONEWEB-0411             
1 51623U 22012B   26072.94792380  .00000398  00000+0  11032-2 0  9991
2 51623  87.8778  55.2218 0002443  86.1183 274.0224 13.10370238196811
ONEWEB-0415             
1 51624U 22012C   26072.94460606  .00000555  00000+0  15548-2 0  9996
2 51624  87.8776  55.2255 0002172  83.1649 276.9725 13.10371646196815
ONEWEB-0416             
1 51625U 22012D   26073.03257480  .00000017  00000+0  12860-4 0  9991
2 51625  87.8775  55.2288 0002194  77.1057 283.0315 13.10369538196867
ONEWEB-0422             
1 51626U 22012E   26073.30720350  .00000110  00000+0  25037-3 0  9996
2 51626  87.9170  24.6915 0002033 101.2814 258.8546 13.17649221201317
ONEWEB-0423             
1 51627U 22012F   26073.30044432  .00000157  00000+0  37247-3 0  9994
2 51627  87.9168  24.7018 0001795  83.5832 276.5504 13.17648399201200
ONEWEB-0425             
1 51628U 22012G   26072.96616614 -.00000423  00000+0 -12478-2 0  9999
2 51628  87.8785  55.2199 0001565  79.2197 280.9106 13.10371285196856
ONEWEB-0428             
1 51629U 22012H   26072.94626452  .00000446  00000+0  12409-2 0  9996
2 51629  87.8774  55.2366 0001831  85.4543 274.6793 13.10370071196811
ONEWEB-0431             
1 51630U 22012J   26072.91625265 -.00000023  00000+0 -10125-3 0  9993
2 51630  87.8788  55.2281 0002487  87.9181 272.2231 13.10377368196869
ONEWEB-0434             
1 51631U 22012K   26072.96962238 -.00000521  00000+0 -15297-2 0  9990
2 51631  87.8776  55.2460 0001313  73.2374 286.8897 13.10371677196850
ONEWEB-0435             
1 51632U 22012L   26072.90138424  .00001830  00000+0  52038-2 0  9993
2 51632  87.8778  55.2503 0001837  98.0615 262.0721 13.10399932196839
ONEWEB-0436             
1 51633U 22012M   26073.29199259  .00000054  00000+0  10674-3 0  9998
2 51633  87.9165  24.6816 0001956  86.0088 274.1267 13.17647236201185
ONEWEB-0438             
1 51634U 22012N   26073.03754632 -.00000177  00000+0 -54300-3 0  9995
2 51634  87.8772  55.2236 0001724  80.9380 279.1943 13.10370024196883
ONEWEB-0439             
1 51635U 22012P   26072.96451263 -.00000313  00000+0 -93373-3 0  9996
2 51635  87.8773  55.2274 0001751  87.1484 272.9844 13.10371028196854
ONEWEB-0442             
1 51636U 22012Q   26073.28442679  .00000052  00000+0  10187-3 0  9994
2 51636  87.9158  24.7220 0001643  61.2709 298.8587 13.17649078201171
ONEWEB-0443             
1 51637U 22012R   26073.30381766  .00000086  00000+0  18890-3 0  9993
2 51637  87.9157  24.7213 0001533  85.7884 274.3423 13.17648549201222
ONEWEB-0444             
1 51638U 22012S   26072.95455585  .00000053  00000+0  11498-3 0  9996
2 51638  87.8774  55.2284 0001805  87.0595 273.0739 13.10369965196864
ONEWEB-0445             
1 51639U 22012T   26072.97613031 -.00000650  00000+0 -18971-2 0  9998
2 51639  87.8786  55.2030 0002047  81.6543 278.4816 13.10374395196878
ONEWEB-0446             
1 51640U 22012U   26072.95289711  .00000171  00000+0  45461-3 0  9993
2 51640  87.8773  55.2444 0001955  82.2840 277.8509 13.10369606196858
ONEWEB-0448             
1 51641U 22012V   26073.03423063  .00000015  00000+0  79699-5 0  9993
2 51641  87.8774  55.2258 0001885  89.1678 270.9665 13.10369521196831
ONEWEB-0449             
1 51642U 22012W   26073.03920489 -.00000395  00000+0 -11687-2 0  9991
2 51642  87.8782  55.2046 0001434  77.2946 282.8341 13.10369970196844
ONEWEB-0451             
1 51643U 22012X   26073.28864051  .00000105  00000+0  23845-3 0  9998
2 51643  87.9168  24.6773 0001746  77.7496 282.3832 13.17649592201162
ONEWEB-0452             
1 51644U 22012Y   26073.28695446  .00000120  00000+0  27601-3 0  9990
2 51644  87.9155  24.7240 0001583  82.4752 277.6560 13.17650066201170
ONEWEB-0456             
1 51646U 22012AA  26072.97280494 -.00000671  00000+0 -19582-2 0  9991
2 51646  87.8810  55.1977 0001798  90.4758 269.6575 13.10371650196876
ONEWEB-0457             
1 51647U 22012AB  26072.94958108  .00000321  00000+0  88360-3 0  9994
2 51647  87.8774  55.2322 0002013  69.5466 290.5878 13.10370009196871
ONEWEB-0458             
1 51648U 22012AC  26072.97114649 -.00000583  00000+0 -17066-2 0  9998
2 51648  87.8784  55.2095 0001690  85.7767 274.3553 13.10372269196830
ONEWEB-0461             
1 51649U 22012AD  26073.30888148  .00000121  00000+0  27972-3 0  9993
2 51649  87.9165  24.6892 0001905  77.6230 282.5115 13.17648173201394
ONEWEB-0463             
1 51650U 22012AE  26073.13845723 -.00000045  00000+0 -15011-3 0  9996
2 51650  87.9155  24.7546 0001961  76.6295 283.5055 13.17649447201157
ONEWEB-0464             
1 51651U 22012AF  26072.96784241 -.00000561  00000+0 -16441-2 0  9994
2 51651  87.8773  55.2381 0001749  94.6364 265.4963 13.10373309196851
ONEWEB-0468             
1 51652U 22012AG  26072.97446172 -.00000660  00000+0 -19265-2 0  9991
2 51652  87.8776  55.2315 0001788  95.7765 264.3566 13.10372805196837
ONEWEB-0473             
1 51653U 22012AH  26073.18860247 -.00000192  00000+0 -58555-3 0  9995
2 51653  87.8774  55.1905 0001762  87.6916 272.4413 13.10369352196867
ONEWEB-0474             
1 51654U 22012AJ  26072.95123979  .00000235  00000+0  63816-3 0  9996
2 51654  87.8786  55.2129 0001810  92.3383 267.7951 13.10370431196825
ONEWEB-0475             
1 51655U 22012AK  26073.30213955  .00000063  00000+0  12925-3 0  9995
2 51655  87.9157  24.7141 0001513 100.6255 259.5047 13.17650164201198
ONEWEB-0490             
1 54113U 22138A   26072.22633759  .00000109  00000+0  24046-3 0  9992
2 54113  87.9230 324.0852 0001779  86.3847 273.7489 13.19725826164172
ONEWEB-0492             
1 54114U 22138B   26073.23722943  .00000118  00000+0  26305-3 0  9999
2 54114  87.9220 323.8924 0001922  83.3273 276.8079 13.19725309164310
ONEWEB-0495             
1 54115U 22138C   26073.21510830  .00000017  00000+0  88857-5 0  9998
2 54115  87.9221 323.8980 0002028 101.1495 258.9866 13.19724369164294
ONEWEB-0497             
1 54116U 22138D   26073.22775076  .00000035  00000+0  55360-4 0  9997
2 54116  87.9223 323.8863 0001760  82.7010 277.4323 13.19724961164287
ONEWEB-0499             
1 54117U 22138E   26073.21116190 -.00000006  00000+0 -46223-4 0  9991
2 54117  87.9225 323.8997 0001568  86.8526 273.2786 13.19726337164298
ONEWEB-0500             
1 54118U 22138F   26073.21353123 -.00000006  00000+0 -48529-4 0  9992
2 54118  87.9223 323.8887 0001783  79.2425 280.8909 13.19724651164308
ONEWEB-0501             
1 54119U 22138G   26073.24355254  .00000088  00000+0  18756-3 0  9999
2 54119  87.9220 323.8838 0001792  93.1574 266.9764 13.19725659164282
ONEWEB-0502             
1 54120U 22138H   26073.22933109  .00000049  00000+0  89026-4 0  9996
2 54120  87.9230 323.8716 0001628  89.4750 270.6569 13.19724897164303
ONEWEB-0503             
1 54121U 22138J   26073.21827368  .00000036  00000+0  56723-4 0  9999
2 54121  87.9230 323.8774 0001434  79.9883 280.1412 13.19724758164291
ONEWEB-0504             
1 54122U 22138K   26073.20564217  .00000099  00000+0  21478-3 0  9997
2 54122  87.9225 323.8898 0001610  87.1217 273.0100 13.19725160164306
ONEWEB-0505             
1 54123U 22138L   26073.20248243  .00000149  00000+0  33897-3 0  9990
2 54123  87.9234 323.8869 0001750  97.4101 262.7231 13.19725158164280
ONEWEB-0506             
1 54124U 22138M   26073.17720884  .00000145  00000+0  32895-3 0  9996
2 54124  87.9235 323.8897 0001716  91.0852 269.0477 13.19724890164271
ONEWEB-0507             
1 54125U 22138N   26073.19773711  .00000161  00000+0  36914-3 0  9990
2 54125  87.9226 323.9064 0001782  86.3646 273.7691 13.19724142164326
ONEWEB-0508             
1 54126U 22138P   26073.19457900  .00000077  00000+0  16087-3 0  9995
2 54126  87.9234 323.9050 0002023  91.2360 268.9005 13.19725237164307
ONEWEB-0509             
1 54127U 22138Q   26073.24512651  .00000085  00000+0  18004-3 0  9997
2 54127  87.9234 323.8763 0001722  84.3224 275.8105 13.19725523164288
ONEWEB-0510             
1 54128U 22138R   26073.13246859  .00000010  00000+0 -65035-5 0  9997
2 54128  87.9166 293.4156 0001553  67.3226 292.8071 13.20770439166737
ONEWEB-0511             
1 54129U 22138S   26073.24199813  .00000101  00000+0  22128-3 0  9991
2 54129  87.9312 323.8804 0002928  59.2791 300.8630 13.19703023164319
ONEWEB-0512             
1 54130U 22138T   26073.23406310  .00000040  00000+0  68108-4 0  9996
2 54130  87.9223 323.8963 0001638  94.6896 265.4424 13.19725186164281
ONEWEB-0513             
1 54131U 22138U   26073.20273672  .00000032  00000+0  47342-4 0  9995
2 54131  87.9235 323.8574 0001396 114.9092 245.2186 13.20262602164189
ONEWEB-0514             
1 54132U 22138V   26073.24985891  .00000124  00000+0  27718-3 0  9999
2 54132  87.9225 323.8821 0001640  76.8209 283.3106 13.19724877164306
ONEWEB-0515             
1 54133U 22138W   26072.96832899 -.00000035  00000+0 -11892-3 0  9996
2 54133  87.9170 293.4377 0002266  68.0633 292.0742 13.20769276166739
ONEWEB-0516             
1 54134U 22138X   26073.22459363  .00000058  00000+0  11361-3 0  9992
2 54134  87.9219 323.8991 0001836  84.0330 276.1012 13.19725182164308
ONEWEB-0517             
1 54135U 22138Y   26073.20405393  .00000038  00000+0  61723-4 0  9991
2 54135  87.9226 323.8921 0001432  77.5125 282.6168 13.19724785164303
ONEWEB-0518             
1 54136U 22138Z   26073.22300881  .00000033  00000+0  49564-4 0  9994
2 54136  87.9221 323.9013 0001778  86.4813 273.6523 13.19725131164309
ONEWEB-0519             
1 54137U 22138AA  26073.24828625  .00000053  00000+0  10048-3 0  9994
2 54137  87.9235 323.8762 0001475  80.7850 279.3449 13.19725523164313
ONEWEB-0520             
1 54138U 22138AB  26073.20722014  .00000027  00000+0  34902-4 0  9993
2 54138  87.9229 323.8897 0001865  93.1594 266.9752 13.19724782164294
ONEWEB-0521             
1 54139U 22138AC  26073.16456824  .00000163  00000+0  37522-3 0  9993
2 54139  87.9228 323.8833 0001500  75.9080 284.2219 13.19724557164233
ONEWEB-0522             
1 54140U 22138AD  26073.21984751 -.00000001  00000+0 -35161-4 0  9997
2 54140  87.9232 323.8737 0001671  87.1664 272.9660 13.19724336164289
ONEWEB-0523             
1 54141U 22138AE  26073.03146017  .00000117  00000+0  25571-3 0  9992
2 54141  87.9170 293.4397 0001768  59.3670 300.7638 13.20769919166746
ONEWEB-0524             
1 54142U 22138AF  26073.17192915  .00000124  00000+0  27406-3 0  9993
2 54142  87.9159 293.4107 0002434  73.6286 286.5115 13.20770266166766
ONEWEB-0525             
1 54143U 22138AG  26073.23880724  .00000009  00000+0 -10610-4 0  9996
2 54143  87.9226 323.8838 0001800  90.1450 269.9889 13.19724857164308
ONEWEB-0526             
1 54144U 22138AH  26073.19615690  .00000133  00000+0  29907-3 0  9995
2 54144  87.9237 323.8871 0001795  82.8760 277.2577 13.19725464164270
ONEWEB-0529             
1 54145U 22138AJ  26073.19932099  .00000124  00000+0  27789-3 0  9997
2 54145  87.9225 323.9040 0001808  87.4393 272.6947 13.19725180164292
ONEWEB-0531             
1 54146U 22138AK  26073.15772028  .00000045  00000+0  79950-4 0  9998
2 54146  87.9165 293.4114 0002082  60.9492 299.1849 13.20770261166761
ONEWEB-0535             
1 54147U 22138AL  26073.23248864  .00000041  00000+0  69032-4 0  9990
2 54147  87.9231 323.8746 0001598  69.1859 290.9445 13.19725137164314
ONEWEB-0536             
1 54148U 22138AM  26073.29660840  .00000027  00000+0  35223-4 0  9998
2 54148  87.9151 293.4176 0002249  61.7220 298.4140 13.20770579166778
ONEWEB-0527             
1 54642U 22166A   26073.24744890  .00000093  00000+0  19391-3 0  9991
2 54642  87.9160 262.9260 0001743  92.4977 267.6356 13.21826297158992
ONEWEB-0528             
1 54643U 22166B   26073.25402442  .00000149  00000+0  32982-3 0  9990
2 54643  87.9164 262.9288 0001695  93.9634 266.1694 13.21824875159001
ONEWEB-0539             
1 54644U 22166C   26073.06478575  .00000046  00000+0  80855-4 0  9999
2 54644  87.9167 262.9321 0001520  98.4546 261.6760 13.21826818158970
ONEWEB-0540             
1 54645U 22166D   26073.22289726  .00000032  00000+0  46343-4 0  9995
2 54645  87.9161 262.9371 0001538  93.2541 266.8769 13.21824725158989
ONEWEB-0542             
1 54646U 22166E   26073.22604726  .00000114  00000+0  24564-3 0  9998
2 54646  87.9171 262.8966 0001315  96.6365 263.4919 13.21824896158994
ONEWEB-0545             
1 54647U 22166F   26073.26718573 -.00000028  00000+0 -99282-4 0  9995
2 54647  87.9165 262.9082 0001146  94.9101 265.2163 13.21826925158962
ONEWEB-0580             
1 54648U 22166G   26073.24087245  .00009087  00000+0  21963-1 0  9999
2 54648  87.9163 262.9130 0001173  96.5927 263.5341 13.21781859159000
ONEWEB-0582             
1 54649U 22166H   26073.28364707 -.00000019  00000+0 -78426-4 0  9992
2 54649  87.9164 262.8973 0001203  94.9400 265.1871 13.21826635158982
ONEWEB-0583             
1 54650U 22166J   26073.21945815 -.00000016  00000+0 -70671-4 0  9993
2 54650  87.9163 262.9336 0001556  96.3060 263.8251 13.21826841158982
ONEWEB-0584             
1 54651U 22166K   26073.23921683  .00000073  00000+0  14444-3 0  9999
2 54651  87.9162 262.9168 0001330  87.6186 272.5100 13.21826662158977
ONEWEB-0585             
1 54652U 22166L   26073.26389612  .00000009  00000+0 -10578-4 0  9998
2 54652  87.9163 262.8964 0001791  90.7356 269.3983 13.21824702158984
ONEWEB-0586             
1 54653U 22166M   26073.27707300 -.00000033  00000+0 -11206-3 0  9994
2 54653  87.9164 262.9195 0001493  95.8250 264.3054 13.21825586158986
ONEWEB-0587             
1 54654U 22166N   26073.28692664  .00000001  00000+0 -28676-4 0  9996
2 54654  87.9174 262.8817 0002045  92.6776 267.4592 13.21824662159144
ONEWEB-0589             
1 54655U 22166P   26073.27376128  .00000034  00000+0  51451-4 0  9992
2 54655  87.9160 262.9090 0000811  82.8282 277.2944 13.21824730159007
ONEWEB-0590             
1 54656U 22166Q   26073.22261780  .00000072  00000+0  14338-3 0  9999
2 54656  87.9169 262.8997 0001715  77.6300 282.5026 13.21825297158984
ONEWEB-0591             
1 54657U 22166R   26073.23427939  .00000080  00000+0  16220-3 0  9992
2 54657  87.9164 262.9187 0001619  89.9397 270.1922 13.21824958159013
ONEWEB-0592             
1 54658U 22166S   26073.23756557  .00000115  00000+0  24671-3 0  9992
2 54658  87.9175 262.8884 0001528  96.5291 263.6017 13.21824839158890
ONEWEB-0593             
1 54659U 22166T   26073.26059865  .00000108  00000+0  22878-3 0  9993
2 54659  87.9165 262.9031 0001561  97.3418 262.7894 13.21828015159009
ONEWEB-0594             
1 54660U 22166U   26073.28034231  .00000167  00000+0  37176-3 0  9999
2 54660  87.9163 262.9171 0001753  93.5590 266.5744 13.21825553159028
ONEWEB-0595             
1 54661U 22166V   26073.25730990 -.00000001  00000+0 -34385-4 0  9991
2 54661  87.9173 262.8946 0001834  89.4749 270.6595 13.21823978158993
ONEWEB-0596             
1 54662U 22166W   26073.23098203  .00000104  00000+0  21992-3 0  9995
2 54662  87.9164 262.9171 0001711  90.6503 269.4827 13.21824784158991
ONEWEB-0597             
1 54663U 22166X   26073.28857810 -.00000039  00000+0 -12636-3 0  9992
2 54663  87.9163 262.9100 0001531  94.8117 265.3192 13.21826889159001
ONEWEB-0600             
1 54664U 22166Y   26073.27047739  .00000061  00000+0  11685-3 0  9999
2 54664  87.9164 262.9053 0001622 101.3606 258.7711 13.21825140158975
ONEWEB-0601             
1 54665U 22166Z   26073.26225195  .00000043  00000+0  71811-4 0  9991
2 54665  87.9162 262.9240 0001356  92.0540 268.0749 13.21827055159163
ONEWEB-0602             
1 54666U 22166AA  26073.22687191  .00000090  00000+0  18742-3 0  9991
2 54666  87.9163 262.9364 0001649 102.4934 257.6385 13.21825482159005
ONEWEB-0603             
1 54667U 22166AB  26073.23262766  .00000085  00000+0  17323-3 0  9998
2 54667  87.9173 262.8822 0001516  93.7843 266.3464 13.21824606158932
ONEWEB-0604             
1 54668U 22166AC  26073.06971645  .00000020  00000+0  17000-4 0  9995
2 54668  87.9175 262.9292 0001717  93.8038 266.3292 13.21824411158873
ONEWEB-0605             
1 54669U 22166AD  26073.29022280 -.00000076  00000+0 -21449-3 0  9997
2 54669  87.9163 262.9078 0001284  83.5292 276.5988 13.21825138158973
ONEWEB-0606             
1 54670U 22166AE  26073.23591833  .00000087  00000+0  18004-3 0  9991
2 54670  87.9162 262.9321 0001798  90.2003 269.9337 13.21827418159024
ONEWEB-0607             
1 54671U 22166AF  26072.90023224 -.00000010  00000+0 -56528-4 0  9991
2 54671  87.9171 262.9637 0001473  93.7536 266.3767 13.21826292158952
ONEWEB-0608             
1 54672U 22166AG  26073.28528285 -.00000054  00000+0 -16329-3 0  9993
2 54672  87.9174 262.8806 0001137  86.3832 273.7432 13.21824181159011
ONEWEB-0610             
1 54673U 22166AH  26073.26553326 -.00000020  00000+0 -79824-4 0  9999
2 54673  87.9162 262.9087 0000978  95.1487 264.9758 13.21824444158910
ONEWEB-0611             
1 54674U 22166AJ  26073.03187112  .00000095  00000+0  19964-3 0  9999
2 54674  87.9162 262.9521 0001806  94.2021 265.9320 13.21824452158879
ONEWEB-0612             
1 54675U 22166AK  26073.27212728 -.00000017  00000+0 -73070-4 0  9993
2 54675  87.9174 262.8885 0001491  93.3921 266.7384 13.21827361158897
ONEWEB-0615             
1 54676U 22166AL  26073.25237919  .00000030  00000+0  41936-4 0  9990
2 54676  87.9164 262.9160 0001617  93.3394 266.7925 13.21826858158901
ONEWEB-0655             
1 54677U 22166AM  26073.07629136  .00000109  00000+0  23324-3 0  9994
2 54677  87.9162 262.9532 0001495 102.6872 257.4429 13.21824987158875
ONEWEB-0659             
1 54678U 22166AN  26072.94137231  .00000142  00000+0  31233-3 0  9995
2 54678  87.9165 262.9805 0001703  90.8823 269.2506 13.21828411158949
ONEWEB-0685             
1 54679U 22166AP  26073.24459824  .00000136  00000+0  29856-3 0  9996
2 54679  87.9157 262.9150 0001470  97.1876 262.9425 13.21813401158878
ONEWEB-0712             
1 54680U 22166AQ  26072.98782111  .00000053  00000+0  10619-3 0  9991
2 54680  87.9012 247.7048 0001704 115.1632 244.9676 13.16594559159534
ONEWEB-0714             
1 54681U 22166AR  26072.94794664  .00000034  00000+0  50598-4 0  9994
2 54681  87.9163 262.9696 0001493  97.9851 262.1452 13.21824175158950
ONEWEB-0532             
1 55140U 23004A   26073.26501297  .00000088  00000+0  19351-3 0  9991
2 55140  87.9173  24.7121 0001884  69.4084 290.7250 13.17648515155086
ONEWEB-0533             
1 55141U 23004B   26073.23718968 -.00000288  00000+0 -83667-3 0  9999
2 55141  87.9013   9.5135 0001597  79.5740 280.5568 13.12443935155609
ONEWEB-0541             
1 55142U 23004C   26072.35356302  .00000587  00000+0  16193-2 0  9991
2 55142  87.8875  40.1035 0001975  79.5206 280.6144 13.11417538153385
ONEWEB-0543             
1 55143U 23004D   26073.24233231  .00000137  00000+0  31603-3 0  9991
2 55143  87.9234 354.3381 0001816  88.0395 272.0945 13.18686581157187
ONEWEB-0544             
1 55144U 23004E   26073.23573369  .00000078  00000+0  16565-3 0  9994
2 55144  87.9241 354.3369 0002038  80.6489 279.4874 13.18685962157185
ONEWEB-0560             
1 55145U 23004F   26073.30501394 -.00000022  00000+0 -87778-4 0  9998
2 55145  87.9235 354.3135 0002095  79.1967 280.9401 13.18685997157201
ONEWEB-0565             
1 55146U 23004G   26073.29840261  .00000035  00000+0  56802-4 0  9992
2 55146  87.9226 354.3520 0002263  77.9550 282.1836 13.18684198157197
ONEWEB-0567             
1 55147U 23004H   26073.29181761  .00000029  00000+0  42083-4 0  9995
2 55147  87.9246 354.3272 0002194  77.6385 282.4993 13.18686222157197
ONEWEB-0569             
1 55148U 23004J   26073.24320244  .00000126  00000+0  30952-3 0  9991
2 55148  87.9045 339.1025 0002613  89.5626 270.5803 13.13471193157718
ONEWEB-0570             
1 55149U 23004K   26073.28191557  .00000067  00000+0  13646-3 0  9994
2 55149  87.9241 354.3272 0001933  63.7082 296.4249 13.18685276157180
ONEWEB-0571             
1 55150U 23004L   26073.27531500  .00000136  00000+0  31279-3 0  9990
2 55150  87.9243 354.3275 0003049  75.8018 284.3453 13.18685119157190
ONEWEB-0572             
1 55151U 23004M   26073.29538137  .00000084  00000+0  18246-3 0  9997
2 55151  87.9155  24.7093 0002058  76.5285 283.6076 13.17648405154985
ONEWEB-0573             
1 55152U 23004N   26073.26872702  .00000065  00000+0  13306-3 0  9995
2 55152  87.9244 354.3306 0002457  66.3435 293.7955 13.18686623157189
ONEWEB-0588             
1 55153U 23004P   26073.26212299  .00000116  00000+0  26073-3 0  9997
2 55153  87.9244 354.3327 0002020  66.3323 293.8021 13.18689012157185
ONEWEB-0598             
1 55154U 23004Q   26073.17078044 -.00000396  00000+0 -11536-2 0  9995
2 55154  87.8866  39.9615 0002460  86.0685 274.0724 13.11417221153449
ONEWEB-0599             
1 55155U 23004R   26073.25657334  .00000063  00000+0  12898-3 0  9992
2 55155  87.9157  24.7157 0001936  87.3496 272.7857 13.17649014154983
ONEWEB-0614             
1 55156U 23004S   26072.93683931 -.00004243  00000+0 -12018-1 0  9997
2 55156  87.8870  40.0164 0001811  79.5240 280.6092 13.11385441153350
ONEWEB-0616             
1 55157U 23004T   26073.14689277 -.00000012  00000+0 -65111-4 0  9996
2 55157  87.9162  24.7387 0001976 109.2361 250.8985 13.17648244155181
ONEWEB-0617             
1 55158U 23004U   26073.30643419  .00000003  00000+0 -27952-4 0  9993
2 55158  87.8872  39.9266 0001797  68.3357 291.7962 13.11417242153424
ONEWEB-0618             
1 55159U 23004V   26072.40155460  .00007938  00000+0  45969-3 0  9998
2 55159  86.9081 216.4705 0010473 291.3957  68.6164 15.12036578167783
ONEWEB-0619             
1 55160U 23004W   26073.25489209  .00000081  00000+0  17579-3 0  9993
2 55160  87.9167  24.6907 0001406  81.2688 278.8603 13.17650375155091
ONEWEB-0620             
1 55161U 23004X   26073.30133900 -.00000182  00000+0 -55053-3 0  9997
2 55161  87.8863  39.9431 0002129  78.5621 281.5747 13.11414256153395
ONEWEB-0621             
1 55162U 23004Y   26072.94697677 -.00000104  00000+0 -32991-3 0  9993
2 55162  87.8877  39.9940 0001683  76.9616 283.1700 13.11419506153329
ONEWEB-0622             
1 55163U 23004Z   26072.34168169  .00000228  00000+0  60887-3 0  9997
2 55163  87.8874  40.1165 0002000  59.1763 300.9562 13.11420077153239
ONEWEB-0623             
1 55164U 23004AA  26073.24982894  .00000069  00000+0  14476-3 0  9993
2 55164  87.9157  24.7329 0001461  57.1566 302.9706 13.17650019155088
ONEWEB-0624             
1 55165U 23004AB  26073.23833724 -.00000247  00000+0 -71808-3 0  9992
2 55165  87.9006   9.4489 0001640  74.1311 285.9999 13.12924094155610
ONEWEB-0625             
1 55166U 23004AC  26073.23970435  .00000129  00000+0  29852-3 0  9993
2 55166  87.9159  24.7288 0001829  86.5989 273.5352 13.17650031155072
ONEWEB-0626             
1 55167U 23004AD  26073.30550245  .00000068  00000+0  14192-3 0  9998
2 55167  87.9156  24.7162 0002308  80.7635 279.3758 13.17647355155088
ONEWEB-0627             
1 55168U 23004AE  26073.21776489 -.00000012  00000+0 -62970-4 0  9998
2 55168  87.9156  24.7331 0001547  64.7746 295.3546 13.17649539155074
ONEWEB-0628             
1 55169U 23004AF  26073.18481655  .00000342  00000+0  91656-3 0  9999
2 55169  87.9009   9.5092 0001299  58.5183 301.6073 13.12443003155571
ONEWEB-0629             
1 55170U 23004AG  26073.26922115  .00000083  00000+0  18063-3 0  9994
2 55170  87.9159  24.7195 0001556  83.5701 276.5608 13.17648288155089
ONEWEB-0631             
1 55171U 23004AH  26073.25552095  .00000113  00000+0  25295-3 0  9999
2 55171  87.9253 354.2907 0002223  70.4029 289.7343 13.18686796157167
ONEWEB-0709             
1 55172U 23004AJ  26073.29117979  .00000313  00000+0  84673-3 0  9999
2 55172  87.8865  39.9485 0002725  85.4861 274.6578 13.11414140153435
ONEWEB-0710             
1 55173U 23004AK  26073.28356793  .00000067  00000+0  13882-3 0  9998
2 55173  87.9158  24.7121 0001857  74.5139 285.6197 13.17648211155089
ONEWEB-0711             
1 55174U 23004AL  26073.26234593  .00000147  00000+0  37859-3 0  9999
2 55174  87.8879  39.9365 0001653  57.4177 302.7110 13.11418120153399
ONEWEB-0713             
1 55175U 23004AM  26073.12840908  .00000497  00000+0  13651-2 0  9999
2 55175  87.8875  39.9627 0001736  70.0973 290.0342 13.11415428153365
ONEWEB-0715             
1 55176U 23004AN  26072.89443309  .00000554  00000+0  15258-2 0  9996
2 55176  87.8875  40.0090 0002537  75.9952 284.1458 13.11416703153374
ONEWEB-0716             
1 55177U 23004AP  26073.27683533  .00000012  00000+0 -24103-5 0  9997
2 55177  87.9159  24.7137 0001824  87.6978 272.4362 13.17649045155085
ONEWEB-0717             
1 55178U 23004AQ  26073.25995066  .00000053  00000+0  10369-3 0  9994
2 55178  87.9170  24.6971 0001830  58.7931 301.3380 13.17648940155130
ONEWEB-0719             
1 55179U 23004AR  26073.27006691  .00000038  00000+0  63907-4 0  9994
2 55179  87.9167  24.6765 0001718  84.3676 275.7652 13.17648291155083
ONEWEB-0530             
1 55796U 23029A   26073.16719206  .00000070  00000+0  13925-3 0  9997
2 55796  87.9158 293.4517 0001277  72.1820 287.9452 13.20770597148607
ONEWEB-0534             
1 55797U 23029B   26073.15456875  .00000071  00000+0  14309-3 0  9995
2 55797  87.9153 293.4529 0001637  89.9758 270.1563 13.20770655148604
ONEWEB-0556             
1 55798U 23029C   26073.16088444  .00000091  00000+0  19075-3 0  9997
2 55798  87.9153 293.4538 0001121 119.3787 240.7459 13.20771260148603
ONEWEB-0562             
1 55799U 23029D   26073.14825304  .00000038  00000+0  62070-4 0  9995
2 55799  87.9154 293.4365 0000818  71.4398 288.6824 13.20770759148600
ONEWEB-0563             
1 55800U 23029E   26073.14192775 -.00000037  00000+0 -12223-3 0  9992
2 55800  87.9152 293.4685 0001686  95.7593 264.3733 13.20773379148595
ONEWEB-0564             
1 55801U 23029F   26073.13562754  .00000034  00000+0  52423-4 0  9992
2 55801  87.9152 293.4416 0001321  79.7099 280.4183 13.20770610148602
ONEWEB-0638             
1 55802U 23029G   26073.16971896  .00000214  00000+0  54407-3 0  9990
2 55802  87.8970 308.7221 0001062  92.4948 267.6303 13.14504411146911
ONEWEB-0639             
1 55803U 23029H   26073.18511202  .00000086  00000+0  18346-3 0  9993
2 55803  87.9227 323.9088 0002434 101.6302 258.5104 13.19725328146374
ONEWEB-0640             
1 55804U 23029J   26073.17923458  .00000286  00000+0  73656-3 0  9990
2 55804  87.8972 308.7108 0001314 109.7037 250.4234 13.14502641146938
ONEWEB-0641             
1 55805U 23029K   26073.25618211  .00000073  00000+0  14925-3 0  9996
2 55805  87.9228 323.8814 0001856  84.4433 275.6912 13.19725006146395
ONEWEB-0642             
1 55806U 23029L   26073.25144442  .00000103  00000+0  22436-3 0  9997
2 55806  87.9223 323.8970 0002441  94.0514 266.0897 13.19724373146383
ONEWEB-0643             
1 55807U 23029M   26073.07298809 -.00000095  00000+0 -29097-3 0  9997
2 55807  87.8975 308.7189 0002339  87.8477 272.2920 13.14503273146896
ONEWEB-0644             
1 55808U 23029N   26073.24671157  .00000047  00000+0  84014-4 0  9994
2 55808  87.9213 323.9045 0002044  86.8054 273.3313 13.19725481146380
ONEWEB-0645             
1 55809U 23029P   26073.19300096  .00000146  00000+0  33158-3 0  9992
2 55809  87.9222 323.9078 0001769  97.2452 262.8882 13.19725385146374
ONEWEB-0646             
1 55810U 23029Q   26073.21036694  .00000029  00000+0  39475-4 0  9996
2 55810  87.9222 323.9043 0001956  85.1804 274.9552 13.19724189146361
ONEWEB-0648             
1 55811U 23029R   26073.19351058  .00000095  00000+0  22143-3 0  9994
2 55811  87.8978 308.6602 0002154 107.4361 252.7005 13.14502272146917
ONEWEB-0649             
1 55812U 23029S   26073.23564116  .00000039  00000+0  65024-4 0  9995
2 55812  87.9223 323.8964 0001788  90.7687 269.3650 13.19725259146400
ONEWEB-0650             
1 55813U 23029T   26073.23090198  .00000046  00000+0  82315-4 0  9990
2 55813  87.9222 323.9004 0002094  90.6081 269.5292 13.19724796146379
ONEWEB-0652             
1 55814U 23029U   26073.17448036  .00000277  00000+0  71140-3 0  9991
2 55814  87.8972 308.6786 0001593  73.5736 286.5569 13.14502922146880
ONEWEB-0653             
1 55815U 23029V   26073.15861899  .00000057  00000+0  11800-3 0  9999
2 55815  87.8981 308.6733 0001466  83.0501 277.0795 13.14502894146916
ONEWEB-0654             
1 55816U 23029W   26073.15385812 -.00000032  00000+0 -11970-3 0  9999
2 55816  87.8974 308.6729 0001430  71.6248 288.5038 13.14503703146935
ONEWEB-0656             
1 55817U 23029X   26072.90204444  .00000045  00000+0  79568-4 0  9993
2 55817  87.9165 293.4545 0001367  71.5541 288.5740 13.20770430148572
ONEWEB-0657             
1 55818U 23029Y   26073.22617661 -.00000005  00000+0 -45541-4 0  9991
2 55818  87.9219 323.9000 0002067  61.6073 298.5268 13.19725206146388
ONEWEB-0658             
1 55819U 23029Z   26073.22143766  .00000023  00000+0  24920-4 0  9998
2 55819  87.9231 323.8684 0002064  87.8086 272.3283 13.19725162146390
ONEWEB-0660             
1 55820U 23029AA  26073.20777478 -.00000058  00000+0 -19119-3 0  9994
2 55820  87.8982 308.6493 0001562  94.2045 265.9263 13.14504231146924
ONEWEB-0661             
1 55821U 23029AB  26073.16654422  .00000284  00000+0  73271-3 0  9991
2 55821  87.8968 308.7138 0001488  95.1193 265.0106 13.14503592146901
ONEWEB-0662             
1 55822U 23029AC  26073.20142405  .00000040  00000+0  72997-4 0  9995
2 55822  87.8972 308.7138 0001574  94.2689 265.8621 13.14502222146957
ONEWEB-0663             
1 55823U 23029AD  26073.17011777  .00000077  00000+0  15728-3 0  9997
2 55823  87.9172 293.4737 0001854 100.0934 260.0409 13.20863261148601
ONEWEB-0664             
1 55824U 23029AE  26072.96516681  .00000023  00000+0  24177-4 0  9998
2 55824  87.9157 293.5066 0001215  97.4705 262.6566 13.20769462148573
ONEWEB-0665             
1 55825U 23029AF  26073.08726260  .00000162  00000+0  40215-3 0  9993
2 55825  87.8970 308.7096 0001680  94.1650 265.9672 13.14502988146918
ONEWEB-0666             
1 55826U 23029AG  26073.03462023  .00000072  00000+0  14392-3 0  9990
2 55826  87.9154 293.4824 0001894  64.6209 295.5120 13.20770263148595
ONEWEB-0667             
1 55827U 23029AH  26072.87679885  .00000048  00000+0  85876-4 0  9997
2 55827  87.9173 293.4558 0001570  92.3484 267.7829 13.20770104148563
ONEWEB-0669             
1 55828U 23029AJ  26073.09933245  .00000139  00000+0  30953-3 0  9992
2 55828  87.9157 293.4356 0001148  72.4233 287.7025 13.20770953148599
ONEWEB-0670             
1 55829U 23029AK  26073.06505379 -.00000139  00000+0 -41059-3 0  9994
2 55829  87.8973 308.7327 0001331  93.4866 266.6416 13.14503882146936
ONEWEB-0671             
1 55830U 23029AL  26073.21669545 -.00000035  00000+0 -11976-3 0  9999
2 55830  87.9224 323.9025 0001682  84.4527 275.6797 13.19724921146379
ONEWEB-0672             
1 55831U 23029AM  26073.09462131  .00001539  00000+0  37511-2 0  9998
2 55831  87.9160 293.4230 0001734  76.0475 284.0851 13.20783499148593
ONEWEB-0673             
1 55832U 23029AN  26073.19378248  .00000126  00000+0  28194-3 0  9994
2 55832  87.9225 323.8929 0001629  83.8767 276.2551 13.19724144146376
ONEWEB-0674             
1 55833U 23029AP  26073.18557735  .00000136  00000+0  33364-3 0  9990
2 55833  87.8974 308.6860 0001272  92.6909 267.4366 13.14502014146935
ONEWEB-0675             
1 55834U 23029AQ  26073.20879904  .00000018  00000+0  11789-4 0  9996
2 55834  87.9218 323.9058 0001962  72.9295 287.2053 13.19724531146390
ONEWEB-0720             
1 55835U 23029AR  26073.20090772  .00000082  00000+0  17271-3 0  9997
2 55835  87.9223 323.9081 0001856  90.9102 269.2244 13.19725334146318
ONEWEB-0537             
1 56046U 23043A   26072.97039880 -.00000008  00000+0 -54225-4 0  9995
2 56046  87.9010 247.7075 0001652  89.5442 270.5879 13.16593271146430
ONEWEB-0538             
1 56047U 23043B   26072.96407451 -.00000017  00000+0 -79012-4 0  9999
2 56047  87.9007 247.7111 0001915  93.7844 266.3506 13.16594278146442
ONEWEB-0546             
1 56048U 23043C   26072.95139306  .00001040  00000+0  26861-2 0  9997
2 56048  87.9013 247.7113 0001661  73.8438 286.2875 13.16603736146437
ONEWEB-0547             
1 56049U 23043D   26073.24991640  .00000057  00000+0  10629-3 0  9991
2 56049  87.9165 262.8993 0001795  94.6059 265.5280 13.21825557145687
ONEWEB-0548             
1 56050U 23043E   26072.97595572 -.00000009  00000+0 -56257-4 0  9993
2 56050  87.9006 247.7060 0001227 105.0921 255.0346 13.16592830146435
ONEWEB-0549             
1 56051U 23043F   26073.24251300  .00000116  00000+0  24935-3 0  9997
2 56051  87.9160 262.9130 0001912  93.6084 266.5269 13.21827007145687
ONEWEB-0550             
1 56052U 23043G   26073.22934097  .00000159  00000+0  35326-3 0  9990
2 56052  87.9163 262.9110 0001563  92.0904 268.0409 13.21825886145681
ONEWEB-0551             
1 56053U 23043H   26073.08357653  .00000215  00000+0  53781-3 0  9990
2 56053  87.8931 278.2170 0001956  92.1827 267.9528 13.15549065143897
ONEWEB-0552             
1 56054U 23043J   26073.22441331  .00000099  00000+0  20903-3 0  9994
2 56054  87.9160 262.9200 0001740  99.3939 260.7392 13.21826824145688
ONEWEB-0553             
1 56055U 23043K   26073.03373730  .00000033  00000+0  53544-4 0  9997
2 56055  87.9009 247.6973 0001417  84.8086 275.3207 13.16594320146451
ONEWEB-0554             
1 56056U 23043L   26073.02106946  .00000077  00000+0  16840-3 0  9995
2 56056  87.9008 247.7101 0001376 103.3923 256.7361 13.16594405146432
ONEWEB-0555             
1 56057U 23043M   26072.90707765  .00000025  00000+0  32376-4 0  9994
2 56057  87.9007 247.7178 0001461  77.8880 282.2415 13.16593881146428
ONEWEB-0557             
1 56058U 23043N   26073.22531097  .00000140  00000+0  33207-3 0  9995
2 56058  87.9007 247.6659 0000386  74.8576 285.2598 13.16594265146462
ONEWEB-0558             
1 56059U 23043P   26073.21782348  .00000057  00000+0  10726-3 0  9990
2 56059  87.9162 262.9145 0002187  93.2237 266.9148 13.21827023145693
ONEWEB-0559             
1 56060U 23043Q   26073.28199781 -.00000038  00000+0 -12390-3 0  9992
2 56060  87.9165 262.8951 0001906  99.3081 260.8268 13.21824320145710
ONEWEB-0566             
1 56061U 23043R   26073.27541645  .00000005  00000+0 -18268-4 0  9996
2 56061  87.9163 262.8957 0001976  97.0576 263.0782 13.21827090145696
ONEWEB-0568             
1 56062U 23043S   26073.24272241  .00000165  00000+0  39890-3 0  9996
2 56062  87.9012 247.6526 0001508  87.3141 272.8163 13.16597204146488
ONEWEB-0574             
1 56063U 23043T   26072.96605780  .00000083  00000+0  16876-3 0  9991
2 56063  87.9174 262.9510 0001480  93.7505 266.3799 13.21825604145694
ONEWEB-0575             
1 56064U 23043U   26073.23639293  .00000231  00000+0  57089-3 0  9995
2 56064  87.9005 247.6515 0001179  93.4841 266.6425 13.16594366146476
ONEWEB-0576             
1 56065U 23043V   26072.91341044  .00000078  00000+0  17061-3 0  9999
2 56065  87.9011 247.7200 0001397  95.3954 264.7337 13.16593973146423
ONEWEB-0577             
1 56066U 23043W   26073.22373020  .00000034  00000+0  55913-4 0  9995
2 56066  87.9007 247.6566 0000917 110.0672 250.0558 13.16593891146491
ONEWEB-0578             
1 56067U 23043X   26073.02857461  .00000110  00000+0  23578-3 0  9996
2 56067  87.9165 262.9443 0001625  82.5448 277.5871 13.21824509145661
ONEWEB-0579             
1 56068U 23043Y   26073.24579566  .00000054  00000+0  10035-3 0  9999
2 56068  87.9171 262.8918 0001814 101.0587 259.0752 13.21827109145703
ONEWEB-0581             
1 56069U 23043Z   26073.00207321  .00000180  00000+0  43788-3 0  9992
2 56069  87.9007 247.7128 0001069 103.1710 256.9540 13.16594488146437
ONEWEB-0609             
1 56070U 23043AA  26073.26421432  .00000064  00000+0  13699-3 0  9992
2 56070  87.8931 278.1689 0001714  88.9260 271.2067 13.15548758143957
ONEWEB-0613             
1 56071U 23043AB  26073.10734915  .00000108  00000+0  25176-3 0  9991
2 56071  87.8933 278.2112 0001822  96.2829 263.8509 13.15548253143931
ONEWEB-0630             
1 56072U 23043AC  26073.25470963  .00000073  00000+0  15856-3 0  9993
2 56072  87.8935 278.1513 0001775  95.8506 264.2827 13.15548307143941
ONEWEB-0632             
1 56073U 23043AD  26073.09784252  .00000183  00000+0  45227-3 0  9992
2 56073  87.8934 278.2005 0001464  96.0975 264.0322 13.15548069143927
ONEWEB-0633             
1 56074U 23043AE  26073.09150239  .00000213  00000+0  53148-3 0  9990
2 56074  87.8943 278.1696 0002028  95.0912 265.0450 13.15548472143909
ONEWEB-0634             
1 56075U 23043AF  26073.07722717 -.00000733  00000+0 -19810-2 0  9991
2 56075  87.8931 278.2208 0001857  82.3735 277.7607 13.15552335143893
ONEWEB-0635             
1 56076U 23043AG  26073.07248246  .00000058  00000+0  11976-3 0  9996
2 56076  87.8943 278.1754 0001336  92.4376 267.6908 13.15548692143924
ONEWEB-0636             
1 56077U 23043AH  26073.29273247 -.00000085  00000+0 -26090-3 0  9995
2 56077  87.8937 278.1454 0001430  92.2790 267.8504 13.15548163143936
ONEWEB-0637             
1 56078U 23043AJ  26073.28639826 -.00000084  00000+0 -25614-3 0  9994
2 56078  87.8935 278.1645 0001431  80.2851 279.8441 13.15548754143954
ONEWEB-0647             
1 56079U 23043AK  26073.28164462 -.00000070  00000+0 -21883-3 0  9993
2 56079  87.8934 278.1778 0001575  95.1647 264.9663 13.15548384143947
ONEWEB-0651             
1 56080U 23043AL  26073.27689005 -.00000016  00000+0 -75435-4 0  9992
2 56080  87.8931 278.1737 0001335  86.7152 273.4131 13.15548739145145
ONEWEB-0718             
1 56081U 23043AM  26073.27213665  .00000052  00000+0  10282-3 0  9994
2 56081  87.8933 278.1551 0001997  78.6826 281.4528 13.15549211143956
ONEWEB-0561             
1 56710U 23068A   26072.97148403 -.00002892  00000+0 -71469-2 0  9992
2 56710  87.9155 293.4554 0000908  70.2815 289.8416 13.20782767136931
ONEWEB-0668             
1 56711U 23068B   26072.97673691  .00000444  00000+0  11269-2 0  9996
2 56711  87.9024 247.7002 0001749  78.4471 281.6856 13.16598366139250
ONEWEB-0676             
1 56712U 23068C   26072.90866000  .00000088  00000+0  19674-3 0  9991
2 56712  87.9006 247.7255 0001344 101.4881 258.6401 13.16594573139160
ONEWEB-0677             
1 56713U 23068D   26073.11196224  .00000066  00000+0  13054-3 0  9992
2 56713  87.9165 293.4203 0001452  80.6559 279.4739 13.20773897137254
ONEWEB-0678             
1 56714U 23068E   26072.86016145  .00000184  00000+0  45392-3 0  9998
2 56714  87.8941 278.2204 0001713  99.9304 260.2020 13.15547942136758
ONEWEB-0679             
1 56715U 23068F   26073.01949065  .00000155  00000+0  37169-3 0  9994
2 56715  87.9017 247.6896 0001266  77.5625 282.5647 13.16594295139201
ONEWEB-0680             
1 56716U 23068G   26073.24909553  .00000135  00000+0  29501-3 0  9997
2 56716  87.9174 262.8922 0001619  73.1704 286.9607 13.21827649138556
ONEWEB-0681             
1 56717U 23068H   26073.22852081  .00000086  00000+0  17591-3 0  9990
2 56717  87.9162 262.9042 0000825 122.7234 237.3979 13.21826226138546
ONEWEB-0682             
1 56718U 23068J   26073.26648235  .00011467  00000+0  30348-1 0  9997
2 56718  87.8938 278.1446 0001565  73.1668 286.9634 13.15640169136972
ONEWEB-0683             
1 56719U 23068K   26073.28798389 -.00000108  00000+0 -32101-3 0  9999
2 56719  87.8946 278.1340 0001708  80.5264 279.6059 13.15548004136940
ONEWEB-0684             
1 56720U 23068L   26073.29590906 -.00000069  00000+0 -21773-3 0  9996
2 56720  87.8940 278.1253 0002824 107.0196 253.1244 13.15547980136774
ONEWEB-0686             
1 56721U 23068M   26072.90390488  .00000017  00000+0  11049-4 0  9994
2 56721  87.8999 247.7506 0001952  91.3998 268.7356 13.16594739139176
ONEWEB-0694             
1 56722U 23068N   26072.91024741  .00000052  00000+0  10183-3 0  9998
2 56722  87.9016 247.6952 0001692  80.4829 279.6493 13.16594004139230
ONEWEB-0696             
1 56723U 23068P   26073.10100017  .00000140  00000+0  33889-3 0  9998
2 56723  87.8934 278.2094 0001902 104.7337 255.4004 13.15549431136863
ONEWEB-0703             
1 56724U 23068Q   26073.26262743  .00000103  00000+0  24077-3 0  9999
2 56724  87.8934 278.1578 0001790 123.7598 236.3703 13.15548697136772
ONEWEB-0721             
1 56725U 23068R   26073.18740828  .00000024  00000+0  21871-4 0  9998
2 56725  86.6750 115.8517 0001925  98.4074 261.7278 13.22461961145385
ONEWEB-0015             
1 61594U 24188A   26072.93849210 -.00000454  00000+0 -13169-2 0  9997
2 61594  87.8869  40.0311 0001337  70.4454 289.6819 13.11418614 71977
ONEWEB-0687             
1 61595U 24188B   26073.31056858  .00000089  00000+0  19664-3 0  9998
2 61595  87.9150  24.7240 0001773  69.6189 290.5133 13.17648754 73407
ONEWEB-0688             
1 61596U 24188C   26073.26331786  .00000131  00000+0  30525-3 0  9996
2 61596  87.9152  24.7326 0000927  45.0207 315.1000 13.17649305 73392
ONEWEB-0689             
1 61597U 24188D   26073.27761142  .00000597  00000+0  16498-2 0  9999
2 61597  87.8885  39.9045 0002029  73.1784 286.9566 13.11416732 72018
ONEWEB-0690             
1 61598U 24188E   26073.28778579  .00000433  00000+0  11871-2 0  9992
2 61598  87.8879  39.9221 0001879 105.4669 254.6667 13.11414964 72199
ONEWEB-0691             
1 61599U 24188F   26073.28270172  .00000595  00000+0  16444-2 0  9999
2 61599  87.8887  39.8240 0001554  71.5876 288.5421 13.11415634 72045
ONEWEB-0692             
1 61600U 24188G   26073.30303606 -.00000199  00000+0 -59829-3 0  9991
2 61600  87.8862  39.9514 0002744  82.3851 277.7588 13.11414913 72033
ONEWEB-0693             
1 61601U 24188H   26073.27512457  .00000019  00000+0  16804-4 0  9990
2 61601  87.9147  24.7515 0001627 106.3617 253.7694 13.17648227 73384
ONEWEB-0695             
1 61602U 24188J   26073.27930690  .00000560  00000+0  15430-2 0  9997
2 61602  87.8868  39.9469 0002298  75.3472 284.7911 13.11417923 72026
ONEWEB-0697             
1 61603U 24188K   26073.31151074 -.00000441  00000+0 -12815-2 0  9998
2 61603  87.8865  39.9300 0002648  84.0892 276.0538 13.11416038 72014
ONEWEB-0698             
1 61604U 24188L   26073.28948148  .00000408  00000+0  11153-2 0  9996
2 61604  87.8866  39.9496 0002828 103.0276 257.1168 13.11414530 72036
ONEWEB-0699             
1 61605U 24188M   26072.99772330  .00000266  00000+0  72663-3 0  9998
2 61605  87.8788  55.2142 0002520  88.2143 271.9273 13.10375474 70845
ONEWEB-0700             
1 61606U 24188N   26072.99938357  .00000335  00000+0  92342-3 0  9995
2 61606  87.8801  55.1091 0002526  77.5538 282.5872 13.10375273 70838
ONEWEB-0701             
1 61607U 24188P   26072.93963080  .00000647  00000+0  18183-2 0  9997
2 61607  87.8786  55.2258 0002739  89.6438 270.5004 13.10372027 70834
ONEWEB-0702             
1 61608U 24188Q   26072.95375289  .00000135  00000+0  34477-3 0  9995
2 61608  87.8886  39.9054 0002870  78.5831 281.5620 13.11420318 72004
ONEWEB-0704             
1 61609U 24188R   26073.00436586  .00000508  00000+0  14195-2 0  9999
2 61609  87.8798  55.1892 0002815  78.0651 282.0792 13.10375887 70824
ONEWEB-0705             
1 61610U 24188S   26072.93299221  .00000636  00000+0  17856-2 0  9994
2 61610  87.8789  55.2160 0002372  57.0024 303.1331 13.10373634 62984
ONEWEB-0706             
1 61611U 24188T   26072.91804193  .00000009  00000+0 -11830-4 0  9996
2 61611  87.8771  55.2317 0002362  74.2249 285.9138 13.10375490 70904
ONEWEB-0707             
1 61612U 24188U   26073.30647348  .00000375  00000+0  10376-2 0  9995
2 61612  87.8790  55.1412 0002362  75.7502 284.3887 13.10375893 70898
ONEWEB-0708             
1 61613U 24188V   26072.94294677  .00000637  00000+0  17888-2 0  9994
2 61613  87.8778  55.2414 0001789  65.5485 294.5829 13.10371119 70826
