ONEWEB-0012             
1 44057U 19010A   26099.85591324  .00000118  00000+0  27560-3 0  9996
2 44057  87.9051 242.3615 0001954 112.4509 247.6829 13.16593495342571
ONEWEB-0010             
1 44058U 19010B   26099.80524939 -.00000067  00000+0 -21007-3 0  9995
2 44058  87.9053 242.3672 0002019  91.4930 268.6432 13.16593440342612
ONEWEB-0008             
1 44059U 19010C   26099.83057895  .00000069  00000+0  14637-3 0  9992
2 44059  87.9051 242.3589 0001597 101.6504 258.4806 13.16593994342738
ONEWEB-0007             
1 44060U 19010D   26099.50716386 -.00000132  00000+0 -38568-3 0  9997
2 44060  87.8931 272.9273 0002099  96.9497 263.1872 13.15548357342345
ONEWEB-0006             
1 44061U 19010E   26099.51112160 -.00000109  00000+0 -32343-3 0  9998
2 44061  87.8943 272.8837 0001933  91.1834 268.9517 13.15549426342394
ONEWEB-0011             
1 44062U 19010F   26099.70759485  .00000131  00000+0  31496-3 0  9998
2 44062  87.8947 272.8532 0001695  87.5593 272.5731 13.15549493342413
ONEWEB-0013             
1 45131U 20008A   26099.62933370 -.00000671  00000+0 -19845-2 0  9997
2 45131  87.8486  66.6530 0001932 113.4610 246.6720 13.09452442297092
ONEWEB-0017             
1 45132U 20008B   26099.81246589 -.00000523  00000+0 -15338-2 0  9997
2 45132  87.8827  49.8743 0002072  75.5509 284.5848 13.10373901298998
ONEWEB-0020             
1 45133U 20008C   26099.78259258  .00000404  00000+0  11202-2 0  9993
2 45133  87.8832  49.8738 0001916  81.0212 279.1132 13.10372534299389
ONEWEB-0021             
1 45134U 20008D   26099.79751792 -.00000526  00000+0 -15447-2 0  9997
2 45134  87.8821  49.8930 0002011  82.3357 277.7998 13.10369631299695
ONEWEB-0023             
1 45136U 20008F   26099.80831250 -.00000696  00000+0 -20299-2 0  9998
2 45136  87.8826  49.8698 0001881  85.6932 274.4410 13.10372510299123
ONEWEB-0024             
1 45137U 20008G   26099.78093681  .00000398  00000+0  11046-2 0  9991
2 45137  87.8833  49.8636 0001907  80.1097 280.0246 13.10371702299284
ONEWEB-0025             
1 45138U 20008H   26099.77845031  .00000521  00000+0  14549-2 0  9994
2 45138  87.8835  49.8508 0001961  90.1222 270.0130 13.10370012299617
ONEWEB-0026             
1 45139U 20008J   26099.79666564  .00000453  00000+0  12431-2 0  9991
2 45139  87.8922  34.6601 0001939  73.6469 286.4872 13.11417047302143
ONEWEB-0028             
1 45140U 20008K   26099.82971569 -.00000244  00000+0 -72361-3 0  9990
2 45140  87.8905  34.6590 0001795  96.7132 263.4200 13.11413272299664
ONEWEB-0032             
1 45141U 20008L   26099.81411002 -.00000773  00000+0 -22516-2 0  9994
2 45141  87.8825  49.8755 0001802  95.3140 264.8192 13.10374113299349
ONEWEB-0033             
1 45142U 20008M   26099.78923826  .00000083  00000+0  20217-3 0  9992
2 45142  87.8818  49.8894 0002235  69.0572 291.0794 13.10368400299256
ONEWEB-0035             
1 45143U 20008N   26099.81993704 -.00000407  00000+0 -12027-2 0  9990
2 45143  87.8825  49.8815 0001978  77.5614 282.5735 13.10376366298981
ONEWEB-0036             
1 45144U 20008P   26099.83313865  .00000319  00000+0  88573-3 0  9997
2 45144  87.8845  49.8612 0001733  85.9254 274.2071 13.09821897299413
ONEWEB-0038             
1 45145U 20008Q   26099.80698757  .00000581  00000+0  16041-2 0  9992
2 45145  87.8926  34.6603 0003493  89.7546 270.3982 13.11415956301361
ONEWEB-0039             
1 45146U 20008R   26099.79255277 -.00000073  00000+0 -24550-3 0  9990
2 45146  87.8829  49.8758 0001843  97.4245 262.7092 13.10370720299206
ONEWEB-0040             
1 45147U 20008S   26099.55684661  .00000234  00000+0  63412-3 0  9995
2 45147  87.8824  49.9362 0001938  82.7013 277.4334 13.10370261298873
ONEWEB-0043             
1 45149U 20008U   26099.78757378  .00000114  00000+0  29119-3 0  9991
2 45149  87.8830  49.8748 0001801  98.6884 261.4447 13.10370982299228
ONEWEB-0044             
1 45150U 20008V   26099.81579321 -.00000535  00000+0 -15688-2 0  9991
2 45150  87.8839  49.8666 0001939  86.5112 273.6237 13.10373918299527
ONEWEB-0045             
1 45151U 20008W   26099.80176028  .00000420  00000+0  11504-2 0  9992
2 45151  87.8922  34.6475 0001906  82.3686 277.7659 13.11417622301445
ONEWEB-0047             
1 45152U 20008X   26099.80913522 -.00000854  00000+0 -24841-2 0  9992
2 45152  87.8832  49.8682 0002034  78.1313 282.0042 13.10372411299241
ONEWEB-0048             
1 45153U 20008Y   26099.80416523 -.00000578  00000+0 -16917-2 0  9990
2 45153  87.8824  49.8952 0001987  79.7487 280.3864 13.10371886298852
ONEWEB-0049             
1 45154U 20008Z   26099.80734373 -.00000715  00000+0 -20839-2 0  9998
2 45154  87.8828  49.8827 0001470  81.3799 278.7495 13.10372862299071
ONEWEB-0051             
1 45155U 20008AA  26099.80005288  .00000384  00000+0  10463-2 0  9997
2 45155  87.8921  34.6599 0001902  79.0400 281.0941 13.11415579302125
ONEWEB-0052             
1 45156U 20008AB  26099.83335647  .00018496  00000+0  52840-1 0  9993
2 45156  87.8850  49.8625 0001473  83.2481 300.9868 13.10376012  4972
ONEWEB-0053             
1 45157U 20008AC  26099.78425742  .00000252  00000+0  68531-3 0  9991
2 45157  87.8822  49.8962 0001651  95.7512 264.3803 13.10369637298957
ONEWEB-0054             
1 45158U 20008AD  26099.81908986 -.00000648  00000+0 -18916-2 0  9994
2 45158  87.8836  49.8661 0001839  79.5813 280.5521 13.10374903299074
ONEWEB-0056             
1 45159U 20008AE  26099.80001456 -.00000492  00000+0 -14467-2 0  9994
2 45159  87.8828  49.8696 0001759  77.7199 282.4125 13.10369719299229
ONEWEB-0057             
1 45160U 20008AF  26099.80761538 -.00000587  00000+0 -17186-2 0  9996
2 45160  87.8830  49.8769 0001626  95.3645 264.7668 13.10371353299390
ONEWEB-0058             
1 45161U 20008AG  26099.79434559 -.00000246  00000+0 -73975-3 0  9996
2 45161  87.8825  49.8882 0002136  80.0392 280.0976 13.10369118299465
ONEWEB-0059             
1 45162U 20008AH  26099.79088844 -.00000273  00000+0 -81886-3 0  9999
2 45162  87.8822  49.8891 0002023  86.2229 273.9130 13.10369713299368
ONEWEB-0062             
1 45163U 20008AJ  26099.81661956 -.00000465  00000+0 -13687-2 0  9990
2 45163  87.8835  49.8681 0002298  74.6416 285.4965 13.10375137299230
ONEWEB-0065             
1 45164U 20008AK  26099.61812896  .00000702  00000+0  19755-2 0  9994
2 45164  87.8829  49.9148 0001525  84.2029 275.9272 13.10373343298907
ONEWEB-0066             
1 45424U 20020A   26099.78478806 -.00000083  00000+0 -27111-3 0  9994
2 45424  87.8924  34.6653 0001991  82.9710 277.1644 13.11417284293718
ONEWEB-0067             
1 45425U 20020B   26099.82295124  .00000080  00000+0  19042-3 0  9999
2 45425  87.8927  34.5698 0001705  86.1930 273.9393 13.11417905293774
ONEWEB-0080             
1 45426U 20020C   26099.82223477  .00000122  00000+0  30734-3 0  9990
2 45426  87.8920  34.6506 0002135  73.5386 286.5976 13.11414695293747
ONEWEB-0090             
1 45427U 20020D   26099.77475112 -.00000391  00000+0 -11400-2 0  9998
2 45427  87.8925  34.6654 0001926  78.0265 282.1078 13.11417632293705
ONEWEB-0061             
1 45428U 20020E   26099.80670553  .00000572  00000+0  15788-2 0  9991
2 45428  87.8918  34.6446 0001922  78.9019 281.2325 13.11415483293661
ONEWEB-0081             
1 45429U 20020F   26099.78819195  .00000078  00000+0  18419-3 0  9992
2 45429  87.8909  34.6627 0001870  85.7545 274.3797 13.11419874293771
ONEWEB-0069             
1 45430U 20020G   26099.77716052 -.00000339  00000+0 -99283-3 0  9991
2 45430  87.8918  34.6597 0001830  81.7442 278.3893 13.11417330293706
ONEWEB-0031             
1 45431U 20020H   26099.82548031 -.00000017  00000+0 -83608-4 0  9996
2 45431  87.8907  34.6660 0002012  74.9172 285.2179 13.11413883293694
ONEWEB-0027             
1 45432U 20020J   26099.81144183  .00000025  00000+0  30718-4 0  9997
2 45432  87.9194  19.4254 0001846  67.0777 293.0550 13.17647813297357
ONEWEB-0064             
1 45433U 20020K   26099.82378487  .00000119  00000+0  30062-3 0  9990
2 45433  87.8905  34.6566 0001921  73.9511 286.1829 13.11414247293724
ONEWEB-0018             
1 45434U 20020L   26099.77969663 -.00000260  00000+0 -76997-3 0  9993
2 45434  87.8915  34.6642 0002214  83.8508 276.2872 13.11417771293669
ONEWEB-0083             
1 45435U 20020M   26099.77038015 -.00000447  00000+0 -12976-2 0  9995
2 45435  87.8921  34.6556 0001952  78.0938 282.0409 13.11418529293700
ONEWEB-0095             
1 45436U 20020N   26099.53229461 -.00000466  00000+0 -13499-2 0  9999
2 45436  87.8918  34.7108 0001278  60.8677 299.2579 13.11416105293673
ONEWEB-0092             
1 45437U 20020P   26099.80938007  .00000531  00000+0  14610-2 0  9990
2 45437  87.8919  34.6558 0001493  79.8087 280.3209 13.11417762293825
ONEWEB-0085             
1 45438U 20020Q   26099.76952193 -.00000456  00000+0 -13224-2 0  9996
2 45438  87.8918  34.6672 0001835  79.4526 280.6808 13.11415996293708
ONEWEB-0096             
1 45439U 20020R   26099.77122462 -.00000436  00000+0 -12673-2 0  9991
2 45439  87.8926  34.6568 0001855  81.3739 278.7599 13.11417444293695
ONEWEB-0037             
1 45440U 20020S   26099.82802117 -.00000184  00000+0 -55632-3 0  9994
2 45440  87.8926  34.6234 0001753  78.1660 281.9664 13.11413975293730
ONEWEB-0042             
1 45441U 20020T   26099.53201457 -.00000444  00000+0 -12882-2 0  9991
2 45441  87.8920  34.7015 0001844  82.2144 277.9194 13.11415439293669
ONEWEB-0098             
1 45442U 20020U   26099.83310601 -.00000383  00000+0 -11173-2 0  9991
2 45442  87.8919  34.6523 0001903  77.5439 282.5902 13.11417111293681
ONEWEB-0055             
1 45443U 20020V   26099.81616410  .00000362  00000+0  98533-3 0  9998
2 45443  87.8916  34.6559 0001911  77.6159 282.5183 13.11414153293658
ONEWEB-0093             
1 45444U 20020W   26099.79172160  .00000101  00000+0  24886-3 0  9996
2 45444  87.8919  34.6505 0001815  92.2231 267.9105 13.11418655293719
ONEWEB-0029             
1 45445U 20020X   26099.80768808  .00000558  00000+0  15383-2 0  9996
2 45445  87.8914  34.6585 0001913  82.9023 277.2323 13.11415848293691
ONEWEB-0068             
1 45446U 20020Y   26099.79144440  .00000283  00000+0  76236-3 0  9995
2 45446  87.8921  34.6537 0001934  84.3556 275.7793 13.11417983293637
ONEWEB-0046             
1 45447U 20020Z   26099.78309368 -.00000175  00000+0 -52965-3 0  9992
2 45447  87.8923  34.6623 0001675  84.6591 275.4728 13.11417703293646
ONEWEB-0063             
1 45448U 20020AA  26099.81192160  .00000481  00000+0  13200-2 0  9993
2 45448  87.8922  34.6543 0001606  79.2862 280.8447 13.11415022293732
ONEWEB-0019             
1 45449U 20020AB  26099.77447445 -.00000400  00000+0 -11653-2 0  9991
2 45449  87.8917  34.6527 0001988  75.2639 284.8709 13.11417345293577
ONEWEB-0094             
1 45450U 20020AC  26099.78445706 -.00000001  00000+0 -36275-4 0  9998
2 45450  87.9198  19.4288 0002054  81.1931 278.9433 13.17650586297307
ONEWEB-0087             
1 45451U 20020AD  26099.82195672  .00000147  00000+0  38012-3 0  9997
2 45451  87.8929  34.6211 0001996  86.6554 273.4802 13.11413722293623
ONEWEB-0082             
1 45452U 20020AE  26099.81870045  .00000274  00000+0  73595-3 0  9997
2 45452  87.8920  34.6437 0002007  84.7357 275.4000 13.11414693293719
ONEWEB-0050             
1 45453U 20020AF  26099.78469248  .00002365  00000+0  24239-3 0  9997
2 45453  88.9248 242.5045 0002941 171.7993 188.3285 14.90133930330191
ONEWEB-0034             
1 45454U 20020AG  26099.76358706 -.00000463  00000+0 -13431-2 0  9992
2 45454  87.8920  34.6580 0001862  78.9888 281.1449 13.11418139293622
ONEWEB-0060             
1 45455U 20020AH  26099.81107559  .00000495  00000+0  13603-2 0  9991
2 45455  87.8914  34.6578 0002633  97.6107 262.5320 13.11417122293589
ONEWEB-0086             
1 45456U 20020AJ  26099.78988050  .00000219  00000+0  58222-3 0  9992
2 45456  87.8923  34.6521 0002605  81.3640 278.7783 13.11417773293640
ONEWEB-0088             
1 45457U 20020AK  26099.76784024 -.00000465  00000+0 -13476-2 0  9992
2 45457  87.8932  34.6237 0001562  83.3934 276.7372 13.11418220293576
ONEWEB-0102             
1 47258U 20100A   26099.44426332 -.00000219  00000+0 -64365-3 0  9993
2 47258  87.9005   4.3328 0002042  79.0016 281.1343 13.12441108255715
ONEWEB-0109             
1 47259U 20100B   26099.52897499 -.00000399  00000+0 -11432-2 0  9994
2 47259  87.9014   4.2928 0001866  74.6436 285.4899 13.12442260255556
ONEWEB-0110             
1 47260U 20100C   26099.78480502  .00000205  00000+0  53570-3 0  9991
2 47260  87.9013   4.2269 0002051  81.2726 278.8635 13.12442392255750
ONEWEB-0111             
1 47261U 20100D   26099.43410417  .00000036  00000+0  65382-4 0  9999
2 47261  87.9014   4.3150 0001829  82.5095 277.6242 13.12441024255546
ONEWEB-0114             
1 47262U 20100E   26099.76953964 -.00000252  00000+0 -73688-3 0  9994
2 47262  87.9016   4.2444 0001669  71.0258 289.1051 13.12442241255548
ONEWEB-0117             
1 47263U 20100F   26099.15116920 -.00000336  00000+0 -96963-3 0  9995
2 47263  87.9012   4.3603 0001828  78.6011 281.5323 13.12441558255470
ONEWEB-0118             
1 47264U 20100G   26099.49001738  .00000391  00000+0  10513-2 0  9998
2 47264  87.9011   4.2958 0001481  73.2058 286.9233 13.12441412255714
ONEWEB-0119             
1 47265U 20100H   26099.43918521 -.00000086  00000+0 -27559-3 0  9992
2 47265  87.9003   4.3288 0001784  78.0824 282.0504 13.12440853255685
ONEWEB-0120             
1 47266U 20100J   26099.76798427 -.00000359  00000+0 -10328-2 0  9998
2 47266  87.9005   4.2644 0001773  75.2011 284.9314 13.12442259255758
ONEWEB-0121             
1 47267U 20100K   26099.45103807 -.00000407  00000+0 -11659-2 0  9999
2 47267  87.9017   4.3064 0001955  82.1772 277.9578 13.12440980255621
ONEWEB-0122             
1 47268U 20100L   26099.44511440 -.00000315  00000+0 -91235-3 0  9992
2 47268  87.9017   4.3108 0001931  75.2068 284.9274 13.12441414255530
ONEWEB-0123             
1 47269U 20100M   26099.44087591 -.00000152  00000+0 -45887-3 0  9999
2 47269  87.9004   4.3271 0001667  78.3020 281.8296 13.12440968255674
ONEWEB-0124             
1 47270U 20100N   26099.81190560  .00000249  00000+0  65686-3 0  9997
2 47270  87.9003   4.2578 0001799  83.2416 276.8917 13.12441280255609
ONEWEB-0125             
1 47271U 20100P   26099.48494206  .00000398  00000+0  10701-2 0  9997
2 47271  87.9016   4.2978 0001611  88.3097 271.8216 13.12442528255627
ONEWEB-0126             
1 47272U 20100Q   26099.81035073  .00000257  00000+0  67837-3 0  9995
2 47272  87.9007   4.2538 0001772  74.5728 285.5597 13.12441314255734
ONEWEB-0127             
1 47273U 20100R   26099.77633367 -.00000023  00000+0 -99688-4 0  9994
2 47273  87.9001   4.2625 0001846  74.3394 285.7938 13.12443337255755
ONEWEB-0128             
1 47274U 20100S   26099.79835865  .00000430  00000+0  11596-2 0  9994
2 47274  87.9004   4.2723 0002080  82.3939 277.7426 13.12441350255771
ONEWEB-0129             
1 47275U 20100T   26099.77802010 -.00000023  00000+0 -98961-4 0  9992
2 47275  87.9016   4.2429 0002116  46.0339 314.0964 13.12442629255704
ONEWEB-0130             
1 47276U 20100U   26099.80513300  .00000375  00000+0  10071-2 0  9990
2 47276  87.9015   4.2321 0001869  76.1748 283.9588 13.12441415255671
ONEWEB-0131             
1 47277U 20100V   26099.42055936  .00000501  00000+0  13575-2 0  9998
2 47277  87.9004   4.3341 0001835  78.1323 282.0011 13.12441409255660
ONEWEB-0132             
1 47278U 20100W   26099.14439897 -.00000344  00000+0 -99193-3 0  9998
2 47278  87.9007   4.3885 0001874  80.7378 279.3963 13.12441527255520
ONEWEB-0133             
1 47279U 20100X   26099.77110673 -.00000263  00000+0 -76737-3 0  9995
2 47279  87.9022   4.2327 0001972  80.7056 279.4296 13.12442629255760
ONEWEB-0134             
1 47280U 20100Y   26099.43579724  .00000024  00000+0  31476-4 0  9991
2 47280  87.9018   4.2963 0002040  74.8742 285.2612 13.12441100255698
ONEWEB-0135             
1 47281U 20100Z   26099.78819324  .00000373  00000+0  10012-2 0  9991
2 47281  87.9007   4.2580 0002132  76.2864 283.8502 13.12442286255761
ONEWEB-0136             
1 47282U 20100AA  26099.42564508  .00000249  00000+0  65753-3 0  9999
2 47282  87.9012   4.3058 0002071  72.9455 287.1901 13.12441225255649
ONEWEB-0137             
1 47283U 20100AB  26099.76446774 -.00000347  00000+0 -10000-2 0  9996
2 47283  87.9017   4.2453 0001658  79.0858 281.0457 13.12442460255593
ONEWEB-0138             
1 47284U 20100AC  26099.43749073 -.00000040  00000+0 -14535-3 0  9997
2 47284  87.9014   4.3182 0001937  73.4476 286.6865 13.12440532255632
ONEWEB-0139             
1 47285U 20100AD  26099.78324909  .00000186  00000+0  48290-3 0  9997
2 47285  87.9009   4.2367 0001813  77.4970 282.6361 13.12442818255756
ONEWEB-0140             
1 47286U 20100AE  26099.43241395  .00000118  00000+0  29151-3 0  9997
2 47286  87.9015   4.2957 0001919  82.1852 277.9494 13.12440634255677
ONEWEB-0141             
1 47287U 20100AF  26099.78297032  .00000185  00000+0  47961-3 0  9998
2 47287  87.9013   4.2320 0001476  77.7212 282.4082 13.12442831255707
ONEWEB-0142             
1 47288U 20100AG  26099.77138103 -.00000202  00000+0 -59714-3 0  9992
2 47288  87.9015   4.2585 0001607  67.0186 293.1112 13.12442636255695
ONEWEB-0143             
1 47289U 20100AH  26099.78141482 -.00000001  00000+0 -36815-4 0  9993
2 47289  87.9016   4.2530 0001771  78.4173 281.7154 13.12442329255677
ONEWEB-0144             
1 47290U 20100AJ  26099.44765701 -.00000344  00000+0 -99138-3 0  9990
2 47290  87.9017   4.2901 0001889  68.3963 291.7367 13.12444017255557
ONEWEB-0145             
1 47291U 20100AK  26099.41886641  .00000483  00000+0  13076-2 0  9993
2 47291  87.9007   4.3313 0001796  75.8445 284.2883 13.12440998255745
ONEWEB-0146             
1 47292U 20100AL  26099.79666289  .00000511  00000+0  13850-2 0  9991
2 47292  87.9014   4.2431 0001915  88.8922 271.2426 13.12441399255702
ONEWEB-0147             
1 47293U 20100AM  26099.76276106 -.00000402  00000+0 -11542-2 0  9991
2 47293  87.9021   4.2302 0001979  78.3786 281.7565 13.12441623255597
ONEWEB-0115             
1 48042U 21025A   26099.38734183  .00000084  00000+0  19446-3 0  9999
2 48042  87.9001 333.9205 0001767  83.9177 276.2153 13.13469029244561
ONEWEB-0152             
1 48043U 21025B   26099.55324192  .00000287  00000+0  75081-3 0  9996
2 48043  87.8996 333.8872 0001803  85.6899 274.4436 13.13468774244542
ONEWEB-0153             
1 48044U 21025C   26099.37887756 -.00000170  00000+0 -49917-3 0  9999
2 48044  87.8994 333.9264 0001688  79.2605 280.8714 13.13469429244517
ONEWEB-0154             
1 48045U 21025D   26099.37549408 -.00000161  00000+0 -47705-3 0  9992
2 48045  87.8993 333.9246 0001830  81.8465 278.2871 13.13469674244471
ONEWEB-0116             
1 48046U 21025E   26099.87149266  .00000243  00000+0  62935-3 0  9997
2 48046  87.9001 333.8168 0001781  85.7101 274.4231 13.13468523244683
ONEWEB-0150             
1 48047U 21025F   26098.62895279  .00000091  00000+0  21504-3 0  9990
2 48047  87.9006 334.0613 0001558  82.0506 278.0800 13.13469315244411
ONEWEB-0107             
1 48048U 21025G   26099.08770539  .00000298  00000+0  78063-3 0  9994
2 48048  87.9004 333.9652 0001659  73.0065 287.1246 13.13469388244452
ONEWEB-0101             
1 48049U 21025H   26099.88841509 -.00000043  00000+0 -15321-3 0  9997
2 48049  87.8989 333.8291 0001821  77.4815 282.6518 13.13468179244532
ONEWEB-0113             
1 48050U 21025J   26099.55508774  .00000237  00000+0  60968-3 0  9997
2 48050  87.9000 333.8118 0001795  93.4209 266.7125 13.13950190244594
ONEWEB-0112             
1 48051U 21025K   26099.54985338  .00000219  00000+0  56556-3 0  9990
2 48051  87.9002 333.8711 0001882  74.8750 285.2588 13.13468898244584
ONEWEB-0156             
1 48052U 21025L   26099.40596422  .00000336  00000+0  88465-3 0  9992
2 48052  87.9001 333.9104 0001615  78.9064 281.2247 13.13469295244544
ONEWEB-0161             
1 48053U 21025M   26099.38057046 -.00000137  00000+0 -41022-3 0  9993
2 48053  87.8991 333.9220 0001637  76.4852 283.6459 13.13469131244475
ONEWEB-0158             
1 48054U 21025N   26099.87318395  .00000294  00000+0  77031-3 0  9996
2 48054  87.9002 333.8176 0001984  87.1153 273.0203 13.13468657244660
ONEWEB-0157             
1 48055U 21025P   26099.89856763 -.00000303  00000+0 -86571-3 0  9997
2 48055  87.9000 333.8171 0001668  67.7392 292.3914 13.13467932244604
ONEWEB-0162             
1 48056U 21025Q   26099.87475245  .00000233  00000+0  60368-3 0  9994
2 48056  87.8999 333.8257 0001541  82.4830 277.6474 13.13468808244573
ONEWEB-0155             
1 48057U 21025R   26099.88164732  .00000141  00000+0  35041-3 0  9990
2 48057  87.8993 333.8215 0001809  76.3227 283.8104 13.13468416244711
ONEWEB-0149             
1 48058U 21025S   26099.37041216 -.00000230  00000+0 -66466-3 0  9992
2 48058  87.9002 333.9220 0001510  83.5731 276.5570 13.13469056244458
ONEWEB-0148             
1 48059U 21025T   26099.40935332  .00000332  00000+0  87547-3 0  9992
2 48059  87.8994 333.9266 0001129  78.6832 281.4424 13.13468511244583
ONEWEB-0160             
1 48060U 21025U   26099.35009779  .00000037  00000+0  65748-4 0  9997
2 48060  87.8996 333.9344 0002157 100.3423 259.7950 13.13470832244520
ONEWEB-0163             
1 48061U 21025V   26099.18250553  .00000341  00000+0  90014-3 0  9998
2 48061  87.8998 333.9611 0001685  71.4200 288.7112 13.13468875244623
ONEWEB-0159             
1 48062U 21025W   26099.40257934  .00000300  00000+0  78779-3 0  9993
2 48062  87.9005 333.9060 0001564  75.6193 284.5110 13.13469491244576
ONEWEB-0164             
1 48063U 21025X   26099.38395597 -.00000012  00000+0 -68591-4 0  9993
2 48063  87.9001 333.9162 0001814  83.4752 276.6584 13.13469066244555
ONEWEB-0167             
1 48064U 21025Y   26099.18335618  .00000370  00000+0  97893-3 0  9991
2 48064  87.8996 333.9725 0002220  68.1996 291.9370 13.13468453244513
ONEWEB-0166             
1 48065U 21025Z   26099.89180801 -.00000125  00000+0 -37779-3 0  9999
2 48065  87.8998 333.7967 0001522  80.2289 279.9012 13.13468720244680
ONEWEB-0151             
1 48066U 21025AA  26099.89349135 -.00000119  00000+0 -36028-3 0  9996
2 48066  87.8996 333.8203 0001858  79.6568 280.4770 13.13468331244627
ONEWEB-0170             
1 48067U 21025AB  26099.36872078 -.00000283  00000+0 -81057-3 0  9990
2 48067  87.8995 333.9262 0002174  85.9138 274.2240 13.13468927244510
ONEWEB-0168             
1 48068U 21025AC  26099.88673058 -.00000074  00000+0 -23642-3 0  9999
2 48068  87.9001 333.8169 0001637  75.2934 284.8376 13.13468064244591
ONEWEB-0173             
1 48069U 21025AD  26099.87826076  .00000250  00000+0  64946-3 0  9995
2 48069  87.8997 333.8243 0001813  68.8748 291.2575 13.13468616244838
ONEWEB-0171             
1 48070U 21025AE  26099.38226382 -.00000092  00000+0 -28577-3 0  9993
2 48070  87.8992 333.9328 0001837  81.0710 279.0627 13.13469130244588
ONEWEB-0172             
1 48071U 21025AF  26099.89518578 -.00000179  00000+0 -52458-3 0  9992
2 48071  87.8992 333.8188 0001824  76.9760 283.1573 13.13468868245546
ONEWEB-0174             
1 48072U 21025AG  26099.87656828  .00000251  00000+0  65249-3 0  9993
2 48072  87.8991 333.8234 0001574  79.9441 280.1866 13.13468899244869
ONEWEB-0175             
1 48073U 21025AH  26099.37378623 -.00000237  00000+0 -68459-3 0  9995
2 48073  87.9001 333.9016 0002070  80.0160 280.1202 13.13468660244450
ONEWEB-0177             
1 48074U 21025AJ  26099.38564479 -.00001521  00000+0 -42001-2 0  9994
2 48074  87.9007 333.9201 0001816  76.7683 283.3649 13.13475854244646
ONEWEB-0178             
1 48075U 21025AK  26099.40440913  .00000192  00000+0  49167-3 0  9996
2 48075  87.8980 333.9388 0001942  75.7909 284.3436 13.13468432244696
ONEWEB-0108             
1 48076U 21025AL  26099.89688566 -.00000223  00000+0 -64495-3 0  9996
2 48076  87.9003 333.8073 0001627  88.2497 271.8818 13.13468890244687
ONEWEB-0169             
1 48077U 21025AM  26099.39580671  .00000238  00000+0  61594-3 0  9991
2 48077  87.8994 333.9205 0001601  87.7012 272.4301 13.13468572243278
ONEWEB-0176             
1 48210U 21031A   26099.52074056 -.00000167  00000+0 -48520-3 0  9994
2 48210  87.8930 303.4060 0001774  84.8898 275.2434 13.14502032239295
ONEWEB-0184             
1 48211U 21031B   26099.49377969  .00000018  00000+0  12794-4 0  9998
2 48211  87.8945 303.4055 0002431  76.4270 283.7130 13.14500734239269
ONEWEB-0179             
1 48212U 21031C   26099.52358933  .00000012  00000+0 -28856-5 0  9995
2 48212  87.8937 303.1004 0001146  45.6077 314.5179 13.71507513239381
ONEWEB-0180             
1 48213U 21031D   26099.49694991 -.00000004  00000+0 -45735-4 0  9995
2 48213  87.8938 303.4061 0001710  76.0550 284.0770 13.14501032239194
ONEWEB-0218             
1 48214U 21031E   26099.51915469 -.00000108  00000+0 -32552-3 0  9992
2 48214  87.8936 303.3999 0002354  69.4916 290.6467 13.14501734239352
ONEWEB-0209             
1 48215U 21031F   26099.50804853 -.00000136  00000+0 -40197-3 0  9991
2 48215  87.8926 303.4261 0001559  81.3638 278.7669 13.14500999239358
ONEWEB-0198             
1 48216U 21031G   26099.49233491  .00000099  00000+0  23166-3 0  9997
2 48216  87.8930 303.4298 0001791  72.8267 287.3059 13.14501398239460
ONEWEB-0189             
1 48217U 21031H   26099.50487687 -.00000147  00000+0 -43099-3 0  9991
2 48217  87.8935 303.4058 0001773  76.3108 283.8218 13.14500728239209
ONEWEB-0196             
1 48218U 21031J   26099.48269022  .00000195  00000+0  49106-3 0  9996
2 48218  87.8936 303.4207 0001691  81.8444 278.2877 13.14502474239209
ONEWEB-0183             
1 48219U 21031K   26099.53342359  .00000005  00000+0 -20759-4 0  9993
2 48219  87.8932 303.4100 0001497  90.7311 269.3990 13.14501517239309
ONEWEB-0185             
1 48220U 21031L   26099.48347157  .00000151  00000+0  37227-3 0  9998
2 48220  87.8937 303.4069 0001295  81.8908 278.2368 13.14504044239226
ONEWEB-0187             
1 48221U 21031M   26099.53962785  .00000152  00000+0  37432-3 0  9994
2 48221  87.8922 303.4238 0001572  79.7543 280.3764 13.14501241239240
ONEWEB-0192             
1 48222U 21031N   26099.50963257 -.00000203  00000+0 -58293-3 0  9994
2 48222  87.8920 303.4187 0001769  84.6647 275.4684 13.14501086239153
ONEWEB-0219             
1 48223U 21031P   26099.48902464  .00000109  00000+0  25919-3 0  9997
2 48223  87.8935 303.4110 0001487  81.6953 278.4346 13.14501722239357
ONEWEB-0202             
1 48224U 21031Q   26099.54612126  .00000235  00000+0  59870-3 0  9991
2 48224  87.8936 303.4088 0002184  72.7985 287.3384 13.14502529239340
ONEWEB-0204             
1 48225U 21031R   26099.50409046 -.00000150  00000+0 -44006-3 0  9996
2 48225  87.8940 303.4119 0001416  93.1600 266.9692 13.14501984239236
ONEWEB-0205             
1 48226U 21031S   26099.55562712  .00000191  00000+0  48068-3 0  9997
2 48226  87.8935 303.3929 0001570  83.1920 276.9388 13.14501539239255
ONEWEB-0206             
1 48227U 21031T   26099.52868513 -.00000117  00000+0 -34945-3 0  9992
2 48227  87.8942 303.4005 0001807  93.9849 266.1487 13.14503539239200
ONEWEB-0182             
1 48228U 21031U   26099.52390995 -.00000123  00000+0 -36512-3 0  9996
2 48228  87.8935 303.4116 0001503  92.2464 267.8838 13.14501835239412
ONEWEB-0186             
1 48229U 21031V   26099.53501482  .00000063  00000+0  13650-3 0  9992
2 48229  87.8934 303.3974 0001649  84.1916 275.9402 13.14501666239369
ONEWEB-0181             
1 48230U 21031W   26099.51280925 -.00000165  00000+0 -48027-3 0  9999
2 48230  87.8925 303.4400 0001702  80.4227 279.7095 13.14501087239211
ONEWEB-0188             
1 48231U 21031X   26099.55086822  .00000239  00000+0  60996-3 0  9993
2 48231  87.8925 303.4306 0001667  87.5568 272.5753 13.14501594239128
ONEWEB-0220             
1 48232U 21031Y   26099.51439429 -.00000165  00000+0 -48075-3 0  9999
2 48232  87.8939 303.4009 0001502  82.4862 277.6439 13.14501645239385
ONEWEB-0165             
1 48233U 21031Z   26099.54295005  .00000171  00000+0  42687-3 0  9991
2 48233  87.8936 303.4120 0001827  76.7586 283.3748 13.14502493239341
ONEWEB-0199             
1 48234U 21031AA  26099.52709448 -.00000062  00000+0 -20294-3 0  9992
2 48234  87.8941 303.3974 0001749  93.2668 266.8662 13.14502599239249
ONEWEB-0203             
1 48235U 21031AB  26099.51757101 -.00000178  00000+0 -51493-3 0  9994
2 48235  87.8946 303.4011 0001874  86.7704 273.3640 13.14501810239250
ONEWEB-0197             
1 48236U 21031AC  26099.49205610 -.00000007  00000+0 -52279-4 0  9990
2 48236  87.8931 303.4014 0001436  94.4038 265.7255 13.14500729239163
ONEWEB-0194             
1 48237U 21031AD  26099.54769887  .00000242  00000+0  61916-3 0  9994
2 48237  87.8933 303.4084 0001893  91.7991 268.3356 13.14501161239340
ONEWEB-0193             
1 48238U 21031AE  26099.48743704  .00000108  00000+0  25813-3 0  9995
2 48238  87.8933 303.4122 0002087  95.9469 264.1898 13.14501649239285
ONEWEB-0191             
1 48239U 21031AF  26099.49854990 -.00000075  00000+0 -23628-3 0  9994
2 48239  87.8936 303.4059 0001527  91.3375 268.7930 13.14501831239147
ONEWEB-0195             
1 48240U 21031AG  26099.55166654  .00000235  00000+0  59865-3 0  9994
2 48240  87.8949 303.3921 0001790  74.2375 285.8952 13.14501489239134
ONEWEB-0201             
1 48241U 21031AH  26099.53991095  .00000156  00000+0  38637-3 0  9994
2 48241  87.8927 303.4202 0001281  84.1941 275.9335 13.14502052239365
ONEWEB-0207             
1 48242U 21031AJ  26099.51994572 -.00000217  00000+0 -62051-3 0  9993
2 48242  87.8948 303.4004 0001406  86.8029 273.3262 13.14502087239273
ONEWEB-0208             
1 48243U 21031AK  26099.50171534 -.00000076  00000+0 -24037-3 0  9993
2 48243  87.8936 303.4149 0001799  78.1852 281.9479 13.14501550239284
ONEWEB-0200             
1 48244U 21031AL  26099.54135486  .00000167  00000+0  41653-3 0  9996
2 48244  87.8932 303.3947 0001686  83.5498 276.5824 13.14502477239213
ONEWEB-0217             
1 48245U 21031AM  26099.48109662  .00000172  00000+0  42988-3 0  9995
2 48245  87.8937 303.4078 0001813  76.4370 283.6961 13.14501812239153
ONEWEB-0211             
1 48767U 21045A   26099.54487070  .00000099  00000+0  22757-3 0  9998
2 48767  87.8938 272.7931 0002170  77.9282 282.2091 13.16192737235412
ONEWEB-0223             
1 48768U 21045B   26099.51349557 -.00000118  00000+0 -34886-3 0  9993
2 48768  87.8940 272.8890 0002133  88.4170 271.7204 13.15547287235370
ONEWEB-0230             
1 48769U 21045C   26099.86526373  .00000130  00000+0  31085-3 0  9995
2 48769  87.8933 272.8389 0001709  98.4190 261.7134 13.15547288235683
ONEWEB-0237             
1 48770U 21045D   26099.54994247  .00000158  00000+0  38619-3 0  9991
2 48770  87.8932 272.9037 0002032  94.2517 265.8846 13.15547007235361
ONEWEB-0235             
1 48771U 21045E   26099.52458282  .00000077  00000+0  17127-3 0  9995
2 48771  87.8941 272.8878 0002168  89.9799 270.1579 13.15547533235352
ONEWEB-0242             
1 48772U 21045F   26099.51824020 -.00000030  00000+0 -11449-3 0  9994
2 48772  87.8942 272.8849 0001947  96.8122 263.3230 13.15547797235397
ONEWEB-0241             
1 48773U 21045G   26099.50557003 -.00000107  00000+0 -31892-3 0  9997
2 48773  87.8930 272.9135 0002058  84.7737 275.3628 13.15547365235302
ONEWEB-0243             
1 48774U 21045H   26099.53727367  .00000148  00000+0  35988-3 0  9996
2 48774  87.8930 272.9187 0002257 100.4641 259.6744 13.15547685235333
ONEWEB-0222             
1 48775U 21045J   26099.52061779 -.00000009  00000+0 -58492-4 0  9998
2 48775  87.8939 272.8844 0001883  90.8636 269.2710 13.15550474235376
ONEWEB-0244             
1 48776U 21045K   26099.54677310  .00000237  00000+0  59535-3 0  9994
2 48776  87.8941 272.8699 0001904  94.2311 265.9037 13.15548181235940
ONEWEB-0247             
1 48777U 21045L   26099.46755007  .00000172  00000+0  42371-3 0  9994
2 48777  87.8930 272.9275 0002598  95.8805 264.2622 13.15547359235370
ONEWEB-0245             
1 48778U 21045M   26099.53884243  .00000176  00000+0  43249-3 0  9997
2 48778  87.8939 272.8859 0001810  86.9962 273.1375 13.15547178235359
ONEWEB-0229             
1 48779U 21045N   26099.53409117  .00000227  00000+0  56963-3 0  9995
2 48779  87.8937 272.8851 0001912  96.9326 263.2021 13.15547791235380
ONEWEB-0228             
1 48780U 21045P   26099.49145779 -.00000038  00000+0 -13524-3 0  9991
2 48780  87.8950 272.8811 0001841  93.1029 267.0311 13.15547493235296
ONEWEB-0232             
1 48781U 21045Q   26099.54199447  .00002932  00000+0  77481-2 0  9993
2 48781  87.8950 272.8736 0001761  94.8025 265.3307 13.15574793235624
ONEWEB-0231             
1 48782U 21045R   26099.51983174 -.00000055  00000+0 -18100-3 0  9999
2 48782  87.8931 272.8988 0001994  90.2974 269.8385 13.15547788235319
ONEWEB-0234             
1 48783U 21045S   26099.48168009  .00000113  00000+0  26631-3 0  9999
2 48783  87.8936 272.8847 0001289  66.9494 293.1772 13.15549106235443
ONEWEB-0238             
1 48784U 21045T   26099.86223590  .00000128  00000+0  30656-3 0  9997
2 48784  87.8934 272.8020 0001444  82.1212 278.0082 13.15547567235395
ONEWEB-0240             
1 48785U 21045U   26099.50318731 -.00000375  00000+0 -10298-2 0  9996
2 48785  87.8947 272.8809 0001968  85.6272 274.5083 13.15548297235371
ONEWEB-0246             
1 48786U 21045V   26099.49764910 -.00000043  00000+0 -14736-3 0  9993
2 48786  87.8943 272.8890 0001876  96.6081 263.5263 13.15547450235240
ONEWEB-0210             
1 48787U 21045W   26099.47229443 -.00000007  00000+0 -52937-4 0  9995
2 48787  87.8945 272.8909 0002633 103.3204 256.8220 13.15548337235286
ONEWEB-0214             
1 48788U 21045X   26099.48101109  .00000121  00000+0  28700-3 0  9990
2 48788  87.8945 272.8854 0002057 103.0747 257.0613 13.15550377235258
ONEWEB-0221             
1 48789U 21045Y   26099.48814316  .00000015  00000+0  51281-5 0  9996
2 48789  87.8941 272.8929 0001932  91.8222 268.3129 13.15547435235349
ONEWEB-0213             
1 48790U 21045Z   26099.70521786  .00000184  00000+0  45439-3 0  9992
2 48790  87.8942 272.8538 0002099  94.1998 265.9372 13.15546843235434
ONEWEB-0212             
1 48791U 21045AA  26099.53012855  .00000120  00000+0  28404-3 0  9999
2 48791  87.8939 272.8832 0001696  93.1006 267.0318 13.15549955235406
ONEWEB-0227             
1 48792U 21045AB  26099.52934243  .00000078  00000+0  17343-3 0  9995
2 48792  87.8938 272.8852 0001824  92.1874 267.9465 13.15548070235356
ONEWEB-0226             
1 48793U 21045AC  26099.52299654 -.00000004  00000+0 -45924-4 0  9994
2 48793  87.8932 272.8934 0002065  97.3240 262.8125 13.15547608235324
ONEWEB-0224             
1 48794U 21045AD  26099.48655037  .00000048  00000+0  93867-4 0  9996
2 48794  87.8934 272.9369 0001937  66.9244 293.2091 13.15547092235241
ONEWEB-0233             
1 48795U 21045AE  26099.49118021  .00000062  00000+0  13132-3 0  9997
2 48795  87.8933 272.9442 0002016  88.6546 271.4815 13.15548188235269
ONEWEB-0190             
1 48796U 21045AF  26099.70680257  .00000131  00000+0  31451-3 0  9998
2 48796  87.8933 272.8627 0002465  90.8128 269.3285 13.15547549235361
ONEWEB-0236             
1 48797U 21045AG  26099.49605752 -.00000050  00000+0 -16583-3 0  9993
2 48797  87.8931 272.9157 0001615  92.8183 267.3133 13.15546835235220
ONEWEB-0248             
1 48798U 21045AH  26099.50875022 -.00000084  00000+0 -25632-3 0  9997
2 48798  87.8941 272.8895 0002114  84.2499 275.8872 13.15548268235383
ONEWEB-0225             
1 48799U 21045AJ  26099.45486280  .00000186  00000+0  46067-3 0  9992
2 48799  87.8930 272.9135 0002329  90.5050 269.6347 13.15547703235382
ONEWEB-0215             
1 48800U 21045AK  26099.50081708 -.00000112  00000+0 -33067-3 0  9994
2 48800  87.8945 272.8806 0002432  86.9020 273.2389 13.15546814235262
ONEWEB-0216             
1 48801U 21045AL  26099.51032642 -.00000067  00000+0 -21237-3 0  9994
2 48801  87.8938 272.8957 0001779  96.8015 263.3318 13.15547394235276
ONEWEB-0239             
1 48802U 21045AM  26099.51507850 -.00000061  00000+0 -19602-3 0  9990
2 48802  87.8928 272.9074 0002438  80.0389 280.1016 13.15547912235312
ONEWEB-0249             
1 48967U 21060A   26099.80762421 -.00000067  00000+0 -20779-3 0  9991
2 48967  87.9053 242.3644 0001814  96.8455 263.2882 13.16593964230614
ONEWEB-0250             
1 48968U 21060B   26099.85815826  .00000037  00000+0  54959-4 0  9998
2 48968  87.9055 240.3320 0001536  65.9216 294.2081 13.25829870231163
ONEWEB-0252             
1 48970U 21060D   26099.76250199  .00000189  00000+0  46129-3 0  9994
2 48970  87.9049 242.3653 0001964 106.7860 253.3486 13.16593534230657
ONEWEB-0253             
1 48971U 21060E   26099.75141093 -.00000011  00000+0 -63219-4 0  9992
2 48971  87.9057 242.3734 0001793  97.8096 262.3238 13.16591791230588
ONEWEB-0254             
1 48972U 21060F   26099.76092277  .00000157  00000+0  37626-3 0  9994
2 48972  87.9056 242.3673 0002000  92.0770 268.0590 13.16593629230584
ONEWEB-0255             
1 48973U 21060G   26099.79892452 -.00000035  00000+0 -12614-3 0  9998
2 48973  87.9055 242.3683 0001932  96.0975 264.0376 13.16595007230668
ONEWEB-0256             
1 48974U 21060H   26099.67303186  .00000150  00000+0  35887-3 0  9990
2 48974  87.9053 242.4006 0001716 103.8375 256.2947 13.16607613230617
ONEWEB-0257             
1 48975U 21060J   26099.85749847  .00000056  00000+0  11384-3 0  9990
2 48975  87.9055 242.3476 0001946  99.8458 260.2893 13.16593563230591
ONEWEB-0258             
1 48976U 21060K   26099.78307711  .00000020  00000+0  19347-4 0  9992
2 48976  87.9051 242.3734 0001782  97.7057 262.4276 13.16593092230591
ONEWEB-0259             
1 48977U 21060L   26099.77674053 -.00000044  00000+0 -14768-3 0  9997
2 48977  87.9056 242.3744 0001887  96.0985 264.0361 13.16593664230628
ONEWEB-0260             
1 48978U 21060M   26099.84403506  .00000119  00000+0  27665-3 0  9990
2 48978  87.9055 242.3666 0001947 113.2059 246.9277 13.16593679230612
ONEWEB-0261             
1 48979U 21060N   26099.81396425  .00000386  00000+0  97623-3 0  9996
2 48979  87.9046 242.3710 0002161  99.6156 260.5219 13.16593223230665
ONEWEB-0262             
1 48980U 21060P   26099.79416416 -.00000006  00000+0 -49219-4 0  9998
2 48980  87.9054 242.3588 0001812  90.6272 269.5067 13.16593208230620
ONEWEB-0263             
1 48981U 21060Q   26099.67383276  .00000175  00000+0  42415-3 0  9998
2 48981  87.9053 242.3940 0002112  95.6703 264.4669 13.16594440230575
ONEWEB-0264             
1 48982U 21060R   26099.78705079  .00000013  00000+0  36143-7 0  9996
2 48982  87.9052 242.3755 0001987 103.7501 256.3851 13.16594449230599
ONEWEB-0266             
1 48984U 21060T   26099.80841446 -.00000073  00000+0 -22568-3 0  9990
2 48984  87.9053 242.3607 0001722  99.2843 260.8483 13.16593675230583
ONEWEB-0267             
1 48985U 21060U   26099.81950000  .00000079  00000+0  17179-3 0  9995
2 48985  87.9053 242.3542 0002036 100.1682 259.9679 13.16593554230597
ONEWEB-0268             
1 48986U 21060V   26099.86382979  .00000022  00000+0  22806-4 0  9997
2 48986  87.9054 242.3556 0001827 102.1224 258.0111 13.16593399230863
ONEWEB-0269             
1 48987U 21060W   26099.84482824  .00000050  00000+0  96777-4 0  9995
2 48987  87.9044 242.3698 0001682 107.1321 252.9994 13.16592980230634
ONEWEB-0270             
1 48988U 21060X   26099.86224734  .00000021  00000+0  20987-4 0  9990
2 48988  87.9051 242.3575 0002079  91.5644 268.5725 13.16592999230671
ONEWEB-0271             
1 48989U 21060Y   26099.77358865  .00000104  00000+0  23789-3 0  9998
2 48989  87.9055 242.3666 0002023  96.6289 263.5073 13.16593823230664
ONEWEB-0272             
1 48990U 21060Z   26099.79574448 -.00000014  00000+0 -69191-4 0  9999
2 48990  87.9056 242.3730 0002047 106.5746 253.5609 13.16592735230614
ONEWEB-0273             
1 48991U 21060AA  26099.81791693  .00000000  00000+0 -34842-4 0  9995
2 48991  87.9054 242.3667 0001931  97.4713 262.6638 13.16592955230599
ONEWEB-0274             
1 48992U 21060AB  26099.84322266 -.00002140  00000+0 -56327-2 0  9993
2 48992  87.9043 242.3715 0001964 107.3476 252.7870 13.16602827230638
ONEWEB-0275             
1 48993U 21060AC  26099.83216390  .00000425  00000+0  10786-2 0  9994
2 48993  87.9050 242.3560 0001979 102.9705 257.1647 13.16593963230560
ONEWEB-0276             
1 48994U 21060AD  26099.78940722  .00000014  00000+0  32010-5 0  9993
2 48994  87.9055 242.3654 0001867 105.5654 254.5683 13.16591804230572
ONEWEB-0277             
1 48995U 21060AE  26099.80208308  .00000000  00000+0 -34501-4 0  9996
2 48995  87.9044 242.3750 0001927  97.5889 262.5461 13.16593053230565
ONEWEB-0278             
1 48996U 21060AF  26099.79257395  .00000003  00000+0 -26728-4 0  9990
2 48996  87.9054 242.3622 0001571  97.8003 262.3306 13.16592262230692
ONEWEB-0279             
1 48997U 21060AG  26099.80050467 -.00000059  00000+0 -18669-3 0  9990
2 48997  87.9053 242.3595 0002056 101.0423 259.0939 13.16593762230628
ONEWEB-0280             
1 48998U 21060AH  26099.81552285 -.00000014  00000+0 -69747-4 0  9992
2 48998  87.9053 242.3610 0001792  88.8413 271.2923 13.16596126230563
ONEWEB-0281             
1 48999U 21060AJ  26099.82108336 -.00000015  00000+0 -72305-4 0  9993
2 48999  87.9053 242.3540 0001807 105.1025 255.0305 13.16593081230634
ONEWEB-0282             
1 49000U 21060AK  26099.77516460  .00000070  00000+0  14911-3 0  9999
2 49000  87.9053 242.3737 0001879  96.2144 263.9201 13.16592715230600
ONEWEB-0283             
1 49001U 21060AL  26099.76408288  .00000171  00000+0  41273-3 0  9990
2 49001  87.9051 242.3756 0001969 100.2950 259.8403 13.16593260230616
ONEWEB-0284             
1 49002U 21060AM  26099.83375214  .00000517  00000+0  13185-2 0  9995
2 49002  87.9049 242.3524 0001681  90.1217 270.0106 13.16592946230605
ONEWEB-0285             
1 49075U 21075A   26099.44680499 -.00000283  00000+0 -82145-3 0  9997
2 49075  87.9014   4.3136 0001841  77.3848 282.7487 13.12441128226199
ONEWEB-0286             
1 49076U 21075B   26099.81007495  .00000266  00000+0  70433-3 0  9994
2 49076  87.9004   4.2653 0001585  82.0377 278.0932 13.12440907225597
ONEWEB-0287             
1 49077U 21075C   26099.82409678 -.00000071  00000+0 -21621-3 0  9996
2 49077  87.9186  19.4444 0001377  79.9584 280.1703 13.17650744224629
ONEWEB-0288             
1 49078U 21075D   26099.48156575  .00000392  00000+0  10543-2 0  9998
2 49078  87.9012   4.3008 0001599  75.3859 284.7446 13.12444879226179
ONEWEB-0289             
1 49079U 21075E   26099.78683473  .00000032  00000+0  49816-4 0  9992
2 49079  87.9190  19.4654 0001996  67.0549 293.0793 13.17651033225192
ONEWEB-0290             
1 49080U 21075F   26099.53215551  .00000021  00000+0  21158-4 0  9992
2 49080  87.9192  19.4855 0002244  67.2753 292.8615 13.17652576224579
ONEWEB-0291             
1 49081U 21075G   26099.82072203  .00000039  00000+0  66977-4 0  9997
2 49081  87.9191  19.4365 0001543  69.8040 290.3257 13.17651131224608
ONEWEB-0293             
1 49082U 21075H   26099.77009134 -.00000303  00000+0 -81372-3 0  9996
2 49082  87.9185  19.4548 0001849  74.0977 286.0359 13.17649008224628
ONEWEB-0294             
1 49083U 21075J   26099.79328139  .00000432  00000+0  11652-2 0  9992
2 49083  87.9011   4.2418 0001920  68.6996 291.4337 13.12442131225603
ONEWEB-0295             
1 49084U 21075K   26099.76925288  .00000090  00000+0  19947-3 0  9994
2 49084  87.9185  19.4595 0001538  73.8620 286.2681 13.17648749224585
ONEWEB-0296             
1 49085U 21075L   26099.01055618 -.00000036  00000+0 -13539-3 0  9997
2 49085  87.9017   4.4015 0001518  70.5986 289.5307 13.12442000225509
ONEWEB-0297             
1 49086U 21075M   26099.49849056  .00000367  00000+0  98590-3 0  9992
2 49086  87.9002   4.3256 0001682  78.1203 282.0114 13.12441474226170
ONEWEB-0298             
1 49087U 21075N   26099.77362914  .00000062  00000+0  12537-3 0  9996
2 49087  87.9184  19.4557 0001755  83.0857 277.0474 13.17650416224617
ONEWEB-0299             
1 49088U 21075P   26099.77515984  .00000028  00000+0  39490-4 0  9994
2 49088  87.9195  19.4294 0001642  78.8723 281.2593 13.17651386224590
ONEWEB-0300             
1 49089U 21075Q   26099.79582654  .00000405  00000+0  10897-2 0  9992
2 49089  87.9015   4.2381 0001740  91.2999 268.8329 13.12442853226237
ONEWEB-0301             
1 49090U 21075R   26099.77972262  .00000052  00000+0  10803-3 0  9996
2 49090  87.9012   4.2411 0001917  89.6975 270.4373 13.12442744225596
ONEWEB-0302             
1 49091U 21075S   26099.76614898 -.00000334  00000+0 -96424-3 0  9992
2 49091  87.9015   4.2534 0001803  68.4846 291.6474 13.12441440225579
ONEWEB-0304             
1 49092U 21075T   26099.82577624  .00000067  00000+0  13817-3 0  9991
2 49092  87.9185  19.4477 0001675  77.8501 282.2818 13.17648735224579
ONEWEB-0305             
1 49093U 21075U   26099.81902905 -.00000030  00000+0 -10984-3 0  9999
2 49093  87.9193  19.4288 0001385  78.2742 281.8545 13.17648635224604
ONEWEB-0308             
1 49094U 21075V   26099.45442492 -.00000377  00000+0 -10823-2 0  9995
2 49094  87.9016   4.3077 0001803  78.6628 281.4703 13.12441377225545
ONEWEB-0309             
1 49095U 21075W   26099.51867504  .00000053  00000+0  10215-3 0  9993
2 49095  87.9183  19.5022 0001843  65.4366 294.6958 13.17649706224533
ONEWEB-0310             
1 49096U 21075X   26099.77464084 -.00000116  00000+0 -35767-3 0  9999
2 49096  87.9004   4.2724 0001835  78.3441 281.7894 13.12443348226216
ONEWEB-0311             
1 49097U 21075Y   26099.82915220  .00000081  00000+0  17508-3 0  9991
2 49097  87.9190  19.4363 0001419  86.0029 274.1265 13.17650022224621
ONEWEB-0312             
1 49098U 21075Z   26099.76841585  .00000069  00000+0  14458-3 0  9994
2 49098  87.9181  19.4636 0001541  70.7505 289.3793 13.17651329224591
ONEWEB-0313             
1 49099U 21075AA  26099.77333605  .00000099  00000+0  22086-3 0  9994
2 49099  87.9188  19.4693 0001692  79.0149 281.1173 13.17651965224582
ONEWEB-0314             
1 49100U 21075AB  26099.81565318 -.00000043  00000+0 -14471-3 0  9990
2 49100  87.9192  19.4260 0001477  70.4289 289.7002 13.17651568224563
ONEWEB-0315             
1 49101U 21075AC  26099.44257182 -.00000170  00000+0 -50913-3 0  9999
2 49101  87.9014   4.2967 0001494  87.9941 272.1359 13.12440909226158
ONEWEB-0316             
1 49102U 21075AD  26099.41475215 -.00000211  00000+0 -56785-3 0  9995
2 49102  87.9224 349.1331 0001694  81.9948 278.1376 13.18686278228144
ONEWEB-0317             
1 49103U 21075AE  26099.44595723 -.00000322  00000+0 -92964-3 0  9998
2 49103  87.9015   4.3187 0002394  67.3644 292.7738 13.12441283226175
ONEWEB-0318             
1 49104U 21075AF  26099.18382252 -.00000236  00000+0 -63245-3 0  9995
2 49104  87.9232 349.1743 0001513  85.7613 274.3692 13.18686168228072
ONEWEB-0319             
1 49105U 21075AG  26099.83083704 -.00000379  00000+0 -10085-2 0  9999
2 49105  87.9181  19.4453 0001421  94.3317 265.7977 13.17648506224604
ONEWEB-0323             
1 49106U 21075AH  26099.27486303  .00000226  00000+0  59169-3 0  9996
2 49106  87.9013   4.3344 0001247  89.1684 270.9587 13.12441586225516
ONEWEB-0329             
1 49107U 21075AJ  26099.53554458  .00000063  00000+0  12915-3 0  9990
2 49107  87.9184  19.5044 0001639  75.8135 284.3178 13.17651411224541
ONEWEB-0330             
1 49108U 21075AK  26099.78712274  .00000035  00000+0  56399-4 0  9994
2 49108  87.9186  19.4733 0001739  71.0508 289.0812 13.17649182224618
ONEWEB-0292             
1 49186U 21083A   26099.07247504 -.00000159  00000+0 -47017-3 0  9995
2 49186  87.8983 334.0089 0001596  86.6466 273.4846 13.13469493221852
ONEWEB-0303             
1 49187U 21083B   26099.40815404 -.00000242  00000+0 -64737-3 0  9994
2 49187  87.9228 349.1322 0001612  83.0167 277.1148 13.18685911220913
ONEWEB-0306             
1 49188U 21083C   26099.39827562  .00000037  00000+0  60802-4 0  9991
2 49188  87.9233 349.1183 0001935  76.2503 283.8844 13.18685820220951
ONEWEB-0307             
1 49189U 21083D   26099.37124561 -.00000251  00000+0 -72232-3 0  9998
2 49189  87.8993 333.9392 0001591  82.5759 277.5551 13.13468847221890
ONEWEB-0320             
1 49190U 21083E   26099.41880194  .00000108  00000+0  23824-3 0  9998
2 49190  87.9221 349.1394 0001714  79.8474 280.2851 13.19276751220911
ONEWEB-0321             
1 49191U 21083F   26099.48951399  .00000041  00000+0  69729-4 0  9993
2 49191  87.9136 288.1502 0001970  84.5188 275.6170 13.20772558227769
ONEWEB-0322             
1 49192U 21083G   26099.90027202 -.00000291  00000+0 -83114-3 0  9990
2 49192  87.8983 333.8384 0002159  81.9049 278.2325 13.13468693221952
ONEWEB-0324             
1 49193U 21083H   26099.77104078 -.00000348  00000+0 -91550-3 0  9999
2 49193  87.9232 349.0499 0001716  75.0833 285.0489 13.18686710220986
ONEWEB-0325             
1 49194U 21083J   26099.39496554 -.00000024  00000+0 -92345-4 0  9996
2 49194  87.9226 349.1390 0001772  82.0889 278.0444 13.18684904220944
ONEWEB-0326             
1 49195U 21083K   26099.40994505  .00000091  00000+0  19760-3 0  9999
2 49195  87.9232 349.1281 0001573  89.5692 270.5620 13.18690215220938
ONEWEB-0327             
1 49196U 21083L   26099.40967581  .00000115  00000+0  25812-3 0  9996
2 49196  87.9227 349.1379 0001631  94.4293 265.7025 13.18687796220955
ONEWEB-0328             
1 49197U 21083M   26099.89011627 -.00000108  00000+0 -32943-3 0  9998
2 49197  87.9001 333.8051 0001659  77.4636 282.6679 13.13468291221939
ONEWEB-0331             
1 49198U 21083N   26099.40321296  .00000104  00000+0  23065-3 0  9991
2 49198  87.9234 349.1228 0001409  82.8425 277.2868 13.18686545220942
ONEWEB-0333             
1 49199U 21083P   26099.88503800  .00000040  00000+0  74720-4 0  9991
2 49199  87.8983 333.8392 0001708  83.0455 277.0869 13.13468449221949
ONEWEB-0334             
1 49200U 21083Q   26099.50688116 -.00000006  00000+0 -46973-4 0  9990
2 49200  87.9131 288.1621 0002692  86.3255 273.8186 13.20772836227726
ONEWEB-0335             
1 49201U 21083R   26099.87995390  .00000161  00000+0  40661-3 0  9993
2 49201  87.8989 333.8361 0001541  84.1729 275.9576 13.13468502221959
ONEWEB-0336             
1 49202U 21083S   26099.39411268  .00000283  00000+0  74036-3 0  9996
2 49202  87.8989 333.9288 0001289  82.4259 277.7016 13.13469191221883
ONEWEB-0337             
1 49203U 21083T   26099.40413947  .00000369  00000+0  97521-3 0  9994
2 49203  87.8983 333.9346 0001554  77.2843 282.8460 13.13469818221885
ONEWEB-0338             
1 49204U 21083U   26099.48162815  .00000069  00000+0  13676-3 0  9994
2 49204  87.9129 288.1719 0002071  88.6323 271.5048 13.20772843227749
ONEWEB-0339             
1 49205U 21083V   26099.41273212  .00000417  00000+0  11058-2 0  9990
2 49205  87.8996 333.9236 0001962  76.9235 283.2113 13.13468612221862
ONEWEB-0340             
1 49206U 21083W   26099.16237710 -.00000264  00000+0 -70159-3 0  9996
2 49206  87.9234 349.1761 0001653  81.4946 278.6373 13.18687384220878
ONEWEB-0341             
1 49207U 21083X   26099.39661098 -.00000057  00000+0 -17695-3 0  9998
2 49207  87.9227 349.1375 0001635  64.7152 295.4150 13.18685227220925
ONEWEB-0342             
1 49208U 21083Y   26099.48795418  .00000034  00000+0  51961-4 0  9991
2 49208  87.9139 288.1520 0001850  88.6753 271.4592 13.20771380227710
ONEWEB-0343             
1 49209U 21083Z   26099.40487550  .00000123  00000+0  27843-3 0  9999
2 49209  87.9234 349.1315 0001936  64.9752 295.1581 13.18686238220974
ONEWEB-0344             
1 49210U 21083AA  26099.40766258  .00000267  00000+0  69690-3 0  9991
2 49210  87.8982 333.9447 0001577  69.8680 290.2619 13.13468974221864
ONEWEB-0345             
1 49211U 21083AB  26099.55154340  .00000289  00000+0  75688-3 0  9999
2 49211  87.8993 333.8869 0001607  70.9084 289.2219 13.13468826221892
ONEWEB-0346             
1 49212U 21083AC  26099.17392813 -.00000241  00000+0 -64476-3 0  9990
2 49212  87.9223 349.1826 0001240  96.6884 263.4389 13.18686201220883
ONEWEB-0348             
1 49213U 21083AD  26099.55422644  .00000144  00000+0  32197-3 0  9994
2 49213  87.9140 288.1419 0001211  93.2845 266.8427 13.20772845227756
ONEWEB-0350             
1 49214U 21083AE  26099.40849946  .00000266  00000+0  69217-3 0  9995
2 49214  87.8997 333.9145 0001484  70.1800 289.9489 13.13472390221907
ONEWEB-0351             
1 49215U 21083AF  26099.54777067  .00000085  00000+0  17772-3 0  9993
2 49215  87.9142 288.1414 0002394  74.2956 285.8442 13.20773401227713
ONEWEB-0352             
1 49216U 21083AG  26098.62725636  .00000160  00000+0  40363-3 0  9993
2 49216  87.8995 334.0846 0002071  75.0518 285.0840 13.13470044221890
ONEWEB-0354             
1 49217U 21083AH  26099.49740723  .00000070  00000+0  14141-3 0  9999
2 49217  87.9141 288.1506 0001432  86.8028 273.3269 13.20772743227747
ONEWEB-0355             
1 49218U 21083AJ  26099.87501669  .00000296  00000+0  77584-3 0  9996
2 49218  87.8983 333.8449 0001768  74.3330 285.7994 13.13468664221938
ONEWEB-0357             
1 49219U 21083AK  26099.49425107  .00000022  00000+0  21803-4 0  9998
2 49219  87.9139 288.1459 0001819  86.3652 273.7689 13.20772380227747
ONEWEB-0332             
1 49279U 21090A   26099.48428086  .00000167  00000+0  41596-3 0  9990
2 49279  87.8938 303.4232 0001964  90.1450 269.9905 13.14502544218552
ONEWEB-0347             
1 49280U 21090B   26099.48478749  .00000038  00000+0  62405-4 0  9993
2 49280  87.9139 288.1566 0001966  96.6598 263.4759 13.20772603221971
ONEWEB-0349             
1 49281U 21090C   26099.51635593  .00000045  00000+0  78808-4 0  9992
2 49281  87.9140 288.1505 0001725  90.5256 269.6075 13.20772911220761
ONEWEB-0353             
1 49282U 21090D   26099.55245737  .00000255  00000+0  65237-3 0  9998
2 49282  87.8935 303.4037 0001953  90.5009 269.6345 13.14501509218564
ONEWEB-0356             
1 49283U 21090E   26099.51477177 -.00000021  00000+0 -84432-4 0  9992
2 49283  87.9139 288.1440 0001812 119.4101 240.7213 13.20772397220768
ONEWEB-0358             
1 49284U 21090F   26099.54476730  .00000073  00000+0  14763-3 0  9994
2 49284  87.9142 288.1413 0001621  93.0687 267.0632 13.20772506221497
ONEWEB-0359             
1 49285U 21090G   26099.54159789  .00000105  00000+0  22718-3 0  9992
2 49285  87.9138 288.1388 0001466  87.6670 272.4631 13.20773221221474
ONEWEB-0360             
1 49286U 21090H   26099.53214645  .00000053  00000+0  97695-4 0  9994
2 49286  87.9138 288.1470 0001603  87.3907 272.7410 13.20772227220786
ONEWEB-0361             
1 49287U 21090J   26099.51319748  .00000001  00000+0 -29063-4 0  9991
2 49287  87.9142 288.1486 0001666  97.2498 262.8825 13.20772435221235
ONEWEB-0362             
1 49288U 21090K   26099.33556718  .00000066  00000+0  13345-3 0  9997
2 49288  87.9177 318.7081 0001824  76.6497 283.4840 13.19727738217832
ONEWEB-0363             
1 49289U 21090L   26099.52897554  .00000059  00000+0  11436-3 0  9996
2 49289  87.9139 288.1464 0001582 102.3872 257.7438 13.20773100221244
ONEWEB-0364             
1 49290U 21090M   26099.49109285 -.00000002  00000+0 -36604-4 0  9996
2 49290  87.9131 288.1650 0001698  89.8852 270.2476 13.20772463222378
ONEWEB-0365             
1 49291U 21090N   26099.87575991  .00000001  00000+0 -30575-4 0  9999
2 49291  87.9184 318.5831 0001837  83.6225 276.5117 13.19727127217412
ONEWEB-0366             
1 49292U 21090P   26099.54928717  .00000238  00000+0  60764-3 0  9995
2 49292  87.8925 303.4109 0001662  88.1579 271.9741 13.14501417218548
ONEWEB-0367             
1 49293U 21090Q   26099.52739469 -.00000002  00000+0 -37815-4 0  9991
2 49293  87.9141 288.1464 0001804  84.9367 275.1972 13.20772280220764
ONEWEB-0368             
1 49294U 21090R   26099.65258324 -.00052993  00000+0 -13214+0 0  9990
2 49294  87.9132 288.1413 0003678  81.6687 278.4863 13.20250016221932
ONEWEB-0369             
1 49295U 21090S   26099.87102748 -.00000005  00000+0 -45914-4 0  9997
2 49295  87.9177 318.5988 0001810  86.2706 273.8634 13.19726984217408
ONEWEB-0370             
1 49296U 21090T   26099.53687302  .00000040  00000+0  65780-4 0  9995
2 49296  87.9137 288.1452 0001606  81.8197 278.3118 13.20772795220809
ONEWEB-0371             
1 49297U 21090U   26099.87891730 -.00000020  00000+0 -83253-4 0  9990
2 49297  87.9176 318.5866 0001789  81.6617 278.4718 13.19727342217446
ONEWEB-0372             
1 49298U 21090V   26099.52567956  .00000033  00000+0  48864-4 0  9994
2 49298  87.9142 288.1484 0001844  91.0494 269.0850 13.20773603220774
ONEWEB-0373             
1 49299U 21090W   26099.55263800  .00000074  00000+0  14893-3 0  9998
2 49299  87.9134 288.1461 0001639  91.6795 268.4526 13.20773363221961
ONEWEB-0374             
1 49300U 21090X   26099.53660561  .00000066  00000+0  14368-3 0  9992
2 49300  87.8936 303.4000 0001458 109.6196 250.5091 13.14502346218540
ONEWEB-0375             
1 49301U 21090Y   26099.54002411  .00000025  00000+0  30385-4 0  9991
2 49301  87.9139 288.1382 0001370 106.9234 253.2050 13.20773035221467
ONEWEB-0376             
1 49302U 21090Z   26099.87735578 -.00000040  00000+0 -13208-3 0  9998
2 49302  87.9187 318.5828 0001927  83.8346 276.3006 13.19723975217445
ONEWEB-0377             
1 49303U 21090AA  26099.52595193 -.00000055  00000+0 -16737-3 0  9994
2 49303  87.9141 288.1422 0001561  89.2418 270.8894 13.20771095221450
ONEWEB-0378             
1 49304U 21090AB  26099.54804758  .00000060  00000+0  11515-3 0  9990
2 49304  87.9136 288.1472 0001691  95.3581 264.7745 13.20772689220729
ONEWEB-0379             
1 49305U 21090AC  26099.53184231  .00000056  00000+0  11718-3 0  9997
2 49305  87.8937 303.4119 0001668  92.8632 267.2688 13.14501744218546
ONEWEB-0380             
1 49306U 21090AD  26099.87418262 -.00000003  00000+0 -38616-4 0  9990
2 49306  87.9174 318.5953 0001474  84.7695 275.3606 13.19726997217417
ONEWEB-0381             
1 49307U 21090AE  26099.52266914  .00000066  00000+0  12946-3 0  9992
2 49307  87.9142 288.1476 0001578  98.8730 261.2582 13.20772286220769
ONEWEB-0382             
1 49308U 21090AF  26099.51004237 -.00000002  00000+0 -36662-4 0  9994
2 49308  87.9138 288.1460 0001671 102.0121 258.1200 13.20772108220758
ONEWEB-0383             
1 49309U 21090AG  26099.52549270 -.00000089  00000+0 -27386-3 0  9994
2 49309  87.8943 303.3994 0001766  93.8010 266.3322 13.14501125218578
ONEWEB-0384             
1 49310U 21090AH  26097.90987603 -.00025146  00000+0 -62192-1 0  9995
2 49310  87.9122 288.5056 0003189  89.7115 270.4384 13.20615962220551
ONEWEB-0385             
1 49311U 21090AJ  26099.50214090 -.00000029  00000+0 -10250-3 0  9990
2 49311  87.9140 288.1520 0001653  97.5355 262.5966 13.20773168220732
ONEWEB-0386             
1 49312U 21090AK  26099.51950277  .00000054  00000+0  10022-3 0  9999
2 49312  87.9152 288.1351 0001747 100.3076 259.8254 13.20773451220751
ONEWEB-0387             
1 49313U 21090AL  26099.50371026 -.00001229  00000+0 -30547-2 0  9998
2 49313  87.9132 288.1710 0001402  93.3154 266.8140 13.20776319220753
ONEWEB-0388             
1 49314U 21090AM  26099.86944541  .00000026  00000+0  32132-4 0  9992
2 49314  87.9176 318.5935 0001683  89.4786 270.6540 13.19727065217404
ONEWEB-0389             
1 50469U 21132A   26099.78021719  .00000069  00000+0  14586-3 0  9995
2 50469  87.9181  19.4556 0001462  84.4189 275.7109 13.17649925209073
ONEWEB-0390             
1 50470U 21132B   26099.78191291  .00000085  00000+0  18576-3 0  9991
2 50470  87.9184  19.4557 0001778  70.9949 289.1375 13.17651097209070
ONEWEB-0391             
1 50471U 21132C   26099.78359227 -.00000004  00000+0 -43017-4 0  9999
2 50471  87.9184  19.4646 0000962  74.5013 285.6224 13.17649519209076
ONEWEB-0392             
1 50472U 21132D   26099.81397122 -.00000077  00000+0 -23258-3 0  9994
2 50472  87.9193  19.4216 0001432  82.5896 277.5398 13.17647383209115
ONEWEB-0393             
1 50473U 21132E   26099.78951456 -.00000028  00000+0 -10610-3 0  9991
2 50473  87.9184  19.4490 0001659  79.3742 280.7576 13.17649649209105
ONEWEB-0394             
1 50474U 21132F   26099.20197351  .00000125  00000+0  28487-3 0  9992
2 50474  87.9230 349.1552 0001620  84.9136 275.2181 13.18685642212500
ONEWEB-0395             
1 50475U 21132G   26099.80514953  .00000561  00000+0  15484-2 0  9996
2 50475  87.8905  34.6631 0001700  75.3419 284.7897 13.11417876206754
ONEWEB-0396             
1 50476U 21132H   26099.42300659  .00000038  00000+0  63776-4 0  9999
2 50476  87.9232 349.1235 0001654  83.0394 277.0926 13.18684594212574
ONEWEB-0397             
1 50477U 21132J   26099.43785096 -.00000012  00000+0 -62590-4 0  9990
2 50477  87.9232 349.1206 0001683  87.6792 272.4533 13.18685859212553
ONEWEB-0398             
1 50478U 21132K   26099.77292814 -.00000461  00000+0 -13371-2 0  9998
2 50478  87.8921  34.6533 0001850  69.4528 290.6798 13.11418608206645
ONEWEB-0399             
1 50479U 21132L   26099.83564277 -.00000346  00000+0 -10121-2 0  9993
2 50479  87.8919  34.6506 0001543  92.8666 267.2639 13.11414887206644
ONEWEB-0400             
1 50480U 21132M   26099.41640400 -.00000061  00000+0 -18720-3 0  9990
2 50480  87.9234 349.1149 0001741  74.3074 285.8250 13.18684360212545
ONEWEB-0401             
1 50481U 21132N   26099.76447464 -.00000097  00000+0 -27879-3 0  9998
2 50481  87.9239 349.0420 0001882  83.9184 276.2162 13.18688775212591
ONEWEB-0402             
1 50482U 21132P   26099.42465782 -.00000016  00000+0 -74122-4 0  9990
2 50482  87.9232 349.1003 0002101  92.1557 267.9816 13.18687198212573
ONEWEB-0403             
1 50483U 21132Q   26099.14589530  .00000043  00000+0  77536-4 0  9998
2 50483  87.9231 349.1789 0001631  80.3800 279.7516 13.18684859212491
ONEWEB-0404             
1 50484U 21132R   26099.81701068  .00000247  00000+0  66165-3 0  9996
2 50484  87.8905  34.6586 0001517  79.9352 280.1947 13.11414483206730
ONEWEB-0405             
1 50485U 21132S   26099.38836925  .00000076  00000+0  15952-3 0  9998
2 50485  87.9234 349.1149 0001809  63.3466 296.7851 13.18688559212922
ONEWEB-0406             
1 50486U 21132T   26099.45434185  .00000002  00000+0 -26813-4 0  9998
2 50486  87.9222 349.1243 0001326  85.1568 274.9716 13.18688510212569
ONEWEB-0407             
1 50487U 21132U   26099.14423896  .00000038  00000+0  63497-4 0  9999
2 50487  87.9233 349.1723 0001945  80.8079 279.3273 13.18688984212462
ONEWEB-0409             
1 50488U 21132V   26099.81531785  .00000412  00000+0  11261-2 0  9997
2 50488  87.8915  34.6422 0001570  76.4792 283.6510 13.11414749206620
ONEWEB-0412             
1 50489U 21132W   26099.43620114  .00000036  00000+0  57782-4 0  9993
2 50489  87.9221 349.1263 0001944  88.9439 271.1916 13.18689229212599
ONEWEB-0413             
1 50490U 21132X   26099.44114999 -.00000019  00000+0 -80979-4 0  9992
2 50490  87.9219 349.1279 0001976  85.0106 275.1252 13.18685692212530
ONEWEB-0414             
1 50491U 21132Y   26099.42630540  .00000052  00000+0  99731-4 0  9997
2 50491  87.9228 349.1056 0001742  86.3630 273.7701 13.18685096212565
ONEWEB-0417             
1 50492U 21132Z   26099.43455406 -.00000008  00000+0 -53341-4 0  9995
2 50492  87.9223 349.1294 0001501  79.8487 280.2815 13.18688006212546
ONEWEB-0418             
1 50493U 21132AA  26099.44432242  .00000013  00000+0  14637-5 0  9990
2 50493  87.9235 349.1205 0001346  79.5274 280.6010 13.18687606212603
ONEWEB-0419             
1 50494U 21132AB  26099.15908769  .00000008  00000+0 -12070-4 0  9994
2 50494  87.9233 349.1769 0001590  71.7810 288.3495 13.18686578212483
ONEWEB-0420             
1 50495U 21132AC  26099.20033204  .00000120  00000+0  27176-3 0  9990
2 50495  87.9223 349.1780 0001963  79.4934 280.6419 13.18686910212483
ONEWEB-0421             
1 50496U 21132AD  26099.42136563  .00000050  00000+0  94966-4 0  9991
2 50496  87.9232 349.1283 0001784  92.9284 267.2053 13.18684145212552
ONEWEB-0424             
1 50497U 21132AE  26099.76115424 -.00003218  00000+0 -81959-2 0  9999
2 50497  87.9234 349.0568 0001686  72.3028 287.8288 13.18701515212626
ONEWEB-0426             
1 50498U 21132AF  26099.41805344  .00000105  00000+0  23423-3 0  9992
2 50498  87.9234 349.1168 0001372 103.2510 256.8776 13.18689309212529
ONEWEB-0427             
1 50499U 21132AG  26099.38011293 -.00000276  00000+0 -73161-3 0  9996
2 50499  87.9235 349.1112 0001523  81.3233 278.8071 13.18685950212548
ONEWEB-0429             
1 50500U 21132AH  26099.21518358  .00000003  00000+0 -25551-4 0  9993
2 50500  87.9224 349.1740 0001859  79.4771 280.6571 13.18685617212493
ONEWEB-0430             
1 50501U 21132AJ  26099.43126612  .00000003  00000+0 -26137-4 0  9997
2 50501  87.9223 349.1291 0001883  73.4563 286.6776 13.18687179212560
ONEWEB-0432             
1 50502U 21132AK  26099.76892190  .00000024  00000+0  26985-4 0  9998
2 50502  87.9230 349.0323 0001307  59.6383 300.4878 13.18647762212563
ONEWEB-0440             
1 50503U 21132AL  26099.45106108  .00000060  00000+0  12018-3 0  9993
2 50503  87.9227 349.1162 0002064  88.5197 271.6171 13.18686105212511
ONEWEB-0450             
1 50504U 21132AM  26099.44460077  .00000017  00000+0  10598-4 0  9995
2 50504  87.9223 349.1296 0001984  76.6631 283.4722 13.18685412212543
ONEWEB-0410             
1 51622U 22012A   26099.79876939 -.00000457  00000+0 -12104-2 0  9994
2 51622  87.9195  19.4339 0000741 126.6302 233.4898 13.17648868204698
ONEWEB-0411             
1 51623U 22012B   26099.82574688 -.00000014  00000+0 -75230-4 0  9995
2 51623  87.8834  49.8652 0002215  66.9095 293.2266 13.10377241200333
ONEWEB-0415             
1 51624U 22012C   26099.82241395 -.00000314  00000+0 -93656-3 0  9996
2 51624  87.8832  49.8681 0001943  72.3408 287.7932 13.10374410200333
ONEWEB-0416             
1 51625U 22012D   26099.83405552  .00000321  00000+0  88216-3 0  9997
2 51625  87.8828  49.8857 0001734  66.3061 293.8248 13.10376882200377
ONEWEB-0422             
1 51626U 22012E   26099.80891804 -.00000064  00000+0 -19765-3 0  9993
2 51626  87.9190  19.4343 0002447  83.4548 276.6862 13.17648010204801
ONEWEB-0423             
1 51627U 22012F   26099.80216181 -.00000049  00000+0 -15912-3 0  9996
2 51627  87.9189  19.4444 0001883  81.6148 278.5197 13.17651037204693
ONEWEB-0425             
1 51628U 22012G   26099.76765873  .00000647  00000+0  18162-2 0  9990
2 51628  87.8835  49.8789 0001621  87.5997 272.5315 13.10375390200361
ONEWEB-0428             
1 51629U 22012H   26099.82408260 -.00000385  00000+0 -11388-2 0  9996
2 51629  87.8828  49.8782 0001961  81.1060 279.0290 13.10375812200335
ONEWEB-0431             
1 51630U 22012J   26099.79407560 -.00000181  00000+0 -55502-3 0  9997
2 51630  87.8833  49.8726 0002320  67.8642 292.2732 13.10369948200384
ONEWEB-0434             
1 51631U 22012K   26099.77111324  .00000679  00000+0  19091-2 0  9998
2 51631  87.8827  49.9030 0001470  97.6647 262.4648 13.10375032200362
ONEWEB-0435             
1 51632U 22012L   26099.77928016  .00000530  00000+0  14815-2 0  9998
2 51632  87.8823  49.8913 0002152  81.1712 278.9659 13.10374672200359
ONEWEB-0436             
1 51633U 22012M   26099.79373412  .00000100  00000+0  22488-3 0  9994
2 51633  87.9192  19.4250 0002062  77.9929 282.1433 13.17649922204676
ONEWEB-0438             
1 51634U 22012N   26099.76267183  .00000607  00000+0  17011-2 0  9996
2 51634  87.8830  49.8962 0001693  82.3563 277.7756 13.10376698200387
ONEWEB-0439             
1 51635U 22012P   26099.76601530  .00000650  00000+0  18242-2 0  9990
2 51635  87.8827  49.8839 0001911  83.7815 276.3530 13.10375718200360
ONEWEB-0442             
1 51636U 22012Q   26099.78612630 -.00000050  00000+0 -16226-3 0  9993
2 51636  87.9186  19.4633 0001222  83.9067 276.2204 13.17651939204664
ONEWEB-0443             
1 51637U 22012R   26099.80553417  .00000014  00000+0  25835-5 0  9990
2 51637  87.9185  19.4617 0001907  89.2682 270.8668 13.17651198204715
ONEWEB-0444             
1 51638U 22012S   26099.83238587  .00000285  00000+0  78139-3 0  9995
2 51638  87.8828  49.8695 0001945  85.9852 274.1497 13.10374052200386
ONEWEB-0445             
1 51639U 22012T   26099.77765122  .00000602  00000+0  16872-2 0  9997
2 51639  87.8834  49.8627 0001981  74.2845 285.8501 13.10391214200386
ONEWEB-0446             
1 51640U 22012U   26099.83073307  .00000134  00000+0  34864-3 0  9995
2 51640  87.8828  49.8862 0001835  75.7092 284.4239 13.10376917200375
ONEWEB-0448             
1 51641U 22012V   26099.83575193  .00000718  00000+0  20197-2 0  9997
2 51641  87.8827  49.8830 0001851  81.4865 278.6472 13.10374826200348
ONEWEB-0449             
1 51642U 22012W   26099.61162132  .00000597  00000+0  16731-2 0  9993
2 51642  87.8837  49.9089 0001567  91.2567 268.8740 13.10376410200327
ONEWEB-0451             
1 51643U 22012X   26099.79035589 -.00000011  00000+0 -61888-4 0  9996
2 51643  87.9197  19.4210 0001647  83.0165 277.1154 13.17648392204658
ONEWEB-0452             
1 51644U 22012Y   26099.78865708  .00000037  00000+0  61406-4 0  9992
2 51644  87.9185  19.4650 0001793  88.3077 271.8260 13.17649023204668
ONEWEB-0456             
1 51646U 22012AA  26099.77430832  .00000639  00000+0  17951-2 0  9991
2 51646  87.8846  49.8586 0002057  81.1133 279.0227 13.10372954200383
ONEWEB-0457             
1 51647U 22012AB  26099.82740260 -.00000053  00000+0 -18922-3 0  9999
2 51647  87.8830  49.8743 0001528  71.0232 289.1061 13.10377352200398
ONEWEB-0458             
1 51648U 22012AC  26099.77264255  .00000617  00000+0  17317-2 0  9999
2 51648  87.8830  49.8678 0001848  85.7814 274.3524 13.10372705200341
ONEWEB-0461             
1 51649U 22012AD  26099.81059847 -.00000045  00000+0 -15017-3 0  9997
2 51649  87.9194  19.4320 0001741  75.4950 284.6374 13.17650802204886
ONEWEB-0463             
1 51650U 22012AE  26099.79203447 -.00000052  00000+0 -16718-3 0  9990
2 51650  87.9184  19.4652 0001740  74.4696 285.6627 13.17648590204669
ONEWEB-0464             
1 51651U 22012AF  26099.76932928  .00000696  00000+0  19583-2 0  9995
2 51651  87.8827  49.8954 0002126  85.6659 274.4712 13.10373980200362
ONEWEB-0468             
1 51652U 22012AG  26099.77596772  .00000615  00000+0  17245-2 0  9994
2 51652  87.8824  49.8884 0002176  85.5527 274.5849 13.10372399200343
ONEWEB-0473             
1 51653U 22012AH  26099.76101695  .00000535  00000+0  14971-2 0  9994
2 51653  87.8828  49.8929 0001905  83.9851 276.1493 13.10376930200347
ONEWEB-0474             
1 51654U 22012AJ  26099.82906713  .00000051  00000+0  10847-3 0  9998
2 51654  87.8837  49.8574 0002139  87.0051 273.1321 13.10374512200342
ONEWEB-0475             
1 51655U 22012AK  26099.80385468 -.00000005  00000+0 -46694-4 0  9996
2 51655  87.9186  19.4548 0002253  94.4180 265.7209 13.17649100204685
ONEWEB-0490             
1 54113U 22138A   26099.89945207 -.00000015  00000+0 -68958-4 0  9997
2 54113  87.9177 318.5809 0001933  84.3727 275.7626 13.19727444167827
ONEWEB-0492             
1 54114U 22138B   26099.54564924 -.00000010  00000+0 -57166-4 0  9997
2 54114  87.9172 318.6576 0001881  79.3788 280.7557 13.19726702167788
ONEWEB-0495             
1 54115U 22138C   26099.52352800  .00000023  00000+0  24006-4 0  9993
2 54115  87.9175 318.6640 0002441  84.9585 275.1826 13.19726801167769
ONEWEB-0497             
1 54116U 22138D   26099.53616903  .00000021  00000+0  20145-4 0  9990
2 54116  87.9176 318.6520 0001833  84.1488 275.9853 13.19727350167753
ONEWEB-0499             
1 54117U 22138E   26099.89867736 -.00000088  00000+0 -25336-3 0  9993
2 54117  87.9177 318.5905 0001871  90.5698 269.5649 13.19723341167812
ONEWEB-0500             
1 54118U 22138F   26099.90103306 -.00000077  00000+0 -22428-3 0  9999
2 54118  87.9174 318.5792 0001694  82.0951 278.0373 13.19726781167826
ONEWEB-0501             
1 54119U 22138G   26099.55196829  .00000051  00000+0  93871-4 0  9994
2 54119  87.9177 318.6496 0002094  86.5983 273.5389 13.19727301167759
ONEWEB-0502             
1 54120U 22138H   26099.53774818  .00000043  00000+0  75672-4 0  9994
2 54120  87.9184 318.6394 0001960  89.6719 270.4638 13.19727197167776
ONEWEB-0503             
1 54121U 22138J   26099.52669006  .00000020  00000+0  17678-4 0  9993
2 54121  87.9186 318.6459 0001659  93.5873 266.5450 13.19727357167766
ONEWEB-0504             
1 54122U 22138K   26099.89313788  .00000052  00000+0  97947-4 0  9999
2 54122  87.9170 318.5804 0001924  89.8657 270.2696 13.19727610167829
ONEWEB-0505             
1 54123U 22138L   26099.88998429  .00000022  00000+0  22038-4 0  9996
2 54123  87.9185 318.5805 0002236  89.5200 270.6189 13.19725087167800
ONEWEB-0506             
1 54124U 22138M   26099.33399197  .00000074  00000+0  15318-3 0  9993
2 54124  87.9189 318.6886 0002015  87.8209 272.3155 13.19727264167722
ONEWEB-0507             
1 54125U 22138N   26099.88524904 -.00000045  00000+0 -14502-3 0  9994
2 54125  87.9173 318.5973 0001935  84.0816 276.0537 13.19726329167844
ONEWEB-0508             
1 54126U 22138P   26099.88208272  .00000028  00000+0  38035-4 0  9999
2 54126  87.9176 318.5969 0002202  81.4768 278.6614 13.19723552167825
ONEWEB-0509             
1 54127U 22138Q   26099.55353762 -.00000053  00000+0 -16557-3 0  9993
2 54127  87.9188 318.6452 0001873  84.9285 275.2061 13.19727100167756
ONEWEB-0510             
1 54128U 22138R   26099.49582730  .00000010  00000+0 -66873-5 0  9996
2 54128  87.9140 288.1490 0001239  92.1070 268.0206 13.20772842170218
ONEWEB-0511             
1 54129U 22138S   26099.55039769  .00000072  00000+0  14849-3 0  9994
2 54129  87.9189 318.6500 0001838  95.0614 265.0729 13.19725679167783
ONEWEB-0512             
1 54130U 22138T   26099.54249677  .00000083  00000+0  17390-3 0  9992
2 54130  87.9174 318.6612 0002023  91.6664 268.4701 13.19724001167759
ONEWEB-0513             
1 54131U 22138U   26099.87938149  .00000000  00000+0 -32604-4 0  9994
2 54131  87.9184 318.5475 0002507 101.4393 258.7022 13.20264712167706
ONEWEB-0514             
1 54132U 22138V   26099.33083065  .00000059  00000+0  11575-3 0  9990
2 54132  87.9178 318.6937 0001573  85.5586 274.5727 13.19727204167742
ONEWEB-0515             
1 54133U 22138W   26099.48321311  .00000022  00000+0  21447-4 0  9996
2 54133  87.9146 288.1421 0001337  60.4174 299.7092 13.20771906170232
ONEWEB-0516             
1 54134U 22138X   26099.53302851 -.00000006  00000+0 -47616-4 0  9991
2 54134  87.9174 318.6649 0001804  81.3235 278.8102 13.19727007167770
ONEWEB-0517             
1 54135U 22138Y   26099.89156280 -.00000062  00000+0 -18844-3 0  9996
2 54135  87.9179 318.5830 0001626  95.2212 264.9106 13.19726304167823
ONEWEB-0518             
1 54136U 22138Z   26099.53143048  .00000012  00000+0 -29471-5 0  9990
2 54136  87.9173 318.6669 0001928  84.9662 275.1691 13.19727286167775
ONEWEB-0519             
1 54137U 22138AA  26099.55669623 -.00000090  00000+0 -25802-3 0  9994
2 54137  87.9188 318.6449 0001704  91.8639 268.2688 13.19726592167780
ONEWEB-0520             
1 54138U 22138AB  26099.89471549 -.00000024  00000+0 -91900-4 0  9990
2 54138  87.9176 318.5813 0002012  84.9924 275.1438 13.19727179167811
ONEWEB-0521             
1 54139U 22138AC  26099.54880882  .00000059  00000+0  11554-3 0  9999
2 54139  87.9190 318.6367 0001547  91.0466 269.0844 13.19727158167714
ONEWEB-0522             
1 54140U 22138AD  26099.52826494  .00000006  00000+0 -17084-4 0  9996
2 54140  87.9186 318.6422 0001894  86.7286 273.4063 13.19727224167759
ONEWEB-0523             
1 54141U 22138AE  26099.54633759  .00000112  00000+0  24433-3 0  9991
2 54141  87.9143 288.1435 0000981  85.3732 274.7513 13.20772498170242
ONEWEB-0524             
1 54142U 22138AF  26099.53530166  .00000017  00000+0  87267-5 0  9999
2 54142  87.9135 288.1426 0001617  59.6780 300.4513 13.20773940170248
ONEWEB-0525             
1 54143U 22138AG  26099.54722791  .00000076  00000+0  15705-3 0  9999
2 54143  87.9176 318.6498 0002017  84.8227 275.3135 13.19727134167779
ONEWEB-0526             
1 54144U 22138AH  26099.50457794 -.00000009  00000+0 -55137-4 0  9996
2 54144  87.9187 318.6561 0001806  82.7301 277.4037 13.19723387167745
ONEWEB-0529             
1 54145U 22138AJ  26099.88681986 -.00000010  00000+0 -57872-4 0  9990
2 54145  87.9173 318.5945 0001948  83.8490 276.2865 13.19727180167813
ONEWEB-0531             
1 54146U 22138AK  26099.52108729  .00000053  00000+0  98108-4 0  9993
2 54146  87.9139 288.1445 0001010  66.2547 293.8693 13.20772391170242
ONEWEB-0535             
1 54147U 22138AL  26099.54090703 -.00000002  00000+0 -37640-4 0  9998
2 54147  87.9185 318.6427 0001389  86.4790 273.6502 13.19727495167789
ONEWEB-0536             
1 54148U 22138AM  26099.50846390 -.00000010  00000+0 -56382-4 0  9999
2 54148  87.9124 288.1775 0001086  58.5606 301.5633 13.20772253170234
ONEWEB-0527             
1 54642U 22166A   26099.81687935 -.00000002  00000+0 -35634-4 0  9999
2 54642  87.9186 257.6159 0001789  95.4133 264.7205 13.21824499162500
ONEWEB-0528             
1 54643U 22166B   26099.82276984 -.00008459  00000+0 -20514-1 0  9991
2 54643  87.9183 257.6177 0001649  93.7667 266.3656 13.21888815162517
ONEWEB-0539             
1 54644U 22166C   26099.86147409  .00000761  00000+0  18112-2 0  9993
2 54644  87.9196 257.5782 0001957 104.7429 255.3922 13.21800467162515
ONEWEB-0540             
1 54645U 22166D   26099.86833229  .00003175  00000+0  76566-2 0  9995
2 54645  87.9197 257.6122 0001850 101.2793 258.8549 13.21796761162507
ONEWEB-0542             
1 54646U 22166E   26099.49307076  .00003080  00000+0  74276-2 0  9992
2 54646  87.9203 257.6496 0001783 107.0329 253.1001 13.21781750162462
ONEWEB-0545             
1 54647U 22166F   26099.68482512 -.00004394  00000+0 -10671-1 0  9992
2 54647  87.9185 257.6287 0002092 110.9593 249.1765 13.21857596162453
ONEWEB-0580             
1 54648U 22166G   26099.81099147  .00008326  00000+0  20127-1 0  9990
2 54648  87.9204 257.6025 0001668 112.6459 247.4852 13.21770230162518
ONEWEB-0582             
1 54649U 22166H   26099.70165272 -.00000023  00000+0 -87287-4 0  9993
2 54649  87.9188 257.6177 0001783 113.4157 246.7165 13.21825758162470
ONEWEB-0583             
1 54650U 22166J   26099.48635421  .00000293  00000+0  67770-3 0  9999
2 54650  87.9189 257.6839 0001770 101.6646 258.4687 13.21787960162455
ONEWEB-0584             
1 54651U 22166K   26099.80933167  .00005057  00000+0  12218-1 0  9992
2 54651  87.9199 257.6033 0001437  92.1566 267.9732 13.21762047162486
ONEWEB-0585             
1 54652U 22166L   26099.83286420 -.00005050  00000+0 -12259-1 0  9999
2 54652  87.9182 257.5867 0001869  92.7706 267.3642 13.21869026162494
ONEWEB-0586             
1 54653U 22166M   26099.69491497 -.00000164  00000+0 -42727-3 0  9992
2 54653  87.9190 257.6400 0001814 104.4443 255.6892 13.21859231162479
ONEWEB-0587             
1 54654U 22166N   26099.85641777  .00000053  00000+0  97109-4 0  9999
2 54654  87.9200 257.5745 0001890  86.8484 273.2866 13.21820331162651
ONEWEB-0589             
1 54655U 22166P   26099.69156240 -.00002810  00000+0 -68362-2 0  9990
2 54655  87.9184 257.6288 0001747 125.3009 234.8288 13.21845829162491
ONEWEB-0590             
1 54656U 22166Q   26099.86805934  .00004553  00000+0  10992-1 0  9990
2 54656  87.9206 257.5785 0001889 101.1645 258.9701 13.21789155162501
ONEWEB-0591             
1 54657U 22166R   26099.80427885  .00004545  00000+0  10977-1 0  9994
2 54657  87.9195 257.6090 0001631 101.3556 258.7761 13.21766305162525
ONEWEB-0592             
1 54658U 22166S   26099.80764838  .00003143  00000+0  75834-2 0  9994
2 54658  87.9207 257.5789 0001550  90.7842 269.3470 13.21752302162407
ONEWEB-0593             
1 54659U 22166T   26099.82949717 -.00006140  00000+0 -14898-1 0  9992
2 54659  87.9212 257.5956 0001514  99.7474 260.3831 13.21872419162516
ONEWEB-0594             
1 54660U 22166U   26099.47119560 -.00001425  00000+0 -34825-2 0  9994
2 54660  87.9184 257.6821 0001828  96.4456 263.6886 13.21833741162487
ONEWEB-0595             
1 54661U 22166V   26099.67474337 -.00006369  00000+0 -15449-1 0  9995
2 54661  87.9194 257.6168 0001663  91.4318 268.7007 13.21884940162480
ONEWEB-0596             
1 54662U 22166W   26099.80091241  .00004222  00000+0  10193-1 0  9995
2 54662  87.9192 257.6071 0001645  94.8083 265.3239 13.21775509162501
ONEWEB-0597             
1 54663U 22166X   26099.70670683  .00000077  00000+0  15426-3 0  9998
2 54663  87.9187 257.6304 0001735 103.1060 257.0268 13.21810198162496
ONEWEB-0600             
1 54664U 22166Y   26099.68820865 -.00003814  00000+0 -92667-2 0  9990
2 54664  87.9190 257.6254 0001804 101.5137 258.6199 13.21854991162465
ONEWEB-0601             
1 54665U 22166Z   26099.67979523 -.00005941  00000+0 -14416-1 0  9994
2 54665  87.9198 257.6444 0001627 106.1874 253.9439 13.21868097162655
ONEWEB-0602             
1 54666U 22166AA  26099.49390949  .00003712  00000+0  89574-2 0  9994
2 54666  87.9186 257.6873 0002055 100.7852 259.3513 13.21784303162471
ONEWEB-0603             
1 54667U 22166AB  26099.80259161  .00004661  00000+0  11258-1 0  9997
2 54667  87.9211 257.5749 0001687 107.4907 252.6411 13.21772694162447
ONEWEB-0604             
1 54668U 22166AC  26099.86651691  .00002026  00000+0  48759-2 0  9998
2 54668  87.9196 257.5769 0001836  94.6625 265.4718 13.21792781162410
ONEWEB-0605             
1 54669U 22166AD  26099.85979045  .00000088  00000+0  18280-3 0  9997
2 54669  87.9189 257.5984 0001420 113.6157 246.5126 13.21802938162489
ONEWEB-0606             
1 54670U 22166AE  26099.80595269  .00005369  00000+0  12972-1 0  9993
2 54670  87.9197 257.6221 0001657  94.6480 265.4843 13.21767915162531
ONEWEB-0607             
1 54671U 22166AF  26099.69659992  .00000115  00000+0  24756-3 0  9994
2 54671  87.9193 257.6101 0001910 102.2796 257.8552 13.21854525162494
ONEWEB-0608             
1 54672U 22166AG  26099.70333506  .00000124  00000+0  26855-3 0  9999
2 54672  87.9197 257.6033 0001607 115.6785 244.4515 13.21827110162505
ONEWEB-0610             
1 54673U 22166AH  26099.68314179 -.00004257  00000+0 -10337-1 0  9991
2 54673  87.9188 257.6287 0001787 119.9176 240.2135 13.21865071162406
ONEWEB-0611             
1 54674U 22166AJ  26099.82781542 -.00005356  00000+0 -12999-1 0  9997
2 54674  87.9210 257.6003 0001395  78.4650 281.6640 13.21876665162412
ONEWEB-0612             
1 54675U 22166AK  26099.68988341 -.00002835  00000+0 -68955-2 0  9991
2 54675  87.9193 257.6116 0001779 100.6199 259.5136 13.21855785162380
ONEWEB-0615             
1 54676U 22166AL  26099.82109032 -.00008073  00000+0 -19576-1 0  9994
2 54676  87.9182 257.6064 0001426  85.9831 274.1466 13.21893438162418
ONEWEB-0655             
1 54677U 22166AM  26099.49475024  .00003923  00000+0  94682-2 0  9994
2 54677  87.9192 257.6737 0001998 102.2665 257.8693 13.21782813162367
ONEWEB-0659             
1 54678U 22166AN  26099.81436340  .00006015  00000+0  14538-1 0  9995
2 54678  87.9173 257.6104 0001667  96.8504 263.2820 13.21754930162494
ONEWEB-0685             
1 54679U 22166AP  26099.81427666 -.00000020  00000+0 -80507-4 0  9991
2 54679  87.9185 257.6042 0001841 103.8660 256.2679 13.21815199162382
ONEWEB-0712             
1 54680U 22166AQ  26099.81473921 -.00000021  00000+0 -88113-4 0  9990
2 54680  87.9056 242.3580 0002303 104.5476 255.5910 13.16592151163066
ONEWEB-0714             
1 54681U 22166AR  26099.81940640 -.00008150  00000+0 -19764-1 0  9992
2 54681  87.9183 257.5967 0001649 104.4042 255.7276 13.21892180162501
ONEWEB-0532             
1 55140U 23004A   26099.76672219  .00000097  00000+0  21752-3 0  9995
2 55140  87.9181  19.4545 0001408  75.1650 284.9638 13.17651359158573
ONEWEB-0533             
1 55141U 23004B   26099.76771101 -.00000326  00000+0 -94056-3 0  9990
2 55141  87.9017   4.2574 0001753  85.2109 274.9219 13.12441915159081
ONEWEB-0541             
1 55142U 23004C   26099.82040373  .00000160  00000+0  41506-3 0  9994
2 55142  87.8917  34.6425 0001822  74.2393 285.8935 13.11414304156985
ONEWEB-0543             
1 55143U 23004D   26099.41971813  .00000067  00000+0  13597-3 0  9997
2 55143  87.9220 349.1466 0002058  83.3701 276.7665 13.18684991160633
ONEWEB-0544             
1 55144U 23004E   26099.41310675 -.00000256  00000+0 -68157-3 0  9995
2 55144  87.9222 349.1470 0001957  74.7552 285.3796 13.18685558160637
ONEWEB-0560             
1 55145U 23004F   26099.40652320  .00000100  00000+0  22136-3 0  9994
2 55145  87.9222 349.1377 0001947  75.7521 284.3827 13.18685143160645
ONEWEB-0565             
1 55146U 23004G   26099.39991212 -.00000202  00000+0 -54522-3 0  9998
2 55146  87.9212 349.1734 0001798  64.9965 295.1353 13.18685960160638
ONEWEB-0567             
1 55147U 23004H   26099.39332806  .00000105  00000+0  23384-3 0  9999
2 55147  87.9223 349.1527 0001887  68.4362 291.6971 13.18686230160638
ONEWEB-0569             
1 55148U 23004J   26099.37210749 -.00000294  00000+0 -83975-3 0  9992
2 55148  87.9002 333.9181 0002480  67.3122 292.8269 13.13469342161141
ONEWEB-0570             
1 55149U 23004K   26099.76279713 -.00000011  00000+0 -59904-4 0  9995
2 55149  87.9222 349.0774 0001332  71.0093 289.1183 13.18688677160676
ONEWEB-0571             
1 55150U 23004L   26098.92156317  .00000022  00000+0  22133-4 0  9992
2 55150  87.9222 349.2432 0002373  49.1387 310.9951 13.18688254160575
ONEWEB-0572             
1 55151U 23004M   26099.79709514  .00000078  00000+0  16741-3 0  9990
2 55151  87.9183  19.4498 0001826  71.1432 288.9898 13.17651454158479
ONEWEB-0573             
1 55152U 23004N   26099.44610125  .00000015  00000+0  45537-5 0  9990
2 55152  87.9218 349.1407 0001575  52.7484 307.3792 13.18685034160637
ONEWEB-0588             
1 55153U 23004P   26099.43950674 -.00000066  00000+0 -20000-3 0  9990
2 55153  87.9219 349.1427 0001438  70.8638 289.2650 13.18687616160630
ONEWEB-0598             
1 55154U 23004Q   26099.79837423  .00001119  00000+0  31200-2 0  9997
2 55154  87.8913  34.6646 0002466  61.1457 298.9918 13.11415914156939
ONEWEB-0599             
1 55155U 23004R   26099.53047730  .00000017  00000+0  99917-5 0  9992
2 55155  87.9181  19.5015 0002033  79.0023 281.1337 13.17651322158445
ONEWEB-0614             
1 55156U 23004S   26099.79327044  .00000359  00000+0  97628-3 0  9994
2 55156  87.8910  34.6737 0001645  81.3623 278.7691 13.11417007156878
ONEWEB-0616             
1 55157U 23004T   26099.80046883  .00000060  00000+0  12027-3 0  9995
2 55157  87.9185  19.4502 0002761  87.9864 272.1583 13.17652007158691
ONEWEB-0617             
1 55158U 23004U   26099.78140013 -.00000229  00000+0 -68260-3 0  9992
2 55158  87.8923  34.6626 0001422  76.2084 283.9202 13.11418330156896
ONEWEB-0618             
1 55159U 23004V   26099.79629751  .00005562  00000+0  31703-3 0  9990
2 55159  86.9132 205.3662 0012768 176.5079 183.6252 15.12522829171923
ONEWEB-0619             
1 55160U 23004W   26099.83253392  .00000017  00000+0  10814-4 0  9992
2 55160  87.9191  19.4188 0001718  93.9574 266.1754 13.17647132158593
ONEWEB-0620             
1 55161U 23004X   26099.77630787 -.00000334  00000+0 -97868-3 0  9990
2 55161  87.8914  34.6769 0001864  69.8624 290.2704 13.11417446156868
ONEWEB-0621             
1 55162U 23004Y   26099.80344338  .00000540  00000+0  14879-2 0  9996
2 55162  87.8919  34.6541 0001683  83.1309 277.0010 13.11416513156845
ONEWEB-0622             
1 55163U 23004Z   26099.80853461  .00000600  00000+0  16558-2 0  9992
2 55163  87.8920  34.6549 0001201  65.1875 294.9377 13.11415503156831
ONEWEB-0623             
1 55164U 23004AA  26099.82748198  .00000018  00000+0  12416-4 0  9999
2 55164  87.9185  19.4586 0001131  93.8869 266.2392 13.17651079158580
ONEWEB-0624             
1 55165U 23004AB  26099.45430761 -.00000261  00000+0 -75611-3 0  9990
2 55165  87.9011   4.2488 0001597  82.3056 277.8254 13.12926287159058
ONEWEB-0625             
1 55166U 23004AC  26099.81734539 -.00000020  00000+0 -85834-4 0  9993
2 55166  87.9181  19.4543 0001941  82.4455 277.6897 13.17647056158570
ONEWEB-0626             
1 55167U 23004AD  26099.80723535  .00000032  00000+0  48599-4 0  9995
2 55167  87.9184  19.4561 0002052  66.1061 294.0285 13.17650340158574
ONEWEB-0627             
1 55168U 23004AE  26099.79540483  .00000027  00000+0  36747-4 0  9999
2 55168  87.9185  19.4586 0001338  87.1277 273.0008 13.17649144158571
ONEWEB-0628             
1 55169U 23004AF  26099.79157324  .00000331  00000+0  88555-3 0  9999
2 55169  87.9012   4.2369 0001277  98.1762 261.9511 13.12441957159062
ONEWEB-0629             
1 55170U 23004AG  26099.77090683  .00000153  00000+0  36083-3 0  9994
2 55170  87.9185  19.4604 0001786  89.5815 270.5521 13.17648000158578
ONEWEB-0631             
1 55171U 23004AH  26099.43290124  .00000007  00000+0 -15096-4 0  9991
2 55171  87.9230 349.1033 0001627  63.8819 296.2480 13.18685336160613
ONEWEB-0709             
1 55172U 23004AJ  26099.76614876 -.00000453  00000+0 -13144-2 0  9998
2 55172  87.8909  34.6818 0002405  59.7281 300.4085 13.11418103156900
ONEWEB-0710             
1 55173U 23004AK  26099.78528014 -.00000305  00000+0 -81853-3 0  9998
2 55173  87.9184  19.4528 0001650  77.7853 282.3463 13.17649197158570
ONEWEB-0711             
1 55174U 23004AL  26099.81361751  .00000462  00000+0  12689-2 0  9998
2 55174  87.8919  34.6578 0001102  81.1003 279.0249 13.11415111156875
ONEWEB-0713             
1 55175U 23004AM  26099.83225575 -.00000257  00000+0 -76152-3 0  9994
2 55175  87.8920  34.6535 0001463  79.7665 280.3628 13.11414407156860
ONEWEB-0715             
1 55176U 23004AN  26099.82717378 -.00000095  00000+0 -30312-3 0  9999
2 55176  87.8918  34.6541 0001984  57.3919 302.7400 13.11414113156903
ONEWEB-0716             
1 55177U 23004AP  26099.77853044  .00000062  00000+0  12560-3 0  9992
2 55177  87.9186  19.4551 0002025  82.2402 277.8959 13.17652251158574
ONEWEB-0717             
1 55178U 23004AQ  26099.53384690  .00000012  00000+0 -10925-5 0  9994
2 55178  87.9192  19.4857 0001118  73.5349 286.5905 13.17651628158593
ONEWEB-0719             
1 55179U 23004AR  26099.77178530  .00000051  00000+0  97086-4 0  9999
2 55179  87.9194  19.4198 0001898  84.4531 275.6817 13.17651097158572
ONEWEB-0530             
1 55796U 23029A   26099.53055791  .00000090  00000+0  18940-3 0  9992
2 55796  87.9129 288.1828 0001390 105.3025 254.8262 13.20772766152082
ONEWEB-0534             
1 55797U 23029B   26099.51793042  .00000028  00000+0  36794-4 0  9998
2 55797  87.9132 288.1842 0001850  92.9192 267.2153 13.20773032152084
ONEWEB-0556             
1 55798U 23029C   26099.52423764  .00000023  00000+0  25171-4 0  9993
2 55798  87.9128 288.1843 0002320 112.1428 247.9952 13.20773154152088
ONEWEB-0562             
1 55799U 23029D   26099.51161574  .00000047  00000+0  83035-4 0  9990
2 55799  87.9130 288.1672 0001559 121.9405 238.1880 13.20773269152087
ONEWEB-0563             
1 55800U 23029E   26099.50531126 -.00000013  00000+0 -63146-4 0  9992
2 55800  87.9129 288.1988 0001960  93.6953 266.4404 13.20771134152071
ONEWEB-0564             
1 55801U 23029F   26099.49899429  .00000019  00000+0  13724-4 0  9995
2 55801  87.9131 288.1725 0001509 102.4692 257.6610 13.20772672152082
ONEWEB-0638             
1 55802U 23029G   26099.50647207 -.00000185  00000+0 -53363-3 0  9991
2 55802  87.8926 303.4674 0001859 106.1743 253.9591 13.14501618150374
ONEWEB-0639             
1 55803U 23029H   26099.87260467  .00000028  00000+0  37061-4 0  9993
2 55803  87.9176 318.5994 0002734  77.5238 282.6201 13.19727150149896
ONEWEB-0640             
1 55804U 23029J   26099.51598549 -.00000212  00000+0 -60609-3 0  9990
2 55804  87.8927 303.4567 0002239 102.9418 257.1962 13.14501795150390
ONEWEB-0641             
1 55805U 23029K   26099.33714779  .00000066  00000+0  13253-3 0  9994
2 55805  87.9180 318.6934 0001911  81.9125 278.2224 13.19727073149832
ONEWEB-0642             
1 55806U 23029L   26099.02915377  .00000126  00000+0  28218-3 0  9992
2 55806  87.9178 318.7688 0002474  73.2943 286.8461 13.19726440149783
ONEWEB-0643             
1 55807U 23029M   26099.48585293  .00000142  00000+0  34830-3 0  9998
2 55807  87.8927 303.4496 0002149  71.8768 288.2596 13.14501513150369
ONEWEB-0644             
1 55808U 23029N   26099.55512212  .00000025  00000+0  29983-4 0  9992
2 55808  87.9169 318.6683 0002032  77.3637 282.7723 13.19727379149850
ONEWEB-0645             
1 55809U 23029P   26099.88050575 -.00000005  00000+0 -43795-4 0  9995
2 55809  87.9175 318.5979 0002220  87.8934 272.2453 13.19723313149892
ONEWEB-0646             
1 55810U 23029Q   26099.89787823 -.00000069  00000+0 -20500-3 0  9999
2 55810  87.9173 318.5947 0001953  78.6144 281.5208 13.19726109149886
ONEWEB-0648             
1 55811U 23029R   26099.53025580 -.00000094  00000+0 -28706-3 0  9990
2 55811  87.8934 303.4079 0002617  85.8686 274.2743 13.14500569150373
ONEWEB-0649             
1 55812U 23029S   26099.54405962 -.00000242  00000+0 -63718-3 0  9995
2 55812  87.9175 318.6625 0002042  85.3145 274.8221 13.19725091149878
ONEWEB-0650             
1 55813U 23029T   26099.53932732 -.00000028  00000+0 -10197-3 0  9990
2 55813  87.9179 318.6665 0002162  78.1028 282.0347 13.19726746149845
ONEWEB-0652             
1 55814U 23029U   26099.51121954 -.00000177  00000+0 -51194-3 0  9992
2 55814  87.8924 303.4245 0001558  88.9879 271.1429 13.14500891150343
ONEWEB-0653             
1 55815U 23029V   26099.49536487  .00000021  00000+0  22719-4 0  9999
2 55815  87.8935 303.4210 0001702  93.7999 266.3325 13.14501270150372
ONEWEB-0654             
1 55816U 23029W   26099.49060764  .00000101  00000+0  23833-3 0  9996
2 55816  87.8926 303.4192 0001418  94.6846 265.4445 13.14501105150399
ONEWEB-0656             
1 55817U 23029X   26099.49266499  .00000028  00000+0  36726-4 0  9994
2 55817  87.9137 288.1426 0001373 100.9056 259.2232 13.20770870152085
ONEWEB-0657             
1 55818U 23029Y   26099.53458118 -.00000058  00000+0 -17643-3 0  9992
2 55818  87.9173 318.6657 0001221  66.8392 293.2869 13.19727693149854
ONEWEB-0658             
1 55819U 23029Z   26099.52984958 -.00000001  00000+0 -34056-4 0  9994
2 55819  87.9183 318.6365 0002089  77.1164 283.0202 13.19727687149869
ONEWEB-0660             
1 55820U 23029AA  26099.54453714  .00000186  00000+0  46616-3 0  9995
2 55820  87.8941 303.3980 0002024  92.3424 267.7938 13.14502717150387
ONEWEB-0661             
1 55821U 23029AB  26099.50330250 -.00000074  00000+0 -23390-3 0  9993
2 55821  87.8927 303.4589 0001939  94.7073 265.4279 13.14501602150361
ONEWEB-0662             
1 55822U 23029AC  26099.53818760  .00000126  00000+0  30444-3 0  9998
2 55822  87.8925 303.4594 0002005  91.8083 268.3276 13.14501376150413
ONEWEB-0663             
1 55823U 23029AD  26099.53164390  .00000055  00000+0  10277-3 0  9995
2 55823  87.9142 288.2078 0002191  90.3644 269.7740 13.20864869152088
ONEWEB-0664             
1 55824U 23029AE  26099.55579934  .00000762  00000+0  18423-2 0  9997
2 55824  87.9124 288.1920 0002003 105.6769 254.4586 13.20778970152080
ONEWEB-0665             
1 55825U 23029AF  26099.50012195 -.00000102  00000+0 -30973-3 0  9999
2 55825  87.8926 303.4402 0002056  89.4789 270.6577 13.14500647150383
ONEWEB-0666             
1 55826U 23029AG  26099.54949075  .00000068  00000+0  13527-3 0  9995
2 55826  87.9128 288.1826 0001126  77.1421 282.9838 13.20772929152099
ONEWEB-0667             
1 55827U 23029AH  26099.54318559  .00000157  00000+0  35402-3 0  9998
2 55827  87.9147 288.1300 0001912  94.3430 265.7922 13.20773249152080
ONEWEB-0669             
1 55828U 23029AJ  26099.53844713  .00000100  00000+0  21283-3 0  9994
2 55828  87.9129 288.1506 0001430 110.7102 249.4184 13.20773485152084
ONEWEB-0670             
1 55829U 23029AK  26099.55404260  .00000249  00000+0  63628-3 0  9999
2 55829  87.8924 303.4478 0001920  98.9679 261.1668 13.14501603150413
ONEWEB-0671             
1 55830U 23029AL  26099.52510476 -.00000053  00000+0 -16440-3 0  9990
2 55830  87.9173 318.6686 0001905  88.2574 271.8777 13.19727777149841
ONEWEB-0672             
1 55831U 23029AM  26099.53369457 -.00000199  00000+0 -52185-3 0  9990
2 55831  87.9139 288.1414 0001423  92.2210 267.9086 13.20771055152080
ONEWEB-0673             
1 55832U 23029AN  26099.88128887  .00000026  00000+0  33016-4 0  9999
2 55832  87.9175 318.5832 0001836  88.3652 271.7691 13.19726733149898
ONEWEB-0674             
1 55833U 23029AP  26099.52232226 -.00000189  00000+0 -54410-3 0  9996
2 55833  87.8924 303.4312 0001914 101.1348 258.9997 13.14501424150395
ONEWEB-0675             
1 55834U 23029AQ  26099.89629910 -.00000040  00000+0 -13285-3 0  9998
2 55834  87.9176 318.5962 0001601  75.5246 284.6064 13.19726898149914
ONEWEB-0720             
1 55835U 23029AR  26099.88840122 -.00000014  00000+0 -66161-4 0  9991
2 55835  87.9174 318.5982 0002072  83.0860 277.0508 13.19727535149833
ONEWEB-0537             
1 56046U 23043A   26099.79733448 -.00000073  00000+0 -22466-3 0  9998
2 56046  87.9053 242.3597 0001593  99.4945 260.6366 13.16593361149961
ONEWEB-0538             
1 56047U 23043B   26099.79096691  .00000327  00000+0  82063-3 0  9990
2 56047  87.9057 242.3638 0001693  91.7094 268.4231 13.16601863149978
ONEWEB-0546             
1 56048U 23043C   26099.85432366  .00000046  00000+0  86587-4 0  9995
2 56048  87.9056 242.3499 0001077 103.6425 256.4826 13.16592979149974
ONEWEB-0547             
1 56049U 23043D   26099.81857387 -.00009460  00000+0 -22942-1 0  9999
2 56049  87.9211 257.5914 0002177  92.0378 268.1006 13.21881694149193
ONEWEB-0548             
1 56050U 23043E   26099.80287289 -.00000054  00000+0 -17357-3 0  9994
2 56050  87.9049 242.3582 0002001 114.2983 245.8356 13.16595703149964
ONEWEB-0549             
1 56051U 23043F   26099.81267517  .00008860  00000+0  21418-1 0  9990
2 56051  87.9189 257.6030 0001857  96.0699 264.0646 13.21768491149198
ONEWEB-0550             
1 56052U 23043G   26099.79922382  .00004637  00000+0  11196-1 0  9996
2 56052  87.9193 257.6019 0001689 105.6956 254.4364 13.21784397149190
ONEWEB-0551             
1 56053U 23043H   26099.70363296  .00000180  00000+0  44392-3 0  9996
2 56053  87.8933 272.8931 0001922  86.1796 273.9554 13.15546898147391
ONEWEB-0552             
1 56054U 23043J   26099.86987674  .00003986  00000+0  96207-2 0  9994
2 56054  87.9184 257.5948 0002121  96.3783 263.7593 13.21796489149202
ONEWEB-0553             
1 56055U 23043K   26099.78466507  .00000083  00000+0  18379-3 0  9993
2 56055  87.9056 242.3652 0001441 108.5993 251.5294 13.16593865149972
ONEWEB-0554             
1 56056U 23043L   26099.84799449  .00000057  00000+0  11627-3 0  9995
2 56056  87.9053 242.3627 0001848 110.9705 249.1623 13.16592893149969
ONEWEB-0555             
1 56057U 23043M   26099.80998822 -.00000036  00000+0 -12902-3 0  9994
2 56057  87.9054 242.3555 0001239 108.6686 251.4579 13.16595585149964
ONEWEB-0557             
1 56058U 23043N   26099.67225008  .00000026  00000+0  34698-4 0  9993
2 56058  87.9052 242.3944 0001792 143.5437 216.5816 13.16593349149941
ONEWEB-0558             
1 56059U 23043P   26099.86315064  .00001249  00000+0  29928-2 0  9993
2 56059  87.9190 257.5890 0002035  82.9487 277.1878 13.21800804149219
ONEWEB-0559             
1 56060U 23043Q   26099.47288713  .00000047  00000+0  82415-4 0  9999
2 56060  87.9187 257.6608 0002033  92.9885 267.1481 13.21838127149179
ONEWEB-0566             
1 56061U 23043R   26099.69324993 -.00002179  00000+0 -53065-2 0  9992
2 56061  87.9188 257.6154 0001480  74.2461 285.8836 13.21847824149181
ONEWEB-0568             
1 56062U 23043S   26099.76567116  .00000140  00000+0  33231-3 0  9995
2 56062  87.9054 242.3666 0001510 104.1568 255.9730 13.16593591149979
ONEWEB-0574             
1 56063U 23043T   26099.68652880 -.00004610  00000+0 -11194-1 0  9990
2 56063  87.9200 257.6136 0001474 105.7730 254.3567 13.21854384149226
ONEWEB-0575             
1 56064U 23043U   26099.83532240  .00000168  00000+0  40458-3 0  9994
2 56064  87.9050 242.3492 0001682 116.5789 243.5514 13.16592885149974
ONEWEB-0576             
1 56065U 23043V   26099.81633170 -.00000015  00000+0 -71572-4 0  9992
2 56065  87.9056 242.3579 0001716 108.9293 251.2024 13.16592829149969
ONEWEB-0577             
1 56066U 23043W   26099.82266126  .00000012  00000+0 -27618-5 0  9996
2 56066  87.9049 242.3550 0001941 126.3539 233.7771 13.16592897149990
ONEWEB-0578             
1 56067U 23043X   26099.67306081 -.00007785  00000+0 -18881-1 0  9998
2 56067  87.9164 257.6247 0002098  84.2265 275.9108 13.21882130149184
ONEWEB-0579             
1 56068U 23043Y   26099.81603755  .00006033  00000+0  14579-1 0  9996
2 56068  87.9189 257.5846 0002269  96.4689 263.6703 13.21760903149213
ONEWEB-0581             
1 56069U 23043Z   26099.67699223  .00000146  00000+0  34858-3 0  9999
2 56069  87.9051 242.3958 0001931 119.0379 241.0946 13.16592744149940
ONEWEB-0609             
1 56070U 23043AA  26099.50158618 -.00013052  00000+0 -34724-1 0  9993
2 56070  87.8926 272.9203 0002212  69.8683 290.2685 13.15605911147402
ONEWEB-0613             
1 56071U 23043AB  26099.49923550 -.00000012  00000+0 -65921-4 0  9995
2 56071  87.8930 272.9324 0002023  90.9901 269.1461 13.15547781147407
ONEWEB-0630             
1 56072U 23043AC  26099.49447681 -.00000011  00000+0 -62223-4 0  9993
2 56072  87.8933 272.9035 0001997  91.9731 268.1628 13.15547194147391
ONEWEB-0632             
1 56073U 23043AD  26099.48973120  .00000037  00000+0  65131-4 0  9992
2 56073  87.8934 272.9217 0001762 100.2206 259.9123 13.15547179147397
ONEWEB-0633             
1 56074U 23043AE  26099.48338006  .00000102  00000+0  23780-3 0  9997
2 56074  87.8944 272.8936 0002054  84.9153 275.2212 13.15550869147378
ONEWEB-0634             
1 56075U 23043AF  26099.54518804  .00000206  00000+0  51181-3 0  9992
2 56075  87.8935 272.9271 0001497  88.5485 271.5817 13.15547766147372
ONEWEB-0635             
1 56076U 23043AG  26099.54042512  .00000199  00000+0  49504-3 0  9998
2 56076  87.8940 272.8848 0001791 103.8176 256.3153 13.15546745147407
ONEWEB-0636             
1 56077U 23043AH  26099.53250060  .00000120  00000+0  28376-3 0  9995
2 56077  87.8931 272.8978 0001782 102.1496 257.9833 13.15546932147386
ONEWEB-0637             
1 56078U 23043AJ  26099.52615989  .00000025  00000+0  32698-4 0  9997
2 56078  87.8929 272.9167 0001486 100.8945 259.2353 13.15546979147406
ONEWEB-0647             
1 56079U 23043AK  26099.52141679  .00000003  00000+0 -25404-4 0  9992
2 56079  87.8930 272.9300 0001878  97.7050 262.4294 13.15547633147390
ONEWEB-0651             
1 56080U 23043AL  26099.82088877 -.00000012  00000+0 -65862-4 0  9990
2 56080  87.8929 272.8645 0001664 103.5285 256.6031 13.15547443148631
ONEWEB-0718             
1 56081U 23043AM  26099.51190156 -.00000106  00000+0 -31499-3 0  9993
2 56081  87.8931 272.9069 0001509  78.7002 281.4298 13.15546341147405
ONEWEB-0561             
1 56710U 23068A   26099.48637038  .00000001  00000+0 -28419-4 0  9992
2 56710  87.9140 288.1586 0002016 102.9050 257.2309 13.20772580140439
ONEWEB-0668             
1 56711U 23068B   26099.80366969 -.00000028  00000+0 -10781-3 0  9993
2 56711  87.9065 242.3554 0001248  95.9619 264.1654 13.16594092142786
ONEWEB-0676             
1 56712U 23068C   26099.81156749 -.00000033  00000+0 -11972-3 0  9997
2 56712  87.9053 242.3629 0001866 111.7441 248.3889 13.16592605142707
ONEWEB-0677             
1 56713U 23068D   26099.55107126 -.00000886  00000+0 -22113-2 0  9998
2 56713  87.9121 288.1382 0001661  94.8583 265.2740 13.20771660140740
ONEWEB-0678             
1 56714U 23068E   26099.48022105  .00000159  00000+0  38865-3 0  9997
2 56714  87.8943 272.8988 0002041  94.6992 265.4371 13.15547931140253
ONEWEB-0679             
1 56715U 23068F   26099.77041512  .00000032  00000+0  49743-4 0  9991
2 56715  87.9063 242.3600 0001337 116.2341 243.8927 13.16592517142729
ONEWEB-0680             
1 56716U 23068G   26099.81773135 -.00009169  00000+0 -22234-1 0  9995
2 56716  87.9213 257.5862 0001247  94.0944 266.0333 13.21889017142062
ONEWEB-0681             
1 56717U 23068H   26099.79838852  .00003963  00000+0  95662-2 0  9991
2 56717  87.9201 257.5952 0002104 123.1545 236.9791 13.21782493142057
ONEWEB-0682             
1 56718U 23068J   26099.50398661 -.00000029  00000+0 -11108-3 0  9996
2 56718  87.8931 272.8966 0001213  92.9759 267.1510 13.15548336140425
ONEWEB-0683             
1 56719U 23068K   26098.91929782  .00000067  00000+0  14346-3 0  9992
2 56719  87.8940 273.0105 0001506  90.7834 269.3469 13.15547705140313
ONEWEB-0684             
1 56720U 23068L   26099.45962763  .00000107  00000+0  24983-3 0  9993
2 56720  87.8939 272.8942 0003025  77.5824 282.5645 13.15547474140214
ONEWEB-0686             
1 56721U 23068M   26099.80682590 -.00000042  00000+0 -14373-3 0  9992
2 56721  87.9043 242.3854 0001692  89.4023 270.7301 13.16592986142711
ONEWEB-0694             
1 56722U 23068N   26099.81317203  .00000096  00000+0  21676-3 0  9991
2 56722  87.9063 242.3352 0001321  98.1919 261.9361 13.16593701142777
ONEWEB-0696             
1 56723U 23068P   26099.49289623 -.00000005  00000+0 -48263-4 0  9994
2 56723  87.8933 272.9307 0002211  92.3693 267.7690 13.15547762140330
ONEWEB-0703             
1 56724U 23068Q   26099.50241584 -.00000083  00000+0 -25583-3 0  9996
2 56724  87.8932 272.9099 0002586 103.6621 256.4798 13.15548495140226
ONEWEB-0721             
1 56725U 23068R   26099.51691339  .00000044  00000+0  71550-4 0  9996
2 56725  86.6720 107.4420 0001936  90.6126 269.5229 13.22464725148865
ONEWEB-0015             
1 61594U 24188A   26099.79495762  .00000480  00000+0  13175-2 0  9993
2 61594  87.8911  34.6884 0001518  94.6182 265.5120 13.11417094 75496
ONEWEB-0687             
1 61595U 24188B   26099.81228313 -.00000037  00000+0 -12799-3 0  9995
2 61595  87.9172  19.4618 0001307  75.6427 284.4849 13.17650771 76890
ONEWEB-0688             
1 61596U 24188C   26099.76502307 -.00000317  00000+0 -85058-3 0  9997
2 61596  87.9171  19.4709 0001323 121.6344 238.4916 13.17648713 76885
ONEWEB-0689             
1 61597U 24188D   26099.82886867 -.00000184  00000+0 -55562-3 0  9990
2 61597  87.8929  34.6278 0001660  69.7456 290.3851 13.11414070 75498
ONEWEB-0690             
1 61598U 24188E   26099.76276609  .00001022  00000+0  28474-2 0  9992
2 61598  87.8941  34.6578 0002260  88.3128 271.8259 13.11407806 75660
ONEWEB-0691             
1 61599U 24188F   26099.83395223 -.00000352  00000+0 -10289-2 0  9997
2 61599  87.8933  34.5475 0001542  87.5112 272.6193 13.11414278 75525
ONEWEB-0692             
1 61600U 24188G   26099.77799710 -.00000285  00000+0 -83899-3 0  9995
2 61600  87.8910  34.6844 0002249  58.3640 301.7707 13.11416727 75505
ONEWEB-0693             
1 61601U 24188H   26099.77684453  .00000045  00000+0  82788-4 0  9992
2 61601  87.9173  19.4902 0002441  93.3540 266.7871 13.17651140 76875
ONEWEB-0695             
1 61602U 24188J   26099.83055755 -.00000316  00000+0 -92883-3 0  9996
2 61602  87.8910  34.6656 0001816  61.4631 298.6679 13.11413677 75505
ONEWEB-0697             
1 61603U 24188K   26099.78648610  .00000104  00000+0  25751-3 0  9992
2 61603  87.8912  34.6638 0002326  60.9344 299.2016 13.11417429 75488
ONEWEB-0698             
1 61604U 24188L   26099.76443997 -.00000469  00000+0 -13598-2 0  9993
2 61604  87.8913  34.6836 0003017  71.9862 288.1595 13.11415757 75509
ONEWEB-0699             
1 61605U 24188M   26099.87555219 -.00000480  00000+0 -14114-2 0  9995
2 61605  87.8832  49.8583 0002302  65.4957 294.6410 13.10369515 74366
ONEWEB-0700             
1 61606U 24188N   26099.80083690 -.00000695  00000+0 -20267-2 0  9992
2 61606  87.8842  49.7713 0002031  60.1635 299.9694 13.10371057 74340
ONEWEB-0701             
1 61607U 24188P   26099.81744203 -.00000633  00000+0 -18488-2 0  9992
2 61607  87.8833  49.8690 0002454  62.6870 297.4507 13.10374965 74351
ONEWEB-0702             
1 61608U 24188Q   26099.81023660  .00000501  00000+0  13779-2 0  9990
2 61608  87.8925  34.5679 0002288  52.7191 307.4146 13.11415657 75529
ONEWEB-0704             
1 61609U 24188R   26099.80583074 -.00000616  00000+0 -18007-2 0  9998
2 61609  87.8845  49.8514 0002197  54.1925 305.9406 13.10372502 74338
ONEWEB-0705             
1 61610U 24188S   26099.81078947 -.00000818  00000+0 -23806-2 0  9996
2 61610  87.8835  49.8602 0001160  44.3470 315.7750 13.10372847 66505
ONEWEB-0706             
1 61611U 24188T   26099.79585995 -.00000333  00000+0 -99133-3 0  9999
2 61611  87.8822  49.8731 0001872  61.4676 298.6639 13.10369864 74423
ONEWEB-0707             
1 61612U 24188U   26099.80249602 -.00000723  00000+0 -21079-2 0  9990
2 61612  87.8831  49.8617 0001927  62.6853 297.4470 13.10371283 74369
ONEWEB-0708             
1 61613U 24188V   26099.82075978 -.00000429  00000+0 -12656-2 0  9990
2 61613  87.8831  49.8829 0001345  77.4364 282.6914 13.10375093 74340
