ONEWEB-0012             
1 44057U 19010A   26042.63019814  .00000078  00000+0  17135-3 0  9991
2 44057  87.8996 253.7753 0001350  72.3686 287.7592 13.16593926335042
ONEWEB-0010             
1 44058U 19010B   26042.65552770  .00000100  00000+0  22882-3 0  9998
2 44058  87.9002 253.7650 0001407 101.1163 259.0127 13.16594373335090
ONEWEB-0008             
1 44059U 19010C   26042.60486663  .00000031  00000+0  47300-4 0  9997
2 44059  87.9002 253.7735 0001717  88.0354 272.0973 13.16595199335208
ONEWEB-0007             
1 44060U 19010D   26042.69232166 -.00000115  00000+0 -33932-3 0  9995
2 44060  87.8974 284.2815 0001193  80.8885 279.2380 13.15549783334872
ONEWEB-0006             
1 44061U 19010E   26042.69628748 -.00000123  00000+0 -36042-3 0  9995
2 44061  87.8983 284.2328 0001412  86.4207 273.7085 13.15549138334927
ONEWEB-0011             
1 44062U 19010F   26042.74066109  .00000122  00000+0  28961-3 0  9997
2 44062  87.8984 284.2324 0001704  91.3997 268.7329 13.15548155334923
ONEWEB-0013             
1 45131U 20008A   26042.55010968  .00000708  00000+0  20189-2 0  9998
2 45131  87.8444  78.2013 0001682  62.8187 297.3111 13.09444897289621
ONEWEB-0017             
1 45132U 20008B   26042.54433620 -.00000577  00000+0 -16884-2 0  9995
2 45132  87.8755  61.3046 0001827  97.7131 262.4204 13.10374244291497
ONEWEB-0020             
1 45133U 20008C   26042.59083534  .00000118  00000+0  30208-3 0  9992
2 45133  87.8753  61.2846 0001982  94.3902 265.7452 13.10369086291897
ONEWEB-0021             
1 45134U 20008D   26042.60574820 -.00000509  00000+0 -14951-2 0  9990
2 45134  87.8752  61.3072 0001789  88.4782 271.6550 13.10369968292204
ONEWEB-0023             
1 45136U 20008F   26042.54018525 -.00000661  00000+0 -19296-2 0  9996
2 45136  87.8744  61.3017 0001791  87.1731 272.9601 13.10373164291628
ONEWEB-0024             
1 45137U 20008G   26042.58917726  .00000166  00000+0  43992-3 0  9991
2 45137  87.8763  61.2724 0001801  92.4680 267.6654 13.10370408291793
ONEWEB-0025             
1 45138U 20008H   26042.60656983 -.00016797  00000+0 -48182-1 0  9993
2 45138  87.8814  61.2685 0002079  67.5794 292.5553 13.10458704292123
ONEWEB-0026             
1 45139U 20008J   26042.95555315 -.00000452  00000+0 -13124-2 0  9999
2 45139  87.8827  45.9775 0001883  93.1976 266.9368 13.11417322294691
ONEWEB-0028             
1 45140U 20008K   26042.91234129  .00000495  00000+0  13598-2 0  9994
2 45140  87.8818  45.9980 0001856  64.9936 295.1385 13.11418088292201
ONEWEB-0032             
1 45141U 20008L   26042.54599838 -.00000459  00000+0 -13515-2 0  9996
2 45141  87.8754  61.3050 0001812  85.4836 274.6499 13.10375079291848
ONEWEB-0033             
1 45142U 20008M   26042.59746882 -.00000113  00000+0 -36140-3 0  9992
2 45142  87.8743  61.3052 0002012 108.3179 251.8168 13.10370478291766
ONEWEB-0035             
1 45143U 20008N   26042.55181924 -.00000181  00000+0 -55483-3 0  9995
2 45143  87.8753  61.3133 0001858  96.6364 263.4975 13.10375783291488
ONEWEB-0036             
1 45144U 20008P   26042.54184774 -.00000604  00000+0 -17681-2 0  9998
2 45144  87.8758  61.2798 0001890  82.3921 277.7421 13.10373893291919
ONEWEB-0038             
1 45145U 20008Q   26042.96587538 -.00000315  00000+0 -92569-3 0  9998
2 45145  87.8831  45.9755 0000452 152.7325 207.3826 13.11418184293911
ONEWEB-0039             
1 45146U 20008R   26042.60078364 -.00000249  00000+0 -74996-3 0  9992
2 45146  87.8759  61.2849 0001627  76.6704 283.4605 13.10371201291719
ONEWEB-0040             
1 45147U 20008S   26042.59414884  .00000023  00000+0  28333-4 0  9995
2 45147  87.8744  61.3053 0001732  92.7399 267.3927 13.10370038291410
ONEWEB-0043             
1 45149U 20008U   26042.51944843 -.00000069  00000+0 -23531-3 0  9998
2 45149  87.8747  61.3020 0001742  72.1244 288.0073 13.10370281291727
ONEWEB-0044             
1 45150U 20008V   26042.54765348 -.00000684  00000+0 -19955-2 0  9991
2 45150  87.8764  61.2908 0001690  87.7536 272.3785 13.10376255292027
ONEWEB-0045             
1 45151U 20008W   26042.50286754 -.00000285  00000+0 -84096-3 0  9993
2 45151  87.8828  46.0551 0001741  85.1800 274.9527 13.11419697293939
ONEWEB-0047             
1 45152U 20008X   26042.61738063 -.00000586  00000+0 -17138-2 0  9997
2 45152  87.8753  61.2816 0001809  92.3757 267.7577 13.10374824291750
ONEWEB-0048             
1 45153U 20008Y   26042.53603510 -.00000622  00000+0 -18193-2 0  9990
2 45153  87.8748  61.3259 0001801  94.2314 265.9019 13.10372199291359
ONEWEB-0049             
1 45154U 20008Z   26042.61558303 -.00000623  00000+0 -18224-2 0  9995
2 45154  87.8745  61.2987 0002168  84.6409 275.4966 13.10374276291589
ONEWEB-0051             
1 45155U 20008AA  26042.95895137 -.00000493  00000+0 -14257-2 0  9999
2 45155  87.8829  45.9769 0001829  87.2843 272.8494 13.11418076294672
ONEWEB-0052             
1 45156U 20008AB  26042.60991242 -.00000609  00000+0 -17820-2 0  9994
2 45156  87.8757  61.2664 0002180  83.5954 276.5421 13.10371906291498
ONEWEB-0053             
1 45157U 20008AC  26042.59248703  .00000037  00000+0  69750-4 0  9994
2 45157  87.8746  61.3111 0001885  78.0170 282.1169 13.10369696291467
ONEWEB-0054             
1 45158U 20008AD  26042.55098027 -.00000158  00000+0 -48897-3 0  9997
2 45158  87.8761  61.2924 0001964  89.6677 270.4675 13.10375976291576
ONEWEB-0056             
1 45159U 20008AE  26042.60825086 -.00000594  00000+0 -17382-2 0  9995
2 45159  87.8759  61.2808 0002036  92.5860 267.5500 13.10371518291733
ONEWEB-0057             
1 45160U 20008AF  26042.53949386 -.00000734  00000+0 -21403-2 0  9994
2 45160  87.8752  61.3064 0001848  85.0999 275.0339 13.10373602291890
ONEWEB-0058             
1 45161U 20008AG  26042.60257305 -.00000384  00000+0 -11371-2 0  9990
2 45161  87.8752  61.3020 0001772  98.1361 261.9967 13.10369532291974
ONEWEB-0059             
1 45162U 20008AH  26042.59911843 -.00000251  00000+0 -75673-3 0  9992
2 45162  87.8746  61.3038 0001751  94.0162 266.1166 13.10369280291875
ONEWEB-0062             
1 45163U 20008AJ  26042.54849413 -.00000334  00000+0 -99277-3 0  9999
2 45163  87.8770  61.2926 0001747 105.8003 254.3317 13.10376188291735
ONEWEB-0065             
1 45164U 20008AK  26042.57908402  .00000646  00000+0  18146-2 0  9996
2 45164  87.8752  61.2982 0002088  85.1704 274.9662 13.10372042291438
ONEWEB-0066             
1 45424U 20020A   26042.94369259 -.00000327  00000+0 -95909-3 0  9992
2 45424  87.8828  45.9809 0001672  90.5037 269.6282 13.11414771286266
ONEWEB-0067             
1 45425U 20020B   26042.90485072  .00000346  00000+0  94103-3 0  9995
2 45425  87.8840  45.8964 0001921  79.6282 280.5062 13.11418279286310
ONEWEB-0080             
1 45426U 20020C   26042.91405315  .00000476  00000+0  13069-2 0  9994
2 45426  87.8830  45.9859 0001772  98.0112 262.1217 13.11418494286288
ONEWEB-0090             
1 45427U 20020D   26042.93366216  .00000033  00000+0  57223-4 0  9994
2 45427  87.8822  45.9833 0001849  90.3460 269.7880 13.11415515286255
ONEWEB-0061             
1 45428U 20020E   26042.50782338 -.00000189  00000+0 -56823-3 0  9993
2 45428  87.8829  46.0528 0001825  87.3526 272.7811 13.11417366286152
ONEWEB-0081             
1 45429U 20020F   26042.94707464 -.00000405  00000+0 -11774-2 0  9995
2 45429  87.8828  45.9806 0001699  84.4319 275.7003 13.11416795286326
ONEWEB-0069             
1 45430U 20020G   26042.93607089 -.00000001  00000+0 -37574-4 0  9998
2 45430  87.8826  45.9783 0001827  88.4416 271.6921 13.11414164286259
ONEWEB-0031             
1 45431U 20020H   26042.90809869  .00000466  00000+0  12798-2 0  9998
2 45431  87.8826  46.0031 0001932  92.9527 267.1823 13.11417796286231
ONEWEB-0027             
1 45432U 20020J   26042.93525042  .00000059  00000+0  11778-3 0  9996
2 45432  87.9115  30.7207 0002153  94.5844 265.5533 13.17650438289865
ONEWEB-0064             
1 45433U 20020K   26042.52491874  .00000459  00000+0  12584-2 0  9996
2 45433  87.8823  46.0699 0001967  92.0172 268.1181 13.11417377286216
ONEWEB-0018             
1 45434U 20020L   26042.93860407 -.00000227  00000+0 -67599-3 0  9996
2 45434  87.8826  45.9828 0001685  88.5129 271.6192 13.11413759286212
ONEWEB-0083             
1 45435U 20020M   26042.92929272  .00000174  00000+0  45390-3 0  9996
2 45435  87.8826  45.9721 0001826  90.9417 269.1920 13.11415703286255
ONEWEB-0095             
1 45436U 20020N   26042.92011035  .00000526  00000+0  14488-2 0  9990
2 45436  87.8827  45.9834 0002628  83.3643 276.7784 13.11415949286254
ONEWEB-0092             
1 45437U 20020P   26042.51050714 -.00000133  00000+0 -41161-3 0  9998
2 45437  87.8830  46.0646 0002165  82.4587 277.6787 13.11417083286316
ONEWEB-0085             
1 45438U 20020Q   26042.92843977  .00000278  00000+0  74751-3 0  9994
2 45438  87.8822  45.9863 0001869  92.3866 267.7476 13.11415454286255
ONEWEB-0096             
1 45439U 20020R   26042.93013389  .00000178  00000+0  46709-3 0  9993
2 45439  87.8830  45.9727 0001818  87.0782 273.0554 13.11414655286244
ONEWEB-0037             
1 45440U 20020S   26042.91063944  .00000506  00000+0  13909-2 0  9995
2 45440  87.8848  45.9495 0001897  90.3711 269.7635 13.11418567286274
ONEWEB-0042             
1 45441U 20020T   26042.91982486  .00000448  00000+0  12278-2 0  9990
2 45441  87.8828  45.9733 0001838  80.9622 279.1714 13.11421452286246
ONEWEB-0098             
1 45442U 20020U   26042.91571747  .00000467  00000+0  12819-2 0  9997
2 45442  87.8832  45.9855 0001835  90.1054 270.0285 13.11417815286225
ONEWEB-0055             
1 45443U 20020V   26042.89877266  .00000120  00000+0  30218-3 0  9990
2 45443  87.8832  45.9879 0001845  91.9387 268.1952 13.11417437286196
ONEWEB-0093             
1 45444U 20020W   26042.95060984 -.00000511  00000+0 -14782-2 0  9992
2 45444  87.8828  45.9667 0001705  73.8275 286.3040 13.11416363286262
ONEWEB-0029             
1 45445U 20020X   26042.50879427 -.00000222  00000+0 -66353-3 0  9995
2 45445  87.8834  46.0672 0001746  84.3017 275.8310 13.11419469286188
ONEWEB-0068             
1 45446U 20020Y   26042.95033211 -.00000493  00000+0 -14255-2 0  9991
2 45446  87.8829  45.9693 0001677  84.6874 275.4445 13.11416353286185
ONEWEB-0046             
1 45447U 20020Z   26042.94199623 -.00000293  00000+0 -86383-3 0  9991
2 45447  87.8829  45.9777 0001906  86.9578 273.1768 13.11415378286190
ONEWEB-0063             
1 45448U 20020AA  26042.51304760  .00000037  00000+0  68256-4 0  9999
2 45448  87.8829  46.0618 0002059  83.1568 276.9794 13.11418772286220
ONEWEB-0019             
1 45449U 20020AB  26042.93337664  .00000044  00000+0  87892-4 0  9990
2 45449  87.8817  45.9744 0001820  91.5028 268.6308 13.11416474286120
ONEWEB-0094             
1 45450U 20020AC  26042.90827568 -.00000243  00000+0 -65821-3 0  9996
2 45450  87.9096  30.7254 0001641  92.6887 267.4432 13.17639743289812
ONEWEB-0087             
1 45451U 20020AD  26042.90456836  .00000256  00000+0  68786-3 0  9998
2 45451  87.8840  45.9478 0001612  82.1502 277.9809 13.11417941286168
ONEWEB-0082             
1 45452U 20020AE  26042.90131057  .00000273  00000+0  73383-3 0  9992
2 45452  87.8841  45.9728 0001623  86.9604 273.1710 13.11418226286251
ONEWEB-0050             
1 45453U 20020AF  26042.63223163  .00002041  00000+0  21008-3 0  9995
2 45453  88.9196 250.3239 0005730  76.2756 283.9110 14.89900927321689
ONEWEB-0034             
1 45454U 20020AG  26042.92248933  .00000503  00000+0  13836-2 0  9990
2 45454  87.8840  45.9736 0001742  94.8277 265.3050 13.11417839286177
ONEWEB-0060             
1 45455U 20020AH  26042.51218764  .00000035  00000+0  61909-4 0  9991
2 45455  87.8818  46.0704 0000914  66.8379 293.2845 13.11419801286074
ONEWEB-0086             
1 45456U 20020AJ  26042.94877208 -.00000433  00000+0 -12580-2 0  9996
2 45456  87.8826  45.9686 0001242 107.0730 253.0534 13.11416283286198
ONEWEB-0088             
1 45457U 20020AK  26042.92674512  .00000259  00000+0  69569-3 0  9992
2 45457  87.8839  45.9349 0001950  80.3103 279.8245 13.11415024286122
ONEWEB-0102             
1 47258U 20100A   26042.95253697 -.00000355  00000+0 -10234-2 0  9995
2 47258  87.8952  15.5388 0001634  86.1451 273.9864 13.12443678248301
ONEWEB-0109             
1 47259U 20100B   26042.88476801 -.00000081  00000+0 -26161-3 0  9995
2 47259  87.8965  15.5246 0001917  86.5032 273.6316 13.12444573248126
ONEWEB-0110             
1 47260U 20100C   26042.91188914  .00000455  00000+0  12288-2 0  9993
2 47260  87.8967  15.5036 0001542  82.8272 277.3032 13.12442763248299
ONEWEB-0111             
1 47261U 20100D   26042.94236222 -.00000382  00000+0 -10972-2 0  9992
2 47261  87.8963  15.5162 0001742  81.9418 278.1908 13.12442067248131
ONEWEB-0114             
1 47262U 20100E   26042.89664182  .00000305  00000+0  81286-3 0  9997
2 47262  87.8963  15.5202 0002146  88.0429 272.0945 13.12445207248083
ONEWEB-0117             
1 47263U 20100F   26042.88815926  .00000009  00000+0 -11397-4 0  9990
2 47263  87.8964  15.5173 0001826  83.4136 276.7200 13.12445009248096
ONEWEB-0118             
1 47264U 20100G   26042.92203265  .00000265  00000+0  70075-3 0  9993
2 47264  87.8966  15.5120 0002190  81.8682 278.2695 13.12444173248292
ONEWEB-0119             
1 47265U 20100H   26042.94745260 -.00000384  00000+0 -11015-2 0  9994
2 47265  87.8949  15.5353 0001860  82.6022 277.5317 13.12442860248274
ONEWEB-0120             
1 47266U 20100J   26042.89507563  .00000264  00000+0  69886-3 0  9996
2 47266  87.8954  15.5466 0001926  85.9737 274.1612 13.12444481248292
ONEWEB-0121             
1 47267U 20100K   26042.95931105 -.00000165  00000+0 -49479-3 0  9995
2 47267  87.8963  15.5082 0001629  81.0813 279.0499 13.12444582248210
ONEWEB-0122             
1 47268U 20100L   26042.95338030 -.00000347  00000+0 -10012-2 0  9996
2 47268  87.8962  15.5112 0001779  86.4065 273.7267 13.12443668248126
ONEWEB-0123             
1 47269U 20100M   26042.94914531 -.00000411  00000+0 -11772-2 0  9998
2 47269  87.8951  15.5339 0001920  81.5874 278.5472 13.12443366248269
ONEWEB-0124             
1 47270U 20100N   26042.93897162 -.00000350  00000+0 -10082-2 0  9994
2 47270  87.8956  15.5405 0001750  80.6880 279.4446 13.12442227248141
ONEWEB-0125             
1 47271U 20100P   26042.91696521  .00000334  00000+0  89333-3 0  9995
2 47271  87.8966  15.5130 0001919  70.8885 289.2451 13.12442055248202
ONEWEB-0126             
1 47272U 20100Q   26042.93742364 -.00000291  00000+0 -84478-3 0  9994
2 47272  87.8964  15.5321 0001943  88.8007 271.3344 13.12443606248278
ONEWEB-0127             
1 47273U 20100R   26042.90341380  .00000425  00000+0  11450-2 0  9991
2 47273  87.8958  15.5450 0001876  87.3991 272.7353 13.12444935248299
ONEWEB-0128             
1 47274U 20100S   26042.92542457  .00000069  00000+0  15764-3 0  9999
2 47274  87.8956  15.5557 0001529  86.6872 273.4431 13.12443122248316
ONEWEB-0129             
1 47275U 20100T   26042.90509647  .00000423  00000+0  11398-2 0  9994
2 47275  87.8965  15.5203 0002677 104.7402 255.4023 13.12445142248244
ONEWEB-0130             
1 47276U 20100U   26042.93220030  .00000013  00000+0 -23309-6 0  9999
2 47276  87.8963  15.5088 0001833  86.0226 274.1112 13.12441502248213
ONEWEB-0131             
1 47277U 20100V   26042.92881054  .00000050  00000+0  10494-3 0  9996
2 47277  87.8960  15.5400 0001787  81.4489 278.6842 13.12443669248256
ONEWEB-0132             
1 47278U 20100W   26042.95762919 -.00000248  00000+0 -72365-3 0  9994
2 47278  87.8949  15.5331 0001754  83.9125 276.2203 13.12442048248159
ONEWEB-0133             
1 47279U 20100X   26042.89818575  .00000282  00000+0  74899-3 0  9998
2 47279  87.8964  15.5080 0001668  83.9288 276.2030 13.12443972248304
ONEWEB-0134             
1 47280U 20100Y   26042.94406356 -.00000404  00000+0 -11578-2 0  9998
2 47280  87.8961  15.4959 0001723  90.8965 269.2361 13.12442624248287
ONEWEB-0135             
1 47281U 20100Z   26042.91526804  .00000396  00000+0  10656-2 0  9991
2 47281  87.8964  15.5397 0001570  88.7115 271.4194 13.12443726248307
ONEWEB-0136             
1 47282U 20100AA  26042.93388888 -.00000173  00000+0 -51521-3 0  9994
2 47282  87.8964  15.5068 0001768  96.6552 263.4778 13.12443703248231
ONEWEB-0137             
1 47283U 20100AB  26042.89154994  .00000177  00000+0  45532-3 0  9996
2 47283  87.8965  15.5204 0001951  81.4341 278.7009 13.12443973248131
ONEWEB-0138             
1 47284U 20100AC  26042.94575396 -.00000390  00000+0 -11200-2 0  9999
2 47284  87.8961  15.5193 0001824  88.1508 271.9829 13.12442575248225
ONEWEB-0139             
1 47285U 20100AD  26042.91032330  .00000490  00000+0  13269-2 0  9999
2 47285  87.8964  15.5142 0001840  85.0858 275.0481 13.12443352248295
ONEWEB-0140             
1 47286U 20100AE  26042.94067288 -.00000358  00000+0 -10306-2 0  9997
2 47286  87.8963  15.4961 0001655  81.2291 278.9025 13.12443013248263
ONEWEB-0141             
1 47287U 20100AF  26042.91004143  .00000423  00000+0  11409-2 0  9992
2 47287  87.8966  15.5090 0002101  78.8992 281.2373 13.12444069248241
ONEWEB-0142             
1 47288U 20100AG  26042.89847827  .00000355  00000+0  95063-3 0  9997
2 47288  87.8963  15.5358 0002255  88.4418 271.6969 13.12442925248238
ONEWEB-0143             
1 47289U 20100AH  26042.90848065  .00000522  00000+0  14163-2 0  9992
2 47289  87.8964  15.5302 0001865  84.2260 275.9082 13.12445347248216
ONEWEB-0144             
1 47290U 20100AJ  26042.95592410 -.00000272  00000+0 -79237-3 0  9997
2 47290  87.8965  15.4901 0002023  92.7627 267.3733 13.12443607248148
ONEWEB-0145             
1 47291U 20100AK  26042.92712647  .00000043  00000+0  84123-4 0  9996
2 47291  87.8963  15.5345 0001868  82.4089 277.7252 13.12442322248339
ONEWEB-0146             
1 47292U 20100AL  26042.92373281  .00000224  00000+0  58692-3 0  9996
2 47292  87.8963  15.5200 0001601  76.2483 283.8823 13.12443630248249
ONEWEB-0147             
1 47293U 20100AM  26042.88985704  .00000077  00000+0  17903-3 0  9997
2 47293  87.8966  15.5067 0001653  88.9663 271.1655 13.12443959248136
ONEWEB-0115             
1 48042U 21025A   26042.86356425 -.00000191  00000+0 -55889-3 0  9991
2 48042  87.9044 345.1296 0001823  76.9867 283.1466 13.13470282237147
ONEWEB-0152             
1 48043U 21025B   26042.87711545 -.00000082  00000+0 -25928-3 0  9991
2 48043  87.9032 345.1287 0001755  78.9578 281.1749 13.13471646237103
ONEWEB-0153             
1 48044U 21025C   26042.85510713 -.00000251  00000+0 -72095-3 0  9999
2 48044  87.9032 345.1400 0001849  81.4797 278.6542 13.13470094237093
ONEWEB-0154             
1 48045U 21025D   26042.85171033 -.00000127  00000+0 -38265-3 0  9991
2 48045  87.9040 345.1383 0001720  82.9773 277.1551 13.13468721237055
ONEWEB-0116             
1 48046U 21025E   26042.73830436  .00000206  00000+0  52791-3 0  9994
2 48046  87.9044 345.1468 0001698  76.7767 283.3551 13.13470915237183
ONEWEB-0150             
1 48047U 21025F   26042.86695447 -.00000281  00000+0 -80415-3 0  9999
2 48047  87.9047 345.1198 0001968  76.5234 283.6115 13.13470718237094
ONEWEB-0107             
1 48048U 21025G   26042.86864373 -.00000239  00000+0 -68937-3 0  9994
2 48048  87.9036 345.1127 0002044  84.7024 275.4338 13.13472250237076
ONEWEB-0101             
1 48049U 21025H   26042.75523608  .00000249  00000+0  64690-3 0  9997
2 48049  87.9034 345.1649 0001770  82.3814 277.7516 13.13470053237038
ONEWEB-0113             
1 48050U 21025J   26042.90003302  .00000248  00000+0  63920-3 0  9994
2 48050  87.9043 345.0574 0001600  73.5211 286.6094 13.13973072237153
ONEWEB-0112             
1 48051U 21025K   26042.87371668 -.00000209  00000+0 -60643-3 0  9992
2 48051  87.9038 345.1108 0001838  87.1213 273.0126 13.13472666237146
ONEWEB-0156             
1 48052U 21025L   26042.88218910  .00000092  00000+0  21691-3 0  9992
2 48052  87.9046 345.1195 0001974  80.9155 279.2198 13.13470325237124
ONEWEB-0161             
1 48053U 21025M   26042.85680146 -.00000248  00000+0 -71408-3 0  9990
2 48053  87.9032 345.1359 0001971  81.5534 278.5819 13.13470400237055
ONEWEB-0158             
1 48054U 21025N   26042.73999171  .00000269  00000+0  70190-3 0  9997
2 48054  87.9042 345.1475 0001472  77.4888 282.6406 13.13472019237166
ONEWEB-0157             
1 48055U 21025P   26042.76537496  .00000088  00000+0  20507-3 0  9995
2 48055  87.9043 345.1478 0002085  87.7333 272.4035 13.13471961237105
ONEWEB-0162             
1 48056U 21025Q   26042.89391418  .00000293  00000+0  76778-3 0  9991
2 48056  87.9045 345.1264 0001930  83.2238 276.9110 13.13470212237093
ONEWEB-0155             
1 48057U 21025R   26042.74845819  .00000327  00000+0  85991-3 0  9990
2 48057  87.9037 345.1561 0001782  86.6412 273.4921 13.13470175237215
ONEWEB-0149             
1 48058U 21025S   26042.77046010 -.00000027  00000+0 -10759-3 0  9999
2 48058  87.9042 345.1472 0001988  80.0654 280.0699 13.13471722237021
ONEWEB-0148             
1 48059U 21025T   26042.88557837  .00000162  00000+0  40747-3 0  9994
2 48059  87.9031 345.1387 0002434  78.3125 281.8278 13.13469272237169
ONEWEB-0160             
1 48060U 21025U   26042.75014046  .00000319  00000+0  83840-3 0  9997
2 48060  87.9032 345.1646 0001268  59.7191 300.4064 13.13471646237091
ONEWEB-0163             
1 48061U 21025V   26042.88727367  .00000140  00000+0  34960-3 0  9990
2 48061  87.9034 345.1255 0001861  86.0359 274.0983 13.13470254237234
ONEWEB-0159             
1 48062U 21025W   26042.26938414  .00000118  00000+0  28711-3 0  9992
2 48062  87.9042 345.2352 0002045  81.6812 278.4549 13.13471796237073
ONEWEB-0164             
1 48063U 21025X   26042.86017668 -.00000252  00000+0 -72435-3 0  9991
2 48063  87.9043 345.1246 0001771  77.6010 282.5318 13.13469892237137
ONEWEB-0167             
1 48064U 21025Y   26042.88811615  .00000152  00000+0  38023-3 0  9990
2 48064  87.9033 345.1408 0001811 102.7080 257.4252 13.13469573237122
ONEWEB-0166             
1 48065U 21025Z   26042.75860577  .00000194  00000+0  49594-3 0  9999
2 48065  87.9043 345.1274 0001983  76.3710 283.7639 13.13471901237186
ONEWEB-0151             
1 48066U 21025AA  26042.22706894  .00000114  00000+0  27605-3 0  9994
2 48066  87.9039 345.2599 0001721  78.7224 281.4099 13.13470044237057
ONEWEB-0170             
1 48067U 21025AB  26042.76876301 -.00000035  00000+0 -12954-3 0  9990
2 48067  87.9035 345.1544 0001323  82.2491 277.8789 13.13471252237087
ONEWEB-0168             
1 48068U 21025AC  26042.75353022  .00000287  00000+0  74983-3 0  9997
2 48068  87.9047 345.1470 0001926  80.2436 279.8910 13.13471739237094
ONEWEB-0173             
1 48069U 21025AD  26042.74508013  .00000337  00000+0  88765-3 0  9998
2 48069  87.9047 345.1556 0001965  90.6361 269.4993 13.13471039237331
ONEWEB-0171             
1 48070U 21025AE  26042.85849125 -.00000251  00000+0 -72323-3 0  9994
2 48070  87.9030 345.1475 0001764  81.8537 278.2792 13.13470330237168
ONEWEB-0172             
1 48071U 21025AF  26041.84786905  .00000056  00000+0  11953-3 0  9992
2 48071  87.9032 345.3358 0001779  83.7208 276.4124 13.13471086237927
ONEWEB-0174             
1 48072U 21025AG  26042.89573948  .00000325  00000+0  85535-3 0  9996
2 48072  87.9032 345.1290 0001964  79.5241 280.6109 13.13470703237382
ONEWEB-0175             
1 48073U 21025AH  26042.85002437 -.00000065  00000+0 -21300-3 0  9996
2 48073  87.9041 345.1112 0001572  91.5100 268.6209 13.13471242237037
ONEWEB-0177             
1 48074U 21025AJ  26042.86187633 -.00000340  00000+0 -96644-3 0  9999
2 48074  87.9040 345.1296 0001970  82.7410 277.3943 13.13471016237220
ONEWEB-0178             
1 48075U 21025AK  26042.88064347  .00000025  00000+0  33772-4 0  9990
2 48075  87.9023 345.1583 0001766  87.5701 272.5630 13.13470809237274
ONEWEB-0108             
1 48076U 21025AL  26042.76369288  .00000070  00000+0  15566-3 0  9990
2 48076  87.9043 345.1379 0001856  69.5873 290.5456 13.13470148237182
ONEWEB-0169             
1 48077U 21025AM  26042.87203051 -.00000382  00000+0 -10807-2 0  9998
2 48077  87.9033 345.1340 0001793  71.5459 288.5865 13.13471810235853
ONEWEB-0176             
1 48210U 21031A   26042.73687993  .00000249  00000+0  63627-3 0  9999
2 48210  87.9024 314.7149 0001675  82.8299 277.3021 13.14504024231836
ONEWEB-0184             
1 48211U 21031B   26042.70991694 -.00000203  00000+0 -58328-3 0  9997
2 48211  87.9035 314.7084 0001325 106.4857 253.6419 13.14504230231806
ONEWEB-0179             
1 48212U 21031C   26042.75669649  .00000123  00000+0  29840-3 0  9991
2 48212  87.9032 314.7031 0001979  80.6197 279.5157 13.14504217231857
ONEWEB-0180             
1 48213U 21031D   26042.71309157 -.00000167  00000+0 -48451-3 0  9992
2 48213  87.9027 314.7126 0001894  85.2836 274.8510 13.14504641231733
ONEWEB-0218             
1 48214U 21031E   26042.88753135  .00000235  00000+0  59991-3 0  9995
2 48214  87.9028 314.6777 0001606 109.9039 250.2264 13.14503695231918
ONEWEB-0209             
1 48215U 21031F   26042.72419154  .00000054  00000+0  11208-3 0  9997
2 48215  87.9015 314.7398 0001909  80.5717 279.5628 13.14504303231890
ONEWEB-0198             
1 48216U 21031G   26042.70846795 -.00000250  00000+0 -70926-3 0  9993
2 48216  87.9017 314.7413 0001870  90.5405 269.5940 13.14504536232001
ONEWEB-0189             
1 48217U 21031H   26042.72102119 -.00000033  00000+0 -12305-3 0  9997
2 48217  87.9023 314.7144 0001790  87.8845 272.2490 13.14504553231748
ONEWEB-0196             
1 48218U 21031J   26042.77492521 -.00000140  00000+0 -41246-3 0  9997
2 48218  87.9020 314.7147 0001806  77.8584 282.2748 13.14504515231752
ONEWEB-0183             
1 48219U 21031K   26042.74956320  .00000199  00000+0  50306-3 0  9996
2 48219  87.9020 314.7201 0001851  72.7219 287.4113 13.14503771231849
ONEWEB-0185             
1 48220U 21031L   26042.77572971 -.00000249  00000+0 -70695-3 0  9998
2 48220  87.9026 314.6993 0002075  76.8126 283.3235 13.14503807231777
ONEWEB-0187             
1 48221U 21031M   26042.75577079  .00000125  00000+0  30383-3 0  9992
2 48221  87.9020 314.7380 0001934  80.9772 279.1577 13.14504596231788
ONEWEB-0192             
1 48222U 21031N   26042.72577657  .00000089  00000+0  20463-3 0  9999
2 48222  87.9013 314.7335 0001708  80.7793 279.3529 13.14504186231695
ONEWEB-0219             
1 48223U 21031P   26042.78127797 -.00000137  00000+0 -40363-3 0  9999
2 48223  87.9024 314.7056 0002006  79.3288 280.8068 13.14504089231904
ONEWEB-0202             
1 48224U 21031Q   26042.76225054  .00000014  00000+0  36991-5 0  9999
2 48224  87.9022 314.7180 0001818 104.1654 255.9678 13.14503600231880
ONEWEB-0204             
1 48225U 21031R   26042.72021285 -.00000120  00000+0 -35721-3 0  9994
2 48225  87.9022 314.7199 0001976  70.6021 289.5323 13.14504331231771
ONEWEB-0205             
1 48226U 21031S   26042.77176458 -.00000184  00000+0 -53192-3 0  9995
2 48226  87.9025 314.7019 0001872  80.1054 280.0287 13.14504278231790
ONEWEB-0206             
1 48227U 21031T   26042.74479995  .00000306  00000+0  79102-3 0  9998
2 48227  87.9035 314.7051 0001422  78.9637 281.1652 13.14505178231744
ONEWEB-0182             
1 48228U 21031U   26042.74005012  .00000249  00000+0  63770-3 0  9994
2 48228  87.9020 314.7218 0001841  73.9648 286.1685 13.14504008231951
ONEWEB-0186             
1 48229U 21031V   26042.75113867  .00000172  00000+0  42878-3 0  9995
2 48229  87.9032 314.7052 0001772  78.5839 281.5490 13.14505736231904
ONEWEB-0181             
1 48230U 21031W   26042.72895000  .00000176  00000+0  44092-3 0  9994
2 48230  87.9015 314.7545 0001783  84.4134 275.7199 13.14505018231757
ONEWEB-0188             
1 48231U 21031X   26042.76700373 -.00000119  00000+0 -35611-3 0  9993
2 48231  87.9014 314.7444 0001768  74.3886 285.7439 13.14503039231669
ONEWEB-0220             
1 48232U 21031Y   26042.73053054  .00000171  00000+0  42773-3 0  9991
2 48232  87.9028 314.7086 0001955  80.0192 280.1158 13.14503893231923
ONEWEB-0165             
1 48233U 21031Z   26042.75907863  .00000068  00000+0  14778-3 0  9999
2 48233  87.9018 314.7209 0001732  88.7616 271.3712 13.14504302231888
ONEWEB-0199             
1 48234U 21031AA  26042.74322007  .00000249  00000+0  63686-3 0  9993
2 48234  87.9026 314.7057 0001593  80.9848 279.1462 13.14504362231788
ONEWEB-0203             
1 48235U 21031AB  26042.73369454  .00000186  00000+0  46616-3 0  9994
2 48235  87.9019 314.7061 0001551  85.9689 274.1618 13.14504808231792
ONEWEB-0197             
1 48236U 21031AC  26042.78431000 -.00000145  00000+0 -42658-3 0  9996
2 48236  87.9026 314.6961 0001957  69.7419 290.3921 13.14504156231715
ONEWEB-0194             
1 48237U 21031AD  26042.76382330 -.00000048  00000+0 -16392-3 0  9994
2 48237  87.9027 314.7167 0001506  76.6499 283.4799 13.14505591231889
ONEWEB-0193             
1 48238U 21031AE  26042.77969116 -.00000152  00000+0 -44395-3 0  9999
2 48238  87.9022 314.7067 0001319  70.9207 289.2066 13.14504601231837
ONEWEB-0191             
1 48239U 21031AF  26042.71467374 -.00000138  00000+0 -40780-3 0  9991
2 48239  87.9027 314.7136 0001701  75.0774 285.0544 13.14503943231686
ONEWEB-0195             
1 48240U 21031AG  26042.76778967 -.00000089  00000+0 -27496-3 0  9995
2 48240  87.9029 314.7002 0001858  92.5508 267.5835 13.14504268231672
ONEWEB-0201             
1 48241U 21031AH  26042.75603696  .00000122  00000+0  29410-3 0  9995
2 48241  87.9019 314.7332 0002043  80.3382 279.7978 13.14503839231902
ONEWEB-0207             
1 48242U 21031AJ  26042.73608174  .00000257  00000+0  65925-3 0  9990
2 48242  87.9027 314.7066 0001933  74.9059 285.2284 13.14504619231812
ONEWEB-0208             
1 48243U 21031AK  26042.71784275 -.00000068  00000+0 -21721-3 0  9994
2 48243  87.9022 314.7232 0001755  87.3889 272.7442 13.14503767231825
ONEWEB-0200             
1 48244U 21031AL  26042.75748691  .00000130  00000+0  31507-3 0  9992
2 48244  87.9026 314.7047 0001808  84.1885 275.9450 13.14503664231756
ONEWEB-0217             
1 48245U 21031AM  26042.77334592 -.00000151  00000+0 -44203-3 0  9998
2 48245  87.9027 314.6998 0001791  86.9044 273.2291 13.14503362231704
ONEWEB-0211             
1 48767U 21045A   26042.75652404 -.00000054  00000+0 -17579-3 0  9993
2 48767  87.8982 284.1516 0001484 100.1047 260.0251 13.16141477227948
ONEWEB-0223             
1 48768U 21045B   26042.69867100 -.00000079  00000+0 -24425-3 0  9993
2 48768  87.8981 284.2393 0001260  94.5222 265.6052 13.15549759227905
ONEWEB-0230             
1 48769U 21045C   26042.67015112  .00000070  00000+0  15133-3 0  9995
2 48769  87.8980 284.2706 0001515  71.1798 288.9497 13.15548816228168
ONEWEB-0237             
1 48770U 21045D   26042.73511280  .00000102  00000+0  23765-3 0  9997
2 48770  87.8977 284.2582 0001231  84.6190 275.5081 13.15548516227895
ONEWEB-0235             
1 48771U 21045E   26042.70976099 -.00000042  00000+0 -14655-3 0  9991
2 48771  87.8986 284.2382 0001122  91.4378 268.6881 13.15548846227883
ONEWEB-0242             
1 48772U 21045F   26042.70342335 -.00000103  00000+0 -30699-3 0  9996
2 48772  87.8985 284.2346 0001333  79.9570 280.1711 13.15548935227927
ONEWEB-0241             
1 48773U 21045G   26042.69074383 -.00000123  00000+0 -36123-3 0  9990
2 48773  87.8973 284.2682 0001431  96.1404 263.9890 13.15549085227838
ONEWEB-0243             
1 48774U 21045H   26042.72243162  .00000103  00000+0  23896-3 0  9997
2 48774  87.8972 284.2731 0001128  85.7086 274.4173 13.15549301227861
ONEWEB-0222             
1 48775U 21045J   26042.70578859 -.00000055  00000+0 -18068-3 0  9993
2 48775  87.8986 284.2350 0001410  86.8228 273.3064 13.15549938227906
ONEWEB-0244             
1 48776U 21045K   26042.73194605  .00000102  00000+0  23775-3 0  9992
2 48776  87.8986 284.2189 0001386  89.1859 270.9430 13.15548816228472
ONEWEB-0247             
1 48777U 21045L   26042.72875912  .00000184  00000+0  45345-3 0  9996
2 48777  87.8971 284.2663 0000724 105.0790 255.0421 13.15550239227915
ONEWEB-0245             
1 48778U 21045M   26042.72402223  .00000133  00000+0  32039-3 0  9998
2 48778  87.8981 284.2367 0001564  90.9544 269.1766 13.15549729227886
ONEWEB-0229             
1 48779U 21045N   26042.71926623  .00000068  00000+0  14569-3 0  9998
2 48779  87.8984 284.2349 0001374  81.0203 279.1083 13.15549198227919
ONEWEB-0228             
1 48780U 21045P   26042.67662071  .00000037  00000+0  64710-4 0  9999
2 48780  87.8989 284.2309 0001426  85.6089 274.5205 13.15549164227820
ONEWEB-0232             
1 48781U 21045Q   26042.72718998  .00000145  00000+0  35129-3 0  9997
2 48781  87.8992 284.2181 0001494  85.3778 274.7523 13.15549434228152
ONEWEB-0231             
1 48782U 21045R   26042.70501520 -.00000128  00000+0 -37486-3 0  9998
2 48782  87.8974 284.2538 0001368  89.8130 270.3157 13.15549137227840
ONEWEB-0234             
1 48783U 21045S   26042.74290813  .00000133  00000+0  31861-3 0  9998
2 48783  87.8977 284.2231 0002338  94.3055 265.8343 13.15548086227982
ONEWEB-0238             
1 48784U 21045T   26042.66711322  .00000151  00000+0  36733-3 0  9996
2 48784  87.8984 284.2317 0001907  86.2434 273.8915 13.15549223227874
ONEWEB-0240             
1 48785U 21045U   26042.68835938 -.00000085  00000+0 -25890-3 0  9999
2 48785  87.8984 284.2268 0001480  94.4059 265.7240 13.15546878227908
ONEWEB-0246             
1 48786U 21045V   26042.68282489 -.00000034  00000+0 -12563-3 0  9994
2 48786  87.8992 284.2385 0001384  82.6549 277.4739 13.15549441227771
ONEWEB-0210             
1 48787U 21045W   26042.73351636  .00000207  00000+0  51522-3 0  9990
2 48787  87.8984 284.2246 0000613  71.4843 288.6354 13.15547904227821
ONEWEB-0214             
1 48788U 21045X   26042.66618126  .00000128  00000+0  30484-3 0  9999
2 48788  87.8992 284.2335 0001177  69.9904 290.1353 13.15549542227788
ONEWEB-0221             
1 48789U 21045Y   26042.74937495 -.00000041  00000+0 -14316-3 0  9994
2 48789  87.8983 284.2276 0001383  93.8761 266.2527 13.15548931227888
ONEWEB-0213             
1 48790U 21045Z   26042.73827355  .00000080  00000+0  17816-3 0  9997
2 48790  87.8985 284.2340 0001179  87.3814 272.7451 13.15549844227943
ONEWEB-0212             
1 48791U 21045AA  26042.71530304  .00000125  00000+0  29894-3 0  9990
2 48791  87.8978 284.2329 0001578  83.2795 276.8514 13.15548822227938
ONEWEB-0227             
1 48792U 21045AB  26042.71451737  .00000044  00000+0  84115-4 0  9991
2 48792  87.8977 284.2377 0001470  83.5563 276.5734 13.15549015227888
ONEWEB-0226             
1 48793U 21045AC  26042.70817056 -.00000041  00000+0 -14291-3 0  9997
2 48793  87.8970 284.2483 0001200  81.4121 278.7145 13.15549534227851
ONEWEB-0224             
1 48794U 21045AD  26042.74778493 -.00000017  00000+0 -79371-4 0  9997
2 48794  87.8979 284.2761 0001858 108.1945 251.9388 13.15548538227787
ONEWEB-0233             
1 48795U 21045AE  26042.67635092  .00000035  00000+0  59438-4 0  9997
2 48795  87.8978 284.3002 0001332  90.2738 269.8545 13.15549202227797
ONEWEB-0190             
1 48796U 21045AF  26042.66379925  .00000165  00000+0  40327-3 0  9997
2 48796  87.8976 284.2631 0000911 106.8568 253.2663 13.15551198227863
ONEWEB-0236             
1 48797U 21045AG  26042.68124008 -.00000009  00000+0 -57475-4 0  9992
2 48797  87.8974 284.2714 0001670  82.9290 277.2030 13.15549303227750
ONEWEB-0248             
1 48798U 21045AH  26042.69391477 -.00000098  00000+0 -29313-3 0  9997
2 48798  87.8984 284.2395 0001453 104.6114 255.5178 13.15549417227919
ONEWEB-0225             
1 48799U 21045AJ  26042.71610145 -.00000019  00000+0 -84869-4 0  9998
2 48799  87.8977 284.2538 0000954  96.5115 263.6124 13.15548981227923
ONEWEB-0215             
1 48800U 21045AK  26042.68599192 -.00000041  00000+0 -14200-3 0  9991
2 48800  87.8986 284.2285 0001127 107.4980 252.6274 13.15549933227797
ONEWEB-0216             
1 48801U 21045AL  26042.69549897 -.00000082  00000+0 -25128-3 0  9996
2 48801  87.8974 284.2496 0001421  75.6144 284.5144 13.15549203227806
ONEWEB-0239             
1 48802U 21045AM  26042.70024673 -.00000170  00000+0 -48607-3 0  9994
2 48802  87.8978 284.2636 0001269 116.6915 243.4345 13.15550029227848
ONEWEB-0249             
1 48967U 21060A   26042.65771296  .00000045  00000+0  83447-4 0  9998
2 48967  87.9004 253.7633 0001514  95.2086 264.9217 13.16435680223098
ONEWEB-0250             
1 48968U 21060B   26042.57787352  .00000051  00000+0  85784-4 0  9993
2 48968  87.9004 251.9450 0002392 107.5064 252.6334 13.25825979223575
ONEWEB-0252             
1 48970U 21060D   26042.61277081  .00000009  00000+0 -10192-4 0  9999
2 48970  87.9001 253.7654 0001348  80.8799 279.2485 13.16596259223139
ONEWEB-0253             
1 48971U 21060E   26042.60170109  .00000023  00000+0  27705-4 0  9995
2 48971  87.8998 253.7721 0001396  91.3995 268.7296 13.16594841223067
ONEWEB-0254             
1 48972U 21060F   26042.61119670  .00000002  00000+0 -29291-4 0  9993
2 48972  87.9004 253.7645 0001445 100.4945 259.6349 13.16594617223063
ONEWEB-0255             
1 48973U 21060G   26042.57321311  .00000151  00000+0  36264-3 0  9997
2 48973  87.8998 253.7828 0001419  97.5733 262.5559 13.16595216223130
ONEWEB-0256             
1 48974U 21060H   26042.59931664  .00000019  00000+0  17275-4 0  9993
2 48974  87.9001 253.7835 0001515  83.2461 276.8843 13.16595338223108
ONEWEB-0257             
1 48975U 21060J   26042.63177974  .00000147  00000+0  35041-3 0  9997
2 48975  87.9000 253.7608 0001356  91.7978 268.3308 13.16594555223063
ONEWEB-0258             
1 48976U 21060K   26042.93735670 -.00000033  00000+0 -11944-3 0  9996
2 48976  87.8996 253.7116 0001550  90.8208 269.3100 13.16593673223110
ONEWEB-0259             
1 48977U 21060L   26042.62703062  .00000060  00000+0  12243-3 0  9994
2 48977  87.8999 253.7722 0001471  95.6806 264.4492 13.16594424223100
ONEWEB-0260             
1 48978U 21060M   26042.61831256  .00000003  00000+0 -26069-4 0  9991
2 48978  87.8991 253.7812 0001368  73.8742 286.2540 13.16595941223083
ONEWEB-0261             
1 48979U 21060N   26042.66423581  .00000101  00000+0  23132-3 0  9990
2 48979  87.8991 253.7737 0001163  95.0373 265.0891 13.16595648223144
ONEWEB-0262             
1 48980U 21060P   26042.56845343  .00000108  00000+0  24871-3 0  9993
2 48980  87.9001 253.7719 0001632 100.6372 259.4943 13.16594747223090
ONEWEB-0263             
1 48981U 21060Q   26042.60010924 -.00000015  00000+0 -72057-4 0  9997
2 48981  87.9007 253.7778 0001337 104.6021 255.5258 13.16594971223061
ONEWEB-0264             
1 48982U 21060R   26042.94131197  .00000085  00000+0  18794-3 0  9993
2 48982  87.8997 253.7133 0001282  86.3502 273.7776 13.16594552223111
ONEWEB-0266             
1 48984U 21060T   26042.65869964  .00000065  00000+0  13735-3 0  9991
2 48984  87.9006 253.7591 0001652  91.8933 268.2387 13.16594618223067
ONEWEB-0267             
1 48985U 21060U   26042.59377585  .00000077  00000+0  16734-3 0  9993
2 48985  87.9005 253.7689 0001344  96.1274 264.0010 13.16595345223064
ONEWEB-0268             
1 48986U 21060V   26042.94210332 -.00000051  00000+0 -16614-3 0  9990
2 48986  87.8999 253.7091 0001454  87.1114 273.0183 13.16593412223376
ONEWEB-0269             
1 48987U 21060W   26042.61910778 -.00000062  00000+0 -19534-3 0  9992
2 48987  87.8990 253.7896 0001606  83.0644 277.0670 13.16594513223102
ONEWEB-0270             
1 48988U 21060X   26042.94052194  .00000098  00000+0  22161-3 0  9995
2 48988  87.8996 253.7103 0001327 103.5849 256.5429 13.16594714223180
ONEWEB-0271             
1 48989U 21060Y   26042.62387586  .00000046  00000+0  87110-4 0  9996
2 48989  87.9000 253.7640 0001309  96.6256 263.5024 13.16591372223140
ONEWEB-0272             
1 48990U 21060Z   26042.57003712  .00000063  00000+0  13099-3 0  9991
2 48990  87.9000 253.7879 0001315  86.7006 273.4276 13.16594132223085
ONEWEB-0273             
1 48991U 21060AA  26042.59220067  .00000040  00000+0  71459-4 0  9998
2 48991  87.9005 253.7810 0001430  94.6740 265.4554 13.16594906223064
ONEWEB-0274             
1 48992U 21060AB  26042.61753178  .00000034  00000+0  54676-4 0  9991
2 48992  87.8988 253.7915 0001308  78.0707 282.0570 13.16594307223106
ONEWEB-0275             
1 48993U 21060AC  26042.60644613  .00000014  00000+0  21378-5 0  9996
2 48993  87.9000 253.7706 0001415  89.9726 270.1567 13.16594502223035
ONEWEB-0276             
1 48994U 21060AD  26042.94368995  .00000187  00000+0  45652-3 0  9990
2 48994  87.8999 253.7026 0001596  96.5033 263.6280 13.16594716223094
ONEWEB-0277             
1 48995U 21060AE  26042.57635708  .00000147  00000+0  35048-3 0  9993
2 48995  87.8992 253.7950 0001432  93.5522 266.5773 13.16596376223030
ONEWEB-0278             
1 48996U 21060AF  26042.94685353 -.00000040  00000+0 -13774-3 0  9992
2 48996  87.9000 253.6992 0001765  90.3925 269.7408 13.16593579223210
ONEWEB-0279             
1 48997U 21060AG  26042.57477820  .00000147  00000+0  35218-3 0  9993
2 48997  87.9004 253.7725 0001222  89.9772 270.1499 13.16595007223092
ONEWEB-0280             
1 48998U 21060AH  26042.58981737  .00000081  00000+0  17791-3 0  9995
2 48998  87.9009 253.7755 0001652 100.3353 259.7964 13.16592928223034
ONEWEB-0281             
1 48999U 21060AJ  26042.67136315 -.00000006  00000+0 -48433-4 0  9997
2 48999  87.9000 253.7527 0001921  99.7532 260.3816 13.16594975223119
ONEWEB-0282             
1 49000U 21060AK  26042.62544862  .00000024  00000+0  29780-4 0  9998
2 49000  87.8997 253.7724 0001403  94.1434 265.9857 13.16594736223088
ONEWEB-0283             
1 49001U 21060AL  26042.61436123 -.00000025  00000+0 -98320-4 0  9997
2 49001  87.9001 253.7754 0001347  91.8114 268.3171 13.16594575223093
ONEWEB-0284             
1 49002U 21060AM  26042.60803634 -.00000047  00000+0 -15690-3 0  9994
2 49002  87.9001 253.7665 0001918 103.4965 256.6380 13.16594913223079
ONEWEB-0285             
1 49075U 21075A   26042.95507232 -.00000286  00000+0 -82917-3 0  9994
2 49075  87.8964  15.5156 0001815  85.2838 274.8498 13.12444630218787
ONEWEB-0286             
1 49076U 21075B   26042.93716236 -.00001203  00000+0 -33809-2 0  9994
2 49076  87.8957  15.5477 0002073  85.6348 274.5018 13.12431463218137
ONEWEB-0287             
1 49077U 21075C   26042.94792526  .00000075  00000+0  15940-3 0  9993
2 49077  87.9107  30.7449 0002241  77.7006 282.4377 13.17649926217139
ONEWEB-0288             
1 49078U 21075D   26042.91357895  .00000488  00000+0  13209-2 0  9990
2 49078  87.8966  15.5178 0001929  83.2239 276.9109 13.12442596218753
ONEWEB-0289             
1 49079U 21075E   26042.91065388  .00000045  00000+0  81701-4 0  9997
2 49079  87.9106  30.7633 0002042  97.1206 263.0158 13.17649649217709
ONEWEB-0290             
1 49080U 21075F   26042.95971629  .00000131  00000+0  30550-3 0  9998
2 49080  87.9118  30.7208 0001932 105.5542 254.5803 13.17647881217120
ONEWEB-0291             
1 49081U 21075G   26042.94453694  .00000034  00000+0  53284-4 0  9997
2 49081  87.9117  30.7314 0002250  87.6294 272.5096 13.17648231217119
ONEWEB-0293             
1 49082U 21075H   26042.89391314 -.00000003  00000+0 -41481-4 0  9996
2 49082  87.9105  30.7561 0001953  89.6827 270.4528 13.17647777217137
ONEWEB-0294             
1 49083U 21075J   26042.92034563  .00000284  00000+0  75348-3 0  9998
2 49083  87.8963  15.5189 0001954  92.7470 267.3882 13.12442473218147
ONEWEB-0295             
1 49084U 21075K   26042.89308239 -.00000020  00000+0 -85416-4 0  9997
2 49084  87.9107  30.7606 0002227  84.7717 275.3668 13.17648294217099
ONEWEB-0296             
1 49085U 21075L   26042.90002332  .00000368  00000+0  98807-3 0  9995
2 49085  87.8967  15.5257 0002194  83.5859 276.5519 13.12443921218143
ONEWEB-0297             
1 49086U 21075M   26042.93051217 -.00000057  00000+0 -19253-3 0  9990
2 49086  87.8954  15.5474 0001954  82.9280 277.2071 13.12441801218758
ONEWEB-0298             
1 49087U 21075N   26042.89744065  .00000058  00000+0  11525-3 0  9999
2 49087  87.9102  30.7562 0001840  82.6921 277.4420 13.17648248217124
ONEWEB-0299             
1 49088U 21075P   26042.97490898  .00000030  00000+0  43780-4 0  9990
2 49088  87.9122  30.7081 0001959  84.2876 275.8479 13.17648926217119
ONEWEB-0300             
1 49089U 21075Q   26042.92288973  .00000231  00000+0  60749-3 0  9991
2 49089  87.8964  15.5143 0001716  70.5047 289.6267 13.12440518218775
ONEWEB-0301             
1 49090U 21075R   26042.90679909  .00000507  00000+0  13752-2 0  9991
2 49090  87.8966  15.5182 0001587  74.4605 285.6699 13.12443238218138
ONEWEB-0302             
1 49091U 21075S   26042.89323835  .00000220  00000+0  57643-3 0  9994
2 49091  87.8966  15.5299 0002081  89.3415 270.7952 13.12445052218113
ONEWEB-0304             
1 49092U 21075T   26042.94959535 -.00000061  00000+0 -19101-3 0  9995
2 49092  87.9115  30.7445 0002002  83.9773 276.1587 13.17649592217082
ONEWEB-0305             
1 49093U 21075U   26042.94284396  .00000042  00000+0  76242-4 0  9999
2 49093  87.9119  30.7236 0002220  80.7326 279.4057 13.17647514217110
ONEWEB-0308             
1 49094U 21075V   26042.88646207 -.00000019  00000+0 -88305-4 0  9995
2 49094  87.8963  15.5244 0001855  83.1378 276.9962 13.12444422218121
ONEWEB-0309             
1 49095U 21075W   26042.94622758  .00000092  00000+0  20356-3 0  9998
2 49095  87.9113  30.7382 0002110  95.4590 264.6782 13.17647874217088
ONEWEB-0310             
1 49096U 21075X   26042.90171993  .00000432  00000+0  11659-2 0  9998
2 49096  87.8958  15.5533 0001822  83.7076 276.4260 13.12443667218758
ONEWEB-0311             
1 49097U 21075Y   26042.95297670  .00000009  00000+0 -11025-4 0  9995
2 49097  87.9114  30.7315 0002125  78.7778 281.3593 13.17650179217139
ONEWEB-0312             
1 49098U 21075Z   26042.89222637 -.00000022  00000+0 -90249-4 0  9991
2 49098  87.9104  30.7638 0002245  86.2665 273.8724 13.17647756217105
ONEWEB-0313             
1 49099U 21075AA  26042.97308802  .00000068  00000+0  14118-3 0  9998
2 49099  87.9101  30.7542 0001968  84.2476 275.8880 13.17648077217108
ONEWEB-0314             
1 49100U 21075AB  26042.93947647  .00000057  00000+0  11244-3 0  9998
2 49100  87.9114  30.7214 0002284  86.8888 273.2505 13.17648215217074
ONEWEB-0315             
1 49101U 21075AC  26042.95084020 -.00000380  00000+0 -10913-2 0  9990
2 49101  87.8964  15.4982 0002017  72.1521 287.9827 13.12443786218740
ONEWEB-0316             
1 49102U 21075AD  26042.88678089  .00000099  00000+0  21898-3 0  9997
2 49102  87.9220   0.3404 0001895  79.9984 280.1362 13.18687692220698
ONEWEB-0317             
1 49103U 21075AE  26042.95422700 -.00000319  00000+0 -92236-3 0  9994
2 49103  87.8964  15.5193 0001768 107.2402 252.8920 13.12443311218768
ONEWEB-0318             
1 49104U 21075AF  26042.88347646  .00000036  00000+0  59475-4 0  9995
2 49104  87.9226   0.3302 0002037  75.0013 285.1344 13.18687777220657
ONEWEB-0319             
1 49105U 21075AG  26042.95466277 -.00000092  00000+0 -27117-3 0  9997
2 49105  87.9103  30.7456 0002100  72.5067 287.6294 13.17650323217115
ONEWEB-0323             
1 49106U 21075AH  26042.93559036 -.00000190  00000+0 -56278-3 0  9991
2 49106  87.8963  15.5049 0002372  74.2029 285.9361 13.12442664218126
ONEWEB-0329             
1 49107U 21075AJ  26042.88715536 -.00000026  00000+0 -99426-4 0  9996
2 49107  87.9104  30.7599 0002038  84.6313 275.5051 13.17647205217082
ONEWEB-0330             
1 49108U 21075AK  26042.88799968  .00000035  00000+0  57882-4 0  9996
2 49108  87.9106  30.7670 0002062  87.9947 272.1420 13.17647119217123
ONEWEB-0292             
1 49186U 21083A   26042.85340133 -.00000177  00000+0 -52075-3 0  9991
2 49186  87.9023 345.1665 0001922  72.1143 288.0196 13.13471537214478
ONEWEB-0303             
1 49187U 21083B   26042.88017022  .00000041  00000+0  72311-4 0  9997
2 49187  87.9232   0.3339 0001960  76.6270 283.5081 13.18688186213467
ONEWEB-0306             
1 49188U 21083C   26042.94614831 -.00000068  00000+0 -20592-3 0  9990
2 49188  87.9232   0.3047 0001740  91.6037 268.5295 13.18683287213511
ONEWEB-0307             
1 49189U 21083D   26042.77130927 -.00000079  00000+0 -25106-3 0  9999
2 49189  87.9025 345.1725 0001830  80.8370 279.2966 13.13471263214468
ONEWEB-0320             
1 49190U 21083E   26042.87770106  .00000059  00000+0  11583-3 0  9991
2 49190  87.9224   0.3439 0001881  76.0295 284.1046 13.18688018213468
ONEWEB-0321             
1 49191U 21083F   26042.74767677  .00000022  00000+0  22735-4 0  9999
2 49191  87.9214 299.4723 0001546  91.8753 268.2558 13.20770482220275
ONEWEB-0322             
1 49192U 21083G   26041.85293420 -.00000089  00000+0 -27819-3 0  9993
2 49192  87.9024 345.3591 0001380  90.1657 269.9631 13.13471946214335
ONEWEB-0324             
1 49193U 21083H   26042.86367676  .00000049  00000+0  91827-4 0  9996
2 49193  87.9230   0.3271 0001983  83.1871 276.9487 13.18688159213480
ONEWEB-0325             
1 49194U 21083J   26042.86697329  .00000010  00000+0 -73032-5 0  9996
2 49194  87.9228   0.3455 0001761  74.1635 285.9691 13.18683880213498
ONEWEB-0326             
1 49195U 21083K   26042.95784420 -.00000111  00000+0 -31458-3 0  9993
2 49195  87.9228   0.3144 0001925  77.0944 283.0403 13.18686710213496
ONEWEB-0327             
1 49196U 21083L   26042.95756737 -.00000054  00000+0 -17084-3 0  9999
2 49196  87.9211   0.3277 0001822  71.4589 288.6741 13.18687455213511
ONEWEB-0328             
1 49197U 21083M   26041.84278369  .00000113  00000+0  27443-3 0  9991
2 49197  87.9039 345.3171 0001933  84.4556 275.6794 13.13471670214314
ONEWEB-0331             
1 49198U 21083N   26042.87522446  .00000045  00000+0  80369-4 0  9995
2 49198  87.9234   0.3246 0002140  72.5140 287.6226 13.18687806213497
ONEWEB-0333             
1 49199U 21083P   26042.75183346  .00000297  00000+0  77716-3 0  9995
2 49199  87.9024 345.1794 0001741  75.5047 284.6276 13.13471945214446
ONEWEB-0334             
1 49200U 21083Q   26042.76503342 -.00000066  00000+0 -19320-3 0  9994
2 49200  87.9201 299.4903 0000902 110.3057 249.8174 13.20769246220232
ONEWEB-0335             
1 49201U 21083R   26042.74676476  .00000283  00000+0  74059-3 0  9991
2 49201  87.9032 345.1725 0001948  75.1981 284.9364 13.13470442214458
ONEWEB-0336             
1 49202U 21083S   26042.87033962 -.00000254  00000+0 -72910-3 0  9997
2 49202  87.9033 345.1458 0002164  72.6488 287.4878 13.13472138214461
ONEWEB-0337             
1 49203U 21083T   26042.88036150 -.00000025  00000+0 -10237-3 0  9991
2 49203  87.9023 345.1529 0002043  81.3672 278.7689 13.13470047214468
ONEWEB-0338             
1 49204U 21083U   26042.73980366  .00000053  00000+0  98305-4 0  9995
2 49204  87.9209 299.4989 0001336  90.6345 269.4942 13.20772665220252
ONEWEB-0339             
1 49205U 21083V   26042.88897308  .00000216  00000+0  55607-3 0  9993
2 49205  87.9036 345.1364 0001667  88.8990 271.2330 13.13471232214443
ONEWEB-0340             
1 49206U 21083W   26042.93790291 -.00000096  00000+0 -27620-3 0  9995
2 49206  87.9232   0.3172 0001851  79.9392 280.1949 13.18682757213468
ONEWEB-0341             
1 49207U 21083X   26042.94450773 -.00000163  00000+0 -44527-3 0  9995
2 49207  87.9229   0.3267 0002240  88.7422 271.3967 13.18685959213486
ONEWEB-0342             
1 49208U 21083Y   26042.74609771  .00000038  00000+0  62285-4 0  9999
2 49208  87.9219 299.4741 0001535  84.1881 275.9428 13.20770367220222
ONEWEB-0343             
1 49209U 21083Z   26042.87686837  .00000052  00000+0  98770-4 0  9996
2 49209  87.9231   0.3338 0002014  93.4501 266.6861 13.18684622213521
ONEWEB-0344             
1 49210U 21083AA  26042.88387963  .00000056  00000+0  11979-3 0  9996
2 49210  87.9032 345.1628 0002139  86.4391 273.6983 13.13471491214449
ONEWEB-0345             
1 49211U 21083AB  26042.87542147 -.00000166  00000+0 -48972-3 0  9990
2 49211  87.9032 345.1306 0002124  85.7005 274.4367 13.13470431214450
ONEWEB-0346             
1 49212U 21083AC  26042.87357652  .00000070  00000+0  14600-3 0  9999
2 49212  87.9220   0.3447 0002333  61.6982 298.4386 13.18686557213465
ONEWEB-0348             
1 49213U 21083AD  26042.73662754  .00000032  00000+0  46195-4 0  9990
2 49213  87.9212 299.4789 0002200  74.4826 285.6550 13.20773275220252
ONEWEB-0350             
1 49214U 21083AE  26042.88471799 -.00000324  00000+0 -92150-3 0  9991
2 49214  87.9032 345.1280 0002164  83.5901 276.5474 13.13469587214484
ONEWEB-0351             
1 49215U 21083AF  26042.73019059  .00000073  00000+0  14700-3 0  9997
2 49215  87.9212 299.4780 0001466 110.5267 249.6024 13.20772962220213
ONEWEB-0352             
1 49216U 21083AG  26042.25584304 -.00000195  00000+0 -56800-3 0  9999
2 49216  87.9027 345.2705 0001640  90.7999 269.3318 13.13470842214492
ONEWEB-0354             
1 49217U 21083AH  26042.75556778  .00000101  00000+0  21607-3 0  9991
2 49217  87.9209 299.4724 0001949  79.4434 280.6919 13.20770163220257
ONEWEB-0355             
1 49218U 21083AJ  26042.74182628  .00000247  00000+0  64208-3 0  9995
2 49218  87.9021 345.1861 0001889  85.6435 274.4910 13.13471934214435
ONEWEB-0357             
1 49219U 21083AK  26042.75241133  .00000037  00000+0  59317-4 0  9997
2 49219  87.9210 299.4680 0001593  85.2673 274.8643 13.20770010220257
ONEWEB-0332             
1 49279U 21090A   26042.77650966 -.00000203  00000+0 -58162-3 0  9994
2 49279  87.9015 314.7181 0001439  76.3477 283.7813 13.14504597211105
ONEWEB-0347             
1 49280U 21090B   26042.74294223  .00000039  00000+0  64567-4 0  9995
2 49280  87.9213 299.4792 0001393  69.7887 290.3396 13.20771154214480
ONEWEB-0349             
1 49281U 21090C   26042.77451465 -.00000111  00000+0 -30371-3 0  9990
2 49281  87.9209 299.4728 0001637  84.6403 275.4917 13.20774381213270
ONEWEB-0353             
1 49282U 21090D   26042.76858946 -.00000103  00000+0 -31235-3 0  9996
2 49282  87.9027 314.7118 0001409  75.3327 284.7958 13.14504313211109
ONEWEB-0356             
1 49283U 21090E   26042.77293054 -.00000125  00000+0 -33949-3 0  9999
2 49283  87.9216 299.4663 0001828  47.4022 312.7265 13.20769907213273
ONEWEB-0358             
1 49284U 21090F   26042.72716129  .00000127  00000+0  27932-3 0  9993
2 49284  87.9211 299.4767 0001794  73.8605 286.2726 13.20770935213995
ONEWEB-0359             
1 49285U 21090G   26042.72402445  .00001254  00000+0  30528-2 0  9993
2 49285  87.9212 299.4758 0001874  66.9589 293.1742 13.20767268213978
ONEWEB-0360             
1 49286U 21090H   26042.71453588  .00000121  00000+0  26469-3 0  9999
2 49286  87.9209 299.4843 0001800  74.2272 285.9060 13.20771898213280
ONEWEB-0361             
1 49287U 21090J   26042.77135473 -.00000018  00000+0 -76661-4 0  9993
2 49287  87.9215 299.4704 0001655  74.2395 285.8921 13.20770694213747
ONEWEB-0362             
1 49288U 21090K   26042.85205975  .00000007  00000+0 -15376-4 0  9991
2 49288  87.9245 329.9332 0001792  85.5985 274.5353 13.19723780210382
ONEWEB-0363             
1 49289U 21090L   26042.71137302  .00000078  00000+0  15981-3 0  9993
2 49289  87.9213 299.4830 0001740  70.8085 289.3237 13.20770395213747
ONEWEB-0364             
1 49290U 21090M   26042.74925491  .00000090  00000+0  18900-3 0  9990
2 49290  87.9202 299.4930 0001679  74.1795 285.9523 13.20769976214883
ONEWEB-0365             
1 49291U 21090N   26042.78572158  .00000018  00000+0  13030-4 0  9993
2 49291  87.9265 329.9217 0001713  80.0668 280.0658 13.19726031209886
ONEWEB-0366             
1 49292U 21090P   26042.76541381 -.00000062  00000+0 -20142-3 0  9998
2 49292  87.9017 314.7247 0001733  80.2543 279.8782 13.14504797211080
ONEWEB-0367             
1 49293U 21090Q   26042.70980064  .00000004  00000+0 -22730-4 0  9999
2 49293  87.9216 299.4830 0001630  86.2374 273.8946 13.20770890213267
ONEWEB-0368             
1 49294U 21090R   26042.68296994  .00000025  00000+0  29597-4 0  9999
2 49294  87.9205 299.5129 0001159  50.7621 309.3615 13.20771285214410
ONEWEB-0369             
1 49295U 21090S   26042.78097687 -.00000042  00000+0 -13642-3 0  9993
2 49295  87.9256 329.9431 0001712  76.2579 283.8745 13.19727599209872
ONEWEB-0370             
1 49296U 21090T   26042.71926463 -.00000014  00000+0 -67142-4 0  9994
2 49296  87.9211 299.4830 0001844  85.8761 274.2583 13.20774242213309
ONEWEB-0371             
1 49297U 21090U   26042.71305418 -.00000103  00000+0 -29021-3 0  9998
2 49297  87.9254 329.9457 0001737  83.2857 276.8474 13.19727772209902
ONEWEB-0372             
1 49298U 21090V   26042.70808047  .00000048  00000+0  86160-4 0  9998
2 49298  87.9215 299.4847 0001569  79.9256 280.2055 13.20770371213276
ONEWEB-0373             
1 49299U 21090W   26042.73505197  .00000110  00000+0  23984-3 0  9996
2 49299  87.9200 299.4877 0001760  78.4911 281.6420 13.20771399214463
ONEWEB-0374             
1 49300U 21090X   26042.75273059  .00000169  00000+0  42074-3 0  9995
2 49300  87.9029 314.7093 0001765  58.3486 301.7816 13.14503182211089
ONEWEB-0375             
1 49301U 21090Y   26042.72242744  .00000023  00000+0  25470-4 0  9991
2 49301  87.9214 299.4747 0002026  63.2754 296.8587 13.20772857213967
ONEWEB-0376             
1 49302U 21090Z   26042.71148645 -.00000016  00000+0 -73225-4 0  9991
2 49302  87.9261 329.9377 0001580  81.3529 278.7783 13.19724592209900
ONEWEB-0377             
1 49303U 21090AA  26042.70836648 -.00000023  00000+0 -87374-4 0  9996
2 49303  87.9224 299.4826 0001851  83.7149 276.4195 13.20774286213954
ONEWEB-0378             
1 49304U 21090AB  26042.73045528  .00000067  00000+0  13357-3 0  9994
2 49304  87.9207 299.4875 0001702  69.3974 290.7342 13.20771292213228
ONEWEB-0379             
1 49305U 21090AC  26042.74796923  .00000212  00000+0  53652-3 0  9992
2 49305  87.9030 314.7198 0001632  70.9196 289.2110 13.14503569211089
ONEWEB-0380             
1 49306U 21090AD  26042.78413992 -.00000011  00000+0 -59545-4 0  9996
2 49306  87.9254 329.9409 0002016  75.6459 284.4898 13.19724477209885
ONEWEB-0381             
1 49307U 21090AE  26042.78082497  .00000033  00000+0  49954-4 0  9994
2 49307  87.9212 299.4684 0001767  71.3951 288.7374 13.20770273213279
ONEWEB-0382             
1 49308U 21090AF  26042.76819770  .00000019  00000+0  15535-4 0  9997
2 49308  87.9214 299.4678 0001652  69.6934 290.4377 13.20770768213260
ONEWEB-0383             
1 49309U 21090AG  26042.74163431  .00000259  00000+0  66503-3 0  9998
2 49309  87.9030 314.7065 0001591  73.6761 286.4544 13.14504736211119
ONEWEB-0384             
1 49310U 21090AH  26042.76021126  .00000034  00000+0  52038-4 0  9996
2 49310  87.9222 299.5108 0001599  59.8436 300.2856 13.20804858213270
ONEWEB-0385             
1 49311U 21090AJ  26042.76028709 -.00009704  00000+0 -23908-1 0  9997
2 49311  87.9206 299.4749 0001562  63.0843 297.0449 13.20820193213240
ONEWEB-0386             
1 49312U 21090AK  26042.77766340 -.00000131  00000+0 -35460-3 0  9992
2 49312  87.9218 299.4553 0001652  58.3352 301.7942 13.20770419213267
ONEWEB-0387             
1 49313U 21090AL  26042.76188764 -.00000005  00000+0 -43598-4 0  9992
2 49313  87.9200 299.4986 0001957  76.0436 284.0915 13.20770692213263
ONEWEB-0388             
1 49314U 21090AM  26042.85522339 -.00000007  00000+0 -48810-4 0  9997
2 49314  87.9249 329.9246 0001770  71.8159 288.3166 13.19724488209881
ONEWEB-0389             
1 50469U 21132A   26042.90403096 -.00000120  00000+0 -34285-3 0  9997
2 50469  87.9114  30.7541 0002037  76.7794 283.3565 13.17649513201586
ONEWEB-0390             
1 50470U 21132B   26042.90573062  .00000015  00000+0  63253-5 0  9990
2 50470  87.9103  30.7561 0002078  90.3758 269.7611 13.17650021201581
ONEWEB-0391             
1 50471U 21132C   26042.90741489  .00000029  00000+0  42557-4 0  9999
2 50471  87.9106  30.7648 0002646  76.5992 283.5435 13.17648185201584
ONEWEB-0392             
1 50472U 21132D   26042.93777648 -.00000136  00000+0 -38404-3 0  9995
2 50472  87.9117  30.7162 0002154  80.0016 280.1359 13.17650051201627
ONEWEB-0393             
1 50473U 21132E   26042.91093491  .00000042  00000+0  74312-4 0  9994
2 50473  87.9117  30.7454 0001994  80.7937 279.3420 13.17649665201619
ONEWEB-0394             
1 50474U 21132F   26042.90161771  .00000067  00000+0  13746-3 0  9991
2 50474  87.9231   0.3123 0001935  75.7672 284.3675 13.18687461205088
ONEWEB-0395             
1 50475U 21132G   26042.50625764 -.00000288  00000+0 -84825-3 0  9998
2 50475  87.8821  46.0769 0002116  89.7517 270.3854 13.11417938199248
ONEWEB-0396             
1 50476U 21132H   26042.89501741  .00000072  00000+0  15020-3 0  9999
2 50476  87.9232   0.3248 0001861  81.7468 278.3875 13.18688026205125
ONEWEB-0397             
1 50477U 21132J   26042.90985402 -.00000157  00000+0 -43056-3 0  9998
2 50477  87.9226   0.3223 0001805  73.9119 286.2212 13.18684229205108
ONEWEB-0398             
1 50478U 21132K   26042.93182955  .00000075  00000+0  17547-3 0  9997
2 50478  87.8829  45.9702 0002153  93.8236 266.3138 13.11414939199191
ONEWEB-0399             
1 50479U 21132L   26042.91827629  .00000446  00000+0  12230-2 0  9995
2 50479  87.8825  45.9837 0002105  70.0051 290.1304 13.11416136199186
ONEWEB-0400             
1 50480U 21132M   26042.88842411  .00000064  00000+0  12839-3 0  9991
2 50480  87.9229   0.3161 0001963  85.5169 274.6187 13.18687678205096
ONEWEB-0401             
1 50481U 21132N   26042.93295831  .00000031  00000+0  45988-4 0  9992
2 50481  87.9227   0.3031 0001683  81.0166 279.1156 13.18685042205109
ONEWEB-0402             
1 50482U 21132P   26042.89667034  .00000032  00000+0  49580-4 0  9999
2 50482  87.9227   0.3026 0001363  71.5870 288.5410 13.18687076205123
ONEWEB-0403             
1 50483U 21132Q   26042.31439443  .00000098  00000+0  21703-3 0  9996
2 50483  87.9222   0.4417 0001950  78.5882 281.5469 13.18687681205002
ONEWEB-0404             
1 50484U 21132R   26042.89962050  .00000105  00000+0  26002-3 0  9991
2 50484  87.8831  45.9944 0002080  83.0806 277.0559 13.11417619199275
ONEWEB-0405             
1 50485U 21132S   26042.86037027 -.00000060  00000+0 -18537-3 0  9992
2 50485  87.9231   0.3160 0001756  72.9630 287.1695 13.18687938205470
ONEWEB-0406             
1 50486U 21132T   26042.92637548  .00000065  00000+0  13214-3 0  9994
2 50486  87.9230   0.3292 0002246  72.4154 287.7224 13.18685993205111
ONEWEB-0407             
1 50487U 21132U   26042.91975698 -.00000153  00000+0 -42088-3 0  9996
2 50487  87.9226   0.3133 0001699  81.3716 278.7609 13.18685775205053
ONEWEB-0409             
1 50488U 21132V   26042.89792198  .00000021  00000+0  24215-4 0  9991
2 50488  87.8836  45.9738 0002231  88.0187 272.1197 13.11418726199162
ONEWEB-0412             
1 50489U 21132W   26042.90821056  .00000021  00000+0  21489-4 0  9990
2 50489  87.9228   0.3295 0001617  73.4460 286.6850 13.18687027205142
ONEWEB-0413             
1 50490U 21132X   26042.91316232  .00000086  00000+0  18505-3 0  9993
2 50490  87.9220   0.3360 0001552  80.1343 279.9965 13.18684356205089
ONEWEB-0414             
1 50491U 21132Y   26042.89833126  .00000067  00000+0  13672-3 0  9996
2 50491  87.9227   0.3075 0001792  73.2263 286.9065 13.18686390205113
ONEWEB-0417             
1 50492U 21132Z   26042.90655497 -.00000153  00000+0 -42120-3 0  9990
2 50492  87.9218   0.3360 0002068  77.8407 282.2957 13.18684620205098
ONEWEB-0418             
1 50493U 21132AA  26042.91634301 -.00000528  00000+0 -13715-2 0  9996
2 50493  87.9230   0.3214 0002232  75.1810 284.9569 13.18678341205151
ONEWEB-0419             
1 50494U 21132AB  26042.93460627 -.00000191  00000+0 -51795-3 0  9994
2 50494  87.9234   0.3192 0002163  86.3965 273.7415 13.18686636205072
ONEWEB-0420             
1 50495U 21132AC  26042.89995841 -.00000124  00000+0 -34718-3 0  9993
2 50495  87.9226   0.3378 0001744  83.8705 276.2626 13.18686993205065
ONEWEB-0421             
1 50496U 21132AD  26042.89336431 -.00000027  00000+0 -10011-3 0  9990
2 50496  87.9227   0.3304 0001732  69.0614 291.0703 13.18687377205101
ONEWEB-0424             
1 50497U 21132AE  26042.92966032 -.00000113  00000+0 -31883-3 0  9997
2 50497  87.9229   0.3185 0002147  90.4055 269.7323 13.18686056205135
ONEWEB-0426             
1 50498U 21132AF  26042.89006697 -.00000079  00000+0 -23362-3 0  9990
2 50498  87.9232   0.3190 0002108  62.9102 297.2245 13.18687533205073
ONEWEB-0427             
1 50499U 21132AG  26042.92801220 -.00000024  00000+0 -94305-4 0  9996
2 50499  87.9228   0.2971 0002094  79.9010 280.2359 13.18684645205108
ONEWEB-0429             
1 50500U 21132AH  26042.91480105 -.00000248  00000+0 -66267-3 0  9996
2 50500  87.9224   0.3330 0001785  84.4791 275.6545 13.18685142205074
ONEWEB-0430             
1 50501U 21132AJ  26042.90327201  .00000042  00000+0  74742-4 0  9991
2 50501  87.9227   0.3319 0001893  87.9965 272.1384 13.18687275205113
ONEWEB-0432             
1 50502U 21132AK  26042.93564461  .00000035  00000+0  56778-4 0  9997
2 50502  87.9222   0.2940 0002590  87.3413 272.8016 13.18641554205079
ONEWEB-0440             
1 50503U 21132AL  26042.92305356 -.00000068  00000+0 -20624-3 0  9991
2 50503  87.9222   0.3177 0001492  74.5583 285.5714 13.18686157205062
ONEWEB-0450             
1 50504U 21132AM  26041.93019248 -.00000321  00000+0 -84800-3 0  9992
2 50504  87.9218   0.5327 0001690  92.3724 267.7602 13.18685088204960
ONEWEB-0410             
1 51622U 22012A   26042.92260639 -.00000162  00000+0 -45159-3 0  9991
2 51622  87.9111  30.7289 0002967  63.4016 296.7420 13.17649541197208
ONEWEB-0411             
1 51623U 22012B   26042.55763117  .00000207  00000+0  55739-3 0  9993
2 51623  87.8751  61.2933 0002110 106.2861 253.8499 13.10376317192832
ONEWEB-0415             
1 51624U 22012C   26042.55430358 -.00000022  00000+0 -99222-4 0  9995
2 51624  87.8754  61.2972 0002014  99.4311 260.7044 13.10376397192836
ONEWEB-0416             
1 51625U 22012D   26042.94772252  .00000310  00000+0  85073-3 0  9997
2 51625  87.8758  61.2385 0002282  94.9225 265.2163 13.10374560192922
ONEWEB-0422             
1 51626U 22012E   26042.93271317 -.00000244  00000+0 -66290-3 0  9991
2 51626  87.9116  30.7292 0001221  95.9108 264.2163 13.17649186197316
ONEWEB-0423             
1 51627U 22012F   26042.92597224  .00000030  00000+0  43315-4 0  9994
2 51627  87.9113  30.7405 0001765  83.8635 276.2698 13.17648200197204
ONEWEB-0425             
1 51628U 22012G   26042.95768906  .00000653  00000+0  18330-2 0  9993
2 51628  87.8764  61.2116 0001948  85.7069 274.4281 13.10372330192922
ONEWEB-0428             
1 51629U 22012H   26042.55596584  .00000058  00000+0  13097-3 0  9996
2 51629  87.8756  61.3081 0001837  92.1626 267.9712 13.10376506192839
ONEWEB-0431             
1 51630U 22012J   26042.60230495 -.00000397  00000+0 -11750-2 0  9991
2 51630  87.8759  61.2818 0002000 110.2304 249.9039 13.10368839192897
ONEWEB-0434             
1 51631U 22012K   26042.96114785  .00000671  00000+0  18850-2 0  9995
2 51631  87.8755  61.2406 0001998  80.9145 279.2209 13.10370906192925
ONEWEB-0435             
1 51632U 22012L   26042.58751198  .00000307  00000+0  84422-3 0  9994
2 51632  87.8749  61.3062 0001482  95.8561 264.2736 13.10369976192860
ONEWEB-0436             
1 51633U 22012M   26042.91753522  .00000057  00000+0  11272-3 0  9990
2 51633  87.9113  30.7205 0001723  91.6344 268.4985 13.17648530197182
ONEWEB-0438             
1 51634U 22012N   26042.95270910  .00000569  00000+0  15928-2 0  9999
2 51634  87.8756  61.2333 0001951  88.1442 271.9908 13.10373609192947
ONEWEB-0439             
1 51635U 22012P   26042.95602273  .00001337  00000+0  37926-2 0  9997
2 51635  87.8758  61.2212 0001658  93.6769 266.4548 13.10377745192925
ONEWEB-0442             
1 51636U 22012Q   26042.90993210 -.00000063  00000+0 -19671-3 0  9992
2 51636  87.9107  30.7629 0002372  74.3380 285.8013 13.17655715197174
ONEWEB-0443             
1 51637U 22012R   26042.92936102 -.00000138  00000+0 -38780-3 0  9997
2 51637  87.9106  30.7617 0001645  77.9445 282.1871 13.17650082197224
ONEWEB-0444             
1 51638U 22012S   26042.94606586  .00000309  00000+0  84990-3 0  9992
2 51638  87.8753  61.2234 0001851  90.0736 270.0604 13.10375001192935
ONEWEB-0445             
1 51639U 22012T   26042.58585376  .00000343  00000+0  94637-3 0  9993
2 51639  87.8776  61.2697 0002000 102.8383 257.2968 13.10369465192893
ONEWEB-0446             
1 51640U 22012U   26042.56261731  .00000395  00000+0  10941-2 0  9991
2 51640  87.8751  61.3163 0001989  94.1840 265.9515 13.10375297192875
ONEWEB-0448             
1 51641U 22012V   26042.94938753  .00000466  00000+0  12988-2 0  9991
2 51641  87.8753  61.2376 0001807  90.4413 269.6922 13.10374043192890
ONEWEB-0449             
1 51642U 22012W   26042.95436884  .00000640  00000+0  17975-2 0  9996
2 51642  87.8764  61.2121 0001971  80.9135 279.2216 13.10373532192905
ONEWEB-0451             
1 51643U 22012X   26042.91416005  .00000066  00000+0  13775-3 0  9993
2 51643  87.9115  30.7165 0001907  80.9571 279.1776 13.17647923197167
ONEWEB-0452             
1 51644U 22012Y   26042.91247672 -.00000050  00000+0 -16293-3 0  9999
2 51644  87.9104  30.7658 0001769  76.1770 283.9558 13.17650141197175
ONEWEB-0456             
1 51646U 22012AA  26042.58254447  .00000470  00000+0  13097-2 0  9994
2 51646  87.8766  61.2628 0001730  94.0327 266.0998 13.10373704192895
ONEWEB-0457             
1 51647U 22012AB  26042.94107962 -.00000004  00000+0 -48293-4 0  9997
2 51647  87.8755  61.2280 0002338  89.4799 270.6597 13.10375755192944
ONEWEB-0458             
1 51648U 22012AC  26042.58087958  .00000643  00000+0  18069-2 0  9993
2 51648  87.8755  61.2787 0001814  86.7565 273.3770 13.10371347192852
ONEWEB-0461             
1 51649U 22012AD  26042.93441130 -.00000062  00000+0 -19195-3 0  9998
2 51649  87.9115  30.7271 0001974  87.4621 272.6736 13.17648231197395
ONEWEB-0463             
1 51650U 22012AE  26042.91584637 -.00000079  00000+0 -23765-3 0  9994
2 51650  87.9102  30.7664 0002013  88.4101 271.7261 13.17649856197171
ONEWEB-0464             
1 51651U 22012AF  26042.57756249  .00000564  00000+0  15804-2 0  9998
2 51651  87.8752  61.3097 0001568  93.2490 266.8817 13.10375694192874
ONEWEB-0468             
1 51652U 22012AG  26042.50785755  .00000526  00000+0  14715-2 0  9994
2 51652  87.8747  61.3180 0001484  89.6735 270.4563 13.10371835192849
ONEWEB-0473             
1 51653U 22012AH  26042.95104834  .00000541  00000+0  15125-2 0  9990
2 51653  87.8754  61.2310 0001759  88.4615 271.6713 13.10374016192902
ONEWEB-0474             
1 51654U 22012AJ  26042.56095171  .00000323  00000+0  88852-3 0  9997
2 51654  87.8761  61.2822 0001567  92.0682 268.0625 13.10375908192847
ONEWEB-0475             
1 51655U 22012AK  26042.92765360 -.00000258  00000+0 -69644-3 0  9999
2 51655  87.9108  30.7545 0001289  71.7478 288.3794 13.17648748197192
ONEWEB-0490             
1 54113U 22138A   26042.73359248  .00000055  00000+0  10579-3 0  9999
2 54113  87.9259 329.9378 0001612  81.4217 278.7098 13.19723687160285
ONEWEB-0492             
1 54114U 22138B   26042.75886967  .00000040  00000+0  67361-4 0  9991
2 54114  87.9251 329.9424 0001718  86.1293 274.0036 13.19724062160293
ONEWEB-0495             
1 54115U 22138C   26042.73676679  .00000035  00000+0  54617-4 0  9991
2 54115  87.9248 329.9490 0001134  87.5619 272.5644 13.19725086160275
ONEWEB-0497             
1 54116U 22138D   26042.74938591  .00000047  00000+0  84111-4 0  9992
2 54116  87.9249 329.9365 0001710  80.1517 279.9808 13.19723652160263
ONEWEB-0499             
1 54117U 22138E   26042.73280055  .00000072  00000+0  14690-3 0  9999
2 54117  87.9251 329.9498 0001625  71.6891 288.4419 13.19727944160271
ONEWEB-0500             
1 54118U 22138F   26042.73518072  .00000078  00000+0  16286-3 0  9992
2 54118  87.9252 329.9386 0001852  79.5757 280.5584 13.19724799160281
ONEWEB-0501             
1 54119U 22138G   26042.76518861 -.00000021  00000+0 -84813-4 0  9994
2 54119  87.9253 329.9340 0001414  81.2224 278.9069 13.19723561160269
ONEWEB-0502             
1 54120U 22138H   26042.75096481 -.00000243  00000+0 -63996-3 0  9998
2 54120  87.9259 329.9196 0001546  74.3164 285.8139 13.19725359160282
ONEWEB-0503             
1 54121U 22138J   26042.73990937  .00000118  00000+0  26338-3 0  9994
2 54121  87.9262 329.9257 0001848  70.4739 289.6593 13.19723944160278
ONEWEB-0504             
1 54122U 22138K   26042.72728341 -.00000034  00000+0 -11682-3 0  9997
2 54122  87.9252 329.9408 0001545  74.0536 286.0767 13.19727002160289
ONEWEB-0505             
1 54123U 22138L   26042.26921095  .00000018  00000+0  11432-4 0  9992
2 54123  87.9261 330.0254 0001246  78.2823 281.8450 13.19728000160208
ONEWEB-0506             
1 54124U 22138M   26042.85049128 -.00000157  00000+0 -42382-3 0  9999
2 54124  87.9258 329.9080 0001440  79.8689 280.2606 13.19726126160272
ONEWEB-0507             
1 54125U 22138N   26042.71938458 -.00000013  00000+0 -65546-4 0  9997
2 54125  87.9245 329.9585 0001585  79.8066 280.3245 13.19725006160308
ONEWEB-0508             
1 54126U 22138P   26042.86786856  .00000201  00000+0  47060-3 0  9994
2 54126  87.9250 329.9267 0001471  92.1493 267.9808 13.19726746160306
ONEWEB-0509             
1 54127U 22138Q   26042.76676599  .00000021  00000+0  20748-4 0  9991
2 54127  87.9261 329.9241 0001680  79.1598 280.9724 13.19725982160262
ONEWEB-0510             
1 54128U 22138R   26042.75399504  .00000035  00000+0  55293-4 0  9997
2 54128  87.9212 299.4711 0002112  76.0326 284.1042 13.20772517162728
ONEWEB-0511             
1 54129U 22138S   26042.76360791  .00000011  00000+0 -54140-5 0  9991
2 54129  87.9262 329.9288 0001763  70.5097 289.6226 13.19723868160294
ONEWEB-0512             
1 54130U 22138T   26042.75572510  .00000005  00000+0 -20003-4 0  9999
2 54130  87.9248 329.9476 0001415  74.9565 285.1725 13.19725979160268
ONEWEB-0513             
1 54131U 22138U   26042.73677064 -.00001786  00000+0 -44590-2 0  9991
2 54131  87.9261 329.9079 0000555  50.6488 309.4694 13.20245909160168
ONEWEB-0514             
1 54132U 22138V   26042.77151047 -.00000006  00000+0 -47722-4 0  9990
2 54132  87.9256 329.9326 0001881  74.9805 285.1535 13.19724607160285
ONEWEB-0515             
1 54133U 22138W   26042.74137245  .00000035  00000+0  52989-4 0  9993
2 54133  87.9217 299.4633 0002432  92.5079 267.6333 13.20771102162745
ONEWEB-0516             
1 54134U 22138X   26042.74622797 -.00000276  00000+0 -72270-3 0  9998
2 54134  87.9246 329.9508 0001726  82.6529 277.4799 13.19725106160286
ONEWEB-0517             
1 54135U 22138Y   26042.72570389  .00000077  00000+0  15914-3 0  9995
2 54135  87.9256 329.9423 0001832  69.8615 290.2715 13.19724653160282
ONEWEB-0518             
1 54136U 22138Z   26042.74465528  .00000093  00000+0  20112-3 0  9990
2 54136  87.9248 329.9530 0001629  80.9607 279.1710 13.19725635160284
ONEWEB-0519             
1 54137U 22138AA  26042.76992584 -.00000075  00000+0 -22012-3 0  9993
2 54137  87.9259 329.9249 0001769  72.1836 287.9490 13.19727138160299
ONEWEB-0520             
1 54138U 22138AB  26042.72885337 -.00000265  00000+0 -69530-3 0  9994
2 54138  87.9251 329.9378 0001562  69.8526 290.2775 13.19725442160272
ONEWEB-0521             
1 54139U 22138AC  26042.76202033 -.00000310  00000+0 -80547-3 0  9997
2 54139  87.9260 329.9162 0001904  71.4788 288.6552 13.19725673160228
ONEWEB-0522             
1 54140U 22138AD  26042.74149746  .00000079  00000+0  16474-3 0  9996
2 54140  87.9258 329.9218 0001616  77.8233 282.3081 13.19724506160260
ONEWEB-0523             
1 54141U 22138AE  26042.72874636  .00000088  00000+0  18496-3 0  9994
2 54141  87.9216 299.4794 0002443  75.0415 285.0989 13.20770866162740
ONEWEB-0524             
1 54142U 22138AF  26042.71768795  .00000035  00000+0  54483-4 0  9991
2 54142  87.9200 299.4811 0002329 100.1429 259.9967 13.20769681162741
ONEWEB-0525             
1 54143U 22138AG  26042.76044048 -.00000276  00000+0 -72262-3 0  9998
2 54143  87.9253 329.9341 0001527  80.4784 279.6522 13.19725396160286
ONEWEB-0526             
1 54144U 22138AH  26042.26289762 -.00000031  00000+0 -10920-3 0  9990
2 54144  87.9261 330.0255 0001723  82.1797 277.9531 13.19723585160193
ONEWEB-0529             
1 54145U 22138AJ  26042.72095502 -.00000337  00000+0 -87436-3 0  9994
2 54145  87.9249 329.9557 0001564  83.6673 276.4638 13.19725628160275
ONEWEB-0531             
1 54146U 22138AK  26042.77924978 -.00000218  00000+0 -56908-3 0  9996
2 54146  87.9212 299.4670 0002480  83.3824 276.7592 13.20769651162759
ONEWEB-0535             
1 54147U 22138AL  26042.75413431 -.00000012  00000+0 -62068-4 0  9999
2 54147  87.9259 329.9231 0002134  73.9641 286.1727 13.19724365160294
ONEWEB-0536             
1 54148U 22138AM  26042.76662405 -.00000022  00000+0 -84931-4 0  9992
2 54148  87.9204 299.5067 0002599  86.9270 273.2161 13.20770606162743
ONEWEB-0527             
1 54642U 22166A   26042.89316572 -.00000161  00000+0 -42151-3 0  9998
2 54642  87.9184 268.9921 0001581  86.8276 273.3039 13.21824835154980
ONEWEB-0528             
1 54643U 22166B   26042.67266883  .00000023  00000+0  24231-4 0  9999
2 54643  87.9184 269.0399 0001499  87.4964 272.6342 13.21824607154965
ONEWEB-0539             
1 54644U 22166C   26042.63481116 -.00000182  00000+0 -47187-3 0  9996
2 54644  87.9184 269.0121 0001383  78.0457 282.0832 13.21825738154958
ONEWEB-0540             
1 54645U 22166D   26042.56584583  .00000074  00000+0  14711-3 0  9996
2 54645  87.9180 269.0630 0001572  78.1876 281.9434 13.21825901154932
ONEWEB-0542             
1 54646U 22166E   26042.56898964  .00000022  00000+0  21519-4 0  9996
2 54646  87.9188 269.0210 0001544  71.4310 288.6992 13.21824286154942
ONEWEB-0545             
1 54647U 22166F   26042.68582788 -.00000053  00000+0 -16018-3 0  9997
2 54647  87.9186 269.0196 0001606  63.7496 296.3803 13.21824074154922
ONEWEB-0580             
1 54648U 22166G   26042.65949776  .00000008  00000+0 -12630-4 0  9995
2 54648  87.9188 269.0248 0001674  69.4843 290.6470 13.21826565154965
ONEWEB-0582             
1 54649U 22166H   26042.62658281  .00000039  00000+0  63238-4 0  9994
2 54649  87.9189 269.0241 0001559  66.6235 293.5063 13.21823351154933
ONEWEB-0583             
1 54650U 22166J   26042.71380002  .00000044  00000+0  75976-4 0  9997
2 54650  87.9178 269.0292 0001499  80.2807 279.8497 13.21823953154957
ONEWEB-0584             
1 54651U 22166K   26042.65785634  .00000091  00000+0  18966-3 0  9998
2 54651  87.9186 269.0287 0001717  71.3778 288.7542 13.21824215154932
ONEWEB-0585             
1 54652U 22166L   26042.68254225  .00000038  00000+0  60238-4 0  9990
2 54652  87.9182 269.0074 0001587  88.7562 271.3754 13.21825926154945
ONEWEB-0586             
1 54653U 22166M   26042.62001764  .00000061  00000+0  11587-3 0  9991
2 54653  87.9186 269.0455 0001497  80.3425 279.7878 13.21826520154938
ONEWEB-0587             
1 54654U 22166N   26042.70559138  .00000071  00000+0  14124-3 0  9995
2 54654  87.9196 268.9900 0001599 100.2386 259.8928 13.21825205155108
ONEWEB-0589             
1 54655U 22166P   26042.69241419 -.00000015  00000+0 -67347-4 0  9990
2 54655  87.9185 269.0203 0001937  56.7048 303.4271 13.21824257154967
ONEWEB-0590             
1 54656U 22166Q   26042.56556811  .00000093  00000+0  19282-3 0  9990
2 54656  87.9186 269.0239 0002040  86.4991 273.6376 13.21824976154930
ONEWEB-0591             
1 54657U 22166R   26042.57722905  .00000051  00000+0  92222-4 0  9991
2 54657  87.9183 269.0452 0001646  81.5064 278.6256 13.21826208154968
ONEWEB-0592             
1 54658U 22166S   26042.58052927  .00000085  00000+0  17547-3 0  9996
2 54658  87.9192 269.0126 0001615  80.8686 279.2631 13.21825899154841
ONEWEB-0593             
1 54659U 22166T   26042.60355379  .00000025  00000+0  28507-4 0  9990
2 54659  87.9186 269.0288 0001476  81.1156 279.0145 13.21825160154956
ONEWEB-0594             
1 54660U 22166U   26042.69900359 -.00000080  00000+0 -22500-3 0  9994
2 54660  87.9183 269.0289 0001462  83.3005 276.8295 13.21825575154982
ONEWEB-0595             
1 54661U 22166V   26042.67596068  .00000015  00000+0  50646-5 0  9991
2 54661  87.9184 269.0044 0001652  90.6366 269.4957 13.21824721154957
ONEWEB-0596             
1 54662U 22166W   26042.57393555  .00000078  00000+0  15854-3 0  9996
2 54662  87.9185 269.0432 0001630  86.7939 273.3381 13.21825717154948
ONEWEB-0597             
1 54663U 22166X   26042.63152577  .00000068  00000+0  13343-3 0  9991
2 54663  87.9186 269.0369 0001565  81.1321 278.9990 13.21824222154958
ONEWEB-0600             
1 54664U 22166Y   26042.61342961 -.00000626  00000+0 -15471-2 0  9993
2 54664  87.9188 269.0317 0001425  78.5653 281.5641 13.21818354154926
ONEWEB-0601             
1 54665U 22166Z   26042.68089139 -.00000048  00000+0 -14705-3 0  9994
2 54665  87.9184 269.0357 0001618  73.9410 286.1902 13.21823817155125
ONEWEB-0602             
1 54666U 22166AA  26042.56981929  .00000017  00000+0  10458-4 0  9996
2 54666  87.9185 269.0627 0001271  80.0044 280.1233 13.21825612154950
ONEWEB-0603             
1 54667U 22166AB  26042.57557688  .00000069  00000+0  13659-3 0  9991
2 54667  87.9195 269.0053 0001541  79.4148 280.7159 13.21825498154889
ONEWEB-0604             
1 54668U 22166AC  26042.56405944  .00000033  00000+0  48900-4 0  9997
2 54668  87.9185 269.0218 0001540  85.2461 274.8849 13.21825609154844
ONEWEB-0605             
1 54669U 22166AD  26042.63318136  .00000073  00000+0  14464-3 0  9993
2 54669  87.9185 269.0355 0001969  70.5883 289.5463 13.21826655154923
ONEWEB-0606             
1 54670U 22166AE  26042.57886868  .00000059  00000+0  11157-3 0  9990
2 54670  87.9183 269.0583 0001658  90.6446 269.4878 13.21824147154975
ONEWEB-0607             
1 54671U 22166AF  26042.62165506  .00000031  00000+0  43789-4 0  9993
2 54671  87.9188 269.0135 0001502  77.9127 282.2175 13.21824167154959
ONEWEB-0608             
1 54672U 22166AG  26042.70394145 -.00000018  00000+0 -74044-4 0  9991
2 54672  87.9193 268.9896 0001723  67.7476 292.3841 13.21825429154973
ONEWEB-0610             
1 54673U 22166AH  26042.68419211 -.00000017  00000+0 -71510-4 0  9995
2 54673  87.9182 269.0202 0001709  63.3824 296.7485 13.21825797154877
ONEWEB-0611             
1 54674U 22166AJ  26042.67760593  .00000035  00000+0  53530-4 0  9997
2 54674  87.9182 269.0179 0001528  93.0093 267.1216 13.21824695154867
ONEWEB-0612             
1 54675U 22166AK  26042.61507933  .00000026  00000+0  31504-4 0  9996
2 54675  87.9192 269.0121 0001525  76.2769 283.8534 13.21827855154843
ONEWEB-0615             
1 54676U 22166AL  26042.67101916  .00000025  00000+0  28680-4 0  9994
2 54676  87.9185 269.0266 0001555  83.1622 276.9689 13.21823706154861
ONEWEB-0655             
1 54677U 22166AM  26042.57063968  .00000071  00000+0  13941-3 0  9992
2 54677  87.9187 269.0493 0001333  80.2435 279.8849 13.21824217154846
ONEWEB-0659             
1 54678U 22166AN  26042.58709858  .00000042  00000+0  71342-4 0  9997
2 54678  87.9181 269.0466 0001645  86.8882 273.2440 13.21824780154935
ONEWEB-0685             
1 54679U 22166AP  26042.96571101 -.00000006  00000+0 -44872-4 0  9998
2 54679  87.9181 268.9668 0001531  76.7869 283.3436 13.21810146154876
ONEWEB-0712             
1 54680U 22166AQ  26042.58902482 -.00000007  00000+0 -50994-4 0  9991
2 54680  87.9002 253.7700 0000937  76.1249 283.9986 13.16595543155539
ONEWEB-0714             
1 54681U 22166AR  26042.66937382  .00000045  00000+0  78514-4 0  9996
2 54681  87.9182 269.0200 0001417  79.0152 281.1142 13.21825527154956
ONEWEB-0532             
1 55140U 23004A   26042.89053697  .00000021  00000+0  21715-4 0  9997
2 55140  87.9113  30.7512 0002241  83.1856 276.9531 13.17648032151087
ONEWEB-0533             
1 55141U 23004B   26042.89480234  .00000167  00000+0  42861-3 0  9994
2 55141  87.8962  15.5335 0001813  76.8622 283.2709 13.12444039151621
ONEWEB-0541             
1 55142U 23004C   26042.90300742  .00000238  00000+0  63599-3 0  9992
2 55142  87.8832  45.9742 0001982  91.0314 269.1042 13.11418101149520
ONEWEB-0543             
1 55143U 23004D   26042.89172438  .00000004  00000+0 -22772-4 0  9991
2 55143  87.9212   0.3588 0001604  87.4413 272.6903 13.18687575153189
ONEWEB-0544             
1 55144U 23004E   26042.88512337  .00000137  00000+0  31531-3 0  9995
2 55144  87.9216   0.3541 0001846  90.4554 269.6790 13.18685542153183
ONEWEB-0560             
1 55145U 23004F   26042.87851985 -.00000082  00000+0 -24013-3 0  9998
2 55145  87.9221   0.3450 0001748  85.1220 275.0111 13.18687298153190
ONEWEB-0565             
1 55146U 23004G   26042.87192640  .00000022  00000+0  23809-4 0  9990
2 55146  87.9220   0.3863 0002099  89.6630 270.4743 13.18687821153183
ONEWEB-0567             
1 55147U 23004H   26042.94120344 -.00000073  00000+0 -21831-3 0  9991
2 55147  87.9222   0.3448 0001906  91.6930 268.4421 13.18686489153197
ONEWEB-0569             
1 55148U 23004J   26042.77214691 -.00000355  00000+0 -10066-2 0  9992
2 55148  87.9048 345.1411 0001841 115.2034 244.9286 13.13469535153712
ONEWEB-0570             
1 55149U 23004K   26042.93130968  .00000022  00000+0  23853-4 0  9994
2 55149  87.9213   0.3455 0002354  83.3018 276.8382 13.18684598153187
ONEWEB-0571             
1 55150U 23004L   26042.92470214 -.00000188  00000+0 -50974-3 0  9994
2 55150  87.9208   0.3458 0002548 108.6007 251.5402 13.18686633153196
ONEWEB-0572             
1 55151U 23004M   26042.92090964  .00000032  00000+0  48270-4 0  9998
2 55151  87.9102  30.7507 0002029  90.5958 269.5406 13.17648493150988
ONEWEB-0573             
1 55152U 23004N   26042.91811389 -.00000023  00000+0 -91249-4 0  9996
2 55152  87.9215   0.3484 0002576  94.2599 265.8828 13.18683725153180
ONEWEB-0588             
1 55153U 23004P   26042.91150332 -.00000163  00000+0 -44718-3 0  9994
2 55153  87.9217   0.3502 0002315  82.2423 277.8972 13.18685439153185
ONEWEB-0598             
1 55154U 23004Q   26042.95724866 -.00000422  00000+0 -12270-2 0  9993
2 55154  87.8829  45.9851 0001864 107.5270 252.6062 13.11418211149489
ONEWEB-0599             
1 55155U 23004R   26042.95803342  .00000129  00000+0  29961-3 0  9999
2 55155  87.9106  30.7418 0001759  92.4184 267.7149 13.17648925150993
ONEWEB-0614             
1 55156U 23004S   26042.95216457 -.00000483  00000+0 -13976-2 0  9998
2 55156  87.8822  45.9949 0002043  81.3279 278.8080 13.11416988149423
ONEWEB-0616             
1 55157U 23004T   26042.92428121  .00000050  00000+0  96436-4 0  9991
2 55157  87.9114  30.7468 0000915  91.9652 268.1584 13.17647493151208
ONEWEB-0617             
1 55158U 23004U   26042.94029491 -.00000233  00000+0 -69196-3 0  9998
2 55158  87.8825  45.9800 0002206  87.5442 272.5938 13.11415753149449
ONEWEB-0618             
1 55159U 23004V   26042.94657923  .00004714  00000+0  27495-3 0  9998
2 55159  86.9039 228.4223 0014521  45.6349 314.6077 15.11632673163338
ONEWEB-0619             
1 55160U 23004W   26042.95634276 -.00000074  00000+0 -22267-3 0  9996
2 55160  87.9118  30.7137 0001789  70.5917 289.5408 13.17649492151108
ONEWEB-0620             
1 55161U 23004X   26042.93522161 -.00000079  00000+0 -25914-3 0  9991
2 55161  87.8818  45.9987 0002097  94.5233 265.6134 13.11415004149412
ONEWEB-0621             
1 55162U 23004Y   26042.50456378 -.00000373  00000+0 -10888-2 0  9991
2 55162  87.8834  46.0610 0001972  81.1546 278.9805 13.11418475149334
ONEWEB-0622             
1 55163U 23004Z   26042.50964803 -.00000130  00000+0 -40380-3 0  9991
2 55163  87.8826  46.0642 0002626  84.0254 276.1173 13.11418570149329
ONEWEB-0623             
1 55164U 23004AA  26042.95128129  .00000136  00000+0  31814-3 0  9990
2 55164  87.9107  30.7590 0002389  70.6041 289.5348 13.17648193151097
ONEWEB-0624             
1 55165U 23004AB  26042.90705863  .00000476  00000+0  12780-2 0  9999
2 55165  87.8956  15.4738 0002071  79.9156 280.2206 13.12923883151638
ONEWEB-0625             
1 55166U 23004AC  26042.94116179  .00000075  00000+0  16024-3 0  9991
2 55166  87.9104  30.7550 0001662  86.9401 273.1921 13.17650357151085
ONEWEB-0626             
1 55167U 23004AD  26042.93102906 -.00000202  00000+0 -55375-3 0  9990
2 55167  87.9110  30.7561 0002036 101.2001 258.9359 13.17648646151082
ONEWEB-0627             
1 55168U 23004AE  26042.91922171  .00000071  00000+0  15050-3 0  9991
2 55168  87.9102  30.7596 0002329  78.2415 281.8978 13.17648790151081
ONEWEB-0628             
1 55169U 23004AF  26042.91865979  .00000307  00000+0  81807-3 0  9999
2 55169  87.8965  15.5144 0002231  66.0914 294.0448 13.12442908151603
ONEWEB-0629             
1 55170U 23004AG  26042.97068880  .00000180  00000+0  43156-3 0  9997
2 55170  87.9106  30.7468 0001769  77.6561 282.4768 13.17650108151099
ONEWEB-0631             
1 55171U 23004AH  26042.90491884 -.00000064  00000+0 -19398-3 0  9999
2 55171  87.9230   0.3055 0002303  89.9215 270.2181 13.18686439153161
ONEWEB-0709             
1 55172U 23004AJ  26042.92505515  .00000335  00000+0  91064-3 0  9998
2 55172  87.8822  46.0042 0002119 110.2939 249.8417 13.11415289149454
ONEWEB-0710             
1 55173U 23004AK  26042.90909548  .00000012  00000+0 -16462-5 0  9995
2 55173  87.9106  30.7540 0002039  81.9967 278.1396 13.17648879151082
ONEWEB-0711             
1 55174U 23004AL  26042.89622024 -.00000030  00000+0 -12160-3 0  9995
2 55174  87.8833  45.9882 0002499  77.8227 282.3181 13.11419164149419
ONEWEB-0713             
1 55175U 23004AM  26042.91487825  .00000497  00000+0  13672-2 0  9990
2 55175  87.8835  45.9847 0002156  84.0249 276.1124 13.11417649149400
ONEWEB-0715             
1 55176U 23004AN  26042.90979689  .00000534  00000+0  14701-2 0  9990
2 55176  87.8824  45.9875 0002496  98.1550 261.9861 13.11417974149443
ONEWEB-0716             
1 55177U 23004AP  26042.90234452  .00000008  00000+0 -12438-4 0  9997
2 55177  87.9108  30.7549 0001637  85.0070 275.1249 13.17650232151080
ONEWEB-0717             
1 55178U 23004AQ  26042.96140266 -.00000071  00000+0 -21577-3 0  9997
2 55178  87.9118  30.7201 0002550  78.7661 281.3757 13.17649972151146
ONEWEB-0719             
1 55179U 23004AR  26042.51593511  .00000003  00000+0 -26296-4 0  9992
2 55179  87.9114  30.7909 0001715  81.3423 278.7903 13.17650047151032
ONEWEB-0530             
1 55796U 23029A   26042.71295138  .00000093  00000+0  19578-3 0  9992
2 55796  87.9205 299.5246 0001990  69.3612 290.7735 13.20770595144582
ONEWEB-0534             
1 55797U 23029B   26042.77608341 -.00000032  00000+0 -11006-3 0  9996
2 55797  87.9208 299.5112 0001505  73.2186 286.9112 13.20769127144596
ONEWEB-0556             
1 55798U 23029C   26042.78239037 -.00000165  00000+0 -43711-3 0  9995
2 55798  87.9210 299.5135 0001201  47.8113 312.3122 13.20772533144595
ONEWEB-0562             
1 55799U 23029D   26042.76977178 -.00000076  00000+0 -21992-3 0  9997
2 55799  87.9203 299.4944 0002017  55.4699 304.6625 13.20769635144596
ONEWEB-0563             
1 55800U 23029E   26042.76345749 -.00000038  00000+0 -12651-3 0  9993
2 55800  87.9209 299.5259 0001396  80.8689 279.2602 13.20770020144586
ONEWEB-0564             
1 55801U 23029F   26042.75714809 -.00000026  00000+0 -95280-4 0  9997
2 55801  87.9205 299.4995 0001815  69.7626 290.3702 13.20769539144591
ONEWEB-0638             
1 55802U 23029G   26042.72260269  .00000051  00000+0  10412-3 0  9990
2 55802  87.9014 314.7812 0001601  58.9428 301.1858 13.14504457142918
ONEWEB-0639             
1 55803U 23029H   26042.78256478  .00000021  00000+0  20796-4 0  9998
2 55803  87.9251 329.9451 0001156 113.7759 246.3495 13.19725066142363
ONEWEB-0640             
1 55804U 23029J   26042.73212042  .00000194  00000+0  48759-3 0  9992
2 55804  87.9020 314.7690 0001137  55.3203 304.8034 13.14504403142936
ONEWEB-0641             
1 55805U 23029K   26042.85363372 -.00000193  00000+0 -51382-3 0  9996
2 55805  87.9256 329.9164 0001625  82.8919 277.2398 13.19726352142382
ONEWEB-0642             
1 55806U 23029L   26042.84889964  .00000035  00000+0  56021-4 0  9995
2 55806  87.9245 329.9334 0001524 109.8057 250.3240 13.19723713142376
ONEWEB-0643             
1 55807U 23029M   26042.77809961 -.00000164  00000+0 -47771-3 0  9993
2 55807  87.9021 314.7467 0001650 100.4429 259.6886 13.14503638142913
ONEWEB-0644             
1 55808U 23029N   26042.76834869  .00000042  00000+0  73021-4 0  9999
2 55808  87.9246 329.9581 0001611  89.8692 270.2625 13.19727545142366
ONEWEB-0645             
1 55809U 23029P   26042.86627769  .00000037  00000+0  59905-4 0  9999
2 55809  87.9244 329.9301 0001215  81.9901 278.1370 13.19724378142377
ONEWEB-0646             
1 55810U 23029Q   26042.73202029  .00000061  00000+0  12093-3 0  9998
2 55810  87.9250 329.9553 0001676  86.6281 273.5044 13.19725112142340
ONEWEB-0648             
1 55811U 23029R   26042.74638510  .00000261  00000+0  67034-3 0  9995
2 55811  87.9025 314.7171 0000889 106.0431 254.0797 13.14503454142918
ONEWEB-0649             
1 55812U 23029S   26042.75728198 -.00000137  00000+0 -37557-3 0  9990
2 55812  87.9250 329.9472 0001431  86.4242 273.7055 13.19726822142383
ONEWEB-0650             
1 55813U 23029T   26042.75255581  .00000092  00000+0  19728-3 0  9990
2 55813  87.9251 329.9514 0001496  92.8625 267.2679 13.19725217142353
ONEWEB-0652             
1 55814U 23029U   26042.72736554  .00000157  00000+0  38871-3 0  9994
2 55814  87.9018 314.7379 0001855  74.2098 285.9236 13.14504530142885
ONEWEB-0653             
1 55815U 23029V   26042.71150468 -.00000183  00000+0 -52809-3 0  9996
2 55815  87.9016 314.7309 0001705  70.1232 290.0081 13.14503934142912
ONEWEB-0654             
1 55816U 23029W   26042.70674414 -.00000216  00000+0 -61748-3 0  9997
2 55816  87.9017 314.7318 0001988  68.5648 291.5694 13.14503841142934
ONEWEB-0656             
1 55817U 23029X   26042.75083420  .00000037  00000+0  57856-4 0  9999
2 55817  87.9213 299.4649 0001983  69.4496 290.6850 13.20770221144598
ONEWEB-0657             
1 55818U 23029Y   26042.74780941 -.00000220  00000+0 -58106-3 0  9995
2 55818  87.9244 329.9515 0002505  83.2816 276.8601 13.19724659142360
ONEWEB-0658             
1 55819U 23029Z   26042.74306881 -.00000001  00000+0 -35884-4 0  9999
2 55819  87.9260 329.9165 0001620  91.0680 269.0638 13.19727506142372
ONEWEB-0660             
1 55820U 23029AA  26042.76065446 -.00000012  00000+0 -67186-4 0  9994
2 55820  87.9031 314.7048 0001374  75.7438 284.3845 13.14502347142928
ONEWEB-0661             
1 55821U 23029AB  26042.71942121 -.00000042  00000+0 -14656-3 0  9990
2 55821  87.9014 314.7726 0001451  68.7265 291.4020 13.14505703142900
ONEWEB-0662             
1 55822U 23029AC  26042.75431291  .00000117  00000+0  28182-3 0  9996
2 55822  87.9022 314.7727 0001366  75.7839 284.3443 13.14503176142958
ONEWEB-0663             
1 55823U 23029AD  26042.71795774  .00000074  00000+0  14936-3 0  9996
2 55823  87.9228 299.5431 0001243  90.7808 269.3467 13.20860553144588
ONEWEB-0664             
1 55824U 23029AE  26042.73822567 -.00000827  00000+0 -20671-2 0  9990
2 55824  87.9205 299.5337 0001470  65.8593 294.2694 13.20761175144584
ONEWEB-0665             
1 55825U 23029AF  26042.71625649 -.00000052  00000+0 -17564-3 0  9999
2 55825  87.9018 314.7526 0001348  79.6428 280.4854 13.14502846142923
ONEWEB-0666             
1 55826U 23029AG  26042.73189874  .00000047  00000+0  83393-4 0  9993
2 55826  87.9207 299.5257 0002368  81.6022 278.5380 13.20770475144590
ONEWEB-0667             
1 55827U 23029AH  26042.72557674  .00000089  00000+0  18760-3 0  9991
2 55827  87.9214 299.4651 0001485  76.2275 283.9023 13.20770152144580
ONEWEB-0669             
1 55828U 23029AJ  26042.72083984  .00000018  00000+0  11812-4 0  9994
2 55828  87.9207 299.4942 0001990  62.9100 297.2236 13.20773884144585
ONEWEB-0670             
1 55829U 23029AK  26042.77017132 -.00000109  00000+0 -32712-3 0  9996
2 55829  87.9019 314.7604 0001463  62.2448 297.8830 13.14503677142955
ONEWEB-0671             
1 55830U 23029AL  26042.73833049  .00000008  00000+0 -11345-4 0  9994
2 55830  87.9249 329.9534 0001608  74.4885 285.6425 13.19727888142359
ONEWEB-0672             
1 55831U 23029AM  26042.71611445  .00000090  00000+0  18922-3 0  9994
2 55831  87.9216 299.4786 0001927  73.7101 286.4245 13.20770987144587
ONEWEB-0673             
1 55832U 23029AN  26042.71542923  .00000043  00000+0  75936-4 0  9996
2 55832  87.9250 329.9428 0001692  82.3394 277.7931 13.19724424142358
ONEWEB-0674             
1 55833U 23029AP  26042.73846422  .00000286  00000+0  73781-3 0  9994
2 55833  87.9017 314.7447 0001486  63.6618 296.4665 13.14505131142938
ONEWEB-0675             
1 55834U 23029AQ  26042.73043431  .00000078  00000+0  16347-3 0  9998
2 55834  87.9241 329.9591 0002025  84.9880 275.1484 13.19723795142377
ONEWEB-0720             
1 55835U 23029AR  26042.72253949  .00000071  00000+0  14446-3 0  9996
2 55835  87.9246 329.9597 0001470  87.0798 273.0503 13.19723758142293
ONEWEB-0537             
1 56046U 23043A   26042.57162107  .00000129  00000+0  30304-3 0  9990
2 56046  87.9006 253.7738 0001718  85.7687 274.3641 13.16595153142436
ONEWEB-0538             
1 56047U 23043B   26042.94527254 -.00000011  00000+0 -63580-4 0  9995
2 56047  87.8999 253.7020 0001666 101.0666 259.0652 13.16593766142498
ONEWEB-0546             
1 56048U 23043C   26042.62861600  .00000078  00000+0  17118-3 0  9993
2 56048  87.9003 253.7612 0002167  84.5764 275.5615 13.16593641142443
ONEWEB-0547             
1 56049U 23043D   26042.66855776  .00000021  00000+0  19571-4 0  9999
2 56049  87.9185 269.0106 0001491  89.1991 270.9314 13.21826751141648
ONEWEB-0548             
1 56050U 23043E   26042.57715228  .00000085  00000+0  18874-3 0  9992
2 56050  87.9000 253.7732 0001349  72.7883 287.3396 13.16595560142436
ONEWEB-0549             
1 56051U 23043F   26042.66114830  .00000049  00000+0  86011-4 0  9994
2 56051  87.9186 269.0248 0001534  95.5581 264.5728 13.21823876141646
ONEWEB-0550             
1 56052U 23043G   26042.57229057  .00000027  00000+0  33427-4 0  9992
2 56052  87.9183 269.0373 0001555  79.0449 281.0860 13.21826604141638
ONEWEB-0551             
1 56053U 23043H   26042.73668783  .00000098  00000+0  22566-3 0  9993
2 56053  87.8974 284.2788 0001465  95.2810 264.8487 13.15550706139908
ONEWEB-0552             
1 56054U 23043J   26042.56734337 -.00000164  00000+0 -42822-3 0  9997
2 56054  87.9183 269.0468 0001275  88.1291 271.9989 13.21824992141638
ONEWEB-0553             
1 56055U 23043K   26042.63494516  .00000105  00000+0  24125-3 0  9997
2 56055  87.9000 253.7639 0001842  81.0570 279.0769 13.16594814142456
ONEWEB-0554             
1 56056U 23043L   26042.62227596  .00000007  00000+0 -14045-4 0  9992
2 56056  87.8999 253.7766 0001465  79.9185 280.2112 13.16593997142438
ONEWEB-0555             
1 56057U 23043M   26042.58428841  .00000080  00000+0  17561-3 0  9999
2 56057  87.9008 253.7696 0002019  81.1169 279.0191 13.16594904142438
ONEWEB-0557             
1 56058U 23043N   26042.59853474  .00000022  00000+0  24169-4 0  9994
2 56058  87.9002 253.7777 0002215  47.3373 312.7944 13.16595234142430
ONEWEB-0558             
1 56059U 23043P   26042.63645736 -.00000146  00000+0 -38526-3 0  9990
2 56059  87.9182 269.0253 0001621 106.6132 253.5180 13.21825109141651
ONEWEB-0559             
1 56060U 23043Q   26042.70064735 -.00000001  00000+0 -34523-4 0  9998
2 56060  87.9181 269.0065 0001357  95.0523 265.0765 13.21826222141670
ONEWEB-0566             
1 56061U 23043R   26042.69406179  .00000013  00000+0 -10585-5 0  9994
2 56061  87.9184 269.0069 0001416  97.0636 263.0659 13.21824116141659
ONEWEB-0568             
1 56062U 23043S   26042.61594111 -.00006988  00000+0 -18318-1 0  9997
2 56062  87.9004 253.7643 0002128  92.5807 267.5567 13.16628509142458
ONEWEB-0574             
1 56063U 23043T   26042.61176873 -.00000078  00000+0 -22126-3 0  9997
2 56063  87.9194 269.0133 0001504  78.1041 282.0262 13.21827882141689
ONEWEB-0575             
1 56064U 23043U   26042.60961541 -.00000006  00000+0 -49089-4 0  9990
2 56064  87.9000 253.7635 0001672  71.7727 288.3586 13.16594915142444
ONEWEB-0576             
1 56065U 23043V   26042.66661385  .00000027  00000+0  37147-4 0  9993
2 56065  87.9007 253.7555 0001572  81.2955 278.8354 13.16594918142441
ONEWEB-0577             
1 56066U 23043W   26042.59694996  .00000007  00000+0 -14868-4 0  9994
2 56066  87.9009 253.7687 0001550  57.5127 302.6154 13.16594836142468
ONEWEB-0578             
1 56067U 23043X   26042.67431625  .00000015  00000+0  47348-5 0  9990
2 56067  87.9183 269.0098 0001814  81.5326 278.6014 13.21824917141658
ONEWEB-0579             
1 56068U 23043Y   26042.66443554  .00000079  00000+0  15895-3 0  9994
2 56068  87.9189 269.0006 0001269  88.9062 271.2218 13.21823835141660
ONEWEB-0581             
1 56069U 23043Z   26042.60328265  .00000034  00000+0  54595-4 0  9992
2 56069  87.9004 253.7784 0001315  82.9834 277.1447 13.16595025142439
ONEWEB-0609             
1 56070U 23043AA  26042.68916118 -.00000096  00000+0 -28976-3 0  9995
2 56070  87.8975 284.2745 0001569  82.9092 277.2216 13.15549100139938
ONEWEB-0613             
1 56071U 23043AB  26042.68441016 -.00000044  00000+0 -15022-3 0  9997
2 56071  87.8974 284.2867 0001353  88.8712 271.2574 13.15549673139934
ONEWEB-0630             
1 56072U 23043AC  26042.67964594 -.00000088  00000+0 -26780-3 0  9999
2 56072  87.8978 284.2589 0001305  78.1870 281.9406 13.15551688139924
ONEWEB-0632             
1 56073U 23043AD  26042.67490017  .00000036  00000+0  62200-4 0  9993
2 56073  87.8977 284.2766 0001437  72.3717 287.7571 13.15548975139925
ONEWEB-0633             
1 56074U 23043AE  26042.66856904  .00000110  00000+0  25861-3 0  9998
2 56074  87.8985 284.2425 0001375  97.5787 262.5499 13.15549951139907
ONEWEB-0634             
1 56075U 23043AF  26042.73036076  .00000178  00000+0  43916-3 0  9992
2 56075  87.8978 284.2814 0001798  90.5568 269.5769 13.15549107139901
ONEWEB-0635             
1 56076U 23043AG  26042.72560136  .00000120  00000+0  28477-3 0  9993
2 56076  87.8979 284.2353 0001454  72.4848 287.6441 13.15548821139933
ONEWEB-0636             
1 56077U 23043AH  26042.71767992  .00000069  00000+0  14868-3 0  9993
2 56077  87.8973 284.2527 0001498  71.8744 288.2550 13.15548659139912
ONEWEB-0637             
1 56078U 23043AJ  26042.63530190  .00000012  00000+0 -87269-6 0  9990
2 56078  87.8976 284.2868 0001789  73.5937 286.5390 13.15549067139928
ONEWEB-0647             
1 56079U 23043AK  26042.70659224 -.00000090  00000+0 -27214-3 0  9997
2 56079  87.8976 284.2860 0001357  79.1337 280.9947 13.15549219139923
ONEWEB-0651             
1 56080U 23043AL  26042.70184021 -.00000099  00000+0 -29675-3 0  9999
2 56080  87.8975 284.2806 0001637  70.3763 289.7544 13.15549404141122
ONEWEB-0718             
1 56081U 23043AM  26042.69706214 -.00000037  00000+0 -13349-3 0  9995
2 56081  87.8975 284.2623 0001933  90.2125 269.9227 13.15546153139934
ONEWEB-0561             
1 56710U 23068A   26042.74452720  .00000030  00000+0  43011-4 0  9998
2 56710  87.9207 299.4835 0001374  69.4205 290.7076 13.20770689132948
ONEWEB-0668             
1 56711U 23068B   26042.57795433  .00000141  00000+0  33619-3 0  9996
2 56711  87.9014 253.7635 0002067  86.9824 273.1543 13.16594868135256
ONEWEB-0676             
1 56712U 23068C   26042.66185230 -.00000031  00000+0 -11461-3 0  9996
2 56712  87.9003 253.7621 0001444  78.7857 281.3436 13.16593774135182
ONEWEB-0677             
1 56713U 23068D   26042.73347568  .00000114  00000+0  24815-3 0  9996
2 56713  87.9212 299.4755 0001821  73.7295 286.4039 13.20770798133248
ONEWEB-0678             
1 56714U 23068E   26042.66539354  .00000110  00000+0  25786-3 0  9999
2 56714  87.8986 284.2475 0001237  87.0239 273.1033 13.15549106132780
ONEWEB-0679             
1 56715U 23068F   26042.62070458 -.00000017  00000+0 -77010-4 0  9997
2 56715  87.9011 253.7535 0001977  76.5182 283.6169 13.16594671135204
ONEWEB-0680             
1 56716U 23068G   26042.66775340  .00000132  00000+0  28725-3 0  9998
2 56716  87.9194 269.0003 0002139  82.3559 277.7818 13.21826326134510
ONEWEB-0681             
1 56717U 23068H   26042.57145965  .00000085  00000+0  17452-3 0  9995
2 56717  87.9187 269.0305 0001490  46.9192 313.2067 13.21827795134496
ONEWEB-0682             
1 56718U 23068J   26042.69153441 -.00000078  00000+0 -24064-3 0  9998
2 56718  87.8974 284.2518 0002052  76.6376 283.4984 13.15549142132959
ONEWEB-0683             
1 56719U 23068K   26042.71293181 -.00000014  00000+0 -71239-4 0  9995
2 56719  87.8988 284.2379 0001781  81.7389 278.3944 13.15549038132929
ONEWEB-0684             
1 56720U 23068L   26042.72085237  .00000007  00000+0 -15622-4 0  9994
2 56720  87.8985 284.2293 0001224 139.3529 220.7693 13.15548630132751
ONEWEB-0686             
1 56721U 23068M   26042.65710272  .00000066  00000+0  13918-3 0  9990
2 56721  87.8998 253.7897 0001569  95.8977 264.2333 13.16570881135191
ONEWEB-0694             
1 56722U 23068N   26042.66343927 -.00000009  00000+0 -56321-4 0  9996
2 56722  87.9012 253.7290 0001988  89.4150 270.7209 13.16595899135251
ONEWEB-0696             
1 56723U 23068P   26042.67806095 -.00000139  00000+0 -40356-3 0  9992
2 56723  87.8981 284.2861 0001078  93.1697 266.9556 13.15547875132863
ONEWEB-0703             
1 56724U 23068Q   26042.68757766 -.00000070  00000+0 -22066-3 0  9996
2 56724  87.8973 284.2646 0000590  55.4933 304.6253 13.15549780132757
ONEWEB-0721             
1 56725U 23068R   26042.69657130 -.00000062  00000+0 -18433-3 0  9996
2 56725  86.6804 125.5766 0001809 105.9424 254.1908 13.22459075141355
ONEWEB-0015             
1 61594U 24188A   26042.95386410 -.00000482  00000+0 -13948-2 0  9990
2 61594  87.8824  46.0096 0002002  70.7920 289.3424 13.11415938 68044
ONEWEB-0687             
1 61595U 24188B   26042.93610114  .00000018  00000+0  13756-4 0  9992
2 61595  87.9095  30.7684 0002377  81.0225 279.1176 13.17646910 69401
ONEWEB-0688             
1 61596U 24188C   26042.88885607  .00000005  00000+0 -21308-4 0  9997
2 61596  87.9095  30.7773 0002442  57.4478 302.6889 13.17648379 69393
ONEWEB-0689             
1 61597U 24188D   26042.91149138  .00000394  00000+0  10769-2 0  9991
2 61597  87.8834  45.9555 0002219  90.0292 270.1091 13.11416952 68037
ONEWEB-0690             
1 61598U 24188E   26042.92166303  .00000455  00000+0  12481-2 0  9997
2 61598  87.8838  45.9739 0001130  91.5051 268.6206 13.11416310 68214
ONEWEB-0691             
1 61599U 24188F   26042.53509471  .00000579  00000+0  15979-2 0  9994
2 61599  87.8856  45.9473 0001922  85.2322 274.9026 13.11416443 68015
ONEWEB-0692             
1 61600U 24188G   26042.93691512 -.00000143  00000+0 -43893-3 0  9995
2 61600  87.8816  46.0074 0002255 109.7529 250.3842 13.11414773 68056
ONEWEB-0693             
1 61601U 24188H   26042.90067367  .00000039  00000+0  67235-4 0  9997
2 61601  87.9096  30.7960 0001029  72.1432 287.9812 13.17648482 69388
ONEWEB-0695             
1 61602U 24188J   26042.91319285  .00000518  00000+0  14251-2 0  9998
2 61602  87.8828  46.0014 0002275  98.1977 261.9409 13.11415487 68044
ONEWEB-0697             
1 61603U 24188K   26042.94538932 -.00000343  00000+0 -10032-2 0  9995
2 61603  87.8821  45.9845 0002266 116.3980 243.7381 13.11415299 68032
ONEWEB-0698             
1 61604U 24188L   26042.92336034  .00000422  00000+0  11546-2 0  9990
2 61604  87.8823  46.0053 0001426 125.5097 234.6164 13.11415940 68059
ONEWEB-0699             
1 61605U 24188M   26042.60741079 -.00000535  00000+0 -15704-2 0  9992
2 61605  87.8757  61.2834 0002021 111.8697 248.2646 13.10370398 66867
ONEWEB-0700             
1 61606U 24188N   26042.60906569 -.00000564  00000+0 -16532-2 0  9992
2 61606  87.8771  61.1745 0002312 107.2436 252.8945 13.10371134 66858
ONEWEB-0701             
1 61607U 24188P   26042.54930740 -.00000262  00000+0 -78694-3 0  9997
2 61607  87.8758  61.2954 0002123 115.4032 244.7315 13.10374058 66859
ONEWEB-0702             
1 61608U 24188Q   26042.51134660 -.00000117  00000+0 -36601-3 0  9993
2 61608  87.8840  45.9714 0002521 111.8814 248.2582 13.11419064 68018
ONEWEB-0704             
1 61609U 24188R   26042.53770819 -.00000661  00000+0 -19300-2 0  9998
2 61609  87.8776  61.2696 0002541 110.4108 249.7293 13.10372224 66838
ONEWEB-0705             
1 61610U 24188S   26042.54267282 -.00000664  00000+0 -19371-2 0  9997
2 61610  87.8762  61.2848 0003001  91.1417 269.0054 13.10373557 59005
ONEWEB-0706             
1 61611U 24188T   26042.60409309 -.00000476  00000+0 -13995-2 0  9990
2 61611  87.8756  61.2866 0002430  99.1782 260.9620 13.10369436 66937
ONEWEB-0707             
1 61612U 24188U   26042.61072264 -.00000631  00000+0 -18438-2 0  9998
2 61612  87.8762  61.2706 0002320 103.0873 257.0514 13.10370655 66879
ONEWEB-0708             
1 61613U 24188V   26042.55264668 -.00000149  00000+0 -46182-3 0  9995
2 61613  87.8755  61.3123 0002370  84.0775 276.0622 13.10375840 66849
