ONEWEB-0012             
1 44057U 19010A   26154.57372596  .00000028  00000+0  39910-4 0  9998
2 44057  87.9105 231.4883 0002202  88.4413 271.6971 13.16593652349779
ONEWEB-0010             
1 44058U 19010B   26154.59905469  .00000100  00000+0  22922-3 0  9997
2 44058  87.9107 231.4787 0001643 100.7475 259.3841 13.16593776349821
ONEWEB-0008             
1 44059U 19010C   26154.24440964 -.00000035  00000+0 -12410-3 0  9994
2 44059  87.9104 231.5448 0002288 105.2696 254.8688 13.16595019349893
ONEWEB-0007             
1 44060U 19010D   26154.26843687  .00000069  00000+0  14895-3 0  9991
2 44060  87.9001 261.9939 0001686  95.1893 264.9429 13.15547380349544
ONEWEB-0006             
1 44061U 19010E   26154.27238940  .00000085  00000+0  19290-3 0  9995
2 44061  87.9016 261.9550 0001722 104.9898 255.1423 13.15547085349598
ONEWEB-0011             
1 44062U 19010F   26154.31676296 -.00000061  00000+0 -19735-3 0  9991
2 44062  87.9012 261.9568 0001894 107.1603 252.9735 13.15550040349599
ONEWEB-0013             
1 45131U 20008A   26154.26328746  .00000526  00000+0  14893-2 0  9999
2 45131  87.8522  55.6330 0002724  66.1813 293.9599 13.09452808304249
ONEWEB-0017             
1 45132U 20008B   26154.17899817 -.00000489  00000+0 -14380-2 0  9993
2 45132  87.8847  39.0583 0001611  81.7371 278.3939 13.10375536306119
ONEWEB-0020             
1 45133U 20008C   26154.22549109  .00000070  00000+0  16431-3 0  9990
2 45133  87.8846  39.0471 0001808  84.0771 276.0563 13.10369740306515
ONEWEB-0021             
1 45134U 20008D   26154.62220517 -.00000552  00000+0 -16183-2 0  9994
2 45134  87.8840  38.9848 0001818  78.1857 281.9474 13.10370764306879
ONEWEB-0023             
1 45136U 20008F   26154.17484883 -.00000583  00000+0 -17057-2 0  9999
2 45136  87.8850  39.0550 0001943  79.6972 280.4374 13.10374713306249
ONEWEB-0024             
1 45137U 20008G   26154.22396641  .00000149  00000+0  39024-3 0  9995
2 45137  87.8853  39.0367 0001768  80.2447 279.8880 13.10369301306419
ONEWEB-0025             
1 45138U 20008H   26154.22369196  .00000191  00000+0  50958-3 0  9997
2 45138  87.8855  39.0262 0002015  97.5087 262.6269 13.10369983306746
ONEWEB-0026             
1 45139U 20008J   26154.57772910 -.00000358  00000+0 -10451-2 0  9998
2 45139  87.8898  23.7794 0001699  71.3427 288.7886 13.11416177309329
ONEWEB-0028             
1 45140U 20008K   26154.55121914  .00000552  00000+0  15337-2 0  9992
2 45140  87.8896  23.7903 0002232  72.5230 287.6141 13.10851760306835
ONEWEB-0032             
1 45141U 20008L   26154.18078765 -.00007815  00000+0 -22430-1 0  9999
2 45141  87.8851  39.0599 0002510  88.4088 271.7327 13.10410584306468
ONEWEB-0033             
1 45142U 20008M   26154.61390925 -.00000212  00000+0 -64425-3 0  9999
2 45142  87.8840  38.9808 0001336  86.4501 273.6780 13.10369558306436
ONEWEB-0035             
1 45143U 20008N   26154.17583174 -.00000443  00000+0 -13052-2 0  9996
2 45143  87.8846  39.0610 0001705  81.0125 279.1195 13.10375284306107
ONEWEB-0036             
1 45144U 20008P   26154.60456355  .00000355  00000+0  98855-3 0  9990
2 45144  87.8853  38.9828 0002045  84.3358 275.8002 13.09817741306586
ONEWEB-0038             
1 45145U 20008Q   26154.58803936 -.00000568  00000+0 -16397-2 0  9997
2 45145  87.8909  23.7816 0001701  18.3148 341.8040 13.11416594308548
ONEWEB-0039             
1 45146U 20008R   26154.61723649 -.00000201  00000+0 -61180-3 0  9999
2 45146  87.8844  38.9698 0002139  68.7996 291.3359 13.10372131306388
ONEWEB-0040             
1 45147U 20008S   26154.61059486  .00000021  00000+0  23390-4 0  9991
2 45147  87.8838  38.9826 0001761  77.3043 282.8281 13.10369917306088
ONEWEB-0043             
1 45149U 20008U   26154.61225839 -.00000122  00000+0 -38549-3 0  9995
2 45149  87.8841  38.9691 0002254  74.7202 285.4174 13.10370415306401
ONEWEB-0044             
1 45150U 20008V   26154.18232215 -.00000220  00000+0 -66568-3 0  9996
2 45150  87.8856  39.0548 0001910  75.1156 285.0183 13.10377562306645
ONEWEB-0045             
1 45151U 20008W   26154.58281750 -.00000481  00000+0 -13917-2 0  9997
2 45151  87.8910  23.7665 0001830  79.5032 280.6302 13.11416460308625
ONEWEB-0047             
1 45152U 20008X   26154.17554747 -.00000472  00000+0 -13891-2 0  9993
2 45152  87.8854  39.0557 0001612  78.9082 281.2227 13.10374603306362
ONEWEB-0048             
1 45153U 20008Y   26154.17069816 -.00000590  00000+0 -17272-2 0  9990
2 45153  87.8844  39.0785 0001751  80.2591 279.8735 13.10373278305970
ONEWEB-0049             
1 45154U 20008Z   26154.17388491 -.00000549  00000+0 -16103-2 0  9990
2 45154  87.8847  39.0672 0002185  86.0037 274.1341 13.10375463306194
ONEWEB-0051             
1 45155U 20008AA  26154.58112977 -.00000404  00000+0 -11756-2 0  9999
2 45155  87.8904  23.7762 0001798  80.5974 279.5357 13.11416092309304
ONEWEB-0052             
1 45156U 20008AB  26154.57588378  .00000227  00000+0  61349-3 0  9996
2 45156  87.8851  38.9730 0002239  85.7093 274.4290 13.10376684306150
ONEWEB-0053             
1 45157U 20008AC  26154.22715008 -.00000020  00000+0 -92490-4 0  9996
2 45157  87.8840  39.0644 0002289  77.6989 282.4394 13.10369690306089
ONEWEB-0054             
1 45158U 20008AD  26154.18564469 -.00000042  00000+0 -15741-3 0  9992
2 45158  87.8857  39.0542 0001842  81.1203 279.0132 13.10377951306191
ONEWEB-0056             
1 45159U 20008AE  26154.61546352 -.00000003  00000+0 -44304-4 0  9997
2 45159  87.8848  38.9624 0001883  91.1672 268.9671 13.10369350306400
ONEWEB-0057             
1 45160U 20008AF  26154.17415421 -.00000501  00000+0 -14718-2 0  9999
2 45160  87.8849  39.0631 0002300  76.2433 283.8950 13.10373580306515
ONEWEB-0058             
1 45161U 20008AG  26154.61902639 -.00000383  00000+0 -11342-2 0  9999
2 45161  87.8839  38.9814 0001634  77.0666 283.0644 13.10369950306644
ONEWEB-0059             
1 45162U 20008AH  26154.61571168 -.00000213  00000+0 -64591-3 0  9996
2 45162  87.8841  38.9803 0001803  74.1207 286.0119 13.10369831306540
ONEWEB-0062             
1 45163U 20008AJ  26154.18052532 -.00000292  00000+0 -87151-3 0  9992
2 45163  87.8853  39.0537 0001371  80.5143 279.6139 13.10376492306350
ONEWEB-0065             
1 45164U 20008AK  26154.59553096  .00000644  00000+0  18078-2 0  9999
2 45164  87.8849  38.9789 0002182  85.5354 274.6023 13.10373120306108
ONEWEB-0066             
1 45424U 20020A   26154.56586721  .00000074  00000+0  17410-3 0  9997
2 45424  87.8897  23.7822 0001805  85.7894 274.3441 13.11415987300892
ONEWEB-0067             
1 45425U 20020B   26154.60382212 -.00000084  00000+0 -27343-3 0  9991
2 45425  87.8919  23.6939 0001999  82.7079 277.4276 13.11425104300951
ONEWEB-0080             
1 45426U 20020C   26154.60330817 -.00000106  00000+0 -33605-3 0  9999
2 45426  87.8916  23.7707 0001474  82.4343 277.6953 13.11418611300928
ONEWEB-0090             
1 45427U 20020D   26154.55583755  .00000450  00000+0  12326-2 0  9991
2 45427  87.8908  23.7837 0001716  84.0479 276.0845 13.11416318300881
ONEWEB-0061             
1 45428U 20020E   26154.58776426 -.00000532  00000+0 -15367-2 0  9995
2 45428  87.8906  23.7625 0001784  85.9058 274.2274 13.11416962300840
ONEWEB-0081             
1 45429U 20020F   26154.56925965 -.00000119  00000+0 -37229-3 0  9991
2 45429  87.8904  23.7772 0001900  72.4512 287.6823 13.11415621300959
ONEWEB-0069             
1 45430U 20020G   26154.57109019 -.00000138  00000+0 -42633-3 0  9994
2 45430  87.8903  23.7793 0001848  81.2970 278.8367 13.11417146300881
ONEWEB-0031             
1 45431U 20020H   26154.60656441  .00000105  00000+0  26119-3 0  9998
2 45431  87.8897  23.7784 0001625  85.9661 274.1652 13.11418976300872
ONEWEB-0027             
1 45432U 20020J   26154.58115491  .00000119  00000+0  28046-3 0  9997
2 45432  87.9150   8.5651 0001773  99.7080 260.4251 13.16053407304564
ONEWEB-0064             
1 45433U 20020K   26154.14708675  .00000135  00000+0  34533-3 0  9998
2 45433  87.8903  23.8605 0001670  87.1619 272.9700 13.11420827300847
ONEWEB-0018             
1 45434U 20020L   26154.56078542  .00000248  00000+0  66323-3 0  9995
2 45434  87.8899  23.7781 0001643  72.1028 288.0279 13.11416086300845
ONEWEB-0083             
1 45435U 20020M   26154.62705697  .00000533  00000+0  14690-2 0  9997
2 45435  87.8905  23.7578 0001729  83.5285 276.6040 13.11415949300895
ONEWEB-0095             
1 45436U 20020N   26154.61857308  .00000309  00000+0  83684-3 0  9995
2 45436  87.8909  23.7677 0002302 101.4044 258.7342 13.11417411300893
ONEWEB-0092             
1 45437U 20020P   26154.57609095 -.00000276  00000+0 -80907-3 0  9999
2 45437  87.8906  23.7697 0002108  87.5244 272.6126 13.11953978301005
ONEWEB-0085             
1 45438U 20020Q   26154.62678241  .00000516  00000+0  14206-2 0  9998
2 45438  87.8896  23.7655 0001787  86.1145 274.0188 13.11416583300891
ONEWEB-0096             
1 45439U 20020R   26154.55232971 -.00000106  00000+0 -33454-3 0  9991
2 45439  87.8917  23.7751 0002367  80.4936 279.6459 13.11411468300870
ONEWEB-0037             
1 45440U 20020S   26154.59073220 -.00000409  00000+0 -11821-2 0  9996
2 45440  87.8918  23.7425 0001857  86.1100 274.0241 13.11912264300913
ONEWEB-0042             
1 45441U 20020T   26154.61829878  .00000450  00000+0  12329-2 0  9996
2 45441  87.8905  23.7587 0001875  80.4947 279.6392 13.11418233300886
ONEWEB-0098             
1 45442U 20020U   26154.61419814  .00000310  00000+0  83809-3 0  9999
2 45442  87.8904  23.7692 0001711  84.2317 275.9006 13.11417772300861
ONEWEB-0055             
1 45443U 20020V   26154.59285880 -.00000483  00000+0 -13991-2 0  9998
2 45443  87.8907  23.7721 0001727  86.6548 273.4778 13.11415588300836
ONEWEB-0093             
1 45444U 20020W   26154.57278762 -.00000262  00000+0 -77609-3 0  9990
2 45444  87.8905  23.7691 0002100  70.8542 289.2813 13.11415826300892
ONEWEB-0029             
1 45445U 20020X   26154.59992916 -.00000156  00000+0 -47695-3 0  9991
2 45445  87.8898  23.7735 0001885  78.2101 281.9238 13.11421065300875
ONEWEB-0068             
1 45446U 20020Y   26154.57251522 -.00000219  00000+0 -65485-3 0  9998
2 45446  87.8907  23.7724 0001869  75.8112 284.3223 13.11415139300812
ONEWEB-0046             
1 45447U 20020Z   26154.56417338  .00000192  00000+0  50592-3 0  9998
2 45447  87.8901  23.7808 0002072  83.3825 276.7538 13.11416142300822
ONEWEB-0063             
1 45448U 20020AA  26154.59313495 -.00000458  00000+0 -13283-2 0  9993
2 45448  87.8908  23.7728 0002090  88.1237 272.0130 13.11419378300912
ONEWEB-0019             
1 45449U 20020AB  26154.55556707  .00000476  00000+0  13061-2 0  9997
2 45449  87.8901  23.7676 0001641  84.8683 275.2632 13.11415863300756
ONEWEB-0094             
1 45450U 20020AC  26154.61035409  .00000003  00000+0 -26675-4 0  9991
2 45450  87.9154   8.5490 0001667  78.6665 281.4654 13.17650624304527
ONEWEB-0087             
1 45451U 20020AD  26154.60302976 -.00000379  00000+0 -11059-2 0  9992
2 45451  87.8922  23.7437 0001925  73.4123 286.7216 13.11420198300803
ONEWEB-0082             
1 45452U 20020AE  26154.59965250 -.00000227  00000+0 -67642-3 0  9993
2 45452  87.8909  23.7624 0002113  73.8853 286.2507 13.11418522300896
ONEWEB-0050             
1 45453U 20020AF  26154.51231661  .00002935  00000+0  29991-3 0  9999
2 45453  88.9300 235.0665 0005080  56.2649 303.9064 14.90319632338347
ONEWEB-0034             
1 45454U 20020AG  26154.55902319  .00000398  00000+0  10936-2 0  9998
2 45454  87.8906  23.7792 0001778  83.7918 276.3412 13.10933057300809
ONEWEB-0060             
1 45455U 20020AH  26154.59214094 -.00000458  00000+0 -13280-2 0  9993
2 45455  87.8897  23.7722 0001930  51.7183 308.4119 13.11417610300760
ONEWEB-0086             
1 45456U 20020AJ  26154.57095096 -.00000206  00000+0 -61770-3 0  9990
2 45456  87.8905  23.7714 0001263  64.2545 295.8713 13.11415492300824
ONEWEB-0088             
1 45457U 20020AK  26154.62522432  .00000601  00000+0  16587-2 0  9998
2 45457  87.8918  23.7319 0002257  85.2569 274.8817 13.11417842300769
ONEWEB-0102             
1 47258U 20100A   26154.56374735 -.00000077  00000+0 -25045-3 0  9991
2 47258  87.8940 353.3856 0001479  87.6684 272.4613 13.12443096262948
ONEWEB-0109             
1 47259U 20100B   26154.57221513 -.00000293  00000+0 -85040-3 0  9999
2 47259  87.8951 353.3663 0001690  92.3278 267.8044 13.12442999262772
ONEWEB-0110             
1 47260U 20100C   26154.59932672  .00000010  00000+0 -84616-5 0  9994
2 47260  87.8944 353.3440 0001608  83.1140 277.0171 13.12444564262947
ONEWEB-0111             
1 47261U 20100D   26154.55357562  .00000229  00000+0  60065-3 0  9991
2 47261  87.8953 353.3731 0001776  83.4550 276.6780 13.12442900262779
ONEWEB-0114             
1 47262U 20100E   26154.58407264 -.00000325  00000+0 -94013-3 0  9999
2 47262  87.8966 353.3667 0001659  90.2820 269.8499 13.12443870262732
ONEWEB-0117             
1 47263U 20100F   26154.57560172 -.00000336  00000+0 -97038-3 0  9999
2 47263  87.8948 353.3564 0001582  85.8252 274.3058 13.12442366262745
ONEWEB-0118             
1 47264U 20100G   26154.60948970  .00000210  00000+0  54851-3 0  9995
2 47264  87.8951 353.3531 0001963  95.1704 264.9648 13.12442687262941
ONEWEB-0119             
1 47265U 20100H   26154.55866807  .00000063  00000+0  14057-3 0  9998
2 47265  87.8940 353.3812 0001781  88.3541 271.7791 13.12441387262911
ONEWEB-0120             
1 47266U 20100J   26154.58252286 -.00000349  00000+0 -10062-2 0  9992
2 47266  87.8940 353.3777 0001696  93.1666 266.9657 13.12443796262945
ONEWEB-0121             
1 47267U 20100K   26154.57052130 -.00000260  00000+0 -75679-3 0  9996
2 47267  87.8952 353.3647 0001902  78.4314 281.7028 13.12442410262850
ONEWEB-0122             
1 47268U 20100L   26154.56459866 -.00000297  00000+0 -86002-3 0  9995
2 47268  87.8949 353.3691 0001666  93.0538 267.0781 13.12441166262764
ONEWEB-0123             
1 47269U 20100M   26154.56036433  .00000024  00000+0  31712-4 0  9992
2 47269  87.8942 353.3800 0001873  89.7483 270.3860 13.12442171262909
ONEWEB-0124             
1 47270U 20100N   26154.55020295  .00000280  00000+0  74337-3 0  9995
2 47270  87.8942 353.3852 0001823  86.3719 273.7618 13.12442288262781
ONEWEB-0125             
1 47271U 20100P   26154.60441157  .00000386  00000+0  10382-2 0  9992
2 47271  87.8957 353.3573 0002189  88.3588 271.7791 13.12445088262859
ONEWEB-0126             
1 47272U 20100Q   26154.54864564  .00000380  00000+0  10217-2 0  9998
2 47272  87.8944 353.3836 0001773  93.6741 266.4590 13.12441497262911
ONEWEB-0127             
1 47273U 20100R   26154.59085066 -.00000304  00000+0 -87988-3 0  9994
2 47273  87.8941 353.3751 0001677  91.0926 269.0394 13.12443704262942
ONEWEB-0128             
1 47274U 20100S   26154.61287610  .00000362  00000+0  97137-3 0  9996
2 47274  87.8945 353.3854 0001544  80.3340 279.7963 13.12442370262965
ONEWEB-0129             
1 47275U 20100T   26154.59254243 -.00000095  00000+0 -29953-3 0  9996
2 47275  87.8964 353.3633 0001747 125.5306 234.5985 13.12443635262891
ONEWEB-0130             
1 47276U 20100U   26154.54342647  .00000413  00000+0  11118-2 0  9993
2 47276  87.8952 353.3655 0001677  92.5687 267.5633 13.12441898262851
ONEWEB-0131             
1 47277U 20100V   26154.54003188  .00000415  00000+0  11177-2 0  9995
2 47277  87.8943 353.3865 0001715  88.0870 272.0455 13.12443460262896
ONEWEB-0132             
1 47278U 20100W   26154.56883258 -.00000212  00000+0 -62363-3 0  9993
2 47278  87.8943 353.3819 0001736  86.1147 274.0179 13.12442618262793
ONEWEB-0133             
1 47279U 20100X   26154.58563065 -.00000380  00000+0 -10914-2 0  9997
2 47279  87.8959 353.3529 0001346  79.1280 281.0000 13.12444221262957
ONEWEB-0134             
1 47280U 20100Y   26154.55527752  .00000118  00000+0  29201-3 0  9996
2 47280  87.8955 353.3562 0001492  90.7912 269.3388 13.12442165262925
ONEWEB-0135             
1 47281U 20100Z   26154.60271608 -.00000031  00000+0 -12209-3 0  9995
2 47281  87.8922 353.3673 0001525  93.4875 266.6428 13.12443946262954
ONEWEB-0136             
1 47282U 20100AA  26154.54511545  .00000412  00000+0  11106-2 0  9991
2 47282  87.8952 353.3631 0001454  92.4994 267.6301 13.12442676262875
ONEWEB-0137             
1 47283U 20100AB  26154.57898922 -.00000403  00000+0 -11563-2 0  9991
2 47283  87.8954 353.3654 0001925  89.0202 271.1147 13.12443392262784
ONEWEB-0138             
1 47284U 20100AC  26154.55697447  .00000179  00000+0  46245-3 0  9993
2 47284  87.8934 353.3737 0001716  99.0000 261.1323 13.12441924262863
ONEWEB-0139             
1 47285U 20100AD  26154.59777161 -.00000014  00000+0 -74917-4 0  9998
2 47285  87.8968 353.3576 0001627  86.0197 274.1118 13.12445399262941
ONEWEB-0140             
1 47286U 20100AE  26154.55189229  .00000283  00000+0  75061-3 0  9993
2 47286  87.8952 353.3539 0001697  83.9399 276.1922 13.12441306262906
ONEWEB-0141             
1 47287U 20100AF  26154.59749622 -.00000128  00000+0 -38990-3 0  9997
2 47287  87.8950 353.3497 0001977  89.5566 270.5789 13.12444359262895
ONEWEB-0142             
1 47288U 20100AG  26154.58591948 -.00000304  00000+0 -88160-3 0  9993
2 47288  87.8959 353.3778 0001307  55.8501 304.2751 13.12442864262881
ONEWEB-0143             
1 47289U 20100AH  26154.59593808 -.00000119  00000+0 -36568-3 0  9991
2 47289  87.8964 353.3734 0001693  82.9172 277.2149 13.12444571262868
ONEWEB-0144             
1 47290U 20100AJ  26154.56713779 -.00000562  00000+0 -15964-2 0  9999
2 47290  87.8953 353.3499 0001642  98.2473 261.8841 13.12438622262783
ONEWEB-0145             
1 47291U 20100AK  26154.61457955  .00000495  00000+0  13410-2 0  9994
2 47291  87.8953 353.3718 0001716  92.0997 268.0328 13.12443825262985
ONEWEB-0146             
1 47292U 20100AL  26154.61119353  .00000336  00000+0  89978-3 0  9999
2 47292  87.8954 353.3615 0001868  79.0039 281.1299 13.12443373262894
ONEWEB-0147             
1 47293U 20100AM  26154.57729633 -.00000369  00000+0 -10601-2 0  9997
2 47293  87.8960 353.3499 0001362  77.1089 283.0192 13.12443514262783
ONEWEB-0115             
1 48042U 21025A   26154.46375224  .00000271  00000+0  70670-3 0  9991
2 48042  87.8943 322.9560 0001795  94.6438 265.4896 13.13468483251797
ONEWEB-0152             
1 48043U 21025B   26152.49666979 -.00000321  00000+0 -91348-3 0  9996
2 48043  87.8947 323.3445 0001784  88.2478 271.8856 13.13469257251494
ONEWEB-0153             
1 48044U 21025C   26154.45528745  .00000372  00000+0  98286-3 0  9995
2 48044  87.8944 322.9586 0001748  95.5648 264.5681 13.13469052251749
ONEWEB-0154             
1 48045U 21025D   26154.52807508  .00000281  00000+0  73341-3 0  9995
2 48045  87.8950 322.9414 0001676  93.3414 266.7906 13.13468883251716
ONEWEB-0116             
1 48046U 21025E   26154.49081339 -.00000365  00000+0 -10355-2 0  9998
2 48046  87.8953 322.9445 0001770  88.4206 271.7126 13.13469607251853
ONEWEB-0150             
1 48047U 21025F   26154.46713509  .00000216  00000+0  55596-3 0  9997
2 48047  87.8942 322.9487 0001895  95.7057 264.4289 13.13468342251743
ONEWEB-0107             
1 48048U 21025G   26154.46882796  .00000153  00000+0  38352-3 0  9994
2 48048  87.8950 322.9422 0001789 102.8443 257.2886 13.13468260251723
ONEWEB-0101             
1 48049U 21025H   26154.50776060 -.00000117  00000+0 -35577-3 0  9994
2 48049  87.8942 322.9513 0001673  95.9020 264.2300 13.13470457251709
ONEWEB-0113             
1 48050U 21025J   26154.53653022  .00000286  00000+0  74321-3 0  9996
2 48050  87.8951 322.8575 0001784  89.7818 270.3515 13.13895115251817
ONEWEB-0112             
1 48051U 21025K   26154.47390629  .00000112  00000+0  27125-3 0  9999
2 48051  87.8952 322.9416 0001375  97.3875 262.7410 13.13468787251795
ONEWEB-0156             
1 48052U 21025L   26154.48236470 -.00000108  00000+0 -33198-3 0  9998
2 48052  87.8954 322.9475 0001871  96.5757 263.5585 13.13469244251773
ONEWEB-0161             
1 48053U 21025M   26154.45698062  .00000359  00000+0  94866-3 0  9990
2 48053  87.8942 322.9542 0001843  98.5890 261.5448 13.13469394251700
ONEWEB-0158             
1 48054U 21025N   26154.49251727 -.00000281  00000+0 -80420-3 0  9995
2 48054  87.8951 322.9441 0001645  83.2631 276.8685 13.13469181251833
ONEWEB-0157             
1 48055U 21025P   26154.51792192  .00000031  00000+0  48687-4 0  9996
2 48055  87.8953 322.9450 0001806 105.9820 254.1509 13.13469286251770
ONEWEB-0162             
1 48056U 21025Q   26154.49407626 -.00000284  00000+0 -81267-3 0  9991
2 48056  87.8948 322.9508 0001968  93.9181 266.2173 13.13469146251747
ONEWEB-0155             
1 48057U 21025R   26154.50098190 -.00000258  00000+0 -74028-3 0  9994
2 48057  87.8948 322.9454 0001661  97.3811 262.7507 13.13469454251885
ONEWEB-0149             
1 48058U 21025S   26154.52300117  .00000177  00000+0  44921-3 0  9999
2 48058  87.8953 322.9442 0002032  94.5658 265.5703 13.13469531251694
ONEWEB-0148             
1 48059U 21025T   26154.48575042 -.00000207  00000+0 -60096-3 0  9993
2 48059  87.8946 322.9594 0002356  98.7593 261.3803 13.13468971251814
ONEWEB-0160             
1 48060U 21025U   26154.50268125 -.00000201  00000+0 -58408-3 0  9997
2 48060  87.8944 322.9521 0001872  69.3970 290.7359 13.13470602251769
ONEWEB-0163             
1 48061U 21025V   26154.48744236 -.00000238  00000+0 -68787-3 0  9998
2 48061  87.8953 322.9490 0001782 102.6179 257.5149 13.13469956251888
ONEWEB-0159             
1 48062U 21025W   26154.47898135 -.00000012  00000+0 -67520-4 0  9991
2 48062  87.8956 322.9436 0001682 102.1071 258.0247 13.13469162251803
ONEWEB-0164             
1 48063U 21025X   26154.46035892  .00000385  00000+0  10188-2 0  9991
2 48063  87.8952 322.9539 0001743  92.6213 267.5115 13.13468639251787
ONEWEB-0167             
1 48064U 21025Y   26154.48828179 -.00000255  00000+0 -73329-3 0  9997
2 48064  87.8945 322.9595 0001262 108.9414 251.1852 13.13471081251773
ONEWEB-0166             
1 48065U 21025Z   26154.43496351 -.00000047  00000+0 -16302-3 0  9993
2 48065  87.8952 322.9400 0001962  97.3094 262.8258 13.13471082251847
ONEWEB-0151             
1 48066U 21025AA  26154.51283199 -.00000238  00000+0 -68657-3 0  9999
2 48066  87.8920 322.9381 0001100  68.6877 291.4369 13.13469228251799
ONEWEB-0170             
1 48067U 21025AB  26154.52130044  .00000195  00000+0  50011-3 0  9996
2 48067  87.8924 322.9416 0001321  48.5663 311.5579 13.13469382251752
ONEWEB-0168             
1 48068U 21025AC  26154.50605943 -.00000144  00000+0 -43056-3 0  9997
2 48068  87.8952 322.9445 0001822  99.2849 260.8486 13.13469803251763
ONEWEB-0173             
1 48069U 21025AD  26154.49759653 -.00000279  00000+0 -79888-3 0  9995
2 48069  87.8947 322.9490 0001657 105.4087 254.7225 13.13469608252002
ONEWEB-0171             
1 48070U 21025AE  26154.53484808  .00000282  00000+0  73655-3 0  9997
2 48070  87.8950 322.9501 0001604  90.2000 269.9313 13.13469164251821
ONEWEB-0172             
1 48071U 21025AF  26154.51452922  .00000030  00000+0  48620-4 0  9994
2 48071  87.8948 322.9428 0000946  71.6723 288.4509 13.13470833252717
ONEWEB-0174             
1 48072U 21025AG  26154.49591330 -.00000310  00000+0 -88518-3 0  9991
2 48072  87.8948 322.9464 0001922  96.0201 264.1147 13.13469667252032
ONEWEB-0175             
1 48073U 21025AH  26154.52638602  .00000296  00000+0  77483-3 0  9990
2 48073  87.8954 322.9236 0001447  90.1862 269.9433 13.13469945251698
ONEWEB-0177             
1 48074U 21025AJ  26154.46205611  .00000303  00000+0  79386-3 0  9997
2 48074  87.8939 322.9551 0001970 104.3843 255.7505 13.13469518251879
ONEWEB-0178             
1 48075U 21025AK  26154.48080257 -.00000111  00000+0 -33992-3 0  9999
2 48075  87.8937 322.9662 0001548  97.7274 262.4031 13.13470776251928
ONEWEB-0108             
1 48076U 21025AL  26154.51622205  .00000004  00000+0 -23969-4 0  9993
2 48076  87.8956 322.9359 0001740  85.5607 274.5721 13.13469742251855
ONEWEB-0169             
1 48077U 21025AM  26154.47220721  .00000121  00000+0  29682-3 0  9992
2 48077  87.8944 322.9533 0001897  94.9868 265.1478 13.13468814250508
ONEWEB-0176             
1 48210U 21031A   26154.32555411 -.00000138  00000+0 -40778-3 0  9998
2 48210  87.8957 292.4626 0001767 102.6339 257.4989 13.14502455246496
ONEWEB-0184             
1 48211U 21031B   26154.29859019  .00000337  00000+0  87474-3 0  9999
2 48211  87.8962 292.4682 0001094 120.5011 239.6227 13.14502084246466
ONEWEB-0179             
1 48212U 21031C   26154.33687530  .00000210  00000+0  63600-4 0  9998
2 48212  87.8981 290.3070 0218888 302.7915  55.2358 14.25512611247079
ONEWEB-0180             
1 48213U 21031D   26154.45400373  .00000162  00000+0  40289-3 0  9993
2 48213  87.8967 292.4341 0001472 109.9494 250.1795 13.14501669246412
ONEWEB-0218             
1 48214U 21031E   26154.32396031 -.00000036  00000+0 -13212-3 0  9993
2 48214  87.8962 292.4578 0001187 125.3710 234.7531 13.14501021246559
ONEWEB-0209             
1 48215U 21031F   26154.31286178  .00000144  00000+0  35490-3 0  9993
2 48215  87.8958 292.4784 0001878 102.9433 257.1907 13.14504408246552
ONEWEB-0198             
1 48216U 21031G   26153.84044007  .00000248  00000+0  63388-3 0  9996
2 48216  87.8942 292.5736 0001730 113.6186 246.5126 13.14501677246601
ONEWEB-0189             
1 48217U 21031H   26153.77687235  .00000004  00000+0 -23789-4 0  9998
2 48217  87.8956 292.5705 0001687 106.9699 253.1616 13.14502191246338
ONEWEB-0196             
1 48218U 21031J   26154.43973156  .00000234  00000+0  59533-3 0  9992
2 48218  87.8951 292.4467 0001899 111.6360 248.4973 13.14502224246421
ONEWEB-0183             
1 48219U 21031K   26154.33823973  .00000042  00000+0  79212-4 0  9997
2 48219  87.8957 292.4654 0002008  96.2894 263.8465 13.14503567246506
ONEWEB-0185             
1 48220U 21031L   26154.44051372  .00000220  00000+0  55762-3 0  9998
2 48220  87.8960 292.4377 0002185 109.6007 250.5359 13.14501414246442
ONEWEB-0187             
1 48221U 21031M   26154.72503325 -.00000116  00000+0 -34659-3 0  9998
2 48221  87.8947 292.3984 0001984 106.0400 254.0949 13.14502138246498
ONEWEB-0192             
1 48222U 21031N   26154.31444482  .00000066  00000+0  14458-3 0  9999
2 48222  87.8950 292.4705 0001753 101.0553 259.0774 13.14504273246351
ONEWEB-0219             
1 48223U 21031P   26154.44606678  .00000288  00000+0  74315-3 0  9995
2 48223  87.8951 292.4363 0002019 105.5956 254.5397 13.14504045246577
ONEWEB-0202             
1 48224U 21031Q   26153.81810395  .00000041  00000+0  77347-4 0  9995
2 48224  87.8954 292.5731 0001350 115.9239 244.2030 13.14501976246476
ONEWEB-0204             
1 48225U 21031R   26154.46114018  .00000213  00000+0  53904-3 0  9990
2 48225  87.8957 292.4397 0002194  97.3442 262.7937 13.14502191246452
ONEWEB-0205             
1 48226U 21031S   26154.43655813  .00000261  00000+0  66866-3 0  9995
2 48226  87.8952 292.4359 0001911 110.7659 249.3676 13.14504177246460
ONEWEB-0206             
1 48227U 21031T   26154.33348417 -.00000193  00000+0 -55398-3 0  9998
2 48227  87.8956 292.4595 0001832  94.1574 265.9765 13.14502795246401
ONEWEB-0182             
1 48228U 21031U   26154.32871944 -.00000110  00000+0 -33203-3 0  9994
2 48228  87.8955 292.4685 0002073  97.7315 262.4050 13.14502155246613
ONEWEB-0186             
1 48229U 21031V   26154.33981798 -.00000147  00000+0 -43111-3 0  9994
2 48229  87.8961 292.4559 0001877 102.6301 257.5039 13.14501645246562
ONEWEB-0181             
1 48230U 21031W   26153.78480268 -.00000121  00000+0 -36094-3 0  9994
2 48230  87.8945 292.5986 0001819 105.7316 254.4015 13.14502025246346
ONEWEB-0188             
1 48231U 21031X   26154.43180718  .00000054  00000+0  11203-3 0  9993
2 48231  87.8945 292.4683 0001906  99.7369 260.3976 13.14503267246337
ONEWEB-0220             
1 48232U 21031Y   26154.31919292 -.00001654  00000+0 -44967-2 0  9999
2 48232  87.8955 292.4548 0001708 127.1212 233.0074 13.14507945246582
ONEWEB-0165             
1 48233U 21031Z   26152.36869335  .00000131  00000+0  31819-3 0  9995
2 48233  87.8951 292.8644 0001625 108.3873 251.7434 13.14502513246282
ONEWEB-0199             
1 48234U 21031AA  26154.33189543 -.00000194  00000+0 -55882-3 0  9998
2 48234  87.8966 292.4576 0001875  94.0433 266.0911 13.14501975246447
ONEWEB-0203             
1 48235U 21031AB  26154.32237807 -.00000105  00000+0 -31691-3 0  9999
2 48235  87.8967 292.4624 0001658 104.1529 255.9785 13.14501644246451
ONEWEB-0197             
1 48236U 21031AC  26154.44911425  .00000274  00000+0  70394-3 0  9996
2 48236  87.8950 292.4255 0002153  99.8500 260.2873 13.14503298246380
ONEWEB-0194             
1 48237U 21031AD  26153.81968304  .00000050  00000+0  99849-4 0  9994
2 48237  87.8953 292.5724 0001750  92.3604 267.7727 13.14501382246473
ONEWEB-0193             
1 48238U 21031AE  26154.44448535  .00000153  00000+0  37709-3 0  9994
2 48238  87.8957 292.4386 0001624  92.2822 267.8494 13.14500854246501
ONEWEB-0191             
1 48239U 21031AF  26154.30335449  .00000292  00000+0  75434-3 0  9990
2 48239  87.8958 292.4645 0001984 100.9455 259.1898 13.14501589246349
ONEWEB-0195             
1 48240U 21031AG  26154.28033796 -.00000101  00000+0 -30627-3 0  9995
2 48240  87.8970 292.4685 0001699 120.9402 239.1895 13.14502061246325
ONEWEB-0201             
1 48241U 21031AH  26153.81189562 -.00000064  00000+0 -20662-3 0  9993
2 48241  87.8950 292.5800 0002130 101.7639 258.3729 13.14504025246493
ONEWEB-0207             
1 48242U 21031AJ  26154.32475612 -.00000140  00000+0 -41117-3 0  9998
2 48242  87.8961 292.4619 0002109 101.5090 258.6277 13.14501720246476
ONEWEB-0208             
1 48243U 21031AK  26154.45876567  .00000169  00000+0  42111-3 0  9991
2 48243  87.8956 292.4422 0001678 107.5541 252.5772 13.14502474246504
ONEWEB-0200             
1 48244U 21031AL  26154.72674920 -.00000081  00000+0 -25395-3 0  9991
2 48244  87.8961 292.3741 0001935 102.1143 258.0203 13.14502215246467
ONEWEB-0217             
1 48245U 21031AM  26154.28590624  .00000258  00000+0  66225-3 0  9992
2 48245  87.8953 292.4644 0001601 107.6974 252.4330 13.14501872246359
ONEWEB-0211             
1 48767U 21045A   26154.27929499  .00000051  00000+0  10096-3 0  9997
2 48767  87.9003 261.8552 0001444 118.8549 241.2727 13.16194919242613
ONEWEB-0223             
1 48768U 21045B   26154.27474803 -.00002838  00000+0 -75739-2 0  9993
2 48768  87.9008 261.9615 0001810 146.0210 214.1036 13.15560092242570
ONEWEB-0230             
1 48769U 21045C   26154.32230782 -.00000071  00000+0 -22256-3 0  9990
2 48769  87.8999 261.9662 0002057  97.8470 262.2894 13.15547440242844
ONEWEB-0237             
1 48770U 21045D   26154.31120929 -.00000037  00000+0 -13174-3 0  9993
2 48770  87.8999 261.9699 0001636  96.2890 263.8427 13.15549928242568
ONEWEB-0235             
1 48771U 21045E   26154.28586787  .00000206  00000+0  51250-3 0  9991
2 48771  87.9007 261.9598 0001486 101.2329 258.8969 13.15547547242554
ONEWEB-0242             
1 48772U 21045F   26154.58376345  .00000177  00000+0  43585-3 0  9991
2 48772  87.9010 261.8971 0001800  95.1682 264.9654 13.15548008242637
ONEWEB-0241             
1 48773U 21045G   26154.26685835  .00000030  00000+0  46249-4 0  9993
2 48773  87.9003 261.9795 0001494 107.4452 252.6841 13.15546923242508
ONEWEB-0243             
1 48774U 21045H   26154.29854291  .00000146  00000+0  35508-3 0  9994
2 48774  87.9000 261.9856 0001643  86.1731 273.9587 13.15548099242535
ONEWEB-0222             
1 48775U 21045J   26154.28190486  .00000181  00000+0  44738-3 0  9997
2 48775  87.9005 261.9554 0001703 105.4735 254.6583 13.15547491242573
ONEWEB-0244             
1 48776U 21045K   26154.30804904  .00000019  00000+0  16143-4 0  9998
2 48776  87.9014 261.9441 0001789  98.9467 261.1866 13.15547268243144
ONEWEB-0247             
1 48777U 21045L   26154.30487012  .00002307  00000+0  60933-2 0  9992
2 48777  87.9004 261.9790 0001541  83.6278 276.5028 13.15545237242589
ONEWEB-0245             
1 48778U 21045M   26154.30013213  .00000115  00000+0  27139-3 0  9998
2 48778  87.9008 261.9576 0001828 109.8880 250.2448 13.15548165242559
ONEWEB-0229             
1 48779U 21045N   26154.29537337  .00000121  00000+0  28719-3 0  9997
2 48779  87.9003 261.9569 0001831  99.2164 260.9174 13.15547110242584
ONEWEB-0228             
1 48780U 21045P   26154.32877565 -.00000078  00000+0 -24020-3 0  9997
2 48780  87.9012 261.9419 0001818 100.8641 259.2694 13.15550048242508
ONEWEB-0232             
1 48781U 21045Q   26154.30329622  .00000168  00000+0  41212-3 0  9992
2 48781  87.9011 261.9479 0001846 100.0875 260.0463 13.15550119242824
ONEWEB-0231             
1 48782U 21045R   26154.28110778  .00000154  00000+0  37608-3 0  9999
2 48782  87.9007 261.9663 0001629 101.2869 258.8444 13.15547237242517
ONEWEB-0234             
1 48783U 21045S   26154.31900476 -.00000092  00000+0 -27723-3 0  9996
2 48783  87.9005 261.9400 0002351 120.0096 240.1268 13.15547916242656
ONEWEB-0238             
1 48784U 21045T   26154.31927533 -.00000126  00000+0 -36836-3 0  9993
2 48784  87.9014 261.9343 0002156 113.9947 246.1410 13.15549704242553
ONEWEB-0240             
1 48785U 21045U   26154.34052067 -.00000141  00000+0 -40752-3 0  9997
2 48785  87.9013 261.9397 0001620 105.5761 254.5548 13.15550337242580
ONEWEB-0246             
1 48786U 21045V   26154.33499109 -.00000131  00000+0 -38196-3 0  9997
2 48786  87.9009 261.9462 0001881 101.3685 258.7657 13.15548168242459
ONEWEB-0210             
1 48787U 21045W   26154.30963590  .00000032  00000+0  49641-4 0  9991
2 48787  87.9011 261.9481 0001502  74.3558 285.7738 13.15550064242494
ONEWEB-0214             
1 48788U 21045X   26154.31834621 -.00000044  00000+0 -15038-3 0  9992
2 48788  87.9010 261.9427 0001975  89.0233 271.1124 13.15547710242460
ONEWEB-0221             
1 48789U 21045Y   26154.32547457 -.00000111  00000+0 -32990-3 0  9993
2 48789  87.9010 261.9505 0001758 102.8738 257.2589 13.15547602242551
ONEWEB-0213             
1 48790U 21045Z   26154.31437372 -.00000046  00000+0 -15514-3 0  9998
2 48790  87.9010 261.9561 0001686 102.3297 257.8022 13.15550234242610
ONEWEB-0212             
1 48791U 21045AA  26154.29142085  .00000162  00000+0  39716-3 0  9997
2 48791  87.9007 261.9549 0001954 104.4233 255.7115 13.15548784242600
ONEWEB-0227             
1 48792U 21045AB  26154.29062485  .00000227  00000+0  56845-3 0  9997
2 48792  87.9011 261.9555 0001829 103.8745 256.2589 13.15547555242555
ONEWEB-0226             
1 48793U 21045AC  26154.28428512  .00000220  00000+0  54940-3 0  9991
2 48793  87.9006 261.9620 0001699  95.7508 264.3816 13.15549157242524
ONEWEB-0224             
1 48794U 21045AD  26154.32388328 -.00000058  00000+0 -18737-3 0  9992
2 48794  87.8998 261.9889 0001789 128.2441 231.8850 13.15550211242451
ONEWEB-0233             
1 48795U 21045AE  26154.32850511 -.00000080  00000+0 -24636-3 0  9991
2 48795  87.8999 261.9960 0001633 103.6331 256.4981 13.15547447242473
ONEWEB-0190             
1 48796U 21045AF  26154.31595782 -.00000140  00000+0 -40618-3 0  9992
2 48796  87.9005 261.9602 0001240  94.8265 265.3007 13.15549927242548
ONEWEB-0236             
1 48797U 21045AG  26154.33340323 -.00000533  00000+0 -14501-2 0  9991
2 48797  87.8997 261.9659 0001306 104.3309 255.7967 13.15542866242430
ONEWEB-0248             
1 48798U 21045AH  26154.27000426 -.00000809  00000+0 -21822-2 0  9992
2 48798  87.9007 261.9628 0001403 106.6967 253.4318 13.15551111242587
ONEWEB-0225             
1 48799U 21045AJ  26154.59643955  .00000274  00000+0  69278-3 0  9990
2 48799  87.9001 261.9054 0001373  99.2393 260.8892 13.15548266242633
ONEWEB-0215             
1 48800U 21045AK  26154.33814334  .00000008  00000+0 -12952-4 0  9990
2 48800  87.9010 261.9385 0001227 101.5547 258.5721 13.15550439242471
ONEWEB-0216             
1 48801U 21045AL  26154.27161182  .00000086  00000+0  19416-3 0  9996
2 48801  87.9008 261.9667 0001945  98.0186 262.1166 13.15547697242474
ONEWEB-0239             
1 48802U 21045AM  26154.27635943  .00000112  00000+0  26337-3 0  9998
2 48802  87.8996 261.9737 0001153 114.8234 245.3016 13.15547382242513
ONEWEB-0249             
1 48967U 21060A   26154.60143794  .00000035  00000+0  57721-4 0  9998
2 48967  87.9104 231.4753 0001998 104.6075 255.5278 13.16594395237822
ONEWEB-0250             
1 48968U 21060B   26154.57239830  .00000067  00000+0  12263-3 0  9998
2 48968  87.9107 229.2818 0002324 126.3230 233.8121 13.25831948238411
ONEWEB-0252             
1 48970U 21060D   26154.25231487  .00000001  00000+0 -30404-4 0  9993
2 48970  87.9103 231.5367 0002017  92.3209 267.8153 13.16592764237828
ONEWEB-0253             
1 48971U 21060E   26154.24123029 -.00000005  00000+0 -47900-4 0  9999
2 48971  87.9104 231.5444 0001976 100.8900 259.2453 13.16592920237756
ONEWEB-0254             
1 48972U 21060F   26154.25073888 -.00000065  00000+0 -20492-3 0  9990
2 48972  87.9107 231.5402 0001753 104.5244 255.6081 13.16594171237756
ONEWEB-0255             
1 48973U 21060G   26154.59272767  .00000085  00000+0  18876-3 0  9998
2 48973  87.9106 231.4791 0001844 101.0729 259.0609 13.16593709237870
ONEWEB-0256             
1 48974U 21060H   26154.23884650 -.00000017  00000+0 -77015-4 0  9998
2 48974  87.9100 231.5539 0002124  97.2401 262.8971 13.16592571237792
ONEWEB-0257             
1 48975U 21060J   26154.57530455  .00000082  00000+0  18072-3 0  9994
2 48975  87.9101 231.4744 0001894  95.8708 264.2639 13.16593701237791
ONEWEB-0258             
1 48976U 21060K   26154.57688914  .00000094  00000+0  21354-3 0  9999
2 48976  87.9109 231.4852 0002010 102.7810 257.3546 13.16593648237805
ONEWEB-0259             
1 48977U 21060L   26154.57056138  .00000105  00000+0  24098-3 0  9998
2 48977  87.9105 231.4856 0001979 106.3329 253.8020 13.16594351237837
ONEWEB-0260             
1 48978U 21060M   26154.25785316  .00000065  00000+0  13758-3 0  9997
2 48978  87.9098 231.5508 0002221  90.6488 269.4897 13.16593463237777
ONEWEB-0261             
1 48979U 21060N   26154.60775895 -.00000074  00000+0 -22717-3 0  9995
2 48979  87.9101 231.4799 0001738  95.5517 264.5812 13.16595038237877
ONEWEB-0262             
1 48980U 21060P   26154.58797633  .00000037  00000+0  61888-4 0  9998
2 48980  87.9106 231.4696 0001908 108.3441 251.7898 13.16593576237831
ONEWEB-0263             
1 48981U 21060Q   26154.23965507 -.00000027  00000+0 -10366-3 0  9993
2 48981  87.9105 231.5505 0001687  98.4892 261.6430 13.16593917237756
ONEWEB-0264             
1 48982U 21060R   26154.58085531  .00000172  00000+0  41664-3 0  9996
2 48982  87.9106 231.4864 0001965  96.0063 264.1292 13.16594421237809
ONEWEB-0266             
1 48984U 21060T   26154.60222066  .00000053  00000+0  10456-3 0  9990
2 48984  87.9106 231.4722 0002080 100.7346 259.4019 13.16593466237790
ONEWEB-0267             
1 48985U 21060U   26154.61330816  .00000010  00000+0 -76773-5 0  9995
2 48985  87.9107 231.4664 0001829  93.4340 266.7000 13.16593889237801
ONEWEB-0268             
1 48986U 21060V   26154.58164144  .00000048  00000+0  91905-4 0  9994
2 48986  87.9108 231.4825 0002077  96.5862 263.5505 13.16595295238068
ONEWEB-0269             
1 48987U 21060W   26154.25865349  .00000047  00000+0  88929-4 0  9995
2 48987  87.9101 231.5502 0002296 102.0765 258.0623 13.16594144237794
ONEWEB-0270             
1 48988U 21060X   26154.58006056  .00000062  00000+0  12741-3 0  9999
2 48988  87.9107 231.4843 0001670 103.5672 256.5645 13.16593510237878
ONEWEB-0271             
1 48989U 21060Y   26154.26340449  .00000075  00000+0  16269-3 0  9995
2 48989  87.9103 231.5377 0001768  96.3950 263.7383 13.16593861237838
ONEWEB-0272             
1 48990U 21060Z   26154.58954642  .00000071  00000+0  15089-3 0  9993
2 48990  87.9108 231.4845 0001982  91.7118 268.4240 13.16595959237820
ONEWEB-0273             
1 48991U 21060AA  26154.61172524  .00000038  00000+0  66035-4 0  9990
2 48991  87.9107 231.4790 0001875 100.0758 260.0584 13.16594386237804
ONEWEB-0274             
1 48992U 21060AB  26154.25705933  .00000066  00000+0  13860-3 0  9995
2 48992  87.9094 231.5534 0002088  90.3700 269.7671 13.16592889237799
ONEWEB-0275             
1 48993U 21060AC  26154.24598970  .00000021  00000+0  20071-4 0  9990
2 48993  87.9106 231.5434 0002004  96.0057 264.1302 13.16593828237726
ONEWEB-0276             
1 48994U 21060AD  26154.58322166  .00000093  00000+0  20870-3 0  9995
2 48994  87.9103 231.4762 0002038  94.0246 266.1118 13.16593170237785
ONEWEB-0277             
1 48995U 21060AE  26154.59589037  .00000162  00000+0  38997-3 0  9995
2 48995  87.9103 231.4830 0001800  97.2455 262.8880 13.16593127237775
ONEWEB-0278             
1 48996U 21060AF  26154.58638575  .00000117  00000+0  27214-3 0  9997
2 48996  87.9107 231.4752 0002286 108.2390 251.8990 13.16595848237900
ONEWEB-0279             
1 48997U 21060AG  26154.59430980  .00000065  00000+0  13713-3 0  9990
2 48997  87.9107 231.4708 0001829  95.1442 264.9898 13.16593610237835
ONEWEB-0280             
1 48998U 21060AH  26154.60933345  .00000012  00000+0 -28602-5 0  9994
2 48998  87.9105 231.4718 0001927 109.8641 250.2697 13.16592565237774
ONEWEB-0281             
1 48999U 21060AJ  26154.23490978  .00000021  00000+0  21151-4 0  9994
2 48999  87.9104 231.5410 0002047  97.0125 263.1239 13.16594123237792
ONEWEB-0282             
1 49000U 21060AK  26154.26498048  .00000081  00000+0  17880-3 0  9996
2 49000  87.9105 231.5437 0001978 106.9169 253.2179 13.16595945237770
ONEWEB-0283             
1 49001U 21060AL  26154.25389867  .00000012  00000+0 -28224-5 0  9995
2 49001  87.9104 231.5458 0001925  96.0204 264.1146 13.16593258237785
ONEWEB-0284             
1 49002U 21060AM  26154.24757225 -.00000013  00000+0 -67427-4 0  9991
2 49002  87.9104 231.5404 0002073 108.7028 251.4328 13.16593593237768
ONEWEB-0285             
1 49075U 21075A   26154.56628728 -.00000194  00000+0 -57422-3 0  9990
2 49075  87.8950 353.3710 0001731  88.6221 271.5105 13.12441627233421
ONEWEB-0286             
1 49076U 21075B   26154.54836411  .00000366  00000+0  98331-3 0  9992
2 49076  87.8941 353.3929 0001987  87.6158 272.5198 13.12441681232775
ONEWEB-0287             
1 49077U 21075C   26154.57407389  .00000036  00000+0  58313-4 0  9995
2 49077  87.9144   8.5743 0002242  90.8991 269.2397 13.17648279231838
ONEWEB-0288             
1 49078U 21075D   26154.60101987 -.00000009  00000+0 -59659-4 0  9991
2 49078  87.8945 353.3564 0001644  88.7203 271.4114 13.12443201233406
ONEWEB-0289             
1 49079U 21075E   26154.61275100  .00000105  00000+0  23693-3 0  9995
2 49079  87.9150   8.5831 0001622 101.8078 258.3235 13.17649293232417
ONEWEB-0290             
1 49080U 21075F   26154.58589038  .00000014  00000+0  23567-5 0  9992
2 49080  87.9149   8.5595 0001469 100.7877 259.3420 13.17649722231826
ONEWEB-0291             
1 49081U 21075G   26154.57069970  .00000030  00000+0  44870-4 0  9997
2 49081  87.9150   8.5709 0002042  98.9486 261.1877 13.17647597231812
ONEWEB-0293             
1 49082U 21075H   26154.59600361  .00000045  00000+0  82217-4 0  9998
2 49082  87.9145   8.5692 0001712  88.2237 271.9091 13.17651076231844
ONEWEB-0294             
1 49083U 21075J   26154.60780287  .00000457  00000+0  12348-2 0  9990
2 49083  87.8952 353.3603 0001717 101.7238 258.4083 13.12444128232799
ONEWEB-0295             
1 49084U 21075K   26154.59515985  .00000008  00000+0 -13587-4 0  9991
2 49084  87.9139   8.5734 0002135  96.4548 263.6826 13.17652141231806
ONEWEB-0296             
1 49085U 21075L   26154.58746097 -.00000372  00000+0 -10700-2 0  9998
2 49085  87.8963 353.3729 0001598  71.8352 288.2951 13.12443230232791
ONEWEB-0297             
1 49086U 21075M   26154.54172884  .00000467  00000+0  12638-2 0  9997
2 49086  87.8939 353.3925 0001900  91.0842 269.0504 13.12443049233394
ONEWEB-0298             
1 49087U 21075N   26154.59954731  .00000117  00000+0  26688-3 0  9995
2 49087  87.9143   8.5698 0001968  90.8469 269.2888 13.17648920231839
ONEWEB-0299             
1 49088U 21075P   26154.60108427  .00000014  00000+0  32290-5 0  9995
2 49088  87.9154   8.5492 0001966  87.8654 272.2703 13.17650137231815
ONEWEB-0300             
1 49089U 21075Q   26154.61034295  .00000321  00000+0  85612-3 0  9993
2 49089  87.8954 353.3567 0002004  80.8965 279.2390 13.12444003233425
ONEWEB-0301             
1 49090U 21075R   26154.59424419 -.00000110  00000+0 -34212-3 0  9991
2 49090  87.8986 353.3647 0001776  59.9199 300.2105 13.12444847232785
ONEWEB-0302             
1 49091U 21075S   26154.58068485 -.00000376  00000+0 -10819-2 0  9998
2 49091  87.8952 353.3725 0001717  97.9390 262.1934 13.12442851232763
ONEWEB-0304             
1 49092U 21075T   26154.57576103  .00000044  00000+0  81131-4 0  9996
2 49092  87.9143   8.5779 0001981  88.9722 271.1637 13.17648323231785
ONEWEB-0305             
1 49093U 21075U   26154.56901242  .00000107  00000+0  24281-3 0  9994
2 49093  87.9156   8.5632 0002209  92.1529 267.9856 13.17648312231812
ONEWEB-0308             
1 49094U 21075V   26154.57390712 -.00000294  00000+0 -85327-3 0  9997
2 49094  87.8957 353.3668 0001815  87.8246 272.3090 13.12442522232776
ONEWEB-0309             
1 49095U 21075W   26154.57238019 -.00000961  00000+0 -25081-2 0  9990
2 49095  87.9151   8.5716 0001251  91.8904 268.2371 13.17649748231787
ONEWEB-0310             
1 49096U 21075X   26154.58915582 -.00000175  00000+0 -52221-3 0  9993
2 49096  87.8973 353.3924 0001681  76.6495 283.4820 13.12444424233402
ONEWEB-0311             
1 49097U 21075Y   26154.57914943  .00000088  00000+0  19401-3 0  9997
2 49097  87.9144   8.5697 0002310  89.3965 270.7431 13.17648465231831
ONEWEB-0312             
1 49098U 21075Z   26154.59433176  .00000082  00000+0  17689-3 0  9994
2 49098  87.9141   8.5777 0002021  95.3354 264.8009 13.17649726231810
ONEWEB-0313             
1 49099U 21075AA  26154.59924454  .00000072  00000+0  15268-3 0  9999
2 49099  87.9139   8.5825 0001971  89.8687 270.2670 13.17652103231809
ONEWEB-0314             
1 49100U 21075AB  26154.56564685  .00000074  00000+0  15622-3 0  9991
2 49100  87.9154   8.5608 0002106  99.3146 260.8224 13.17650327231777
ONEWEB-0315             
1 49101U 21075AC  26154.56205339 -.00000020  00000+0 -91947-4 0  9998
2 49101  87.8951 353.3544 0002184  85.8773 274.2605 13.12441855233384
ONEWEB-0316             
1 49102U 21075AD  26154.50104778 -.00000010  00000+0 -58981-4 0  9998
2 49102  87.9154 338.1803 0001963  93.4508 266.6849 13.18686050235409
ONEWEB-0317             
1 49103U 21075AE  26154.56544022 -.00000147  00000+0 -44401-3 0  9997
2 49103  87.8952 353.3770 0001122 100.0434 260.0821 13.12441704233402
ONEWEB-0318             
1 49104U 21075AF  26154.57354861  .00000027  00000+0  36035-4 0  9999
2 49104  87.9168 338.1667 0002043  89.0557 271.0809 13.18686153235375
ONEWEB-0319             
1 49105U 21075AG  26154.58082381  .00000023  00000+0  24896-4 0  9994
2 49105  87.9144   8.5748 0002365  81.7802 278.3597 13.17648210231817
ONEWEB-0323             
1 49106U 21075AH  26154.54681292  .00000358  00000+0  95874-3 0  9991
2 49106  87.8954 353.3625 0002357  90.3580 269.7818 13.12442203232765
ONEWEB-0329             
1 49107U 21075AJ  26154.58926058  .00000021  00000+0  21988-4 0  9991
2 49107  87.9142   8.5737 0001963  90.3919 269.7437 13.17647885231794
ONEWEB-0330             
1 49108U 21075AK  26154.61304080 -.00000006  00000+0 -48369-4 0  9998
2 49108  87.9145   8.5891 0001881  97.8372 262.2973 13.17650578231834
ONEWEB-0292             
1 49186U 21083A   26154.52976800  .00000383  00000+0  10148-2 0  9996
2 49186  87.8932 322.9598 0002010  91.7823 268.3536 13.13469273229137
ONEWEB-0303             
1 49187U 21083B   26154.49430440  .00000094  00000+0  20511-3 0  9993
2 49187  87.9161 338.1818 0001949  88.8590 271.2766 13.18685882228177
ONEWEB-0306             
1 49188U 21083C   26154.56006155  .00000040  00000+0  67610-4 0  9997
2 49188  87.9167 338.1558 0001637  93.4829 266.6491 13.18686144228227
ONEWEB-0307             
1 49189U 21083D   26154.52384817  .00000254  00000+0  66182-3 0  9997
2 49189  87.8945 322.9569 0001916  92.8284 267.3064 13.13469925229138
ONEWEB-0320             
1 49190U 21083E   26154.58028264 -.00000092  00000+0 -26719-3 0  9990
2 49190  87.9156 338.1715 0001820  90.5738 269.5602 13.18687932228181
ONEWEB-0321             
1 49191U 21083F   26154.33755635 -.00000039  00000+0 -12726-3 0  9997
2 49191  87.9185 277.1957 0001768 111.4379 248.6943 13.20770597235007
ONEWEB-0322             
1 49192U 21083G   26154.44343371  .00000178  00000+0  45354-3 0  9995
2 49192  87.8939 322.9737 0001428  86.6789 273.4504 13.13469710229118
ONEWEB-0324             
1 49193U 21083H   26154.55329714 -.00000515  00000+0 -13399-2 0  9993
2 49193  87.9168 338.1623 0001863  95.6460 264.4885 13.18687727228202
ONEWEB-0325             
1 49194U 21083J   26154.55667971  .00000077  00000+0  16272-3 0  9999
2 49194  87.9156 338.1715 0001844  87.8799 272.2544 13.18686856228211
ONEWEB-0326             
1 49195U 21083K   26154.57198933  .00000010  00000+0 -69218-5 0  9997
2 49195  87.9165 338.1650 0002068  86.5944 273.5424 13.18684233228204
ONEWEB-0327             
1 49196U 21083L   26154.57171547  .00000047  00000+0  85954-4 0  9993
2 49196  87.9159 338.1709 0002089  80.7501 279.3867 13.18686678228223
ONEWEB-0328             
1 49197U 21083M   26154.50944951 -.00000023  00000+0 -98235-4 0  9996
2 49197  87.8973 322.9359 0002127 102.6029 257.5338 13.13470308229106
ONEWEB-0331             
1 49198U 21083N   26154.56511966 -.00000030  00000+0 -10826-3 0  9996
2 49198  87.9177 338.1615 0002003  83.4744 276.6616 13.18686690228211
ONEWEB-0333             
1 49199U 21083P   26154.50436801 -.00000173  00000+0 -50784-3 0  9990
2 49199  87.8943 322.9607 0001813  90.8940 269.2397 13.13469710229113
ONEWEB-0334             
1 49200U 21083Q   26154.27947251  .00000128  00000+0  28189-3 0  9995
2 49200  87.9186 277.2184 0000923  99.5769 260.5469 13.20772240234959
ONEWEB-0335             
1 49201U 21083R   26154.49929801 -.00000286  00000+0 -81763-3 0  9995
2 49201  87.8944 322.9586 0001994  93.0455 267.0902 13.13469989229127
ONEWEB-0336             
1 49202U 21083S   26154.47051676  .00000095  00000+0  22440-3 0  9993
2 49202  87.8931 322.9611 0002262 104.1417 255.9963 13.13469084229112
ONEWEB-0337             
1 49203U 21083T   26154.55671499  .00000010  00000+0 -84597-5 0  9995
2 49203  87.8941 322.9494 0001916  98.0765 262.0581 13.13469608229123
ONEWEB-0338             
1 49204U 21083U   26154.32911579  .00000018  00000+0  11908-4 0  9999
2 49204  87.9176 277.2121 0001620 101.5792 258.5524 13.20769572234984
ONEWEB-0339             
1 49205U 21083V   26154.48913325 -.00000237  00000+0 -68429-3 0  9992
2 49205  87.8942 322.9552 0001524  94.9599 265.1704 13.13469495229097
ONEWEB-0340             
1 49206U 21083W   26154.55162900  .00000025  00000+0  30046-4 0  9994
2 49206  87.9167 338.1685 0001980  91.2351 268.9008 13.18687028228171
ONEWEB-0341             
1 49207U 21083X   26154.55837538  .00000021  00000+0  20208-4 0  9996
2 49207  87.9160 338.1714 0001970 105.3370 254.7980 13.18686210228191
ONEWEB-0342             
1 49208U 21083Y   26154.33586222 -.00000029  00000+0 -10420-3 0  9998
2 49208  87.9188 277.1976 0001845 104.1918 255.9420 13.20772307234959
ONEWEB-0343             
1 49209U 21083Z   26154.56681117 -.00000032  00000+0 -11500-3 0  9997
2 49209  87.9166 338.1683 0001455  96.9904 263.1393 13.18685813228246
ONEWEB-0344             
1 49210U 21083AA  26154.48406363 -.00000154  00000+0 -45576-3 0  9993
2 49210  87.8933 322.9715 0001924 104.7778 255.3564 13.13471038229098
ONEWEB-0345             
1 49211U 21083AB  26154.47559287  .00000076  00000+0  17304-3 0  9996
2 49211  87.8953 322.9519 0001858 103.1089 257.0248 13.13469997229108
ONEWEB-0346             
1 49212U 21083AC  26154.56343409  .00000108  00000+0  24056-3 0  9992
2 49212  87.9180 338.1734 0002192  75.5763 284.5612 13.18685883228189
ONEWEB-0348             
1 49213U 21083AD  26154.32575377  .00000036  00000+0  56254-4 0  9994
2 49213  87.9184 277.2026 0002561 108.6657 251.4755 13.20771282234989
ONEWEB-0350             
1 49214U 21083AE  26154.48669127 -.00011472  00000+0 -31714-1 0  9998
2 49214  87.8948 322.9521 0001815 103.5731 256.5600 13.12983196229139
ONEWEB-0351             
1 49215U 21083AF  26154.31887243  .00000045  00000+0  78849-4 0  9997
2 49215  87.9189 277.2027 0001498 130.1504 229.9761 13.20772866234948
ONEWEB-0352             
1 49216U 21083AG  26154.54162090  .00000260  00000+0  67697-3 0  9996
2 49216  87.8952 322.9515 0001270  95.1394 264.9880 13.13469378229231
ONEWEB-0354             
1 49217U 21083AH  26154.27021969  .00000069  00000+0  13815-3 0  9996
2 49217  87.9186 277.2117 0002249 106.0501 254.0880 13.20772468234973
ONEWEB-0355             
1 49218U 21083AJ  26154.49435089 -.00000294  00000+0 -84054-3 0  9998
2 49218  87.8938 322.9618 0001676  99.6073 260.5246 13.13469330229106
ONEWEB-0357             
1 49219U 21083AK  26154.34260697 -.00000027  00000+0 -98513-4 0  9994
2 49219  87.9188 277.1919 0001778 107.7333 252.3995 13.20771960234988
ONEWEB-0332             
1 49279U 21090A   26154.44130826  .00000177  00000+0  44399-3 0  9995
2 49279  87.8953 292.4495 0001650 101.7490 258.3825 13.14503845225772
ONEWEB-0347             
1 49280U 21090B   26154.33249749  .00000002  00000+0 -27052-4 0  9996
2 49280  87.9185 277.2016 0001707  95.3613 264.7715 13.20773270229210
ONEWEB-0349             
1 49281U 21090C   26154.28873374  .00000135  00000+0  30113-3 0  9995
2 49281  87.9198 277.2095 0001934 109.6932 250.4410 13.20770699227996
ONEWEB-0353             
1 49282U 21090D   26153.82444808  .00000121  00000+0  29298-3 0  9998
2 49282  87.8955 292.5676 0001658  93.2829 266.8490 13.14502367225690
ONEWEB-0356             
1 49283U 21090E   26154.28705716  .00000109  00000+0  23552-3 0  9991
2 49283  87.9186 277.2046 0002454  83.4772 276.6641 13.20772877227996
ONEWEB-0358             
1 49284U 21090F   26154.31649372 -.00000040  00000+0 -12919-3 0  9992
2 49284  87.9187 277.2030 0002149 102.2172 257.9203 13.20769438228723
ONEWEB-0359             
1 49285U 21090G   26154.31398858  .00000018  00000+0  11544-4 0  9990
2 49285  87.9190 277.1989 0002170 105.6379 254.4994 13.20771870228700
ONEWEB-0360             
1 49286U 21090H   26154.30387075 -.00000034  00000+0 -11455-3 0  9999
2 49286  87.9196 277.2069 0001967 102.8838 257.2515 13.20773324228019
ONEWEB-0361             
1 49287U 21090J   26154.28534950  .00000088  00000+0  18379-3 0  9992
2 49287  87.9195 277.2087 0002000 102.4580 257.6777 13.20770187228465
ONEWEB-0362             
1 49288U 21090K   26154.45437650  .00000037  00000+0  60782-4 0  9991
2 49288  87.9158 307.7150 0001709 103.2694 256.8629 13.19727023225109
ONEWEB-0363             
1 49289U 21090L   26154.30049968  .00000199  00000+0  45809-3 0  9998
2 49289  87.9227 277.2022 0001997 101.1794 258.9564 13.20774667228475
ONEWEB-0364             
1 49290U 21090M   26154.33922499  .00000092  00000+0  19455-3 0  9992
2 49290  87.9172 277.2067 0002101 108.7781 251.3581 13.20770035229610
ONEWEB-0365             
1 49291U 21090N   26154.46386131  .00000057  00000+0  10923-3 0  9996
2 49291  87.9168 307.7008 0001719  94.1665 265.9665 13.19727098224611
ONEWEB-0366             
1 49292U 21090P   26153.82127082  .00000116  00000+0  27890-3 0  9991
2 49292  87.8947 292.5705 0001927  99.6077 260.5271 13.14501275225672
ONEWEB-0367             
1 49293U 21090Q   26154.29965065 -.00001439  00000+0 -35719-2 0  9994
2 49293  87.9212 277.1985 0002657 169.5711 190.5477 13.20772266227995
ONEWEB-0368             
1 49294U 21090R   26154.27355568  .00003914  00000+0  95872-2 0  9998
2 49294  87.9195 277.2232 0002242  79.3549 280.7836 13.20785570229141
ONEWEB-0369             
1 49295U 21090S   26154.45912605  .00000040  00000+0  66739-4 0  9999
2 49295  87.9157 307.7104 0001766  93.1305 267.0030 13.19726484224608
ONEWEB-0370             
1 49296U 21090T   26154.30891748  .00000040  00000+0  66775-4 0  9998
2 49296  87.9191 277.2059 0001986 109.7151 250.4197 13.20773853228039
ONEWEB-0371             
1 49297U 21090U   26154.46701471  .00000042  00000+0  72277-4 0  9995
2 49297  87.9165 307.7000 0001749  98.3258 261.8073 13.19727326224648
ONEWEB-0372             
1 49298U 21090V   26154.29867931 -.00000003  00000+0 -39168-4 0  9992
2 49298  87.9205 277.2086 0001891 104.2796 255.8548 13.20770812228005
ONEWEB-0373             
1 49299U 21090W   26154.32407561  .00000024  00000+0  27254-4 0  9990
2 49299  87.9181 277.2051 0002023 103.8941 256.2417 13.20769992229194
ONEWEB-0374             
1 49300U 21090X   26154.34141191 -.00000070  00000+0 -22225-3 0  9994
2 49300  87.8959 292.4572 0002419  90.1889 269.9518 13.14503472225746
ONEWEB-0375             
1 49301U 21090Y   26154.31230059  .00000048  00000+0  87130-4 0  9994
2 49301  87.9190 277.1986 0002417  93.6208 266.5202 13.20771552228698
ONEWEB-0376             
1 49302U 21090Z   26154.46543622  .00000048  00000+0  86892-4 0  9998
2 49302  87.9169 307.6998 0001646  93.4587 266.6734 13.19724178224640
ONEWEB-0377             
1 49303U 21090AA  26154.29897540  .00000113  00000+0  24500-3 0  9991
2 49303  87.9192 277.2029 0002113 101.7081 258.4290 13.20771803228689
ONEWEB-0378             
1 49304U 21090AB  26154.31916068 -.00000609  00000+0 -15296-2 0  9995
2 49304  87.9177 277.2053 0001856 108.7633 251.3701 13.20767903227957
ONEWEB-0379             
1 49305U 21090AC  26154.33664616 -.00000100  00000+0 -30363-3 0  9996
2 49305  87.8955 292.4687 0001910  95.6194 264.5154 13.14502468225749
ONEWEB-0380             
1 49306U 21090AD  26154.46228714  .00000038  00000+0  62449-4 0  9995
2 49306  87.9158 307.7068 0002042  97.7613 262.3751 13.19724989224618
ONEWEB-0381             
1 49307U 21090AE  26154.29546894  .00000175  00000+0  39764-3 0  9994
2 49307  87.9193 277.2084 0002150  94.1801 265.9578 13.20773083227998
ONEWEB-0382             
1 49308U 21090AF  26154.28197370  .00000067  00000+0  13197-3 0  9997
2 49308  87.9185 277.2061 0002126  93.3571 266.7805 13.20772218227983
ONEWEB-0383             
1 49309U 21090AG  26154.33029588  .00000088  00000+0  20395-3 0  9990
2 49309  87.8966 292.4612 0001684  98.8966 261.2354 13.14503945225773
ONEWEB-0384             
1 49310U 21090AH  26154.80134096  .00000995  00000+0  24141-2 0  9994
2 49310  87.9188 277.1465 0002264  90.7242 269.4150 13.20806530228063
ONEWEB-0385             
1 49311U 21090AJ  26154.27526876  .00000062  00000+0  11960-3 0  9998
2 49311  87.9177 277.2141 0002137  92.3410 267.7968 13.20771805227960
ONEWEB-0386             
1 49312U 21090AK  26154.29209821  .00000220  00000+0  50852-3 0  9998
2 49312  87.9201 277.1982 0002013  96.4790 263.6573 13.20773245227989
ONEWEB-0387             
1 49313U 21090AL  26154.27695217  .00000063  00000+0  12283-3 0  9996
2 49313  87.9176 277.2270 0002305 102.5909 257.5483 13.20772837227985
ONEWEB-0388             
1 49314U 21090AM  26154.45755061  .00000030  00000+0  41995-4 0  9998
2 49314  87.9157 307.7060 0001933  92.0081 268.1273 13.19726263224602
ONEWEB-0389             
1 50469U 21132A   26154.60613368  .00000062  00000+0  12660-3 0  9999
2 50469  87.9142   8.5701 0002202  88.6248 271.5136 13.17647842216298
ONEWEB-0390             
1 50470U 21132B   26154.60782064  .00000045  00000+0  83823-4 0  9992
2 50470  87.9144   8.5707 0001854  99.1691 260.9650 13.17647623216299
ONEWEB-0391             
1 50471U 21132C   26154.60950884  .00000055  00000+0  10819-3 0  9995
2 50471  87.9144   8.5796 0002642  97.0251 263.1181 13.17648087216292
ONEWEB-0392             
1 50472U 21132D   26154.56396041 -.00000010  00000+0 -60065-4 0  9992
2 50472  87.9149   8.5560 0002294  90.2165 269.9230 13.17650126216329
ONEWEB-0393             
1 50473U 21132E   26154.61542803 -.00000013  00000+0 -67215-4 0  9995
2 50473  87.9144   8.5643 0002004  88.3156 271.8205 13.17649075216329
ONEWEB-0394             
1 50474U 21132F   26154.51620152  .00000036  00000+0  59765-4 0  9993
2 50474  87.9165 338.1623 0002063  88.1912 271.9456 13.18688565219797
ONEWEB-0395             
1 50475U 21132G   26154.58621383 -.00000523  00000+0 -15103-2 0  9997
2 50475  87.8895  23.7751 0001938  95.3705 264.7644 13.11416808213937
ONEWEB-0396             
1 50476U 21132H   26154.58533296 -.00000050  00000+0 -15929-3 0  9995
2 50476  87.9169 338.1615 0001959  87.2332 272.9025 13.18688381219848
ONEWEB-0397             
1 50477U 21132J   26154.52463345 -.00000024  00000+0 -93939-4 0  9996
2 50477  87.9166 338.1734 0001963  84.6493 275.4863 13.18688152219813
ONEWEB-0398             
1 50478U 21132K   26154.55400637  .00000513  00000+0  14106-2 0  9993
2 50478  87.8903  23.7704 0001785  97.6975 262.4356 13.11417352213820
ONEWEB-0399             
1 50479U 21132L   26154.61674306  .00000376  00000+0  10249-2 0  9998
2 50479  87.8908  23.7681 0002280  80.3790 279.7596 13.11417686213822
ONEWEB-0400             
1 50480U 21132M   26154.57859374  .00000071  00000+0  14614-3 0  9998
2 50480  87.9173 338.1534 0001624  90.3822 269.7496 13.18684550219813
ONEWEB-0401             
1 50481U 21132N   26154.54824182 -.00000006  00000+0 -48566-4 0  9999
2 50481  87.9156 338.1535 0001831  99.8505 260.2834 13.18687602219811
ONEWEB-0402             
1 50482U 21132P   26154.51116325  .00000060  00000+0  12067-3 0  9994
2 50482  87.9166 338.1526 0001794  76.2354 283.8977 13.18688620219834
ONEWEB-0403             
1 50483U 21132Q   26154.53643796  .00000037  00000+0  59897-4 0  9991
2 50483  87.9171 338.1722 0001923  90.3369 269.7984 13.18687563219797
ONEWEB-0404             
1 50484U 21132R   26154.59808336 -.00000225  00000+0 -67008-3 0  9994
2 50484  87.8902  23.7714 0002124  88.5133 271.6238 13.11417968213914
ONEWEB-0405             
1 50485U 21132S   26154.54994365  .00000038  00000+0  64802-4 0  9998
2 50485  87.9176 338.1540 0001657 103.8209 256.3108 13.18685806220193
ONEWEB-0406             
1 50486U 21132T   26154.54149603 -.00000045  00000+0 -14813-3 0  9992
2 50486  87.9171 338.1740 0002352  92.1822 267.9579 13.18687923219825
ONEWEB-0407             
1 50487U 21132U   26154.53475984  .00000072  00000+0  15073-3 0  9993
2 50487  87.9173 338.1658 0001580  87.7987 272.3326 13.18686468219766
ONEWEB-0409             
1 50488U 21132V   26154.59638627 -.00000408  00000+0 -11862-2 0  9991
2 50488  87.8904  23.7586 0002103  81.3153 278.8213 13.11418567213803
ONEWEB-0412             
1 50489U 21132W   26154.52294758  .00000054  00000+0  10300-3 0  9990
2 50489  87.9166 338.1761 0001783  80.1256 280.0077 13.18688391219852
ONEWEB-0413             
1 50490U 21132X   26154.52798176 -.00007436  00000+0 -18903-1 0  9993
2 50490  87.9161 338.1757 0001281  85.4118 274.7161 13.18715734219791
ONEWEB-0414             
1 50491U 21132Y   26154.51283352  .00000045  00000+0  81833-4 0  9990
2 50491  87.9168 338.1585 0001894  83.7207 276.4141 13.18684525219822
ONEWEB-0417             
1 50492U 21132Z   26154.52126343 -.00000168  00000+0 -45856-3 0  9990
2 50492  87.9159 338.1775 0001958  91.4966 268.6391 13.18685085219803
ONEWEB-0418             
1 50493U 21132AA  26154.53125377  .00000038  00000+0  63956-4 0  9994
2 50493  87.9173 338.1749 0002093  95.4129 264.7242 13.18686199219862
ONEWEB-0419             
1 50494U 21132AB  26154.54963823 -.00000075  00000+0 -22386-3 0  9996
2 50494  87.9171 338.1709 0001916 106.3039 253.8304 13.18664449219785
ONEWEB-0420             
1 50495U 21132AC  26154.51451921  .00000065  00000+0  13154-3 0  9995
2 50495  87.9159 338.1810 0001581  88.5260 271.6053 13.18684337219776
ONEWEB-0421             
1 50496U 21132AD  26154.50777741  .00000769  00000+0  19163-2 0  9992
2 50496  87.9172 338.1801 0001863  71.4921 288.6414 13.18691859219811
ONEWEB-0424             
1 50497U 21132AE  26154.54487282  .00000059  00000+0  11647-3 0  9997
2 50497  87.9167 338.1695 0001837 101.0935 259.0403 13.18688426219842
ONEWEB-0426             
1 50498U 21132AF  26154.57945625 -.00000033  00000+0 -11756-3 0  9996
2 50498  87.9183 338.1560 0002265  74.1929 285.9452 13.18687552219796
ONEWEB-0427             
1 50499U 21132AG  26154.54318536  .00000117  00000+0  26496-3 0  9997
2 50499  87.9167 338.1493 0002082  91.7524 268.3847 13.18688125219810
ONEWEB-0429             
1 50500U 21132AH  26154.52969719  .00000015  00000+0  59940-5 0  9992
2 50500  87.9170 338.1793 0001658  88.5622 271.5700 13.18684812219780
ONEWEB-0430             
1 50501U 21132AJ  26154.51789448  .00000007  00000+0 -14258-4 0  9995
2 50501  87.9160 338.1784 0001635  98.0533 262.0785 13.18685402219821
ONEWEB-0432             
1 50502U 21132AK  26154.55072992  .00000020  00000+0  17450-4 0  9990
2 50502  87.9170 338.1447 0001714 111.6564 248.4751 13.18682412219787
ONEWEB-0440             
1 50503U 21132AL  26154.53812176 -.00000037  00000+0 -12598-3 0  9992
2 50503  87.9172 338.1706 0001671  79.5189 280.6131 13.18688033219779
ONEWEB-0450             
1 50504U 21132AM  26154.53152986  .00000063  00000+0  12721-3 0  9994
2 50504  87.9169 338.1794 0001547  89.4143 270.7166 13.18687776219800
ONEWEB-0410             
1 51622U 22012A   26154.54875913 -.00000181  00000+0 -49900-3 0  9999
2 51622  87.9153   8.5690 0003176  88.4984 271.6511 13.17648191211904
ONEWEB-0411             
1 51623U 22012B   26154.19228757  .00000340  00000+0  93652-3 0  9997
2 51623  87.8853  39.0525 0001350  92.4926 267.6356 13.10377894207459
ONEWEB-0415             
1 51624U 22012C   26154.18897025  .00000106  00000+0  26822-3 0  9992
2 51624  87.8856  39.0524 0001667  93.8707 266.2611 13.10377817207459
ONEWEB-0416             
1 51625U 22012D   26154.20063450  .00000554  00000+0  15510-2 0  9991
2 51625  87.8851  39.0678 0001863  95.2351 264.8989 13.10387282207497
ONEWEB-0422             
1 51626U 22012E   26154.55889499  .00000044  00000+0  79390-4 0  9991
2 51626  87.9152   8.5690 0001388  66.0284 294.0993 13.17649667212010
ONEWEB-0423             
1 51627U 22012F   26154.55215512 -.00000053  00000+0 -17049-3 0  9995
2 51627  87.9142   8.5763 0001945  82.4668 277.6684 13.17648962211906
ONEWEB-0425             
1 51628U 22012G   26154.21057453  .00000638  00000+0  17917-2 0  9997
2 51628  87.8842  39.0498 0002172  80.3479 279.7893 13.10373275207496
ONEWEB-0428             
1 51629U 22012H   26154.19062899  .00000185  00000+0  49283-3 0  9994
2 51629  87.8854  39.0614 0001789  82.6726 277.4605 13.10377946207454
ONEWEB-0431             
1 51630U 22012J   26154.61874787 -.00000434  00000+0 -12803-2 0  9996
2 51630  87.8841  38.9685 0001263  91.4408 268.6864 13.10370324207564
ONEWEB-0434             
1 51631U 22012K   26154.59580727  .00000614  00000+0  17225-2 0  9993
2 51631  87.8843  38.9978 0002485  83.2774 276.8636 13.10373123207540
ONEWEB-0435             
1 51632U 22012L   26154.60396352  .00000325  00000+0  89340-3 0  9992
2 51632  87.8841  38.9838 0001589  77.6599 282.4706 13.10370180207530
ONEWEB-0436             
1 51633U 22012M   26154.61963664  .00000006  00000+0 -18006-4 0  9999
2 51633  87.9151   8.5438 0001628  83.0416 277.0900 13.17650666211895
ONEWEB-0438             
1 51634U 22012N   26154.20558316  .00000753  00000+0  21196-2 0  9999
2 51634  87.8836  39.0669 0002025  79.1330 281.0026 13.10374572207513
ONEWEB-0439             
1 51635U 22012P   26154.20890175  .00000695  00000+0  19553-2 0  9991
2 51635  87.8840  39.0522 0001867  79.4540 280.6797 13.10373878207491
ONEWEB-0442             
1 51636U 22012Q   26154.61204789  .00000009  00000+0 -10649-4 0  9996
2 51636  87.9146   8.5793 0002405  93.3445 266.7962 13.17648596211887
ONEWEB-0443             
1 51637U 22012R   26154.55551306 -.00000023  00000+0 -92382-4 0  9991
2 51637  87.9139   8.5919 0001989  73.8458 286.2893 13.17648004211922
ONEWEB-0444             
1 51638U 22012S   26154.19894118  .00000571  00000+0  16003-2 0  9993
2 51638  87.8842  39.0531 0001901  75.0023 285.1315 13.10375920207501
ONEWEB-0445             
1 51639U 22012T   26154.60230450  .00000416  00000+0  11547-2 0  9999
2 51639  87.8850  38.9595 0001744  90.6169 269.5159 13.10370899207566
ONEWEB-0446             
1 51640U 22012U   26154.19727494  .00000489  00000+0  13650-2 0  9991
2 51640  87.8852  39.0694 0001777  84.7845 275.3485 13.10377187207499
ONEWEB-0448             
1 51641U 22012V   26154.20226653  .00000659  00000+0  18511-2 0  9995
2 51641  87.8843  39.0662 0001840  79.7928 280.3407 13.10374447207465
ONEWEB-0449             
1 51642U 22012W   26154.20724440  .00000624  00000+0  17515-2 0  9998
2 51642  87.8838  39.0496 0002314  83.4271 276.7120 13.10374366207477
ONEWEB-0451             
1 51643U 22012X   26154.61627476 -.00000002  00000+0 -37346-4 0  9993
2 51643  87.9154   8.5414 0002070  83.9385 276.1983 13.17649740211879
ONEWEB-0452             
1 51644U 22012Y   26154.61457689  .00000040  00000+0  70980-4 0  9992
2 51644  87.9144   8.5802 0002032  82.0189 278.1173 13.17650572211889
ONEWEB-0456             
1 51646U 22012AA  26154.59897027  .00000501  00000+0  13993-2 0  9996
2 51646  87.8853  38.9580 0001648  79.9076 280.2237 13.10377178207565
ONEWEB-0457             
1 51647U 22012AB  26154.19380472  .00000324  00000+0  89205-3 0  9997
2 51647  87.8847  39.0580 0002000  90.6971 269.4386 13.10375209207510
ONEWEB-0458             
1 51648U 22012AC  26154.59736057  .00001942  00000+0  55265-2 0  9991
2 51648  87.8832  38.9640 0002903  72.5773 287.5671 13.10360744207528
ONEWEB-0461             
1 51649U 22012AD  26154.63650416 -.00000173  00000+0 -47779-3 0  9990
2 51649  87.9150   8.5521 0001869  90.3324 269.8022 13.17649265212102
ONEWEB-0463             
1 51650U 22012AE  26154.61795780  .00000035  00000+0  57533-4 0  9999
2 51650  87.9144   8.5795 0001890  95.8482 264.2864 13.17650411211881
ONEWEB-0464             
1 51651U 22012AF  26154.21222205  .00000686  00000+0  19300-2 0  9993
2 51651  87.8840  39.0639 0001753  74.2865 285.8455 13.10372921207491
ONEWEB-0468             
1 51652U 22012AG  26154.60064601  .00000440  00000+0  12236-2 0  9990
2 51652  87.8839  38.9807 0001700  72.5771 287.5542 13.10370828207528
ONEWEB-0473             
1 51653U 22012AH  26154.20392108  .00000654  00000+0  18357-2 0  9990
2 51653  87.8842  39.0620 0001887  82.7846 277.3496 13.10375118207476
ONEWEB-0474             
1 51654U 22012AJ  26154.19561351  .00000425  00000+0  11801-2 0  9990
2 51654  87.8863  39.0447 0001785  71.0762 289.0558 13.10377283207465
ONEWEB-0475             
1 51655U 22012AK  26154.55383152  .00000032  00000+0  48596-4 0  9999
2 51655  87.9137   8.5852 0001931  67.1608 292.9727 13.17649727211895
ONEWEB-0490             
1 54113U 22138A   26154.48755551 -.00000087  00000+0 -24944-3 0  9990
2 54113  87.9171 307.6968 0001584  93.3842 266.7472 13.19726669175024
ONEWEB-0492             
1 54114U 22138B   26154.43702493 -.00001597  00000+0 -40219-2 0  9992
2 54114  87.9148 307.7086 0002181 104.2111 255.9264 13.19717593175021
ONEWEB-0495             
1 54115U 22138C   26154.49071352 -.00000006  00000+0 -47461-4 0  9994
2 54115  87.9159 307.7010 0001203  86.4008 273.7262 13.19727525175012
ONEWEB-0497             
1 54116U 22138D   26154.50334986  .00000026  00000+0  31794-4 0  9994
2 54116  87.9163 307.6896 0001730  95.1163 265.0167 13.19727040175002
ONEWEB-0499             
1 54117U 22138E   26154.48678030  .00000160  00000+0  36810-3 0  9995
2 54117  87.9149 307.7032 0001526  87.1934 272.9373 13.19725818175018
ONEWEB-0500             
1 54118U 22138F   26154.48912808  .00000522  00000+0  12724-2 0  9999
2 54118  87.9180 307.6978 0001829 108.9232 251.2100 13.19725612175022
ONEWEB-0501             
1 54119U 22138G   26154.44333992  .00000040  00000+0  68226-4 0  9992
2 54119  87.9163 307.7046 0001627  90.7614 269.3705 13.19727393174993
ONEWEB-0502             
1 54120U 22138H   26153.82256597  .00000034  00000+0  52027-4 0  9995
2 54120  87.9167 307.8167 0001682  88.0475 272.0850 13.19727349174937
ONEWEB-0503             
1 54121U 22138J   26152.44682126  .00000112  00000+0  24712-3 0  9990
2 54121  87.9166 308.0965 0002022  90.2839 269.8526 13.19727739174740
ONEWEB-0504             
1 54122U 22138K   26154.48124098  .00000046  00000+0  83115-4 0  9995
2 54122  87.9166 307.6964 0001685  89.8092 270.3233 13.19726137175029
ONEWEB-0505             
1 54123U 22138L   26154.32645868 -.00000021  00000+0 -84783-4 0  9999
2 54123  87.9166 307.7277 0001530  85.5692 274.5616 13.19725389174989
ONEWEB-0506             
1 54124U 22138M   26154.45281143  .00000068  00000+0  13656-3 0  9995
2 54124  87.9172 307.7007 0001557  88.5260 271.6051 13.19726455174998
ONEWEB-0507             
1 54125U 22138N   26154.47334509  .00000019  00000+0  15128-4 0  9996
2 54125  87.9158 307.7091 0001615  92.8688 267.2630 13.19726002175042
ONEWEB-0508             
1 54126U 22138P   26154.47017173  .00000097  00000+0  20997-3 0  9997
2 54126  87.9157 307.7093 0001373  94.2968 265.8322 13.19727524175022
ONEWEB-0509             
1 54127U 22138Q   26154.44491063  .00000164  00000+0  37695-3 0  9997
2 54127  87.9162 307.7015 0001694  94.6357 265.4969 13.19727333174991
ONEWEB-0510             
1 54128U 22138R   26154.26853363  .00000076  00000+0  15451-3 0  9991
2 54128  87.9191 277.2087 0002416 106.2200 253.9199 13.20773025177445
ONEWEB-0511             
1 54129U 22138S   26154.44176201  .00000001  00000+0 -29086-4 0  9990
2 54129  87.9168 307.7074 0001911  86.9050 273.2301 13.19725483175026
ONEWEB-0512             
1 54130U 22138T   26153.82731244  .00000202  00000+0  47141-3 0  9990
2 54130  87.9163 307.8352 0001790  87.1194 273.0144 13.19723002174915
ONEWEB-0513             
1 54131U 22138U   26154.44512301  .00000168  00000+0  38366-3 0  9991
2 54131  87.9165 307.6573 0001730  64.5278 295.6034 13.20268913174901
ONEWEB-0514             
1 54132U 22138V   26154.44964676  .00000056  00000+0  10836-3 0  9996
2 54132  87.9168 307.7031 0001950  96.0459 264.0896 13.19726766175012
ONEWEB-0515             
1 54133U 22138W   26154.33080020 -.00000045  00000+0 -14171-3 0  9993
2 54133  87.9191 277.1917 0002362 121.7597 238.3767 13.20771972177473
ONEWEB-0516             
1 54134U 22138X   26154.50018493  .00000182  00000+0  42148-3 0  9993
2 54134  87.9143 307.7024 0001610 103.2682 256.8630 13.19727602175027
ONEWEB-0517             
1 54135U 22138Y   26154.47965331 -.00000127  00000+0 -34929-3 0  9991
2 54135  87.9165 307.6963 0002086  89.8865 270.2507 13.19726757175026
ONEWEB-0518             
1 54136U 22138Z   26153.81629712 -.00000010  00000+0 -57844-4 0  9992
2 54136  87.9155 307.8385 0001680 101.2384 258.8937 13.19726806174933
ONEWEB-0519             
1 54137U 22138AA  26154.44808546  .00000227  00000+0  53369-3 0  9992
2 54137  87.9169 307.7027 0001978  91.5039 268.6320 13.19724476175026
ONEWEB-0520             
1 54138U 22138AB  26154.48281992 -.00000042  00000+0 -13626-3 0  9996
2 54138  87.9168 307.6965 0001546  93.2630 266.8680 13.19726628175012
ONEWEB-0521             
1 54139U 22138AC  26154.59180446  .00000015  00000+0  56446-5 0  9998
2 54139  87.9162 307.6620 0001995  92.6315 267.5046 13.19726533174979
ONEWEB-0522             
1 54140U 22138AD  26154.49545248  .00000046  00000+0  82591-4 0  9997
2 54140  87.9170 307.6835 0001713  93.4338 266.6991 13.19726982175002
ONEWEB-0523             
1 54141U 22138AE  26154.31733345  .00000058  00000+0  11003-3 0  9998
2 54141  87.9188 277.2046 0002634 108.9725 251.1694 13.20769742177478
ONEWEB-0524             
1 54142U 22138AF  26154.30723573  .00000115  00000+0  25204-3 0  9992
2 54142  87.9206 277.2012 0002126 126.5102 233.6227 13.20770766177479
ONEWEB-0525             
1 54143U 22138AG  26154.43858452  .00000111  00000+0  24559-3 0  9990
2 54143  87.9163 307.7021 0001479  97.8241 262.3059 13.19724684175011
ONEWEB-0526             
1 54144U 22138AH  26154.47177366  .00000335  00000+0  80427-3 0  9997
2 54144  87.9152 307.6974 0001511  79.8519 280.2784 13.19729901174998
ONEWEB-0529             
1 54145U 22138AJ  26154.47491137  .00000182  00000+0  42333-3 0  9997
2 54145  87.9162 307.7080 0001515 105.5586 254.5714 13.19727181175013
ONEWEB-0531             
1 54146U 22138AK  26154.29378679  .00000114  00000+0  24819-3 0  9997
2 54146  87.9184 277.2046 0002581 113.3751 246.7654 13.20772767177476
ONEWEB-0535             
1 54147U 22138AL  26152.46102571  .00000127  00000+0  28484-3 0  9997
2 54147  87.9164 308.0917 0002154  98.3155 261.8222 13.19724313174761
ONEWEB-0536             
1 54148U 22138AM  26154.28029925  .00000143  00000+0  31994-3 0  9999
2 54148  87.9180 277.2305 0002665 122.2793 237.8599 13.20770357177461
ONEWEB-0527             
1 54642U 22166A   26154.31829637 -.00000005  00000+0 -43722-4 0  9993
2 54642  87.9257 246.7541 0001998 101.7901 258.3457 13.21824885169705
ONEWEB-0528             
1 54643U 22166B   26154.32418859 -.00000006  00000+0 -46537-4 0  9993
2 54643  87.9257 246.7572 0001733  99.8299 260.3030 13.21826936169714
ONEWEB-0539             
1 54644U 22166C   26154.28719812  .00000005  00000+0 -20350-4 0  9995
2 54644  87.9266 246.7362 0002089  94.0363 266.1010 13.21826158169703
ONEWEB-0540             
1 54645U 22166D   26154.29406100  .00000082  00000+0  16754-3 0  9996
2 54645  87.9258 246.7659 0002082  95.8334 264.3037 13.21826168169692
ONEWEB-0542             
1 54646U 22166E   26154.29728843  .00000090  00000+0  18558-3 0  9991
2 54646  87.9266 246.7320 0002175  92.8881 267.2502 13.21826977169703
ONEWEB-0545             
1 54647U 22166F   26154.26196243 -.00000001  00000+0 -34200-4 0  9999
2 54647  87.9257 246.7519 0002379  89.7739 270.3667 13.21827590169661
ONEWEB-0580             
1 54648U 22166G   26154.31242209 -.00000014  00000+0 -65118-4 0  9996
2 54648  87.9257 246.7419 0002361  93.0771 267.0633 13.21826506169714
ONEWEB-0582             
1 54649U 22166H   26154.27878631  .00000088  00000+0  18148-3 0  9995
2 54649  87.9255 246.7407 0002341  92.0485 268.0917 13.21825265169682
ONEWEB-0583             
1 54650U 22166J   26154.29055990  .00000058  00000+0  10965-3 0  9990
2 54650  87.9259 246.7625 0002102  95.7200 264.4174 13.21826950169698
ONEWEB-0584             
1 54651U 22166K   26154.31072642  .00000043  00000+0  72894-4 0  9991
2 54651  87.9255 246.7439 0002137  98.5694 261.5682 13.21824596169689
ONEWEB-0585             
1 54652U 22166L   26154.25859979  .00000061  00000+0  11690-3 0  9997
2 54652  87.9259 246.7408 0001889 102.9236 257.2109 13.21826001169684
ONEWEB-0586             
1 54653U 22166M   26154.27203029  .00000348  00000+0  81078-3 0  9994
2 54653  87.9272 246.7649 0002060 108.9165 251.2192 13.21826675169689
ONEWEB-0587             
1 54654U 22166N   26154.28213014  .00000094  00000+0  19611-3 0  9993
2 54654  87.9269 246.7342 0001805 109.0685 251.0645 13.21828146169845
ONEWEB-0589             
1 54655U 22166P   26154.26866709  .00000136  00000+0  29818-3 0  9994
2 54655  87.9253 246.7509 0002759  88.2081 271.9369 13.21828404169707
ONEWEB-0590             
1 54656U 22166Q   26154.29378726  .00000061  00000+0  11614-3 0  9997
2 54656  87.9265 246.7346 0002398 107.5536 252.5860 13.21826019169698
ONEWEB-0591             
1 54657U 22166R   26154.30570223  .00000045  00000+0  76954-4 0  9997
2 54657  87.9255 246.7487 0002090  98.2467 261.8904 13.21826037169728
ONEWEB-0592             
1 54658U 22166S   26154.30906418 -.00000033  00000+0 -11160-3 0  9993
2 54658  87.9268 246.7244 0001990  99.1189 261.0170 13.21826903169609
ONEWEB-0593             
1 54659U 22166T   26154.25522164  .00000037  00000+0  59063-4 0  9997
2 54659  87.9259 246.7475 0002015  95.2224 264.9140 13.21827218169702
ONEWEB-0594             
1 54660U 22166U   26154.27539417  .00000068  00000+0  13245-3 0  9995
2 54660  87.9256 246.7603 0001955 102.8891 257.2462 13.21827968169727
ONEWEB-0595             
1 54661U 22166V   26154.25186498  .00000048  00000+0  85579-4 0  9999
2 54661  87.9265 246.7440 0001914 106.1303 254.0041 13.21826305169695
ONEWEB-0596             
1 54662U 22166W   26154.30233552  .00000057  00000+0  10716-3 0  9990
2 54662  87.9257 246.7467 0002030 102.2584 257.8778 13.21826163169706
ONEWEB-0597             
1 54663U 22166X   26154.28383070  .00000046  00000+0  80621-4 0  9990
2 54663  87.9269 246.7558 0002206 101.9364 258.2018 13.21825651169701
ONEWEB-0600             
1 54664U 22166Y   26154.26530783  .00000042  00000+0  69546-4 0  9993
2 54664  87.9255 246.7495 0001905  97.7006 262.4345 13.21827862169679
ONEWEB-0601             
1 54665U 22166Z   26154.25690022  .00000055  00000+0  10143-3 0  9998
2 54665  87.9256 246.7665 0002186  95.1764 264.9620 13.21824651169862
ONEWEB-0602             
1 54666U 22166AA  26154.29811978  .00000045  00000+0  78321-4 0  9990
2 54666  87.9258 246.7646 0001881  94.4677 265.6672 13.21825212169713
ONEWEB-0603             
1 54667U 22166AB  26154.30402229  .00002378  00000+0  57253-2 0  9998
2 54667  87.9268 246.7191 0002031  99.4752 260.6612 13.21813952169646
ONEWEB-0604             
1 54668U 22166AC  26154.29224096  .00000033  00000+0  48083-4 0  9990
2 54668  87.9267 246.7368 0001950 102.2293 257.9060 13.21826652169607
ONEWEB-0605             
1 54669U 22166AD  26154.28551430  .00000112  00000+0  23902-3 0  9995
2 54669  87.9259 246.7530 0002649  97.5133 262.6302 13.21824522169678
ONEWEB-0606             
1 54670U 22166AE  26154.30738117  .00000066  00000+0  12719-3 0  9991
2 54670  87.9259 246.7613 0001942 104.5254 255.6096 13.21826193169735
ONEWEB-0607             
1 54671U 22166AF  26154.27371404  .00000100  00000+0  21145-3 0  9992
2 54671  87.9264 246.7375 0002017  95.9162 264.2202 13.21828047169704
ONEWEB-0608             
1 54672U 22166AG  26154.28046464  .00000059  00000+0  11022-3 0  9995
2 54672  87.9271 246.7328 0002502  95.8878 264.2542 13.21826954169716
ONEWEB-0610             
1 54673U 22166AH  26154.26026224  .00000067  00000+0  13072-3 0  9992
2 54673  87.9256 246.7518 0002400  87.0524 273.0884 13.21827738169616
ONEWEB-0611             
1 54674U 22166AJ  26154.25353889  .00000020  00000+0  16463-4 0  9999
2 54674  87.9254 246.7494 0001954 104.4338 255.7013 13.21826813169601
ONEWEB-0612             
1 54675U 22166AK  26154.26699263  .00000058  00000+0  10944-3 0  9998
2 54675  87.9266 246.7404 0002153  97.5243 262.6136 13.21824388169591
ONEWEB-0615             
1 54676U 22166AL  26154.32252109 -.00000031  00000+0 -10722-3 0  9997
2 54676  87.9258 246.7455 0001719 101.3322 258.8005 13.21825640169615
ONEWEB-0655             
1 54677U 22166AM  26154.29897182  .00000029  00000+0  37725-4 0  9998
2 54677  87.9257 246.7519 0001917  92.5920 267.5434 13.21825554169607
ONEWEB-0659             
1 54678U 22166AN  26154.24007186  .00000065  00000+0  12513-3 0  9998
2 54678  87.9258 246.7632 0002015 102.1675 257.9685 13.21827896169680
ONEWEB-0685             
1 54679U 22166AP  26154.31603956  .00000009  00000+0 -89970-5 0  9996
2 54679  87.9254 246.7408 0002054  92.8094 267.3275 13.21819777169589
ONEWEB-0712             
1 54680U 22166AQ  26154.60855478  .00000016  00000+0  75940-5 0  9997
2 54680  87.9107 231.4700 0001764  86.2258 273.9075 13.16593689170274
ONEWEB-0714             
1 54681U 22166AR  26154.32083496 -.00000573  00000+0 -14180-2 0  9996
2 54681  87.9258 246.7362 0001940  95.7543 264.3813 13.21820456169704
ONEWEB-0532             
1 55140U 23004A   26154.59263519  .00000114  00000+0  26061-3 0  9995
2 55140  87.9162   8.5715 0001946  82.8608 277.2745 13.17647893165799
ONEWEB-0533             
1 55141U 23004B   26154.58224102 -.00000246  00000+0 -71987-3 0  9995
2 55141  87.8960 353.3796 0002033  82.5239 277.6121 13.12443368166272
ONEWEB-0541             
1 55142U 23004C   26154.60147773 -.00000124  00000+0 -38684-3 0  9999
2 55142  87.8917  23.7606 0001819  97.4855 262.6480 13.11420220164162
ONEWEB-0543             
1 55143U 23004D   26154.58197213 -.00000030  00000+0 -10823-3 0  9992
2 55143  87.9161 338.1787 0001581  82.5042 277.6270 13.18688870167909
ONEWEB-0544             
1 55144U 23004E   26154.57523311 -.00000043  00000+0 -14166-3 0  9992
2 55144  87.9159 338.1798 0001560  92.4762 267.6549 13.18685689167908
ONEWEB-0560             
1 55145U 23004F   26154.56849243  .00000185  00000+0  43589-3 0  9993
2 55145  87.9167 338.1709 0001311  85.5007 274.6275 13.18685874167910
ONEWEB-0565             
1 55146U 23004G   26154.56173806  .00000089  00000+0  19354-3 0  9995
2 55146  87.9148 338.2004 0001779 104.3656 255.7673 13.18686831167902
ONEWEB-0567             
1 55147U 23004H   26154.55500097 -.00000035  00000+0 -12077-3 0  9999
2 55147  87.9171 338.1870 0001368  88.5037 271.6252 13.18685341167904
ONEWEB-0569             
1 55148U 23004J   26154.44850771  .00000286  00000+0  74764-3 0  9992
2 55148  87.8953 322.9553 0001027 113.2210 246.9028 13.13469394168373
ONEWEB-0570             
1 55149U 23004K   26154.54655566  .00000078  00000+0  16423-3 0  9996
2 55149  87.9158 338.1850 0002117  96.5523 263.5850 13.18688831167890
ONEWEB-0571             
1 55150U 23004L   26154.53981227  .00000028  00000+0  38973-4 0  9993
2 55150  87.9172 338.1869 0001527 134.1576 225.9682 13.18688225167903
ONEWEB-0572             
1 55151U 23004M   26154.62300522  .00000005  00000+0 -19298-4 0  9992
2 55151  87.9142   8.5642 0001807  92.9843 267.1496 13.17647674165694
ONEWEB-0573             
1 55152U 23004N   26154.53307617  .00000064  00000+0  12931-3 0  9995
2 55152  87.9160 338.1881 0001643 120.7966 239.3328 13.18687485167890
ONEWEB-0588             
1 55153U 23004P   26154.52632389  .00000076  00000+0  16092-3 0  9997
2 55153  87.9166 338.1914 0002124 102.2763 257.8607 13.18688238167891
ONEWEB-0598             
1 55154U 23004Q   26153.66386580 -.00000509  00000+0 -14734-2 0  9994
2 55154  87.8893  23.9592 0001159  97.6771 262.4489 13.11416091163998
ONEWEB-0599             
1 55155U 23004R   26154.58419726  .00000077  00000+0  16465-3 0  9998
2 55155  87.9143   8.5705 0001636  81.3534 278.7783 13.17648199165698
ONEWEB-0614             
1 55156U 23004S   26154.57434117 -.00000323  00000+0 -94831-3 0  9998
2 55156  87.8896  23.7873 0002010  82.3163 277.8193 13.11415322164052
ONEWEB-0616             
1 55157U 23004T   26154.55045955 -.00000080  00000+0 -23993-3 0  9996
2 55157  87.9137   8.5811 0001535  48.1227 312.0035 13.17649588165908
ONEWEB-0617             
1 55158U 23004U   26154.56248495  .00000156  00000+0  40551-3 0  9993
2 55158  87.8901  23.7797 0002192  90.2336 269.9043 13.11414872164074
ONEWEB-0618             
1 55159U 23004V   26154.56714059  .00004502  00000+0  25271-3 0  9999
2 55159  86.9096 183.1640 0011406 358.7074   1.4134 15.13032092180204
ONEWEB-0619             
1 55160U 23004W   26154.58252198 -.00000035  00000+0 -12453-3 0  9991
2 55160  87.9137   8.5534 0002185  78.3861 281.7516 13.17650051165807
ONEWEB-0620             
1 55161U 23004X   26154.55739427  .00000349  00000+0  94987-3 0  9992
2 55161  87.8896  23.7898 0001710  92.3210 267.8114 13.11416050164045
ONEWEB-0621             
1 55162U 23004Y   26154.58450963 -.00000468  00000+0 -13563-2 0  9995
2 55162  87.8913  23.7733 0002036  86.3322 273.8039 13.11416672164024
ONEWEB-0622             
1 55163U 23004Z   26154.58959894 -.00000405  00000+0 -11785-2 0  9998
2 55163  87.8915  23.7737 0002506 104.8342 255.3064 13.11417321164015
ONEWEB-0623             
1 55164U 23004AA  26154.57745333  .00000101  00000+0  22739-3 0  9992
2 55164  87.9146   8.5871 0002565  84.1867 275.9557 13.17648786165798
ONEWEB-0624             
1 55165U 23004AB  26154.55348201  .00000091  00000+0  21545-3 0  9996
2 55165  87.8960 353.3011 0001798  82.9083 277.2250 13.12926786166286
ONEWEB-0625             
1 55166U 23004AC  26154.56733488  .00000074  00000+0  15683-3 0  9990
2 55166  87.9143   8.5842 0001757  81.0275 279.1055 13.17650233165784
ONEWEB-0626             
1 55167U 23004AD  26154.55721655  .00000019  00000+0  15430-4 0  9993
2 55167  87.9140   8.5862 0001545  95.7491 264.3817 13.17650231165781
ONEWEB-0627             
1 55168U 23004AE  26154.62132706 -.00000036  00000+0 -12657-3 0  9993
2 55168  87.9140   8.5747 0002389  70.0726 290.0662 13.17648455165798
ONEWEB-0628             
1 55169U 23004AF  26154.52987527  .00000309  00000+0  82458-3 0  9999
2 55169  87.8948 353.3696 0002482  85.2463 274.8949 13.12444315166241
ONEWEB-0629             
1 55170U 23004AG  26154.59685841  .00000013  00000+0 -85583-6 0  9990
2 55170  87.9147   8.5744 0001990  74.3506 285.7845 13.17650703165798
ONEWEB-0631             
1 55171U 23004AH  26154.51957920  .00000038  00000+0  64316-4 0  9998
2 55171  87.9167 338.1554 0001909 105.7027 254.4316 13.18688297167876
ONEWEB-0709             
1 55172U 23004AJ  26154.62351968  .00000464  00000+0  12739-2 0  9994
2 55172  87.8895  23.7791 0001141 108.2471 251.8781 13.11418413164095
ONEWEB-0710             
1 55173U 23004AK  26154.61120678  .00000047  00000+0  88416-4 0  9990
2 55173  87.9141   8.5671 0002016  95.0343 265.1019 13.17650637165794
ONEWEB-0711             
1 55174U 23004AL  26154.59470177 -.00000394  00000+0 -11465-2 0  9995
2 55174  87.8901  23.7716 0002514  89.5616 270.5800 13.11419007164055
ONEWEB-0713             
1 55175U 23004AM  26154.61334843  .00000435  00000+0  11926-2 0  9994
2 55175  87.8903  23.7701 0002243  91.3782 268.7603 13.11419109164048
ONEWEB-0715             
1 55176U 23004AN  26154.60826133  .00000190  00000+0  49901-3 0  9995
2 55176  87.8900  23.7713 0001629 107.1323 252.9984 13.11418866164083
ONEWEB-0716             
1 55177U 23004AP  26154.60445630  .00000065  00000+0  13540-3 0  9996
2 55177  87.9145   8.5706 0001685  80.3266 279.8056 13.17650859165792
ONEWEB-0717             
1 55178U 23004AQ  26154.58757743  .00000072  00000+0  15256-3 0  9999
2 55178  87.9153   8.5604 0002335  96.8716 263.2681 13.17652453165843
ONEWEB-0719             
1 55179U 23004AR  26154.59770888  .00000061  00000+0  12447-3 0  9993
2 55179  87.9151   8.5387 0001866  81.7481 278.3862 13.17650576165796
ONEWEB-0530             
1 55796U 23029A   26154.60522183  .00000088  00000+0  18477-3 0  9998
2 55796  87.9178 277.1775 0002383  97.0009 263.1396 13.20770593159351
ONEWEB-0534             
1 55797U 23029B   26154.29040611  .00000110  00000+0  23761-3 0  9993
2 55797  87.9179 277.2404 0001824  97.6915 262.4425 13.20770782159315
ONEWEB-0556             
1 55798U 23029C   26154.29715863  .00000118  00000+0  25758-3 0  9998
2 55798  87.9178 277.2388 0002131  75.3793 284.7576 13.20773089159312
ONEWEB-0562             
1 55799U 23029D   26154.28366606  .00000109  00000+0  23675-3 0  9991
2 55799  87.9178 277.2218 0002600  87.9588 272.1843 13.20772412159314
ONEWEB-0563             
1 55800U 23029E   26154.27863229  .00000119  00000+0  26065-3 0  9993
2 55800  87.9196 277.2510 0001538 105.7571 254.3732 13.20772062159301
ONEWEB-0564             
1 55801U 23029F   26154.27189374  .00000052  00000+0  95004-4 0  9992
2 55801  87.9178 277.2283 0002289  95.5001 264.6393 13.20773420159314
ONEWEB-0638             
1 55802U 23029G   26154.46351618  .00000132  00000+0  32090-3 0  9990
2 55802  87.8945 292.4893 0002107  82.9123 277.2246 13.14502063157597
ONEWEB-0639             
1 55803U 23029H   26154.46071128  .00000058  00000+0  11148-3 0  9994
2 55803  87.9157 307.7115 0000829  94.6206 265.5022 13.19726548157090
ONEWEB-0640             
1 55804U 23029J   26154.32079162 -.00000026  00000+0 -10505-3 0  9999
2 55804  87.8944 292.5080 0001730  76.5250 283.6073 13.14501972157595
ONEWEB-0641             
1 55805U 23029K   26154.45596091  .00000050  00000+0  93757-4 0  9995
2 55805  87.9163 307.7006 0001662  97.0230 263.1092 13.19726943157100
ONEWEB-0642             
1 55806U 23029L   26154.45122768  .00000049  00000+0  89005-4 0  9991
2 55806  87.9159 307.7147 0001056 108.7042 251.4206 13.19726290157090
ONEWEB-0643             
1 55807U 23029M   26153.83396585  .00000281  00000+0  72421-3 0  9994
2 55807  87.8943 292.5928 0001412 117.2593 242.8681 13.14502204157500
ONEWEB-0644             
1 55808U 23029N   26154.44647652 -.00000069  00000+0 -20505-3 0  9999
2 55808  87.9153 307.7177 0001431 101.6493 258.4801 13.19724084157095
ONEWEB-0645             
1 55809U 23029P   26153.78624216  .00000006  00000+0 -16741-4 0  9995
2 55809  87.9156 307.8460 0001438  83.9278 276.2019 13.19726988157000
ONEWEB-0646             
1 55810U 23029Q   26153.80363471 -.00000057  00000+0 -17583-3 0  9994
2 55810  87.9154 307.8422 0001688 106.1464 253.9854 13.19725132156996
ONEWEB-0648             
1 55811U 23029R   26154.33505595 -.00000121  00000+0 -36082-3 0  9996
2 55811  87.8954 292.4645 0000965  86.1560 273.9680 13.14505059157574
ONEWEB-0649             
1 55812U 23029S   26154.43542839  .00000126  00000+0  28362-3 0  9995
2 55812  87.9151 307.7135 0001503  93.0701 267.0603 13.19727190157118
ONEWEB-0650             
1 55813U 23029T   26153.82416075  .00000026  00000+0  33681-4 0  9990
2 55813  87.9156 307.8387 0001357 100.0451 260.0835 13.19726979157004
ONEWEB-0652             
1 55814U 23029U   26154.31603381  .00000085  00000+0  19490-3 0  9990
2 55814  87.8958 292.4759 0001961 102.6238 257.5111 13.14503783157546
ONEWEB-0653             
1 55815U 23029V   26154.45241192  .00000246  00000+0  62992-3 0  9998
2 55815  87.8954 292.4468 0001913  95.2522 264.8826 13.14502554157594
ONEWEB-0654             
1 55816U 23029W   26153.83871814  .00000276  00000+0  70915-3 0  9997
2 55816  87.8949 292.5660 0002200  96.3701 263.7679 13.14503227157531
ONEWEB-0656             
1 55817U 23029X   26154.34092586 -.00000013  00000+0 -64397-4 0  9995
2 55817  87.9215 277.1926 0002259  94.2965 265.8426 13.20772424159322
ONEWEB-0657             
1 55818U 23029Y   26153.81942509 -.00000026  00000+0 -96908-4 0  9993
2 55818  87.9159 307.8384 0002332 110.6459 249.4924 13.19726362157015
ONEWEB-0658             
1 55819U 23029Z   26154.49703356 -.00000001  00000+0 -35805-4 0  9996
2 55819  87.9168 307.6776 0001418 100.8472 259.2820 13.19726967157115
ONEWEB-0660             
1 55820U 23029AA  26153.81651281  .00000030  00000+0  46243-4 0  9990
2 55820  87.8961 292.5615 0001657  89.4634 270.6686 13.14502633157516
ONEWEB-0661             
1 55821U 23029AB  26154.46034609  .00000218  00000+0  55433-3 0  9990
2 55821  87.8943 292.4801 0001540  87.3980 272.7326 13.14501994157585
ONEWEB-0662             
1 55822U 23029AC  26153.81016591 -.00000093  00000+0 -28501-3 0  9998
2 55822  87.8940 292.6168 0001643  89.9631 270.1687 13.14501936157540
ONEWEB-0663             
1 55823U 23029AD  26154.29987957  .00000062  00000+0  12134-3 0  9994
2 55823  87.9195 277.2688 0001477  96.5868 263.5434 13.20868072159318
ONEWEB-0664             
1 55824U 23029AE  26154.32743588  .00000095  00000+0  20142-3 0  9993
2 55824  87.9177 277.2455 0002051  89.2634 270.8734 13.20771371159319
ONEWEB-0665             
1 55825U 23029AF  26154.45717800  .00000184  00000+0  46255-3 0  9998
2 55825  87.8945 292.4623 0001601  91.6396 268.4917 13.14502093157602
ONEWEB-0666             
1 55826U 23029AG  26154.32070587  .00000023  00000+0  24622-4 0  9996
2 55826  87.9183 277.2362 0002458 117.9769 242.1614 13.20769624159322
ONEWEB-0667             
1 55827U 23029AH  26154.31567023  .00000020  00000+0  18235-4 0  9992
2 55827  87.9191 277.1949 0001822  99.1302 261.0038 13.20771493159316
ONEWEB-0669             
1 55828U 23029AJ  26154.31061303  .00000047  00000+0  84649-4 0  9994
2 55828  87.9195 277.2059 0002383  94.2481 265.8925 13.20770840159313
ONEWEB-0670             
1 55829U 23029AK  26154.43497632  .00001317  00000+0  35180-2 0  9991
2 55829  87.8988 292.4816 0002187  96.4969 263.6410 13.14492551157620
ONEWEB-0671             
1 55830U 23029AL  26154.49227832  .00000236  00000+0  55641-3 0  9996
2 55830  87.9144 307.7055 0001664  95.0299 265.1023 13.19727806157099
ONEWEB-0672             
1 55831U 23029AM  26154.30555884  .00000100  00000+0  21407-3 0  9991
2 55831  87.9202 277.1999 0002149 108.0971 252.0397 13.20770462159317
ONEWEB-0673             
1 55832U 23029AN  26154.46939782  .00000062  00000+0  12336-3 0  9990
2 55832  87.9168 307.7007 0001772  90.3964 269.7372 13.19725766157091
ONEWEB-0674             
1 55833U 23029AP  26154.32714138 -.00000025  00000+0 -10310-3 0  9993
2 55833  87.8946 292.4804 0001826  91.2773 268.8566 13.14503282157590
ONEWEB-0675             
1 55834U 23029AQ  26154.48439611 -.00000003  00000+0 -38806-4 0  9998
2 55834  87.9157 307.7084 0001930 105.8365 254.2980 13.19727388157118
ONEWEB-0720             
1 55835U 23029AR  26154.47649202  .00000006  00000+0 -16971-4 0  9998
2 55835  87.9162 307.7110 0001553 107.6174 252.5128 13.19726764157037
ONEWEB-0537             
1 56046U 23043A   26154.59114248  .00000069  00000+0  14759-3 0  9998
2 56046  87.9107 231.4706 0002210 104.1348 256.0029 13.16593697157179
ONEWEB-0538             
1 56047U 23043B   26154.58481117  .00000194  00000+0  47340-3 0  9991
2 56047  87.9097 231.4764 0001949 107.0666 253.0679 13.16594053157181
ONEWEB-0546             
1 56048U 23043C   26154.57214791 -.00000033  00000+0 -11876-3 0  9992
2 56048  87.9105 231.4771 0002650 105.8418 254.3005 13.16593502157175
ONEWEB-0547             
1 56049U 23043D   26154.31998028  .00000062  00000+0  11971-3 0  9993
2 56049  87.9263 246.7323 0001843 104.2557 255.8782 13.21824893156390
ONEWEB-0548             
1 56050U 23043E   26154.59668513  .00000093  00000+0  21079-3 0  9992
2 56050  87.9104 231.4687 0002226  87.9917 272.1469 13.16595225157172
ONEWEB-0549             
1 56051U 23043F   26154.31409764  .00000014  00000+0  15587-5 0  9996
2 56051  87.9255 246.7408 0001855 110.2100 249.9233 13.21824894156398
ONEWEB-0550             
1 56052U 23043G   26154.30065263  .00000076  00000+0  15313-3 0  9991
2 56052  87.9258 246.7408 0002036  94.9760 265.1607 13.21825109156399
ONEWEB-0551             
1 56053U 23043H   26154.31280080 -.00000046  00000+0 -15637-3 0  9997
2 56053  87.8997 261.9909 0001740 112.7691 247.3623 13.15548304154577
ONEWEB-0552             
1 56054U 23043J   26154.29560103  .00000107  00000+0  22659-3 0  9990
2 56054  87.9257 246.7481 0001839  96.6213 263.5131 13.21827794156399
ONEWEB-0553             
1 56055U 23043K   26154.57847486  .00000024  00000+0  28180-4 0  9998
2 56055  87.9105 231.4767 0002488 101.9137 258.2273 13.16593314157184
ONEWEB-0554             
1 56056U 23043L   26154.26182513  .00000081  00000+0  17788-3 0  9992
2 56056  87.9102 231.5483 0002216  93.2358 266.9026 13.16594016157121
ONEWEB-0555             
1 56057U 23043M   26154.60380669  .00000450  00000+0  11434-2 0  9994
2 56057  87.9107 231.4680 0002608 105.9199 254.2219 13.16594322157173
ONEWEB-0557             
1 56058U 23043N   26154.23806625  .00000029  00000+0  40989-4 0  9990
2 56058  87.9106 231.5510 0003199  88.7154 271.4343 13.16593905157121
ONEWEB-0558             
1 56059U 23043P   26154.28886759  .00000090  00000+0  18746-3 0  9995
2 56059  87.9258 246.7437 0001937 109.0233 251.1111 13.21826736156404
ONEWEB-0559             
1 56060U 23043Q   26154.27708641  .00000122  00000+0  26469-3 0  9996
2 56060  87.9258 246.7402 0001790 102.5011 257.6324 13.21826587156419
ONEWEB-0566             
1 56061U 23043R   26154.27037199  .00000080  00000+0  16163-3 0  9993
2 56061  87.9258 246.7399 0001687 104.7467 255.3854 13.21825871156394
ONEWEB-0568             
1 56062U 23043S   26154.25548903  .00000027  00000+0  37890-4 0  9994
2 56062  87.9104 231.5375 0002359 102.0607 258.0789 13.16593460157146
ONEWEB-0574             
1 56063U 23043T   26154.26363384  .00000059  00000+0  11156-3 0  9995
2 56063  87.9267 246.7429 0002148  95.7800 264.3579 13.21826569156437
ONEWEB-0575             
1 56064U 23043U   26154.24915617 -.00000048  00000+0 -16042-3 0  9995
2 56064  87.9103 231.5353 0002455  93.7035 266.4377 13.16593212157131
ONEWEB-0576             
1 56065U 23043V   26154.61013330  .00000014  00000+0  32871-5 0  9999
2 56065  87.9108 231.4704 0002240  95.9159 264.2227 13.16593459157176
ONEWEB-0577             
1 56066U 23043W   26154.23648440 -.00000036  00000+0 -12704-3 0  9991
2 56066  87.9106 231.5423 0002614  85.7190 274.4239 13.16592801157155
ONEWEB-0578             
1 56067U 23043X   26154.25019109  .00000050  00000+0  89595-4 0  9995
2 56067  87.9260 246.7447 0002323 103.1051 257.0342 13.21826033156399
ONEWEB-0579             
1 56068U 23043Y   26154.31747712  .00000010  00000+0 -63487-5 0  9991
2 56068  87.9267 246.7274 0001751  97.3426 262.7907 13.21825678156416
ONEWEB-0581             
1 56069U 23043Z   26154.24281425 -.00000046  00000+0 -15428-3 0  9998
2 56069  87.9104 231.5525 0002398  87.4661 272.6744 13.16595330157128
ONEWEB-0609             
1 56070U 23043AA  26154.64317529 -.00000046  00000+0 -15519-3 0  9990
2 56070  87.8995 261.9101 0001907 103.0781 257.0562 13.15548820154658
ONEWEB-0613             
1 56071U 23043AB  26154.33656960 -.00000038  00000+0 -13551-3 0  9997
2 56071  87.8999 261.9833 0001674  99.0444 261.0876 13.15549283154619
ONEWEB-0630             
1 56072U 23043AC  26154.33180683 -.00000085  00000+0 -25951-3 0  9991
2 56072  87.9004 261.9555 0001696 105.0234 255.1084 13.15549835154605
ONEWEB-0632             
1 56073U 23043AD  26154.32706447 -.00000145  00000+0 -41914-3 0  9997
2 56073  87.8996 261.9740 0001987  93.7375 266.3982 13.15547825154601
ONEWEB-0633             
1 56074U 23043AE  26154.32070761 -.00000093  00000+0 -28063-3 0  9993
2 56074  87.9009 261.9503 0001585 108.8519 251.2783 13.15549828154581
ONEWEB-0634             
1 56075U 23043AF  26154.30646567  .00000061  00000+0  12848-3 0  9992
2 56075  87.9002 261.9946 0002136 108.4716 251.6646 13.15547717154570
ONEWEB-0635             
1 56076U 23043AG  26154.30171239  .00000145  00000+0  35126-3 0  9999
2 56076  87.9011 261.9565 0002044  92.1755 267.9609 13.15550007154607
ONEWEB-0636             
1 56077U 23043AH  26154.29379652  .00000141  00000+0  34031-3 0  9997
2 56077  87.8997 261.9658 0002050  98.2884 261.8479 13.15547674154581
ONEWEB-0637             
1 56078U 23043AJ  26154.28745870  .00000160  00000+0  38974-3 0  9997
2 56078  87.8999 261.9837 0002262 101.7440 258.3945 13.15547799154606
ONEWEB-0647             
1 56079U 23043AK  26154.28270620  .00000131  00000+0  31441-3 0  9994
2 56079  87.9004 261.9966 0001813  97.4416 262.6921 13.15547333154597
ONEWEB-0651             
1 56080U 23043AL  26154.81035079  .00000191  00000+0  47385-3 0  9992
2 56080  87.8996 261.8859 0002154  97.3110 262.8266 13.15548093155866
ONEWEB-0718             
1 56081U 23043AM  26154.27318713  .00000052  00000+0  10350-3 0  9990
2 56081  87.9003 261.9727 0002065 113.2943 246.8405 13.15550601154601
ONEWEB-0561             
1 56710U 23068A   26154.33416937  .00000015  00000+0  51281-5 0  9999
2 56710  87.9185 277.2044 0001895  92.5488 267.5862 13.20769706147676
ONEWEB-0668             
1 56711U 23068B   26154.59747119  .00000084  00000+0  18582-3 0  9998
2 56711  87.9109 231.4703 0002511 109.0956 251.0447 13.16593218149999
ONEWEB-0676             
1 56712U 23068C   26154.60538023  .00000039  00000+0  69221-4 0  9990
2 56712  87.9107 231.4746 0002220  91.1394 268.9991 13.16596106149911
ONEWEB-0677             
1 56713U 23068D   26154.32237906  .00000019  00000+0  14425-4 0  9990
2 56713  87.9190 277.1983 0002401 104.3277 255.8123 13.20772151147979
ONEWEB-0678             
1 56714U 23068E   26154.31755277 -.00000082  00000+0 -25114-3 0  9994
2 56714  87.9010 261.9553 0001698  97.3953 262.7370 13.15547540147465
ONEWEB-0679             
1 56715U 23068F   26154.26023476 -.00000036  00000+0 -12880-3 0  9993
2 56715  87.9108 231.5355 0002652  99.9050 260.2381 13.16594022149896
ONEWEB-0680             
1 56716U 23068G   26154.31915322 -.00000034  00000+0 -11462-3 0  9993
2 56716  87.9271 246.7289 0002545 107.1222 253.0191 13.21827389149267
ONEWEB-0681             
1 56717U 23068H   26154.29980350  .00000103  00000+0  21679-3 0  9990
2 56717  87.9260 246.7345 0002515  79.0529 281.0888 13.21826231149251
ONEWEB-0682             
1 56718U 23068J   26154.26527380 -.00000010  00000+0 -59542-4 0  9998
2 56718  87.9005 261.9667 0002408 107.0078 253.1317 13.15547319147623
ONEWEB-0683             
1 56719U 23068K   26154.28904411  .00000172  00000+0  42324-3 0  9991
2 56719  87.9010 261.9608 0002099 108.0515 252.0844 13.15548032147590
ONEWEB-0684             
1 56720U 23068L   26154.29695665  .00000178  00000+0  43927-3 0  9998
2 56720  87.9008 261.9499 0000674 125.6584 234.4609 13.15547474147429
ONEWEB-0686             
1 56721U 23068M   26154.60064294  .00000066  00000+0  13989-3 0  9993
2 56721  87.9097 231.4918 0002012 109.2005 250.9343 13.16594056149924
ONEWEB-0694             
1 56722U 23068N   26154.60697411 -.00000005  00000+0 -46538-4 0  9999
2 56722  87.9115 231.4512 0002341 101.7613 258.3780 13.16594750149987
ONEWEB-0696             
1 56723U 23068P   26154.33024529 -.00000064  00000+0 -20438-3 0  9999
2 56723  87.8998 261.9828 0001525  96.4910 263.6394 13.15549819147542
ONEWEB-0703             
1 56724U 23068Q   26154.33974205  .00000085  00000+0  19172-3 0  9999
2 56724  87.9001 261.9617 0001635  69.6664 290.4642 13.15548174147430
ONEWEB-0721             
1 56725U 23068R   26154.29426183  .00000091  00000+0  18341-3 0  9996
2 56725  86.6763  89.9494 0001965  78.8050 281.3304 13.22468270156104
ONEWEB-0015             
1 61594U 24188A   26154.57603900 -.00000315  00000+0 -92364-3 0  9993
2 61594  87.8897  23.8020 0002357  79.7458 280.3936 13.11415954 82674
ONEWEB-0687             
1 61595U 24188B   26154.56226549  .00000022  00000+0  22284-4 0  9991
2 61595  87.9135   8.5876 0002309  92.7828 267.3568 13.17651133 84106
ONEWEB-0688             
1 61596U 24188C   26154.59095009  .00000063  00000+0  12825-3 0  9994
2 61596  87.9143   8.5822 0002987  77.1236 283.0229 13.17647784 84105
ONEWEB-0689             
1 61597U 24188D   26154.60995800  .00000264  00000+0  71028-3 0  9998
2 61597  87.8913  23.7517 0001925  94.4696 265.6651 13.11419461 82671
ONEWEB-0690             
1 61598U 24188E   26154.62013692  .00000606  00000+0  16729-2 0  9997
2 61598  87.8911  23.7614 0001622  60.7264 299.4026 13.11419134 82857
ONEWEB-0691             
1 61599U 24188F   26154.61505057  .00000356  00000+0  96928-3 0  9990
2 61599  87.8919  23.6701 0002185  83.3014 276.8363 13.11417268 82704
ONEWEB-0692             
1 61600U 24188G   26154.55909422  .00000295  00000+0  79626-3 0  9998
2 61600  87.8896  23.7974 0001327 107.0761 253.0512 13.11416042 82683
ONEWEB-0693             
1 61601U 24188H   26154.60275914  .00000029  00000+0  42365-4 0  9993
2 61601  87.9134   8.6000 0001762  62.9043 297.2268 13.17651656 84090
ONEWEB-0695             
1 61602U 24188J   26154.61164949  .00000299  00000+0  80680-3 0  9990
2 61602  87.8901  23.7784 0001712 102.0931 258.0388 13.11418522 82684
ONEWEB-0697             
1 61603U 24188K   26154.56756734  .00000066  00000+0  15150-3 0  9996
2 61603  87.8894  23.7774 0001359 110.4426 249.6848 13.11415527 82661
ONEWEB-0698             
1 61604U 24188L   26154.62182523  .00000564  00000+0  15566-2 0  9996
2 61604  87.8895  23.7814 0000652  72.6172 287.5027 13.11418115 82699
ONEWEB-0699             
1 61605U 24188M   26154.62386499 -.00000577  00000+0 -16885-2 0  9996
2 61605  87.8837  38.9668 0001229  91.3323 268.7945 13.10371143 81538
ONEWEB-0700             
1 61606U 24188N   26154.62552369 -.00000626  00000+0 -18284-2 0  9998
2 61606  87.8861  38.8733 0001558 101.6649 258.4653 13.10371847 81521
ONEWEB-0701             
1 61607U 24188P   26154.18398331 -.00000144  00000+0 -44999-3 0  9995
2 61607  87.8854  39.0530 0001093  97.3532 262.7720 13.10377629 81479
ONEWEB-0702             
1 61608U 24188Q   26154.59130550 -.00000410  00000+0 -11930-2 0  9992
2 61608  87.8921  23.6918 0001319 112.2522 247.8746 13.11418692 82707
ONEWEB-0704             
1 61609U 24188R   26154.17236103 -.00000651  00000+0 -19003-2 0  9994
2 61609  87.8858  39.0437 0001580 118.3008 241.8279 13.10375876 81451
ONEWEB-0705             
1 61610U 24188S   26154.17733256 -.00000531  00000+0 -15586-2 0  9996
2 61610  87.8856  39.0489 0002369 106.8931 253.2456 13.10375104 73629
ONEWEB-0706             
1 61611U 24188T   26154.62054725 -.00000509  00000+0 -14958-2 0  9991
2 61611  87.8843  38.9666 0001744 101.3409 258.7914 13.10370685 81602
ONEWEB-0707             
1 61612U 24188U   26154.16903740 -.00000553  00000+0 -16211-2 0  9994
2 61612  87.8853  39.0498 0001633  99.6577 260.4735 13.10372558 81489
ONEWEB-0708             
1 61613U 24188V   26154.18730756  .00000030  00000+0  49281-4 0  9995
2 61613  87.8852  39.0654 0002267  90.8633 269.2754 13.10378477 81465
