ONEWEB-0012             
1 44057U 19010A   26056.08165211 -.00000123  00000+0 -35476-3 0  9999
2 44057  87.8997 251.0914 0001204  85.4332 274.6936 13.16594699336815
ONEWEB-0010             
1 44058U 19010B   26055.95498676 -.00000183  00000+0 -51148-3 0  9999
2 44058  87.8995 251.1110 0001773 106.8525 253.2801 13.16594144336848
ONEWEB-0008             
1 44059U 19010C   26056.05632355 -.00000107  00000+0 -31247-3 0  9990
2 44059  87.8994 251.0889 0001711  87.0964 273.0362 13.16593772336971
ONEWEB-0007             
1 44060U 19010D   26056.15447374  .00000174  00000+0  42941-3 0  9993
2 44060  87.8943 281.5958 0001323 101.7278 258.4001 13.15546715336648
ONEWEB-0006             
1 44061U 19010E   26056.15842865  .00000088  00000+0  20099-3 0  9992
2 44061  87.8962 281.5472 0001597  94.0797 266.0516 13.15549694336694
ONEWEB-0011             
1 44062U 19010F   26056.12675962 -.00000022  00000+0 -91371-4 0  9994
2 44062  87.8962 281.5614 0001776  88.4349 271.6985 13.15550515336687
ONEWEB-0013             
1 45131U 20008A   26056.07489142 -.00000766  00000+0 -22620-2 0  9992
2 45131  87.8434  75.4638 0001099  65.8628 294.2614 13.09447452291398
ONEWEB-0017             
1 45132U 20008B   26056.05964036  .00000449  00000+0  12496-2 0  9997
2 45132  87.8759  58.6032 0002015  94.9432 265.1926 13.10374563293260
ONEWEB-0020             
1 45133U 20008C   26055.95338316 -.00000576  00000+0 -16856-2 0  9999
2 45133  87.8760  58.6150 0001856  89.1765 270.9575 13.10371769293642
ONEWEB-0021             
1 45134U 20008D   26055.51018054 -.00000101  00000+0 -32585-3 0  9998
2 45134  87.8755  58.7283 0001771  90.0438 270.0893 13.10375802293892
ONEWEB-0023             
1 45136U 20008F   26056.05548569  .00000300  00000+0  82201-3 0  9998
2 45136  87.8754  58.5988 0001754  84.8627 275.2700 13.10375566293391
ONEWEB-0024             
1 45137U 20008G   26055.72271625 -.00004773  00000+0 -13728-1 0  9994
2 45137  87.8777  58.6497 0001948  96.0191 264.1158 13.10318523293517
ONEWEB-0025             
1 45138U 20008H   26055.96427365 -.00000271  00000+0 -80734-3 0  9997
2 45138  87.8765  58.5954 0001555  85.9460 274.1845 13.10876447293879
ONEWEB-0026             
1 45139U 20008J   26055.92600823 -.00000299  00000+0 -87972-3 0  9997
2 45139  87.8843  43.3902 0002005  88.5476 271.5881 13.11417388296396
ONEWEB-0028             
1 45140U 20008K   26055.95907541  .00000453  00000+0  12414-2 0  9997
2 45140  87.8832  43.3939 0001389  70.3365 289.7912 13.11416745293913
ONEWEB-0032             
1 45141U 20008L   26056.06130047  .00000522  00000+0  14596-2 0  9990
2 45141  87.8758  58.6038 0001725  84.5575 275.5749 13.10374010293619
ONEWEB-0033             
1 45142U 20008M   26055.96002464 -.00000451  00000+0 -13276-2 0  9997
2 45142  87.8756  58.6343 0002228  99.8722 260.2657 13.10374792293514
ONEWEB-0035             
1 45143U 20008N   26055.45625065  .00000729  00000+0  20505-2 0  9999
2 45143  87.8752  58.7338 0001931  92.1561 267.9787 13.10373071293172
ONEWEB-0036             
1 45144U 20008P   26056.06173605  .00000617  00000+0  17439-2 0  9994
2 45144  87.8765  58.5799 0001743  81.1981 278.9343 13.09816926293686
ONEWEB-0038             
1 45145U 20008Q   26055.93633360  .00000297  00000+0  80303-3 0  9994
2 45145  87.8846  43.3881 0001423 147.5842 212.5374 13.11418273295618
ONEWEB-0039             
1 45146U 20008R   26055.96334385 -.00000407  00000+0 -12035-2 0  9994
2 45146  87.8768  58.6153 0001411  77.6621 282.4664 13.10375286293462
ONEWEB-0040             
1 45147U 20008S   26055.95670499 -.00000583  00000+0 -17079-2 0  9991
2 45147  87.8754  58.6344 0001764  91.1400 268.9929 13.10373639293167
ONEWEB-0043             
1 45149U 20008U   26055.95836110 -.00000510  00000+0 -14986-2 0  9991
2 45149  87.8760  58.6165 0001418  74.2243 285.9041 13.10373885293482
ONEWEB-0044             
1 45150U 20008V   26056.06295714  .00000549  00000+0  15351-2 0  9992
2 45150  87.8765  58.5907 0001705  88.1186 272.0137 13.10373284293791
ONEWEB-0045             
1 45151U 20008W   26055.93109486  .00000068  00000+0  15465-3 0  9991
2 45151  87.8847  43.3759 0001729  85.5272 274.6053 13.11416759295695
ONEWEB-0047             
1 45152U 20008X   26056.05630710  .00000396  00000+0  10967-2 0  9990
2 45152  87.8759  58.5956 0001846  89.9714 270.1625 13.10377005293518
ONEWEB-0048             
1 45153U 20008Y   26056.05131575  .00000116  00000+0  29554-3 0  9999
2 45153  87.8755  58.6243 0001856  91.1955 268.9385 13.10374045293124
ONEWEB-0049             
1 45154U 20008Z   26056.05450868  .00000202  00000+0  54314-3 0  9997
2 45154  87.8759  58.6116 0002061  76.0974 284.0383 13.10377432293344
ONEWEB-0051             
1 45155U 20008AA  26055.92940532 -.00000127  00000+0 -39534-3 0  9990
2 45155  87.8845  43.3896 0001845  85.9247 274.2092 13.11417933296374
ONEWEB-0052             
1 45156U 20008AB  26056.05063084  .00000127  00000+0  32887-3 0  9996
2 45156  87.8770  58.5814 0002017  74.3597 285.7752 13.09877608293252
ONEWEB-0053             
1 45157U 20008AC  26055.95504362 -.00000563  00000+0 -16504-2 0  9997
2 45157  87.8756  58.6406 0001636  74.5533 285.5775 13.10372916293216
ONEWEB-0054             
1 45158U 20008AD  26055.98992522  .00000670  00000+0  18830-2 0  9991
2 45158  87.8758  58.6072 0001905  86.5504 273.5841 13.10372789293330
ONEWEB-0056             
1 45159U 20008AE  26056.04717830 -.00000069  00000+0 -23395-3 0  9994
2 45159  87.8761  58.5957 0002014  85.1637 274.9721 13.10376438293494
ONEWEB-0057             
1 45160U 20008AF  26056.05479606  .00000268  00000+0  73243-3 0  9999
2 45160  87.8759  58.6043 0001756  81.5024 278.6302 13.10375058293664
ONEWEB-0058             
1 45161U 20008AG  26055.96514600 -.00000322  00000+0 -95813-3 0  9993
2 45161  87.8760  58.6318 0001916  96.8462 263.2883 13.10374673293728
ONEWEB-0059             
1 45162U 20008AH  26055.73261068 -.00000393  00000+0 -11629-2 0  9996
2 45162  87.8755  58.6784 0001800  91.9864 268.1470 13.10374466293595
ONEWEB-0062             
1 45163U 20008AJ  26056.06379303  .00000520  00000+0  14539-2 0  9999
2 45163  87.8765  58.5936 0002042 101.3364 258.7993 13.10373864293502
ONEWEB-0065             
1 45164U 20008AK  26055.94163154 -.00000338  00000+0 -10047-2 0  9990
2 45164  87.8752  58.6280 0001913  77.9436 282.1905 13.10370077293187
ONEWEB-0066             
1 45424U 20020A   26055.91413992 -.00000519  00000+0 -15008-2 0  9991
2 45424  87.8846  43.3944 0001699  87.7208 272.4114 13.11416590287960
ONEWEB-0067             
1 45425U 20020B   26055.72270749  .00000386  00000+0  10530-2 0  9997
2 45425  87.8854  43.3407 0001782  81.3891 278.7439 13.11415770287996
ONEWEB-0080             
1 45426U 20020C   26055.96077412  .00000399  00000+0  10894-2 0  9993
2 45426  87.8842  43.3830 0001955  95.6750 264.4601 13.11417333287998
ONEWEB-0090             
1 45427U 20020D   26055.90410226 -.00000386  00000+0 -11243-2 0  9999
2 45427  87.8841  43.3952 0001871  87.8212 272.3130 13.11414210287958
ONEWEB-0061             
1 45428U 20020E   26055.93606612  .00000300  00000+0  80956-3 0  9991
2 45428  87.8846  43.3743 0001839  86.6819 273.4520 13.11418494287915
ONEWEB-0081             
1 45429U 20020F   26055.91752061 -.00000418  00000+0 -12146-2 0  9997
2 45429  87.8847  43.3933 0001649  83.2674 276.8641 13.11415850288026
ONEWEB-0069             
1 45430U 20020G   26055.67762701 -.00000425  00000+0 -12359-2 0  9998
2 45430  87.8844  43.4364 0001771  84.8050 275.3281 13.11416213287921
ONEWEB-0031             
1 45431U 20020H   26055.49706688  .00000345  00000+0  93733-3 0  9996
2 45431  87.8836  43.4916 0002013  92.0438 268.0920 13.11414989287889
ONEWEB-0027             
1 45432U 20020J   26056.30001782  .00000105  00000+0  23787-3 0  9997
2 45432  87.9135  28.0619 0002253  86.1159 274.0230 13.17646868291629
ONEWEB-0064             
1 45433U 20020K   26055.95315171  .00000376  00000+0  10246-2 0  9993
2 45433  87.8833  43.3906 0001999  88.2097 271.9259 13.11415908287976
ONEWEB-0018             
1 45434U 20020L   26055.90905699 -.00000459  00000+0 -13306-2 0  9993
2 45434  87.8845  43.3953 0001740  90.1007 270.0320 13.11415910287915
ONEWEB-0083             
1 45435U 20020M   26055.89973028 -.00000280  00000+0 -82515-3 0  9994
2 45435  87.8843  43.3846 0001880  88.5154 271.6189 13.11413918287954
ONEWEB-0095             
1 45436U 20020N   26055.96685107  .00000067  00000+0  15387-3 0  9995
2 45436  87.8843  43.3804 0002498  74.5634 285.5770 13.11415419287962
ONEWEB-0092             
1 45437U 20020P   26055.93875247  .00000351  00000+0  95332-3 0  9993
2 45437  87.8843  43.3860 0002002  76.1365 283.9985 13.11418199288076
ONEWEB-0085             
1 45438U 20020Q   26055.97517991 -.00000217  00000+0 -64710-3 0  9996
2 45438  87.8836  43.3834 0001851  84.7635 275.3704 13.11413634287966
ONEWEB-0096             
1 45439U 20020R   26055.67168572 -.00000314  00000+0 -92302-3 0  9997
2 45439  87.8846  43.4313 0001790  84.7223 275.4110 13.11413927287918
ONEWEB-0037             
1 45440U 20020S   26055.95739051  .00000485  00000+0  13335-2 0  9991
2 45440  87.8852  43.3497 0001923  83.5502 276.5845 13.11414197287988
ONEWEB-0042             
1 45441U 20020T   26055.96656447  .00000152  00000+0  39372-3 0  9991
2 45441  87.8845  43.3704 0001768  84.0502 276.0828 13.11413374287954
ONEWEB-0098             
1 45442U 20020U   26055.88617186  .00000310  00000+0  83786-3 0  9994
2 45442  87.8843  43.3976 0001913  86.8305 273.3042 13.11413654287923
ONEWEB-0055             
1 45443U 20020V   26055.94553161  .00000538  00000+0  14810-2 0  9997
2 45443  87.8843  43.3858 0001877  88.0336 272.1007 13.11417103287909
ONEWEB-0093             
1 45444U 20020W   26055.92106199 -.00000451  00000+0 -13076-2 0  9990
2 45444  87.8848  43.3800 0001514  76.4203 283.7094 13.11416976287961
ONEWEB-0029             
1 45445U 20020X   26055.93704439  .00000273  00000+0  73413-3 0  9995
2 45445  87.8840  43.3888 0001699  85.5487 274.5835 13.11416954287944
ONEWEB-0068             
1 45446U 20020Y   26055.92078435 -.00000440  00000+0 -12767-2 0  9997
2 45446  87.8848  43.3823 0001691  85.8029 274.3293 13.11417693287889
ONEWEB-0046             
1 45447U 20020Z   26055.91243892 -.00000647  00000+0 -18626-2 0  9997
2 45447  87.8846  43.3910 0001789  78.2137 281.9192 13.11416047287894
ONEWEB-0063             
1 45448U 20020AA  26055.94128140  .00000282  00000+0  76000-3 0  9993
2 45448  87.8846  43.3827 0001966  78.6415 281.4934 13.11417576287989
ONEWEB-0019             
1 45449U 20020AB  26055.90382085 -.00000400  00000+0 -11640-2 0  9992
2 45449  87.8834  43.3856 0001964  90.6856 269.4497 13.11414218287823
ONEWEB-0094             
1 45450U 20020AC  26056.27301999 -.00000056  00000+0 -17838-3 0  9993
2 45450  87.9138  28.0640 0001696  88.2010 271.9316 13.17650338291577
ONEWEB-0087             
1 45451U 20020AD  26055.95131376  .00000449  00000+0  12308-2 0  9998
2 45451  87.8857  43.3467 0001583  86.5244 273.6065 13.11416010287876
ONEWEB-0082             
1 45452U 20020AE  26055.94806362  .00000464  00000+0  12736-2 0  9994
2 45452  87.8852  43.3716 0001593  88.1945 271.9365 13.11416436287962
ONEWEB-0050             
1 45453U 20020AF  26056.06481754  .00001765  00000+0  18116-3 0  9997
2 45453  88.9195 248.4844 0004724  48.6875 311.4760 14.89947443323689
ONEWEB-0034             
1 45454U 20020AG  26055.51146302 -.00000053  00000+0 -18642-3 0  9999
2 45454  87.8842  43.4643 0001838  86.3187 273.8151 13.11412677287825
ONEWEB-0060             
1 45455U 20020AH  26056.24561703  .00000391  00000+0  10674-2 0  9996
2 45455  87.8836  43.3294 0000897 105.2913 254.8315 13.11417966287874
ONEWEB-0086             
1 45456U 20020AJ  26055.91922178 -.00000475  00000+0 -13773-2 0  9995
2 45456  87.8846  43.3812 0001626 110.2955 249.8347 13.11417087287890
ONEWEB-0088             
1 45457U 20020AK  26055.97348580 -.00000201  00000+0 -60212-3 0  9999
2 45457  87.8855  43.3337 0001796  77.3525 282.7804 13.11413589287838
ONEWEB-0102             
1 47258U 20100A   26056.29403741 -.00000361  00000+0 -10388-2 0  9991
2 47258  87.8980  12.8887 0001744  88.2716 271.8613 13.12443827250055
ONEWEB-0109             
1 47259U 20100B   26056.15002996 -.00000272  00000+0 -79190-3 0  9992
2 47259  87.8985  12.8906 0001936  83.9878 276.1471 13.12443509249861
ONEWEB-0110             
1 47260U 20100C   26056.25339091  .00000415  00000+0  11180-2 0  9995
2 47260  87.8985  12.8550 0001637  87.8892 272.2424 13.12443150250044
ONEWEB-0111             
1 47261U 20100D   26056.28387002 -.00000471  00000+0 -13455-2 0  9995
2 47261  87.8986  12.8672 0001703  80.3539 279.7782 13.12442153249882
ONEWEB-0114             
1 47262U 20100E   26056.23813344  .00000001  00000+0 -33453-4 0  9994
2 47262  87.8985  12.8715 0002079  80.0812 280.0551 13.12442963249831
ONEWEB-0117             
1 47263U 20100F   26055.84847068 -.00000090  00000+0 -28556-3 0  9997
2 47263  87.8986  12.9438 0001836  82.1823 277.9514 13.12443304249790
ONEWEB-0118             
1 47264U 20100G   26056.26354137  .00000210  00000+0  54789-3 0  9994
2 47264  87.8986  12.8636 0002094  75.0492 285.0869 13.12440310250047
ONEWEB-0119             
1 47265U 20100H   26056.28895399 -.00000482  00000+0 -13740-2 0  9991
2 47265  87.8973  12.8852 0001833  81.1772 278.9565 13.12442712250023
ONEWEB-0120             
1 47266U 20100J   26056.23657139  .00000158  00000+0  40272-3 0  9994
2 47266  87.8974  12.8966 0001929  81.9093 278.2254 13.12442628250047
ONEWEB-0121             
1 47267U 20100K   26056.30080883 -.00000393  00000+0 -11265-2 0  9991
2 47267  87.8986  12.8588 0001681  85.3281 274.8040 13.12443740249963
ONEWEB-0122             
1 47268U 20100L   26056.29488667 -.00001440  00000+0 -40387-2 0  9993
2 47268  87.8986  12.8625 0001744  85.4500 274.6828 13.12437198249873
ONEWEB-0123             
1 47269U 20100M   26056.29064539 -.00000517  00000+0 -14732-2 0  9991
2 47269  87.8977  12.8834 0001887  78.1446 281.9894 13.12443023250018
ONEWEB-0124             
1 47270U 20100N   26056.28047645 -.00000409  00000+0 -11721-2 0  9996
2 47270  87.8972  12.8905 0001724  79.9276 280.2047 13.12441200249895
ONEWEB-0125             
1 47271U 20100P   26056.25845261 -.00002277  00000+0 -63658-2 0  9995
2 47271  87.8989  12.8635 0001741  79.2822 280.8503 13.12450950249955
ONEWEB-0126             
1 47272U 20100Q   26056.27892072 -.00000260  00000+0 -75694-3 0  9994
2 47272  87.8984  12.8834 0001954  81.8129 278.3221 13.12440647250028
ONEWEB-0127             
1 47273U 20100R   26055.40629759  .00000249  00000+0  65544-3 0  9997
2 47273  87.8974  13.0617 0001953  83.8651 276.2700 13.12443002249936
ONEWEB-0128             
1 47274U 20100S   26056.26693812 -.00000033  00000+0 -12723-3 0  9998
2 47274  87.8970  12.9052 0001608  89.8567 270.2746 13.12441618250064
ONEWEB-0129             
1 47275U 20100T   26056.24661162  .00000448  00000+0  12103-2 0  9999
2 47275  87.8986  12.8717 0002941  89.5768 270.5697 13.12441125249991
ONEWEB-0130             
1 47276U 20100U   26056.27370660 -.00000152  00000+0 -45789-3 0  9994
2 47276  87.8984  12.8600 0001883  84.1281 276.0062 13.12440662249965
ONEWEB-0131             
1 47277U 20100V   26056.27031474 -.00000094  00000+0 -29731-3 0  9996
2 47277  87.8976  12.8907 0001830  82.2850 277.8486 13.12439705250002
ONEWEB-0132             
1 47278U 20100W   26056.29911301 -.00000149  00000+0 -44916-3 0  9998
2 47278  87.8981  12.8838 0001755  82.6920 277.4408 13.12442622249909
ONEWEB-0133             
1 47279U 20100X   26056.23968576  .00000168  00000+0  43275-3 0  9995
2 47279  87.8988  12.8593 0001724  84.8253 275.3073 13.12442788250050
ONEWEB-0134             
1 47280U 20100Y   26056.28556572 -.00000480  00000+0 -13701-2 0  9990
2 47280  87.8985  12.8475 0001855  89.8237 270.3104 13.12442390250037
ONEWEB-0135             
1 47281U 20100Z   26056.25676961  .00000273  00000+0  72420-3 0  9995
2 47281  87.8980  12.8902 0001824  93.6698 266.4639 13.12441827250053
ONEWEB-0136             
1 47282U 20100AA  26056.27539337 -.00000193  00000+0 -57100-3 0  9994
2 47282  87.8984  12.8586 0002047  92.8833 267.2530 13.12440357249982
ONEWEB-0137             
1 47283U 20100AB  26056.23305027  .00000120  00000+0  29759-3 0  9995
2 47283  87.8984  12.8718 0001839  78.0698 282.0637 13.12444253249884
ONEWEB-0138             
1 47284U 20100AC  26056.28725861 -.00000495  00000+0 -14122-2 0  9997
2 47284  87.8986  12.8708 0001955  87.3518 272.7835 13.12442388249972
ONEWEB-0139             
1 47285U 20100AD  26056.25183687  .00000455  00000+0  12291-2 0  9998
2 47285  87.8985  12.8658 0001910  82.1620 277.9725 13.12440591250043
ONEWEB-0140             
1 47286U 20100AE  26056.28217121 -.00000578  00000+0 -16408-2 0  9995
2 47286  87.8983  12.8479 0001628  83.3146 276.8168 13.12441350250015
ONEWEB-0141             
1 47287U 20100AF  26056.25155316  .00000363  00000+0  97302-3 0  9993
2 47287  87.8985  12.8604 0002016  72.9005 287.2345 13.12440324249996
ONEWEB-0142             
1 47288U 20100AG  26056.23998681  .00000236  00000+0  61982-3 0  9996
2 47288  87.8984  12.8871 0002231  79.0164 281.1215 13.12442988249981
ONEWEB-0143             
1 47289U 20100AH  26056.24999457  .00000345  00000+0  92469-3 0  9995
2 47289  87.8990  12.8812 0001888  79.7853 280.3488 13.12441095249962
ONEWEB-0144             
1 47290U 20100AJ  26056.29742627 -.00000329  00000+0 -94879-3 0  9998
2 47290  87.8988  12.8409 0002130  86.5626 273.5746 13.12443650249890
ONEWEB-0145             
1 47291U 20100AK  26056.26862330 -.00000044  00000+0 -15697-3 0  9995
2 47291  87.8981  12.8858 0001909  81.4146 278.7198 13.12442420250081
ONEWEB-0146             
1 47292U 20100AL  26056.26523525  .00000170  00000+0  43798-3 0  9997
2 47292  87.8982  12.8713 0001472  77.7082 282.4211 13.12440429249998
ONEWEB-0147             
1 47293U 20100AM  26056.23135978 -.00000024  00000+0 -10284-3 0  9990
2 47293  87.8989  12.8574 0001789  90.6172 269.5161 13.12443438249887
ONEWEB-0115             
1 48042U 21025A   26056.27081998 -.00000255  00000+0 -73318-3 0  9999
2 48042  87.9051 342.4721 0001825  77.8643 282.2690 13.13469119238903
ONEWEB-0152             
1 48043U 21025B   26056.28435821 -.00000394  00000+0 -11138-2 0  9994
2 48043  87.9045 342.4714 0001657  78.0820 282.0495 13.13469897238861
ONEWEB-0153             
1 48044U 21025C   26056.26236124 -.00000177  00000+0 -51855-3 0  9998
2 48044  87.9042 342.4814 0001926  77.0322 283.1022 13.13469088238854
ONEWEB-0154             
1 48045U 21025D   26056.25897916  .00000082  00000+0  19028-3 0  9999
2 48045  87.9043 342.4795 0001822  79.0305 281.1029 13.13469328238810
ONEWEB-0116             
1 48046U 21025E   26056.29790378 -.00000060  00000+0 -19958-3 0  9998
2 48046  87.9047 342.4594 0001634  78.3920 281.7392 13.13470104238967
ONEWEB-0150             
1 48047U 21025F   26056.27420395 -.00000367  00000+0 -10401-2 0  9999
2 48047  87.9049 342.4614 0001881  72.9213 287.2122 13.13469033238851
ONEWEB-0107             
1 48048U 21025G   26056.27589174 -.00000232  00000+0 -67093-3 0  9992
2 48048  87.9048 342.4564 0002046  79.8490 280.2870 13.13468110238838
ONEWEB-0101             
1 48049U 21025H   26056.23866419  .00000202  00000+0  51879-3 0  9999
2 48049  87.9040 342.4907 0001803  85.3611 274.7724 13.13469276238806
ONEWEB-0113             
1 48050U 21025J   26056.22600447  .00000093  00000+0  21870-3 0  9993
2 48050  87.9045 342.4138 0001496  79.6892 280.4406 13.13974697238904
ONEWEB-0112             
1 48051U 21025K   26056.28097990 -.00000246  00000+0 -70844-3 0  9990
2 48051  87.9046 342.4531 0001918  85.0081 275.1268 13.13469360238906
ONEWEB-0156             
1 48052U 21025L   26056.28943904 -.00000278  00000+0 -79743-3 0  9998
2 48052  87.9048 342.4623 0001875  76.9802 283.1536 13.13469614238889
ONEWEB-0161             
1 48053U 21025M   26056.26405265 -.00000238  00000+0 -68772-3 0  9996
2 48053  87.9038 342.4778 0001943  77.7288 282.4058 13.13469230238811
ONEWEB-0158             
1 48054U 21025N   26056.29960486  .00000129  00000+0  31732-3 0  9994
2 48054  87.9047 342.4601 0001485  84.3587 275.7712 13.13469908238942
ONEWEB-0157             
1 48055U 21025P   26056.24881789  .00000401  00000+0  10641-2 0  9996
2 48055  87.9046 342.4753 0002181  81.3846 278.7530 13.13468192238876
ONEWEB-0162             
1 48056U 21025Q   26056.22498771  .00000110  00000+0  26669-3 0  9995
2 48056  87.9049 342.4838 0001845  74.8692 285.2642 13.13471419238846
ONEWEB-0155             
1 48057U 21025R   26056.23188809  .00000199  00000+0  50998-3 0  9994
2 48057  87.9037 342.4827 0001898  83.6148 276.5197 13.13469458238987
ONEWEB-0149             
1 48058U 21025S   26056.25389459  .00000247  00000+0  64056-3 0  9995
2 48058  87.9046 342.4747 0001856  72.8636 287.2697 13.13468597238791
ONEWEB-0148             
1 48059U 21025T   26056.29283765 -.00000069  00000+0 -22284-3 0  9994
2 48059  87.9040 342.4818 0002163  65.3073 294.8281 13.13470557238926
ONEWEB-0160             
1 48060U 21025U   26056.23358092  .00000366  00000+0  96840-3 0  9993
2 48060  87.9037 342.4904 0001003  77.4268 282.6974 13.13469396238868
ONEWEB-0163             
1 48061U 21025V   26056.29452515 -.00000147  00000+0 -43617-3 0  9998
2 48061  87.9046 342.4693 0002094  80.5478 279.5888 13.13469766238997
ONEWEB-0159             
1 48062U 21025W   26056.28604662 -.00000138  00000+0 -41170-3 0  9992
2 48062  87.9049 342.4572 0002004  76.7472 283.3881 13.13468583238913
ONEWEB-0164             
1 48063U 21025X   26056.26743176 -.00000246  00000+0 -70736-3 0  9995
2 48063  87.9050 342.4678 0001684  78.8308 281.3011 13.13469086238896
ONEWEB-0167             
1 48064U 21025Y   26056.29537477 -.00000011  00000+0 -64996-4 0  9996
2 48064  87.9038 342.4823 0002172  96.1263 264.0114 13.13471114238887
ONEWEB-0166             
1 48065U 21025Z   26056.24204655  .00000405  00000+0  10753-2 0  9996
2 48065  87.9044 342.4551 0001920  74.3956 285.7385 13.13468867238959
ONEWEB-0151             
1 48066U 21025AA  26056.24374096  .00000153  00000+0  38286-3 0  9996
2 48066  87.9041 342.4814 0001776  83.0760 277.0571 13.13469248238896
ONEWEB-0170             
1 48067U 21025AB  26056.25220119  .00000249  00000+0  64833-3 0  9997
2 48067  87.9039 342.4813 0001451  91.1338 268.9957 13.13468806238856
ONEWEB-0168             
1 48068U 21025AC  26056.23696937  .00000328  00000+0  86437-3 0  9993
2 48068  87.9046 342.4744 0001948  80.2858 279.8491 13.13469252238866
ONEWEB-0173             
1 48069U 21025AD  26056.22850837  .00000108  00000+0  26201-3 0  9993
2 48069  87.9043 342.4835 0002109  85.6071 274.5299 13.13470674239107
ONEWEB-0171             
1 48070U 21025AE  26056.26573829 -.00000115  00000+0 -34961-3 0  9994
2 48070  87.9041 342.4887 0001788  81.6127 278.5205 13.13471426238920
ONEWEB-0172             
1 48071U 21025AF  26056.24543427  .00000389  00000+0  10303-2 0  9998
2 48071  87.9036 342.4808 0001874  84.2186 275.9157 13.13468770239812
ONEWEB-0174             
1 48072U 21025AG  26056.22680824  .00000067  00000+0  14761-3 0  9996
2 48072  87.9036 342.4854 0001923  75.6721 284.4621 13.13469828239139
ONEWEB-0175             
1 48073U 21025AH  26056.25728019  .00000190  00000+0  48415-3 0  9999
2 48073  87.9045 342.4541 0001700  89.7221 270.4103 13.13467949238790
ONEWEB-0177             
1 48074U 21025AJ  26056.26912447 -.00000188  00000+0 -54919-3 0  9996
2 48074  87.9049 342.4726 0001984  77.7262 282.4089 13.13468223238989
ONEWEB-0178             
1 48075U 21025AK  26056.28788958 -.00000300  00000+0 -85765-3 0  9996
2 48075  87.9031 342.4982 0001896  86.4295 273.7051 13.13470204239031
ONEWEB-0108             
1 48076U 21025AL  26056.24712069  .00000230  00000+0  59507-3 0  9998
2 48076  87.9045 342.4656 0001695  71.1795 288.9518 13.13469168238951
ONEWEB-0169             
1 48077U 21025AM  26056.27927463 -.00000235  00000+0 -67832-3 0  9995
2 48077  87.9038 342.4759 0001711  72.0483 288.0833 13.13468459237616
ONEWEB-0176             
1 48210U 21031A   26056.20971598 -.00000256  00000+0 -72373-3 0  9991
2 48210  87.9018 312.0352 0001731  82.1878 277.9448 13.14502025233600
ONEWEB-0184             
1 48211U 21031B   26056.25887495  .00000002  00000+0 -28920-4 0  9997
2 48211  87.9018 312.0163 0001851 106.6417 253.4916 13.14501246233585
ONEWEB-0179             
1 48212U 21031C   26056.22954602  .00000301  00000+0  77861-3 0  9998
2 48212  87.9007 312.0255 0001930  75.4903 284.6440 13.14501989233624
ONEWEB-0180             
1 48213U 21031D   26056.26204713 -.00000096  00000+0 -29350-3 0  9997
2 48213  87.9013 312.0198 0001995  84.2670 275.8687 13.14501086233519
ONEWEB-0218             
1 48214U 21031E   26056.20813408 -.00000268  00000+0 -75867-3 0  9994
2 48214  87.9008 312.0299 0002143 103.8716 256.2652 13.14502499233661
ONEWEB-0209             
1 48215U 21031F   26056.27314354 -.00000190  00000+0 -54798-3 0  9992
2 48215  87.8996 312.0457 0002036  77.7439 282.3918 13.14500955233676
ONEWEB-0198             
1 48216U 21031G   26056.25742720  .00000031  00000+0  49405-4 0  9995
2 48216  87.9001 312.0472 0002070  87.5095 272.6271 13.14501489233786
ONEWEB-0189             
1 48217U 21031H   26056.19385548 -.00000102  00000+0 -30856-3 0  9990
2 48217  87.9003 312.0361 0001958  87.0891 273.0463 13.14501180233516
ONEWEB-0196             
1 48218U 21031J   26056.17166002  .00000181  00000+0  45482-3 0  9997
2 48218  87.9003 312.0515 0001820  81.2241 278.9095 13.14501239233511
ONEWEB-0183             
1 48219U 21031K   26056.22239947 -.00000001  00000+0 -36755-4 0  9990
2 48219  87.9005 312.0412 0001728  72.3132 287.8187 13.14501888233619
ONEWEB-0185             
1 48220U 21031L   26056.24856470  .00000155  00000+0  38307-3 0  9992
2 48220  87.9007 312.0218 0001993  71.3537 288.7809 13.14505040233546
ONEWEB-0187             
1 48221U 21031M   26056.22860615  .00000052  00000+0  10482-3 0  9997
2 48221  87.8997 312.0590 0001950  78.6567 281.4781 13.14502473233550
ONEWEB-0192             
1 48222U 21031N   26056.27472958 -.00000343  00000+0 -96012-3 0  9990
2 48222  87.9000 312.0387 0001748  81.7634 278.3694 13.14502223233478
ONEWEB-0219             
1 48223U 21031P   26056.25412011  .00000039  00000+0  71679-4 0  9996
2 48223  87.9009 312.0267 0001964  75.2154 284.9194 13.14501119233673
ONEWEB-0202             
1 48224U 21031Q   26056.23511236  .00000196  00000+0  49322-3 0  9997
2 48224  87.9001 312.0397 0002079  99.5294 260.6071 13.14504953233654
ONEWEB-0204             
1 48225U 21031R   26056.26918728 -.00000101  00000+0 -30600-3 0  9995
2 48225  87.9005 312.0265 0001760  69.0256 291.1062 13.14502340233555
ONEWEB-0205             
1 48226U 21031S   26056.24460795  .00000158  00000+0  39302-3 0  9998
2 48226  87.9006 312.0239 0001833  77.3341 282.7993 13.14501445233561
ONEWEB-0206             
1 48227U 21031T   26056.21765187  .00000018  00000+0  13586-4 0  9991
2 48227  87.9018 312.0269 0001469  82.9375 277.1922 13.14502281233516
ONEWEB-0182             
1 48228U 21031U   26056.21288437 -.00000233  00000+0 -66227-3 0  9990
2 48228  87.9001 312.0431 0001678  71.4572 288.6740 13.14502299233721
ONEWEB-0186             
1 48229U 21031V   26056.22399530  .00000226  00000+0  57425-3 0  9999
2 48229  87.9005 312.0276 0001837  78.7352 281.3984 13.14502073233670
ONEWEB-0181             
1 48230U 21031W   26056.20178263 -.00000173  00000+0 -50228-3 0  9994
2 48230  87.8993 312.0753 0001880  82.6514 277.4830 13.14501098233525
ONEWEB-0188             
1 48231U 21031X   26056.23984766  .00000036  00000+0  62878-4 0  9992
2 48231  87.8996 312.0660 0001736  78.3665 281.7659 13.14502257233430
ONEWEB-0220             
1 48232U 21031Y   26056.20336810 -.00000121  00000+0 -36216-3 0  9994
2 48232  87.9005 312.0311 0001943  76.4162 283.7184 13.14501242233693
ONEWEB-0165             
1 48233U 21031Z   26056.23191732  .00000090  00000+0  20737-3 0  9994
2 48233  87.9003 312.0420 0001880  87.2420 272.8925 13.14502300233654
ONEWEB-0199             
1 48234U 21031AA  26056.21605348 -.00000165  00000+0 -47821-3 0  9994
2 48234  87.9004 312.0271 0001515  79.0905 281.0395 13.14502306233550
ONEWEB-0203             
1 48235U 21031AB  26056.20654956 -.00000061  00000+0 -19920-3 0  9997
2 48235  87.9011 312.0275 0001622  87.8638 272.2677 13.14502626233563
ONEWEB-0197             
1 48236U 21031AC  26056.25715280 -.00000020  00000+0 -88331-4 0  9999
2 48236  87.9010 312.0171 0001787  66.6146 293.5171 13.14501095233484
ONEWEB-0194             
1 48237U 21031AD  26056.23667934  .00000289  00000+0  74504-3 0  9991
2 48237  87.9004 312.0389 0001481  82.3625 277.7673 13.14501683233650
ONEWEB-0193             
1 48238U 21031AE  26056.25253307  .00000086  00000+0  19624-3 0  9996
2 48238  87.9004 312.0280 0001235  83.8218 276.3053 13.14501636233602
ONEWEB-0191             
1 48239U 21031AF  26056.26363061 -.00000065  00000+0 -20976-3 0  9998
2 48239  87.9009 312.0209 0001647  77.4188 282.7126 13.14501253233462
ONEWEB-0195             
1 48240U 21031AG  26056.24064864  .00000167  00000+0  41495-3 0  9997
2 48240  87.9006 312.0224 0002787  69.7264 290.4165 13.14499941233440
ONEWEB-0201             
1 48241U 21031AH  26056.22889103  .00000195  00000+0  49153-3 0  9997
2 48241  87.8993 312.0545 0002003  74.1042 286.0309 13.14502369233671
ONEWEB-0207             
1 48242U 21031AJ  26056.20893349 -.00001311  00000+0 -35725-2 0  9995
2 48242  87.8994 312.0299 0001910  71.5768 288.5569 13.14491930233587
ONEWEB-0208             
1 48243U 21031AK  26056.26680213 -.00000187  00000+0 -53852-3 0  9998
2 48243  87.9005 312.0304 0001890  86.0363 274.0983 13.14501009233600
ONEWEB-0200             
1 48244U 21031AL  26056.23033230  .00000145  00000+0  35578-3 0  9994
2 48244  87.9003 312.0267 0001858  79.0820 281.0519 13.14501514233526
ONEWEB-0217             
1 48245U 21031AM  26056.24619412  .00000151  00000+0  37317-3 0  9998
2 48245  87.9008 312.0226 0001962  86.7778 273.3577 13.14501655233478
ONEWEB-0211             
1 48767U 21045A   26056.13657933  .00000165  00000+0  40078-3 0  9993
2 48767  87.8953 281.4797 0001846  98.9491 261.1849 13.16142940229703
ONEWEB-0223             
1 48768U 21045B   26056.16081224  .00000142  00000+0  34358-3 0  9990
2 48768  87.8960 281.5536 0001606 102.6403 257.4908 13.15546916229674
ONEWEB-0230             
1 48769U 21045C   26056.13229238 -.00000386  00000+0 -10592-2 0  9992
2 48769  87.8947 281.5830 0001438  81.9226 278.2067 13.15546244229932
ONEWEB-0237             
1 48770U 21045D   26056.12119315 -.00000252  00000+0 -70315-3 0  9999
2 48770  87.8949 281.5866 0001483  95.8791 264.2509 13.15547157229655
ONEWEB-0235             
1 48771U 21045E   26056.17190105  .00000006  00000+0 -17918-4 0  9998
2 48771  87.8960 281.5522 0001541 103.0579 257.0723 13.15546624229655
ONEWEB-0242             
1 48772U 21045F   26056.16556141 -.00000128  00000+0 -37471-3 0  9995
2 48772  87.8961 281.5487 0001389  89.3607 270.7682 13.15548401229690
ONEWEB-0241             
1 48773U 21045G   26056.15289069  .00000203  00000+0  50620-3 0  9990
2 48773  87.8949 281.5817 0001740  99.2766 260.8561 13.15547391229605
ONEWEB-0243             
1 48774U 21045H   26056.10852572 -.00000990  00000+0 -26652-2 0  9993
2 48774  87.8952 281.6017 0001319  98.6219 261.5061 13.15538902229624
ONEWEB-0222             
1 48775U 21045J   26056.16795195  .00000101  00000+0  23339-3 0  9999
2 48775  87.8961 281.5489 0001561  92.4814 267.6495 13.15548015229678
ONEWEB-0244             
1 48776U 21045K   26056.04196786 -.00000245  00000+0 -68470-3 0  9994
2 48776  87.8963 281.5636 0001534  92.0023 268.1283 13.15547540230229
ONEWEB-0247             
1 48777U 21045L   26056.11486374 -.00000032  00000+0 -11973-3 0  9998
2 48777  87.8951 281.5951 0001265 119.0374 241.0884 13.15546572229675
ONEWEB-0245             
1 48778U 21045M   26056.18615933 -.00000074  00000+0 -23079-3 0  9997
2 48778  87.8958 281.5502 0001768  91.7918 268.3414 13.15546204229654
ONEWEB-0229             
1 48779U 21045N   26056.18140606 -.00000076  00000+0 -23580-3 0  9997
2 48779  87.8958 281.5500 0001433  88.5089 271.6206 13.15546629229685
ONEWEB-0228             
1 48780U 21045P   26056.13876432 -.00000028  00000+0 -10885-3 0  9998
2 48780  87.8959 281.5451 0001546  90.3375 269.7933 13.15547605229597
ONEWEB-0232             
1 48781U 21045Q   26056.11327075 -.00000323  00000+0 -89211-3 0  9998
2 48781  87.8966 281.5482 0001559  87.0091 273.1218 13.15547290229913
ONEWEB-0231             
1 48782U 21045R   26056.16715084 -.00000066  00000+0 -21046-3 0  9991
2 48782  87.8952 281.5666 0001559  95.0108 265.1200 13.15548552229612
ONEWEB-0234             
1 48783U 21045S   26056.12899457  .00000058  00000+0  11990-3 0  9991
2 48783  87.8950 281.5519 0002423  82.6593 277.4812 13.15549334229747
ONEWEB-0238             
1 48784U 21045T   26056.12925704 -.00000145  00000+0 -41945-3 0  9999
2 48784  87.8951 281.5454 0002007  84.4006 275.7354 13.15547947229643
ONEWEB-0240             
1 48785U 21045U   26056.15052366  .00000177  00000+0  43711-3 0  9994
2 48785  87.8960 281.5413 0001764  98.1677 261.9653 13.15547614229677
ONEWEB-0246             
1 48786U 21045V   26056.14496506  .00000057  00000+0  11643-3 0  9998
2 48786  87.8961 281.5525 0001471  87.4993 272.6306 13.15547756229547
ONEWEB-0210             
1 48787U 21045W   26056.11960804 -.00000122  00000+0 -35926-3 0  9998
2 48787  87.8953 281.5542 0000896 117.3979 242.7242 13.15547124229585
ONEWEB-0214             
1 48788U 21045X   26056.12833290  .00000015  00000+0  67872-5 0  9994
2 48788  87.8960 281.5481 0001190  89.8439 270.2828 13.15547161229552
ONEWEB-0221             
1 48789U 21045Y   26056.13545687 -.00000088  00000+0 -26824-3 0  9998
2 48789  87.8959 281.5569 0001567  96.4900 263.6409 13.15548206229645
ONEWEB-0213             
1 48790U 21045Z   26056.12436997  .00000027  00000+0  36815-4 0  9995
2 48790  87.8961 281.5628 0001447  97.2165 262.9130 13.15547312229702
ONEWEB-0212             
1 48791U 21045AA  26056.17744607 -.00000218  00000+0 -61348-3 0  9993
2 48791  87.8964 281.5469 0001642  85.7009 274.4309 13.15547601229702
ONEWEB-0227             
1 48792U 21045AB  26056.10060007 -.00000329  00000+0 -90804-3 0  9994
2 48792  87.8957 281.5654 0001574  89.0260 271.1051 13.15548046229646
ONEWEB-0226             
1 48793U 21045AC  26056.17031574  .00000005  00000+0 -19496-4 0  9998
2 48793  87.8950 281.5613 0001339  95.5875 264.5408 13.15547392229621
ONEWEB-0224             
1 48794U 21045AD  26056.13387912  .00000152  00000+0  37026-3 0  9995
2 48794  87.8948 281.6043 0002375 100.5777 259.5621 13.15547793229543
ONEWEB-0233             
1 48795U 21045AE  26056.13849072  .00000028  00000+0  39924-4 0  9998
2 48795  87.8945 281.6130 0001640  97.3251 262.8066 13.15548586229565
ONEWEB-0190             
1 48796U 21045AF  26056.12595432  .00000040  00000+0  70975-4 0  9991
2 48796  87.8950 281.5761 0001463 114.8064 245.3219 13.15547463229638
ONEWEB-0236             
1 48797U 21045AG  26056.14338138 -.00000056  00000+0 -18180-3 0  9990
2 48797  87.8944 281.5845 0001710  83.8940 276.2385 13.15547633229522
ONEWEB-0248             
1 48798U 21045AH  26056.15605638 -.00000066  00000+0 -21037-3 0  9990
2 48798  87.8960 281.5538 0001866 103.6919 256.4419 13.15548275229687
ONEWEB-0225             
1 48799U 21045AJ  26056.17823811 -.00000038  00000+0 -13375-3 0  9993
2 48799  87.8951 281.5666 0001502 109.1505 250.9788 13.15546293229696
ONEWEB-0215             
1 48800U 21045AK  26056.14814448 -.00000071  00000+0 -22351-3 0  9990
2 48800  87.8961 281.5436 0001625 113.5374 246.5927 13.15548996229568
ONEWEB-0216             
1 48801U 21045AL  26056.15763917 -.00000070  00000+0 -22130-3 0  9990
2 48801  87.8950 281.5629 0001401  85.7626 274.3664 13.15548471229579
ONEWEB-0239             
1 48802U 21045AM  26056.16239573  .00000126  00000+0  29940-3 0  9994
2 48802  87.8951 281.5758 0001896 112.8827 247.2504 13.15547074229612
ONEWEB-0249             
1 48967U 21060A   26055.50139252 -.00000034  00000+0 -12275-3 0  9996
2 48967  87.8999 251.2000 0001688  96.2226 263.9097 13.16592288224780
ONEWEB-0250             
1 48968U 21060B   26056.08667629  .00000103  00000+0  20578-3 0  9995
2 48968  87.8994 249.2042 0002679  95.5538 264.5904 13.25826800225367
ONEWEB-0252             
1 48970U 21060D   26056.06423959  .00000084  00000+0  18707-3 0  9991
2 48970  87.8994 251.0807 0001359  93.5635 266.5652 13.16592200224905
ONEWEB-0253             
1 48971U 21060E   26056.05315686 -.00000013  00000+0 -67768-4 0  9994
2 48971  87.8992 251.0883 0001628  99.4578 260.6737 13.16593255224830
ONEWEB-0254             
1 48972U 21060F   26056.06265530 -.00000079  00000+0 -23965-3 0  9990
2 48972  87.8999 251.0807 0001750 103.9681 256.1644 13.16593638224838
ONEWEB-0255             
1 48973U 21060G   26056.10066267 -.00000195  00000+0 -54429-3 0  9990
2 48973  87.8992 251.0830 0001658 100.5237 259.6081 13.16594353224912
ONEWEB-0256             
1 48974U 21060H   26056.05078530  .00000149  00000+0  35519-3 0  9997
2 48974  87.8993 251.0995 0001576  90.0914 270.0398 13.16591669224870
ONEWEB-0257             
1 48975U 21060J   26056.08323711 -.00000113  00000+0 -33025-3 0  9998
2 48975  87.8996 251.0771 0001548  98.1412 261.9895 13.16593774224833
ONEWEB-0258             
1 48976U 21060K   26056.08482645 -.00000124  00000+0 -35822-3 0  9990
2 48976  87.8998 251.0882 0001746  93.9564 266.1767 13.16593624224840
ONEWEB-0259             
1 48977U 21060L   26056.07848614 -.00000202  00000+0 -56216-3 0  9999
2 48977  87.9000 251.0881 0001699  98.7842 261.3481 13.16594137224877
ONEWEB-0260             
1 48978U 21060M   26056.06978086  .00000090  00000+0  20077-3 0  9995
2 48978  87.8998 251.0964 0001231  86.4332 273.6939 13.16593299224855
ONEWEB-0261             
1 48979U 21060N   26056.03968998 -.00000080  00000+0 -24366-3 0  9990
2 48979  87.8977 251.1032 0001502 107.4508 252.6788 13.16594425224907
ONEWEB-0262             
1 48980U 21060P   26056.09590709 -.00000253  00000+0 -69449-3 0  9992
2 48980  87.8996 251.0730 0001870  98.9677 261.1665 13.16594330224873
ONEWEB-0263             
1 48981U 21060Q   26056.05156620  .00000028  00000+0  40656-4 0  9997
2 48981  87.8996 251.0933 0001479 108.8449 251.2842 13.16593243224837
ONEWEB-0264             
1 48982U 21060R   26056.08877716  .00000083  00000+0  18249-3 0  9990
2 48982  87.8996 251.0899 0001371  97.3421 262.7866 13.16596427224843
ONEWEB-0266             
1 48984U 21060T   26055.95815963 -.00000011  00000+0 -63610-4 0  9999
2 48984  87.8998 251.1052 0001784  92.5980 267.5355 13.16595087224818
ONEWEB-0267             
1 48985U 21060U   26056.04523197 -.00000182  00000+0 -51051-3 0  9990
2 48985  87.8993 251.0843 0001513 100.6270 259.5031 13.16593673224837
ONEWEB-0268             
1 48986U 21060V   26056.08957326 -.00000114  00000+0 -33293-3 0  9993
2 48986  87.8999 251.0850 0001526  92.7226 267.4080 13.16593745225101
ONEWEB-0269             
1 48987U 21060W   26056.07057164  .00000098  00000+0  22268-3 0  9993
2 48987  87.8988 251.1040 0001535  86.2205 273.9101 13.16592489224870
ONEWEB-0270             
1 48988U 21060X   26056.08799075 -.00000196  00000+0 -54675-3 0  9997
2 48988  87.8998 251.0872 0001768 107.0146 253.1179 13.16594140224914
ONEWEB-0271             
1 48989U 21060Y   26056.07533886  .00000074  00000+0  16097-3 0  9992
2 48989  87.8998 251.0805 0001553 103.1779 256.9525 13.16595869224917
ONEWEB-0272             
1 48990U 21060Z   26056.09749235 -.00000032  00000+0 -11706-3 0  9991
2 48990  87.8995 251.0880 0001408  97.7286 262.4005 13.16595267224860
ONEWEB-0273             
1 48991U 21060AA  26056.04365556 -.00000051  00000+0 -16592-3 0  9996
2 48991  87.8992 251.0964 0001644  99.5218 260.6099 13.16593824224835
ONEWEB-0274             
1 48992U 21060AB  26056.06898852  .00000004  00000+0 -23613-4 0  9999
2 48992  87.8981 251.1061 0001236  90.5243 269.6030 13.16594314224872
ONEWEB-0275             
1 48993U 21060AC  26056.05790371 -.00000112  00000+0 -32672-3 0  9991
2 48993  87.8998 251.0865 0001488  95.6251 264.5050 13.16593792224804
ONEWEB-0276             
1 48994U 21060AD  26056.09115834 -.00000131  00000+0 -37591-3 0  9997
2 48994  87.8996 251.0798 0001789  96.4591 263.6744 13.16594125224821
ONEWEB-0277             
1 48995U 21060AE  26056.10379044 -.00000097  00000+0 -28867-3 0  9992
2 48995  87.8987 251.0940 0001648  98.4773 261.6545 13.16596744224814
ONEWEB-0278             
1 48996U 21060AF  26056.09431842 -.00000198  00000+0 -55207-3 0  9996
2 48996  87.9000 251.0757 0001780  88.5544 271.5791 13.16594599224944
ONEWEB-0279             
1 48997U 21060AG  26056.10223300 -.00000196  00000+0 -54701-3 0  9993
2 48997  87.8999 251.0733 0001429 101.8465 258.2827 13.16593053224874
ONEWEB-0280             
1 48998U 21060AH  26056.04129361  .00000080  00000+0  17660-3 0  9992
2 48998  87.8999 251.0905 0001942  98.1529 261.9823 13.16593260224805
ONEWEB-0281             
1 48999U 21060AJ  26056.04682134 -.00000100  00000+0 -29561-3 0  9993
2 48999  87.8992 251.0840 0001495  91.1512 268.9791 13.16593702224874
ONEWEB-0282             
1 49000U 21060AK  26056.07690395 -.00000159  00000+0 -44880-3 0  9993
2 49000  87.8998 251.0886 0001673  98.7146 261.4174 13.16594178224857
ONEWEB-0283             
1 49001U 21060AL  26056.06581767 -.00000114  00000+0 -33195-3 0  9993
2 49001  87.8997 251.0907 0001511  99.5915 260.5387 13.16593922224868
ONEWEB-0284             
1 49002U 21060AM  26056.05949484 -.00000119  00000+0 -34560-3 0  9999
2 49002  87.8993 251.0830 0001977  94.5668 265.5689 13.16593690224846
ONEWEB-0285             
1 49075U 21075A   26056.29656646 -.00000444  00000+0 -12683-2 0  9998
2 49075  87.8988  12.8662 0001848  83.1027 277.0311 13.12443918220531
ONEWEB-0286             
1 49076U 21075B   26056.27866159 -.00000331  00000+0 -95569-3 0  9999
2 49076  87.8973  12.8978 0001861  74.8568 285.2766 13.12442317219881
ONEWEB-0287             
1 49077U 21075C   26055.93300257 -.00000012  00000+0 -63412-4 0  9993
2 49077  87.9124  28.1603 0002074  71.2720 288.8636 13.17649877218849
ONEWEB-0288             
1 49078U 21075D   26056.25507900  .00000408  00000+0  10999-2 0  9991
2 49078  87.8994  12.8675 0001954  88.5025 271.6328 13.12443458220504
ONEWEB-0289             
1 49079U 21075E   26055.89572687 -.00003280  00000+0 -84821-2 0  9993
2 49079  87.9125  28.1790 0002268  83.7951 276.3439 13.17666123219418
ONEWEB-0290             
1 49080U 21075F   26055.64106546  .00000089  00000+0  19543-3 0  9997
2 49080  87.9131  28.1978 0002240  97.5176 262.6210 13.17646262218794
ONEWEB-0291             
1 49081U 21075G   26055.92962820  .00000034  00000+0  53369-4 0  9999
2 49081  87.9134  28.1483 0002252  79.3523 280.7862 13.17649085218820
ONEWEB-0293             
1 49082U 21075H   26055.42339049  .00000075  00000+0  16099-3 0  9999
2 49082  87.9122  28.2615 0002027  85.2856 274.8507 13.17647961218787
ONEWEB-0294             
1 49083U 21075J   26056.26184982  .00000164  00000+0  42046-3 0  9997
2 49083  87.8984  12.8702 0002124  87.1163 273.0209 13.12440827219899
ONEWEB-0295             
1 49084U 21075K   26055.42255370  .00000104  00000+0  23533-3 0  9999
2 49084  87.9122  28.2662 0002166  77.0949 283.0425 13.17648731218740
ONEWEB-0296             
1 49085U 21075L   26056.24152607  .00000235  00000+0  61904-3 0  9999
2 49085  87.8987  12.8770 0002159  75.8189 284.3179 13.12442280219895
ONEWEB-0297             
1 49086U 21075M   26056.27201671 -.00000161  00000+0 -48162-3 0  9990
2 49086  87.8977  12.8975 0001899  78.1768 281.9574 13.12441085220505
ONEWEB-0298             
1 49087U 21075N   26055.35096596  .00000114  00000+0  26059-3 0  9994
2 49087  87.9120  28.2773 0001796  80.2729 279.8605 13.17649568218768
ONEWEB-0299             
1 49088U 21075P   26055.65625171  .00000068  00000+0  14286-3 0  9992
2 49088  87.9137  28.1857 0001959  78.4601 281.6750 13.17649642218785
ONEWEB-0300             
1 49089U 21075Q   26056.26440230  .00000168  00000+0  43267-3 0  9994
2 49089  87.8984  12.8661 0001527  74.0608 286.0688 13.12441073220525
ONEWEB-0301             
1 49090U 21075R   26056.24830053  .00000496  00000+0  13441-2 0  9994
2 49090  87.8986  12.8700 0001473  77.7366 282.3927 13.12443718219884
ONEWEB-0302             
1 49091U 21075S   26056.23475204  .00000079  00000+0  18385-3 0  9997
2 49091  87.8989  12.8807 0002153  84.1318 276.0056 13.12441525219866
ONEWEB-0304             
1 49092U 21075T   26056.16250270  .00000068  00000+0  14275-3 0  9996
2 49092  87.9135  28.1156 0001987  80.1343 280.0013 13.17648444218823
ONEWEB-0305             
1 49093U 21075U   26055.92794367  .00000037  00000+0  60882-4 0  9992
2 49093  87.9134  28.1404 0002090  73.0589 287.0771 13.17648046218824
ONEWEB-0308             
1 49094U 21075V   26055.61806644 -.00000015  00000+0 -76271-4 0  9998
2 49094  87.8986  12.9961 0001863  81.4700 278.6640 13.12442588219799
ONEWEB-0309             
1 49095U 21075W   26055.93132483  .00000010  00000+0 -81515-5 0  9999
2 49095  87.9134  28.1546 0002287  88.1270 272.0123 13.17648157218799
ONEWEB-0310             
1 49096U 21075X   26056.24322493  .00000468  00000+0  12662-2 0  9997
2 49096  87.8979  12.9037 0001826  82.0769 278.0566 13.12443819220508
ONEWEB-0311             
1 49097U 21075Y   26056.16588104  .00000002  00000+0 -28236-4 0  9993
2 49097  87.9135  28.1029 0001940  72.9415 287.1929 13.17648569218872
ONEWEB-0312             
1 49098U 21075Z   26055.42170121  .00000058  00000+0  11563-3 0  9992
2 49098  87.9125  28.2696 0002234  79.1579 280.9804 13.17648508218753
ONEWEB-0313             
1 49099U 21075AA  26055.88224739  .00000041  00000+0  71509-4 0  9997
2 49099  87.9120  28.1846 0001922  79.8017 280.3332 13.17647928218803
ONEWEB-0314             
1 49100U 21075AB  26055.92456749  .00000048  00000+0  90222-4 0  9993
2 49100  87.9133  28.1377 0002226  77.3239 282.8141 13.17649056218782
ONEWEB-0315             
1 49101U 21075AC  26056.29233654 -.00000484  00000+0 -13817-2 0  9992
2 49101  87.8984  12.8489 0001776  68.5561 291.5756 13.12443247220498
ONEWEB-0316             
1 49102U 21075AD  26056.24102860  .00000109  00000+0  24463-3 0  9994
2 49102  87.9232 357.6916 0001826  77.2433 282.8903 13.18688332222459
ONEWEB-0317             
1 49103U 21075AE  26056.29573338 -.00000305  00000+0 -88268-3 0  9995
2 49103  87.8994  12.8704 0002178 100.7662 259.3712 13.12443515220514
ONEWEB-0318             
1 49104U 21075AF  26056.23775182  .00000074  00000+0  15497-3 0  9996
2 49104  87.9244 357.6835 0001842  71.0057 289.1275 13.18686270222413
ONEWEB-0319             
1 49105U 21075AG  26056.16756487  .00000090  00000+0  19798-3 0  9992
2 49105  87.9125  28.1158 0001823  65.3896 294.7425 13.17648974218856
ONEWEB-0323             
1 49106U 21075AH  26056.27709011 -.00000432  00000+0 -12371-2 0  9997
2 49106  87.8986  12.8564 0002093  63.0258 297.1084 13.12441653219870
ONEWEB-0329             
1 49107U 21075AJ  26055.41663341  .00000102  00000+0  22863-3 0  9998
2 49107  87.9121  28.2653 0002030  80.7364 279.3998 13.17648228218730
ONEWEB-0330             
1 49108U 21075AK  26055.41748327  .00000088  00000+0  19422-3 0  9997
2 49108  87.9123  28.2729 0002151  83.6907 276.4470 13.17647713218771
ONEWEB-0292             
1 49186U 21083A   26056.26066199  .00000075  00000+0  16916-3 0  9997
2 49186  87.9030 342.5074 0001780  72.0667 288.0656 13.13468155216232
ONEWEB-0303             
1 49187U 21083B   26056.23444844  .00000113  00000+0  25488-3 0  9999
2 49187  87.9242 357.6867 0001871  73.9772 286.1566 13.18685653215229
ONEWEB-0306             
1 49188U 21083C   26056.30042631  .00000059  00000+0  11680-3 0  9994
2 49188  87.9242 357.6572 0001879  86.3716 273.7631 13.18685753215278
ONEWEB-0307             
1 49189U 21083D   26056.25474218  .00000228  00000+0  58921-3 0  9996
2 49189  87.9027 342.4978 0001818  78.5300 281.6033 13.13468113216232
ONEWEB-0320             
1 49190U 21083E   26056.23361091  .00000051  00000+0  97027-4 0  9995
2 49190  87.9232 357.6951 0001885  79.6661 280.4684 13.18131655215227
ONEWEB-0321             
1 49191U 21083F   26056.15663044  .00000112  00000+0  24419-3 0  9992
2 49191  87.9194 296.8017 0001717  92.0659 268.0671 13.20772476222043
ONEWEB-0322             
1 49192U 21083G   26056.25050852  .00000272  00000+0  71044-3 0  9994
2 49192  87.9030 342.5032 0001609  94.0950 266.0363 13.13468568216220
ONEWEB-0324             
1 49193U 21083H   26056.29383058  .00000077  00000+0  16270-3 0  9999
2 49193  87.9241 357.6646 0001980  79.8957 280.2399 13.18685610215256
ONEWEB-0325             
1 49194U 21083J   26056.29713193  .00000076  00000+0  15887-3 0  9999
2 49194  87.9234 357.6820 0001798  80.3965 279.7370 13.18685480215264
ONEWEB-0326             
1 49195U 21083K   26056.23623645  .00000093  00000+0  20418-3 0  9991
2 49195  87.9242 357.6823 0001761  69.8718 290.2604 13.18686594215248
ONEWEB-0327             
1 49196U 21083L   26056.23596362  .00000093  00000+0  20423-3 0  9993
2 49196  87.9235 357.6958 0001634  69.2228 290.9079 13.18685920215266
ONEWEB-0328             
1 49197U 21083M   26056.24035507  .00000436  00000+0  11589-2 0  9997
2 49197  87.9045 342.4631 0001936  78.6412 281.4935 13.13468892216203
ONEWEB-0331             
1 49198U 21083N   26056.22950324  .00000057  00000+0  11204-3 0  9993
2 49198  87.9240 357.6770 0001969  70.1911 289.9434 13.18685359215255
ONEWEB-0333             
1 49199U 21083P   26056.23527521  .00000281  00000+0  73353-3 0  9996
2 49199  87.9027 342.5047 0001702  77.8725 282.2595 13.13469421216217
ONEWEB-0334             
1 49200U 21083Q   26056.17399673  .00000057  00000+0  10775-3 0  9997
2 49200  87.9183 296.8176 0001536 118.9490 241.1798 13.20770974222007
ONEWEB-0335             
1 49201U 21083R   26056.23018781  .00000132  00000+0  32535-3 0  9995
2 49201  87.9037 342.4984 0001829  72.5300 287.6029 13.13469735216222
ONEWEB-0336             
1 49202U 21083S   26056.27758438 -.00000231  00000+0 -66611-3 0  9994
2 49202  87.9035 342.4858 0002013  67.4266 292.7076 13.13468214216221
ONEWEB-0337             
1 49203U 21083T   26056.28761509 -.00000116  00000+0 -35136-3 0  9999
2 49203  87.9028 342.4939 0001950  76.1719 283.9627 13.13470864216221
ONEWEB-0338             
1 49204U 21083U   26056.22449098  .00000144  00000+0  32232-3 0  9993
2 49204  87.9183 296.8119 0001561  93.9887 266.1424 13.20774573222033
ONEWEB-0339             
1 49205U 21083V   26056.29621779 -.00000151  00000+0 -44763-3 0  9991
2 49205  87.9041 342.4785 0001811  87.4482 272.6854 13.13470346216205
ONEWEB-0340             
1 49206U 21083W   26056.29218000  .00000061  00000+0  12194-3 0  9992
2 49206  87.9242 357.6699 0001847  77.5903 282.5436 13.18685701215223
ONEWEB-0341             
1 49207U 21083X   26056.29878338  .00000036  00000+0  58316-4 0  9998
2 49207  87.9246 357.6783 0002439  78.9181 281.2225 13.18685901215249
ONEWEB-0342             
1 49208U 21083Y   26056.15505408  .00000073  00000+0  14730-3 0  9991
2 49208  87.9192 296.8029 0001623  87.2170 272.9149 13.20772093221995
ONEWEB-0343             
1 49209U 21083Z   26056.23114758  .00000065  00000+0  13183-3 0  9997
2 49209  87.9237 357.6865 0002274  89.5439 270.5954 13.18685720215286
ONEWEB-0344             
1 49210U 21083AA  26056.29113878 -.00000090  00000+0 -28250-3 0  9998
2 49210  87.9029 342.5046 0002143  78.2393 281.8976 13.13469911216209
ONEWEB-0345             
1 49211U 21083AB  26056.28266973 -.00000211  00000+0 -61395-3 0  9995
2 49211  87.9039 342.4725 0002142  79.4206 280.7164 13.13471351216218
ONEWEB-0346             
1 49212U 21083AC  26056.22783635  .00000050  00000+0  93093-4 0  9999
2 49212  87.9234 357.6959 0001932  58.6837 301.4484 13.18687685215228
ONEWEB-0348             
1 49213U 21083AD  26056.14558824  .00000084  00000+0  17405-3 0  9990
2 49213  87.9194 296.8081 0002011  68.8444 291.2904 13.20771574222023
ONEWEB-0350             
1 49214U 21083AE  26056.29198458 -.00000068  00000+0 -22031-3 0  9995
2 49214  87.9038 342.4700 0002114  76.6145 283.5220 13.13469665216245
ONEWEB-0351             
1 49215U 21083AF  26056.21490293  .00000097  00000+0  20692-3 0  9991
2 49215  87.9192 296.7924 0002039 107.0782 253.0575 13.20772512221997
ONEWEB-0352             
1 49216U 21083AG  26056.27252188 -.00000435  00000+0 -12268-2 0  9994
2 49216  87.9035 342.4906 0001865  92.4459 267.6884 13.13470488216332
ONEWEB-0354             
1 49217U 21083AH  26056.16452321  .00000111  00000+0  24162-3 0  9990
2 49217  87.9193 296.8018 0001948  77.2427 282.8924 13.20771929222021
ONEWEB-0355             
1 49218U 21083AJ  26056.22524163  .00000061  00000+0  13115-3 0  9992
2 49218  87.9025 342.5111 0001943  84.2786 275.8565 13.13469091216202
ONEWEB-0357             
1 49219U 21083AK  26056.16136716  .00000132  00000+0  29333-3 0  9997
2 49219  87.9189 296.7972 0001689  87.5258 272.6069 13.20772211222026
ONEWEB-0332             
1 49279U 21090A   26056.24936265  .00000129  00000+0  31474-3 0  9992
2 49279  87.8996 312.0388 0001499  85.3291 274.8010 13.14501349212879
ONEWEB-0347             
1 49280U 21090B   26056.22764868  .00000067  00000+0  13242-3 0  9994
2 49280  87.9195 296.7927 0001350  84.5032 275.6255 13.20772928216267
ONEWEB-0349             
1 49281U 21090C   26056.18347002  .00000054  00000+0  10135-3 0  9991
2 49281  87.9191 296.8013 0001679  81.9434 278.1890 13.20772776215041
ONEWEB-0353             
1 49282U 21090D   26056.24143577  .00000210  00000+0  53081-3 0  9991
2 49282  87.9007 312.0339 0001401  84.4316 275.6974 13.14501576212874
ONEWEB-0356             
1 49283U 21090E   26056.18187988  .00000000  00000+0 -31999-4 0  9992
2 49283  87.9192 296.7953 0001187  49.3909 310.7328 13.20772412215041
ONEWEB-0358             
1 49284U 21090F   26056.21187704  .00000134  00000+0  29680-3 0  9993
2 49284  87.9188 296.7919 0001688  77.4484 282.6838 13.20771817215776
ONEWEB-0359             
1 49285U 21090G   26056.20871355  .00000051  00000+0  92469-4 0  9999
2 49285  87.9196 296.7892 0001867  76.2123 283.9218 13.20774165215755
ONEWEB-0360             
1 49286U 21090H   26056.19924175 -.00000025  00000+0 -93016-4 0  9999
2 49286  87.9189 296.7984 0001762  80.2345 279.8988 13.20772940215066
ONEWEB-0361             
1 49287U 21090J   26056.18030677  .00000078  00000+0  16068-3 0  9991
2 49287  87.9190 296.7994 0001552  75.7054 284.4252 13.20772391215519
ONEWEB-0362             
1 49288U 21090K   26056.27164125 -.00000025  00000+0 -94579-4 0  9996
2 49288  87.9239 327.2696 0001915  84.8468 275.2884 13.19725641212156
ONEWEB-0363             
1 49289U 21090L   26056.19611565 -.00000337  00000+0 -86173-3 0  9999
2 49289  87.9231 296.7982 0001892  71.8704 288.2635 13.20753556215520
ONEWEB-0364             
1 49290U 21090M   26056.15821500  .00000072  00000+0  14512-3 0  9991
2 49290  87.9180 296.8206 0001583  78.1706 281.9605 13.20771535216653
ONEWEB-0365             
1 49291U 21090N   26056.28110405  .00000036  00000+0  56399-4 0  9991
2 49291  87.9253 327.2458 0001717  82.2248 277.9079 13.19727346211664
ONEWEB-0366             
1 49292U 21090P   26056.23826518  .00000292  00000+0  75379-3 0  9998
2 49292  87.8997 312.0455 0001695  77.9402 282.1917 13.14501609212854
ONEWEB-0367             
1 49293U 21090Q   26056.19451035 -.00000014  00000+0 -65267-4 0  9992
2 49293  87.9191 296.7973 0001737  87.1423 272.9909 13.20772111215045
ONEWEB-0368             
1 49294U 21090R   26056.16767881  .00000054  00000+0  10146-3 0  9996
2 49294  87.9181 296.8256 0000823  82.5145 277.6082 13.20772642216195
ONEWEB-0369             
1 49295U 21090S   26056.27637901 -.00000018  00000+0 -76225-4 0  9991
2 49295  87.9243 327.2658 0001708  78.5453 281.5871 13.19725015211656
ONEWEB-0370             
1 49296U 21090T   26056.20398458  .00000000  00000+0 -31106-4 0  9995
2 49296  87.9190 296.7967 0001947  82.5991 277.5364 13.20771407215089
ONEWEB-0371             
1 49297U 21090U   26056.28427498  .00000010  00000+0 -79792-5 0  9996
2 49297  87.9244 327.2532 0001773  81.9427 278.1907 13.19725094211694
ONEWEB-0372             
1 49298U 21090V   26056.19280183  .00000019  00000+0  13658-4 0  9991
2 49298  87.9192 296.7990 0001588  86.2323 273.8992 13.20771130215056
ONEWEB-0373             
1 49299U 21090W   26056.21975415  .00000105  00000+0  22524-3 0  9991
2 49299  87.9179 296.8006 0001672  78.6007 281.5314 13.20773198216241
ONEWEB-0374             
1 49300U 21090X   26056.22557287  .00000035  00000+0  60531-4 0  9991
2 49300  87.9004 312.0311 0001370  61.3225 298.8042 13.14502219212856
ONEWEB-0375             
1 49301U 21090Y   26056.20714540  .00000016  00000+0  62718-5 0  9996
2 49301  87.9191 296.7890 0001704  63.2139 296.9168 13.20771669215743
ONEWEB-0376             
1 49302U 21090Z   26056.28269583 -.00000014  00000+0 -67185-4 0  9999
2 49302  87.9253 327.2456 0001703  84.6643 275.4684 13.19725942211693
ONEWEB-0377             
1 49303U 21090AA  26056.19308448 -.00000027  00000+0 -98627-4 0  9993
2 49303  87.9190 296.7942 0001965  78.3978 281.7375 13.20771234215738
ONEWEB-0378             
1 49304U 21090AB  26056.13940336  .00000100  00000+0  21359-3 0  9993
2 49304  87.9184 296.8162 0001588  77.0970 283.0341 13.20772185214997
ONEWEB-0379             
1 49305U 21090AC  26056.22082297  .00000163  00000+0  40568-3 0  9999
2 49305  87.9006 312.0417 0001555  77.5515 282.5789 13.14501933212856
ONEWEB-0380             
1 49306U 21090AD  26056.27953520 -.00000010  00000+0 -56688-4 0  9995
2 49306  87.9242 327.2632 0001863  73.5832 286.5505 13.19725933211667
ONEWEB-0381             
1 49307U 21090AE  26056.18977284 -.00000003  00000+0 -40051-4 0  9998
2 49307  87.9189 296.7984 0001589  72.6695 287.4612 13.20772646215040
ONEWEB-0382             
1 49308U 21090AF  26056.17714900  .00000093  00000+0  19746-3 0  9995
2 49308  87.9191 296.7971 0001435  71.1538 288.9751 13.20772658215032
ONEWEB-0383             
1 49309U 21090AG  26056.21446674  .00000000  00000+0 -33605-4 0  9991
2 49309  87.9006 312.0289 0001495  76.2088 283.9208 13.14501008212888
ONEWEB-0384             
1 49310U 21090AH  26056.16881888  .00000049  00000+0  89785-4 0  9999
2 49310  87.9198 296.8410 0001213  65.0142 295.1118 13.20806626215049
ONEWEB-0385             
1 49311U 21090AJ  26056.16926726  .00000090  00000+0  19046-3 0  9999
2 49311  87.9190 296.8033 0001571  74.7916 285.3391 13.20770571215016
ONEWEB-0386             
1 49312U 21090AK  26056.18660584  .00000048  00000+0  86162-4 0  9996
2 49312  87.9189 296.7844 0001437  75.3250 284.8042 13.20773074215033
ONEWEB-0387             
1 49313U 21090AL  26056.17083931  .00000135  00000+0  29937-3 0  9994
2 49313  87.9180 296.8262 0001786  72.8247 287.3082 13.20772554215039
ONEWEB-0388             
1 49314U 21090AM  26056.27479672 -.00000009  00000+0 -55348-4 0  9995
2 49314  87.9239 327.2611 0001632  74.7811 285.3503 13.19726397211652
ONEWEB-0389             
1 50469U 21132A   26055.35757549  .00000063  00000+0  12942-3 0  9995
2 50469  87.9120  28.2772 0001932  72.1684 287.9659 13.17647753203223
ONEWEB-0390             
1 50470U 21132B   26055.35925171  .00000127  00000+0  29432-3 0  9998
2 50470  87.9121  28.2771 0002147  85.5971 274.5406 13.17650700203229
ONEWEB-0391             
1 50471U 21132C   26055.89250950  .00000004  00000+0 -23478-4 0  9994
2 50471  87.9120  28.1803 0002412  65.1743 294.9639 13.17647941203294
ONEWEB-0392             
1 50472U 21132D   26056.15068556  .00000048  00000+0  90919-4 0  9995
2 50472  87.9137  28.0880 0002011  71.7522 288.3829 13.17648142203360
ONEWEB-0393             
1 50473U 21132E   26056.27569677  .00000007  00000+0 -14784-4 0  9991
2 50473  87.9134  28.0866 0001887  77.4948 282.6395 13.17649511203374
ONEWEB-0394             
1 50474U 21132F   26056.25589455  .00000075  00000+0  15706-3 0  9994
2 50474  87.9242 357.6646 0001793  73.5435 286.5894 13.18685192206844
ONEWEB-0395             
1 50475U 21132G   26055.93449635  .00000237  00000+0  63283-3 0  9997
2 50475  87.8834  43.3971 0002102  83.7154 276.4213 13.11418577201007
ONEWEB-0396             
1 50476U 21132H   26056.24929595  .00000112  00000+0  25106-3 0  9995
2 50476  87.9241 357.6775 0001811  75.3322 284.8011 13.18685438206883
ONEWEB-0397             
1 50477U 21132J   26056.26414044  .00000069  00000+0  14340-3 0  9995
2 50477  87.9252 357.6750 0002397  66.2277 293.9106 13.18684657206863
ONEWEB-0398             
1 50478U 21132K   26055.97857001 -.00000377  00000+0 -10990-2 0  9997
2 50478  87.8845  43.3673 0002243  87.4500 272.6884 13.11413982200908
ONEWEB-0399             
1 50479U 21132L   26055.96501387  .00000182  00000+0  47825-3 0  9990
2 50479  87.8841  43.3804 0001714  69.1667 290.9644 13.11413660200892
ONEWEB-0400             
1 50480U 21132M   26056.24270070  .00000033  00000+0  49772-4 0  9995
2 50480  87.9246 357.6689 0002020  82.1225 278.0136 13.18686086206858
ONEWEB-0401             
1 50481U 21132N   26056.28722638  .00000098  00000+0  21710-3 0  9994
2 50481  87.9244 357.6559 0001636  80.3149 279.8168 13.18686395206868
ONEWEB-0402             
1 50482U 21132P   26056.25094216  .00000055  00000+0  10717-3 0  9994
2 50482  87.9243 357.6548 0001308  84.7639 275.3642 13.18686354206889
ONEWEB-0403             
1 50483U 21132Q   26056.27568599  .00000071  00000+0  14671-3 0  9998
2 50483  87.9240 357.6729 0001880  76.5181 283.6161 13.18685459206843
ONEWEB-0404             
1 50484U 21132R   26055.94637288  .00000566  00000+0  15621-2 0  9998
2 50484  87.8837  43.3919 0001987  75.8689 284.2660 13.11417702200985
ONEWEB-0405             
1 50485U 21132S   26056.29052736  .00000086  00000+0  18651-3 0  9991
2 50485  87.9241 357.6541 0001593  75.9242 284.2067 13.18685074207240
ONEWEB-0406             
1 50486U 21132T   26056.28063467  .00000011  00000+0 -45434-5 0  9994
2 50486  87.9240 357.6817 0001994  66.1519 293.9822 13.18687010206876
ONEWEB-0407             
1 50487U 21132U   26056.27403281  .00000105  00000+0  23281-3 0  9993
2 50487  87.9242 357.6661 0001724  84.1204 276.0125 13.18685545206811
ONEWEB-0409             
1 50488U 21132V   26055.94468642  .00000513  00000+0  14115-2 0  9997
2 50488  87.8843  43.3722 0002024  77.7346 282.4008 13.11418978200872
ONEWEB-0412             
1 50489U 21132W   26056.26248632  .00000136  00000+0  31172-3 0  9993
2 50489  87.9242 357.6819 0001501  79.1560 280.9741 13.18685598206906
ONEWEB-0413             
1 50490U 21132X   26056.26744010  .00000064  00000+0  12958-3 0  9997
2 50490  87.9229 357.6868 0001553  84.5415 275.5894 13.18685517206846
ONEWEB-0414             
1 50491U 21132Y   26056.25258972  .00000071  00000+0  14807-3 0  9997
2 50491  87.9238 357.6600 0001615  75.5711 284.5601 13.18687083206878
ONEWEB-0417             
1 50492U 21132Z   26056.26083743  .00000068  00000+0  13852-3 0  9996
2 50492  87.9229 357.6874 0001937  73.3068 286.8277 13.18684619206854
ONEWEB-0418             
1 50493U 21132AA  26056.27058866  .00000108  00000+0  24079-3 0  9994
2 50493  87.9240 357.6744 0002024  69.5267 290.6082 13.18688714206914
ONEWEB-0419             
1 50494U 21132AB  26056.28888419  .00000068  00000+0  14004-3 0  9993
2 50494  87.9243 357.6708 0002154  78.3390 281.7984 13.18685251206833
ONEWEB-0420             
1 50495U 21132AC  26056.25424119  .00000073  00000+0  15168-3 0  9992
2 50495  87.9239 357.6902 0002075  77.8043 282.3322 13.18684785206829
ONEWEB-0421             
1 50496U 21132AD  26056.24764137  .00000048  00000+0  90282-4 0  9992
2 50496  87.9241 357.6831 0001598  73.9175 286.2133 13.18685568206863
ONEWEB-0424             
1 50497U 21132AE  26056.28393580  .00000025  00000+0  30974-4 0  9994
2 50497  87.9240 357.6714 0002193  81.8154 278.3227 13.18685474206895
ONEWEB-0426             
1 50498U 21132AF  26056.24434134  .00000036  00000+0  58290-4 0  9995
2 50498  87.9241 357.6709 0001688  57.6451 302.4844 13.18686162206833
ONEWEB-0427             
1 50499U 21132AG  26056.28228020  .00000073  00000+0  15187-3 0  9993
2 50499  87.9243 357.6500 0001983  73.2249 286.9101 13.18686252206867
ONEWEB-0429             
1 50500U 21132AH  26056.26908325  .00000048  00000+0  89558-4 0  9993
2 50500  87.9239 357.6855 0001815  84.4199 275.7141 13.18684845206833
ONEWEB-0430             
1 50501U 21132AJ  26056.25754383  .00000054  00000+0  10365-3 0  9992
2 50501  87.9238 357.6843 0001978  85.6424 274.4934 13.18685643206871
ONEWEB-0432             
1 50502U 21132AK  26056.29034914  .00000073  00000+0  15324-3 0  9999
2 50502  87.9240 357.6468 0002503  72.7030 287.4376 13.18643562206837
ONEWEB-0440             
1 50503U 21132AL  26056.27733210  .00000009  00000+0 -11039-4 0  9993
2 50503  87.9243 357.6699 0001418  83.8713 276.2581 13.18685486206826
ONEWEB-0450             
1 50504U 21132AM  26056.27087102  .00000011  00000+0 -36873-5 0  9993
2 50504  87.9230 357.6879 0001804  88.6844 271.4495 13.18684903206857
ONEWEB-0410             
1 51622U 22012A   26056.28737929  .00000132  00000+0  30713-3 0  9991
2 51622  87.9135  28.0700 0002406  47.7507 312.3829 13.17648319198964
ONEWEB-0411             
1 51623U 22012B   26055.46205981  .00000603  00000+0  16916-2 0  9990
2 51623  87.8754  58.7145 0002351  98.8989 261.2405 13.10370894194527
ONEWEB-0415             
1 51624U 22012C   26055.76417252  .00000675  00000+0  18969-2 0  9999
2 51624  87.8755  58.6568 0002139  93.1720 266.9653 13.10371794194563
ONEWEB-0416             
1 51625U 22012D   26055.47035430  .00000278  00000+0  76097-3 0  9998
2 51625  87.8753  58.7365 0002345  88.1225 272.0171 13.10369502194568
ONEWEB-0422             
1 51626U 22012E   26056.29749415  .00000107  00000+0  24290-3 0  9994
2 51626  87.9135  28.0705 0001528 102.9059 257.2243 13.17647853199075
ONEWEB-0423             
1 51627U 22012F   26056.29073778  .00000109  00000+0  24789-3 0  9992
2 51627  87.9134  28.0815 0001766  83.5937 276.5396 13.17649686198966
ONEWEB-0425             
1 51628U 22012G   26056.01480932 -.00000143  00000+0 -44735-3 0  9990
2 51628  87.8761  58.6040 0001818  76.8971 283.2359 13.10370211194634
ONEWEB-0428             
1 51629U 22012H   26055.46039917  .00000672  00000+0  18889-2 0  9997
2 51629  87.8753  58.7290 0001819  89.7627 270.3709 13.10371483194522
ONEWEB-0431             
1 51630U 22012J   26055.96488294 -.00000255  00000+0 -76622-3 0  9999
2 51630  87.8773  58.6123 0002314 102.0928 258.0459 13.10374750194642
ONEWEB-0434             
1 51631U 22012K   26055.94190662 -.00000362  00000+0 -10742-2 0  9996
2 51631  87.8752  58.6468 0001723  68.3682 291.7629 13.10370407194622
ONEWEB-0435             
1 51632U 22012L   26055.95006507 -.00000550  00000+0 -16115-2 0  9991
2 51632  87.8756  58.6358 0001646 100.7610 259.3703 13.10371765194611
ONEWEB-0436             
1 51633U 22012M   26056.28230347 -.00000023  00000+0 -92430-4 0  9991
2 51633  87.9135  28.0616 0001828  90.2319 269.9022 13.17648257198944
ONEWEB-0438             
1 51634U 22012N   26056.00983387  .00000099  00000+0  24772-3 0  9995
2 51634  87.8750  58.6246 0001859  82.9777 277.1562 13.10369850194651
ONEWEB-0439             
1 51635U 22012P   26055.47864496 -.00000199  00000+0 -60752-3 0  9996
2 51635  87.8753  58.7200 0001756  88.8123 271.3205 13.10366887194569
ONEWEB-0442             
1 51636U 22012Q   26056.27471635 -.00000011  00000+0 -61560-4 0  9997
2 51636  87.9120  28.1033 0002069  65.8948 294.2400 13.17646603198932
ONEWEB-0443             
1 51637U 22012R   26056.29412247  .00000069  00000+0  14536-3 0  9995
2 51637  87.9123  28.1022 0001541  78.7343 281.3962 13.17650015198987
ONEWEB-0444             
1 51638U 22012S   26056.00320002  .00000491  00000+0  13708-2 0  9990
2 51638  87.8755  58.6137 0001804  89.9042 270.2292 13.10370513194642
ONEWEB-0445             
1 51639U 22012T   26055.49026197 -.00000591  00000+0 -17299-2 0  9993
2 51639  87.8768  58.6939 0002080  91.0304 269.1062 13.10371634194589
ONEWEB-0446             
1 51640U 22012U   26056.07789757  .00000413  00000+0  11466-2 0  9999
2 51640  87.8751  58.6149 0002020  88.5012 271.6346 13.10371298194643
ONEWEB-0448             
1 51641U 22012V   26056.00651662  .00000282  00000+0  77221-3 0  9992
2 51641  87.8753  58.6276 0001820  90.3155 269.8181 13.10370346194608
ONEWEB-0449             
1 51642U 22012W   26056.01149108 -.00000002  00000+0 -41025-4 0  9997
2 51642  87.8760  58.6040 0001735  74.5311 285.6008 13.10369891194617
ONEWEB-0451             
1 51643U 22012X   26056.27893758  .00000018  00000+0  13759-4 0  9991
2 51643  87.9129  28.0575 0001799  79.0902 281.0432 13.17647648198923
ONEWEB-0452             
1 51644U 22012Y   26056.27725301  .00000204  00000+0  49251-3 0  9992
2 51644  87.9125  28.1050 0001638  76.3857 283.7457 13.17648716198934
ONEWEB-0456             
1 51646U 22012AA  26055.94507723 -.00000447  00000+0 -13156-2 0  9998
2 51646  87.8772  58.5947 0001795  93.6547 266.4785 13.10371014194640
ONEWEB-0457             
1 51647U 22012AB  26055.76916635  .00000578  00000+0  16183-2 0  9991
2 51647  87.8752  58.6641 0002229  81.7948 278.3432 13.10373631194623
ONEWEB-0458             
1 51648U 22012AC  26055.71435649 -.00000481  00000+0 -14149-2 0  9993
2 51648  87.8762  58.6552 0001736  86.4028 273.7298 13.10370274194572
ONEWEB-0461             
1 51649U 22012AD  26056.29917954  .00000123  00000+0  28278-3 0  9992
2 51649  87.9138  28.0683 0002045  82.6773 277.4591 13.17649727199151
ONEWEB-0463             
1 51650U 22012AE  26056.28062580  .00000038  00000+0  64710-4 0  9996
2 51650  87.9123  28.1056 0002027  83.3141 276.8222 13.17647532198930
ONEWEB-0464             
1 51651U 22012AF  26055.48196221 -.00000358  00000+0 -10611-2 0  9994
2 51651  87.8752  58.7311 0001686  96.1880 263.9440 13.10370523194563
ONEWEB-0468             
1 51652U 22012AG  26055.94673538 -.00000498  00000+0 -14632-2 0  9999
2 51652  87.8755  58.6324 0001585  97.0621 263.0686 13.10374215194601
ONEWEB-0473             
1 51653U 22012AH  26056.08453148  .00000108  00000+0  27394-3 0  9995
2 51653  87.8750  58.6068 0001717  88.4419 271.6905 13.10369402194621
ONEWEB-0474             
1 51654U 22012AJ  26056.07624030  .00000448  00000+0  12481-2 0  9992
2 51654  87.8762  58.5821 0001650  95.2556 264.8760 13.10369709194617
ONEWEB-0475             
1 51655U 22012AK  26056.29243407  .00000069  00000+0  14545-3 0  9995
2 51655  87.9125  28.0949 0001189  86.4599 273.6669 13.17648000198959
ONEWEB-0490             
1 54113U 22138A   26056.22899376  .00000082  00000+0  17140-3 0  9990
2 54113  87.9251 327.2609 0001672  85.6919 274.4405 13.19725227162061
ONEWEB-0492             
1 54114U 22138B   26056.25426737  .00000147  00000+0  33580-3 0  9999
2 54114  87.9246 327.2647 0001791  85.5404 274.5933 13.19725294162070
ONEWEB-0495             
1 54115U 22138C   26056.23215423  .00000104  00000+0  22795-3 0  9995
2 54115  87.9242 327.2706 0001438 102.9064 257.2230 13.19726441162058
ONEWEB-0497             
1 54116U 22138D   26056.24478675  .00000109  00000+0  23973-3 0  9991
2 54116  87.9246 327.2584 0001701  81.5709 278.5617 13.19724948162042
ONEWEB-0499             
1 54117U 22138E   26056.22819993  .00000121  00000+0  26983-3 0  9990
2 54117  87.9245 327.2723 0001563  78.4641 281.6668 13.19724938162054
ONEWEB-0500             
1 54118U 22138F   26056.23057339  .00000145  00000+0  33111-3 0  9997
2 54118  87.9245 327.2609 0001810  79.4437 280.6900 13.19725793162066
ONEWEB-0501             
1 54119U 22138G   26056.26058939  .00000066  00000+0  13310-3 0  9999
2 54119  87.9246 327.2559 0001479  91.0225 269.1077 13.19725067162047
ONEWEB-0502             
1 54120U 22138H   26056.24636642  .00000102  00000+0  22160-3 0  9996
2 54120  87.9250 327.2427 0001456  83.5406 276.5892 13.19724872162062
ONEWEB-0503             
1 54121U 22138J   26056.23531088  .00000097  00000+0  21069-3 0  9994
2 54121  87.9252 327.2485 0001598  71.6454 288.4853 13.19725007162056
ONEWEB-0504             
1 54122U 22138K   26056.29849761  .00000105  00000+0  22999-3 0  9994
2 54122  87.9244 327.2476 0001478  81.9114 278.2187 13.19725601162071
ONEWEB-0505             
1 54123U 22138L   26056.29533198  .00000102  00000+0  22138-3 0  9991
2 54123  87.9252 327.2435 0001341  92.0974 268.0312 13.19724887162052
ONEWEB-0506             
1 54124U 22138M   26056.27006695 -.00000019  00000+0 -80865-4 0  9998
2 54124  87.9252 327.2458 0001508  87.4658 272.6648 13.19726131162046
ONEWEB-0507             
1 54125U 22138N   26056.29059296  .00000101  00000+0  21999-3 0  9998
2 54125  87.9238 327.2652 0001629  86.7577 273.3742 13.19726495162094
ONEWEB-0508             
1 54126U 22138P   26056.28742263  .00000026  00000+0  31633-4 0  9994
2 54126  87.9247 327.2634 0001647  93.4082 266.7239 13.19728247162073
ONEWEB-0509             
1 54127U 22138Q   26056.26214948  .00000126  00000+0  28317-3 0  9992
2 54127  87.9254 327.2474 0001638  81.5898 278.5421 13.19726818162040
ONEWEB-0510             
1 54128U 22138R   26056.16295624  .00000073  00000+0  14765-3 0  9995
2 54128  87.9190 296.8004 0001974  71.4576 288.6772 13.20771341164499
ONEWEB-0511             
1 54129U 22138S   26056.25900371  .00000063  00000+0  12388-3 0  9996
2 54129  87.9254 327.2523 0001547  71.2649 288.8651 13.19725134162078
ONEWEB-0512             
1 54130U 22138T   26056.25110144  .00000063  00000+0  12481-3 0  9993
2 54130  87.9241 327.2692 0001389  85.4824 274.6468 13.19727656162046
ONEWEB-0513             
1 54131U 22138U   26056.22667143  .00000141  00000+0  31734-3 0  9996
2 54131  87.9257 327.2299 0000814  90.6411 269.4815 13.20261761161947
ONEWEB-0514             
1 54132U 22138V   26056.26690085  .00000034  00000+0  53448-4 0  9990
2 54132  87.9245 327.2547 0001773  75.1646 284.9683 13.19726529162069
ONEWEB-0515             
1 54133U 22138W   26056.22608155  .00000041  00000+0  68212-4 0  9997
2 54133  87.9190 296.7768 0002517  81.3062 278.8357 13.20772524164523
ONEWEB-0516             
1 54134U 22138X   26056.24162927  .00000108  00000+0  23671-3 0  9995
2 54134  87.9241 327.2722 0001767  83.5747 276.5587 13.19725144162062
ONEWEB-0517             
1 54135U 22138Y   26056.22109670  .00000119  00000+0  26528-3 0  9996
2 54135  87.9245 327.2646 0001595  69.8330 290.2974 13.19725956162060
ONEWEB-0518             
1 54136U 22138Z   26056.24003888  .00000123  00000+0  27542-3 0  9995
2 54136  87.9238 327.2742 0001611  84.8763 275.2554 13.19726366162069
ONEWEB-0519             
1 54137U 22138AA  26056.26532480  .00000071  00000+0  14422-3 0  9998
2 54137  87.9251 327.2475 0001606  72.4526 287.6782 13.19725906162072
ONEWEB-0520             
1 54138U 22138AB  26056.30007169  .00000093  00000+0  19958-3 0  9998
2 54138  87.9248 327.2472 0001587  87.4609 272.6706 13.19725090162065
ONEWEB-0521             
1 54139U 22138AC  26056.25742109  .00000101  00000+0  21924-3 0  9999
2 54139  87.9249 327.2396 0001712  69.1434 290.9882 13.19724871162003
ONEWEB-0522             
1 54140U 22138AD  26056.23688989  .00000089  00000+0  19106-3 0  9998
2 54140  87.9252 327.2445 0001582  82.2849 277.8463 13.19725946162042
ONEWEB-0523             
1 54141U 22138AE  26056.21345631  .00000078  00000+0  16085-3 0  9992
2 54141  87.9189 296.7940 0002259  67.4351 292.7021 13.20772565164529
ONEWEB-0524             
1 54142U 22138AF  26056.20241383 -.00000037  00000+0 -12292-3 0  9994
2 54142  87.9180 296.7968 0002573  87.6835 272.4593 13.20770319164525
ONEWEB-0525             
1 54143U 22138AG  26056.25584232  .00000006  00000+0 -16894-4 0  9991
2 54143  87.9244 327.2563 0001578  87.3993 272.7320 13.19724955162065
ONEWEB-0526             
1 54144U 22138AH  26056.21317618  .00000063  00000+0  12580-3 0  9999
2 54144  87.9253 327.2586 0001725  83.2086 276.9243 13.19723066162032
ONEWEB-0529             
1 54145U 22138AJ  26056.29217189  .00000142  00000+0  32142-3 0  9994
2 54145  87.9239 327.2627 0001656  87.7324 272.3998 13.19725683162067
ONEWEB-0531             
1 54146U 22138AK  26056.18820222  .00000029  00000+0  39997-4 0  9991
2 54146  87.9188 296.7958 0002537  73.2905 286.8507 13.20772545164522
ONEWEB-0535             
1 54147U 22138AL  26056.24952928  .00000068  00000+0  13767-3 0  9997
2 54147  87.9249 327.2459 0001945  69.0748 291.0593 13.19725772162076
ONEWEB-0536             
1 54148U 22138AM  26056.17557755  .00000103  00000+0  22051-3 0  9995
2 54148  87.9181 296.8343 0002642  75.6405 284.5022 13.20771741164517
ONEWEB-0527             
1 54642U 22166A   26056.14005415  .00000068  00000+0  13364-3 0  9990
2 54642  87.9164 266.3459 0001701  90.8031 269.3298 13.21825132156732
ONEWEB-0528             
1 54643U 22166B   26056.07093876  .00000161  00000+0  35722-3 0  9997
2 54643  87.9164 266.3635 0001623  91.7482 268.3838 13.21826014156731
ONEWEB-0539             
1 54644U 22166C   26056.10878689 -.00000004  00000+0 -41858-4 0  9991
2 54644  87.9167 266.3212 0001372  88.0642 272.0650 13.21825631156732
ONEWEB-0540             
1 54645U 22166D   26056.11550186 -.00000015  00000+0 -66837-4 0  9998
2 54645  87.9169 266.3566 0001527  84.7912 275.3396 13.21826388156724
ONEWEB-0542             
1 54646U 22166E   26056.11865959  .00000037  00000+0  58991-4 0  9990
2 54646  87.9172 266.3152 0001326  79.1377 280.9906 13.21828513156732
ONEWEB-0545             
1 54647U 22166F   26056.08410347  .00000108  00000+0  23061-3 0  9992
2 54647  87.9168 266.3430 0001302  72.1202 288.0074 13.21825764156696
ONEWEB-0580             
1 54648U 22166G   26056.13347338  .00000063  00000+0  12022-3 0  9993
2 54648  87.9168 266.3329 0001482  75.6517 284.4782 13.21825292156748
ONEWEB-0582             
1 54649U 22166H   26056.10055911 -.00000007  00000+0 -48886-4 0  9992
2 54649  87.9159 266.3336 0001323  72.7686 287.3593 13.21824948156712
ONEWEB-0583             
1 54650U 22166J   26056.11207419  .00000014  00000+0  21016-5 0  9990
2 54650  87.9167 266.3532 0001489  88.0270 272.1034 13.21825846156724
ONEWEB-0584             
1 54651U 22166K   26056.13182870  .00000121  00000+0  26230-3 0  9996
2 54651  87.9165 266.3371 0001521  75.9313 284.1990 13.21825854156716
ONEWEB-0585             
1 54652U 22166L   26056.08080005  .00000159  00000+0  35401-3 0  9999
2 54652  87.9161 266.3314 0001725  91.2312 268.9020 13.21827535156718
ONEWEB-0586             
1 54653U 22166M   26056.09397171  .00000112  00000+0  23862-3 0  9993
2 54653  87.9166 266.3544 0001444  86.3135 273.8164 13.21824254156714
ONEWEB-0587             
1 54654U 22166N   26056.10384948 -.00000017  00000+0 -72036-4 0  9998
2 54654  87.9179 266.3148 0001887  98.2412 261.8936 13.21826995156875
ONEWEB-0589             
1 54655U 22166P   26056.09067112  .00000073  00000+0  14411-3 0  9990
2 54655  87.9162 266.3447 0001366  57.6469 302.4797 13.21825644156735
ONEWEB-0590             
1 54656U 22166Q   26056.03953481  .00000037  00000+0  58393-4 0  9996
2 54656  87.9171 266.3334 0001977  80.1639 279.9718 13.21826043156712
ONEWEB-0591             
1 54657U 22166R   26056.12687683  .00000089  00000+0  18511-3 0  9999
2 54657  87.9164 266.3382 0001659  85.7579 274.3745 13.21827523156756
ONEWEB-0592             
1 54658U 22166S   26056.13018228  .00000116  00000+0  24977-3 0  9998
2 54658  87.9176 266.3072 0001609  86.4695 273.6623 13.21827457156638
ONEWEB-0593             
1 54659U 22166T   26056.07752236  .00000128  00000+0  27958-3 0  9991
2 54659  87.9168 266.3378 0001496  88.5895 271.5410 13.21826077156737
ONEWEB-0594             
1 54660U 22166U   26056.09726010  .00000060  00000+0  11476-3 0  9999
2 54660  87.9167 266.3522 0001634  92.2523 267.8798 13.21827333156758
ONEWEB-0595             
1 54661U 22166V   26056.07422703  .00000144  00000+0  31607-3 0  9991
2 54661  87.9166 266.3285 0001825  91.2730 268.8613 13.21826595156728
ONEWEB-0596             
1 54662U 22166W   26056.12358695  .00000088  00000+0  18165-3 0  9997
2 54662  87.9168 266.3366 0001697  88.5989 271.5339 13.21827421156739
ONEWEB-0597             
1 54663U 22166X   26056.10549719 -.00000041  00000+0 -12977-3 0  9991
2 54663  87.9167 266.3454 0001533  85.3109 274.8200 13.21825056156730
ONEWEB-0600             
1 54664U 22166Y   26056.08739006 -.00000014  00000+0 -65219-4 0  9997
2 54664  87.9161 266.3402 0001430  94.2769 265.8528 13.21828691156703
ONEWEB-0601             
1 54665U 22166Z   26056.07916854  .00000104  00000+0  22027-3 0  9992
2 54665  87.9166 266.3592 0001453  78.6167 281.5130 13.21825585156895
ONEWEB-0602             
1 54666U 22166AA  26056.11947571  .00000124  00000+0  26896-3 0  9998
2 54666  87.9170 266.3564 0001300  94.9546 265.1737 13.21826633156743
ONEWEB-0603             
1 54667U 22166AB  26056.12523231  .00000057  00000+0  10614-3 0  9999
2 54667  87.9177 266.3001 0001503  84.5624 275.5682 13.21826718156674
ONEWEB-0604             
1 54668U 22166AC  26056.11371515  .00000042  00000+0  70660-4 0  9997
2 54668  87.9179 266.3170 0001608  90.8864 269.2454 13.21826505156633
ONEWEB-0605             
1 54669U 22166AD  26056.03143495  .00000050  00000+0  90120-4 0  9995
2 54669  87.9164 266.3585 0001647  66.9576 293.1732 13.21827540156696
ONEWEB-0606             
1 54670U 22166AE  26056.12853556  .00000033  00000+0  49062-4 0  9993
2 54670  87.9169 266.3520 0001759  90.6562 269.4774 13.21825663156769
ONEWEB-0607             
1 54671U 22166AF  26056.09562836  .00000039  00000+0  63229-4 0  9995
2 54671  87.9169 266.3221 0001492  85.4554 274.6751 13.21825418156733
ONEWEB-0608             
1 54672U 22166AG  26056.10220110 -.00000041  00000+0 -13000-3 0  9990
2 54672  87.9176 266.3137 0001446  68.2336 291.8951 13.21827082156747
ONEWEB-0610             
1 54673U 22166AH  26056.08244165  .00000074  00000+0  14827-3 0  9996
2 54673  87.9164 266.3437 0001253  65.3761 294.7503 13.21826160156644
ONEWEB-0611             
1 54674U 22166AJ  26056.07588893  .00000117  00000+0  25214-3 0  9995
2 54674  87.9163 266.3416 0001764  93.5874 266.5461 13.21826622156638
ONEWEB-0612             
1 54675U 22166AK  26056.08904890  .00000089  00000+0  18348-3 0  9994
2 54675  87.9180 266.3217 0001512  85.2341 274.8966 13.21826034156623
ONEWEB-0615             
1 54676U 22166AL  26056.06929606  .00000142  00000+0  31229-3 0  9998
2 54676  87.9163 266.3506 0001603  87.9096 272.2221 13.21824922156634
ONEWEB-0655             
1 54677U 22166AM  26056.12030793  .00000143  00000+0  31451-3 0  9994
2 54677  87.9169 266.3429 0001319  90.9604 269.1681 13.21825593156638
ONEWEB-0659             
1 54678U 22166AN  26056.13676069  .00000087  00000+0  17814-3 0  9992
2 54678  87.9168 266.3402 0001697  88.6648 271.4681 13.21826183156722
ONEWEB-0685             
1 54679U 22166AP  26056.13703384  .00000081  00000+0  16346-3 0  9997
2 54679  87.9165 266.3357 0001435  86.2118 273.9180 13.21811549156614
ONEWEB-0712             
1 54680U 22166AQ  26056.04049131 -.00000044  00000+0 -14806-3 0  9992
2 54680  87.8992 251.0867 0001259 108.9600 251.1668 13.16593156157303
ONEWEB-0714             
1 54681U 22166AR  26056.14333186  .00000193  00000+0  43637-3 0  9997
2 54681  87.9167 266.3287 0001392  88.4034 271.7260 13.21827258156736
ONEWEB-0532             
1 55140U 23004A   26055.64781993  .00000088  00000+0  19456-3 0  9992
2 55140  87.9133  28.2124 0002159  74.5580 285.5790 13.17648416152761
ONEWEB-0533             
1 55141U 23004B   26056.23630200  .00000026  00000+0  36038-4 0  9991
2 55141  87.8986  12.8845 0001665  77.3143 282.8171 13.12443312153377
ONEWEB-0541             
1 55142U 23004C   26055.72086706  .00000451  00000+0  12357-2 0  9999
2 55142  87.8844  43.4176 0001988  85.4766 274.6589 13.11415689151204
ONEWEB-0543             
1 55143U 23004D   26056.24599716  .00000114  00000+0  25582-3 0  9999
2 55143  87.9220 357.7083 0001616  86.9062 273.2255 13.18686056154949
ONEWEB-0544             
1 55144U 23004E   26056.23939780 -.00000007  00000+0 -49639-4 0  9991
2 55144  87.9233 357.7054 0001960  87.0698 273.0658 13.18686551154946
ONEWEB-0560             
1 55145U 23004F   26056.23279840  .00000856  00000+0  21384-2 0  9991
2 55145  87.9236 357.6957 0002149  87.7876 272.3503 13.18681375154957
ONEWEB-0565             
1 55146U 23004G   26056.22619804  .00000053  00000+0  10243-3 0  9991
2 55146  87.9222 357.7364 0002309  84.4888 275.6508 13.18685204154946
ONEWEB-0567             
1 55147U 23004H   26056.29547805  .00000139  00000+0  31878-3 0  9992
2 55147  87.9232 357.6961 0002184  86.9805 273.1577 13.18685528154956
ONEWEB-0569             
1 55148U 23004J   26056.25559744  .00000254  00000+0  66181-3 0  9997
2 55148  87.9049 342.4693 0002196 103.7239 256.4135 13.13468939155482
ONEWEB-0570             
1 55149U 23004K   26056.28558004  .00000075  00000+0  15645-3 0  9999
2 55149  87.9233 357.6962 0002249  72.9003 287.2375 13.18686217154944
ONEWEB-0571             
1 55150U 23004L   26056.27898357  .00000060  00000+0  11949-3 0  9995
2 55150  87.9230 357.6964 0002921  95.0770 265.0696 13.18685070154956
ONEWEB-0572             
1 55151U 23004M   26056.28567651  .00000085  00000+0  18538-3 0  9995
2 55151  87.9125  28.0905 0002103  84.7747 275.3624 13.17648453152748
ONEWEB-0573             
1 55152U 23004N   26056.27238965  .00000062  00000+0  12487-3 0  9990
2 55152  87.9228 357.6999 0002643  81.2474 278.8957 13.18685756154944
ONEWEB-0588             
1 55153U 23004P   26056.26577009 -.00001222  00000+0 -31330-2 0  9993
2 55153  87.9231 357.7015 0002320  74.7575 285.3813 13.18689451154940
ONEWEB-0598             
1 55154U 23004Q   26055.69881064 -.00000170  00000+0 -51561-3 0  9999
2 55154  87.8839  43.4433 0002218 100.2992 259.8386 13.11417904151157
ONEWEB-0599             
1 55155U 23004R   26056.17092067 -.00001112  00000+0 -28971-2 0  9996
2 55155  87.9122  28.1123 0001824  89.8228 270.3112 13.17654223152739
ONEWEB-0614             
1 55156U 23004S   26055.92260992 -.00000467  00000+0 -13543-2 0  9994
2 55156  87.8838  43.4072 0001987  75.8910 284.2438 13.11417530151128
ONEWEB-0616             
1 55157U 23004T   26056.28905784  .00000071  00000+0  14880-3 0  9995
2 55157  87.9136  28.0879 0001295 112.3345 247.7924 13.17648387152965
ONEWEB-0617             
1 55158U 23004U   26055.52925440 -.00000471  00000+0 -13636-2 0  9996
2 55158  87.8843  43.4684 0002174  80.6902 279.4471 13.11415038151099
ONEWEB-0618             
1 55159U 23004V   26056.18571747  .00004791  00000+0  27857-3 0  9995
2 55159  86.9059 223.0499 0012344   0.2481 359.8762 15.11775122165332
ONEWEB-0619             
1 55160U 23004W   26056.16924981  .00000052  00000+0  10181-3 0  9995
2 55160  87.9135  28.0850 0001572  72.8887 287.2417 13.17648120152844
ONEWEB-0620             
1 55161U 23004X   26055.67676999 -.00000539  00000+0 -15566-2 0  9997
2 55161  87.8835  43.4559 0002162  87.9134 272.2242 13.11416026151083
ONEWEB-0621             
1 55162U 23004Y   26055.93280597  .00000116  00000+0  29158-3 0  9994
2 55162  87.8847  43.3829 0001848  77.9679 282.1656 13.11417869151095
ONEWEB-0622             
1 55163U 23004Z   26055.93789234  .00000422  00000+0  11543-2 0  9995
2 55163  87.8840  43.3850 0002423  71.9488 288.1904 13.11417750151085
ONEWEB-0623             
1 55164U 23004AA  26056.16418877  .00000019  00000+0  15242-4 0  9998
2 55164  87.9123  28.1290 0002036  61.2755 298.8581 13.17648302152837
ONEWEB-0624             
1 55165U 23004AB  26056.24367123  .00000384  00000+0  10237-2 0  9997
2 55165  87.8975  12.8233 0001941  73.5709 286.5633 13.12923184153380
ONEWEB-0625             
1 55166U 23004AC  26055.85032114  .00000080  00000+0  17185-3 0  9996
2 55166  87.9124  28.1851 0001713  86.0694 274.0634 13.17648826152781
ONEWEB-0626             
1 55167U 23004AD  26056.29581196  .00000041  00000+0  71419-4 0  9993
2 55167  87.9122  28.0974 0002288  92.5162 267.6232 13.17647538152843
ONEWEB-0627             
1 55168U 23004AE  26056.28401045  .00000066  00000+0  13590-3 0  9999
2 55168  87.9122  28.0993 0001962  67.2496 292.8843 13.17648494152842
ONEWEB-0628             
1 55169U 23004AF  26056.26015375  .00000191  00000+0  49610-3 0  9996
2 55169  87.8985  12.8656 0001843  57.6433 302.4874 13.12442383153351
ONEWEB-0629             
1 55170U 23004AG  26055.34828156  .00000070  00000+0  14723-3 0  9998
2 55170  87.9116  28.2826 0001614  76.7918 283.3394 13.17649321152726
ONEWEB-0631             
1 55171U 23004AH  26056.25919393  .00000069  00000+0  14226-3 0  9990
2 55171  87.9238 357.6586 0002469  79.5167 280.6243 13.18685564154927
ONEWEB-0709             
1 55172U 23004AJ  26055.97179131 -.00000247  00000+0 -73407-3 0  9993
2 55172  87.8839  43.4006 0002528 101.6166 258.5246 13.11414523151161
ONEWEB-0710             
1 55173U 23004AK  26056.27386242 -.00000070  00000+0 -21232-3 0  9994
2 55173  87.9126  28.0935 0001970  78.3358 281.7995 13.17648640152845
ONEWEB-0711             
1 55174U 23004AL  26055.94298049  .00000459  00000+0  12600-2 0  9992
2 55174  87.8846  43.3864 0002195  66.0581 294.0777 13.11416480151121
ONEWEB-0713             
1 55175U 23004AM  26055.96162431  .00000330  00000+0  89634-3 0  9990
2 55175  87.8842  43.3831 0002039  75.3678 284.7676 13.11413881151114
ONEWEB-0715             
1 55176U 23004AN  26055.95654152  .00000411  00000+0  11231-2 0  9993
2 55176  87.8845  43.3844 0002573  91.3726 268.7697 13.11415213151157
ONEWEB-0716             
1 55177U 23004AP  26055.35589000  .00000058  00000+0  11520-3 0  9996
2 55177  87.9122  28.2763 0001685  87.6347 272.4978 13.17647814152727
ONEWEB-0717             
1 55178U 23004AQ  26055.64275491  .00000060  00000+0  12102-3 0  9995
2 55178  87.9132  28.1972 0002355  68.6694 291.4689 13.17647811152816
ONEWEB-0719             
1 55179U 23004AR  26055.65288449  .00000044  00000+0  79250-4 0  9994
2 55179  87.9132  28.1768 0001687  82.5974 277.5349 13.17650241152766
ONEWEB-0530             
1 55796U 23029A   26056.19766924  .00000023  00000+0  23633-4 0  9996
2 55796  87.9183 296.8373 0001861  63.2255 296.9068 13.20771514146368
ONEWEB-0534             
1 55797U 23029B   26056.18504505 -.00000050  00000+0 -15564-3 0  9996
2 55797  87.9182 296.8390 0001618  83.2525 276.8793 13.20771031146365
ONEWEB-0556             
1 55798U 23029C   26056.19135633 -.00000019  00000+0 -78053-4 0  9998
2 55798  87.9179 296.8404 0000745  70.2488 289.8726 13.20770618146362
ONEWEB-0562             
1 55799U 23029D   26056.17873084  .00000055  00000+0  10218-3 0  9992
2 55799  87.9181 296.8225 0001477  49.1293 310.9968 13.20771455146363
ONEWEB-0563             
1 55800U 23029E   26056.17241652  .00000096  00000+0  20390-3 0  9992
2 55800  87.9182 296.8544 0001453  87.2823 272.8477 13.20771556146359
ONEWEB-0564             
1 55801U 23029F   26056.16610618  .00000068  00000+0  13573-3 0  9998
2 55801  87.9182 296.8279 0001603  67.7827 292.3477 13.20771599146364
ONEWEB-0638             
1 55802U 23029G   26056.27157480 -.00000289  00000+0 -81287-3 0  9998
2 55802  87.8998 312.0865 0001201  64.4203 295.7051 13.14503603144698
ONEWEB-0639             
1 55803U 23029H   26056.27795641  .00000075  00000+0  15554-3 0  9991
2 55803  87.9240 327.2669 0001809 114.6551 245.4771 13.19726459144140
ONEWEB-0640             
1 55804U 23029J   26056.20495107 -.00000078  00000+0 -24478-3 0  9999
2 55804  87.8999 312.0901 0000927  83.0461 277.0774 13.14501128144706
ONEWEB-0641             
1 55805U 23029K   26056.27321711 -.00000005  00000+0 -45662-4 0  9995
2 55805  87.9247 327.2538 0001764  85.1084 275.0250 13.19725492144155
ONEWEB-0642             
1 55806U 23029L   26056.26848141  .00000031  00000+0  45770-4 0  9993
2 55806  87.9240 327.2703 0001981 103.7426 256.3927 13.19725642144140
ONEWEB-0643             
1 55807U 23029M   26056.25094951  .00000135  00000+0  33018-3 0  9991
2 55807  87.9001 312.0682 0002069  97.8287 262.3078 13.14501513144687
ONEWEB-0644             
1 55808U 23029N   26056.26374822  .00000023  00000+0  25917-4 0  9997
2 55808  87.9233 327.2786 0001852  90.7594 269.3751 13.19725690144145
ONEWEB-0645             
1 55809U 23029P   26056.28584179  .00000067  00000+0  13426-3 0  9997
2 55809  87.9236 327.2660 0001373  93.6571 266.4719 13.19723768144141
ONEWEB-0646             
1 55810U 23029Q   26056.22740935  .00000127  00000+0  28465-3 0  9993
2 55810  87.9242 327.2770 0001791  88.2234 271.9104 13.19726364144124
ONEWEB-0648             
1 55811U 23029R   26056.21922769 -.00000108  00000+0 -32681-3 0  9996
2 55811  87.9004 312.0385 0001452 115.9467 244.1813 13.14502188144686
ONEWEB-0649             
1 55812U 23029S   26056.25265770 -.00005078  00000+0 -12722-1 0  9996
2 55812  87.9231 327.2708 0001429  86.3532 273.7765 13.19735250144164
ONEWEB-0650             
1 55813U 23029T   26056.24794562  .00000137  00000+0  30987-3 0  9996
2 55813  87.9240 327.2732 0001743  95.1313 265.0019 13.19726140144137
ONEWEB-0652             
1 55814U 23029U   26056.20020007 -.00000358  00000+0 -99922-3 0  9990
2 55814  87.8999 312.0585 0001701  74.4472 285.6846 13.14502222144657
ONEWEB-0653             
1 55815U 23029V   26056.26046000 -.00000039  00000+0 -13872-3 0  9994
2 55815  87.9001 312.0369 0001547  73.9647 286.1653 13.14501339144693
ONEWEB-0654             
1 55816U 23029W   26056.25570454 -.00000026  00000+0 -10353-3 0  9996
2 55816  87.9001 312.0376 0001770  68.1565 291.9752 13.14501494144714
ONEWEB-0656             
1 55817U 23029X   26056.15979414  .00000090  00000+0  18904-3 0  9994
2 55817  87.9192 296.7938 0001754  68.0083 292.1237 13.20771196146363
ONEWEB-0657             
1 55818U 23029Y   26056.24321327  .00000124  00000+0  27714-3 0  9996
2 55818  87.9242 327.2728 0002405  72.4941 287.6455 13.19724524144149
ONEWEB-0658             
1 55819U 23029Z   26056.23847215  .00000153  00000+0  35102-3 0  9997
2 55819  87.9252 327.2394 0001865  92.9665 267.1682 13.19724951144159
ONEWEB-0660             
1 55820U 23029AA  26056.23351479  .00000288  00000+0  74212-3 0  9995
2 55820  87.9008 312.0275 0001381  85.8317 274.2971 13.14502526144694
ONEWEB-0661             
1 55821U 23029AB  26056.19227317 -.00000165  00000+0 -47893-3 0  9995
2 55821  87.8997 312.0931 0001350  81.3624 278.7659 13.14502084144677
ONEWEB-0662             
1 55822U 23029AC  26056.22716604  .00000209  00000+0  52836-3 0  9992
2 55822  87.8999 312.0934 0001390  86.6460 273.4828 13.14502289144726
ONEWEB-0663             
1 55823U 23029AD  26056.20175768 -.00000019  00000+0 -78835-4 0  9990
2 55823  87.9199 296.8578 0001477  97.4512 262.6789 13.20861746146368
ONEWEB-0664             
1 55824U 23029AE  26056.22293451  .00000362  00000+0  85836-3 0  9990
2 55824  87.9181 296.8476 0001181  75.1546 284.9718 13.20772987146366
ONEWEB-0665             
1 55825U 23029AF  26056.26522023 -.00000233  00000+0 -66288-3 0  9994
2 55825  87.9001 312.0586 0001432  88.3304 271.7990 13.14501887144702
ONEWEB-0666             
1 55826U 23029AG  26056.21661401  .00000079  00000+0  16283-3 0  9990
2 55826  87.9180 296.8389 0002273  73.2580 286.8803 13.20771532146372
ONEWEB-0667             
1 55827U 23029AH  26056.21029883  .00000061  00000+0  11784-3 0  9995
2 55827  87.9190 296.7798 0001484  85.4861 274.6442 13.20770968146362
ONEWEB-0669             
1 55828U 23029AJ  26056.20556202  .00000052  00000+0  94849-4 0  9999
2 55828  87.9177 296.8067 0001607  60.2809 299.8485 13.20771075146364
ONEWEB-0670             
1 55829U 23029AK  26056.24302134  .00000252  00000+0  64468-3 0  9992
2 55829  87.9000 312.0821 0001262  76.1702 283.9568 13.14501599144723
ONEWEB-0671             
1 55830U 23029AL  26056.23373214  .00000074  00000+0  15230-3 0  9995
2 55830  87.9242 327.2755 0001555  81.9940 278.1369 13.19725136144130
ONEWEB-0672             
1 55831U 23029AM  26056.20082929  .00000023  00000+0  24724-4 0  9996
2 55831  87.9190 296.7928 0001808  74.4745 285.6588 13.20771653146366
ONEWEB-0673             
1 55832U 23029AN  26056.28664239  .00000108  00000+0  23777-3 0  9995
2 55832  87.9247 327.2503 0001588  79.5416 280.5896 13.19726537144144
ONEWEB-0674             
1 55833U 23029AP  26056.21129412 -.00000300  00000+0 -84480-3 0  9992
2 55833  87.8999 312.0652 0001283  72.0602 288.0668 13.14502952144702
ONEWEB-0675             
1 55834U 23029AQ  26056.22583526  .00000091  00000+0  19383-3 0  9999
2 55834  87.9237 327.2797 0002023  79.7098 280.4263 13.19725166144158
ONEWEB-0720             
1 55835U 23029AR  26056.29375888  .00000044  00000+0  77869-4 0  9999
2 55835  87.9240 327.2661 0001629  91.2859 268.8460 13.19724892144084
ONEWEB-0537             
1 56046U 23043A   26056.09906875  .00000012  00000+0 -14772-5 0  9995
2 56046  87.8997 251.0746 0001781  88.3144 271.8191 13.16595716144216
ONEWEB-0538             
1 56047U 23043B   26056.09274024 -.00000173  00000+0 -48715-3 0  9991
2 56047  87.8995 251.0780 0001884  97.1182 263.0163 13.16594149144229
ONEWEB-0546             
1 56048U 23043C   26056.08007478 -.00000115  00000+0 -33479-3 0  9995
2 56048  87.9002 251.0779 0002076  77.8868 282.2496 13.16593864144212
ONEWEB-0547             
1 56049U 23043D   26056.14250627  .00000055  00000+0  10151-3 0  9992
2 56049  87.9167 266.3190 0001677  93.6134 266.5191 13.21828087143422
ONEWEB-0548             
1 56050U 23043E   26056.10460662 -.00000079  00000+0 -24079-3 0  9994
2 56050  87.8997 251.0731 0001183  85.1764 274.9502 13.16591527144210
ONEWEB-0549             
1 56051U 23043F   26056.05943099  .00000188  00000+0  42367-3 0  9998
2 56051  87.9163 266.3482 0001787  96.2566 263.8772 13.21824905143414
ONEWEB-0550             
1 56052U 23043G   26056.12193657  .00000044  00000+0  75459-4 0  9994
2 56052  87.9167 266.3311 0001517  86.2886 273.8421 13.21827627143422
ONEWEB-0551             
1 56053U 23043H   26056.12278651  .00000065  00000+0  13900-3 0  9998
2 56053  87.8946 281.6065 0001800  95.7207 264.4129 13.15547007141669
ONEWEB-0552             
1 56054U 23043J   26056.11701867  .00000013  00000+0  88005-6 0  9992
2 56054  87.9169 266.3405 0001479  97.6613 262.4689 13.21824710143421
ONEWEB-0553             
1 56055U 23043K   26056.01040481 -.00000026  00000+0 -10176-3 0  9997
2 56055  87.8998 251.0948 0001729  79.9509 280.1816 13.16592409144217
ONEWEB-0554             
1 56056U 23043L   26056.07373395 -.00000091  00000+0 -27166-3 0  9996
2 56056  87.8999 251.0927 0001299  86.2360 273.8920 13.16593869144209
ONEWEB-0555             
1 56057U 23043M   26056.03574157 -.00000108  00000+0 -31529-3 0  9999
2 56057  87.8996 251.0851 0001874  76.5568 283.5771 13.16594218144205
ONEWEB-0557             
1 56058U 23043N   26056.04998541 -.00000078  00000+0 -23753-3 0  9994
2 56058  87.8993 251.0937 0001403  42.7267 317.3973 13.16593943144201
ONEWEB-0558             
1 56059U 23043P   26056.11043432  .00000000  00000+0 -32596-4 0  9993
2 56059  87.9168 266.3341 0002000 101.4535 258.6824 13.21824977143436
ONEWEB-0559             
1 56060U 23043Q   26056.09890693  .00000052  00000+0  93949-4 0  9996
2 56060  87.9164 266.3300 0001581 100.4716 259.6596 13.21827266143444
ONEWEB-0566             
1 56061U 23043R   26056.09233611  .00000058  00000+0  10951-3 0  9995
2 56061  87.9166 266.3308 0001751 100.7106 259.4226 13.21825931143423
ONEWEB-0568             
1 56062U 23043S   26056.06740529 -.00000108  00000+0 -31639-3 0  9998
2 56062  87.9000 251.0802 0001727  84.4688 275.6640 13.16594088144226
ONEWEB-0574             
1 56063U 23043T   26056.01005333  .00000099  00000+0  20914-3 0  9992
2 56063  87.9178 266.3385 0001501  84.7167 275.4138 13.21824100143454
ONEWEB-0575             
1 56064U 23043U   26056.06106953 -.00000032  00000+0 -11683-3 0  9990
2 56064  87.8995 251.0793 0001381  76.5652 283.5633 13.16594544144214
ONEWEB-0576             
1 56065U 23043V   26056.04207194 -.00000181  00000+0 -50729-3 0  9997
2 56065  87.9001 251.0866 0001483  84.1639 275.9661 13.16593923144203
ONEWEB-0577             
1 56066U 23043W   26056.04840478 -.00000161  00000+0 -45367-3 0  9996
2 56066  87.8994 251.0842 0001056  67.6679 292.4563 13.16593813144230
ONEWEB-0578             
1 56067U 23043X   26056.07258042  .00000173  00000+0  38774-3 0  9995
2 56067  87.9165 266.3338 0001802  82.0753 278.0586 13.21826506143423
ONEWEB-0579             
1 56068U 23043Y   26056.13840834  .00000119  00000+0  25556-3 0  9993
2 56068  87.9175 266.3101 0001525  98.8220 261.3086 13.21826183143442
ONEWEB-0581             
1 56069U 23043Z   26056.05474634 -.00000036  00000+0 -12658-3 0  9995
2 56069  87.8995 251.0946 0001116  77.3124 282.8132 13.16594538144206
ONEWEB-0609             
1 56070U 23043AA  26056.15130302 -.00000029  00000+0 -11005-3 0  9996
2 56070  87.8952 281.5887 0001630  87.7353 272.3964 13.15548044141702
ONEWEB-0613             
1 56071U 23043AB  26056.14654994 -.00000066  00000+0 -20890-3 0  9997
2 56071  87.8950 281.6004 0001547  95.6261 264.5045 13.15548276141706
ONEWEB-0630             
1 56072U 23043AC  26056.14180003  .00000212  00000+0  52842-3 0  9996
2 56072  87.8947 281.5714 0001538  95.6310 264.4995 13.15547146141691
ONEWEB-0632             
1 56073U 23043AD  26056.13704207 -.00000106  00000+0 -31531-3 0  9990
2 56073  87.8954 281.5893 0001397  86.3945 273.7345 13.15547048141695
ONEWEB-0633             
1 56074U 23043AE  26056.13070303 -.00000148  00000+0 -42621-3 0  9992
2 56074  87.8961 281.5572 0001727 100.8443 259.2882 13.15548363141674
ONEWEB-0634             
1 56075U 23043AF  26056.11644100 -.00000274  00000+0 -76123-3 0  9997
2 56075  87.8946 281.6106 0001956  86.9188 273.2166 13.15547076141666
ONEWEB-0635             
1 56076U 23043AG  26056.18774210 -.00000111  00000+0 -32988-3 0  9992
2 56076  87.8952 281.5496 0001329  79.7996 280.3284 13.15546410141702
ONEWEB-0636             
1 56077U 23043AH  26056.17982149  .00000007  00000+0 -16021-4 0  9998
2 56077  87.8949 281.5657 0001413  80.1047 280.0242 13.15546956141688
ONEWEB-0637             
1 56078U 23043AJ  26056.17349556 -.00000125  00000+0 -36681-3 0  9993
2 56078  87.8952 281.5843 0001678  73.8617 286.2698 13.15548157141706
ONEWEB-0647             
1 56079U 23043AK  26056.16873083 -.00000120  00000+0 -35292-3 0  9992
2 56079  87.8951 281.5982 0001388  86.9495 273.1794 13.15548291141696
ONEWEB-0651             
1 56080U 23043AL  26056.16398006  .00000149  00000+0  36231-3 0  9994
2 56080  87.8951 281.5937 0001452  74.8842 285.2449 13.15547155142894
ONEWEB-0718             
1 56081U 23043AM  26056.15923106  .00000168  00000+0  41342-3 0  9999
2 56081  87.8954 281.5749 0002060  85.6865 274.4501 13.15547424141707
ONEWEB-0561             
1 56710U 23068A   26056.15348063  .00000107  00000+0  23137-3 0  9993
2 56710  87.9184 296.8115 0001192  78.5485 281.5783 13.20772465134717
ONEWEB-0668             
1 56711U 23068B   26055.95341362 -.00000206  00000+0 -57313-3 0  9991
2 56711  87.9010 251.0954 0002022  83.1831 276.9530 13.16594165137018
ONEWEB-0676             
1 56712U 23068C   26056.03733108  .00000048  00000+0  91129-4 0  9991
2 56712  87.8994 251.0929 0001333  85.6680 274.4603 13.16593102136949
ONEWEB-0677             
1 56713U 23068D   26056.21818868  .00000094  00000+0  19938-3 0  9997
2 56713  87.9188 296.7902 0001643  76.0249 284.1067 13.20772356135027
ONEWEB-0678             
1 56714U 23068E   26056.12753139 -.00000172  00000+0 -49082-3 0  9999
2 56714  87.8963 281.5623 0001375  96.4147 263.7140 13.15548465134553
ONEWEB-0679             
1 56715U 23068F   26056.07215837 -.00000056  00000+0 -17964-3 0  9997
2 56715  87.9009 251.0707 0001684  72.6336 287.4979 13.16594492136973
ONEWEB-0680             
1 56716U 23068G   26056.14169660  .00000165  00000+0  36914-3 0  9993
2 56716  87.9178 266.3100 0002012  75.8926 284.2432 13.21823348136298
ONEWEB-0681             
1 56717U 23068H   26056.12112232  .00000035  00000+0  52957-4 0  9997
2 56717  87.9167 266.3241 0000835  56.5423 303.5791 13.21824571136283
ONEWEB-0682             
1 56718U 23068J   26056.15368444  .00000127  00000+0  30300-3 0  9998
2 56718  87.8955 281.5643 0002025  70.8298 289.3051 13.15547185134728
ONEWEB-0683             
1 56719U 23068K   26056.17506971  .00000060  00000+0  12568-3 0  9992
2 56719  87.8961 281.5525 0001824  80.8488 279.2849 13.15547104134693
ONEWEB-0684             
1 56720U 23068L   26056.18299130 -.00000248  00000+0 -69229-3 0  9997
2 56720  87.8957 281.5437 0002096 127.1082 233.0240 13.15548494134527
ONEWEB-0686             
1 56721U 23068M   26056.10859428 -.00000080  00000+0 -24193-3 0  9997
2 56721  87.8986 251.1040 0001947  96.2674 263.8679 13.16592309136962
ONEWEB-0694             
1 56722U 23068N   26055.96291427  .00000035  00000+0  58617-4 0  9997
2 56722  87.9006 251.0761 0001988  83.6373 276.4985 13.16592342137000
ONEWEB-0696             
1 56723U 23068P   26056.14021918  .00000238  00000+0  59848-3 0  9996
2 56723  87.8946 281.5989 0001485 104.0437 256.0859 13.15548575134632
ONEWEB-0703             
1 56724U 23068Q   26056.14971439 -.00000086  00000+0 -26372-3 0  9998
2 56724  87.8948 281.5779 0000869 122.6156 237.5058 13.15548316134527
ONEWEB-0721             
1 56725U 23068R   26056.16399732  .00000046  00000+0  75389-4 0  9998
2 56725  86.6785 121.2834 0001893 103.9910 256.1434 13.22460859143139
ONEWEB-0015             
1 61594U 24188A   26055.92432271 -.00000179  00000+0 -54065-3 0  9997
2 61594  87.8837  43.4220 0001715  66.9369 293.1939 13.11417954 69744
ONEWEB-0687             
1 61595U 24188B   26055.92118754  .00000044  00000+0  80500-4 0  9998
2 61595  87.9112  28.1822 0002209  70.6568 289.4802 13.17649381 71110
ONEWEB-0688             
1 61596U 24188C   26055.87394134  .00000060  00000+0  12117-3 0  9997
2 61596  87.9116  28.1908 0001882  42.9189 317.2089 13.17648951 71105
ONEWEB-0689             
1 61597U 24188D   26055.95823336  .00000324  00000+0  87725-3 0  9998
2 61597  87.8850  43.3537 0002208  83.0765 277.0614 13.11415021 69744
ONEWEB-0690             
1 61598U 24188E   26055.96840256  .00000069  00000+0  15967-3 0  9995
2 61598  87.8849  43.3722 0001368 104.1196 256.0084 13.11413893 69921
ONEWEB-0691             
1 61599U 24188F   26055.88701844  .00000072  00000+0  16800-3 0  9997
2 61599  87.8854  43.2881 0001843  72.9488 287.1842 13.11414354 69769
ONEWEB-0692             
1 61600U 24188G   26055.90735718 -.00000577  00000+0 -16645-2 0  9998
2 61600  87.8835  43.4188 0002614  99.8466 260.2957 13.11415611 69759
ONEWEB-0693             
1 61601U 24188H   26055.65794300  .00000046  00000+0  84918-4 0  9992
2 61601  87.9111  28.2553 0001079  95.0049 265.1206 13.17650044 71069
ONEWEB-0695             
1 61602U 24188J   26055.50216365  .00000346  00000+0  93938-3 0  9991
2 61602  87.8838  43.4903 0002409  88.4235 271.7169 13.11414966 69696
ONEWEB-0697             
1 61603U 24188K   26055.91583703 -.00000537  00000+0 -15501-2 0  9993
2 61603  87.8838  43.3971 0002496  99.3966 260.7444 13.11416997 69734
ONEWEB-0698             
1 61604U 24188L   26055.51231485 -.00000198  00000+0 -59552-3 0  9995
2 61604  87.8835  43.4932 0002138 120.3080 239.8260 13.11414279 69706
ONEWEB-0699             
1 61605U 24188M   26056.04634855 -.00000111  00000+0 -35342-3 0  9999
2 61605  87.8771  58.5986 0002361 101.5667 258.5726 13.10375556 68620
ONEWEB-0700             
1 61606U 24188N   26056.04800580  .00000029  00000+0  47535-4 0  9994
2 61606  87.8783  58.4910 0002591  93.1952 266.9472 13.10375489 68613
ONEWEB-0701             
1 61607U 24188P   26056.06461746  .00000601  00000+0  16843-2 0  9996
2 61607  87.8766  58.5942 0002515 103.9219 256.2188 13.10372082 68626
ONEWEB-0702             
1 61608U 24188Q   26055.93959017  .00000473  00000+0  12993-2 0  9994
2 61608  87.8853  43.2938 0002797  96.9586 263.1860 13.11417704 69773
ONEWEB-0704             
1 61609U 24188R   26055.97664753  .00000172  00000+0  45552-3 0  9993
2 61609  87.8782  58.5866 0002832  96.5796 263.5653 13.10375929 68597
ONEWEB-0705             
1 61610U 24188S   26055.98162268  .00000479  00000+0  13371-2 0  9993
2 61610  87.8768  58.6000 0002865  75.4069 284.7376 13.10374468 60764
ONEWEB-0706             
1 61611U 24188T   26055.96666794 -.00000178  00000+0 -54506-3 0  9999
2 61611  87.8764  58.6168 0002511  89.9912 270.1503 13.10375084 68686
ONEWEB-0707             
1 61612U 24188U   26056.27873979  .00000001  00000+0 -33042-4 0  9997
2 61612  87.8772  58.5397 0002477  90.8709 269.2703 13.10376307 68663
ONEWEB-0708             
1 61613U 24188V   26056.06794191  .00000564  00000+0  15799-2 0  9993
2 61613  87.8756  58.6108 0002143  74.2045 285.9318 13.10372569 68614
