ONEWEB-0012             
1 44057U 19010A   26241.43823503  .00000069  00000+0  14596-3 0  9996
2 44057  87.9105 214.2331 0002256  96.8094 263.3294 13.16596478361200
ONEWEB-0010             
1 44058U 19010B   26241.46358473  .00000052  00000+0  10264-3 0  9999
2 44058  87.9114 214.2267 0002184  76.7108 283.4266 13.16595824361253
ONEWEB-0008             
1 44059U 19010C   26241.48891319  .00002000  00000+0  51967-2 0  9992
2 44059  87.9114 214.2164 0002164  88.9924 271.1454 13.16583743361372
ONEWEB-0007             
1 44060U 19010D   26241.43011955 -.00000273  00000+0 -75953-3 0  9993
2 44060  87.8957 244.6163 0002394  89.6304 270.5101 13.15547421361003
ONEWEB-0006             
1 44061U 19010E   26241.43409476 -.00000081  00000+0 -24915-3 0  9992
2 44061  87.8968 244.5876 0001971  85.7537 274.3819 13.15549290361050
ONEWEB-0011             
1 44062U 19010F   26241.47846657  .00000044  00000+0  83145-4 0  9991
2 44062  87.8971 244.5893 0001891  84.6835 275.4511 13.15549065361055
ONEWEB-0013             
1 45131U 20008A   26241.44792024 -.00000087  00000+0 -28792-3 0  9998
2 45131  87.8514  38.0294 0002272 120.2172 239.9180 13.09456637315659
ONEWEB-0017             
1 45132U 20008B   26241.37933036  .00000654  00000+0  18383-2 0  9993
2 45132  87.8878  21.6874 0001603  90.5829 269.5482 13.10375477317537
ONEWEB-0020             
1 45133U 20008C   26241.42511091 -.00000518  00000+0 -15197-2 0  9994
2 45133  87.8878  21.6800 0001827  98.7742 261.3592 13.10373318317937
ONEWEB-0021             
1 45134U 20008D   26241.44040505  .00000058  00000+0  12944-3 0  9999
2 45134  87.8868  21.6877 0001836  95.9069 264.2268 13.10375715318242
ONEWEB-0023             
1 45136U 20008F   26241.45145117  .00000478  00000+0  13318-2 0  9998
2 45136  87.8875  21.6716 0001598 102.1234 258.0072 13.10374420317676
ONEWEB-0024             
1 45137U 20008G   26241.42356543 -.00000645  00000+0 -18843-2 0  9999
2 45137  87.8881  21.6744 0001745  94.9761 265.1565 13.10373629317836
ONEWEB-0025             
1 45138U 20008H   26241.42327664 -.00000680  00000+0 -19857-2 0  9997
2 45138  87.8879  21.6640 0001247  93.2751 266.8519 13.10373312318160
ONEWEB-0026             
1 45139U 20008J   26241.40360124  .00000303  00000+0  82046-3 0  9995
2 45139  87.8954   6.5024 0001737  93.0405 267.0921 13.11418823320702
ONEWEB-0028             
1 45140U 20008K   26241.37788049 -.00000471  00000+0 -13650-2 0  9995
2 45140  87.8943   6.5120 0002081 113.6352 246.4994 13.11417117318211
ONEWEB-0032             
1 45141U 20008L   26241.38116128  .00000676  00000+0  18998-2 0  9995
2 45141  87.8871  21.6892 0001849 112.4408 247.6915 13.10373744317880
ONEWEB-0033             
1 45142U 20008M   26241.43190280 -.00000278  00000+0 -83323-3 0  9998
2 45142  87.8875  21.6833 0001895  78.6638 281.4703 13.10376333317809
ONEWEB-0035             
1 45143U 20008N   26241.45243488  .00000529  00000+0  14803-2 0  9993
2 45143  87.8871  21.6736 0001799  94.3550 265.7783 13.10374536317535
ONEWEB-0036             
1 45144U 20008P   26241.43006780 -.00007305  00000+0 -20968-1 0  9993
2 45144  87.8877  21.7009 0002465 101.7767 258.3637 13.10411047317951
ONEWEB-0038             
1 45145U 20008Q   26241.33748837  .00000558  00000+0  15384-2 0  9997
2 45145  87.8967   6.5345 0003425  89.9073 270.2447 13.11416401319910
ONEWEB-0039             
1 45146U 20008R   26241.43530980 -.00000185  00000+0 -56661-3 0  9999
2 45146  87.8877  21.6759 0002046 109.2715 250.8633 13.10375752317758
ONEWEB-0040             
1 45147U 20008S   26241.42851492 -.00000482  00000+0 -14157-2 0  9996
2 45147  87.8869  21.6850 0001543 102.9136 257.2163 13.10375399317453
ONEWEB-0043             
1 45149U 20008U   26241.43035649 -.00000064  00000+0 -22082-3 0  9990
2 45149  87.8879  21.6785 0002106 117.5148 242.6193 13.10373047317778
ONEWEB-0044             
1 45150U 20008V   26241.45908003  .00000556  00000+0  15553-2 0  9995
2 45150  87.8871  21.6742 0001741 101.3600 258.7723 13.10371863318078
ONEWEB-0045             
1 45151U 20008W   26241.40855470  .00000551  00000+0  15190-2 0  9992
2 45151  87.8953   6.4981 0001901 101.1262 259.0079 13.11417289320004
ONEWEB-0047             
1 45152U 20008X   26241.45214823  .00000651  00000+0  18271-2 0  9993
2 45152  87.8880  21.6757 0001896  90.7091 269.4254 13.10374733317797
ONEWEB-0048             
1 45153U 20008Y   26241.44718957  .00000339  00000+0  93409-3 0  9990
2 45153  87.8872  21.6919 0002015  99.6875 260.4480 13.10376330317406
ONEWEB-0049             
1 45154U 20008Z   26241.45044990  .00000497  00000+0  13860-2 0  9998
2 45154  87.8872  21.6795 0001430 105.6210 254.5075 13.10374670317623
ONEWEB-0051             
1 45155U 20008AA  26241.40686909  .00000434  00000+0  11876-2 0  9992
2 45155  87.8953   6.5025 0001801  99.5389 260.5942 13.11418346320682
ONEWEB-0052             
1 45156U 20008AB  26241.47110020  .00000340  00000+0  93663-3 0  9997
2 45156  87.8872  21.6659 0001527 106.1915 253.9381 13.10369123317539
ONEWEB-0053             
1 45157U 20008AC  26241.42680698 -.00000499  00000+0 -14660-2 0  9992
2 45157  87.8871  21.6916 0001815 111.7569 248.3752 13.10373592317504
ONEWEB-0054             
1 45158U 20008AD  26241.46247627  .00000564  00000+0  15780-2 0  9993
2 45158  87.8873  21.6726 0001681  97.3456 262.7862 13.10370173317628
ONEWEB-0056             
1 45159U 20008AE  26241.43346848 -.00000402  00000+0 -11891-2 0  9998
2 45159  87.8879  21.6729 0001448  94.5026 265.6266 13.10374664317776
ONEWEB-0057             
1 45160U 20008AF  26241.45073718  .00000527  00000+0  14720-2 0  9995
2 45160  87.8880  21.6803 0001691 113.7021 246.4284 13.10374779317945
ONEWEB-0058             
1 45161U 20008AG  26241.43714446 -.00000055  00000+0 -19442-3 0  9999
2 45161  87.8868  21.6833 0001920  90.6584 269.4763 13.10375212318016
ONEWEB-0059             
1 45162U 20008AH  26241.43375572 -.00000167  00000+0 -51320-3 0  9998
2 45162  87.8873  21.6853 0001849 109.3832 250.7495 13.10376976317910
ONEWEB-0062             
1 45163U 20008AJ  26241.45723713  .00000637  00000+0  17884-2 0  9991
2 45163  87.8876  21.6728 0001835  86.9637 273.1700 13.10373650317782
ONEWEB-0065             
1 45164U 20008AK  26241.41479737 -.00000570  00000+0 -16685-2 0  9998
2 45164  87.8874  21.6888 0001514 105.4247 254.7048 13.10371847317478
ONEWEB-0066             
1 45424U 20020A   26241.39159271 -.00000199  00000+0 -59792-3 0  9990
2 45424  87.8945   6.5063 0001924  98.4902 261.6444 13.11418442312271
ONEWEB-0067             
1 45425U 20020B   26241.42898906  .00000291  00000+0  78627-3 0  9999
2 45425  87.8966   6.4360 0001766 104.2451 255.8873 13.11424880312334
ONEWEB-0080             
1 45426U 20020C   26241.42903473  .00000907  00000+0  25222-2 0  9992
2 45426  87.8959   6.5041 0001884  89.6688 270.4656 13.11423511312302
ONEWEB-0090             
1 45427U 20020D   26241.30526897 -.00000429  00000+0 -12475-2 0  9998
2 45427  87.8962   6.5332 0001776  96.7381 263.3949 13.11417633312257
ONEWEB-0061             
1 45428U 20020E   26241.41350947  .00000591  00000+0  16330-2 0  9994
2 45428  87.8951   6.4932 0001820  98.0490 262.0845 13.11416841312225
ONEWEB-0081             
1 45429U 20020F   26241.39497534 -.00000354  00000+0 -10358-2 0  9999
2 45429  87.8947   6.5056 0001795 104.8086 255.3241 13.11420963312334
ONEWEB-0069             
1 45430U 20020G   26241.39683733  .00000057  00000+0  12437-3 0  9998
2 45430  87.8955   6.5094 0002001 101.0414 259.0939 13.11420393312266
ONEWEB-0031             
1 45431U 20020H   26241.43230198  .00000229  00000+0  60991-3 0  9996
2 45431  87.8941   6.5007 0001807  93.2125 266.9210 13.11414161312254
ONEWEB-0027             
1 45432U 20020J   26241.53941919 -.00000003  00000+0 -39647-4 0  9995
2 45432  87.9205 351.2926 0001565  91.1568 268.9743 13.17651783316018
ONEWEB-0064             
1 45433U 20020K   26241.43059678  .00000177  00000+0  46371-3 0  9998
2 45433  87.8949   6.4967 0001727  93.6129 266.5197 13.11413008312289
ONEWEB-0018             
1 45434U 20020L   26241.38636784 -.00000381  00000+0 -11098-2 0  9998
2 45434  87.8953   6.5057 0002165  97.9070 262.2304 13.11418236312220
ONEWEB-0083             
1 45435U 20020M   26241.37647448 -.00000490  00000+0 -14185-2 0  9998
2 45435  87.8958   6.5054 0001826  96.7077 263.4259 13.11417560312265
ONEWEB-0095             
1 45436U 20020N   26241.36800068 -.00000350  00000+0 -10236-2 0  9995
2 45436  87.8943   6.5120 0001077  99.5570 260.5679 13.11415327312264
ONEWEB-0092             
1 45437U 20020P   26241.39850289 -.00000177  00000+0 -53498-3 0  9994
2 45437  87.8956   6.4999 0002017  97.4207 262.7150 13.11418568312382
ONEWEB-0085             
1 45438U 20020Q   26241.37618747 -.00000547  00000+0 -15802-2 0  9991
2 45438  87.8951   6.5073 0001740  96.9463 263.1863 13.11416913312267
ONEWEB-0096             
1 45439U 20020R   26241.37816597 -.00000488  00000+0 -14135-2 0  9997
2 45439  87.8957   6.5073 0001700 100.5266 259.6054 13.11417563312256
ONEWEB-0037             
1 45440U 20020S   26241.40333617  .00000359  00000+0  97592-3 0  9994
2 45440  87.8964   6.4778 0001627  97.9149 262.2164 13.11418753312292
ONEWEB-0042             
1 45441U 20020T   26241.36771978 -.00000293  00000+0 -86132-3 0  9993
2 45441  87.8953   6.5046 0001803 101.7872 258.3458 13.11415408312255
ONEWEB-0098             
1 45442U 20020U   26241.36362828 -.00000209  00000+0 -62436-3 0  9992
2 45442  87.8949   6.5139 0001787  95.7083 264.4249 13.11415486312231
ONEWEB-0055             
1 45443U 20020V   26241.41859554  .00000539  00000+0  14858-2 0  9994
2 45443  87.8959   6.5037 0001763 101.4529 258.6797 13.11415752312211
ONEWEB-0093             
1 45444U 20020W   26241.41180983  .00000547  00000+0  15065-2 0  9998
2 45444  87.8955   6.5040 0002037 103.1499 256.9856 13.11416830312273
ONEWEB-0029             
1 45445U 20020X   26241.42565076  .00000446  00000+0  12215-2 0  9992
2 45445  87.8949   6.4984 0002007 103.1239 257.0113 13.11414156312257
ONEWEB-0068             
1 45446U 20020Y   26241.39824639  .00000099  00000+0  24485-3 0  9999
2 45446  87.8958   6.5042 0001933 101.7459 258.3885 13.11418892312193
ONEWEB-0046             
1 45447U 20020Z   26241.38989088 -.00001215  00000+0 -34642-2 0  9997
2 45447  87.8946   6.5065 0001839 106.5788 253.5542 13.11424630312205
ONEWEB-0063             
1 45448U 20020AA  26241.34257387  .00000582  00000+0  16056-2 0  9997
2 45448  87.8959   6.5211 0001540 105.6840 254.4458 13.11416025312284
ONEWEB-0019             
1 45449U 20020AB  26241.38128196 -.00000524  00000+0 -15137-2 0  9994
2 45449  87.8951   6.4955 0001826  92.5975 267.5362 13.11417585312136
ONEWEB-0094             
1 45450U 20020AC  26241.55727069  .00000033  00000+0  52854-4 0  9991
2 45450  87.9212 351.2782 0002092  97.5574 262.5795 13.17648479315978
ONEWEB-0087             
1 45451U 20020AD  26241.42877552  .00000319  00000+0  86311-3 0  9992
2 45451  87.8955   6.4827 0002060 102.6761 257.4597 13.11414742312183
ONEWEB-0082             
1 45452U 20020AE  26241.34908127  .00000411  00000+0  11251-2 0  9990
2 45452  87.8955   6.5101 0002082 110.2556 249.8796 13.11415762312269
ONEWEB-0050             
1 45453U 20020AF  26241.45674638  .00001481  00000+0  14928-3 0  9993
2 45453  88.9297 223.2540 0006225  76.6777 283.5146 14.90575066351291
ONEWEB-0034             
1 45454U 20020AG  26241.38665061 -.00000396  00000+0 -11536-2 0  9993
2 45454  87.8956   6.5122 0001794 101.3973 258.7357 13.11418970312185
ONEWEB-0060             
1 45455U 20020AH  26241.34158851  .00000601  00000+0  16588-2 0  9993
2 45455  87.8948   6.5141 0002774 103.8216 256.3220 13.11416189312132
ONEWEB-0086             
1 45456U 20020AJ  26241.39655309 -.00000006  00000+0 -51894-4 0  9991
2 45456  87.8955   6.5036 0002494  90.3278 269.8135 13.11418475312203
ONEWEB-0088             
1 45457U 20020AK  26241.37463984 -.00000519  00000+0 -15009-2 0  9991
2 45457  87.8964   6.4861 0001605 112.5456 247.5842 13.11416055312139
ONEWEB-0102             
1 47258U 20100A   26241.55035610  .00000364  00000+0  97687-3 0  9991
2 47258  87.8995 336.1036 0002039  95.7698 264.3663 13.12443149274357
ONEWEB-0109             
1 47259U 20100B   26241.55883605  .00000485  00000+0  13133-2 0  9994
2 47259  87.9006 336.0922 0001828  95.8193 264.3144 13.12443954274180
ONEWEB-0110             
1 47260U 20100C   26241.50970277 -.00000168  00000+0 -50348-3 0  9993
2 47260  87.9006 336.0858 0002251  98.1060 262.0324 13.12442225274343
ONEWEB-0111             
1 47261U 20100D   26241.31147975 -.00000034  00000+0 -13089-3 0  9997
2 47261  87.9009 336.1443 0002007 101.8035 258.3319 13.12442876274154
ONEWEB-0114             
1 47262U 20100E   26241.26574110  .00000259  00000+0  68408-3 0  9999
2 47262  87.9007 336.1522 0001743  94.7209 265.4119 13.12441523274100
ONEWEB-0117             
1 47263U 20100F   26241.56223271  .00000405  00000+0  10896-2 0  9992
2 47263  87.9010 336.0833 0002290 107.1443 252.9937 13.12443150274158
ONEWEB-0118             
1 47264U 20100G   26241.51985562 -.00000311  00000+0 -89941-3 0  9992
2 47264  87.9003 336.0926 0001594 104.6310 255.4995 13.12443653274346
ONEWEB-0119             
1 47265U 20100H   26241.54527654  .00000161  00000+0  41151-3 0  9992
2 47265  87.8992 336.0977 0001882  99.2635 260.8706 13.12443663274327
ONEWEB-0120             
1 47266U 20100J   26241.34042128  .00000284  00000+0  75364-3 0  9998
2 47266  87.8994 336.1399 0001789  96.1629 263.9704 13.12441015274325
ONEWEB-0121             
1 47267U 20100K   26241.32842390  .00000482  00000+0  13034-2 0  9991
2 47267  87.9006 336.1356 0002149 105.0068 255.1298 13.12442893274238
ONEWEB-0122             
1 47268U 20100L   26241.55120360  .00000251  00000+0  66361-3 0  9999
2 47268  87.9003 336.0962 0001902  94.3658 265.7688 13.12444942274179
ONEWEB-0123             
1 47269U 20100M   26241.54696616  .00000124  00000+0  30802-3 0  9991
2 47269  87.8996 336.0967 0001817 101.1042 259.0291 13.12442957274310
ONEWEB-0124             
1 47270U 20100N   26241.30810715 -.00000128  00000+0 -39013-3 0  9994
2 47270  87.8993 336.1462 0002220  98.1373 262.0007 13.12459233274168
ONEWEB-0125             
1 47271U 20100P   26241.51478220 -.00000182  00000+0 -54033-3 0  9998
2 47271  87.9008 336.0972 0001942 109.2306 250.9033 13.12442735274256
ONEWEB-0126             
1 47272U 20100Q   26241.30652450 -.00000380  00000+0 -10921-2 0  9992
2 47272  87.8997 336.1487 0001760  97.4386 262.6943 13.12444472274293
ONEWEB-0127             
1 47273U 20100R   26241.50123498  .00000212  00000+0  55266-3 0  9994
2 47273  87.8993 336.1055 0001824  97.3203 262.8133 13.12442513274342
ONEWEB-0128             
1 47274U 20100S   26241.52325565 -.00000321  00000+0 -92877-3 0  9998
2 47274  87.8994 336.1152 0002193  97.2660 262.8718 13.12442834274365
ONEWEB-0129             
1 47275U 20100T   26241.27420360  .00000020  00000+0  21003-4 0  9998
2 47275  87.9001 336.1454 0001385  66.1271 294.0003 13.12441012274266
ONEWEB-0130             
1 47276U 20100U   26241.22505997 -.00000318  00000+0 -91912-3 0  9991
2 47276  87.9004 336.1514 0001922  98.6292 261.5054 13.12442101274228
ONEWEB-0131             
1 47277U 20100V   26241.22167676 -.00000463  00000+0 -13218-2 0  9993
2 47277  87.8993 336.1627 0002007  98.5969 261.5387 13.12442514274266
ONEWEB-0132             
1 47278U 20100W   26241.55544228  .00000379  00000+0  10188-2 0  9999
2 47278  87.9001 336.1002 0001911 101.4151 258.7192 13.12442909274209
ONEWEB-0133             
1 47279U 20100X   26241.26730624  .00000231  00000+0  60777-3 0  9992
2 47279  87.9011 336.1418 0002031  98.9372 261.1987 13.12441854274322
ONEWEB-0134             
1 47280U 20100Y   26241.54188804 -.00000066  00000+0 -21992-3 0  9996
2 47280  87.9007 336.0841 0001968  92.2423 267.8931 13.12443051274334
ONEWEB-0135             
1 47281U 20100Z   26241.28437348 -.00000275  00000+0 -80076-3 0  9998
2 47281  87.9006 336.1504 0002042  94.4653 265.6709 13.12442005274320
ONEWEB-0136             
1 47282U 20100AA  26241.22676914 -.00000263  00000+0 -76624-3 0  9998
2 47282  87.9002 336.1472 0001951  90.9039 269.2313 13.12442732274247
ONEWEB-0137             
1 47283U 20100AB  26241.26066156  .00000449  00000+0  12127-2 0  9995
2 47283  87.9010 336.1542 0001816 104.2353 255.8977 13.12443046274159
ONEWEB-0138             
1 47284U 20100AC  26241.31486816  .00000036  00000+0  64950-4 0  9996
2 47284  87.8999 336.1463 0001885  92.4477 267.6867 13.12442959274249
ONEWEB-0139             
1 47285U 20100AD  26241.27943780 -.00000091  00000+0 -28927-3 0  9996
2 47285  87.9002 336.1387 0001881  99.1059 261.0283 13.12442225274311
ONEWEB-0140             
1 47286U 20100AE  26241.30978571 -.00000123  00000+0 -37630-3 0  9994
2 47286  87.9006 336.1251 0002058 100.0715 260.0645 13.12442700274289
ONEWEB-0141             
1 47287U 20100AF  26241.27915375 -.00000151  00000+0 -45373-3 0  9998
2 47287  87.9004 336.1354 0001648 105.0135 255.1176 13.12441912274263
ONEWEB-0142             
1 47288U 20100AG  26241.26757531  .00000263  00000+0  69499-3 0  9993
2 47288  87.9005 336.1557 0001463  93.8588 266.2708 13.12442135274252
ONEWEB-0143             
1 47289U 20100AH  26241.27760972 -.00000062  00000+0 -20631-3 0  9992
2 47289  87.8997 336.1525 0001764 101.3961 258.7366 13.12440910274234
ONEWEB-0144             
1 47290U 20100AJ  26241.55374705  .00000376  00000+0  10087-2 0  9999
2 47290  87.9009 336.0782 0001748  88.8222 271.3106 13.12442779274199
ONEWEB-0145             
1 47291U 20100AK  26241.52494752 -.00000358  00000+0 -10315-2 0  9998
2 47291  87.8994 336.1030 0001818  98.0398 262.0937 13.12443068274386
ONEWEB-0146             
1 47292U 20100AL  26241.21660953 -.00000308  00000+0 -89158-3 0  9990
2 47292  87.9003 336.1614 0002207 105.3905 254.7467 13.12443130274258
ONEWEB-0147             
1 47293U 20100AM  26241.25897251  .00000447  00000+0  12066-2 0  9993
2 47293  87.9009 336.1364 0001998  96.2525 263.8831 13.12442719274156
ONEWEB-0115             
1 48042U 21025A   26241.23002463  .00000037  00000+0  66900-4 0  9997
2 48042  87.8953 305.6959 0002062  98.6003 261.5360 13.13472223263184
ONEWEB-0152             
1 48043U 21025B   26241.47211064  .00000340  00000+0  89587-3 0  9995
2 48043  87.8958 305.6488 0002067  98.1316 262.0048 13.13470219263175
ONEWEB-0153             
1 48044U 21025C   26241.22155859 -.00000090  00000+0 -28233-3 0  9993
2 48044  87.8959 305.6961 0001896  96.4460 263.6885 13.13469564263136
ONEWEB-0154             
1 48045U 21025D   26241.21818053 -.00000141  00000+0 -42146-3 0  9991
2 48045  87.8960 305.6985 0002000  96.5793 263.5564 13.13470269263095
ONEWEB-0116             
1 48046U 21025E   26241.48564519  .00000328  00000+0  86273-3 0  9990
2 48046  87.8963 305.6427 0002113  99.2887 260.8481 13.13468530263275
ONEWEB-0150             
1 48047U 21025F   26241.30960020  .00000124  00000+0  30363-3 0  9992
2 48047  87.8961 305.6761 0001820 101.7731 258.3602 13.13469912263144
ONEWEB-0107             
1 48048U 21025G   26241.46365323  .00000089  00000+0  20830-3 0  9993
2 48048  87.8959 305.6410 0001827  95.1248 265.0089 13.13470078263148
ONEWEB-0101             
1 48049U 21025H   26241.19787124 -.00000090  00000+0 -28266-3 0  9996
2 48049  87.8951 305.7017 0001980  92.0329 268.1027 13.13468980263089
ONEWEB-0113             
1 48050U 21025J   26241.19881372 -.00000132  00000+0 -39367-3 0  9999
2 48050  87.8951 305.6038 0001850 102.7397 257.3939 13.13891242263198
ONEWEB-0112             
1 48051U 21025K   26241.46871537  .00000425  00000+0  11299-2 0  9998
2 48051  87.8967 305.6384 0002032  92.9654 267.1708 13.13468337263210
ONEWEB-0156             
1 48052U 21025L   26241.47717584  .00000365  00000+0  96477-3 0  9996
2 48052  87.8963 305.6459 0001813  98.5253 261.6082 13.13471999263192
ONEWEB-0161             
1 48053U 21025M   26241.45179020 -.00000108  00000+0 -33090-3 0  9991
2 48053  87.8957 305.6517 0001747  94.7862 265.3467 13.13470716263128
ONEWEB-0158             
1 48054U 21025N   26241.48735328  .00000237  00000+0  61284-3 0  9991
2 48054  87.8962 305.6423 0002281  97.9008 262.2380 13.13468743263253
ONEWEB-0157             
1 48055U 21025P   26241.20802830 -.00000235  00000+0 -67835-3 0  9993
2 48055  87.8953 305.7005 0001677  88.2924 271.8397 13.13469017263157
ONEWEB-0162             
1 48056U 21025Q   26241.48889834  .00000228  00000+0  58843-3 0  9992
2 48056  87.8953 305.6444 0001839 101.3936 258.7400 13.13470159263163
ONEWEB-0155             
1 48057U 21025R   26241.41962979  .00000121  00000+0  29549-3 0  9991
2 48057  87.8961 305.6569 0001852  98.1065 262.0274 13.13469836263293
ONEWEB-0149             
1 48058U 21025S   26241.21307965 -.00000204  00000+0 -59417-3 0  9999
2 48058  87.8955 305.7014 0001857 102.3482 257.7855 13.13468540263072
ONEWEB-0148             
1 48059U 21025T   26241.48056306  .00000327  00000+0  86185-3 0  9995
2 48059  87.8950 305.6506 0001532 109.7485 250.3809 13.13468483263239
ONEWEB-0160             
1 48060U 21025U   26241.42130588  .00000112  00000+0  27134-3 0  9997
2 48060  87.8953 305.6583 0002634 105.1647 254.9773 13.13468615263173
ONEWEB-0163             
1 48061U 21025V   26241.48224988  .00000394  00000+0  10434-2 0  9998
2 48061  87.8959 305.6470 0001751  91.1634 268.9695 13.13471481263302
ONEWEB-0159             
1 48062U 21025W   26241.47379321  .00000330  00000+0  86981-3 0  9991
2 48062  87.8960 305.6433 0001833  91.2528 268.8811 13.13468628263227
ONEWEB-0164             
1 48063U 21025X   26241.22663801  .00000003  00000+0 -25948-4 0  9999
2 48063  87.8956 305.6978 0002055  96.9853 263.1509 13.13469200263170
ONEWEB-0167             
1 48064U 21025Y   26241.48310970  .00000293  00000+0  76695-3 0  9998
2 48064  87.8952 305.6505 0002066  79.4957 280.6404 13.13468817263199
ONEWEB-0166             
1 48065U 21025Z   26241.20123311 -.00000158  00000+0 -46754-3 0  9995
2 48065  87.8961 305.6845 0001916  98.2576 261.8770 13.13468140263237
ONEWEB-0151             
1 48066U 21025AA  26241.43146774 -.00000126  00000+0 -37952-3 0  9994
2 48066  87.8960 305.6527 0002026  94.4700 265.6661 13.13469328263201
ONEWEB-0170             
1 48067U 21025AB  26241.21138862 -.00000236  00000+0 -68144-3 0  9999
2 48067  87.8959 305.6989 0002549  94.9825 265.1596 13.13472002263132
ONEWEB-0168             
1 48068U 21025AC  26241.42469214  .00000067  00000+0  14854-3 0  9990
2 48068  87.8959 305.6577 0001981  95.9483 264.1872 13.13468535263172
ONEWEB-0173             
1 48069U 21025AD  26241.41623079  .00000194  00000+0  49621-3 0  9992
2 48069  87.8967 305.6588 0001772  83.6241 276.5090 13.13468450263410
ONEWEB-0171             
1 48070U 21025AE  26241.45347519 -.00001912  00000+0 -52719-2 0  9992
2 48070  87.8952 305.6563 0002598  96.5080 263.6345 13.13478636263237
ONEWEB-0172             
1 48071U 21025AF  26241.20464294 -.00000201  00000+0 -58541-3 0  9996
2 48071  87.8957 305.7014 0001955  91.5983 268.5370 13.13468944264096
ONEWEB-0174             
1 48072U 21025AG  26241.49071411  .00000218  00000+0  56221-3 0  9992
2 48072  87.8961 305.6429 0001804  98.9885 261.1448 13.13470772263452
ONEWEB-0175             
1 48073U 21025AH  26241.44499976 -.00000161  00000+0 -47652-3 0  9995
2 48073  87.8960 305.6383 0002211  90.6173 269.5210 13.13469110263108
ONEWEB-0177             
1 48074U 21025AJ  26241.22832711 -.00000072  00000+0 -23242-3 0  9990
2 48074  87.8952 305.6970 0001724  95.0279 265.1047 13.13469262263261
ONEWEB-0178             
1 48075U 21025AK  26241.47563660  .00000420  00000+0  11149-2 0  9999
2 48075  87.8951 305.6546 0001997  90.2468 269.8890 13.13469876263346
ONEWEB-0108             
1 48076U 21025AL  26241.20633424 -.00000216  00000+0 -62753-3 0  9990
2 48076  87.8960 305.6952 0002002 104.3644 255.7707 13.13470103263233
ONEWEB-0169             
1 48077U 21025AM  26241.46702186  .00000310  00000+0  81524-3 0  9991
2 48077  87.8957 305.6487 0001876  98.4692 261.6650 13.13469024261924
ONEWEB-0176             
1 48210U 21031A   26241.47958031  .00000150  00000+0  36986-3 0  9994
2 48210  87.8915 275.0880 0001981  90.5265 269.6092 13.14616172257944
ONEWEB-0184             
1 48211U 21031B   26241.45381760  .00000073  00000+0  16369-3 0  9999
2 48211  87.8913 275.0984 0002441  80.8419 279.2986 13.14453850257911
ONEWEB-0179             
1 48212U 21031C   26241.45594794  .00006944  00000+0  63635-3 0  9994
2 48212  87.8939 269.0520 0350952  14.7492 346.3642 14.57828006259553
ONEWEB-0180             
1 48213U 21031D   26241.45714819  .00000026  00000+0  34352-4 0  9997
2 48213  87.8918 275.0963 0001801  80.8360 279.2973 13.14431433257840
ONEWEB-0218             
1 48214U 21031E   26241.47790292  .00000174  00000+0  43339-3 0  9997
2 48214  87.8921 275.0906 0002075  71.7795 288.3560 13.14630042258006
ONEWEB-0209             
1 48215U 21031F   26241.46751815  .00000288  00000+0  74315-3 0  9999
2 48215  87.8913 275.1034 0001764  89.5845 270.5487 13.14529246258002
ONEWEB-0198             
1 48216U 21031G   26241.45228641 -.00000023  00000+0 -97742-4 0  9994
2 48216  87.8897 275.0991 0001813  79.0280 281.1053 13.14463615258113
ONEWEB-0189             
1 48217U 21031H   26241.46418797 -.00000898  00000+0 -24554-2 0  9998
2 48217  87.8919 275.0920 0001955  84.9084 275.2269 13.14554383257851
ONEWEB-0196             
1 48218U 21031J   26241.51957558  .00004506  00000+0  12144-1 0  9997
2 48218  87.8929 275.0912 0001776  78.0686 282.0642 13.14332222257865
ONEWEB-0183             
1 48219U 21031K   26241.49291499  .00001002  00000+0  26668-2 0  9995
2 48219  87.8916 275.0906 0002475  93.1224 267.0189 13.14524846257952
ONEWEB-0185             
1 48220U 21031L   26241.44316044  .00003423  00000+0  91984-2 0  9998
2 48220  87.8914 275.0989 0001783  92.1231 268.0102 13.14485849257877
ONEWEB-0187             
1 48221U 21031M   26241.11881857 -.00000132  00000+0 -39013-3 0  9994
2 48221  87.8912 275.1747 0001772  90.4947 269.6385 13.14487195257845
ONEWEB-0192             
1 48222U 21031N   26241.46920862  .00000239  00000+0  60972-3 0  9997
2 48222  87.8911 275.0940 0001979  91.1546 268.9810 13.14519043257800
ONEWEB-0219             
1 48223U 21031P   26241.37268865  .00000092  00000+0  21343-3 0  9992
2 48223  87.8919 275.1120 0001712  92.7279 267.4046 13.14488488257998
ONEWEB-0202             
1 48224U 21031Q   26241.50622340 -.00000603  00000+0 -16635-2 0  9997
2 48224  87.8914 275.0940 0002412  80.3009 279.8393 13.14439316257993
ONEWEB-0204             
1 48225U 21031R   26241.38725486  .00000233  00000+0  59395-3 0  9997
2 48225  87.8913 275.1120 0001836 104.2383 255.8951 13.14558656257874
ONEWEB-0205             
1 48226U 21031S   26241.13559845 -.00000126  00000+0 -37484-3 0  9993
2 48226  87.8915 275.1601 0001759  87.1530 272.9801 13.14378433257853
ONEWEB-0206             
1 48227U 21031T   26241.48791626  .00000037  00000+0  64816-4 0  9996
2 48227  87.8917 275.0876 0002102  96.6262 263.5107 13.14562166257852
ONEWEB-0182             
1 48228U 21031U   26241.48290985  .00000220  00000+0  55680-3 0  9991
2 48228  87.8914 275.0936 0001885  98.9621 261.1722 13.14595551258063
ONEWEB-0186             
1 48229U 21031V   26241.49457311 -.00000044  00000+0 -15440-3 0  9997
2 48229  87.8920 275.0888 0001962  92.3300 267.8054 13.14519822258018
ONEWEB-0181             
1 48230U 21031W   26241.47253209 -.00000773  00000+0 -21189-2 0  9992
2 48230  87.8904 275.1101 0001785  88.3595 271.7740 13.14488315257865
ONEWEB-0188             
1 48231U 21031X   26241.51122199 -.00000180  00000+0 -51979-3 0  9994
2 48231  87.8902 275.1021 0001889  93.4729 266.6617 13.14410316257778
ONEWEB-0220             
1 48232U 21031Y   26241.47355160  .00000227  00000+0  57747-3 0  9995
2 48232  87.8920 275.0930 0001660  95.4324 264.6995 13.14570512258039
ONEWEB-0165             
1 48233U 21031Z   26241.12228589 -.00000260  00000+0 -73671-3 0  9995
2 48233  87.8914 275.1722 0001926  81.3490 278.7858 13.14463274257945
ONEWEB-0199             
1 48234U 21031AA  26241.48624307  .00000135  00000+0  33000-3 0  9994
2 48234  87.8919 275.0887 0002144  96.5113 263.6261 13.14572962257895
ONEWEB-0203             
1 48235U 21031AB  26241.47623176  .00000236  00000+0  59960-3 0  9992
2 48235  87.8915 275.0927 0002140  90.4037 269.7337 13.14632611257902
ONEWEB-0197             
1 48236U 21031AC  26241.45200265  .00000006  00000+0 -17080-4 0  9995
2 48236  87.8907 275.0788 0001734  99.8880 260.2445 13.14468496257810
ONEWEB-0194             
1 48237U 21031AD  26241.35564634 -.00000204  00000+0 -58529-3 0  9991
2 48237  87.8913 275.1233 0002191  94.2067 265.9313 13.14431597257973
ONEWEB-0193             
1 48238U 21031AE  26241.52326522 -.00000044  00000+0 -15207-3 0  9991
2 48238  87.8920 275.0807 0002362  96.5225 263.6174 13.14499051257945
ONEWEB-0191             
1 48239U 21031AF  26241.15432385  .00000208  00000+0  52684-3 0  9996
2 48239  87.8921 275.1577 0001916  96.5219 263.6129 13.14421595257756
ONEWEB-0195             
1 48240U 21031AG  26241.51205564 -.00000189  00000+0 -54640-3 0  9999
2 48240  87.8915 275.0852 0001939  83.1756 276.9594 13.14404709257783
ONEWEB-0201             
1 48241U 21031AH  26241.49970728 -.00000098  00000+0 -29990-3 0  9997
2 48241  87.8915 275.0993 0001616  98.1086 262.0227 13.14487686258015
ONEWEB-0207             
1 48242U 21031AJ  26241.47874682  .00000205  00000+0  51667-3 0  9992
2 48242  87.8919 275.0914 0001760 103.7919 256.3407 13.14621103257920
ONEWEB-0208             
1 48243U 21031AK  26241.38476152  .00000235  00000+0  59827-3 0  9992
2 48243  87.8911 275.1138 0001837  83.8882 276.2457 13.14573759257923
ONEWEB-0200             
1 48244U 21031AL  26241.42509880 -.00000133  00000+0 -39463-3 0  9996
2 48244  87.8924 275.0998 0001645  91.0224 269.1094 13.14474506257859
ONEWEB-0217             
1 48245U 21031AM  26241.51788845 -.00000088  00000+0 -27131-3 0  9995
2 48245  87.8917 275.0844 0001922  82.8712 277.2636 13.14368773257816
ONEWEB-0211             
1 48767U 21045A   26241.47408030  .00000037  00000+0  64484-4 0  9994
2 48767  87.8964 244.4548 0002216  74.9690 285.1685 13.16198459254084
ONEWEB-0223             
1 48768U 21045B   26241.43645602 -.00000253  00000+0 -70486-3 0  9999
2 48768  87.8962 244.5901 0002273  80.3822 279.7565 13.15548387254037
ONEWEB-0230             
1 48769U 21045C   26241.48399603  .00000074  00000+0  16372-3 0  9995
2 48769  87.8963 244.5890 0002025  94.9995 265.1367 13.15547957254304
ONEWEB-0237             
1 48770U 21045D   26241.47293000  .00000457  00000+0  11798-2 0  9991
2 48770  87.8957 244.5910 0001882  81.7137 278.4207 13.15547750254024
ONEWEB-0235             
1 48771U 21045E   26241.44757644  .00000122  00000+0  29129-3 0  9995
2 48771  87.8962 244.5894 0002348  82.7803 277.3594 13.15548726254011
ONEWEB-0242             
1 48772U 21045F   26241.44121979  .00000031  00000+0  47280-4 0  9990
2 48772  87.8967 244.5885 0002208  89.7161 270.4222 13.15547998254052
ONEWEB-0241             
1 48773U 21045G   26241.42854317 -.00000092  00000+0 -27870-3 0  9999
2 48773  87.8962 244.6010 0002235  81.0922 279.0461 13.15547866253962
ONEWEB-0243             
1 48774U 21045H   26241.46024584  .00000212  00000+0  52964-3 0  9993
2 48774  87.8954 244.6078 0002556  90.3360 269.8063 13.15548994253994
ONEWEB-0222             
1 48775U 21045J   26241.44361545  .00000036  00000+0  60942-4 0  9993
2 48775  87.8961 244.5841 0002128  82.7293 277.4079 13.15548813254033
ONEWEB-0244             
1 48776U 21045K   26241.46973735  .00000003  00000+0 -27328-4 0  9992
2 48776  87.8965 244.5772 0002083  86.4515 273.6853 13.15549099254607
ONEWEB-0247             
1 48777U 21045L   26241.46658648  .00000130  00000+0  31086-3 0  9991
2 48777  87.8951 244.6012 0002822  85.4434 274.7018 13.15549473254040
ONEWEB-0245             
1 48778U 21045M   26241.46182060  .00000097  00000+0  22348-3 0  9995
2 48778  87.8959 244.5876 0001984  83.7452 276.3904 13.15546584254014
ONEWEB-0229             
1 48779U 21045N   26241.45706471  .00000162  00000+0  39589-3 0  9991
2 48779  87.8963 244.5861 0002179  89.9474 270.1906 13.15549712254046
ONEWEB-0228             
1 48780U 21045P   26241.49049122 -.00000005  00000+0 -46608-4 0  9999
2 48780  87.8970 244.5759 0002058  87.2539 272.8827 13.15549619253968
ONEWEB-0232             
1 48781U 21045Q   26241.38893147  .00000181  00000+0  44716-3 0  9992
2 48781  87.8963 244.5957 0001892  86.6427 273.4920 13.15550525254279
ONEWEB-0231             
1 48782U 21045R   26241.44281619  .00000043  00000+0  81335-4 0  9991
2 48782  87.8962 244.5941 0002199  84.3182 275.8199 13.15549767253972
ONEWEB-0234             
1 48783U 21045S   26241.48069431  .00000050  00000+0  99172-4 0  9998
2 48783  87.8973 244.5718 0001312  73.8331 286.2943 13.15549994254114
ONEWEB-0238             
1 48784U 21045T   26241.48098218  .00000076  00000+0  16810-3 0  9999
2 48784  87.8969 244.5680 0001605  82.9337 277.1976 13.15550150254010
ONEWEB-0240             
1 48785U 21045U   26241.42617729 -.00000064  00000+0 -20468-3 0  9991
2 48785  87.8971 244.5879 0002133  80.6924 279.4447 13.15548998254035
ONEWEB-0246             
1 48786U 21045V   26241.42062007 -.00000088  00000+0 -26686-3 0  9999
2 48786  87.8965 244.5916 0002147  89.3140 270.8236 13.15549987253907
ONEWEB-0210             
1 48787U 21045W   26241.47132084  .00000137  00000+0  33014-3 0  9994
2 48787  87.8966 244.5792 0002888  91.8355 268.3106 13.15550375253955
ONEWEB-0214             
1 48788U 21045X   26241.48003926  .00000091  00000+0  20872-3 0  9995
2 48788  87.8968 244.5746 0002246  96.1148 264.0238 13.15550726253929
ONEWEB-0221             
1 48789U 21045Y   26241.48716608 -.00000220  00000+0 -61910-3 0  9998
2 48789  87.8965 244.5813 0002146  84.5365 275.6010 13.15548492254017
ONEWEB-0213             
1 48790U 21045Z   26241.47608426  .00000148  00000+0  35963-3 0  9993
2 48790  87.8965 244.5859 0002295  88.1101 272.0292 13.15548331254073
ONEWEB-0212             
1 48791U 21045AA  26241.45309951  .00001042  00000+0  27327-2 0  9991
2 48791  87.8958 244.5849 0001922  89.8395 270.2955 13.15559860254068
ONEWEB-0227             
1 48792U 21045AB  26241.45233101  .00000135  00000+0  32529-3 0  9998
2 48792  87.8961 244.5843 0002061  87.6275 272.5091 13.15549712254011
ONEWEB-0226             
1 48793U 21045AC  26241.44597844  .00000069  00000+0  14802-3 0  9995
2 48793  87.8964 244.5907 0002278  89.6413 270.4979 13.15547963253985
ONEWEB-0224             
1 48794U 21045AD  26241.48558812  .00000035  00000+0  58634-4 0  9997
2 48794  87.8958 244.6116 0001842  61.9348 298.1968 13.15548321253915
ONEWEB-0233             
1 48795U 21045AE  26241.49020595  .00000002  00000+0 -30085-4 0  9996
2 48795  87.8954 244.6173 0002186  82.0757 278.0621 13.15549504253934
ONEWEB-0190             
1 48796U 21045AF  26241.47766897  .00000044  00000+0  81870-4 0  9990
2 48796  87.8964 244.5871 0002622  81.9790 278.1638 13.15548181254008
ONEWEB-0236             
1 48797U 21045AG  26241.49508443 -.00000001  00000+0 -35538-4 0  9999
2 48797  87.8958 244.5877 0001931  89.0048 271.1303 13.15547970253898
ONEWEB-0248             
1 48798U 21045AH  26241.43172852 -.00000076  00000+0 -23562-3 0  9990
2 48798  87.8966 244.5916 0002280  77.8505 282.2880 13.15548666254047
ONEWEB-0225             
1 48799U 21045AJ  26241.45389348  .00000121  00000+0  28857-3 0  9994
2 48799  87.8964 244.5933 0002551  84.0303 276.1118 13.15550048254056
ONEWEB-0215             
1 48800U 21045AK  26241.42380242 -.00000084  00000+0 -25650-3 0  9996
2 48800  87.8967 244.5850 0002573  77.9640 282.1778 13.15548330253924
ONEWEB-0216             
1 48801U 21045AL  26241.43329424 -.00000022  00000+0 -93213-4 0  9996
2 48801  87.8964 244.5951 0002057  90.2655 269.8711 13.15550228253934
ONEWEB-0239             
1 48802U 21045AM  26241.43806029  .00000009  00000+0 -92812-5 0  9997
2 48802  87.8964 244.5976 0002515  71.4412 288.6992 13.15550049253978
ONEWEB-0249             
1 48967U 21060A   26241.46595221  .00000056  00000+0  11200-3 0  9999
2 48967  87.9116 214.2230 0002099  79.6864 280.4504 13.16595907249253
ONEWEB-0250             
1 48968U 21060B   26241.43569047  .00000105  00000+0  20862-3 0  9993
2 48968  87.9120 211.7478 0001585  55.2577 304.8708 13.25837153249928
ONEWEB-0252             
1 48970U 21060D   26241.42082529 -.00000044  00000+0 -14809-3 0  9998
2 48970  87.9109 214.2246 0002277  91.1028 269.0363 13.16593257249291
ONEWEB-0253             
1 48971U 21060E   26241.48573920  .00000463  00000+0  11769-2 0  9999
2 48971  87.9107 214.2167 0002153  79.5308 280.6066 13.16600840249236
ONEWEB-0254             
1 48972U 21060F   26241.34324433 -.00000018  00000+0 -81001-4 0  9994
2 48972  87.9112 214.2431 0002230  75.6304 284.5075 13.16593100249217
ONEWEB-0255             
1 48973U 21060G   26241.45723716  .00000169  00000+0  40806-3 0  9996
2 48973  87.9124 214.2245 0002080  84.3408 275.7960 13.16593135249302
ONEWEB-0256             
1 48974U 21060H   26241.48336542 -.00000028  00000+0 -10794-3 0  9996
2 48974  87.9112 214.2219 0002127  86.9094 273.2281 13.16593691249274
ONEWEB-0257             
1 48975U 21060J   26240.29986263  .00000198  00000+0  48487-3 0  9992
2 48975  87.9108 214.4479 0002228  82.4041 277.7343 13.16596256249071
ONEWEB-0258             
1 48976U 21060K   26241.44143068  .00000090  00000+0  20072-3 0  9990
2 48976  87.9106 214.2320 0002090  82.0016 278.1352 13.16595977249230
ONEWEB-0259             
1 48977U 21060L   26241.43506409 -.00000255  00000+0 -70012-3 0  9996
2 48977  87.9114 214.2329 0002082  79.0922 281.0443 13.16593571249267
ONEWEB-0260             
1 48978U 21060M   26241.42637271  .00000012  00000+0 -27155-5 0  9990
2 48978  87.9109 214.2328 0002231  92.5725 267.5661 13.16594944249242
ONEWEB-0261             
1 48979U 21060N   26241.47228321  .00000029  00000+0  41093-4 0  9991
2 48979  87.9109 214.2265 0002365  81.5688 278.5711 13.16595989249302
ONEWEB-0262             
1 48980U 21060P   26241.45248707  .00000058  00000+0  11813-3 0  9999
2 48980  87.9114 214.2176 0002104  75.2671 284.8693 13.16592994249261
ONEWEB-0263             
1 48981U 21060Q   26241.48414906 -.00000025  00000+0 -98080-4 0  9997
2 48981  87.9115 214.2232 0002364  78.2376 281.9020 13.16593272249238
ONEWEB-0264             
1 48982U 21060R   26241.44535417 -.00000001  00000+0 -35953-4 0  9999
2 48982  87.9107 214.2299 0002278  85.0774 275.0617 13.16595811249232
ONEWEB-0266             
1 48984U 21060T   26241.46674411  .00000032  00000+0  49792-4 0  9999
2 48984  87.9115 214.2209 0002008  84.8178 275.3182 13.16594328249221
ONEWEB-0267             
1 48985U 21060U   26241.47781637  .00000017  00000+0  11621-4 0  9993
2 48985  87.9117 214.2147 0002260  83.2104 276.9284 13.16593104249239
ONEWEB-0268             
1 48986U 21060V   26241.44615419  .00000146  00000+0  34823-3 0  9996
2 48986  87.9115 214.2299 0002044  87.1420 272.9945 13.16593276249498
ONEWEB-0269             
1 48987U 21060W   26241.42717302  .00000006  00000+0 -18132-4 0  9991
2 48987  87.9109 214.2317 0001878  89.2664 270.8682 13.16594185249260
ONEWEB-0270             
1 48988U 21060X   26241.36858801  .00000064  00000+0  13297-3 0  9994
2 48988  87.9107 214.2457 0002235  76.3861 283.7519 13.16595380249291
ONEWEB-0271             
1 48989U 21060Y   26241.43190764 -.00000039  00000+0 -13684-3 0  9994
2 48989  87.9114 214.2234 0002357  79.5792 280.5604 13.16592605249305
ONEWEB-0272             
1 48990U 21060Z   26241.45407215  .00000095  00000+0  21376-3 0  9997
2 48990  87.9109 214.2279 0002281  89.7152 270.4240 13.16596458249257
ONEWEB-0273             
1 48991U 21060AA  26241.47624207  .00000018  00000+0  13849-4 0  9994
2 48991  87.9112 214.2244 0002163  79.8466 280.2909 13.16593231249236
ONEWEB-0274             
1 48992U 21060AB  26241.42558412 -.00000049  00000+0 -16134-3 0  9999
2 48992  87.9106 214.2329 0002272  89.9980 270.1411 13.16593559249260
ONEWEB-0275             
1 48993U 21060AC  26241.41451132  .00000020  00000+0  19071-4 0  9991
2 48993  87.9115 214.2313 0002485 103.0248 257.1161 13.16595067249190
ONEWEB-0276             
1 48994U 21060AD  26241.44772980  .00000097  00000+0  21951-3 0  9995
2 48994  87.9116 214.2231 0002168  89.2456 270.8923 13.16596628249210
ONEWEB-0277             
1 48995U 21060AE  26241.46042083  .00000065  00000+0  13732-3 0  9995
2 48995  87.9108 214.2259 0002200  80.6760 279.4619 13.16594918249208
ONEWEB-0278             
1 48996U 21060AF  26241.45089451  .00000096  00000+0  21842-3 0  9990
2 48996  87.9115 214.2220 0001892  82.8204 277.3142 13.16596214249331
ONEWEB-0279             
1 48997U 21060AG  26241.30682016  .00000096  00000+0  21812-3 0  9998
2 48997  87.9114 214.2494 0002349  83.0465 277.0933 13.16596023249247
ONEWEB-0280             
1 48998U 21060AH  26241.47387854  .00000027  00000+0  37873-4 0  9998
2 48998  87.9114 214.2199 0002010  73.9790 286.1563 13.16594602249201
ONEWEB-0281             
1 48999U 21060AJ  26241.47940971 -.00000017  00000+0 -76903-4 0  9992
2 48999  87.9119 214.2151 0002092  87.4591 272.6779 13.16596219249276
ONEWEB-0282             
1 49000U 21060AK  26241.43351164  .00001838  00000+0  47745-2 0  9992
2 49000  87.9105 214.2315 0002491  76.1595 283.9813 13.16581967249244
ONEWEB-0283             
1 49001U 21060AL  26241.42240284 -.00000107  00000+0 -31360-3 0  9999
2 49001  87.9120 214.2314 0002345  83.9662 276.1736 13.16595560249253
ONEWEB-0284             
1 49002U 21060AM  26241.49206398 -.00000119  00000+0 -34543-3 0  9994
2 49002  87.9115 214.2131 0001946  76.3223 283.8124 13.16592472249244
ONEWEB-0285             
1 49075U 21075A   26241.55291021  .00000333  00000+0  89036-3 0  9997
2 49075  87.9002 336.0955 0001762 105.9208 254.2115 13.12444079244831
ONEWEB-0286             
1 49076U 21075B   26241.30625477 -.00000161  00000+0 -48170-3 0  9992
2 49076  87.8994 336.1539 0001809 106.5794 253.5533 13.12444634244157
ONEWEB-0287             
1 49077U 21075C   26241.29318837  .00000048  00000+0  89225-4 0  9999
2 49077  87.9203 351.3402 0001592 110.4880 249.6423 13.17648093243253
ONEWEB-0288             
1 49078U 21075D   26241.51137955 -.00000067  00000+0 -22201-3 0  9998
2 49078  87.9003 336.0964 0001676 102.5272 257.6044 13.12443570244803
ONEWEB-0289             
1 49079U 21075E   26241.33200514  .00000059  00000+0  11888-3 0  9999
2 49079  87.9193 351.3508 0001762  87.1721 272.9612 13.17649767243835
ONEWEB-0290             
1 49080U 21075F   26241.30500209  .00000133  00000+0  31028-3 0  9993
2 49080  87.9208 351.3332 0001735  83.7298 276.4031 13.17649572243243
ONEWEB-0291             
1 49081U 21075G   26241.28981571  .00000075  00000+0  15950-3 0  9997
2 49081  87.9201 351.3380 0001492  98.9636 261.1665 13.17648756243230
ONEWEB-0293             
1 49082U 21075H   26241.31513036  .00000075  00000+0  16078-3 0  9991
2 49082  87.9202 351.3362 0001746  96.3030 263.8301 13.17649796243268
ONEWEB-0294             
1 49083U 21075J   26241.28946209 -.00000357  00000+0 -10271-2 0  9993
2 49083  87.9005 336.1452 0001780  89.6925 270.4408 13.12442309244165
ONEWEB-0295             
1 49084U 21075K   26241.31428727  .00000010  00000+0 -76809-5 0  9995
2 49084  87.9200 351.3398 0001548 104.6534 255.4769 13.17649576243226
ONEWEB-0296             
1 49085U 21075L   26241.26913124  .00000232  00000+0  61019-3 0  9990
2 49085  87.9011 336.1572 0001447  96.1042 264.0251 13.12441032244167
ONEWEB-0297             
1 49086U 21075M   26241.22338069 -.00000278  00000+0 -80915-3 0  9994
2 49086  87.8988 336.1683 0001824 102.4076 257.7257 13.12442708244762
ONEWEB-0298             
1 49087U 21075N   26241.31864545  .00000016  00000+0  86871-5 0  9995
2 49087  87.9201 351.3373 0001884 103.3772 256.7569 13.17648536243256
ONEWEB-0299             
1 49088U 21075P   26241.32018841  .00000043  00000+0  78860-4 0  9995
2 49088  87.9212 351.3241 0001762 103.9976 256.1352 13.17649385243235
ONEWEB-0300             
1 49089U 21075Q   26241.29199772 -.00000436  00000+0 -12464-2 0  9999
2 49089  87.9006 336.1426 0002173 108.7255 251.4110 13.12441882244792
ONEWEB-0301             
1 49090U 21075R   26241.27591359 -.00000028  00000+0 -11230-3 0  9994
2 49090  87.9006 336.1427 0002166 105.5826 254.5542 13.12441731244152
ONEWEB-0302             
1 49091U 21075S   26241.26234752  .00000445  00000+0  12017-2 0  9999
2 49091  87.8998 336.1552 0001670  93.1976 266.9344 13.12441155244133
ONEWEB-0304             
1 49092U 21075T   26241.29488803  .00000031  00000+0  45618-4 0  9997
2 49092  87.9199 351.3446 0001743 103.5470 256.5856 13.17649098243206
ONEWEB-0305             
1 49093U 21075U   26241.36406998  .00000008  00000+0 -13476-4 0  9993
2 49093  87.9208 351.3219 0001593 110.9617 249.1685 13.17649602243247
ONEWEB-0308             
1 49094U 21075V   26241.33181220  .00000427  00000+0  11524-2 0  9993
2 49094  87.9006 336.1376 0001894  98.8836 261.2507 13.12441985244158
ONEWEB-0309             
1 49095U 21075W   26241.29149713  .00000052  00000+0  10078-3 0  9998
2 49095  87.9200 351.3381 0001565  85.8870 274.2440 13.17649592243203
ONEWEB-0310             
1 49096U 21075X   26241.27083552  .00000180  00000+0  46627-3 0  9996
2 49096  87.8999 336.1645 0001883  99.5317 260.6024 13.12442252244772
ONEWEB-0311             
1 49097U 21075Y   26241.29823969  .00000108  00000+0  24523-3 0  9994
2 49097  87.9203 351.3367 0001654 114.9677 245.1626 13.17642213243251
ONEWEB-0312             
1 49098U 21075Z   26241.54123318  .00000091  00000+0  20130-3 0  9995
2 49098  87.9203 351.2990 0001550 102.3224 257.8081 13.17650971243263
ONEWEB-0313             
1 49099U 21075AA  26241.54618381  .00000131  00000+0  30315-3 0  9996
2 49099  87.9199 351.3016 0001784 104.0701 256.0629 13.17649751243258
ONEWEB-0314             
1 49100U 21075AB  26241.28476187  .00000097  00000+0  21727-3 0  9994
2 49100  87.9204 351.3346 0001470 101.9242 258.2055 13.17649242243197
ONEWEB-0315             
1 49101U 21075AC  26241.31995434  .00000257  00000+0  67862-3 0  9998
2 49101  87.9004 336.1248 0001827 110.3781 249.7544 13.12443016244764
ONEWEB-0316             
1 49102U 21075AD  26241.22799059  .00004233  00000+0  10695-1 0  9992
2 49102  87.9196 320.9445 0002195  98.4322 261.7059 13.18717904246834
ONEWEB-0317             
1 49103U 21075AE  26241.55206948  .00000446  00000+0  12038-2 0  9995
2 49103  87.8994 336.0995 0002001  82.3746 277.7610 13.12443510244815
ONEWEB-0318             
1 49104U 21075AF  26241.22452484  .00000026  00000+0  32711-4 0  9994
2 49104  87.9197 320.9477 0001884 104.7371 255.3970 13.18685690246793
ONEWEB-0319             
1 49105U 21075AG  26241.29994544  .00000057  00000+0  11306-3 0  9990
2 49105  87.9203 351.3413 0001887 116.4207 243.7118 13.17649921243238
ONEWEB-0323             
1 49106U 21075AH  26241.30470211 -.00000184  00000+0 -54781-3 0  9990
2 49106  87.9004 336.1329 0001723 116.7109 243.4196 13.12442856244145
ONEWEB-0329             
1 49107U 21075AJ  26241.53619034  .00000185  00000+0  44453-3 0  9998
2 49107  87.9201 351.2957 0001718 102.7083 257.4240 13.17649782243247
ONEWEB-0330             
1 49108U 21075AK  26241.31188367  .00000108  00000+0  24492-3 0  9991
2 49108  87.9204 351.3528 0001680  98.8970 261.2352 13.17650786243258
ONEWEB-0292             
1 49186U 21083A   26241.21986448 -.00000081  00000+0 -25593-3 0  9996
2 49186  87.8943 305.7087 0002007 103.1113 257.0240 13.13469677240517
ONEWEB-0303             
1 49187U 21083B   26241.52464700  .00000053  00000+0  10266-3 0  9991
2 49187  87.9198 320.8869 0001913 104.2114 255.9231 13.18687640239641
ONEWEB-0306             
1 49188U 21083C   26241.51453080  .00000056  00000+0  10986-3 0  9992
2 49188  87.9198 320.8792 0001941  91.7884 268.3471 13.18687266239684
ONEWEB-0307             
1 49189U 21083D   26241.21394206 -.00000233  00000+0 -67197-3 0  9999
2 49189  87.8949 305.7088 0001871 100.0956 260.0384 13.13471198240510
ONEWEB-0320             
1 49190U 21083E   26241.45889624 -.00000015  00000+0 -69712-4 0  9994
2 49190  87.9189 320.9009 0001955  97.8711 262.2643 13.18686449239631
ONEWEB-0321             
1 49191U 21083F   26241.45786058  .00000022  00000+0  22292-4 0  9990
2 49191  87.9132 259.8218 0002141  84.7384 275.3994 13.20772187246507
ONEWEB-0322             
1 49192U 21083G   26241.20970749 -.00000313  00000+0 -89130-3 0  9994
2 49192  87.8947 305.7090 0002328  91.0495 269.0901 13.13469260240500
ONEWEB-0324             
1 49193U 21083H   26241.28016632  .00000040  00000+0  68292-4 0  9997
2 49193  87.9200 320.9318 0001782  96.1110 264.0225 13.18685221239637
ONEWEB-0325             
1 49194U 21083J   26241.51116729  .00000081  00000+0  17219-3 0  9999
2 49194  87.9191 320.8869 0002057 100.9092 259.2272 13.18687228239677
ONEWEB-0326             
1 49195U 21083K   26241.45060405  .00000061  00000+0  12294-3 0  9998
2 49195  87.9198 320.9022 0001968 107.1546 252.9802 13.18685983239653
ONEWEB-0327             
1 49196U 21083L   26241.45033292  .00000008  00000+0 -13299-4 0  9992
2 49196  87.9192 320.9013 0002138 109.5585 250.5779 13.18685508239679
ONEWEB-0328             
1 49197U 21083M   26241.19954183 -.00000133  00000+0 -39813-3 0  9994
2 49197  87.8964 305.6918 0001824  95.7654 264.3683 13.13468373240486
ONEWEB-0331             
1 49198U 21083N   26241.51959933  .00000005  00000+0 -20522-4 0  9994
2 49198  87.9201 320.8834 0001868 109.4515 250.6819 13.18685494239673
ONEWEB-0333             
1 49199U 21083P   26241.19447258 -.00000088  00000+0 -27599-3 0  9993
2 49199  87.8955 305.7126 0001955  99.3323 260.8027 13.13466335240498
ONEWEB-0334             
1 49200U 21083Q   26241.47217455  .00000112  00000+0  24240-3 0  9997
2 49200  87.9135 259.8300 0002589  79.6880 280.4545 13.20770152246467
ONEWEB-0335             
1 49201U 21083R   26241.49411507  .00000127  00000+0  31273-3 0  9994
2 49201  87.8953 305.6500 0001882 103.3516 256.7823 13.13470220240546
ONEWEB-0336             
1 49202U 21083S   26241.46533560  .00000162  00000+0  40970-3 0  9999
2 49202  87.8947 305.6499 0001772 106.0205 254.1119 13.13471184240539
ONEWEB-0337             
1 49203U 21083T   26241.24681524  .00000496  00000+0  13220-2 0  9997
2 49203  87.8949 305.6996 0001759  97.0767 263.0562 13.13469050240508
ONEWEB-0338             
1 49204U 21083U   26241.44943786  .00000052  00000+0  95354-4 0  9999
2 49204  87.9135 259.8362 0002276  87.9066 272.2328 13.20770557246489
ONEWEB-0339             
1 49205U 21083V   26241.48396361  .00000315  00000+0  82893-3 0  9990
2 49205  87.8951 305.6458 0002091  95.6915 264.4453 13.13472051240515
ONEWEB-0340             
1 49206U 21083W   26241.50610277  .00000066  00000+0  13492-3 0  9991
2 49206  87.9193 320.8906 0001868 103.0051 257.1289 13.18687038239633
ONEWEB-0341             
1 49207U 21083X   26241.20934484 -.00000006  00000+0 -48853-4 0  9994
2 49207  87.9191 320.9494 0001481  93.7055 266.4246 13.18686768239618
ONEWEB-0342             
1 49208U 21083Y   26241.45617932  .00000083  00000+0  17099-3 0  9998
2 49208  87.9136 259.8248 0002063  89.4515 270.6855 13.20771872246452
ONEWEB-0343             
1 49209U 21083Z   26241.21777826  .00000040  00000+0  68058-4 0  9997
2 49209  87.9194 320.9468 0002081  88.5232 271.6139 13.18686488239663
ONEWEB-0344             
1 49210U 21083AA  26241.47886141  .00000390  00000+0  10331-2 0  9995
2 49210  87.8955 305.6595 0001547  94.3763 265.7543 13.13470976240517
ONEWEB-0345             
1 49211U 21083AB  26241.24187330  .00000372  00000+0  98347-3 0  9999
2 49211  87.8955 305.6947 0001678  92.5078 267.6243 13.13469354240496
ONEWEB-0346             
1 49212U 21083AC  26241.21439994  .00000012  00000+0 -33810-5 0  9991
2 49212  87.9209 320.9470 0001834 117.7593 242.3725 13.18686377239604
ONEWEB-0348             
1 49213U 21083AD  26241.44607442  .00000073  00000+0  14855-3 0  9994
2 49213  87.9139 259.8329 0001555  99.5007 260.6302 13.20771325246486
ONEWEB-0350             
1 49214U 21083AE  26241.41299463  .00000301  00000+0  78905-3 0  9992
2 49214  87.8956 305.6639 0003020  99.4933 260.6538 13.13468892240549
ONEWEB-0351             
1 49215U 21083AF  26241.43919089  .00000032  00000+0  46454-4 0  9994
2 49215  87.9137 259.8328 0002037  73.1378 286.9979 13.20773338246443
ONEWEB-0352             
1 49216U 21083AG  26241.46023737  .00000082  00000+0  18936-3 0  9992
2 49216  87.8951 305.6578 0002076  86.1962 273.9405 13.13472294240645
ONEWEB-0354             
1 49217U 21083AH  26241.46626443  .00000131  00000+0  29077-3 0  9999
2 49217  87.9136 259.8256 0001532  95.2200 264.9108 13.20769822246489
ONEWEB-0355             
1 49218U 21083AJ  26241.48987582  .00000233  00000+0  60445-3 0  9993
2 49218  87.8954 305.6524 0001861  92.5044 267.6298 13.13470743240528
ONEWEB-0357             
1 49219U 21083AK  26241.46291079  .00000142  00000+0  31745-3 0  9991
2 49219  87.9139 259.8204 0001866  84.8909 275.2437 13.20773946246489
ONEWEB-0332             
1 49279U 21090A   26241.36833789 -.00000112  00000+0 -33711-3 0  9998
2 49279  87.8909 275.1204 0002170  92.8207 267.3171 13.14432397237199
ONEWEB-0347             
1 49280U 21090B   26241.45279304  .00000049  00000+0  89523-4 0  9997
2 49280  87.9140 259.8297 0002265  90.8690 269.2703 13.20773634240712
ONEWEB-0349             
1 49281U 21090C   26241.48480674  .00000023  00000+0  25817-4 0  9993
2 49281  87.9136 259.8241 0001967  91.8007 268.3352 13.20768533239505
ONEWEB-0353             
1 49282U 21090D   26241.51288573 -.00000184  00000+0 -53054-3 0  9995
2 49282  87.8912 275.0881 0002210  93.7461 266.3921 13.14399783237210
ONEWEB-0356             
1 49283U 21090E   26241.48311440  .00000152  00000+0  34113-3 0  9990
2 49283  87.9133 259.8177 0002369 111.0005 249.1382 13.20771097239501
ONEWEB-0358             
1 49284U 21090F   26241.51929171  .00000095  00000+0  20104-3 0  9992
2 49284  87.9134 259.8187 0001919  95.4771 264.6582 13.20773146240232
ONEWEB-0359             
1 49285U 21090G   26241.43428285 -.00000027  00000+0 -97586-4 0  9990
2 49285  87.9135 259.8275 0001830  96.2637 263.8705 13.20773702240207
ONEWEB-0360             
1 49286U 21090H   26241.42419544 -.00000046  00000+0 -14398-3 0  9998
2 49286  87.9137 259.8359 0001948  89.9543 270.1814 13.20770908239517
ONEWEB-0361             
1 49287U 21090J   26241.48143094  .00000031  00000+0  45322-4 0  9993
2 49287  87.9136 259.8228 0001890  94.3240 265.8110 13.20772255239979
ONEWEB-0362             
1 49288U 21090K   26241.49207756  .00000055  00000+0  10470-3 0  9992
2 49288  87.9140 290.3787 0001951  88.6198 271.5158 13.19724811236584
ONEWEB-0363             
1 49289U 21090L   26241.42081875  .00000010  00000+0 -84202-5 0  9996
2 49289  87.9143 259.8365 0002281 107.0381 253.1002 13.20770382239973
ONEWEB-0364             
1 49290U 21090M   26241.45953255  .00000077  00000+0  15831-3 0  9993
2 49290  87.9137 259.8348 0002004  90.8813 269.2550 13.20772872241112
ONEWEB-0365             
1 49291U 21090N   26241.42573808  .00000126  00000+0  28346-3 0  9993
2 49291  87.9146 290.3854 0001993  94.8896 265.2465 13.19726140236082
ONEWEB-0366             
1 49292U 21090P   26241.12893884 -.00000195  00000+0 -56038-3 0  9997
2 49292  87.8911 275.1661 0001991  94.4985 265.6373 13.14421691237140
ONEWEB-0367             
1 49293U 21090Q   26241.41997948 -.00000072  00000+0 -20835-3 0  9996
2 49293  87.9136 259.8374 0002024  87.4238 272.7127 13.20771277239493
ONEWEB-0368             
1 49294U 21090R   26241.46965197 -.00000035  00000+0 -11786-3 0  9997
2 49294  87.9140 259.8314 0002792 100.4391 259.7057 13.20770723240653
ONEWEB-0369             
1 49295U 21090S   26241.19354882 -.00000035  00000+0 -12038-3 0  9992
2 49295  87.9131 290.4325 0002243 105.7914 254.3467 13.19723973236044
ONEWEB-0370             
1 49296U 21090T   26241.50499903  .00000061  00000+0  11860-3 0  9991
2 49296  87.9134 259.8189 0001755  86.5591 273.5743 13.20770933239547
ONEWEB-0371             
1 49297U 21090U   26241.42889459  .00000018  00000+0  12309-4 0  9994
2 49297  87.9142 290.3842 0002175 100.9114 259.2263 13.19724080236110
ONEWEB-0372             
1 49298U 21090V   26241.49474905  .00000044  00000+0  75292-4 0  9997
2 49298  87.9135 259.8232 0002006  91.6402 268.4961 13.20773311239512
ONEWEB-0373             
1 49299U 21090W   26241.52014718  .00000008  00000+0 -11845-4 0  9999
2 49299  87.9137 259.8176 0001921  93.3596 266.7757 13.20772074240702
ONEWEB-0374             
1 49300U 21090X   26241.34399557 -.00000096  00000+0 -29335-3 0  9999
2 49300  87.8921 275.1162 0002031 111.8511 248.2835 13.14505631237172
ONEWEB-0375             
1 49301U 21090Y   26241.43260529 -.00000001  00000+0 -33378-4 0  9995
2 49301  87.9134 259.8269 0001987 112.6502 247.4842 13.20772073240193
ONEWEB-0376             
1 49302U 21090Z   26241.42731005 -.00000022  00000+0 -87530-4 0  9999
2 49302  87.9136 290.3831 0002068  89.5016 270.6354 13.19726035236112
ONEWEB-0377             
1 49303U 21090AA  26241.49504387  .00000052  00000+0  96922-4 0  9994
2 49303  87.9132 259.8169 0002013 100.9424 259.1936 13.20771428240193
ONEWEB-0378             
1 49304U 21090AB  26241.51523817  .00001965  00000+0  48004-2 0  9997
2 49304  87.9140 259.8164 0001828 105.8896 254.2439 13.20760312239460
ONEWEB-0379             
1 49305U 21090AC  26241.49124100  .00000078  00000+0  17711-3 0  9993
2 49305  87.8912 275.0948 0002003  93.7336 266.4022 13.14540541237191
ONEWEB-0380             
1 49306U 21090AD  26241.19670426  .00000005  00000+0 -20755-4 0  9992
2 49306  87.9146 290.4322 0001810  97.0069 263.1269 13.19724109236054
ONEWEB-0381             
1 49307U 21090AE  26241.49152912  .00000034  00000+0  51785-4 0  9999
2 49307  87.9135 259.8225 0001894  98.9166 261.2181 13.20771758239503
ONEWEB-0382             
1 49308U 21090AF  26241.47806892  .00000167  00000+0  37900-3 0  9990
2 49308  87.9137 259.8192 0002050  99.8449 260.2916 13.20771997239496
ONEWEB-0383             
1 49309U 21090AG  26241.48455257  .00000166  00000+0  41371-3 0  9993
2 49309  87.8921 275.0899 0002078  98.4156 261.7209 13.14581862237224
ONEWEB-0384             
1 49310U 21090AH  26241.46428596  .00000099  00000+0  21083-3 0  9992
2 49310  87.9138 259.8655 0002323 106.0423 254.0966 13.20817609239509
ONEWEB-0385             
1 49311U 21090AJ  26241.47131420  .00000096  00000+0  20400-3 0  9990
2 49311  87.9136 259.8253 0002026  97.0212 263.1152 13.20772349239472
ONEWEB-0386             
1 49312U 21090AK  26241.10938638  .00000048  00000+0  86122-4 0  9998
2 49312  87.9135 259.8914 0002092  96.5066 263.6306 13.20770809239442
ONEWEB-0387             
1 49313U 21090AL  26241.47301022  .00000129  00000+0  28410-3 0  9995
2 49313  87.9139 259.8334 0001758  99.8057 260.3275 13.20771181239495
ONEWEB-0388             
1 49314U 21090AM  26241.19196148  .00000003  00000+0 -24876-4 0  9991
2 49314  87.9135 290.4296 0002084 101.3442 258.7925 13.19725763236044
ONEWEB-0389             
1 50469U 21132A   26241.55306911  .00000117  00000+0  26886-3 0  9999
2 50469  87.9202 351.2918 0002026 106.8296 253.3058 13.17648175227746
ONEWEB-0390             
1 50470U 21132B   26241.32694192  .00000092  00000+0  20468-3 0  9999
2 50470  87.9201 351.3377 0001640  95.4516 264.6802 13.17649974227713
ONEWEB-0391             
1 50471U 21132C   26241.55644486  .00000031  00000+0  46060-4 0  9996
2 50471  87.9202 351.3019 0001321 124.2067 235.9189 13.17649605227749
ONEWEB-0392             
1 50472U 21132D   26241.35900322  .00000133  00000+0  30854-3 0  9995
2 50472  87.9203 351.3144 0001688 111.4564 248.6747 13.17649674227754
ONEWEB-0393             
1 50473U 21132E   26241.33454304  .00000026  00000+0  34420-4 0  9993
2 50473  87.9199 351.3304 0001805 104.6798 255.4534 13.17648907227748
ONEWEB-0394             
1 50474U 21132F   26241.47070238  .00000142  00000+0  32850-3 0  9992
2 50474  87.9199 320.8847 0002067 103.5531 256.5832 13.18685697231258
ONEWEB-0395             
1 50475U 21132G   26241.41209462  .00000500  00000+0  13757-2 0  9992
2 50475  87.8948   6.4990 0001615  94.7764 265.3549 13.11416807225314
ONEWEB-0396             
1 50476U 21132H   26241.23633166  .00000095  00000+0  20796-3 0  9996
2 50476  87.9196 320.9437 0001982 105.6952 254.4399 13.18685426231264
ONEWEB-0397             
1 50477U 21132J   26241.47913321  .00000158  00000+0  36688-3 0  9994
2 50477  87.9199 320.8957 0002138 105.2123 254.9245 13.18685507231270
ONEWEB-0398             
1 50478U 21132K   26241.37972510 -.00000528  00000+0 -15258-2 0  9991
2 50478  87.8958   6.5019 0001514  91.4390 268.6911 13.11417442225201
ONEWEB-0399             
1 50479U 21132L   26241.36617152 -.00000308  00000+0 -90544-3 0  9997
2 50479  87.8944   6.5124 0001781 114.5534 245.5779 13.11415423225198
ONEWEB-0400             
1 50480U 21132M   26241.22958291  .00000039  00000+0  66627-4 0  9991
2 50480  87.9200 320.9358 0001825  96.2341 263.8999 13.18685730231235
ONEWEB-0401             
1 50481U 21132N   26241.50271826  .00000927  00000+0  23191-2 0  9998
2 50481  87.9203 320.8797 0002237  99.9767 260.1618 13.18694610231274
ONEWEB-0402             
1 50482U 21132P   26241.46564521  .00000118  00000+0  26684-3 0  9994
2 50482  87.9200 320.8748 0002446 102.5069 257.6337 13.18687046231292
ONEWEB-0403             
1 50483U 21132Q   26241.49093531  .00000087  00000+0  18789-3 0  9998
2 50483  87.9198 320.8939 0001963 103.6586 256.4765 13.18684775231254
ONEWEB-0404             
1 50484U 21132R   26241.34751508  .00000516  00000+0  14188-2 0  9993
2 50484  87.8949   6.5145 0001617 108.0704 252.0600 13.11415235225284
ONEWEB-0405             
1 50485U 21132S   26241.20091906  .00000161  00000+0  37477-3 0  9991
2 50485  87.9201 320.9386 0001695  88.6366 271.4960 13.18686047231616
ONEWEB-0406             
1 50486U 21132T   26241.49599558  .00000078  00000+0  16581-3 0  9999
2 50486  87.9198 320.8922 0001770 115.5575 244.5740 13.18684289231289
ONEWEB-0407             
1 50487U 21132U   26241.48924992  .00000097  00000+0  21251-3 0  9994
2 50487  87.9203 320.8886 0002117  95.3495 264.7879 13.18686437231226
ONEWEB-0409             
1 50488U 21132V   26241.42211639  .00000488  00000+0  13403-2 0  9999
2 50488  87.8956   6.4910 0001594 106.1188 254.0116 13.11414880225182
ONEWEB-0412             
1 50489U 21132W   26241.24981751  .00000026  00000+0  33790-4 0  9990
2 50489  87.9195 320.9411 0002280 101.7978 258.3410 13.18684835231288
ONEWEB-0413             
1 50490U 21132X   26241.48249671 -.00000070  00000+0 -21156-3 0  9999
2 50490  87.9207 320.8929 0002246  97.4579 262.6809 13.18686826231256
ONEWEB-0414             
1 50491U 21132Y   26241.23969882  .00000034  00000+0  53287-4 0  9995
2 50491  87.9200 320.9263 0002103 103.3377 256.7990 13.18685299231255
ONEWEB-0417             
1 50492U 21132Z   26241.47575771  .00000161  00000+0  37450-3 0  9996
2 50492  87.9197 320.8942 0001815 105.1439 254.9894 13.18686962231264
ONEWEB-0418             
1 50493U 21132AA  26241.25811539  .00000148  00000+0  34305-3 0  9999
2 50493  87.9204 320.9408 0001656 107.2304 252.9009 13.18687057231294
ONEWEB-0419             
1 50494U 21132AB  26241.50540847  .00000085  00000+0  18189-3 0  9991
2 50494  87.9199 320.8935 0001697 100.5482 259.5841 13.18668434231240
ONEWEB-0420             
1 50495U 21132AC  26241.24139286  .00000124  00000+0  28244-3 0  9991
2 50495  87.9191 320.9418 0002074  94.1244 266.0125 13.18686206231205
ONEWEB-0421             
1 50496U 21132AD  26241.23464514  .00000118  00000+0  26587-3 0  9997
2 50496  87.9194 320.9424 0002248 107.1888 252.9491 13.18685456231248
ONEWEB-0424             
1 50497U 21132AE  26241.49936205  .00000045  00000+0  81962-4 0  9995
2 50497  87.9196 320.8911 0001677  94.3284 265.8040 13.18685003231301
ONEWEB-0426             
1 50498U 21132AF  26241.23040355  .00000010  00000+0 -74949-5 0  9991
2 50498  87.9198 320.9361 0001994 121.4540 238.6788 13.18688221231215
ONEWEB-0427             
1 50499U 21132AG  26241.49767772  .00000025  00000+0  29812-4 0  9992
2 50499  87.9200 320.8733 0001873 105.4545 254.6794 13.18684950231271
ONEWEB-0429             
1 50500U 21132AH  26241.48418560  .00000064  00000+0  12875-3 0  9995
2 50500  87.9190 320.8946 0002071  96.8463 263.2904 13.18686589231247
ONEWEB-0430             
1 50501U 21132AJ  26241.47238587  .00000104  00000+0  23011-3 0  9993
2 50501  87.9194 320.8959 0002066  92.6830 267.4539 13.18686750231286
ONEWEB-0432             
1 50502U 21132AK  26241.45538376  .00000097  00000+0  21415-3 0  9998
2 50502  87.9204 320.8888 0001742  86.8429 273.2903 13.18685683231238
ONEWEB-0440             
1 50503U 21132AL  26241.18911069  .00000027  00000+0  36990-4 0  9991
2 50503  87.9194 320.9525 0002288 100.1793 259.9597 13.18686482231199
ONEWEB-0450             
1 50504U 21132AM  26241.48601549  .00000009  00000+0 -92154-5 0  9990
2 50504  87.9190 320.8923 0002026  94.8533 265.2830 13.18685362231262
ONEWEB-0410             
1 51622U 22012A   26241.34382108  .00000059  00000+0  11994-3 0  9997
2 51622  87.9196 351.3279 0001771 141.7843 218.3414 13.17650570223333
ONEWEB-0411             
1 51623U 22012B   26241.39290066  .00000399  00000+0  11079-2 0  9994
2 51623  87.8877  21.6885 0001773  79.8084 280.3244 13.10369243218879
ONEWEB-0415             
1 51624U 22012C   26241.38951117  .00000580  00000+0  16250-2 0  9993
2 51624  87.8873  21.6850 0001406  90.2350 269.8939 13.10374383218878
ONEWEB-0416             
1 51625U 22012D   26241.47773150  .00000025  00000+0  36741-4 0  9996
2 51625  87.8860  21.6808 0001437  89.9825 270.1467 13.10368742218923
ONEWEB-0422             
1 51626U 22012E   26241.35392987  .00000077  00000+0  16392-3 0  9995
2 51626  87.9192 351.3232 0002403  91.5382 268.6025 13.17650036223440
ONEWEB-0423             
1 51627U 22012F   26241.34719735  .00000013  00000+0  15614-5 0  9997
2 51627  87.9198 351.3283 0001872 103.8809 256.2531 13.17648298223333
ONEWEB-0425             
1 51628U 22012G   26241.41154071 -.00000563  00000+0 -16498-2 0  9992
2 51628  87.8873  21.6803 0001435 109.4354 250.6928 13.10370826218918
ONEWEB-0428             
1 51629U 22012H   26241.39120399  .00000506  00000+0  14132-2 0  9994
2 51629  87.8865  21.6889 0001756  96.5263 263.6064 13.10369924218872
ONEWEB-0431             
1 51630U 22012J   26241.43686300 -.00000023  00000+0 -10206-3 0  9995
2 51630  87.8878  21.6753 0001792  76.6678 283.4649 13.10376569218936
ONEWEB-0434             
1 51631U 22012K   26241.41506684 -.00000196  00000+0 -59734-3 0  9990
2 51631  87.8869  21.7058 0001558 120.5058 239.6224 13.10369831218911
ONEWEB-0435             
1 51632U 22012L   26241.42172866 -.00000592  00000+0 -17328-2 0  9995
2 51632  87.8870  21.6867 0002001  90.0101 270.1255 13.10373320218906
ONEWEB-0436             
1 51633U 22012M   26241.33875720  .00000085  00000+0  18653-3 0  9993
2 51633  87.9208 351.3168 0002093  98.6908 261.4461 13.17648904223313
ONEWEB-0438             
1 51634U 22012N   26241.40645635 -.00000196  00000+0 -59770-3 0  9992
2 51634  87.8861  21.6931 0001615 103.2378 256.8930 13.10370533218930
ONEWEB-0439             
1 51635U 22012P   26241.40984231 -.00000410  00000+0 -12114-2 0  9990
2 51635  87.8874  21.6822 0001791 103.7744 256.3583 13.10369515218916
ONEWEB-0442             
1 51636U 22012Q   26241.33116198  .00000057  00000+0  11289-3 0  9990
2 51636  87.9202 351.3455 0001643 117.6365 242.4933 13.17649438223303
ONEWEB-0443             
1 51637U 22012R   26241.35056727  .00000055  00000+0  10747-3 0  9990
2 51637  87.9195 351.3427 0002142 105.6272 254.5096 13.17649713223358
ONEWEB-0444             
1 51638U 22012S   26241.47603367  .00000104  00000+0  26281-3 0  9997
2 51638  87.8869  21.6675 0001897  99.7265 260.4077 13.10370379218934
ONEWEB-0445             
1 51639U 22012T   26241.42002411 -.00000479  00000+0 -14073-2 0  9998
2 51639  87.8882  21.6715 0001575  94.8248 265.3059 13.10372784218931
ONEWEB-0446             
1 51640U 22012U   26241.39797999  .00000195  00000+0  52140-3 0  9999
2 51640  87.8862  21.6980 0001402  91.9895 268.1393 13.10370574218915
ONEWEB-0448             
1 51641U 22012V   26241.40306900 -.00000088  00000+0 -28761-3 0  9995
2 51641  87.8863  21.6925 0001754  98.1292 262.0034 13.10370358218887
ONEWEB-0449             
1 51642U 22012W   26241.40817196  .00002029  00000+0  57716-2 0  9996
2 51642  87.8871  21.6806 0001493 114.6474 245.4809 13.10397995218893
ONEWEB-0451             
1 51643U 22012X   26241.33536490 -.00000783  00000+0 -20489-2 0  9998
2 51643  87.9208 351.3169 0001947 105.2803 254.8544 13.17658294223299
ONEWEB-0452             
1 51644U 22012Y   26241.33368233  .00000027  00000+0  36911-4 0  9995
2 51644  87.9197 351.3459 0002033 110.8811 249.2539 13.17651290223300
ONEWEB-0456             
1 51646U 22012AA  26241.41663493 -.00000535  00000+0 -15692-2 0  9999
2 51646  87.8875  21.6724 0001868  93.9974 266.1367 13.10371950218937
ONEWEB-0457             
1 51647U 22012AB  26241.47081051  .00000293  00000+0  80295-3 0  9991
2 51647  87.8869  21.6724 0001327  97.3419 262.7859 13.10369758218945
ONEWEB-0458             
1 51648U 22012AC  26241.41578262 -.00000556  00000+0 -16278-2 0  9994
2 51648  87.8873  21.6727 0001831 102.1321 258.0011 13.10371251218894
ONEWEB-0461             
1 51649U 22012AD  26241.35563421 -.00000025  00000+0 -98569-4 0  9995
2 51649  87.9200 351.3243 0001709  99.7165 260.4159 13.17648968223522
ONEWEB-0463             
1 51650U 22012AE  26241.33706954  .00000013  00000+0 -38816-7 0  9993
2 51650  87.9200 351.3458 0001682  98.8131 261.3191 13.17649503223303
ONEWEB-0464             
1 51651U 22012AF  26241.41324332 -.00000525  00000+0 -15406-2 0  9993
2 51651  87.8866  21.6919 0002012  99.2948 260.8407 13.10371321218917
ONEWEB-0468             
1 51652U 22012AG  26241.41833161 -.00000692  00000+0 -20192-2 0  9992
2 51652  87.8861  21.6828 0001947  94.9964 265.1386 13.10371867218894
ONEWEB-0473             
1 51653U 22012AH  26241.40475847 -.00000095  00000+0 -30862-3 0  9998
2 51653  87.8859  21.6873 0001812  95.3369 264.7966 13.10370499218896
ONEWEB-0474             
1 51654U 22012AJ  26241.39628705  .00000357  00000+0  98631-3 0  9997
2 51654  87.8872  21.6814 0002046  99.8762 260.2597 13.10370350218889
ONEWEB-0475             
1 51655U 22012AK  26241.34887007  .00000092  00000+0  20316-3 0  9996
2 51655  87.9200 351.3375 0002508 102.4855 257.6557 13.17647568223324
ONEWEB-0490             
1 54113U 22138A   26241.14615047  .00000084  00000+0  17737-3 0  9992
2 54113  87.9144 290.4407 0002146  91.7762 268.3616 13.19726800186453
ONEWEB-0492             
1 54114U 22138B   26241.17143624  .00000064  00000+0  12814-3 0  9992
2 54114  87.9148 290.4341 0002051  88.8217 271.3151 13.19725289186461
ONEWEB-0495             
1 54115U 22138C   26241.37676986  .00000116  00000+0  25626-3 0  9990
2 54115  87.9139 290.3949 0002580  86.7584 273.3844 13.19725193186472
ONEWEB-0497             
1 54116U 22138D   26241.38941056  .00000103  00000+0  22496-3 0  9993
2 54116  87.9149 290.3887 0002072  93.7134 266.4236 13.19726632186466
ONEWEB-0499             
1 54117U 22138E   26241.37281485  .00000115  00000+0  25400-3 0  9997
2 54117  87.9140 290.3969 0002247  93.8843 266.2546 13.19727143186472
ONEWEB-0500             
1 54118U 22138F   26241.37518791  .00000087  00000+0  18612-3 0  9996
2 54118  87.9144 290.3945 0001940  94.1688 265.9666 13.19724092186481
ONEWEB-0501             
1 54119U 22138G   26241.17775216  .00000113  00000+0  25102-3 0  9994
2 54119  87.9142 290.4339 0002389  89.1567 270.9840 13.19724255186432
ONEWEB-0502             
1 54120U 22138H   26241.39098372  .00000102  00000+0  22344-3 0  9994
2 54120  87.9145 290.3821 0002267  94.8763 265.2629 13.19726430186482
ONEWEB-0503             
1 54121U 22138J   26241.37992846  .00000062  00000+0  12339-3 0  9990
2 54121  87.9149 290.3910 0002089 103.0331 257.1035 13.19726009186474
ONEWEB-0504             
1 54122U 22138K   26241.36729222  .00000077  00000+0  15982-3 0  9999
2 54122  87.9146 290.3966 0002267  95.6912 264.4479 13.19725442186486
ONEWEB-0505             
1 54123U 22138L   26241.43996031  .00000091  00000+0  19403-3 0  9990
2 54123  87.9142 290.3818 0002438  91.5486 268.5926 13.19726246186474
ONEWEB-0506             
1 54124U 22138M   26241.41468419  .00000044  00000+0  77977-4 0  9992
2 54124  87.9143 290.3861 0002320  91.6895 268.4503 13.19724578186464
ONEWEB-0507             
1 54125U 22138N   26241.13194479  .00000020  00000+0  16894-4 0  9999
2 54125  87.9140 290.4483 0002164  92.2359 267.9021 13.19725800186470
ONEWEB-0508             
1 54126U 22138P   26241.12877962  .00000026  00000+0  32659-4 0  9997
2 54126  87.9141 290.4485 0002255  89.5432 270.5960 13.19727013186454
ONEWEB-0509             
1 54127U 22138Q   26241.40677632  .00000109  00000+0  24104-3 0  9998
2 54127  87.9143 290.3894 0002056  91.3889 268.7479 13.19724649186463
ONEWEB-0510             
1 54128U 22138R   26241.46458339  .00000084  00000+0  17380-3 0  9996
2 54128  87.9132 259.8224 0001654  99.9643 260.1677 13.20772207188951
ONEWEB-0511             
1 54129U 22138S   26241.17616440  .00000023  00000+0  25245-4 0  9997
2 54129  87.9136 290.4342 0002185 101.8065 258.3313 13.19726879186461
ONEWEB-0512             
1 54130U 22138T   26241.16827497  .00000089  00000+0  18976-3 0  9998
2 54130  87.9140 290.4381 0002329  93.4423 266.6977 13.19727266186431
ONEWEB-0513             
1 54131U 22138U   26241.37120205  .00000102  00000+0  22146-3 0  9995
2 54131  87.9143 290.3315 0002950  97.9042 262.2425 13.20260940186373
ONEWEB-0514             
1 54132U 22138V   26241.41151565 -.00000002  00000+0 -38035-4 0  9990
2 54132  87.9141 290.3881 0001919  98.5774 261.5576 13.19725949186487
ONEWEB-0515             
1 54133U 22138W   26241.45112396  .00000066  00000+0  13141-3 0  9992
2 54133  87.9140 259.8234 0001255  75.5565 284.5708 13.20771009188973
ONEWEB-0516             
1 54134U 22138X   26241.15879208  .00000109  00000+0  23961-3 0  9991
2 54134  87.9138 290.4406 0002023  90.9142 269.2222 13.19725411186455
ONEWEB-0517             
1 54135U 22138Y   26241.44153226 -.00000013  00000+0 -65462-4 0  9998
2 54135  87.9143 290.3805 0002096 103.5180 256.6186 13.19724668186493
ONEWEB-0518             
1 54136U 22138Z   26241.15720732  .00000062  00000+0  12202-3 0  9994
2 54136  87.9137 290.4421 0001938  89.2767 270.8588 13.19726666186457
ONEWEB-0519             
1 54137U 22138AA  26241.40994359  .00000142  00000+0  32202-3 0  9992
2 54137  87.9141 290.3874 0002047 100.7644 259.3719 13.19726112186497
ONEWEB-0520             
1 54138U 22138AB  26241.36887389  .00000036  00000+0  57360-4 0  9997
2 54138  87.9147 290.3971 0002216  91.3041 268.8346 13.19724808186475
ONEWEB-0521             
1 54139U 22138AC  26241.40204676  .00000034  00000+0  53340-4 0  9997
2 54139  87.9148 290.3812 0001991 102.5907 257.5448 13.19724907186429
ONEWEB-0522             
1 54140U 22138AD  26241.38151631  .00000040  00000+0  66804-4 0  9994
2 54140  87.9148 290.3869 0002180  94.9253 265.2129 13.19726072186463
ONEWEB-0523             
1 54141U 22138AE  26241.43766117 -.00000001  00000+0 -34240-4 0  9990
2 54141  87.9139 259.8338 0001287 105.9880 254.1395 13.20772071188973
ONEWEB-0524             
1 54142U 22138AF  26241.50331502  .00000025  00000+0  28733-4 0  9999
2 54142  87.9137 259.8172 0001432  68.4913 291.6373 13.20772367188981
ONEWEB-0525             
1 54143U 22138AG  26241.17300431  .00000066  00000+0  13172-3 0  9995
2 54143  87.9142 290.4346 0002300  88.1461 271.9935 13.19726382186453
ONEWEB-0526             
1 54144U 22138AH  26241.43361427  .00000027  00000+0  36080-4 0  9998
2 54144  87.9142 290.3827 0002006  90.1380 269.9982 13.19726961186466
ONEWEB-0529             
1 54145U 22138AJ  26241.13352251  .00000058  00000+0  11264-3 0  9991
2 54145  87.9140 290.4471 0002172  91.0874 269.0508 13.19725271186449
ONEWEB-0531             
1 54146U 22138AK  26241.48985499  .00000059  00000+0  11343-3 0  9995
2 54146  87.9135 259.8172 0001422  98.4384 261.6910 13.20771726188989
ONEWEB-0535             
1 54147U 22138AL  26241.39414425  .00000141  00000+0  32059-3 0  9991
2 54147  87.9146 290.3855 0001827 102.3456 257.7881 13.19724886186494
ONEWEB-0536             
1 54148U 22138AM  26241.47637647  .00000125  00000+0  27662-3 0  9990
2 54148  87.9137 259.8344 0001025  85.1897 274.9353 13.20771545188971
ONEWEB-0527             
1 54642U 22166A   26241.45076913  .00000131  00000+0  28550-3 0  9995
2 54642  87.9233 229.4092 0002108  85.3763 274.7611 13.21825582181214
ONEWEB-0528             
1 54643U 22166B   26241.45160130  .00000084  00000+0  17163-3 0  9996
2 54643  87.9237 229.4119 0002230  82.5857 277.5530 13.21825458181222
ONEWEB-0539             
1 54644U 22166C   26241.48946292 -.00000044  00000+0 -13908-3 0  9992
2 54644  87.9239 229.3819 0002149  91.2135 268.9245 13.21826175181220
ONEWEB-0540             
1 54645U 22166D   26241.42061265  .00000107  00000+0  22736-3 0  9992
2 54645  87.9234 229.4203 0002022  90.8131 269.3235 13.21828064181206
ONEWEB-0542             
1 54646U 22166E   26241.34816015  .00000017  00000+0  90724-5 0  9999
2 54646  87.9249 229.4091 0002225  94.3823 265.7566 13.21825547181200
ONEWEB-0545             
1 54647U 22166F   26241.46422468  .00000091  00000+0  18953-3 0  9992
2 54647  87.9239 229.3916 0002072 104.2176 255.9188 13.21826600181186
ONEWEB-0580             
1 54648U 22166G   26241.43898052  .00000825  00000+0  19644-2 0  9998
2 54648  87.9240 229.3965 0002024  97.0573 263.0791 13.21835779181222
ONEWEB-0582             
1 54649U 22166H   26241.48104897  .00000102  00000+0  21563-3 0  9993
2 54649  87.9242 229.3821 0002179  98.3885 261.7496 13.21827087181205
ONEWEB-0583             
1 54650U 22166J   26241.49280432 -.00001857  00000+0 -45297-2 0  9995
2 54650  87.9227 229.4015 0002360  90.9587 269.1818 13.21830761181219
ONEWEB-0584             
1 54651U 22166K   26241.43730003  .00000029  00000+0  38301-4 0  9992
2 54651  87.9236 229.3962 0002042  88.8707 271.2661 13.21827468181194
ONEWEB-0585             
1 54652U 22166L   26241.46086369  .00000125  00000+0  26993-3 0  9995
2 54652  87.9240 229.3831 0002073  81.0078 279.1291 13.21827243181204
ONEWEB-0586             
1 54653U 22166M   26241.47430255  .00000388  00000+0  90665-3 0  9992
2 54653  87.9229 229.4034 0001850  86.1475 273.9870 13.21833527181204
ONEWEB-0587             
1 54654U 22166N   26241.40871983  .00000067  00000+0  13044-3 0  9993
2 54654  87.9249 229.3977 0002063  77.8243 282.3122 13.21825756181354
ONEWEB-0589             
1 54655U 22166P   26241.47095719  .00000004  00000+0 -20714-4 0  9991
2 54655  87.9237 229.3880 0002212 110.8404 249.2967 13.21825561181227
ONEWEB-0590             
1 54656U 22166Q   26241.42035177  .00000082  00000+0  16799-3 0  9991
2 54656  87.9237 229.3960 0001524  88.3286 271.8023 13.21825853181205
ONEWEB-0591             
1 54657U 22166R   26241.43226991  .00000134  00000+0  29370-3 0  9996
2 54657  87.9226 229.4028 0001986  93.8165 266.3196 13.21827145181238
ONEWEB-0592             
1 54658U 22166S   26241.43562425 -.00000034  00000+0 -11381-3 0  9996
2 54658  87.9250 229.3851 0002159  88.7556 271.3825 13.21826945181118
ONEWEB-0593             
1 54659U 22166T   26241.38179719  .00000101  00000+0  21188-3 0  9990
2 54659  87.9244 229.4035 0002224  89.3001 270.8388 13.21825312181218
ONEWEB-0594             
1 54660U 22166U   26241.47768021 -.00000073  00000+0 -20829-3 0  9993
2 54660  87.9239 229.3991 0002058  90.2332 269.9038 13.21828471181240
ONEWEB-0595             
1 54661U 22166V   26241.45413446  .00000097  00000+0  20326-3 0  9996
2 54661  87.9245 229.3903 0002039  80.5659 279.5705 13.21825736181210
ONEWEB-0596             
1 54662U 22166W   26241.42890036  .00000027  00000+0  33257-4 0  9999
2 54662  87.9242 229.4018 0002090  86.9674 273.1699 13.21827386181215
ONEWEB-0597             
1 54663U 22166X   26241.48610203 -.00000004  00000+0 -40184-4 0  9996
2 54663  87.9235 229.3930 0002134  91.4221 268.7157 13.21825385181225
ONEWEB-0600             
1 54664U 22166Y   26241.46759207  .00000093  00000+0  19423-3 0  9990
2 54664  87.9241 229.3878 0002309  87.6029 272.5369 13.21825561181191
ONEWEB-0601             
1 54665U 22166Z   26241.45917214  .00000117  00000+0  25223-3 0  9996
2 54665  87.9234 229.4050 0002148  94.4006 265.7374 13.21824644181381
ONEWEB-0602             
1 54666U 22166AA  26241.42469501 -.00000106  00000+0 -28936-3 0  9999
2 54666  87.9236 229.4173 0002423  88.8637 271.2775 13.21827080181220
ONEWEB-0603             
1 54667U 22166AB  26241.43057465  .00000039  00000+0  62566-4 0  9994
2 54667  87.9246 229.3805 0002145  89.5365 270.6015 13.21828045181154
ONEWEB-0604             
1 54668U 22166AC  26241.41881465 -.00000036  00000+0 -11946-3 0  9992
2 54668  87.9240 229.3992 0002132  86.0715 274.0662 13.21826301181118
ONEWEB-0605             
1 54669U 22166AD  26241.48776272  .00000068  00000+0  13300-3 0  9998
2 54669  87.9237 229.3929 0001665 100.9041 259.2280 13.21828162181199
ONEWEB-0606             
1 54670U 22166AE  26241.43394606 -.00000007  00000+0 -47938-4 0  9992
2 54670  87.9239 229.4150 0002140  84.0210 276.1168 13.21825921181248
ONEWEB-0607             
1 54671U 22166AF  26241.47598259  .00000053  00000+0  96708-4 0  9995
2 54671  87.9247 229.3830 0002093  89.2999 270.8375 13.21825224181225
ONEWEB-0608             
1 54672U 22166AG  26241.48273366  .00000042  00000+0  69584-4 0  9996
2 54672  87.9248 229.3807 0002037 101.7363 258.4000 13.21826593181232
ONEWEB-0610             
1 54673U 22166AH  26241.38684924  .00000101  00000+0  21287-3 0  9995
2 54673  87.9237 229.4064 0002326 101.6357 258.5038 13.21825913181125
ONEWEB-0611             
1 54674U 22166AJ  26241.45581294  .00000077  00000+0  15462-3 0  9990
2 54674  87.9244 229.3890 0002107  83.7575 276.3798 13.21826383181122
ONEWEB-0612             
1 54675U 22166AK  26241.46927139  .00000098  00000+0  20599-3 0  9994
2 54675  87.9243 229.3882 0002105  90.5866 269.5509 13.21825876181119
ONEWEB-0615             
1 54676U 22166AL  26241.44907071  .00000083  00000+0  16911-3 0  9993
2 54676  87.9239 229.4012 0002228  80.4756 279.6629 13.21828096181126
ONEWEB-0655             
1 54677U 22166AM  26241.42554483 -.00000025  00000+0 -91116-4 0  9996
2 54677  87.9229 229.4079 0002264  90.0384 270.1010 13.21826211181119
ONEWEB-0659             
1 54678U 22166AN  26241.44236333  .00000068  00000+0  13374-3 0  9994
2 54678  87.9235 229.4022 0002038  85.8736 274.2630 13.21827017181205
ONEWEB-0685             
1 54679U 22166AP  26241.47807417  .00000052  00000+0  92071-4 0  9990
2 54679  87.9234 229.3664 0001695 102.0156 258.1169 13.23187040181106
ONEWEB-0712             
1 54680U 22166AQ  26241.47308054 -.00000006  00000+0 -50364-4 0  9995
2 54680  87.9117 214.2185 0002585  85.3746 274.7680 13.16594970181700
ONEWEB-0714             
1 54681U 22166AR  26241.44740681  .00000098  00000+0  20553-3 0  9994
2 54681  87.9242 229.3915 0002388  85.0346 275.1061 13.21825814181216
ONEWEB-0532             
1 55140U 23004A   26241.08311270  .00000063  00000+0  12787-3 0  9997
2 55140  87.9203 351.3804 0001483 100.9727 259.1571 13.17648964177185
ONEWEB-0533             
1 55141U 23004B   26241.26392341  .00000376  00000+0  10109-2 0  9998
2 55141  87.9002 336.1582 0001885 108.2359 251.8975 13.12445768177645
ONEWEB-0541             
1 55142U 23004C   26241.04571489  .00000330  00000+0  89432-3 0  9993
2 55142  87.8955   6.5688 0001665  95.9342 264.1976 13.11414288175498
ONEWEB-0543             
1 55143U 23004D   26241.23295780  .00000100  00000+0  22213-3 0  9991
2 55143  87.9192 320.9536 0002184  96.0098 264.1283 13.18685576179329
ONEWEB-0544             
1 55144U 23004E   26241.22620931  .00000035  00000+0  55057-4 0  9991
2 55144  87.9193 320.9545 0001975  92.7935 267.3423 13.18686694179324
ONEWEB-0560             
1 55145U 23004F   26241.21946715  .00000059  00000+0  11805-3 0  9990
2 55145  87.9188 320.9452 0002086  93.4483 266.6888 13.18685796179336
ONEWEB-0565             
1 55146U 23004G   26241.21271255 -.00000003  00000+0 -40878-4 0  9995
2 55146  87.9178 320.9678 0001719  91.9998 268.1331 13.18686929179320
ONEWEB-0567             
1 55147U 23004H   26241.20598056  .00000047  00000+0  85607-4 0  9991
2 55147  87.9196 320.9602 0001802  90.5559 269.5780 13.18685344179322
ONEWEB-0569             
1 55148U 23004J   26241.21478724 -.00000217  00000+0 -62989-3 0  9990
2 55148  87.8959 305.6995 0002290  75.0498 285.0884 13.13469647179763
ONEWEB-0570             
1 55149U 23004K   26241.27342658  .00000028  00000+0  39239-4 0  9994
2 55149  87.9192 320.9437 0001557 108.9028 251.2273 13.18685966179323
ONEWEB-0571             
1 55150U 23004L   26241.26667649  .00000074  00000+0  15462-3 0  9997
2 55150  87.9187 320.9446 0001772  60.7376 299.3933 13.18685554179339
ONEWEB-0572             
1 55151U 23004M   26241.34212931  .00000042  00000+0  75999-4 0  9994
2 55151  87.9202 351.3309 0001728  96.9195 263.2133 13.17649956177116
ONEWEB-0573             
1 55152U 23004N   26241.18406382  .00000086  00000+0  18479-3 0  9999
2 55152  87.9191 320.9634 0001577  74.1704 285.9601 13.18686098179317
ONEWEB-0588             
1 55153U 23004P   26241.48081560  .00000037  00000+0  60760-4 0  9997
2 55153  87.9190 320.9033 0001496 102.5836 257.5463 13.18685285179354
ONEWEB-0598             
1 55154U 23004Q   26241.32888008  .00000378  00000+0  10301-2 0  9995
2 55154  87.8961   6.5188 0001788  73.0957 287.0366 13.11417748175488
ONEWEB-0599             
1 55155U 23004R   26241.30331896  .00000123  00000+0  28447-3 0  9991
2 55155  87.9204 351.3370 0002031  95.7067 264.4296 13.17649863177113
ONEWEB-0614             
1 55156U 23004S   26241.40006095 -.00000049  00000+0 -17480-3 0  9997
2 55156  87.8947   6.5105 0001548 111.3531 248.7762 13.11421898175431
ONEWEB-0616             
1 55157U 23004T   26241.34550338 -.00000007  00000+0 -52112-4 0  9991
2 55157  87.9202 351.3334 0002726  93.2721 266.8722 13.17649112177335
ONEWEB-0617             
1 55158U 23004U   26241.31190830 -.00000301  00000+0 -88571-3 0  9990
2 55158  87.8954   6.5242 0001436 107.6438 252.4847 13.11418233175449
ONEWEB-0618             
1 55159U 23004V   26241.25233380  .00005395  00000+0  29675-3 0  9998
2 55159  86.9116 147.9702 0013777  33.1139 327.0960 15.13776233193315
ONEWEB-0619             
1 55160U 23004W   26241.30162973  .00000156  00000+0  36909-3 0  9993
2 55160  87.9211 351.3288 0002074 110.7894 249.3460 13.17649413177226
ONEWEB-0620             
1 55161U 23004X   26241.30681824 -.00000541  00000+0 -15609-2 0  9998
2 55161  87.8938   6.5285 0001561  90.8531 269.2776 13.11417020175415
ONEWEB-0621             
1 55162U 23004Y   26241.41025286  .00000429  00000+0  11733-2 0  9992
2 55162  87.8959   6.5035 0001724 105.7572 254.3746 13.11418385175400
ONEWEB-0622             
1 55163U 23004Z   26241.41534102  .00000496  00000+0  13647-2 0  9995
2 55163  87.8954   6.5058 0000968 116.1555 243.9673 13.11415837175397
ONEWEB-0623             
1 55164U 23004AA  26241.29654683  .00000096  00000+0  21440-3 0  9996
2 55164  87.9202 351.3518 0001736 126.5857 233.5434 13.17650493177219
ONEWEB-0624             
1 55165U 23004AB  26241.50790841 -.00000073  00000+0 -23739-3 0  9998
2 55165  87.9002 336.0129 0001762 103.8000 256.3325 13.12929317177696
ONEWEB-0625             
1 55166U 23004AC  26241.28643663  .00000080  00000+0  17308-3 0  9994
2 55166  87.9202 351.3511 0002008  99.1943 260.9416 13.17649976177205
ONEWEB-0626             
1 55167U 23004AD  26241.35224275  .00000054  00000+0  10642-3 0  9992
2 55167  87.9201 351.3369 0001851  90.1220 270.0123 13.17647988177219
ONEWEB-0627             
1 55168U 23004AE  26241.34044689  .00000037  00000+0  62454-4 0  9991
2 55168  87.9201 351.3403 0001719 114.7638 245.3672 13.17648660177210
ONEWEB-0628             
1 55169U 23004AF  26241.28776245 -.00000319  00000+0 -92142-3 0  9996
2 55169  87.9005 336.1386 0001879 119.8970 240.2345 13.12444439177625
ONEWEB-0629             
1 55170U 23004AG  26241.31595997  .00000046  00000+0  84465-4 0  9990
2 55170  87.9201 351.3402 0002075 106.7106 253.4253 13.17649092177214
ONEWEB-0631             
1 55171U 23004AH  26241.47407338  .00000045  00000+0  82385-4 0  9997
2 55171  87.9201 320.8780 0001473  92.4262 267.7039 13.18685506179336
ONEWEB-0709             
1 55172U 23004AJ  26241.37293361 -.00000477  00000+0 -13826-2 0  9999
2 55172  87.8944   6.5183 0001768  68.8771 291.2546 13.11414930175463
ONEWEB-0710             
1 55173U 23004AK  26241.55813012  .00000049  00000+0  92027-4 0  9996
2 55173  87.9208 351.2892 0001631 100.5584 259.5731 13.17648756177242
ONEWEB-0711             
1 55174U 23004AL  26241.42042017  .00000597  00000+0  16488-2 0  9995
2 55174  87.8951   6.4984 0001432 121.7281 238.3986 13.11414730175439
ONEWEB-0713             
1 55175U 23004AM  26241.36276181 -.00000084  00000+0 -27395-3 0  9993
2 55175  87.8953   6.5126 0001531 109.0528 251.0766 13.11414319175413
ONEWEB-0715             
1 55176U 23004AN  26241.35768388  .00000076  00000+0  17911-3 0  9990
2 55176  87.8951   6.5131 0001448  75.8109 284.3180 13.11413638175456
ONEWEB-0716             
1 55177U 23004AP  26241.32357265  .00000048  00000+0  89843-4 0  9999
2 55177  87.9202 351.3373 0002052  98.0200 262.1164 13.17648899177214
ONEWEB-0717             
1 55178U 23004AQ  26241.30669235  .00000134  00000+0  31082-3 0  9998
2 55178  87.9211 351.3352 0001338 110.7158 249.4117 13.17649750177260
ONEWEB-0719             
1 55179U 23004AR  26241.54462451  .00000065  00000+0  13420-3 0  9995
2 55179  87.9215 351.2683 0002018 102.0162 258.1196 13.17649869177249
ONEWEB-0530             
1 55796U 23029A   26241.42250671 -.00000014  00000+0 -67215-4 0  9991
2 55796  87.9128 259.8582 0001920 108.8794 251.2547 13.20772206170810
ONEWEB-0534             
1 55797U 23029B   26241.48648611  .00000078  00000+0  16055-3 0  9996
2 55797  87.9126 259.8464 0002086  90.5539 269.5833 13.20771800170826
ONEWEB-0556             
1 55798U 23029C   26241.49321752  .00000085  00000+0  17763-3 0  9997
2 55798  87.9125 259.8429 0002690 104.4938 255.6494 13.20771053170825
ONEWEB-0562             
1 55799U 23029D   26241.47974625  .00000134  00000+0  29747-3 0  9999
2 55799  87.9136 259.8307 0002183 114.7562 245.3799 13.20771046170823
ONEWEB-0563             
1 55800U 23029E   26241.47469079  .00000183  00000+0  41743-3 0  9998
2 55800  87.9125 259.8584 0002191  88.0218 272.1167 13.20772707170812
ONEWEB-0564             
1 55801U 23029F   26241.46796441  .00000128  00000+0  28180-3 0  9993
2 55801  87.9135 259.8354 0001987 102.2578 257.8778 13.20770807170827
ONEWEB-0638             
1 55802U 23029G   26241.46587091  .00000170  00000+0  42259-3 0  9993
2 55802  87.8902 275.1365 0002314 105.7549 254.3836 13.14542175169028
ONEWEB-0639             
1 55803U 23029H   26241.19513264 -.00000102  00000+0 -28648-3 0  9998
2 55803  87.9161 290.4396 0002951  78.2812 281.8651 13.19724567168532
ONEWEB-0640             
1 55804U 23029J   26241.47456818  .00000299  00000+0  76974-3 0  9991
2 55804  87.8901 275.1248 0002519 105.1741 254.9667 13.14652460169043
ONEWEB-0641             
1 55805U 23029K   26241.19038681  .00000020  00000+0  18538-4 0  9990
2 55805  87.9141 290.4312 0002141  94.7942 265.3435 13.19724780168543
ONEWEB-0642             
1 55806U 23029L   26241.41309949  .00000065  00000+0  12946-3 0  9999
2 55806  87.9142 290.3940 0002380  75.5427 284.5970 13.19724914168569
ONEWEB-0643             
1 55807U 23029M   26241.52161527 -.00000052  00000+0 -17411-3 0  9990
2 55807  87.8901 275.1043 0002077  74.9923 285.1437 13.14508842169026
ONEWEB-0644             
1 55808U 23029N   26241.18090554  .00000120  00000+0  26703-3 0  9992
2 55808  87.9134 290.4403 0002123  85.4749 274.6627 13.19723828168538
ONEWEB-0645             
1 55809U 23029P   26241.43046943  .00000009  00000+0 -88372-5 0  9993
2 55809  87.9136 290.3878 0002424  90.9214 269.2196 13.19724370168565
ONEWEB-0646             
1 55810U 23029Q   26241.14458110  .00000059  00000+0  11404-3 0  9990
2 55810  87.9139 290.4459 0002068  87.4150 272.7220 13.19726265168517
ONEWEB-0648             
1 55811U 23029R   26241.48958142  .00000122  00000+0  29547-3 0  9996
2 55811  87.8916 275.0913 0002728  83.1926 276.9514 13.14552287169026
ONEWEB-0649             
1 55812U 23029S   26241.39730814  .00000058  00000+0  11231-3 0  9990
2 55812  87.9137 290.3932 0002258  91.3793 268.7598 13.19725455168580
ONEWEB-0650             
1 55813U 23029T   26241.39256273  .00000073  00000+0  14992-3 0  9997
2 55813  87.9139 290.3966 0002306  80.7431 279.3962 13.19726472168555
ONEWEB-0652             
1 55814U 23029U   26241.47086911  .00000251  00000+0  64169-3 0  9996
2 55814  87.8913 275.1009 0001863  97.1996 262.9346 13.14512733168999
ONEWEB-0653             
1 55815U 23029V   26241.45548295  .00000142  00000+0  34749-3 0  9993
2 55815  87.8908 275.1028 0002025  95.9717 264.1644 13.14443380169024
ONEWEB-0654             
1 55816U 23029W   26241.14599526  .00000024  00000+0  29064-4 0  9997
2 55816  87.8909 275.1607 0001834 104.7186 255.4147 13.14480284169008
ONEWEB-0656             
1 55817U 23029X   26241.46122109  .00000085  00000+0  17776-3 0  9995
2 55817  87.9133 259.8179 0001753 101.0662 259.0668 13.20772825170823
ONEWEB-0657             
1 55818U 23029Y   26241.16037497 -.00000020  00000+0 -82288-4 0  9990
2 55818  87.9137 290.4415 0001286 108.0283 252.0990 13.19724528168530
ONEWEB-0658             
1 55819U 23029Z   26241.38308814  .00000127  00000+0  28473-3 0  9990
2 55819  87.9149 290.3793 0002140  84.5848 275.5529 13.19725197168572
ONEWEB-0660             
1 55820U 23029AA  26241.12394993 -.00000239  00000+0 -67910-3 0  9992
2 55820  87.8920 275.1637 0002297  93.7552 266.3841 13.14452782168987
ONEWEB-0661             
1 55821U 23029AB  26241.46254503  .00000229  00000+0  58372-3 0  9991
2 55821  87.8902 275.1287 0002227  97.9982 262.1400 13.14562658169019
ONEWEB-0662             
1 55822U 23029AC  26241.34565900  .00000465  00000+0  12184-2 0  9997
2 55822  87.8906 275.1587 0002396  93.2428 266.8976 13.14502077169049
ONEWEB-0663             
1 55823U 23029AD  26241.48936787  .00000051  00000+0  92503-4 0  9994
2 55823  87.9138 259.8832 0002388  85.3862 274.7544 13.20873802170826
ONEWEB-0664             
1 55824U 23029AE  26241.06897472  .00000032  00000+0  47574-4 0  9993
2 55824  87.9129 259.9417 0002417 100.4301 259.7105 13.20770459170760
ONEWEB-0665             
1 55825U 23029AF  26241.38371909  .00000167  00000+0  41583-3 0  9993
2 55825  87.8915 275.1263 0002229  91.3323 268.8062 13.14496281169026
ONEWEB-0666             
1 55826U 23029AG  26241.44103113 -.00000016  00000+0 -72449-4 0  9992
2 55826  87.9127 259.8566 0001272  89.6230 270.5049 13.20771850170822
ONEWEB-0667             
1 55827U 23029AH  26241.43598409 -.00000004  00000+0 -42610-4 0  9992
2 55827  87.9140 259.8265 0002188  91.5972 268.5412 13.20771261170812
ONEWEB-0669             
1 55828U 23029AJ  26241.50668831  .00000298  00000+0  70115-3 0  9991
2 55828  87.9134 259.8196 0002041 109.9525 250.1828 13.20770574170820
ONEWEB-0670             
1 55829U 23029AK  26241.36230617  .00000000  00000+0 -34935-4 0  9996
2 55829  87.8901 275.1469 0002294 100.2822 259.8566 13.14389058169043
ONEWEB-0671             
1 55830U 23029AL  26241.15088832  .00000082  00000+0  17172-3 0  9997
2 55830  87.9137 290.4442 0002173  93.4027 266.7354 13.19727065168527
ONEWEB-0672             
1 55831U 23029AM  26241.42585985 -.00000834  00000+0 -20834-2 0  9994
2 55831  87.9139 259.8292 0001808  95.2018 264.9322 13.20778468170811
ONEWEB-0673             
1 55832U 23029AN  26241.20380491  .00000000  00000+0 -32886-4 0  9992
2 55832  87.9143 290.4301 0002120  96.6029 263.5345 13.19724367168537
ONEWEB-0674             
1 55833U 23029AP  26241.48124436  .00000193  00000+0  48489-3 0  9995
2 55833  87.8911 275.1022 0002247 102.4441 257.6940 13.14605471169045
ONEWEB-0675             
1 55834U 23029AQ  26241.37045411  .00000100  00000+0  21777-3 0  9998
2 55834  87.9139 290.4027 0001778  91.1959 268.9377 13.19725338168576
ONEWEB-0720             
1 55835U 23029AR  26241.13510508 -.00000012  00000+0 -63102-4 0  9990
2 55835  87.9133 290.4487 0002246  91.2180 268.9210 13.19724738168466
ONEWEB-0537             
1 56046U 23043A   26241.45564986  .00000095  00000+0  21373-3 0  9997
2 56046  87.9114 214.2184 0001895  84.1642 275.9705 13.16595939168600
ONEWEB-0538             
1 56047U 23043B   26241.44932036  .00000084  00000+0  18663-3 0  9998
2 56047  87.9116 214.2225 0002030  76.8558 283.2799 13.16593082168618
ONEWEB-0546             
1 56048U 23043C   26241.43667299  .00000027  00000+0  36308-4 0  9998
2 56048  87.9113 214.2247 0001409  89.0294 271.0999 13.16594437168603
ONEWEB-0547             
1 56049U 23043D   26241.44656566  .00000107  00000+0  22643-3 0  9990
2 56049  87.9240 229.3909 0002195  82.0541 278.0842 13.21826272167905
ONEWEB-0548             
1 56050U 23043E   26241.46119875  .00000153  00000+0  36765-3 0  9992
2 56050  87.9114 214.2149 0002361  92.1668 267.9734 13.16595602168602
ONEWEB-0549             
1 56051U 23043F   26241.44067730  .00000084  00000+0  17129-3 0  9999
2 56051  87.9232 229.3945 0002034  75.2945 284.8414 13.21826388167901
ONEWEB-0550             
1 56052U 23043G   26241.42722419  .00000011  00000+0 -39429-5 0  9990
2 56052  87.9240 229.3964 0002277  90.3807 269.7587 13.21825549167907
ONEWEB-0551             
1 56053U 23043H   26241.47450490  .00000177  00000+0  43568-3 0  9992
2 56053  87.8955 244.6129 0002055  80.2813 279.8550 13.15550094166030
ONEWEB-0552             
1 56054U 23043J   26241.42217602 -.00000033  00000+0 -11177-3 0  9998
2 56054  87.9235 229.4007 0002311  84.7377 275.4021 13.21825577167908
ONEWEB-0553             
1 56055U 23043K   26241.36697978  .00000028  00000+0  40726-4 0  9995
2 56055  87.9105 214.2399 0001697  95.5923 264.5402 13.16595806168607
ONEWEB-0554             
1 56056U 23043L   26241.43031492 -.00000017  00000+0 -78823-4 0  9996
2 56056  87.9112 214.2341 0002328  96.2512 263.8884 13.16592710168592
ONEWEB-0555             
1 56057U 23043M   26241.46831685  .00000043  00000+0  77648-4 0  9993
2 56057  87.9119 214.2157 0001581  90.2323 269.8990 13.16593370168608
ONEWEB-0557             
1 56058U 23043N   26241.40658125 -.00000030  00000+0 -11331-3 0  9998
2 56058  87.9117 214.2386 0002159 118.3469 241.7880 13.16594202168596
ONEWEB-0558             
1 56059U 23043P   26241.49113654  .00000025  00000+0  29412-4 0  9993
2 56059  87.9236 229.3839 0001883  79.1353 280.9992 13.21825174167924
ONEWEB-0559             
1 56060U 23043Q   26241.47937256  .00000012  00000+0 -15681-5 0  9996
2 56060  87.9243 229.3828 0002201  81.6266 278.5118 13.21825872167937
ONEWEB-0566             
1 56061U 23043R   26241.47264255  .00000010  00000+0 -74060-5 0  9993
2 56061  87.9243 229.3824 0002239  79.2795 280.8591 13.21826170167916
ONEWEB-0568             
1 56062U 23043S   26241.42399723 -.00000079  00000+0 -24013-3 0  9995
2 56062  87.9116 214.2235 0001862  85.4920 274.6424 13.16594457168613
ONEWEB-0574             
1 56063U 23043T   26241.46591110  .00000048  00000+0  85441-4 0  9991
2 56063  87.9243 229.3884 0002119  92.7675 267.3701 13.21825406167956
ONEWEB-0575             
1 56064U 23043U   26241.49366556 -.00000036  00000+0 -12740-3 0  9999
2 56064  87.9118 214.2057 0002044  95.3848 264.7516 13.16593851168610
ONEWEB-0576             
1 56065U 23043V   26241.47466895 -.00000035  00000+0 -12479-3 0  9993
2 56065  87.9118 214.2195 0002030  89.5249 270.6114 13.16594282168607
ONEWEB-0577             
1 56066U 23043W   26241.40500661 -.00000124  00000+0 -35735-3 0  9996
2 56066  87.9119 214.2310 0002327 103.4979 256.6411 13.16593998168622
ONEWEB-0578             
1 56067U 23043X   26241.45244947  .00000080  00000+0  16203-3 0  9992
2 56067  87.9242 229.3873 0001782  89.8455 270.2883 13.21825382167918
ONEWEB-0579             
1 56068U 23043Y   26241.44402542  .00000060  00000+0  11466-3 0  9993
2 56068  87.9246 229.3894 0002353  83.7256 276.4146 13.21824058167923
ONEWEB-0581             
1 56069U 23043Z   26241.41133806  .00000038  00000+0  65752-4 0  9998
2 56069  87.9111 214.2360 0002284  99.9229 260.2160 13.16593998168599
ONEWEB-0609             
1 56070U 23043AA  26241.42458127 -.00000114  00000+0 -33725-3 0  9998
2 56070  87.8956 244.6067 0002008  87.8190 272.3170 13.15550584166063
ONEWEB-0613             
1 56071U 23043AB  26241.04191710 -.00000110  00000+0 -32609-3 0  9995
2 56071  87.8957 244.6960 0002229  83.5529 276.5855 13.15549864166011
ONEWEB-0630             
1 56072U 23043AC  26241.41746633 -.00000076  00000+0 -23660-3 0  9995
2 56072  87.8963 244.5970 0002205  85.3048 274.8334 13.15548333166056
ONEWEB-0632             
1 56073U 23043AD  26241.48877177  .00000005  00000+0 -21305-4 0  9997
2 56073  87.8958 244.5975 0002122  93.8835 266.2538 13.15549148166069
ONEWEB-0633             
1 56074U 23043AE  26241.48242056  .00000068  00000+0  14558-3 0  9999
2 56074  87.8966 244.5801 0002187  78.4649 281.6727 13.15548109166045
ONEWEB-0634             
1 56075U 23043AF  26241.46815904  .00000220  00000+0  54934-3 0  9998
2 56075  87.8959 244.6177 0001713  86.7055 273.4271 13.15549585166033
ONEWEB-0635             
1 56076U 23043AG  26241.46340219  .00000197  00000+0  49002-3 0  9994
2 56076  87.8965 244.5872 0002119  96.4413 263.6958 13.15550171166068
ONEWEB-0636             
1 56077U 23043AH  26241.45548147  .00000162  00000+0  39572-3 0  9997
2 56077  87.8963 244.5930 0002066  94.1219 266.0147 13.15550068166042
ONEWEB-0637             
1 56078U 23043AJ  26241.44914361  .00000082  00000+0  18270-3 0  9995
2 56078  87.8950 244.6064 0001801  96.8630 263.2706 13.15547591166069
ONEWEB-0647             
1 56079U 23043AK  26241.44440172  .00000092  00000+0  20991-3 0  9994
2 56079  87.8954 244.6197 0002163  92.8917 267.2461 13.15549689166058
ONEWEB-0651             
1 56080U 23043AL  26241.51568882  .00000082  00000+0  18467-3 0  9997
2 56080  87.8956 244.5981 0002014  96.5197 263.6163 13.15550452167261
ONEWEB-0718             
1 56081U 23043AM  26241.43489100 -.00000804  00000+0 -21686-2 0  9994
2 56081  87.8966 244.5986 0001784  82.1111 278.0222 13.15551500166066
ONEWEB-0561             
1 56710U 23068A   26241.45447922 -.00000013  00000+0 -64429-4 0  9994
2 56710  87.9134 259.8319 0002433  95.4572 264.6839 13.20773056159179
ONEWEB-0668             
1 56711U 23068B   26241.46199351  .00000086  00000+0  19202-3 0  9992
2 56711  87.9117 214.2183 0001542  82.7812 277.3494 13.16592123161429
ONEWEB-0676             
1 56712U 23068C   26241.39392911 -.00000024  00000+0 -96418-4 0  9991
2 56712  87.9135 214.2358 0002284  84.5591 275.5801 13.16594733161333
ONEWEB-0677             
1 56713U 23068D   26241.44270725  .00000044  00000+0  76436-4 0  9994
2 56713  87.9141 259.8262 0001895 103.9031 256.2313 13.20771315159476
ONEWEB-0678             
1 56714U 23068E   26241.47924508  .00000094  00000+0  21506-3 0  9995
2 56714  87.8966 244.5853 0002314  87.2304 272.9091 13.15550121158923
ONEWEB-0679             
1 56715U 23068F   26241.42873860 -.00000015  00000+0 -73145-4 0  9997
2 56715  87.9111 214.2226 0001727  96.3472 263.7856 13.16593189161360
ONEWEB-0680             
1 56716U 23068G   26241.44572465  .00000048  00000+0  84571-4 0  9996
2 56716  87.9248 229.3901 0001553  92.1072 268.0240 13.21825392160775
ONEWEB-0681             
1 56717U 23068H   26241.05701749 -.00000001  00000+0 -34537-4 0  9991
2 56717  87.9244 229.4714 0002599 106.4796 253.6623 13.21299746160715
ONEWEB-0682             
1 56718U 23068J   26240.97060298 -.00002556  00000+0 -68256-2 0  9999
2 56718  87.8953 244.6867 0001716  83.5429 276.5897 13.15559190159022
ONEWEB-0683             
1 56719U 23068K   26240.46197944  .00000223  00000+0  55751-3 0  9997
2 56719  87.8965 244.7893 0001789  89.2140 270.9195 13.15547382158926
ONEWEB-0684             
1 56720U 23068L   26240.77415388  .00000100  00000+0  23116-3 0  9992
2 56720  87.8961 244.7150 0002976  68.3732 291.7715 13.15547335158796
ONEWEB-0686             
1 56721U 23068M   26240.85717513  .00000015  00000+0  60589-5 0  9999
2 56721  87.9104 214.3527 0001968  74.6233 285.5115 13.16593458161274
ONEWEB-0694             
1 56722U 23068N   26241.16751336 -.00000027  00000+0 -10428-3 0  9996
2 56722  87.9119 214.2686 0001603  83.6636 276.4678 13.16592907161371
ONEWEB-0696             
1 56723U 23068P   26241.03559448 -.00000085  00000+0 -25859-3 0  9991
2 56723  87.8956 244.6958 0002487  86.8461 273.2954 13.15548565158942
ONEWEB-0703             
1 56724U 23068Q   26240.96902570 -.00000136  00000+0 -39431-3 0  9999
2 56724  87.8964 244.6908 0002922  92.0905 268.0560 13.15550002158824
ONEWEB-0721             
1 56725U 23068R   26240.99954415 -.00000009  00000+0 -57339-4 0  9995
2 56725  86.6712  62.2528 0001696  89.3126 270.8201 13.22473043167567
ONEWEB-0015             
1 61594U 24188A   26240.63881868  .00000366  00000+0  99600-3 0  9991
2 61594  87.8945   6.6777 0001845 116.0703 244.0615 13.11418054 93953
ONEWEB-0687             
1 61595U 24188B   26240.74982753  .00000012  00000+0 -13559-5 0  9999
2 61595  87.9199 351.4555 0001437 111.4067 248.7218 13.17649570 95452
ONEWEB-0688             
1 61596U 24188C   26241.23412262  .00000013  00000+0  13356-5 0  9993
2 61596  87.9200 351.3605 0002241 134.9859 225.1455 13.17649379 95510
ONEWEB-0689             
1 61597U 24188D   26240.74901527 -.00000167  00000+0 -50739-3 0  9992
2 61597  87.8954   6.6220 0001502  97.0588 263.0711 13.11414548 93961
ONEWEB-0690             
1 61598U 24188E   26241.29326222 -.00000432  00000+0 -12548-2 0  9997
2 61598  87.8952   6.5245 0002413  97.0965 263.0437 13.11416225 94215
ONEWEB-0691             
1 61599U 24188F   26241.28816288 -.00000207  00000+0 -62034-3 0  9999
2 61599  87.8964   6.4409 0001652 110.1087 250.0219 13.11413687 94062
ONEWEB-0692             
1 61600U 24188G   26240.77444132 -.00000365  00000+0 -10663-2 0  9995
2 61600  87.8944   6.6427 0001662  72.5210 287.6099 13.11418016 93988
ONEWEB-0693             
1 61601U 24188H   26241.24594786  .00000021  00000+0  21303-4 0  9992
2 61601  87.9190 351.3739 0002648 101.3365 258.8065 13.17649852 95509
ONEWEB-0695             
1 61602U 24188J   26241.05589978 -.00000094  00000+0 -30090-3 0  9993
2 61602  87.8943   6.5782 0001395  85.1677 274.9611 13.11414952 94011
ONEWEB-0697             
1 61603U 24188K   26241.08811402 -.00000109  00000+0 -34378-3 0  9997
2 61603  87.8949   6.5638 0001758  73.9678 286.1644 13.11418321 94001
ONEWEB-0698             
1 61604U 24188L   26240.76087955 -.00000517  00000+0 -14960-2 0  9997
2 61604  87.8948   6.6417 0002592  77.3893 282.7525 13.11416210 93982
ONEWEB-0699             
1 61605U 24188M   26240.83123124  .00000511  00000+0  14272-2 0  9993
2 61605  87.8856  21.7938 0001938  76.8753 283.2591 13.10382275 92822
ONEWEB-0700             
1 61606U 24188N   26241.13835936  .00000375  00000+0  10371-2 0  9993
2 61606  87.8890  21.6545 0001790  77.2670 282.8658 13.10377001 92856
ONEWEB-0701             
1 61607U 24188P   26240.77357866  .00000635  00000+0  17827-2 0  9996
2 61607  87.8876  21.8076 0001874  72.8992 287.2341 13.10373530 92810
ONEWEB-0702             
1 61608U 24188Q   26240.80666594  .00000588  00000+0  16229-2 0  9994
2 61608  87.8936   6.5511 0001548  61.2653 298.8631 13.11417548 94008
ONEWEB-0704             
1 61609U 24188R   26241.14346499  .00000478  00000+0  13334-2 0  9994
2 61609  87.8879  21.7253 0001464  59.4222 300.7050 13.10374198 92845
ONEWEB-0705             
1 61610U 24188S   26241.14855408  .00000566  00000+0  15863-2 0  9998
2 61610  87.8879  21.7300 0000818  78.8810 281.2409 13.10372761 85016
ONEWEB-0706             
1 61611U 24188T   26240.82784551  .00000127  00000+0  32723-3 0  9991
2 61611  87.8877  21.7958 0001395  77.4330 282.6954 13.10375688 92892
ONEWEB-0707             
1 61612U 24188U   26240.83464223  .00000456  00000+0  12699-2 0  9998
2 61612  87.8879  21.7913 0001421  77.9284 282.2003 13.10375597 92833
ONEWEB-0708             
1 61613U 24188V   26241.15873577  .00000602  00000+0  16887-2 0  9997
2 61613  87.8867  21.7396 0001278 109.6994 250.4271 13.10371195 92853
